# Procedurally generated by dev-env-utils/scripts/gen_miovision_obj.py
# Miovision SmartView 360 camera
mtllib alpr_camera_solar.mtl
o miovision360
v 0.300000 -0.099975 0.931863
v 0.300000 -0.099975 0.871863
v 0.700000 -0.099975 0.871863
v 0.300000 -0.099975 0.931863
v 0.700000 -0.099975 0.871863
v 0.700000 -0.099975 0.931863
v 0.300000 0.920025 0.871863
v 0.300000 0.920025 0.931863
v 0.700000 0.920025 0.931863
v 0.300000 0.920025 0.871863
v 0.700000 0.920025 0.931863
v 0.700000 0.920025 0.871863
v 0.300000 -0.099975 0.871863
v 0.300000 0.920025 0.871863
v 0.700000 0.920025 0.871863
v 0.300000 -0.099975 0.871863
v 0.700000 0.920025 0.871863
v 0.700000 -0.099975 0.871863
v 0.700000 -0.099975 0.931863
v 0.700000 0.920025 0.931863
v 0.300000 0.920025 0.931863
v 0.700000 -0.099975 0.931863
v 0.300000 0.920025 0.931863
v 0.300000 -0.099975 0.931863
v 0.700000 -0.099975 0.871863
v 0.700000 0.920025 0.871863
v 0.700000 0.920025 0.931863
v 0.700000 -0.099975 0.871863
v 0.700000 0.920025 0.931863
v 0.700000 -0.099975 0.931863
v 0.300000 -0.099975 0.931863
v 0.300000 0.920025 0.931863
v 0.300000 0.920025 0.871863
v 0.300000 -0.099975 0.931863
v 0.300000 0.920025 0.871863
v 0.300000 -0.099975 0.871863
v 0.553126 0.196433 0.616841
v 0.597794 0.171154 0.536121
v 0.588971 0.214427 0.527768
v 0.553126 0.196433 0.616841
v 0.588971 0.214427 0.527768
v 0.549082 0.218974 0.612337
v 0.549082 0.218974 0.612337
v 0.588971 0.214427 0.527768
v 0.563844 0.252256 0.525275
v 0.549082 0.218974 0.612337
v 0.563844 0.252256 0.525275
v 0.537566 0.238607 0.610622
v 0.537566 0.238607 0.610622
v 0.563844 0.252256 0.525275
v 0.526240 0.278882 0.529021
v 0.537566 0.238607 0.610622
v 0.526240 0.278882 0.529021
v 0.520330 0.252345 0.611957
v 0.520330 0.252345 0.611957
v 0.526240 0.278882 0.529021
v 0.481883 0.290251 0.538435
v 0.520330 0.252345 0.611957
v 0.481883 0.290251 0.538435
v 0.500000 0.258094 0.616138
v 0.500000 0.258094 0.616138
v 0.481883 0.290251 0.538435
v 0.437525 0.284633 0.552085
v 0.500000 0.258094 0.616138
v 0.437525 0.284633 0.552085
v 0.479670 0.254980 0.622528
v 0.479670 0.254980 0.622528
v 0.437525 0.284633 0.552085
v 0.399921 0.262882 0.567893
v 0.479670 0.254980 0.622528
v 0.399921 0.262882 0.567893
v 0.462434 0.243478 0.630156
v 0.462434 0.243478 0.630156
v 0.399921 0.262882 0.567893
v 0.374795 0.228310 0.583451
v 0.462434 0.243478 0.630156
v 0.374795 0.228310 0.583451
v 0.450918 0.225337 0.637859
v 0.450918 0.225337 0.637859
v 0.374795 0.228310 0.583451
v 0.365972 0.186181 0.596392
v 0.450918 0.225337 0.637859
v 0.365972 0.186181 0.596392
v 0.446874 0.203320 0.644465
v 0.446874 0.203320 0.644465
v 0.365972 0.186181 0.596392
v 0.374795 0.142908 0.604745
v 0.446874 0.203320 0.644465
v 0.374795 0.142908 0.604745
v 0.450918 0.180779 0.648969
v 0.450918 0.180779 0.648969
v 0.374795 0.142908 0.604745
v 0.399921 0.105079 0.607238
v 0.450918 0.180779 0.648969
v 0.399921 0.105079 0.607238
v 0.462434 0.161145 0.650684
v 0.462434 0.161145 0.650684
v 0.399921 0.105079 0.607238
v 0.437525 0.078453 0.603492
v 0.462434 0.161145 0.650684
v 0.437525 0.078453 0.603492
v 0.479670 0.147408 0.649349
v 0.479670 0.147408 0.649349
v 0.437525 0.078453 0.603492
v 0.481883 0.067083 0.594077
v 0.479670 0.147408 0.649349
v 0.481883 0.067083 0.594077
v 0.500000 0.141659 0.645168
v 0.500000 0.141659 0.645168
v 0.481883 0.067083 0.594077
v 0.526240 0.072702 0.580427
v 0.500000 0.141659 0.645168
v 0.526240 0.072702 0.580427
v 0.520330 0.144772 0.638778
v 0.520330 0.144772 0.638778
v 0.526240 0.072702 0.580427
v 0.563844 0.094453 0.564620
v 0.520330 0.144772 0.638778
v 0.563844 0.094453 0.564620
v 0.537566 0.156275 0.631150
v 0.537566 0.156275 0.631150
v 0.563844 0.094453 0.564620
v 0.588971 0.129024 0.549061
v 0.537566 0.156275 0.631150
v 0.588971 0.129024 0.549061
v 0.549082 0.174416 0.623447
v 0.549082 0.174416 0.623447
v 0.588971 0.129024 0.549061
v 0.597794 0.171154 0.536121
v 0.549082 0.174416 0.623447
v 0.597794 0.171154 0.536121
v 0.553126 0.196433 0.616841
v 0.597794 0.171154 0.536121
v 0.625038 0.120085 0.434633
v 0.612171 0.180329 0.423166
v 0.597794 0.171154 0.536121
v 0.612171 0.180329 0.423166
v 0.588971 0.214427 0.527768
v 0.588971 0.214427 0.527768
v 0.612171 0.180329 0.423166
v 0.575528 0.233070 0.420135
v 0.588971 0.214427 0.527768
v 0.575528 0.233070 0.420135
v 0.563844 0.252256 0.525275
v 0.563844 0.252256 0.525275
v 0.575528 0.233070 0.420135
v 0.520688 0.270279 0.426002
v 0.563844 0.252256 0.525275
v 0.520688 0.270279 0.426002
v 0.526240 0.278882 0.529021
v 0.526240 0.278882 0.529021
v 0.520688 0.270279 0.426002
v 0.456001 0.286289 0.439873
v 0.526240 0.278882 0.529021
v 0.456001 0.286289 0.439873
v 0.481883 0.290251 0.538435
v 0.481883 0.290251 0.538435
v 0.456001 0.286289 0.439873
v 0.391313 0.278665 0.459638
v 0.481883 0.290251 0.538435
v 0.391313 0.278665 0.459638
v 0.437525 0.284633 0.552085
v 0.437525 0.284633 0.552085
v 0.391313 0.278665 0.459638
v 0.336474 0.248567 0.482287
v 0.437525 0.284633 0.552085
v 0.336474 0.248567 0.482287
v 0.399921 0.262882 0.567893
v 0.399921 0.262882 0.567893
v 0.336474 0.248567 0.482287
v 0.299831 0.200576 0.504371
v 0.399921 0.262882 0.567893
v 0.299831 0.200576 0.504371
v 0.374795 0.228310 0.583451
v 0.374795 0.228310 0.583451
v 0.299831 0.200576 0.504371
v 0.286964 0.142000 0.522529
v 0.374795 0.228310 0.583451
v 0.286964 0.142000 0.522529
v 0.365972 0.186181 0.596392
v 0.365972 0.186181 0.596392
v 0.286964 0.142000 0.522529
v 0.299831 0.081755 0.533996
v 0.365972 0.186181 0.596392
v 0.299831 0.081755 0.533996
v 0.374795 0.142908 0.604745
v 0.374795 0.142908 0.604745
v 0.299831 0.081755 0.533996
v 0.336474 0.029014 0.537027
v 0.374795 0.142908 0.604745
v 0.336474 0.029014 0.537027
v 0.399921 0.105079 0.607238
v 0.399921 0.105079 0.607238
v 0.336474 0.029014 0.537027
v 0.391313 -0.008194 0.531160
v 0.399921 0.105079 0.607238
v 0.391313 -0.008194 0.531160
v 0.437525 0.078453 0.603492
v 0.437525 0.078453 0.603492
v 0.391313 -0.008194 0.531160
v 0.456001 -0.024205 0.517289
v 0.437525 0.078453 0.603492
v 0.456001 -0.024205 0.517289
v 0.481883 0.067083 0.594077
v 0.481883 0.067083 0.594077
v 0.456001 -0.024205 0.517289
v 0.520688 -0.016581 0.497524
v 0.481883 0.067083 0.594077
v 0.520688 -0.016581 0.497524
v 0.526240 0.072702 0.580427
v 0.526240 0.072702 0.580427
v 0.520688 -0.016581 0.497524
v 0.575528 0.013518 0.474875
v 0.526240 0.072702 0.580427
v 0.575528 0.013518 0.474875
v 0.563844 0.094453 0.564620
v 0.563844 0.094453 0.564620
v 0.575528 0.013518 0.474875
v 0.612171 0.061508 0.452791
v 0.563844 0.094453 0.564620
v 0.612171 0.061508 0.452791
v 0.588971 0.129024 0.549061
v 0.588971 0.129024 0.549061
v 0.612171 0.061508 0.452791
v 0.625038 0.120085 0.434633
v 0.588971 0.129024 0.549061
v 0.625038 0.120085 0.434633
v 0.597794 0.171154 0.536121
v 0.625038 0.120085 0.434633
v 0.628134 0.065730 0.340633
v 0.613061 0.135400 0.327425
v 0.625038 0.120085 0.434633
v 0.613061 0.135400 0.327425
v 0.612171 0.180329 0.423166
v 0.612171 0.180329 0.423166
v 0.613061 0.135400 0.327425
v 0.570136 0.196418 0.324065
v 0.612171 0.180329 0.423166
v 0.570136 0.196418 0.324065
v 0.575528 0.233070 0.420135
v 0.575528 0.233070 0.420135
v 0.570136 0.196418 0.324065
v 0.505896 0.239494 0.331065
v 0.575528 0.233070 0.420135
v 0.505896 0.239494 0.331065
v 0.520688 0.270279 0.426002
v 0.520688 0.270279 0.426002
v 0.505896 0.239494 0.331065
v 0.430119 0.258070 0.347360
v 0.520688 0.270279 0.426002
v 0.430119 0.258070 0.347360
v 0.456001 0.286289 0.439873
v 0.456001 0.286289 0.439873
v 0.430119 0.258070 0.347360
v 0.354342 0.249318 0.370468
v 0.456001 0.286289 0.439873
v 0.354342 0.249318 0.370468
v 0.391313 0.278665 0.459638
v 0.391313 0.278665 0.459638
v 0.354342 0.249318 0.370468
v 0.290101 0.214571 0.396872
v 0.391313 0.278665 0.459638
v 0.290101 0.214571 0.396872
v 0.336474 0.248567 0.482287
v 0.336474 0.248567 0.482287
v 0.290101 0.214571 0.396872
v 0.247177 0.159118 0.422551
v 0.336474 0.248567 0.482287
v 0.247177 0.159118 0.422551
v 0.299831 0.200576 0.504371
v 0.299831 0.200576 0.504371
v 0.247177 0.159118 0.422551
v 0.232104 0.091401 0.443597
v 0.299831 0.200576 0.504371
v 0.232104 0.091401 0.443597
v 0.286964 0.142000 0.522529
v 0.286964 0.142000 0.522529
v 0.232104 0.091401 0.443597
v 0.247177 0.021731 0.456806
v 0.286964 0.142000 0.522529
v 0.247177 0.021731 0.456806
v 0.299831 0.081755 0.533996
v 0.299831 0.081755 0.533996
v 0.247177 0.021731 0.456806
v 0.290101 -0.039287 0.460165
v 0.299831 0.081755 0.533996
v 0.290101 -0.039287 0.460165
v 0.336474 0.029014 0.537027
v 0.336474 0.029014 0.537027
v 0.290101 -0.039287 0.460165
v 0.354342 -0.082363 0.453165
v 0.336474 0.029014 0.537027
v 0.354342 -0.082363 0.453165
v 0.391313 -0.008194 0.531160
v 0.391313 -0.008194 0.531160
v 0.354342 -0.082363 0.453165
v 0.430119 -0.100939 0.436871
v 0.391313 -0.008194 0.531160
v 0.430119 -0.100939 0.436871
v 0.456001 -0.024205 0.517289
v 0.456001 -0.024205 0.517289
v 0.430119 -0.100939 0.436871
v 0.505896 -0.092187 0.413763
v 0.456001 -0.024205 0.517289
v 0.505896 -0.092187 0.413763
v 0.520688 -0.016581 0.497524
v 0.520688 -0.016581 0.497524
v 0.505896 -0.092187 0.413763
v 0.570136 -0.057440 0.387359
v 0.520688 -0.016581 0.497524
v 0.570136 -0.057440 0.387359
v 0.575528 0.013518 0.474875
v 0.575528 0.013518 0.474875
v 0.570136 -0.057440 0.387359
v 0.613061 -0.001987 0.361679
v 0.575528 0.013518 0.474875
v 0.613061 -0.001987 0.361679
v 0.612171 0.061508 0.452791
v 0.612171 0.061508 0.452791
v 0.613061 -0.001987 0.361679
v 0.628134 0.065730 0.340633
v 0.612171 0.061508 0.452791
v 0.628134 0.065730 0.340633
v 0.625038 0.120085 0.434633
v 0.628134 0.065730 0.340633
v 0.611911 0.022330 0.249237
v 0.596103 0.097618 0.234831
v 0.628134 0.065730 0.340633
v 0.596103 0.097618 0.234831
v 0.613061 0.135400 0.327425
v 0.613061 0.135400 0.327425
v 0.596103 0.097618 0.234831
v 0.551085 0.163493 0.230838
v 0.613061 0.135400 0.327425
v 0.551085 0.163493 0.230838
v 0.570136 0.196418 0.324065
v 0.570136 0.196418 0.324065
v 0.551085 0.163493 0.230838
v 0.483710 0.209927 0.237867
v 0.570136 0.196418 0.324065
v 0.483710 0.209927 0.237867
v 0.505896 0.239494 0.331065
v 0.505896 0.239494 0.331065
v 0.483710 0.209927 0.237867
v 0.404237 0.229851 0.254846
v 0.505896 0.239494 0.331065
v 0.404237 0.229851 0.254846
v 0.430119 0.258070 0.347360
v 0.430119 0.258070 0.347360
v 0.404237 0.229851 0.254846
v 0.324764 0.220231 0.279191
v 0.430119 0.258070 0.347360
v 0.324764 0.220231 0.279191
v 0.354342 0.249318 0.370468
v 0.354342 0.249318 0.370468
v 0.324764 0.220231 0.279191
v 0.257389 0.182531 0.307196
v 0.354342 0.249318 0.370468
v 0.257389 0.182531 0.307196
v 0.290101 0.214571 0.396872
v 0.290101 0.214571 0.396872
v 0.257389 0.182531 0.307196
v 0.212371 0.122492 0.334598
v 0.290101 0.214571 0.396872
v 0.212371 0.122492 0.334598
v 0.247177 0.159118 0.422551
v 0.247177 0.159118 0.422551
v 0.212371 0.122492 0.334598
v 0.196563 0.049254 0.357224
v 0.247177 0.159118 0.422551
v 0.196563 0.049254 0.357224
v 0.232104 0.091401 0.443597
v 0.232104 0.091401 0.443597
v 0.196563 0.049254 0.357224
v 0.212371 -0.026034 0.371629
v 0.232104 0.091401 0.443597
v 0.212371 -0.026034 0.371629
v 0.247177 0.021731 0.456806
v 0.247177 0.021731 0.456806
v 0.212371 -0.026034 0.371629
v 0.257389 -0.091910 0.375622
v 0.247177 0.021731 0.456806
v 0.257389 -0.091910 0.375622
v 0.290101 -0.039287 0.460165
v 0.290101 -0.039287 0.460165
v 0.257389 -0.091910 0.375622
v 0.324764 -0.138344 0.368594
v 0.290101 -0.039287 0.460165
v 0.324764 -0.138344 0.368594
v 0.354342 -0.082363 0.453165
v 0.354342 -0.082363 0.453165
v 0.324764 -0.138344 0.368594
v 0.404237 -0.158268 0.351615
v 0.354342 -0.082363 0.453165
v 0.404237 -0.158268 0.351615
v 0.430119 -0.100939 0.436871
v 0.430119 -0.100939 0.436871
v 0.404237 -0.158268 0.351615
v 0.483710 -0.148647 0.327269
v 0.430119 -0.100939 0.436871
v 0.483710 -0.148647 0.327269
v 0.505896 -0.092187 0.413763
v 0.505896 -0.092187 0.413763
v 0.483710 -0.148647 0.327269
v 0.551085 -0.110948 0.299264
v 0.505896 -0.092187 0.413763
v 0.551085 -0.110948 0.299264
v 0.570136 -0.057440 0.387359
v 0.570136 -0.057440 0.387359
v 0.551085 -0.110948 0.299264
v 0.596103 -0.050909 0.271863
v 0.570136 -0.057440 0.387359
v 0.596103 -0.050909 0.271863
v 0.613061 -0.001987 0.361679
v 0.613061 -0.001987 0.361679
v 0.596103 -0.050909 0.271863
v 0.611911 0.022330 0.249237
v 0.613061 -0.001987 0.361679
v 0.611911 0.022330 0.249237
v 0.628134 0.065730 0.340633
v 0.611911 0.022330 0.249237
v 0.588617 -0.013256 0.168515
v 0.572809 0.063889 0.153646
v 0.611911 0.022330 0.249237
v 0.572809 0.063889 0.153646
v 0.596103 0.097618 0.234831
v 0.596103 0.097618 0.234831
v 0.572809 0.063889 0.153646
v 0.527791 0.131338 0.149261
v 0.596103 0.097618 0.234831
v 0.527791 0.131338 0.149261
v 0.551085 0.163493 0.230838
v 0.551085 0.163493 0.230838
v 0.527791 0.131338 0.149261
v 0.460417 0.178824 0.156027
v 0.551085 0.163493 0.230838
v 0.460417 0.178824 0.156027
v 0.483710 0.209927 0.237867
v 0.483710 0.209927 0.237867
v 0.460417 0.178824 0.156027
v 0.380943 0.199117 0.172914
v 0.483710 0.209927 0.237867
v 0.380943 0.199117 0.172914
v 0.404237 0.229851 0.254846
v 0.404237 0.229851 0.254846
v 0.380943 0.199117 0.172914
v 0.301470 0.189127 0.197352
v 0.404237 0.229851 0.254846
v 0.301470 0.189127 0.197352
v 0.324764 0.220231 0.279191
v 0.324764 0.220231 0.279191
v 0.301470 0.189127 0.197352
v 0.234096 0.150376 0.225619
v 0.324764 0.220231 0.279191
v 0.234096 0.150376 0.225619
v 0.257389 0.182531 0.307196
v 0.257389 0.182531 0.307196
v 0.234096 0.150376 0.225619
v 0.189077 0.088763 0.253413
v 0.257389 0.182531 0.307196
v 0.189077 0.088763 0.253413
v 0.212371 0.122492 0.334598
v 0.212371 0.122492 0.334598
v 0.189077 0.088763 0.253413
v 0.173269 0.013668 0.276501
v 0.212371 0.122492 0.334598
v 0.173269 0.013668 0.276501
v 0.196563 0.049254 0.357224
v 0.196563 0.049254 0.357224
v 0.173269 0.013668 0.276501
v 0.189077 -0.063476 0.291370
v 0.196563 0.049254 0.357224
v 0.189077 -0.063476 0.291370
v 0.212371 -0.026034 0.371629
v 0.212371 -0.026034 0.371629
v 0.189077 -0.063476 0.291370
v 0.234096 -0.130926 0.295755
v 0.212371 -0.026034 0.371629
v 0.234096 -0.130926 0.295755
v 0.257389 -0.091910 0.375622
v 0.257389 -0.091910 0.375622
v 0.234096 -0.130926 0.295755
v 0.301470 -0.178412 0.288989
v 0.257389 -0.091910 0.375622
v 0.301470 -0.178412 0.288989
v 0.324764 -0.138344 0.368594
v 0.324764 -0.138344 0.368594
v 0.301470 -0.178412 0.288989
v 0.380943 -0.198705 0.272102
v 0.324764 -0.138344 0.368594
v 0.380943 -0.198705 0.272102
v 0.404237 -0.158268 0.351615
v 0.404237 -0.158268 0.351615
v 0.380943 -0.198705 0.272102
v 0.460417 -0.188715 0.247665
v 0.404237 -0.158268 0.351615
v 0.460417 -0.188715 0.247665
v 0.483710 -0.148647 0.327269
v 0.483710 -0.148647 0.327269
v 0.460417 -0.188715 0.247665
v 0.527791 -0.149964 0.219397
v 0.483710 -0.148647 0.327269
v 0.527791 -0.149964 0.219397
v 0.551085 -0.110948 0.299264
v 0.551085 -0.110948 0.299264
v 0.527791 -0.149964 0.219397
v 0.572809 -0.088351 0.191604
v 0.551085 -0.110948 0.299264
v 0.572809 -0.088351 0.191604
v 0.596103 -0.050909 0.271863
v 0.596103 -0.050909 0.271863
v 0.572809 -0.088351 0.191604
v 0.588617 -0.013256 0.168515
v 0.596103 -0.050909 0.271863
v 0.588617 -0.013256 0.168515
v 0.611911 0.022330 0.249237
v 0.588617 -0.013256 0.168515
v 0.554116 -0.025889 0.138514
v 0.540146 0.045566 0.124555
v 0.588617 -0.013256 0.168515
v 0.540146 0.045566 0.124555
v 0.572809 0.063889 0.153646
v 0.572809 0.063889 0.153646
v 0.540146 0.045566 0.124555
v 0.500363 0.107955 0.119987
v 0.572809 0.063889 0.153646
v 0.500363 0.107955 0.119987
v 0.527791 0.131338 0.149261
v 0.527791 0.131338 0.149261
v 0.500363 0.107955 0.119987
v 0.440823 0.151778 0.125502
v 0.527791 0.131338 0.149261
v 0.440823 0.151778 0.125502
v 0.460417 0.178824 0.156027
v 0.460417 0.178824 0.156027
v 0.440823 0.151778 0.125502
v 0.370590 0.170364 0.140263
v 0.460417 0.178824 0.156027
v 0.370590 0.170364 0.140263
v 0.380943 0.199117 0.172914
v 0.380943 0.199117 0.172914
v 0.370590 0.170364 0.140263
v 0.300358 0.160883 0.162022
v 0.380943 0.199117 0.172914
v 0.300358 0.160883 0.162022
v 0.301470 0.189127 0.197352
v 0.301470 0.189127 0.197352
v 0.300358 0.160883 0.162022
v 0.240818 0.124779 0.187466
v 0.301470 0.189127 0.197352
v 0.240818 0.124779 0.187466
v 0.234096 0.150376 0.225619
v 0.234096 0.150376 0.225619
v 0.240818 0.124779 0.187466
v 0.201035 0.067549 0.212721
v 0.234096 0.150376 0.225619
v 0.201035 0.067549 0.212721
v 0.189077 0.088763 0.253413
v 0.189077 0.088763 0.253413
v 0.201035 0.067549 0.212721
v 0.187065 -0.002096 0.233943
v 0.189077 0.088763 0.253413
v 0.187065 -0.002096 0.233943
v 0.173269 0.013668 0.276501
v 0.173269 0.013668 0.276501
v 0.187065 -0.002096 0.233943
v 0.201035 -0.073551 0.247901
v 0.173269 0.013668 0.276501
v 0.201035 -0.073551 0.247901
v 0.189077 -0.063476 0.291370
v 0.189077 -0.063476 0.291370
v 0.201035 -0.073551 0.247901
v 0.240818 -0.135940 0.252470
v 0.189077 -0.063476 0.291370
v 0.240818 -0.135940 0.252470
v 0.234096 -0.130926 0.295755
v 0.234096 -0.130926 0.295755
v 0.240818 -0.135940 0.252470
v 0.300358 -0.179763 0.246954
v 0.234096 -0.130926 0.295755
v 0.300358 -0.179763 0.246954
v 0.301470 -0.178412 0.288989
v 0.301470 -0.178412 0.288989
v 0.300358 -0.179763 0.246954
v 0.370590 -0.198349 0.232194
v 0.301470 -0.178412 0.288989
v 0.370590 -0.198349 0.232194
v 0.380943 -0.198705 0.272102
v 0.380943 -0.198705 0.272102
v 0.370590 -0.198349 0.232194
v 0.440823 -0.188868 0.210435
v 0.380943 -0.198705 0.272102
v 0.440823 -0.188868 0.210435
v 0.460417 -0.188715 0.247665
v 0.460417 -0.188715 0.247665
v 0.440823 -0.188868 0.210435
v 0.500363 -0.152764 0.184991
v 0.460417 -0.188715 0.247665
v 0.500363 -0.152764 0.184991
v 0.527791 -0.149964 0.219397
v 0.527791 -0.149964 0.219397
v 0.500363 -0.152764 0.184991
v 0.540146 -0.095534 0.159736
v 0.527791 -0.149964 0.219397
v 0.540146 -0.095534 0.159736
v 0.572809 -0.088351 0.191604
v 0.572809 -0.088351 0.191604
v 0.540146 -0.095534 0.159736
v 0.554116 -0.025889 0.138514
v 0.572809 -0.088351 0.191604
v 0.554116 -0.025889 0.138514
v 0.588617 -0.013256 0.168515
v 0.500000 0.199876 0.630653
v 0.553126 0.196433 0.616841
v 0.549082 0.218974 0.612337
v 0.500000 0.199876 0.630653
v 0.549082 0.218974 0.612337
v 0.537566 0.238607 0.610622
v 0.500000 0.199876 0.630653
v 0.537566 0.238607 0.610622
v 0.520330 0.252345 0.611957
v 0.500000 0.199876 0.630653
v 0.520330 0.252345 0.611957
v 0.500000 0.258094 0.616138
v 0.500000 0.199876 0.630653
v 0.500000 0.258094 0.616138
v 0.479670 0.254980 0.622528
v 0.500000 0.199876 0.630653
v 0.479670 0.254980 0.622528
v 0.462434 0.243478 0.630156
v 0.500000 0.199876 0.630653
v 0.462434 0.243478 0.630156
v 0.450918 0.225337 0.637859
v 0.500000 0.199876 0.630653
v 0.450918 0.225337 0.637859
v 0.446874 0.203320 0.644465
v 0.500000 0.199876 0.630653
v 0.446874 0.203320 0.644465
v 0.450918 0.180779 0.648969
v 0.500000 0.199876 0.630653
v 0.450918 0.180779 0.648969
v 0.462434 0.161145 0.650684
v 0.500000 0.199876 0.630653
v 0.462434 0.161145 0.650684
v 0.479670 0.147408 0.649349
v 0.500000 0.199876 0.630653
v 0.479670 0.147408 0.649349
v 0.500000 0.141659 0.645168
v 0.500000 0.199876 0.630653
v 0.500000 0.141659 0.645168
v 0.520330 0.144772 0.638778
v 0.500000 0.199876 0.630653
v 0.520330 0.144772 0.638778
v 0.537566 0.156275 0.631150
v 0.500000 0.199876 0.630653
v 0.537566 0.156275 0.631150
v 0.549082 0.174416 0.623447
v 0.500000 0.199876 0.630653
v 0.549082 0.174416 0.623447
v 0.553126 0.196433 0.616841
v 0.554116 -0.025889 0.138514
v 0.503925 -0.015122 0.181698
v 0.494367 0.033769 0.172148
v 0.554116 -0.025889 0.138514
v 0.494367 0.033769 0.172148
v 0.540146 0.045566 0.124555
v 0.540146 0.045566 0.124555
v 0.494367 0.033769 0.172148
v 0.467147 0.076455 0.169022
v 0.540146 0.045566 0.124555
v 0.467147 0.076455 0.169022
v 0.500363 0.107955 0.119987
v 0.500363 0.107955 0.119987
v 0.467147 0.076455 0.169022
v 0.426409 0.106440 0.172796
v 0.500363 0.107955 0.119987
v 0.426409 0.106440 0.172796
v 0.440823 0.151778 0.125502
v 0.440823 0.151778 0.125502
v 0.426409 0.106440 0.172796
v 0.378355 0.119156 0.182896
v 0.440823 0.151778 0.125502
v 0.378355 0.119156 0.182896
v 0.370590 0.170364 0.140263
v 0.370590 0.170364 0.140263
v 0.378355 0.119156 0.182896
v 0.330301 0.112670 0.197783
v 0.370590 0.170364 0.140263
v 0.330301 0.112670 0.197783
v 0.300358 0.160883 0.162022
v 0.300358 0.160883 0.162022
v 0.330301 0.112670 0.197783
v 0.289563 0.087967 0.215192
v 0.300358 0.160883 0.162022
v 0.289563 0.087967 0.215192
v 0.240818 0.124779 0.187466
v 0.240818 0.124779 0.187466
v 0.289563 0.087967 0.215192
v 0.262343 0.048809 0.232472
v 0.240818 0.124779 0.187466
v 0.262343 0.048809 0.232472
v 0.201035 0.067549 0.212721
v 0.201035 0.067549 0.212721
v 0.262343 0.048809 0.232472
v 0.252785 0.001158 0.246992
v 0.201035 0.067549 0.212721
v 0.252785 0.001158 0.246992
v 0.187065 -0.002096 0.233943
v 0.187065 -0.002096 0.233943
v 0.252785 0.001158 0.246992
v 0.262343 -0.047733 0.256543
v 0.187065 -0.002096 0.233943
v 0.262343 -0.047733 0.256543
v 0.201035 -0.073551 0.247901
v 0.201035 -0.073551 0.247901
v 0.262343 -0.047733 0.256543
v 0.289563 -0.090420 0.259669
v 0.201035 -0.073551 0.247901
v 0.289563 -0.090420 0.259669
v 0.240818 -0.135940 0.252470
v 0.240818 -0.135940 0.252470
v 0.289563 -0.090420 0.259669
v 0.330301 -0.120404 0.255895
v 0.240818 -0.135940 0.252470
v 0.330301 -0.120404 0.255895
v 0.300358 -0.179763 0.246954
v 0.300358 -0.179763 0.246954
v 0.330301 -0.120404 0.255895
v 0.378355 -0.133121 0.245795
v 0.300358 -0.179763 0.246954
v 0.378355 -0.133121 0.245795
v 0.370590 -0.198349 0.232194
v 0.370590 -0.198349 0.232194
v 0.378355 -0.133121 0.245795
v 0.426409 -0.126634 0.230908
v 0.370590 -0.198349 0.232194
v 0.426409 -0.126634 0.230908
v 0.440823 -0.188868 0.210435
v 0.440823 -0.188868 0.210435
v 0.426409 -0.126634 0.230908
v 0.467147 -0.101931 0.213499
v 0.440823 -0.188868 0.210435
v 0.467147 -0.101931 0.213499
v 0.500363 -0.152764 0.184991
v 0.500363 -0.152764 0.184991
v 0.467147 -0.101931 0.213499
v 0.494367 -0.062773 0.196219
v 0.500363 -0.152764 0.184991
v 0.494367 -0.062773 0.196219
v 0.540146 -0.095534 0.159736
v 0.540146 -0.095534 0.159736
v 0.494367 -0.062773 0.196219
v 0.503925 -0.015122 0.181698
v 0.540146 -0.095534 0.159736
v 0.503925 -0.015122 0.181698
v 0.554116 -0.025889 0.138514
v 0.378355 -0.006982 0.214345
v 0.494367 0.033769 0.172148
v 0.503925 -0.015122 0.181698
v 0.378355 -0.006982 0.214345
v 0.467147 0.076455 0.169022
v 0.494367 0.033769 0.172148
v 0.378355 -0.006982 0.214345
v 0.426409 0.106440 0.172796
v 0.467147 0.076455 0.169022
v 0.378355 -0.006982 0.214345
v 0.378355 0.119156 0.182896
v 0.426409 0.106440 0.172796
v 0.378355 -0.006982 0.214345
v 0.330301 0.112670 0.197783
v 0.378355 0.119156 0.182896
v 0.378355 -0.006982 0.214345
v 0.289563 0.087967 0.215192
v 0.330301 0.112670 0.197783
v 0.378355 -0.006982 0.214345
v 0.262343 0.048809 0.232472
v 0.289563 0.087967 0.215192
v 0.378355 -0.006982 0.214345
v 0.252785 0.001158 0.246992
v 0.262343 0.048809 0.232472
v 0.378355 -0.006982 0.214345
v 0.262343 -0.047733 0.256543
v 0.252785 0.001158 0.246992
v 0.378355 -0.006982 0.214345
v 0.289563 -0.090420 0.259669
v 0.262343 -0.047733 0.256543
v 0.378355 -0.006982 0.214345
v 0.330301 -0.120404 0.255895
v 0.289563 -0.090420 0.259669
v 0.378355 -0.006982 0.214345
v 0.378355 -0.133121 0.245795
v 0.330301 -0.120404 0.255895
v 0.378355 -0.006982 0.214345
v 0.426409 -0.126634 0.230908
v 0.378355 -0.133121 0.245795
v 0.378355 -0.006982 0.214345
v 0.467147 -0.101931 0.213499
v 0.426409 -0.126634 0.230908
v 0.378355 -0.006982 0.214345
v 0.494367 -0.062773 0.196219
v 0.467147 -0.101931 0.213499
v 0.378355 -0.006982 0.214345
v 0.503925 -0.015122 0.181698
v 0.494367 -0.062773 0.196219
v 0.332647 -0.001515 0.236274
v 0.341871 0.026404 0.226766
v 0.335400 0.020562 0.203335
v 0.332647 -0.001515 0.236274
v 0.335400 0.020562 0.203335
v 0.326176 -0.007357 0.212843
v 0.341871 0.026404 0.226766
v 0.366019 0.042462 0.216094
v 0.359548 0.036620 0.192663
v 0.341871 0.026404 0.226766
v 0.359548 0.036620 0.192663
v 0.335400 0.020562 0.203335
v 0.366019 0.042462 0.216094
v 0.395868 0.040527 0.208333
v 0.389397 0.034686 0.184903
v 0.366019 0.042462 0.216094
v 0.389397 0.034686 0.184903
v 0.359548 0.036620 0.192663
v 0.395868 0.040527 0.208333
v 0.420016 0.021338 0.206449
v 0.413545 0.015496 0.183019
v 0.395868 0.040527 0.208333
v 0.413545 0.015496 0.183019
v 0.389397 0.034686 0.184903
v 0.420016 0.021338 0.206449
v 0.429240 -0.007776 0.211161
v 0.422769 -0.013618 0.187730
v 0.420016 0.021338 0.206449
v 0.422769 -0.013618 0.187730
v 0.413545 0.015496 0.183019
v 0.429240 -0.007776 0.211161
v 0.420016 -0.035694 0.220669
v 0.413545 -0.041536 0.197238
v 0.429240 -0.007776 0.211161
v 0.413545 -0.041536 0.197238
v 0.422769 -0.013618 0.187730
v 0.420016 -0.035694 0.220669
v 0.395868 -0.051753 0.231342
v 0.389397 -0.057595 0.207911
v 0.420016 -0.035694 0.220669
v 0.389397 -0.057595 0.207911
v 0.413545 -0.041536 0.197238
v 0.395868 -0.051753 0.231342
v 0.366019 -0.049818 0.239102
v 0.359548 -0.055660 0.215671
v 0.395868 -0.051753 0.231342
v 0.359548 -0.055660 0.215671
v 0.389397 -0.057595 0.207911
v 0.366019 -0.049818 0.239102
v 0.341871 -0.030629 0.240986
v 0.335400 -0.036471 0.217555
v 0.366019 -0.049818 0.239102
v 0.335400 -0.036471 0.217555
v 0.359548 -0.055660 0.215671
v 0.341871 -0.030629 0.240986
v 0.332647 -0.001515 0.236274
v 0.326176 -0.007357 0.212843
v 0.341871 -0.030629 0.240986
v 0.326176 -0.007357 0.212843
v 0.335400 -0.036471 0.217555
v 0.326176 -0.007357 0.212843
v 0.335400 0.020562 0.203335
v 0.328930 0.014720 0.179905
v 0.326176 -0.007357 0.212843
v 0.328930 0.014720 0.179905
v 0.319706 -0.013199 0.189413
v 0.335400 0.020562 0.203335
v 0.359548 0.036620 0.192663
v 0.353078 0.030778 0.169232
v 0.335400 0.020562 0.203335
v 0.353078 0.030778 0.169232
v 0.328930 0.014720 0.179905
v 0.359548 0.036620 0.192663
v 0.389397 0.034686 0.184903
v 0.382927 0.028844 0.161472
v 0.359548 0.036620 0.192663
v 0.382927 0.028844 0.161472
v 0.353078 0.030778 0.169232
v 0.389397 0.034686 0.184903
v 0.413545 0.015496 0.183019
v 0.407075 0.009654 0.159588
v 0.389397 0.034686 0.184903
v 0.407075 0.009654 0.159588
v 0.382927 0.028844 0.161472
v 0.413545 0.015496 0.183019
v 0.422769 -0.013618 0.187730
v 0.416299 -0.019460 0.164300
v 0.413545 0.015496 0.183019
v 0.416299 -0.019460 0.164300
v 0.407075 0.009654 0.159588
v 0.422769 -0.013618 0.187730
v 0.413545 -0.041536 0.197238
v 0.407075 -0.047378 0.173808
v 0.422769 -0.013618 0.187730
v 0.407075 -0.047378 0.173808
v 0.416299 -0.019460 0.164300
v 0.413545 -0.041536 0.197238
v 0.389397 -0.057595 0.207911
v 0.382927 -0.063437 0.184480
v 0.413545 -0.041536 0.197238
v 0.382927 -0.063437 0.184480
v 0.407075 -0.047378 0.173808
v 0.389397 -0.057595 0.207911
v 0.359548 -0.055660 0.215671
v 0.353078 -0.061502 0.192240
v 0.389397 -0.057595 0.207911
v 0.353078 -0.061502 0.192240
v 0.382927 -0.063437 0.184480
v 0.359548 -0.055660 0.215671
v 0.335400 -0.036471 0.217555
v 0.328930 -0.042313 0.194124
v 0.359548 -0.055660 0.215671
v 0.328930 -0.042313 0.194124
v 0.353078 -0.061502 0.192240
v 0.335400 -0.036471 0.217555
v 0.326176 -0.007357 0.212843
v 0.319706 -0.013199 0.189413
v 0.335400 -0.036471 0.217555
v 0.319706 -0.013199 0.189413
v 0.328930 -0.042313 0.194124
v 0.380943 -0.004645 0.223718
v 0.341871 0.026404 0.226766
v 0.332647 -0.001515 0.236274
v 0.380943 -0.004645 0.223718
v 0.366019 0.042462 0.216094
v 0.341871 0.026404 0.226766
v 0.380943 -0.004645 0.223718
v 0.395868 0.040527 0.208333
v 0.366019 0.042462 0.216094
v 0.380943 -0.004645 0.223718
v 0.420016 0.021338 0.206449
v 0.395868 0.040527 0.208333
v 0.380943 -0.004645 0.223718
v 0.429240 -0.007776 0.211161
v 0.420016 0.021338 0.206449
v 0.380943 -0.004645 0.223718
v 0.420016 -0.035694 0.220669
v 0.429240 -0.007776 0.211161
v 0.380943 -0.004645 0.223718
v 0.395868 -0.051753 0.231342
v 0.420016 -0.035694 0.220669
v 0.380943 -0.004645 0.223718
v 0.366019 -0.049818 0.239102
v 0.395868 -0.051753 0.231342
v 0.380943 -0.004645 0.223718
v 0.341871 -0.030629 0.240986
v 0.366019 -0.049818 0.239102
v 0.380943 -0.004645 0.223718
v 0.332647 -0.001515 0.236274
v 0.341871 -0.030629 0.240986
v 0.368002 -0.016329 0.176856
v 0.319706 -0.013199 0.189413
v 0.328930 0.014720 0.179905
v 0.368002 -0.016329 0.176856
v 0.328930 0.014720 0.179905
v 0.353078 0.030778 0.169232
v 0.368002 -0.016329 0.176856
v 0.353078 0.030778 0.169232
v 0.382927 0.028844 0.161472
v 0.368002 -0.016329 0.176856
v 0.382927 0.028844 0.161472
v 0.407075 0.009654 0.159588
v 0.368002 -0.016329 0.176856
v 0.407075 0.009654 0.159588
v 0.416299 -0.019460 0.164300
v 0.368002 -0.016329 0.176856
v 0.416299 -0.019460 0.164300
v 0.407075 -0.047378 0.173808
v 0.368002 -0.016329 0.176856
v 0.407075 -0.047378 0.173808
v 0.382927 -0.063437 0.184480
v 0.368002 -0.016329 0.176856
v 0.382927 -0.063437 0.184480
v 0.353078 -0.061502 0.192240
v 0.368002 -0.016329 0.176856
v 0.353078 -0.061502 0.192240
v 0.328930 -0.042313 0.194124
v 0.368002 -0.016329 0.176856
v 0.328930 -0.042313 0.194124
v 0.319706 -0.013199 0.189413
v 0.440000 0.135025 0.891863
v 0.440000 0.135025 0.631863
v 0.560000 0.135025 0.631863
v 0.440000 0.135025 0.891863
v 0.560000 0.135025 0.631863
v 0.560000 0.135025 0.891863
v 0.440000 0.255025 0.631863
v 0.440000 0.255025 0.891863
v 0.560000 0.255025 0.891863
v 0.440000 0.255025 0.631863
v 0.560000 0.255025 0.891863
v 0.560000 0.255025 0.631863
v 0.440000 0.135025 0.631863
v 0.440000 0.255025 0.631863
v 0.560000 0.255025 0.631863
v 0.440000 0.135025 0.631863
v 0.560000 0.255025 0.631863
v 0.560000 0.135025 0.631863
v 0.560000 0.135025 0.891863
v 0.560000 0.255025 0.891863
v 0.440000 0.255025 0.891863
v 0.560000 0.135025 0.891863
v 0.440000 0.255025 0.891863
v 0.440000 0.135025 0.891863
v 0.560000 0.135025 0.631863
v 0.560000 0.255025 0.631863
v 0.560000 0.255025 0.891863
v 0.560000 0.135025 0.631863
v 0.560000 0.255025 0.891863
v 0.560000 0.135025 0.891863
v 0.440000 0.135025 0.891863
v 0.440000 0.255025 0.891863
v 0.440000 0.255025 0.631863
v 0.440000 0.135025 0.891863
v 0.440000 0.255025 0.631863
v 0.440000 0.135025 0.631863
v 0.020000 0.897727 0.068137
v 0.020000 1.198705 0.895067
v 0.980000 1.198705 0.895067
v 0.020000 0.897727 0.068137
v 0.980000 1.198705 0.895067
v 0.980000 0.897727 0.068137
v 0.020000 0.841345 0.088659
v 0.980000 0.841345 0.088659
v 0.980000 1.142323 0.915588
v 0.020000 0.841345 0.088659
v 0.980000 1.142323 0.915588
v 0.020000 1.142323 0.915588
v 0.020000 1.142323 0.915588
v 0.980000 1.142323 0.915588
v 0.980000 1.198705 0.895067
v 0.020000 1.142323 0.915588
v 0.980000 1.198705 0.895067
v 0.020000 1.198705 0.895067
v 0.020000 0.841345 0.088659
v 0.020000 0.897727 0.068137
v 0.980000 0.897727 0.068137
v 0.020000 0.841345 0.088659
v 0.980000 0.897727 0.068137
v 0.980000 0.841345 0.088659
v 0.980000 0.841345 0.088659
v 0.980000 0.897727 0.068137
v 0.980000 1.198705 0.895067
v 0.980000 0.841345 0.088659
v 0.980000 1.198705 0.895067
v 0.980000 1.142323 0.915588
v 0.020000 0.841345 0.088659
v 0.020000 1.142323 0.915588
v 0.020000 1.198705 0.895067
v 0.020000 0.841345 0.088659
v 0.020000 1.198705 0.895067
v 0.020000 0.897727 0.068137
v 0.500000 0.923099 0.884888
v 0.531820 0.910483 0.881073
v 0.531820 0.947752 0.757827
v 0.500000 0.923099 0.884888
v 0.531820 0.947752 0.757827
v 0.500000 0.960368 0.761642
v 0.531820 0.910483 0.881073
v 0.545000 0.880025 0.871863
v 0.545000 0.917295 0.748616
v 0.531820 0.910483 0.881073
v 0.545000 0.917295 0.748616
v 0.531820 0.947752 0.757827
v 0.545000 0.880025 0.871863
v 0.531820 0.849567 0.862652
v 0.531820 0.886837 0.739406
v 0.545000 0.880025 0.871863
v 0.531820 0.886837 0.739406
v 0.545000 0.917295 0.748616
v 0.531820 0.849567 0.862652
v 0.500000 0.836951 0.858837
v 0.500000 0.874221 0.735591
v 0.531820 0.849567 0.862652
v 0.500000 0.874221 0.735591
v 0.531820 0.886837 0.739406
v 0.500000 0.836951 0.858837
v 0.468180 0.849567 0.862652
v 0.468180 0.886837 0.739406
v 0.500000 0.836951 0.858837
v 0.468180 0.886837 0.739406
v 0.500000 0.874221 0.735591
v 0.468180 0.849567 0.862652
v 0.455000 0.880025 0.871863
v 0.455000 0.917295 0.748616
v 0.468180 0.849567 0.862652
v 0.455000 0.917295 0.748616
v 0.468180 0.886837 0.739406
v 0.455000 0.880025 0.871863
v 0.468180 0.910483 0.881073
v 0.468180 0.947752 0.757827
v 0.455000 0.880025 0.871863
v 0.468180 0.947752 0.757827
v 0.455000 0.917295 0.748616
v 0.468180 0.910483 0.881073
v 0.500000 0.923099 0.884888
v 0.500000 0.960368 0.761642
v 0.468180 0.910483 0.881073
v 0.500000 0.960368 0.761642
v 0.468180 0.947752 0.757827
v 0.500000 0.960368 0.761642
v 0.531820 0.947752 0.757827
v 0.531820 0.985022 0.634580
v 0.500000 0.960368 0.761642
v 0.531820 0.985022 0.634580
v 0.500000 0.997638 0.638395
v 0.531820 0.947752 0.757827
v 0.545000 0.917295 0.748616
v 0.545000 0.954564 0.625370
v 0.531820 0.947752 0.757827
v 0.545000 0.954564 0.625370
v 0.531820 0.985022 0.634580
v 0.545000 0.917295 0.748616
v 0.531820 0.886837 0.739406
v 0.531820 0.924107 0.616159
v 0.545000 0.917295 0.748616
v 0.531820 0.924107 0.616159
v 0.545000 0.954564 0.625370
v 0.531820 0.886837 0.739406
v 0.500000 0.874221 0.735591
v 0.500000 0.911491 0.612344
v 0.531820 0.886837 0.739406
v 0.500000 0.911491 0.612344
v 0.531820 0.924107 0.616159
v 0.500000 0.874221 0.735591
v 0.468180 0.886837 0.739406
v 0.468180 0.924107 0.616159
v 0.500000 0.874221 0.735591
v 0.468180 0.924107 0.616159
v 0.500000 0.911491 0.612344
v 0.468180 0.886837 0.739406
v 0.455000 0.917295 0.748616
v 0.455000 0.954564 0.625370
v 0.468180 0.886837 0.739406
v 0.455000 0.954564 0.625370
v 0.468180 0.924107 0.616159
v 0.455000 0.917295 0.748616
v 0.468180 0.947752 0.757827
v 0.468180 0.985022 0.634580
v 0.455000 0.917295 0.748616
v 0.468180 0.985022 0.634580
v 0.455000 0.954564 0.625370
v 0.468180 0.947752 0.757827
v 0.500000 0.960368 0.761642
v 0.500000 0.997638 0.638395
v 0.468180 0.947752 0.757827
v 0.500000 0.997638 0.638395
v 0.468180 0.985022 0.634580
v 0.500000 0.997638 0.638395
v 0.531820 0.985022 0.634580
v 0.531820 1.022292 0.511334
v 0.500000 0.997638 0.638395
v 0.531820 1.022292 0.511334
v 0.500000 1.034908 0.515149
v 0.531820 0.985022 0.634580
v 0.545000 0.954564 0.625370
v 0.545000 0.991834 0.502123
v 0.531820 0.985022 0.634580
v 0.545000 0.991834 0.502123
v 0.531820 1.022292 0.511334
v 0.545000 0.954564 0.625370
v 0.531820 0.924107 0.616159
v 0.531820 0.961376 0.492913
v 0.545000 0.954564 0.625370
v 0.531820 0.961376 0.492913
v 0.545000 0.991834 0.502123
v 0.531820 0.924107 0.616159
v 0.500000 0.911491 0.612344
v 0.500000 0.948760 0.489098
v 0.531820 0.924107 0.616159
v 0.500000 0.948760 0.489098
v 0.531820 0.961376 0.492913
v 0.500000 0.911491 0.612344
v 0.468180 0.924107 0.616159
v 0.468180 0.961376 0.492913
v 0.500000 0.911491 0.612344
v 0.468180 0.961376 0.492913
v 0.500000 0.948760 0.489098
v 0.468180 0.924107 0.616159
v 0.455000 0.954564 0.625370
v 0.455000 0.991834 0.502123
v 0.468180 0.924107 0.616159
v 0.455000 0.991834 0.502123
v 0.468180 0.961376 0.492913
v 0.455000 0.954564 0.625370
v 0.468180 0.985022 0.634580
v 0.468180 1.022292 0.511334
v 0.455000 0.954564 0.625370
v 0.468180 1.022292 0.511334
v 0.455000 0.991834 0.502123
v 0.468180 0.985022 0.634580
v 0.500000 0.997638 0.638395
v 0.500000 1.034908 0.515149
v 0.468180 0.985022 0.634580
v 0.500000 1.034908 0.515149
v 0.468180 1.022292 0.511334
v 0.500000 0.880025 0.871863
v 0.531820 0.910483 0.881073
v 0.500000 0.923099 0.884888
v 0.500000 0.880025 0.871863
v 0.545000 0.880025 0.871863
v 0.531820 0.910483 0.881073
v 0.500000 0.880025 0.871863
v 0.531820 0.849567 0.862652
v 0.545000 0.880025 0.871863
v 0.500000 0.880025 0.871863
v 0.500000 0.836951 0.858837
v 0.531820 0.849567 0.862652
v 0.500000 0.880025 0.871863
v 0.468180 0.849567 0.862652
v 0.500000 0.836951 0.858837
v 0.500000 0.880025 0.871863
v 0.455000 0.880025 0.871863
v 0.468180 0.849567 0.862652
v 0.500000 0.880025 0.871863
v 0.468180 0.910483 0.881073
v 0.455000 0.880025 0.871863
v 0.500000 0.880025 0.871863
v 0.500000 0.923099 0.884888
v 0.468180 0.910483 0.881073
v 0.500000 0.991834 0.502123
v 0.500000 1.034908 0.515149
v 0.531820 1.022292 0.511334
v 0.500000 0.991834 0.502123
v 0.531820 1.022292 0.511334
v 0.545000 0.991834 0.502123
v 0.500000 0.991834 0.502123
v 0.545000 0.991834 0.502123
v 0.531820 0.961376 0.492913
v 0.500000 0.991834 0.502123
v 0.531820 0.961376 0.492913
v 0.500000 0.948760 0.489098
v 0.500000 0.991834 0.502123
v 0.500000 0.948760 0.489098
v 0.468180 0.961376 0.492913
v 0.500000 0.991834 0.502123
v 0.468180 0.961376 0.492913
v 0.455000 0.991834 0.502123
v 0.500000 0.991834 0.502123
v 0.455000 0.991834 0.502123
v 0.468180 1.022292 0.511334
v 0.500000 0.991834 0.502123
v 0.468180 1.022292 0.511334
v 0.500000 1.034908 0.515149
v 0.500000 0.995447 0.484490
v 0.515588 0.993640 0.493306
v 0.515588 0.935644 0.481425
v 0.500000 0.995447 0.484490
v 0.515588 0.935644 0.481425
v 0.500000 0.937413 0.472601
v 0.515588 0.993640 0.493306
v 0.515588 0.990028 0.510940
v 0.515588 0.932106 0.499074
v 0.515588 0.993640 0.493306
v 0.515588 0.932106 0.499074
v 0.515588 0.935644 0.481425
v 0.515588 0.990028 0.510940
v 0.500000 0.988222 0.519757
v 0.500000 0.930337 0.507899
v 0.515588 0.990028 0.510940
v 0.500000 0.930337 0.507899
v 0.515588 0.932106 0.499074
v 0.500000 0.988222 0.519757
v 0.484412 0.990028 0.510940
v 0.484412 0.932106 0.499074
v 0.500000 0.988222 0.519757
v 0.484412 0.932106 0.499074
v 0.500000 0.930337 0.507899
v 0.484412 0.990028 0.510940
v 0.484412 0.993640 0.493306
v 0.484412 0.935644 0.481425
v 0.484412 0.990028 0.510940
v 0.484412 0.935644 0.481425
v 0.484412 0.932106 0.499074
v 0.484412 0.993640 0.493306
v 0.500000 0.995447 0.484490
v 0.500000 0.937413 0.472601
v 0.484412 0.993640 0.493306
v 0.500000 0.937413 0.472601
v 0.484412 0.935644 0.481425
v 0.500000 0.937413 0.472601
v 0.515588 0.935644 0.481425
v 0.515588 0.878022 0.470130
v 0.500000 0.937413 0.472601
v 0.515588 0.878022 0.470130
v 0.500000 0.879678 0.461284
v 0.515588 0.935644 0.481425
v 0.515588 0.932106 0.499074
v 0.515588 0.874709 0.487822
v 0.515588 0.935644 0.481425
v 0.515588 0.874709 0.487822
v 0.515588 0.878022 0.470130
v 0.515588 0.932106 0.499074
v 0.500000 0.930337 0.507899
v 0.500000 0.873053 0.496669
v 0.515588 0.932106 0.499074
v 0.500000 0.873053 0.496669
v 0.515588 0.874709 0.487822
v 0.500000 0.930337 0.507899
v 0.484412 0.932106 0.499074
v 0.484412 0.874709 0.487822
v 0.500000 0.930337 0.507899
v 0.484412 0.874709 0.487822
v 0.500000 0.873053 0.496669
v 0.484412 0.932106 0.499074
v 0.484412 0.935644 0.481425
v 0.484412 0.878022 0.470130
v 0.484412 0.932106 0.499074
v 0.484412 0.878022 0.470130
v 0.484412 0.874709 0.487822
v 0.484412 0.935644 0.481425
v 0.500000 0.937413 0.472601
v 0.500000 0.879678 0.461284
v 0.484412 0.935644 0.481425
v 0.500000 0.879678 0.461284
v 0.484412 0.878022 0.470130
v 0.500000 0.879678 0.461284
v 0.515588 0.878022 0.470130
v 0.515588 0.821204 0.459999
v 0.500000 0.879678 0.461284
v 0.515588 0.821204 0.459999
v 0.500000 0.822670 0.451119
v 0.515588 0.878022 0.470130
v 0.515588 0.874709 0.487822
v 0.515588 0.818272 0.477759
v 0.515588 0.878022 0.470130
v 0.515588 0.818272 0.477759
v 0.515588 0.821204 0.459999
v 0.515588 0.874709 0.487822
v 0.500000 0.873053 0.496669
v 0.500000 0.816806 0.486638
v 0.515588 0.874709 0.487822
v 0.500000 0.816806 0.486638
v 0.515588 0.818272 0.477759
v 0.500000 0.873053 0.496669
v 0.484412 0.874709 0.487822
v 0.484412 0.818272 0.477759
v 0.500000 0.873053 0.496669
v 0.484412 0.818272 0.477759
v 0.500000 0.816806 0.486638
v 0.484412 0.874709 0.487822
v 0.484412 0.878022 0.470130
v 0.484412 0.821204 0.459999
v 0.484412 0.874709 0.487822
v 0.484412 0.821204 0.459999
v 0.484412 0.818272 0.477759
v 0.484412 0.878022 0.470130
v 0.500000 0.879678 0.461284
v 0.500000 0.822670 0.451119
v 0.484412 0.878022 0.470130
v 0.500000 0.822670 0.451119
v 0.484412 0.821204 0.459999
v 0.500000 0.822670 0.451119
v 0.515588 0.821204 0.459999
v 0.515588 0.765587 0.451569
v 0.500000 0.822670 0.451119
v 0.515588 0.765587 0.451569
v 0.500000 0.766781 0.442649
v 0.515588 0.821204 0.459999
v 0.515588 0.818272 0.477759
v 0.515588 0.763198 0.469410
v 0.515588 0.821204 0.459999
v 0.515588 0.763198 0.469410
v 0.515588 0.765587 0.451569
v 0.515588 0.818272 0.477759
v 0.500000 0.816806 0.486638
v 0.500000 0.762003 0.478330
v 0.515588 0.818272 0.477759
v 0.500000 0.762003 0.478330
v 0.515588 0.763198 0.469410
v 0.500000 0.816806 0.486638
v 0.484412 0.818272 0.477759
v 0.484412 0.763198 0.469410
v 0.500000 0.816806 0.486638
v 0.484412 0.763198 0.469410
v 0.500000 0.762003 0.478330
v 0.484412 0.818272 0.477759
v 0.484412 0.821204 0.459999
v 0.484412 0.765587 0.451569
v 0.484412 0.818272 0.477759
v 0.484412 0.765587 0.451569
v 0.484412 0.763198 0.469410
v 0.484412 0.821204 0.459999
v 0.500000 0.822670 0.451119
v 0.500000 0.766781 0.442649
v 0.484412 0.821204 0.459999
v 0.500000 0.766781 0.442649
v 0.484412 0.765587 0.451569
v 0.500000 0.766781 0.442649
v 0.515588 0.765587 0.451569
v 0.515588 0.711515 0.445313
v 0.500000 0.766781 0.442649
v 0.515588 0.711515 0.445313
v 0.500000 0.712354 0.436353
v 0.515588 0.765587 0.451569
v 0.515588 0.763198 0.469410
v 0.515588 0.709838 0.463235
v 0.515588 0.765587 0.451569
v 0.515588 0.709838 0.463235
v 0.515588 0.711515 0.445313
v 0.515588 0.763198 0.469410
v 0.500000 0.762003 0.478330
v 0.500000 0.709000 0.472196
v 0.515588 0.763198 0.469410
v 0.500000 0.709000 0.472196
v 0.515588 0.709838 0.463235
v 0.500000 0.762003 0.478330
v 0.484412 0.763198 0.469410
v 0.484412 0.709838 0.463235
v 0.500000 0.762003 0.478330
v 0.484412 0.709838 0.463235
v 0.500000 0.709000 0.472196
v 0.484412 0.763198 0.469410
v 0.484412 0.765587 0.451569
v 0.484412 0.711515 0.445313
v 0.484412 0.763198 0.469410
v 0.484412 0.711515 0.445313
v 0.484412 0.709838 0.463235
v 0.484412 0.765587 0.451569
v 0.500000 0.766781 0.442649
v 0.500000 0.712354 0.436353
v 0.484412 0.765587 0.451569
v 0.500000 0.712354 0.436353
v 0.484412 0.711515 0.445313
v 0.500000 0.712354 0.436353
v 0.515588 0.711515 0.445313
v 0.515588 0.659275 0.441624
v 0.500000 0.712354 0.436353
v 0.515588 0.659275 0.441624
v 0.500000 0.659672 0.432633
v 0.515588 0.711515 0.445313
v 0.515588 0.709838 0.463235
v 0.515588 0.658482 0.459606
v 0.515588 0.711515 0.445313
v 0.515588 0.658482 0.459606
v 0.515588 0.659275 0.441624
v 0.515588 0.709838 0.463235
v 0.500000 0.709000 0.472196
v 0.500000 0.658085 0.468598
v 0.515588 0.709838 0.463235
v 0.500000 0.658085 0.468598
v 0.515588 0.658482 0.459606
v 0.500000 0.709000 0.472196
v 0.484412 0.709838 0.463235
v 0.484412 0.658482 0.459606
v 0.500000 0.709000 0.472196
v 0.484412 0.658482 0.459606
v 0.500000 0.658085 0.468598
v 0.484412 0.709838 0.463235
v 0.484412 0.711515 0.445313
v 0.484412 0.659275 0.441624
v 0.484412 0.709838 0.463235
v 0.484412 0.659275 0.441624
v 0.484412 0.658482 0.459606
v 0.484412 0.711515 0.445313
v 0.500000 0.712354 0.436353
v 0.500000 0.659672 0.432633
v 0.484412 0.711515 0.445313
v 0.500000 0.659672 0.432633
v 0.484412 0.659275 0.441624
v 0.500000 0.659672 0.432633
v 0.515588 0.659275 0.441624
v 0.515588 0.609083 0.440797
v 0.500000 0.659672 0.432633
v 0.515588 0.609083 0.440797
v 0.500000 0.608955 0.431798
v 0.515588 0.659275 0.441624
v 0.515588 0.658482 0.459606
v 0.515588 0.609338 0.458796
v 0.515588 0.659275 0.441624
v 0.515588 0.609338 0.458796
v 0.515588 0.609083 0.440797
v 0.515588 0.658482 0.459606
v 0.500000 0.658085 0.468598
v 0.500000 0.609466 0.467795
v 0.515588 0.658482 0.459606
v 0.500000 0.609466 0.467795
v 0.515588 0.609338 0.458796
v 0.500000 0.658085 0.468598
v 0.484412 0.658482 0.459606
v 0.484412 0.609338 0.458796
v 0.500000 0.658085 0.468598
v 0.484412 0.609338 0.458796
v 0.500000 0.609466 0.467795
v 0.484412 0.658482 0.459606
v 0.484412 0.659275 0.441624
v 0.484412 0.609083 0.440797
v 0.484412 0.658482 0.459606
v 0.484412 0.609083 0.440797
v 0.484412 0.609338 0.458796
v 0.484412 0.659275 0.441624
v 0.500000 0.659672 0.432633
v 0.500000 0.608955 0.431798
v 0.484412 0.659275 0.441624
v 0.500000 0.608955 0.431798
v 0.484412 0.609083 0.440797
v 0.500000 0.608955 0.431798
v 0.515588 0.609083 0.440797
v 0.515588 0.561079 0.443022
v 0.500000 0.608955 0.431798
v 0.515588 0.561079 0.443022
v 0.500000 0.560355 0.434051
v 0.515588 0.609083 0.440797
v 0.515588 0.609338 0.458796
v 0.515588 0.562528 0.460964
v 0.515588 0.609083 0.440797
v 0.515588 0.562528 0.460964
v 0.515588 0.561079 0.443022
v 0.515588 0.609338 0.458796
v 0.500000 0.609466 0.467795
v 0.500000 0.563252 0.469935
v 0.515588 0.609338 0.458796
v 0.500000 0.563252 0.469935
v 0.515588 0.562528 0.460964
v 0.500000 0.609466 0.467795
v 0.484412 0.609338 0.458796
v 0.484412 0.562528 0.460964
v 0.500000 0.609466 0.467795
v 0.484412 0.562528 0.460964
v 0.500000 0.563252 0.469935
v 0.484412 0.609338 0.458796
v 0.484412 0.609083 0.440797
v 0.484412 0.561079 0.443022
v 0.484412 0.609338 0.458796
v 0.484412 0.561079 0.443022
v 0.484412 0.562528 0.460964
v 0.484412 0.609083 0.440797
v 0.500000 0.608955 0.431798
v 0.500000 0.560355 0.434051
v 0.484412 0.609083 0.440797
v 0.500000 0.560355 0.434051
v 0.484412 0.561079 0.443022
v 0.500000 0.560355 0.434051
v 0.515588 0.561079 0.443022
v 0.515588 0.515331 0.448369
v 0.500000 0.560355 0.434051
v 0.515588 0.515331 0.448369
v 0.500000 0.513960 0.439474
v 0.515588 0.561079 0.443022
v 0.515588 0.562528 0.460964
v 0.515588 0.518074 0.466159
v 0.515588 0.561079 0.443022
v 0.515588 0.518074 0.466159
v 0.515588 0.515331 0.448369
v 0.515588 0.562528 0.460964
v 0.500000 0.563252 0.469935
v 0.500000 0.519445 0.475054
v 0.515588 0.562528 0.460964
v 0.500000 0.519445 0.475054
v 0.515588 0.518074 0.466159
v 0.500000 0.563252 0.469935
v 0.484412 0.562528 0.460964
v 0.484412 0.518074 0.466159
v 0.500000 0.563252 0.469935
v 0.484412 0.518074 0.466159
v 0.500000 0.519445 0.475054
v 0.484412 0.562528 0.460964
v 0.484412 0.561079 0.443022
v 0.484412 0.515331 0.448369
v 0.484412 0.562528 0.460964
v 0.484412 0.515331 0.448369
v 0.484412 0.518074 0.466159
v 0.484412 0.561079 0.443022
v 0.500000 0.560355 0.434051
v 0.500000 0.513960 0.439474
v 0.484412 0.561079 0.443022
v 0.500000 0.513960 0.439474
v 0.484412 0.515331 0.448369
v 0.500000 0.513960 0.439474
v 0.515588 0.515331 0.448369
v 0.515588 0.471826 0.456784
v 0.500000 0.513960 0.439474
v 0.515588 0.471826 0.456784
v 0.500000 0.469789 0.448017
v 0.515588 0.515331 0.448369
v 0.515588 0.518074 0.466159
v 0.515588 0.475900 0.474317
v 0.515588 0.515331 0.448369
v 0.515588 0.475900 0.474317
v 0.515588 0.471826 0.456784
v 0.515588 0.518074 0.466159
v 0.500000 0.519445 0.475054
v 0.500000 0.477937 0.483083
v 0.515588 0.518074 0.466159
v 0.500000 0.477937 0.483083
v 0.515588 0.475900 0.474317
v 0.500000 0.519445 0.475054
v 0.484412 0.518074 0.466159
v 0.484412 0.475900 0.474317
v 0.500000 0.519445 0.475054
v 0.484412 0.475900 0.474317
v 0.500000 0.477937 0.483083
v 0.484412 0.518074 0.466159
v 0.484412 0.515331 0.448369
v 0.484412 0.471826 0.456784
v 0.484412 0.518074 0.466159
v 0.484412 0.471826 0.456784
v 0.484412 0.475900 0.474317
v 0.484412 0.515331 0.448369
v 0.500000 0.513960 0.439474
v 0.500000 0.469789 0.448017
v 0.484412 0.515331 0.448369
v 0.500000 0.469789 0.448017
v 0.484412 0.471826 0.456784
v 0.500000 0.469789 0.448017
v 0.515588 0.471826 0.456784
v 0.515588 0.430473 0.468085
v 0.500000 0.469789 0.448017
v 0.515588 0.430473 0.468085
v 0.500000 0.427792 0.459494
v 0.515588 0.471826 0.456784
v 0.515588 0.475900 0.474317
v 0.515588 0.435835 0.485268
v 0.515588 0.471826 0.456784
v 0.515588 0.435835 0.485268
v 0.515588 0.430473 0.468085
v 0.515588 0.475900 0.474317
v 0.500000 0.477937 0.483083
v 0.500000 0.438516 0.493859
v 0.515588 0.475900 0.474317
v 0.500000 0.438516 0.493859
v 0.515588 0.435835 0.485268
v 0.500000 0.477937 0.483083
v 0.484412 0.475900 0.474317
v 0.484412 0.435835 0.485268
v 0.500000 0.477937 0.483083
v 0.484412 0.435835 0.485268
v 0.500000 0.438516 0.493859
v 0.484412 0.475900 0.474317
v 0.484412 0.471826 0.456784
v 0.484412 0.430473 0.468085
v 0.484412 0.475900 0.474317
v 0.484412 0.430473 0.468085
v 0.484412 0.435835 0.485268
v 0.484412 0.471826 0.456784
v 0.500000 0.469789 0.448017
v 0.500000 0.427792 0.459494
v 0.484412 0.471826 0.456784
v 0.500000 0.427792 0.459494
v 0.484412 0.430473 0.468085
v 0.500000 0.427792 0.459494
v 0.515588 0.430473 0.468085
v 0.515588 0.391100 0.481971
v 0.500000 0.427792 0.459494
v 0.515588 0.391100 0.481971
v 0.500000 0.387837 0.473583
v 0.515588 0.430473 0.468085
v 0.515588 0.435835 0.485268
v 0.515588 0.397624 0.498747
v 0.515588 0.430473 0.468085
v 0.515588 0.397624 0.498747
v 0.515588 0.391100 0.481971
v 0.515588 0.435835 0.485268
v 0.500000 0.438516 0.493859
v 0.500000 0.400886 0.507135
v 0.515588 0.435835 0.485268
v 0.500000 0.400886 0.507135
v 0.515588 0.397624 0.498747
v 0.500000 0.438516 0.493859
v 0.484412 0.435835 0.485268
v 0.484412 0.397624 0.498747
v 0.500000 0.438516 0.493859
v 0.484412 0.397624 0.498747
v 0.500000 0.400886 0.507135
v 0.484412 0.435835 0.485268
v 0.484412 0.430473 0.468085
v 0.484412 0.391100 0.481971
v 0.484412 0.435835 0.485268
v 0.484412 0.391100 0.481971
v 0.484412 0.397624 0.498747
v 0.484412 0.430473 0.468085
v 0.500000 0.427792 0.459494
v 0.500000 0.387837 0.473583
v 0.484412 0.430473 0.468085
v 0.500000 0.387837 0.473583
v 0.484412 0.391100 0.481971
v 0.500000 0.387837 0.473583
v 0.515588 0.391100 0.481971
v 0.515588 0.353456 0.498032
v 0.500000 0.387837 0.473583
v 0.515588 0.353456 0.498032
v 0.500000 0.349711 0.489848
v 0.515588 0.391100 0.481971
v 0.515588 0.397624 0.498747
v 0.515588 0.360945 0.514400
v 0.515588 0.391100 0.481971
v 0.515588 0.360945 0.514400
v 0.515588 0.353456 0.498032
v 0.515588 0.397624 0.498747
v 0.500000 0.400886 0.507135
v 0.500000 0.364690 0.522584
v 0.515588 0.397624 0.498747
v 0.500000 0.364690 0.522584
v 0.515588 0.360945 0.514400
v 0.500000 0.400886 0.507135
v 0.484412 0.397624 0.498747
v 0.484412 0.360945 0.514400
v 0.500000 0.400886 0.507135
v 0.484412 0.360945 0.514400
v 0.500000 0.364690 0.522584
v 0.484412 0.397624 0.498747
v 0.484412 0.391100 0.481971
v 0.484412 0.353456 0.498032
v 0.484412 0.397624 0.498747
v 0.484412 0.353456 0.498032
v 0.484412 0.360945 0.514400
v 0.484412 0.391100 0.481971
v 0.500000 0.387837 0.473583
v 0.500000 0.349711 0.489848
v 0.484412 0.391100 0.481971
v 0.500000 0.349711 0.489848
v 0.484412 0.353456 0.498032
v 0.500000 0.349711 0.489848
v 0.515588 0.353456 0.498032
v 0.515588 0.317217 0.515770
v 0.500000 0.349711 0.489848
v 0.515588 0.317217 0.515770
v 0.500000 0.313113 0.507760
v 0.515588 0.353456 0.498032
v 0.515588 0.360945 0.514400
v 0.515588 0.325423 0.531791
v 0.515588 0.353456 0.498032
v 0.515588 0.325423 0.531791
v 0.515588 0.317217 0.515770
v 0.515588 0.360945 0.514400
v 0.500000 0.364690 0.522584
v 0.500000 0.329526 0.539801
v 0.515588 0.360945 0.514400
v 0.500000 0.329526 0.539801
v 0.515588 0.325423 0.531791
v 0.500000 0.364690 0.522584
v 0.484412 0.360945 0.514400
v 0.484412 0.325423 0.531791
v 0.500000 0.364690 0.522584
v 0.484412 0.325423 0.531791
v 0.500000 0.329526 0.539801
v 0.484412 0.360945 0.514400
v 0.484412 0.353456 0.498032
v 0.484412 0.317217 0.515770
v 0.484412 0.360945 0.514400
v 0.484412 0.317217 0.515770
v 0.484412 0.325423 0.531791
v 0.484412 0.353456 0.498032
v 0.500000 0.349711 0.489848
v 0.500000 0.313113 0.507760
v 0.484412 0.353456 0.498032
v 0.500000 0.313113 0.507760
v 0.484412 0.317217 0.515770
v 0.500000 0.313113 0.507760
v 0.515588 0.317217 0.515770
v 0.515588 0.281999 0.534628
v 0.500000 0.313113 0.507760
v 0.515588 0.281999 0.534628
v 0.500000 0.277676 0.526734
v 0.515588 0.317217 0.515770
v 0.515588 0.325423 0.531791
v 0.515588 0.290644 0.550416
v 0.515588 0.317217 0.515770
v 0.515588 0.290644 0.550416
v 0.515588 0.281999 0.534628
v 0.515588 0.325423 0.531791
v 0.500000 0.329526 0.539801
v 0.500000 0.294967 0.558310
v 0.515588 0.325423 0.531791
v 0.500000 0.294967 0.558310
v 0.515588 0.290644 0.550416
v 0.500000 0.329526 0.539801
v 0.484412 0.325423 0.531791
v 0.484412 0.290644 0.550416
v 0.500000 0.329526 0.539801
v 0.484412 0.290644 0.550416
v 0.500000 0.294967 0.558310
v 0.484412 0.325423 0.531791
v 0.484412 0.317217 0.515770
v 0.484412 0.281999 0.534628
v 0.484412 0.325423 0.531791
v 0.484412 0.281999 0.534628
v 0.484412 0.290644 0.550416
v 0.484412 0.317217 0.515770
v 0.500000 0.313113 0.507760
v 0.500000 0.277676 0.526734
v 0.484412 0.317217 0.515770
v 0.500000 0.277676 0.526734
v 0.484412 0.281999 0.534628
v 0.500000 0.277676 0.526734
v 0.515588 0.281999 0.534628
v 0.515588 0.247377 0.554010
v 0.500000 0.277676 0.526734
v 0.515588 0.247377 0.554010
v 0.500000 0.242980 0.546156
v 0.515588 0.281999 0.534628
v 0.515588 0.290644 0.550416
v 0.515588 0.256169 0.569716
v 0.515588 0.281999 0.534628
v 0.515588 0.256169 0.569716
v 0.515588 0.247377 0.554010
v 0.515588 0.290644 0.550416
v 0.500000 0.294967 0.558310
v 0.500000 0.260566 0.577569
v 0.515588 0.290644 0.550416
v 0.500000 0.260566 0.577569
v 0.515588 0.256169 0.569716
v 0.500000 0.294967 0.558310
v 0.484412 0.290644 0.550416
v 0.484412 0.256169 0.569716
v 0.500000 0.294967 0.558310
v 0.484412 0.256169 0.569716
v 0.500000 0.260566 0.577569
v 0.484412 0.290644 0.550416
v 0.484412 0.281999 0.534628
v 0.484412 0.247377 0.554010
v 0.484412 0.290644 0.550416
v 0.484412 0.247377 0.554010
v 0.484412 0.256169 0.569716
v 0.484412 0.281999 0.534628
v 0.500000 0.277676 0.526734
v 0.500000 0.242980 0.546156
v 0.484412 0.281999 0.534628
v 0.500000 0.242980 0.546156
v 0.484412 0.247377 0.554010
v 0.500000 0.991834 0.502123
v 0.515588 0.993640 0.493306
v 0.500000 0.995447 0.484490
v 0.500000 0.991834 0.502123
v 0.515588 0.990028 0.510940
v 0.515588 0.993640 0.493306
v 0.500000 0.991834 0.502123
v 0.500000 0.988222 0.519757
v 0.515588 0.990028 0.510940
v 0.500000 0.991834 0.502123
v 0.484412 0.990028 0.510940
v 0.500000 0.988222 0.519757
v 0.500000 0.991834 0.502123
v 0.484412 0.993640 0.493306
v 0.484412 0.990028 0.510940
v 0.500000 0.991834 0.502123
v 0.500000 0.995447 0.484490
v 0.484412 0.993640 0.493306
v 0.500000 0.251773 0.561863
v 0.500000 0.242980 0.546156
v 0.515588 0.247377 0.554010
v 0.500000 0.251773 0.561863
v 0.515588 0.247377 0.554010
v 0.515588 0.256169 0.569716
v 0.500000 0.251773 0.561863
v 0.515588 0.256169 0.569716
v 0.500000 0.260566 0.577569
v 0.500000 0.251773 0.561863
v 0.500000 0.260566 0.577569
v 0.484412 0.256169 0.569716
v 0.500000 0.251773 0.561863
v 0.484412 0.256169 0.569716
v 0.484412 0.247377 0.554010
v 0.500000 0.251773 0.561863
v 0.484412 0.247377 0.554010
v 0.500000 0.242980 0.546156
vt 0.040000 0.040000
vt 0.040000 0.960000
vt 0.960000 0.960000
vt 0.040000 0.040000
vt 0.960000 0.960000
vt 0.960000 0.040000
vt 0.040000 0.040000
vt 0.040000 0.960000
vt 0.960000 0.960000
vt 0.040000 0.040000
vt 0.960000 0.960000
vt 0.960000 0.040000
vt 0.040000 0.040000
vt 0.040000 0.960000
vt 0.960000 0.960000
vt 0.040000 0.040000
vt 0.960000 0.960000
vt 0.960000 0.040000
vt 0.040000 0.040000
vt 0.040000 0.960000
vt 0.960000 0.960000
vt 0.040000 0.040000
vt 0.960000 0.960000
vt 0.960000 0.040000
vt 0.040000 0.040000
vt 0.040000 0.960000
vt 0.960000 0.960000
vt 0.040000 0.040000
vt 0.960000 0.960000
vt 0.960000 0.040000
vt 0.040000 0.040000
vt 0.040000 0.960000
vt 0.960000 0.960000
vt 0.040000 0.040000
vt 0.960000 0.960000
vt 0.960000 0.040000
vt 0.040000 0.040000
vt 0.040000 0.166667
vt 0.062500 0.166667
vt 0.040000 0.040000
vt 0.062500 0.166667
vt 0.062500 0.040000
vt 0.062500 0.040000
vt 0.062500 0.166667
vt 0.125000 0.166667
vt 0.062500 0.040000
vt 0.125000 0.166667
vt 0.125000 0.040000
vt 0.125000 0.040000
vt 0.125000 0.166667
vt 0.187500 0.166667
vt 0.125000 0.040000
vt 0.187500 0.166667
vt 0.187500 0.040000
vt 0.187500 0.040000
vt 0.187500 0.166667
vt 0.250000 0.166667
vt 0.187500 0.040000
vt 0.250000 0.166667
vt 0.250000 0.040000
vt 0.250000 0.040000
vt 0.250000 0.166667
vt 0.312500 0.166667
vt 0.250000 0.040000
vt 0.312500 0.166667
vt 0.312500 0.040000
vt 0.312500 0.040000
vt 0.312500 0.166667
vt 0.375000 0.166667
vt 0.312500 0.040000
vt 0.375000 0.166667
vt 0.375000 0.040000
vt 0.375000 0.040000
vt 0.375000 0.166667
vt 0.437500 0.166667
vt 0.375000 0.040000
vt 0.437500 0.166667
vt 0.437500 0.040000
vt 0.437500 0.040000
vt 0.437500 0.166667
vt 0.500000 0.166667
vt 0.437500 0.040000
vt 0.500000 0.166667
vt 0.500000 0.040000
vt 0.500000 0.040000
vt 0.500000 0.166667
vt 0.562500 0.166667
vt 0.500000 0.040000
vt 0.562500 0.166667
vt 0.562500 0.040000
vt 0.562500 0.040000
vt 0.562500 0.166667
vt 0.625000 0.166667
vt 0.562500 0.040000
vt 0.625000 0.166667
vt 0.625000 0.040000
vt 0.625000 0.040000
vt 0.625000 0.166667
vt 0.687500 0.166667
vt 0.625000 0.040000
vt 0.687500 0.166667
vt 0.687500 0.040000
vt 0.687500 0.040000
vt 0.687500 0.166667
vt 0.750000 0.166667
vt 0.687500 0.040000
vt 0.750000 0.166667
vt 0.750000 0.040000
vt 0.750000 0.040000
vt 0.750000 0.166667
vt 0.812500 0.166667
vt 0.750000 0.040000
vt 0.812500 0.166667
vt 0.812500 0.040000
vt 0.812500 0.040000
vt 0.812500 0.166667
vt 0.875000 0.166667
vt 0.812500 0.040000
vt 0.875000 0.166667
vt 0.875000 0.040000
vt 0.875000 0.040000
vt 0.875000 0.166667
vt 0.937500 0.166667
vt 0.875000 0.040000
vt 0.937500 0.166667
vt 0.937500 0.040000
vt 0.937500 0.040000
vt 0.937500 0.166667
vt 0.960000 0.166667
vt 0.937500 0.040000
vt 0.960000 0.166667
vt 0.960000 0.040000
vt 0.040000 0.166667
vt 0.040000 0.333333
vt 0.062500 0.333333
vt 0.040000 0.166667
vt 0.062500 0.333333
vt 0.062500 0.166667
vt 0.062500 0.166667
vt 0.062500 0.333333
vt 0.125000 0.333333
vt 0.062500 0.166667
vt 0.125000 0.333333
vt 0.125000 0.166667
vt 0.125000 0.166667
vt 0.125000 0.333333
vt 0.187500 0.333333
vt 0.125000 0.166667
vt 0.187500 0.333333
vt 0.187500 0.166667
vt 0.187500 0.166667
vt 0.187500 0.333333
vt 0.250000 0.333333
vt 0.187500 0.166667
vt 0.250000 0.333333
vt 0.250000 0.166667
vt 0.250000 0.166667
vt 0.250000 0.333333
vt 0.312500 0.333333
vt 0.250000 0.166667
vt 0.312500 0.333333
vt 0.312500 0.166667
vt 0.312500 0.166667
vt 0.312500 0.333333
vt 0.375000 0.333333
vt 0.312500 0.166667
vt 0.375000 0.333333
vt 0.375000 0.166667
vt 0.375000 0.166667
vt 0.375000 0.333333
vt 0.437500 0.333333
vt 0.375000 0.166667
vt 0.437500 0.333333
vt 0.437500 0.166667
vt 0.437500 0.166667
vt 0.437500 0.333333
vt 0.500000 0.333333
vt 0.437500 0.166667
vt 0.500000 0.333333
vt 0.500000 0.166667
vt 0.500000 0.166667
vt 0.500000 0.333333
vt 0.562500 0.333333
vt 0.500000 0.166667
vt 0.562500 0.333333
vt 0.562500 0.166667
vt 0.562500 0.166667
vt 0.562500 0.333333
vt 0.625000 0.333333
vt 0.562500 0.166667
vt 0.625000 0.333333
vt 0.625000 0.166667
vt 0.625000 0.166667
vt 0.625000 0.333333
vt 0.687500 0.333333
vt 0.625000 0.166667
vt 0.687500 0.333333
vt 0.687500 0.166667
vt 0.687500 0.166667
vt 0.687500 0.333333
vt 0.750000 0.333333
vt 0.687500 0.166667
vt 0.750000 0.333333
vt 0.750000 0.166667
vt 0.750000 0.166667
vt 0.750000 0.333333
vt 0.812500 0.333333
vt 0.750000 0.166667
vt 0.812500 0.333333
vt 0.812500 0.166667
vt 0.812500 0.166667
vt 0.812500 0.333333
vt 0.875000 0.333333
vt 0.812500 0.166667
vt 0.875000 0.333333
vt 0.875000 0.166667
vt 0.875000 0.166667
vt 0.875000 0.333333
vt 0.937500 0.333333
vt 0.875000 0.166667
vt 0.937500 0.333333
vt 0.937500 0.166667
vt 0.937500 0.166667
vt 0.937500 0.333333
vt 0.960000 0.333333
vt 0.937500 0.166667
vt 0.960000 0.333333
vt 0.960000 0.166667
vt 0.040000 0.333333
vt 0.040000 0.500000
vt 0.062500 0.500000
vt 0.040000 0.333333
vt 0.062500 0.500000
vt 0.062500 0.333333
vt 0.062500 0.333333
vt 0.062500 0.500000
vt 0.125000 0.500000
vt 0.062500 0.333333
vt 0.125000 0.500000
vt 0.125000 0.333333
vt 0.125000 0.333333
vt 0.125000 0.500000
vt 0.187500 0.500000
vt 0.125000 0.333333
vt 0.187500 0.500000
vt 0.187500 0.333333
vt 0.187500 0.333333
vt 0.187500 0.500000
vt 0.250000 0.500000
vt 0.187500 0.333333
vt 0.250000 0.500000
vt 0.250000 0.333333
vt 0.250000 0.333333
vt 0.250000 0.500000
vt 0.312500 0.500000
vt 0.250000 0.333333
vt 0.312500 0.500000
vt 0.312500 0.333333
vt 0.312500 0.333333
vt 0.312500 0.500000
vt 0.375000 0.500000
vt 0.312500 0.333333
vt 0.375000 0.500000
vt 0.375000 0.333333
vt 0.375000 0.333333
vt 0.375000 0.500000
vt 0.437500 0.500000
vt 0.375000 0.333333
vt 0.437500 0.500000
vt 0.437500 0.333333
vt 0.437500 0.333333
vt 0.437500 0.500000
vt 0.500000 0.500000
vt 0.437500 0.333333
vt 0.500000 0.500000
vt 0.500000 0.333333
vt 0.500000 0.333333
vt 0.500000 0.500000
vt 0.562500 0.500000
vt 0.500000 0.333333
vt 0.562500 0.500000
vt 0.562500 0.333333
vt 0.562500 0.333333
vt 0.562500 0.500000
vt 0.625000 0.500000
vt 0.562500 0.333333
vt 0.625000 0.500000
vt 0.625000 0.333333
vt 0.625000 0.333333
vt 0.625000 0.500000
vt 0.687500 0.500000
vt 0.625000 0.333333
vt 0.687500 0.500000
vt 0.687500 0.333333
vt 0.687500 0.333333
vt 0.687500 0.500000
vt 0.750000 0.500000
vt 0.687500 0.333333
vt 0.750000 0.500000
vt 0.750000 0.333333
vt 0.750000 0.333333
vt 0.750000 0.500000
vt 0.812500 0.500000
vt 0.750000 0.333333
vt 0.812500 0.500000
vt 0.812500 0.333333
vt 0.812500 0.333333
vt 0.812500 0.500000
vt 0.875000 0.500000
vt 0.812500 0.333333
vt 0.875000 0.500000
vt 0.875000 0.333333
vt 0.875000 0.333333
vt 0.875000 0.500000
vt 0.937500 0.500000
vt 0.875000 0.333333
vt 0.937500 0.500000
vt 0.937500 0.333333
vt 0.937500 0.333333
vt 0.937500 0.500000
vt 0.960000 0.500000
vt 0.937500 0.333333
vt 0.960000 0.500000
vt 0.960000 0.333333
vt 0.040000 0.500000
vt 0.040000 0.666667
vt 0.062500 0.666667
vt 0.040000 0.500000
vt 0.062500 0.666667
vt 0.062500 0.500000
vt 0.062500 0.500000
vt 0.062500 0.666667
vt 0.125000 0.666667
vt 0.062500 0.500000
vt 0.125000 0.666667
vt 0.125000 0.500000
vt 0.125000 0.500000
vt 0.125000 0.666667
vt 0.187500 0.666667
vt 0.125000 0.500000
vt 0.187500 0.666667
vt 0.187500 0.500000
vt 0.187500 0.500000
vt 0.187500 0.666667
vt 0.250000 0.666667
vt 0.187500 0.500000
vt 0.250000 0.666667
vt 0.250000 0.500000
vt 0.250000 0.500000
vt 0.250000 0.666667
vt 0.312500 0.666667
vt 0.250000 0.500000
vt 0.312500 0.666667
vt 0.312500 0.500000
vt 0.312500 0.500000
vt 0.312500 0.666667
vt 0.375000 0.666667
vt 0.312500 0.500000
vt 0.375000 0.666667
vt 0.375000 0.500000
vt 0.375000 0.500000
vt 0.375000 0.666667
vt 0.437500 0.666667
vt 0.375000 0.500000
vt 0.437500 0.666667
vt 0.437500 0.500000
vt 0.437500 0.500000
vt 0.437500 0.666667
vt 0.500000 0.666667
vt 0.437500 0.500000
vt 0.500000 0.666667
vt 0.500000 0.500000
vt 0.500000 0.500000
vt 0.500000 0.666667
vt 0.562500 0.666667
vt 0.500000 0.500000
vt 0.562500 0.666667
vt 0.562500 0.500000
vt 0.562500 0.500000
vt 0.562500 0.666667
vt 0.625000 0.666667
vt 0.562500 0.500000
vt 0.625000 0.666667
vt 0.625000 0.500000
vt 0.625000 0.500000
vt 0.625000 0.666667
vt 0.687500 0.666667
vt 0.625000 0.500000
vt 0.687500 0.666667
vt 0.687500 0.500000
vt 0.687500 0.500000
vt 0.687500 0.666667
vt 0.750000 0.666667
vt 0.687500 0.500000
vt 0.750000 0.666667
vt 0.750000 0.500000
vt 0.750000 0.500000
vt 0.750000 0.666667
vt 0.812500 0.666667
vt 0.750000 0.500000
vt 0.812500 0.666667
vt 0.812500 0.500000
vt 0.812500 0.500000
vt 0.812500 0.666667
vt 0.875000 0.666667
vt 0.812500 0.500000
vt 0.875000 0.666667
vt 0.875000 0.500000
vt 0.875000 0.500000
vt 0.875000 0.666667
vt 0.937500 0.666667
vt 0.875000 0.500000
vt 0.937500 0.666667
vt 0.937500 0.500000
vt 0.937500 0.500000
vt 0.937500 0.666667
vt 0.960000 0.666667
vt 0.937500 0.500000
vt 0.960000 0.666667
vt 0.960000 0.500000
vt 0.040000 0.666667
vt 0.040000 0.833333
vt 0.062500 0.833333
vt 0.040000 0.666667
vt 0.062500 0.833333
vt 0.062500 0.666667
vt 0.062500 0.666667
vt 0.062500 0.833333
vt 0.125000 0.833333
vt 0.062500 0.666667
vt 0.125000 0.833333
vt 0.125000 0.666667
vt 0.125000 0.666667
vt 0.125000 0.833333
vt 0.187500 0.833333
vt 0.125000 0.666667
vt 0.187500 0.833333
vt 0.187500 0.666667
vt 0.187500 0.666667
vt 0.187500 0.833333
vt 0.250000 0.833333
vt 0.187500 0.666667
vt 0.250000 0.833333
vt 0.250000 0.666667
vt 0.250000 0.666667
vt 0.250000 0.833333
vt 0.312500 0.833333
vt 0.250000 0.666667
vt 0.312500 0.833333
vt 0.312500 0.666667
vt 0.312500 0.666667
vt 0.312500 0.833333
vt 0.375000 0.833333
vt 0.312500 0.666667
vt 0.375000 0.833333
vt 0.375000 0.666667
vt 0.375000 0.666667
vt 0.375000 0.833333
vt 0.437500 0.833333
vt 0.375000 0.666667
vt 0.437500 0.833333
vt 0.437500 0.666667
vt 0.437500 0.666667
vt 0.437500 0.833333
vt 0.500000 0.833333
vt 0.437500 0.666667
vt 0.500000 0.833333
vt 0.500000 0.666667
vt 0.500000 0.666667
vt 0.500000 0.833333
vt 0.562500 0.833333
vt 0.500000 0.666667
vt 0.562500 0.833333
vt 0.562500 0.666667
vt 0.562500 0.666667
vt 0.562500 0.833333
vt 0.625000 0.833333
vt 0.562500 0.666667
vt 0.625000 0.833333
vt 0.625000 0.666667
vt 0.625000 0.666667
vt 0.625000 0.833333
vt 0.687500 0.833333
vt 0.625000 0.666667
vt 0.687500 0.833333
vt 0.687500 0.666667
vt 0.687500 0.666667
vt 0.687500 0.833333
vt 0.750000 0.833333
vt 0.687500 0.666667
vt 0.750000 0.833333
vt 0.750000 0.666667
vt 0.750000 0.666667
vt 0.750000 0.833333
vt 0.812500 0.833333
vt 0.750000 0.666667
vt 0.812500 0.833333
vt 0.812500 0.666667
vt 0.812500 0.666667
vt 0.812500 0.833333
vt 0.875000 0.833333
vt 0.812500 0.666667
vt 0.875000 0.833333
vt 0.875000 0.666667
vt 0.875000 0.666667
vt 0.875000 0.833333
vt 0.937500 0.833333
vt 0.875000 0.666667
vt 0.937500 0.833333
vt 0.937500 0.666667
vt 0.937500 0.666667
vt 0.937500 0.833333
vt 0.960000 0.833333
vt 0.937500 0.666667
vt 0.960000 0.833333
vt 0.960000 0.666667
vt 0.040000 0.833333
vt 0.040000 0.960000
vt 0.062500 0.960000
vt 0.040000 0.833333
vt 0.062500 0.960000
vt 0.062500 0.833333
vt 0.062500 0.833333
vt 0.062500 0.960000
vt 0.125000 0.960000
vt 0.062500 0.833333
vt 0.125000 0.960000
vt 0.125000 0.833333
vt 0.125000 0.833333
vt 0.125000 0.960000
vt 0.187500 0.960000
vt 0.125000 0.833333
vt 0.187500 0.960000
vt 0.187500 0.833333
vt 0.187500 0.833333
vt 0.187500 0.960000
vt 0.250000 0.960000
vt 0.187500 0.833333
vt 0.250000 0.960000
vt 0.250000 0.833333
vt 0.250000 0.833333
vt 0.250000 0.960000
vt 0.312500 0.960000
vt 0.250000 0.833333
vt 0.312500 0.960000
vt 0.312500 0.833333
vt 0.312500 0.833333
vt 0.312500 0.960000
vt 0.375000 0.960000
vt 0.312500 0.833333
vt 0.375000 0.960000
vt 0.375000 0.833333
vt 0.375000 0.833333
vt 0.375000 0.960000
vt 0.437500 0.960000
vt 0.375000 0.833333
vt 0.437500 0.960000
vt 0.437500 0.833333
vt 0.437500 0.833333
vt 0.437500 0.960000
vt 0.500000 0.960000
vt 0.437500 0.833333
vt 0.500000 0.960000
vt 0.500000 0.833333
vt 0.500000 0.833333
vt 0.500000 0.960000
vt 0.562500 0.960000
vt 0.500000 0.833333
vt 0.562500 0.960000
vt 0.562500 0.833333
vt 0.562500 0.833333
vt 0.562500 0.960000
vt 0.625000 0.960000
vt 0.562500 0.833333
vt 0.625000 0.960000
vt 0.625000 0.833333
vt 0.625000 0.833333
vt 0.625000 0.960000
vt 0.687500 0.960000
vt 0.625000 0.833333
vt 0.687500 0.960000
vt 0.687500 0.833333
vt 0.687500 0.833333
vt 0.687500 0.960000
vt 0.750000 0.960000
vt 0.687500 0.833333
vt 0.750000 0.960000
vt 0.750000 0.833333
vt 0.750000 0.833333
vt 0.750000 0.960000
vt 0.812500 0.960000
vt 0.750000 0.833333
vt 0.812500 0.960000
vt 0.812500 0.833333
vt 0.812500 0.833333
vt 0.812500 0.960000
vt 0.875000 0.960000
vt 0.812500 0.833333
vt 0.875000 0.960000
vt 0.875000 0.833333
vt 0.875000 0.833333
vt 0.875000 0.960000
vt 0.937500 0.960000
vt 0.875000 0.833333
vt 0.937500 0.960000
vt 0.937500 0.833333
vt 0.937500 0.833333
vt 0.937500 0.960000
vt 0.960000 0.960000
vt 0.937500 0.833333
vt 0.960000 0.960000
vt 0.960000 0.833333
vt 0.500000 0.500000
vt 0.900000 0.500000
vt 0.500000 0.900000
vt 0.500000 0.500000
vt 0.900000 0.500000
vt 0.500000 0.900000
vt 0.500000 0.500000
vt 0.900000 0.500000
vt 0.500000 0.900000
vt 0.500000 0.500000
vt 0.900000 0.500000
vt 0.500000 0.900000
vt 0.500000 0.500000
vt 0.900000 0.500000
vt 0.500000 0.900000
vt 0.500000 0.500000
vt 0.900000 0.500000
vt 0.500000 0.900000
vt 0.500000 0.500000
vt 0.900000 0.500000
vt 0.500000 0.900000
vt 0.500000 0.500000
vt 0.900000 0.500000
vt 0.500000 0.900000
vt 0.500000 0.500000
vt 0.900000 0.500000
vt 0.500000 0.900000
vt 0.500000 0.500000
vt 0.900000 0.500000
vt 0.500000 0.900000
vt 0.500000 0.500000
vt 0.900000 0.500000
vt 0.500000 0.900000
vt 0.500000 0.500000
vt 0.900000 0.500000
vt 0.500000 0.900000
vt 0.500000 0.500000
vt 0.900000 0.500000
vt 0.500000 0.900000
vt 0.500000 0.500000
vt 0.900000 0.500000
vt 0.500000 0.900000
vt 0.500000 0.500000
vt 0.900000 0.500000
vt 0.500000 0.900000
vt 0.500000 0.500000
vt 0.900000 0.500000
vt 0.500000 0.900000
vt 0.040000 0.040000
vt 0.040000 0.960000
vt 0.960000 0.960000
vt 0.040000 0.040000
vt 0.960000 0.960000
vt 0.960000 0.040000
vt 0.040000 0.040000
vt 0.040000 0.960000
vt 0.960000 0.960000
vt 0.040000 0.040000
vt 0.960000 0.960000
vt 0.960000 0.040000
vt 0.040000 0.040000
vt 0.040000 0.960000
vt 0.960000 0.960000
vt 0.040000 0.040000
vt 0.960000 0.960000
vt 0.960000 0.040000
vt 0.040000 0.040000
vt 0.040000 0.960000
vt 0.960000 0.960000
vt 0.040000 0.040000
vt 0.960000 0.960000
vt 0.960000 0.040000
vt 0.040000 0.040000
vt 0.040000 0.960000
vt 0.960000 0.960000
vt 0.040000 0.040000
vt 0.960000 0.960000
vt 0.960000 0.040000
vt 0.040000 0.040000
vt 0.040000 0.960000
vt 0.960000 0.960000
vt 0.040000 0.040000
vt 0.960000 0.960000
vt 0.960000 0.040000
vt 0.040000 0.040000
vt 0.040000 0.960000
vt 0.960000 0.960000
vt 0.040000 0.040000
vt 0.960000 0.960000
vt 0.960000 0.040000
vt 0.040000 0.040000
vt 0.040000 0.960000
vt 0.960000 0.960000
vt 0.040000 0.040000
vt 0.960000 0.960000
vt 0.960000 0.040000
vt 0.040000 0.040000
vt 0.040000 0.960000
vt 0.960000 0.960000
vt 0.040000 0.040000
vt 0.960000 0.960000
vt 0.960000 0.040000
vt 0.040000 0.040000
vt 0.040000 0.960000
vt 0.960000 0.960000
vt 0.040000 0.040000
vt 0.960000 0.960000
vt 0.960000 0.040000
vt 0.040000 0.040000
vt 0.040000 0.960000
vt 0.960000 0.960000
vt 0.040000 0.040000
vt 0.960000 0.960000
vt 0.960000 0.040000
vt 0.040000 0.040000
vt 0.040000 0.960000
vt 0.960000 0.960000
vt 0.040000 0.040000
vt 0.960000 0.960000
vt 0.960000 0.040000
vt 0.040000 0.040000
vt 0.040000 0.960000
vt 0.960000 0.960000
vt 0.040000 0.040000
vt 0.960000 0.960000
vt 0.960000 0.040000
vt 0.040000 0.040000
vt 0.040000 0.960000
vt 0.960000 0.960000
vt 0.040000 0.040000
vt 0.960000 0.960000
vt 0.960000 0.040000
vt 0.040000 0.040000
vt 0.040000 0.960000
vt 0.960000 0.960000
vt 0.040000 0.040000
vt 0.960000 0.960000
vt 0.960000 0.040000
vt 0.040000 0.040000
vt 0.040000 0.960000
vt 0.960000 0.960000
vt 0.040000 0.040000
vt 0.960000 0.960000
vt 0.960000 0.040000
vt 0.500000 0.500000
vt 0.915746 0.672208
vt 0.950000 0.500000
vt 0.500000 0.500000
vt 0.818198 0.818198
vt 0.915746 0.672208
vt 0.500000 0.500000
vt 0.672208 0.915746
vt 0.818198 0.818198
vt 0.500000 0.500000
vt 0.500000 0.950000
vt 0.672208 0.915746
vt 0.500000 0.500000
vt 0.327792 0.915746
vt 0.500000 0.950000
vt 0.500000 0.500000
vt 0.181802 0.818198
vt 0.327792 0.915746
vt 0.500000 0.500000
vt 0.084254 0.672208
vt 0.181802 0.818198
vt 0.500000 0.500000
vt 0.050000 0.500000
vt 0.084254 0.672208
vt 0.500000 0.500000
vt 0.084254 0.327792
vt 0.050000 0.500000
vt 0.500000 0.500000
vt 0.181802 0.181802
vt 0.084254 0.327792
vt 0.500000 0.500000
vt 0.327792 0.084254
vt 0.181802 0.181802
vt 0.500000 0.500000
vt 0.500000 0.050000
vt 0.327792 0.084254
vt 0.500000 0.500000
vt 0.672208 0.084254
vt 0.500000 0.050000
vt 0.500000 0.500000
vt 0.818198 0.181802
vt 0.672208 0.084254
vt 0.500000 0.500000
vt 0.915746 0.327792
vt 0.818198 0.181802
vt 0.500000 0.500000
vt 0.950000 0.500000
vt 0.915746 0.327792
vt 0.040000 0.040000
vt 0.100000 0.040000
vt 0.100000 0.500000
vt 0.040000 0.040000
vt 0.100000 0.500000
vt 0.040000 0.500000
vt 0.100000 0.040000
vt 0.200000 0.040000
vt 0.200000 0.500000
vt 0.100000 0.040000
vt 0.200000 0.500000
vt 0.100000 0.500000
vt 0.200000 0.040000
vt 0.300000 0.040000
vt 0.300000 0.500000
vt 0.200000 0.040000
vt 0.300000 0.500000
vt 0.200000 0.500000
vt 0.300000 0.040000
vt 0.400000 0.040000
vt 0.400000 0.500000
vt 0.300000 0.040000
vt 0.400000 0.500000
vt 0.300000 0.500000
vt 0.400000 0.040000
vt 0.500000 0.040000
vt 0.500000 0.500000
vt 0.400000 0.040000
vt 0.500000 0.500000
vt 0.400000 0.500000
vt 0.500000 0.040000
vt 0.600000 0.040000
vt 0.600000 0.500000
vt 0.500000 0.040000
vt 0.600000 0.500000
vt 0.500000 0.500000
vt 0.600000 0.040000
vt 0.700000 0.040000
vt 0.700000 0.500000
vt 0.600000 0.040000
vt 0.700000 0.500000
vt 0.600000 0.500000
vt 0.700000 0.040000
vt 0.800000 0.040000
vt 0.800000 0.500000
vt 0.700000 0.040000
vt 0.800000 0.500000
vt 0.700000 0.500000
vt 0.800000 0.040000
vt 0.900000 0.040000
vt 0.900000 0.500000
vt 0.800000 0.040000
vt 0.900000 0.500000
vt 0.800000 0.500000
vt 0.900000 0.040000
vt 0.960000 0.040000
vt 0.960000 0.500000
vt 0.900000 0.040000
vt 0.960000 0.500000
vt 0.900000 0.500000
vt 0.040000 0.500000
vt 0.100000 0.500000
vt 0.100000 0.960000
vt 0.040000 0.500000
vt 0.100000 0.960000
vt 0.040000 0.960000
vt 0.100000 0.500000
vt 0.200000 0.500000
vt 0.200000 0.960000
vt 0.100000 0.500000
vt 0.200000 0.960000
vt 0.100000 0.960000
vt 0.200000 0.500000
vt 0.300000 0.500000
vt 0.300000 0.960000
vt 0.200000 0.500000
vt 0.300000 0.960000
vt 0.200000 0.960000
vt 0.300000 0.500000
vt 0.400000 0.500000
vt 0.400000 0.960000
vt 0.300000 0.500000
vt 0.400000 0.960000
vt 0.300000 0.960000
vt 0.400000 0.500000
vt 0.500000 0.500000
vt 0.500000 0.960000
vt 0.400000 0.500000
vt 0.500000 0.960000
vt 0.400000 0.960000
vt 0.500000 0.500000
vt 0.600000 0.500000
vt 0.600000 0.960000
vt 0.500000 0.500000
vt 0.600000 0.960000
vt 0.500000 0.960000
vt 0.600000 0.500000
vt 0.700000 0.500000
vt 0.700000 0.960000
vt 0.600000 0.500000
vt 0.700000 0.960000
vt 0.600000 0.960000
vt 0.700000 0.500000
vt 0.800000 0.500000
vt 0.800000 0.960000
vt 0.700000 0.500000
vt 0.800000 0.960000
vt 0.700000 0.960000
vt 0.800000 0.500000
vt 0.900000 0.500000
vt 0.900000 0.960000
vt 0.800000 0.500000
vt 0.900000 0.960000
vt 0.800000 0.960000
vt 0.900000 0.500000
vt 0.960000 0.500000
vt 0.960000 0.960000
vt 0.900000 0.500000
vt 0.960000 0.960000
vt 0.900000 0.960000
vt 0.500000 0.500000
vt 0.500000 0.900000
vt 0.900000 0.500000
vt 0.500000 0.500000
vt 0.500000 0.900000
vt 0.900000 0.500000
vt 0.500000 0.500000
vt 0.500000 0.900000
vt 0.900000 0.500000
vt 0.500000 0.500000
vt 0.500000 0.900000
vt 0.900000 0.500000
vt 0.500000 0.500000
vt 0.500000 0.900000
vt 0.900000 0.500000
vt 0.500000 0.500000
vt 0.500000 0.900000
vt 0.900000 0.500000
vt 0.500000 0.500000
vt 0.500000 0.900000
vt 0.900000 0.500000
vt 0.500000 0.500000
vt 0.500000 0.900000
vt 0.900000 0.500000
vt 0.500000 0.500000
vt 0.500000 0.900000
vt 0.900000 0.500000
vt 0.500000 0.500000
vt 0.500000 0.900000
vt 0.900000 0.500000
vt 0.500000 0.500000
vt 0.900000 0.500000
vt 0.500000 0.900000
vt 0.500000 0.500000
vt 0.900000 0.500000
vt 0.500000 0.900000
vt 0.500000 0.500000
vt 0.900000 0.500000
vt 0.500000 0.900000
vt 0.500000 0.500000
vt 0.900000 0.500000
vt 0.500000 0.900000
vt 0.500000 0.500000
vt 0.900000 0.500000
vt 0.500000 0.900000
vt 0.500000 0.500000
vt 0.900000 0.500000
vt 0.500000 0.900000
vt 0.500000 0.500000
vt 0.900000 0.500000
vt 0.500000 0.900000
vt 0.500000 0.500000
vt 0.900000 0.500000
vt 0.500000 0.900000
vt 0.500000 0.500000
vt 0.900000 0.500000
vt 0.500000 0.900000
vt 0.500000 0.500000
vt 0.900000 0.500000
vt 0.500000 0.900000
vt 0.040000 0.040000
vt 0.040000 0.960000
vt 0.960000 0.960000
vt 0.040000 0.040000
vt 0.960000 0.960000
vt 0.960000 0.040000
vt 0.040000 0.040000
vt 0.040000 0.960000
vt 0.960000 0.960000
vt 0.040000 0.040000
vt 0.960000 0.960000
vt 0.960000 0.040000
vt 0.040000 0.040000
vt 0.040000 0.960000
vt 0.960000 0.960000
vt 0.040000 0.040000
vt 0.960000 0.960000
vt 0.960000 0.040000
vt 0.040000 0.040000
vt 0.040000 0.960000
vt 0.960000 0.960000
vt 0.040000 0.040000
vt 0.960000 0.960000
vt 0.960000 0.040000
vt 0.040000 0.040000
vt 0.040000 0.960000
vt 0.960000 0.960000
vt 0.040000 0.040000
vt 0.960000 0.960000
vt 0.960000 0.040000
vt 0.040000 0.040000
vt 0.040000 0.960000
vt 0.960000 0.960000
vt 0.040000 0.040000
vt 0.960000 0.960000
vt 0.960000 0.040000
vt 0.040000 0.040000
vt 0.040000 0.960000
vt 0.960000 0.960000
vt 0.040000 0.040000
vt 0.960000 0.960000
vt 0.960000 0.040000
vt 0.040000 0.040000
vt 0.960000 0.040000
vt 0.960000 0.960000
vt 0.040000 0.040000
vt 0.960000 0.960000
vt 0.040000 0.960000
vt 0.040000 0.040000
vt 0.960000 0.040000
vt 0.960000 0.960000
vt 0.040000 0.040000
vt 0.960000 0.960000
vt 0.040000 0.960000
vt 0.040000 0.040000
vt 0.040000 0.960000
vt 0.960000 0.960000
vt 0.040000 0.040000
vt 0.960000 0.960000
vt 0.960000 0.040000
vt 0.040000 0.040000
vt 0.040000 0.960000
vt 0.960000 0.960000
vt 0.040000 0.040000
vt 0.960000 0.960000
vt 0.960000 0.040000
vt 0.040000 0.040000
vt 0.960000 0.040000
vt 0.960000 0.960000
vt 0.040000 0.040000
vt 0.960000 0.960000
vt 0.040000 0.960000
vt 0.040000 0.040000
vt 0.125000 0.040000
vt 0.125000 0.333333
vt 0.040000 0.040000
vt 0.125000 0.333333
vt 0.040000 0.333333
vt 0.125000 0.040000
vt 0.250000 0.040000
vt 0.250000 0.333333
vt 0.125000 0.040000
vt 0.250000 0.333333
vt 0.125000 0.333333
vt 0.250000 0.040000
vt 0.375000 0.040000
vt 0.375000 0.333333
vt 0.250000 0.040000
vt 0.375000 0.333333
vt 0.250000 0.333333
vt 0.375000 0.040000
vt 0.500000 0.040000
vt 0.500000 0.333333
vt 0.375000 0.040000
vt 0.500000 0.333333
vt 0.375000 0.333333
vt 0.500000 0.040000
vt 0.625000 0.040000
vt 0.625000 0.333333
vt 0.500000 0.040000
vt 0.625000 0.333333
vt 0.500000 0.333333
vt 0.625000 0.040000
vt 0.750000 0.040000
vt 0.750000 0.333333
vt 0.625000 0.040000
vt 0.750000 0.333333
vt 0.625000 0.333333
vt 0.750000 0.040000
vt 0.875000 0.040000
vt 0.875000 0.333333
vt 0.750000 0.040000
vt 0.875000 0.333333
vt 0.750000 0.333333
vt 0.875000 0.040000
vt 0.960000 0.040000
vt 0.960000 0.333333
vt 0.875000 0.040000
vt 0.960000 0.333333
vt 0.875000 0.333333
vt 0.040000 0.333333
vt 0.125000 0.333333
vt 0.125000 0.666667
vt 0.040000 0.333333
vt 0.125000 0.666667
vt 0.040000 0.666667
vt 0.125000 0.333333
vt 0.250000 0.333333
vt 0.250000 0.666667
vt 0.125000 0.333333
vt 0.250000 0.666667
vt 0.125000 0.666667
vt 0.250000 0.333333
vt 0.375000 0.333333
vt 0.375000 0.666667
vt 0.250000 0.333333
vt 0.375000 0.666667
vt 0.250000 0.666667
vt 0.375000 0.333333
vt 0.500000 0.333333
vt 0.500000 0.666667
vt 0.375000 0.333333
vt 0.500000 0.666667
vt 0.375000 0.666667
vt 0.500000 0.333333
vt 0.625000 0.333333
vt 0.625000 0.666667
vt 0.500000 0.333333
vt 0.625000 0.666667
vt 0.500000 0.666667
vt 0.625000 0.333333
vt 0.750000 0.333333
vt 0.750000 0.666667
vt 0.625000 0.333333
vt 0.750000 0.666667
vt 0.625000 0.666667
vt 0.750000 0.333333
vt 0.875000 0.333333
vt 0.875000 0.666667
vt 0.750000 0.333333
vt 0.875000 0.666667
vt 0.750000 0.666667
vt 0.875000 0.333333
vt 0.960000 0.333333
vt 0.960000 0.666667
vt 0.875000 0.333333
vt 0.960000 0.666667
vt 0.875000 0.666667
vt 0.040000 0.666667
vt 0.125000 0.666667
vt 0.125000 0.960000
vt 0.040000 0.666667
vt 0.125000 0.960000
vt 0.040000 0.960000
vt 0.125000 0.666667
vt 0.250000 0.666667
vt 0.250000 0.960000
vt 0.125000 0.666667
vt 0.250000 0.960000
vt 0.125000 0.960000
vt 0.250000 0.666667
vt 0.375000 0.666667
vt 0.375000 0.960000
vt 0.250000 0.666667
vt 0.375000 0.960000
vt 0.250000 0.960000
vt 0.375000 0.666667
vt 0.500000 0.666667
vt 0.500000 0.960000
vt 0.375000 0.666667
vt 0.500000 0.960000
vt 0.375000 0.960000
vt 0.500000 0.666667
vt 0.625000 0.666667
vt 0.625000 0.960000
vt 0.500000 0.666667
vt 0.625000 0.960000
vt 0.500000 0.960000
vt 0.625000 0.666667
vt 0.750000 0.666667
vt 0.750000 0.960000
vt 0.625000 0.666667
vt 0.750000 0.960000
vt 0.625000 0.960000
vt 0.750000 0.666667
vt 0.875000 0.666667
vt 0.875000 0.960000
vt 0.750000 0.666667
vt 0.875000 0.960000
vt 0.750000 0.960000
vt 0.875000 0.666667
vt 0.960000 0.666667
vt 0.960000 0.960000
vt 0.875000 0.666667
vt 0.960000 0.960000
vt 0.875000 0.960000
vt 0.500000 0.500000
vt 0.500000 0.900000
vt 0.900000 0.500000
vt 0.500000 0.500000
vt 0.500000 0.900000
vt 0.900000 0.500000
vt 0.500000 0.500000
vt 0.500000 0.900000
vt 0.900000 0.500000
vt 0.500000 0.500000
vt 0.500000 0.900000
vt 0.900000 0.500000
vt 0.500000 0.500000
vt 0.500000 0.900000
vt 0.900000 0.500000
vt 0.500000 0.500000
vt 0.500000 0.900000
vt 0.900000 0.500000
vt 0.500000 0.500000
vt 0.500000 0.900000
vt 0.900000 0.500000
vt 0.500000 0.500000
vt 0.500000 0.900000
vt 0.900000 0.500000
vt 0.500000 0.500000
vt 0.900000 0.500000
vt 0.500000 0.900000
vt 0.500000 0.500000
vt 0.900000 0.500000
vt 0.500000 0.900000
vt 0.500000 0.500000
vt 0.900000 0.500000
vt 0.500000 0.900000
vt 0.500000 0.500000
vt 0.900000 0.500000
vt 0.500000 0.900000
vt 0.500000 0.500000
vt 0.900000 0.500000
vt 0.500000 0.900000
vt 0.500000 0.500000
vt 0.900000 0.500000
vt 0.500000 0.900000
vt 0.500000 0.500000
vt 0.900000 0.500000
vt 0.500000 0.900000
vt 0.500000 0.500000
vt 0.900000 0.500000
vt 0.500000 0.900000
vt 0.040000 0.040000
vt 0.166667 0.040000
vt 0.166667 0.062500
vt 0.040000 0.040000
vt 0.166667 0.062500
vt 0.040000 0.062500
vt 0.166667 0.040000
vt 0.333333 0.040000
vt 0.333333 0.062500
vt 0.166667 0.040000
vt 0.333333 0.062500
vt 0.166667 0.062500
vt 0.333333 0.040000
vt 0.500000 0.040000
vt 0.500000 0.062500
vt 0.333333 0.040000
vt 0.500000 0.062500
vt 0.333333 0.062500
vt 0.500000 0.040000
vt 0.666667 0.040000
vt 0.666667 0.062500
vt 0.500000 0.040000
vt 0.666667 0.062500
vt 0.500000 0.062500
vt 0.666667 0.040000
vt 0.833333 0.040000
vt 0.833333 0.062500
vt 0.666667 0.040000
vt 0.833333 0.062500
vt 0.666667 0.062500
vt 0.833333 0.040000
vt 0.960000 0.040000
vt 0.960000 0.062500
vt 0.833333 0.040000
vt 0.960000 0.062500
vt 0.833333 0.062500
vt 0.040000 0.062500
vt 0.166667 0.062500
vt 0.166667 0.125000
vt 0.040000 0.062500
vt 0.166667 0.125000
vt 0.040000 0.125000
vt 0.166667 0.062500
vt 0.333333 0.062500
vt 0.333333 0.125000
vt 0.166667 0.062500
vt 0.333333 0.125000
vt 0.166667 0.125000
vt 0.333333 0.062500
vt 0.500000 0.062500
vt 0.500000 0.125000
vt 0.333333 0.062500
vt 0.500000 0.125000
vt 0.333333 0.125000
vt 0.500000 0.062500
vt 0.666667 0.062500
vt 0.666667 0.125000
vt 0.500000 0.062500
vt 0.666667 0.125000
vt 0.500000 0.125000
vt 0.666667 0.062500
vt 0.833333 0.062500
vt 0.833333 0.125000
vt 0.666667 0.062500
vt 0.833333 0.125000
vt 0.666667 0.125000
vt 0.833333 0.062500
vt 0.960000 0.062500
vt 0.960000 0.125000
vt 0.833333 0.062500
vt 0.960000 0.125000
vt 0.833333 0.125000
vt 0.040000 0.125000
vt 0.166667 0.125000
vt 0.166667 0.187500
vt 0.040000 0.125000
vt 0.166667 0.187500
vt 0.040000 0.187500
vt 0.166667 0.125000
vt 0.333333 0.125000
vt 0.333333 0.187500
vt 0.166667 0.125000
vt 0.333333 0.187500
vt 0.166667 0.187500
vt 0.333333 0.125000
vt 0.500000 0.125000
vt 0.500000 0.187500
vt 0.333333 0.125000
vt 0.500000 0.187500
vt 0.333333 0.187500
vt 0.500000 0.125000
vt 0.666667 0.125000
vt 0.666667 0.187500
vt 0.500000 0.125000
vt 0.666667 0.187500
vt 0.500000 0.187500
vt 0.666667 0.125000
vt 0.833333 0.125000
vt 0.833333 0.187500
vt 0.666667 0.125000
vt 0.833333 0.187500
vt 0.666667 0.187500
vt 0.833333 0.125000
vt 0.960000 0.125000
vt 0.960000 0.187500
vt 0.833333 0.125000
vt 0.960000 0.187500
vt 0.833333 0.187500
vt 0.040000 0.187500
vt 0.166667 0.187500
vt 0.166667 0.250000
vt 0.040000 0.187500
vt 0.166667 0.250000
vt 0.040000 0.250000
vt 0.166667 0.187500
vt 0.333333 0.187500
vt 0.333333 0.250000
vt 0.166667 0.187500
vt 0.333333 0.250000
vt 0.166667 0.250000
vt 0.333333 0.187500
vt 0.500000 0.187500
vt 0.500000 0.250000
vt 0.333333 0.187500
vt 0.500000 0.250000
vt 0.333333 0.250000
vt 0.500000 0.187500
vt 0.666667 0.187500
vt 0.666667 0.250000
vt 0.500000 0.187500
vt 0.666667 0.250000
vt 0.500000 0.250000
vt 0.666667 0.187500
vt 0.833333 0.187500
vt 0.833333 0.250000
vt 0.666667 0.187500
vt 0.833333 0.250000
vt 0.666667 0.250000
vt 0.833333 0.187500
vt 0.960000 0.187500
vt 0.960000 0.250000
vt 0.833333 0.187500
vt 0.960000 0.250000
vt 0.833333 0.250000
vt 0.040000 0.250000
vt 0.166667 0.250000
vt 0.166667 0.312500
vt 0.040000 0.250000
vt 0.166667 0.312500
vt 0.040000 0.312500
vt 0.166667 0.250000
vt 0.333333 0.250000
vt 0.333333 0.312500
vt 0.166667 0.250000
vt 0.333333 0.312500
vt 0.166667 0.312500
vt 0.333333 0.250000
vt 0.500000 0.250000
vt 0.500000 0.312500
vt 0.333333 0.250000
vt 0.500000 0.312500
vt 0.333333 0.312500
vt 0.500000 0.250000
vt 0.666667 0.250000
vt 0.666667 0.312500
vt 0.500000 0.250000
vt 0.666667 0.312500
vt 0.500000 0.312500
vt 0.666667 0.250000
vt 0.833333 0.250000
vt 0.833333 0.312500
vt 0.666667 0.250000
vt 0.833333 0.312500
vt 0.666667 0.312500
vt 0.833333 0.250000
vt 0.960000 0.250000
vt 0.960000 0.312500
vt 0.833333 0.250000
vt 0.960000 0.312500
vt 0.833333 0.312500
vt 0.040000 0.312500
vt 0.166667 0.312500
vt 0.166667 0.375000
vt 0.040000 0.312500
vt 0.166667 0.375000
vt 0.040000 0.375000
vt 0.166667 0.312500
vt 0.333333 0.312500
vt 0.333333 0.375000
vt 0.166667 0.312500
vt 0.333333 0.375000
vt 0.166667 0.375000
vt 0.333333 0.312500
vt 0.500000 0.312500
vt 0.500000 0.375000
vt 0.333333 0.312500
vt 0.500000 0.375000
vt 0.333333 0.375000
vt 0.500000 0.312500
vt 0.666667 0.312500
vt 0.666667 0.375000
vt 0.500000 0.312500
vt 0.666667 0.375000
vt 0.500000 0.375000
vt 0.666667 0.312500
vt 0.833333 0.312500
vt 0.833333 0.375000
vt 0.666667 0.312500
vt 0.833333 0.375000
vt 0.666667 0.375000
vt 0.833333 0.312500
vt 0.960000 0.312500
vt 0.960000 0.375000
vt 0.833333 0.312500
vt 0.960000 0.375000
vt 0.833333 0.375000
vt 0.040000 0.375000
vt 0.166667 0.375000
vt 0.166667 0.437500
vt 0.040000 0.375000
vt 0.166667 0.437500
vt 0.040000 0.437500
vt 0.166667 0.375000
vt 0.333333 0.375000
vt 0.333333 0.437500
vt 0.166667 0.375000
vt 0.333333 0.437500
vt 0.166667 0.437500
vt 0.333333 0.375000
vt 0.500000 0.375000
vt 0.500000 0.437500
vt 0.333333 0.375000
vt 0.500000 0.437500
vt 0.333333 0.437500
vt 0.500000 0.375000
vt 0.666667 0.375000
vt 0.666667 0.437500
vt 0.500000 0.375000
vt 0.666667 0.437500
vt 0.500000 0.437500
vt 0.666667 0.375000
vt 0.833333 0.375000
vt 0.833333 0.437500
vt 0.666667 0.375000
vt 0.833333 0.437500
vt 0.666667 0.437500
vt 0.833333 0.375000
vt 0.960000 0.375000
vt 0.960000 0.437500
vt 0.833333 0.375000
vt 0.960000 0.437500
vt 0.833333 0.437500
vt 0.040000 0.437500
vt 0.166667 0.437500
vt 0.166667 0.500000
vt 0.040000 0.437500
vt 0.166667 0.500000
vt 0.040000 0.500000
vt 0.166667 0.437500
vt 0.333333 0.437500
vt 0.333333 0.500000
vt 0.166667 0.437500
vt 0.333333 0.500000
vt 0.166667 0.500000
vt 0.333333 0.437500
vt 0.500000 0.437500
vt 0.500000 0.500000
vt 0.333333 0.437500
vt 0.500000 0.500000
vt 0.333333 0.500000
vt 0.500000 0.437500
vt 0.666667 0.437500
vt 0.666667 0.500000
vt 0.500000 0.437500
vt 0.666667 0.500000
vt 0.500000 0.500000
vt 0.666667 0.437500
vt 0.833333 0.437500
vt 0.833333 0.500000
vt 0.666667 0.437500
vt 0.833333 0.500000
vt 0.666667 0.500000
vt 0.833333 0.437500
vt 0.960000 0.437500
vt 0.960000 0.500000
vt 0.833333 0.437500
vt 0.960000 0.500000
vt 0.833333 0.500000
vt 0.040000 0.500000
vt 0.166667 0.500000
vt 0.166667 0.562500
vt 0.040000 0.500000
vt 0.166667 0.562500
vt 0.040000 0.562500
vt 0.166667 0.500000
vt 0.333333 0.500000
vt 0.333333 0.562500
vt 0.166667 0.500000
vt 0.333333 0.562500
vt 0.166667 0.562500
vt 0.333333 0.500000
vt 0.500000 0.500000
vt 0.500000 0.562500
vt 0.333333 0.500000
vt 0.500000 0.562500
vt 0.333333 0.562500
vt 0.500000 0.500000
vt 0.666667 0.500000
vt 0.666667 0.562500
vt 0.500000 0.500000
vt 0.666667 0.562500
vt 0.500000 0.562500
vt 0.666667 0.500000
vt 0.833333 0.500000
vt 0.833333 0.562500
vt 0.666667 0.500000
vt 0.833333 0.562500
vt 0.666667 0.562500
vt 0.833333 0.500000
vt 0.960000 0.500000
vt 0.960000 0.562500
vt 0.833333 0.500000
vt 0.960000 0.562500
vt 0.833333 0.562500
vt 0.040000 0.562500
vt 0.166667 0.562500
vt 0.166667 0.625000
vt 0.040000 0.562500
vt 0.166667 0.625000
vt 0.040000 0.625000
vt 0.166667 0.562500
vt 0.333333 0.562500
vt 0.333333 0.625000
vt 0.166667 0.562500
vt 0.333333 0.625000
vt 0.166667 0.625000
vt 0.333333 0.562500
vt 0.500000 0.562500
vt 0.500000 0.625000
vt 0.333333 0.562500
vt 0.500000 0.625000
vt 0.333333 0.625000
vt 0.500000 0.562500
vt 0.666667 0.562500
vt 0.666667 0.625000
vt 0.500000 0.562500
vt 0.666667 0.625000
vt 0.500000 0.625000
vt 0.666667 0.562500
vt 0.833333 0.562500
vt 0.833333 0.625000
vt 0.666667 0.562500
vt 0.833333 0.625000
vt 0.666667 0.625000
vt 0.833333 0.562500
vt 0.960000 0.562500
vt 0.960000 0.625000
vt 0.833333 0.562500
vt 0.960000 0.625000
vt 0.833333 0.625000
vt 0.040000 0.625000
vt 0.166667 0.625000
vt 0.166667 0.687500
vt 0.040000 0.625000
vt 0.166667 0.687500
vt 0.040000 0.687500
vt 0.166667 0.625000
vt 0.333333 0.625000
vt 0.333333 0.687500
vt 0.166667 0.625000
vt 0.333333 0.687500
vt 0.166667 0.687500
vt 0.333333 0.625000
vt 0.500000 0.625000
vt 0.500000 0.687500
vt 0.333333 0.625000
vt 0.500000 0.687500
vt 0.333333 0.687500
vt 0.500000 0.625000
vt 0.666667 0.625000
vt 0.666667 0.687500
vt 0.500000 0.625000
vt 0.666667 0.687500
vt 0.500000 0.687500
vt 0.666667 0.625000
vt 0.833333 0.625000
vt 0.833333 0.687500
vt 0.666667 0.625000
vt 0.833333 0.687500
vt 0.666667 0.687500
vt 0.833333 0.625000
vt 0.960000 0.625000
vt 0.960000 0.687500
vt 0.833333 0.625000
vt 0.960000 0.687500
vt 0.833333 0.687500
vt 0.040000 0.687500
vt 0.166667 0.687500
vt 0.166667 0.750000
vt 0.040000 0.687500
vt 0.166667 0.750000
vt 0.040000 0.750000
vt 0.166667 0.687500
vt 0.333333 0.687500
vt 0.333333 0.750000
vt 0.166667 0.687500
vt 0.333333 0.750000
vt 0.166667 0.750000
vt 0.333333 0.687500
vt 0.500000 0.687500
vt 0.500000 0.750000
vt 0.333333 0.687500
vt 0.500000 0.750000
vt 0.333333 0.750000
vt 0.500000 0.687500
vt 0.666667 0.687500
vt 0.666667 0.750000
vt 0.500000 0.687500
vt 0.666667 0.750000
vt 0.500000 0.750000
vt 0.666667 0.687500
vt 0.833333 0.687500
vt 0.833333 0.750000
vt 0.666667 0.687500
vt 0.833333 0.750000
vt 0.666667 0.750000
vt 0.833333 0.687500
vt 0.960000 0.687500
vt 0.960000 0.750000
vt 0.833333 0.687500
vt 0.960000 0.750000
vt 0.833333 0.750000
vt 0.040000 0.750000
vt 0.166667 0.750000
vt 0.166667 0.812500
vt 0.040000 0.750000
vt 0.166667 0.812500
vt 0.040000 0.812500
vt 0.166667 0.750000
vt 0.333333 0.750000
vt 0.333333 0.812500
vt 0.166667 0.750000
vt 0.333333 0.812500
vt 0.166667 0.812500
vt 0.333333 0.750000
vt 0.500000 0.750000
vt 0.500000 0.812500
vt 0.333333 0.750000
vt 0.500000 0.812500
vt 0.333333 0.812500
vt 0.500000 0.750000
vt 0.666667 0.750000
vt 0.666667 0.812500
vt 0.500000 0.750000
vt 0.666667 0.812500
vt 0.500000 0.812500
vt 0.666667 0.750000
vt 0.833333 0.750000
vt 0.833333 0.812500
vt 0.666667 0.750000
vt 0.833333 0.812500
vt 0.666667 0.812500
vt 0.833333 0.750000
vt 0.960000 0.750000
vt 0.960000 0.812500
vt 0.833333 0.750000
vt 0.960000 0.812500
vt 0.833333 0.812500
vt 0.040000 0.812500
vt 0.166667 0.812500
vt 0.166667 0.875000
vt 0.040000 0.812500
vt 0.166667 0.875000
vt 0.040000 0.875000
vt 0.166667 0.812500
vt 0.333333 0.812500
vt 0.333333 0.875000
vt 0.166667 0.812500
vt 0.333333 0.875000
vt 0.166667 0.875000
vt 0.333333 0.812500
vt 0.500000 0.812500
vt 0.500000 0.875000
vt 0.333333 0.812500
vt 0.500000 0.875000
vt 0.333333 0.875000
vt 0.500000 0.812500
vt 0.666667 0.812500
vt 0.666667 0.875000
vt 0.500000 0.812500
vt 0.666667 0.875000
vt 0.500000 0.875000
vt 0.666667 0.812500
vt 0.833333 0.812500
vt 0.833333 0.875000
vt 0.666667 0.812500
vt 0.833333 0.875000
vt 0.666667 0.875000
vt 0.833333 0.812500
vt 0.960000 0.812500
vt 0.960000 0.875000
vt 0.833333 0.812500
vt 0.960000 0.875000
vt 0.833333 0.875000
vt 0.040000 0.875000
vt 0.166667 0.875000
vt 0.166667 0.937500
vt 0.040000 0.875000
vt 0.166667 0.937500
vt 0.040000 0.937500
vt 0.166667 0.875000
vt 0.333333 0.875000
vt 0.333333 0.937500
vt 0.166667 0.875000
vt 0.333333 0.937500
vt 0.166667 0.937500
vt 0.333333 0.875000
vt 0.500000 0.875000
vt 0.500000 0.937500
vt 0.333333 0.875000
vt 0.500000 0.937500
vt 0.333333 0.937500
vt 0.500000 0.875000
vt 0.666667 0.875000
vt 0.666667 0.937500
vt 0.500000 0.875000
vt 0.666667 0.937500
vt 0.500000 0.937500
vt 0.666667 0.875000
vt 0.833333 0.875000
vt 0.833333 0.937500
vt 0.666667 0.875000
vt 0.833333 0.937500
vt 0.666667 0.937500
vt 0.833333 0.875000
vt 0.960000 0.875000
vt 0.960000 0.937500
vt 0.833333 0.875000
vt 0.960000 0.937500
vt 0.833333 0.937500
vt 0.040000 0.937500
vt 0.166667 0.937500
vt 0.166667 0.960000
vt 0.040000 0.937500
vt 0.166667 0.960000
vt 0.040000 0.960000
vt 0.166667 0.937500
vt 0.333333 0.937500
vt 0.333333 0.960000
vt 0.166667 0.937500
vt 0.333333 0.960000
vt 0.166667 0.960000
vt 0.333333 0.937500
vt 0.500000 0.937500
vt 0.500000 0.960000
vt 0.333333 0.937500
vt 0.500000 0.960000
vt 0.333333 0.960000
vt 0.500000 0.937500
vt 0.666667 0.937500
vt 0.666667 0.960000
vt 0.500000 0.937500
vt 0.666667 0.960000
vt 0.500000 0.960000
vt 0.666667 0.937500
vt 0.833333 0.937500
vt 0.833333 0.960000
vt 0.666667 0.937500
vt 0.833333 0.960000
vt 0.666667 0.960000
vt 0.833333 0.937500
vt 0.960000 0.937500
vt 0.960000 0.960000
vt 0.833333 0.937500
vt 0.960000 0.960000
vt 0.833333 0.960000
vt 0.500000 0.500000
vt 0.500000 0.900000
vt 0.900000 0.500000
vt 0.500000 0.500000
vt 0.500000 0.900000
vt 0.900000 0.500000
vt 0.500000 0.500000
vt 0.500000 0.900000
vt 0.900000 0.500000
vt 0.500000 0.500000
vt 0.500000 0.900000
vt 0.900000 0.500000
vt 0.500000 0.500000
vt 0.500000 0.900000
vt 0.900000 0.500000
vt 0.500000 0.500000
vt 0.500000 0.900000
vt 0.900000 0.500000
vt 0.500000 0.500000
vt 0.900000 0.500000
vt 0.500000 0.900000
vt 0.500000 0.500000
vt 0.900000 0.500000
vt 0.500000 0.900000
vt 0.500000 0.500000
vt 0.900000 0.500000
vt 0.500000 0.900000
vt 0.500000 0.500000
vt 0.900000 0.500000
vt 0.500000 0.900000
vt 0.500000 0.500000
vt 0.900000 0.500000
vt 0.500000 0.900000
vt 0.500000 0.500000
vt 0.900000 0.500000
vt 0.500000 0.900000
vn 0.000000 -1.000000 0.000000
vn 0.000000 -1.000000 0.000000
vn 0.000000 1.000000 0.000000
vn 0.000000 1.000000 0.000000
vn 0.000000 0.000000 -1.000000
vn 0.000000 0.000000 -1.000000
vn 0.000000 -0.000000 1.000000
vn 0.000000 0.000000 1.000000
vn 1.000000 0.000000 0.000000
vn 1.000000 0.000000 0.000000
vn -1.000000 0.000000 0.000000
vn -1.000000 0.000000 0.000000
vn 0.877419 0.257080 0.405025
vn 0.883110 0.239083 0.403679
vn 0.774115 0.536335 0.336289
vn 0.802436 0.499228 0.326906
vn 0.571188 0.764749 0.298167
vn 0.611472 0.739943 0.280333
vn 0.297276 0.903022 0.310126
vn 0.316105 0.900400 0.298928
vn 0.000596 0.924047 0.382279
vn -0.016101 0.918071 0.396089
vn -0.263818 0.822411 0.504024
vn -0.290139 0.791460 0.537968
vn -0.450472 0.617556 0.644748
vn -0.459429 0.578032 0.674391
vn -0.535989 0.348449 0.768960
vn -0.532862 0.331485 0.778573
vn -0.519118 0.058741 0.852682
vn -0.528293 0.074203 0.845814
vn -0.409239 -0.213351 0.887133
vn -0.444301 -0.184021 0.876774
vn -0.219410 -0.432883 0.874341
vn -0.264704 -0.416593 0.869703
vn 0.029768 -0.566059 0.823827
vn 0.009172 -0.566672 0.823892
vn 0.305060 -0.587568 0.749468
vn 0.323864 -0.579153 0.748127
vn 0.563429 -0.491466 0.664085
vn 0.596733 -0.456526 0.659919
vn 0.762607 -0.295235 0.575559
vn 0.780242 -0.252282 0.572343
vn 0.872325 -0.032851 0.487821
vn 0.873009 -0.014076 0.487501
vn 0.962285 0.232434 0.141360
vn 0.964384 0.223835 0.140929
vn 0.821343 0.570422 -0.003775
vn 0.833219 0.552881 -0.008296
vn 0.552593 0.828600 -0.089794
vn 0.568461 0.816751 -0.098843
vn 0.220388 0.970972 -0.092966
vn 0.227374 0.968798 -0.098651
vn -0.119609 0.992785 -0.008499
vn -0.125982 0.992032 -0.001063
vn -0.425341 0.891651 0.155060
vn -0.436431 0.882375 0.175907
vn -0.648682 0.665336 0.369513
vn -0.652239 0.649740 0.390414
vn -0.738910 0.342236 0.580419
vn -0.736601 0.334775 0.587660
vn -0.681088 -0.006101 0.732176
vn -0.686523 0.000369 0.727108
vn -0.508593 -0.307127 0.804367
vn -0.526027 -0.296864 0.796974
vn -0.268283 -0.522978 0.809023
vn -0.287224 -0.518920 0.805124
vn 0.005297 -0.642497 0.766270
vn -0.002392 -0.643316 0.765597
vn 0.289143 -0.662903 0.690620
vn 0.296114 -0.659748 0.690688
vn 0.562044 -0.581295 0.588390
vn 0.575816 -0.568453 0.587620
vn 0.795032 -0.395337 0.460036
vn 0.804130 -0.377939 0.458843
vn 0.945132 -0.112540 0.306693
vn 0.946208 -0.104060 0.306370
vn 0.977232 0.196032 -0.081170
vn 0.977741 0.193292 -0.081619
vn 0.798406 0.547904 -0.249698
vn 0.801487 0.542368 -0.251904
vn 0.499818 0.799523 -0.333084
vn 0.503803 0.795589 -0.336483
vn 0.158147 0.931773 -0.326784
vn 0.159906 0.930813 -0.328660
vn -0.183178 0.953440 -0.239580
vn -0.184885 0.953701 -0.237218
vn -0.498739 0.863295 -0.077337
vn -0.502145 0.861911 -0.070431
vn -0.747630 0.647360 0.148237
vn -0.749168 0.643768 0.155916
vn -0.862725 0.314982 0.395591
vn -0.862096 0.312928 0.398581
vn -0.801081 -0.060414 0.595500
vn -0.802904 -0.058567 0.593224
vn -0.597929 -0.381817 0.704767
vn -0.603765 -0.379177 0.701208
vn -0.323906 -0.601697 0.730100
vn -0.329922 -0.601039 0.727945
vn -0.026496 -0.718101 0.695434
vn -0.028828 -0.718531 0.694897
vn 0.273297 -0.738346 0.616567
vn 0.275383 -0.737302 0.616887
vn 0.561931 -0.660954 0.497366
vn 0.566177 -0.656990 0.497802
vn 0.813840 -0.474880 0.334892
vn 0.816863 -0.469475 0.335154
vn 0.975465 -0.176038 0.132209
vn 0.975925 -0.173341 0.132376
vn 0.957560 0.154500 -0.243330
vn 0.956997 0.161334 -0.241099
vn 0.782381 0.513285 -0.352731
vn 0.776539 0.527278 -0.344913
vn 0.498474 0.780404 -0.377484
vn 0.490020 0.790492 -0.367427
vn 0.161687 0.928897 -0.333177
vn 0.157734 0.931341 -0.328214
vn -0.188244 0.952853 -0.237984
vn -0.184293 0.952176 -0.243715
vn -0.517917 0.849232 -0.102797
vn -0.509660 0.852169 -0.118551
vn -0.783833 0.617529 0.065297
vn -0.778998 0.625191 0.047932
vn -0.927210 0.277758 0.251262
vn -0.927768 0.282342 0.243986
vn -0.899713 -0.107991 0.422912
vn -0.896140 -0.112493 0.429277
vn -0.708486 -0.451280 0.542581
vn -0.694888 -0.458318 0.554144
vn -0.415020 -0.691646 0.591087
vn -0.399884 -0.693710 0.599048
vn -0.083106 -0.817358 0.570104
vn -0.077056 -0.816383 0.572348
vn 0.250406 -0.836894 0.486729
vn 0.244896 -0.839441 0.485143
vn 0.563482 -0.750479 0.345354
vn 0.551985 -0.760301 0.342426
vn 0.822989 -0.546753 0.154110
vn 0.814365 -0.560255 0.151408
vn 0.971839 -0.228075 -0.059259
vn 0.970145 -0.234809 -0.060699
vn 0.936218 0.128830 -0.326954
vn 0.936270 0.134495 -0.324513
vn 0.766767 0.484380 -0.421241
vn 0.763179 0.496472 -0.413611
vn 0.488393 0.755234 -0.437143
vn 0.482248 0.764476 -0.427801
vn 0.149702 0.909334 -0.388203
vn 0.146597 0.911751 -0.383692
vn -0.207014 0.933911 -0.291471
vn -0.203794 0.933008 -0.296586
vn -0.541629 0.825345 -0.159512
vn -0.534790 0.827027 -0.173281
vn -0.807795 0.589461 -0.001686
vn -0.803586 0.594957 -0.016613
vn -0.952835 0.252397 0.168528
vn -0.953014 0.255823 0.162231
vn -0.936218 -0.128830 0.326954
vn -0.933681 -0.132378 0.332739
vn -0.758717 -0.477592 0.443006
vn -0.748040 -0.483652 0.454441
vn -0.467061 -0.733119 0.494360
vn -0.454271 -0.735267 0.503012
vn -0.121795 -0.871815 0.474453
vn -0.116444 -0.871092 0.477116
vn 0.231055 -0.892916 0.386413
vn 0.226090 -0.895070 0.384361
vn 0.557254 -0.795674 0.237427
vn 0.546878 -0.804052 0.233290
vn 0.815941 -0.576485 0.043646
vn 0.808051 -0.587775 0.039684
vn 0.954799 -0.250295 -0.160346
vn 0.953014 -0.255823 -0.162231
vn 0.659778 -0.017757 -0.751251
vn 0.667213 -0.006836 -0.744835
vn 0.541899 0.287726 -0.789658
vn 0.551704 0.318100 -0.770996
vn 0.338075 0.554991 -0.760060
vn 0.338805 0.585630 -0.736375
vn 0.050520 0.731192 -0.680298
vn 0.047432 0.742131 -0.668575
vn -0.283151 0.762520 -0.581711
vn -0.277665 0.754609 -0.594532
vn -0.595449 0.636548 -0.490150
vn -0.579154 0.626097 -0.522096
vn -0.824024 0.392528 -0.408540
vn -0.807683 0.391097 -0.441238
vn -0.941810 0.090249 -0.323803
vn -0.936489 0.093192 -0.338087
vn -0.947723 -0.228745 -0.222479
vn -0.949834 -0.234519 -0.206920
vn -0.835056 -0.540147 -0.104510
vn -0.828115 -0.556880 -0.064107
vn -0.592697 -0.805425 0.001246
vn -0.572815 -0.818635 0.041462
vn -0.248239 -0.967966 0.037678
vn -0.236531 -0.970193 0.052709
vn 0.121386 -0.991786 -0.040331
vn 0.108476 -0.992685 -0.053010
vn 0.433337 -0.872828 -0.224476
vn 0.402267 -0.881018 -0.248977
vn 0.628383 -0.635067 -0.449250
vn 0.599498 -0.649200 -0.468125
vn 0.694913 -0.333523 -0.637070
vn 0.684802 -0.342005 -0.643490
vn 0.258819 0.233679 0.937234
vn 0.258819 0.233679 0.937234
vn 0.258819 0.233679 0.937234
vn 0.258819 0.233679 0.937234
vn 0.258819 0.233679 0.937234
vn 0.258819 0.233679 0.937234
vn 0.258819 0.233679 0.937234
vn 0.258819 0.233679 0.937234
vn 0.258819 0.233679 0.937234
vn 0.258819 0.233679 0.937234
vn 0.258819 0.233679 0.937234
vn 0.258819 0.233679 0.937234
vn 0.258819 0.233679 0.937234
vn 0.258819 0.233679 0.937234
vn 0.258819 0.233679 0.937234
vn 0.258819 0.233679 0.937234
vn -0.660860 -0.266269 -0.701687
vn -0.660860 -0.266269 -0.701687
vn -0.595355 -0.429375 -0.679109
vn -0.595355 -0.429375 -0.679109
vn -0.474316 -0.558808 -0.680263
vn -0.474316 -0.558808 -0.680263
vn -0.316171 -0.634861 -0.704973
vn -0.316171 -0.634861 -0.704973
vn -0.144997 -0.645957 -0.749477
vn -0.144997 -0.645957 -0.749477
vn 0.013148 -0.590406 -0.806999
vn 0.013148 -0.590406 -0.806999
vn 0.134186 -0.476666 -0.868783
vn 0.134186 -0.476666 -0.868783
vn 0.199692 -0.322053 -0.925422
vn 0.199692 -0.322053 -0.925422
vn 0.199692 -0.150104 -0.968293
vn 0.199692 -0.150104 -0.968293
vn 0.134186 0.013003 -0.990871
vn 0.134186 0.013003 -0.990871
vn 0.013148 0.142435 -0.989717
vn 0.013148 0.142435 -0.989717
vn -0.144997 0.218488 -0.965007
vn -0.144997 0.218488 -0.965007
vn -0.316171 0.229584 -0.920503
vn -0.316171 0.229584 -0.920503
vn -0.474316 0.174034 -0.862981
vn -0.474316 0.174034 -0.862981
vn -0.595355 0.060293 -0.801198
vn -0.595355 0.060293 -0.801198
vn -0.660860 -0.094320 -0.744558
vn -0.660860 -0.094320 -0.744558
vn -0.258819 -0.233679 -0.937234
vn -0.258819 -0.233679 -0.937234
vn -0.258819 -0.233679 -0.937234
vn -0.258819 -0.233679 -0.937234
vn -0.258819 -0.233679 -0.937234
vn -0.258819 -0.233679 -0.937234
vn -0.258819 -0.233679 -0.937234
vn -0.258819 -0.233679 -0.937234
vn -0.258819 -0.233679 -0.937234
vn -0.258819 -0.233679 -0.937234
vn -0.258819 -0.233679 -0.937234
vn -0.258819 -0.233679 -0.937234
vn -0.258819 -0.233679 -0.937234
vn -0.258819 -0.233679 -0.937234
vn -0.258819 -0.233679 -0.937234
vn -0.258819 -0.233679 -0.937234
vn -0.918650 0.359387 0.164082
vn -0.918650 0.359387 0.164082
vn -0.567757 0.821789 -0.048108
vn -0.567757 0.821789 -0.048108
vn 0.000000 0.970296 -0.241922
vn 0.000000 0.970296 -0.241922
vn 0.567757 0.748182 -0.343330
vn 0.567757 0.748182 -0.343330
vn 0.918650 0.240288 -0.313598
vn 0.918650 0.240288 -0.313598
vn 0.918650 -0.359387 -0.164082
vn 0.918650 -0.359387 -0.164082
vn 0.567757 -0.821789 0.048108
vn 0.567757 -0.821789 0.048108
vn 0.000000 -0.970296 0.241922
vn 0.000000 -0.970296 0.241922
vn -0.567757 -0.748182 0.343330
vn -0.567757 -0.748182 0.343330
vn -0.918650 -0.240288 0.313598
vn -0.918650 -0.240288 0.313598
vn -0.918650 0.359387 0.164082
vn -0.918650 0.359387 0.164082
vn -0.567757 0.821789 -0.048108
vn -0.567757 0.821789 -0.048108
vn 0.000000 0.970296 -0.241922
vn 0.000000 0.970296 -0.241922
vn 0.567757 0.748182 -0.343330
vn 0.567757 0.748182 -0.343330
vn 0.918650 0.240288 -0.313598
vn 0.918650 0.240288 -0.313598
vn 0.918650 -0.359387 -0.164082
vn 0.918650 -0.359387 -0.164082
vn 0.567757 -0.821789 0.048108
vn 0.567757 -0.821789 0.048108
vn 0.000000 -0.970296 0.241922
vn 0.000000 -0.970296 0.241922
vn -0.567757 -0.748182 0.343330
vn -0.567757 -0.748182 0.343330
vn -0.918650 -0.240288 0.313598
vn -0.918650 -0.240288 0.313598
vn 0.258819 0.233679 0.937234
vn 0.258819 0.233679 0.937234
vn 0.258819 0.233679 0.937234
vn 0.258819 0.233679 0.937234
vn 0.258819 0.233679 0.937234
vn 0.258819 0.233679 0.937234
vn 0.258819 0.233679 0.937234
vn 0.258819 0.233679 0.937234
vn 0.258819 0.233679 0.937234
vn 0.258819 0.233679 0.937234
vn -0.258819 -0.233679 -0.937234
vn -0.258819 -0.233679 -0.937234
vn -0.258819 -0.233679 -0.937234
vn -0.258819 -0.233679 -0.937234
vn -0.258819 -0.233679 -0.937234
vn -0.258819 -0.233679 -0.937234
vn -0.258819 -0.233679 -0.937234
vn -0.258819 -0.233679 -0.937234
vn -0.258819 -0.233679 -0.937234
vn -0.258819 -0.233679 -0.937234
vn 0.000000 -1.000000 0.000000
vn 0.000000 -1.000000 0.000000
vn 0.000000 1.000000 0.000000
vn 0.000000 1.000000 0.000000
vn 0.000000 0.000000 -1.000000
vn 0.000000 0.000000 -1.000000
vn 0.000000 -0.000000 1.000000
vn 0.000000 0.000000 1.000000
vn 1.000000 0.000000 0.000000
vn 1.000000 0.000000 0.000000
vn -1.000000 0.000000 0.000000
vn -1.000000 0.000000 0.000000
vn 0.000000 0.939693 -0.342020
vn 0.000000 0.939693 -0.342020
vn 0.000000 -0.939693 0.342020
vn 0.000000 -0.939693 0.342020
vn -0.000000 0.342020 0.939693
vn 0.000000 0.342020 0.939693
vn 0.000000 -0.342020 -0.939693
vn 0.000000 -0.342020 -0.939693
vn 1.000000 -0.000000 0.000000
vn 1.000000 0.000000 0.000000
vn -1.000000 0.000000 0.000000
vn -1.000000 0.000000 0.000000
vn 0.382683 0.884330 0.267421
vn 0.382683 0.884330 0.267421
vn 0.923880 0.366301 0.110770
vn 0.923880 0.366301 0.110770
vn 0.923880 -0.366301 -0.110770
vn 0.923880 -0.366301 -0.110770
vn 0.382683 -0.884330 -0.267421
vn 0.382683 -0.884330 -0.267421
vn -0.382683 -0.884330 -0.267421
vn -0.382683 -0.884330 -0.267421
vn -0.923880 -0.366301 -0.110770
vn -0.923880 -0.366301 -0.110770
vn -0.923880 0.366301 0.110770
vn -0.923880 0.366301 0.110770
vn -0.382683 0.884330 0.267421
vn -0.382683 0.884330 0.267421
vn 0.382683 0.884330 0.267421
vn 0.382683 0.884330 0.267421
vn 0.923880 0.366301 0.110770
vn 0.923880 0.366301 0.110770
vn 0.923880 -0.366301 -0.110770
vn 0.923880 -0.366301 -0.110770
vn 0.382683 -0.884330 -0.267421
vn 0.382683 -0.884330 -0.267421
vn -0.382683 -0.884330 -0.267421
vn -0.382683 -0.884330 -0.267421
vn -0.923880 -0.366301 -0.110770
vn -0.923880 -0.366301 -0.110770
vn -0.923880 0.366301 0.110770
vn -0.923880 0.366301 0.110770
vn -0.382683 0.884330 0.267421
vn -0.382683 0.884330 0.267421
vn 0.382683 0.884330 0.267421
vn 0.382683 0.884330 0.267421
vn 0.923880 0.366301 0.110770
vn 0.923880 0.366301 0.110770
vn 0.923880 -0.366301 -0.110770
vn 0.923880 -0.366301 -0.110770
vn 0.382683 -0.884330 -0.267421
vn 0.382683 -0.884330 -0.267421
vn -0.382683 -0.884330 -0.267421
vn -0.382683 -0.884330 -0.267421
vn -0.923880 -0.366301 -0.110770
vn -0.923880 -0.366301 -0.110770
vn -0.923880 0.366301 0.110770
vn -0.923880 0.366301 0.110770
vn -0.382683 0.884330 0.267421
vn -0.382683 0.884330 0.267421
vn -0.000000 -0.289455 0.957192
vn 0.000000 -0.289455 0.957192
vn 0.000000 -0.289455 0.957192
vn 0.000000 -0.289455 0.957192
vn -0.000000 -0.289455 0.957192
vn 0.000000 -0.289455 0.957192
vn 0.000000 -0.289455 0.957192
vn 0.000000 -0.289455 0.957192
vn 0.000000 0.289455 -0.957192
vn 0.000000 0.289455 -0.957192
vn 0.000000 0.289455 -0.957192
vn -0.000000 0.289455 -0.957192
vn 0.000000 0.289455 -0.957192
vn 0.000000 0.289455 -0.957192
vn 0.000000 0.289455 -0.957192
vn -0.000000 0.289455 -0.957192
vn 0.500000 0.173803 -0.848406
vn 0.499997 0.173802 -0.848408
vn 1.000000 0.000000 -0.000000
vn 1.000000 0.000000 -0.000000
vn 0.500000 -0.173806 0.848405
vn 0.499997 -0.173806 0.848407
vn -0.500000 -0.173805 0.848405
vn -0.499997 -0.173807 0.848407
vn -1.000000 -0.000000 0.000000
vn -1.000000 -0.000000 0.000000
vn -0.500000 0.173802 -0.848406
vn -0.499997 0.173803 -0.848408
vn 0.499997 0.166595 -0.849853
vn 0.499987 0.166593 -0.849859
vn 1.000000 0.000000 -0.000000
vn 1.000000 0.000000 -0.000000
vn 0.499997 -0.166606 0.849850
vn 0.499987 -0.166604 0.849857
vn -0.499997 -0.166602 0.849851
vn -0.499986 -0.166607 0.849856
vn -1.000000 -0.000000 0.000000
vn -1.000000 -0.000000 0.000000
vn -0.499997 0.166592 -0.849853
vn -0.499987 0.166597 -0.849858
vn 0.499986 0.152020 -0.852587
vn 0.499969 0.152015 -0.852597
vn 1.000000 0.000000 -0.000000
vn 1.000000 0.000000 -0.000000
vn 0.499986 -0.152038 0.852583
vn 0.499969 -0.152033 0.852594
vn -0.499986 -0.152032 0.852585
vn -0.499969 -0.152039 0.852593
vn -1.000000 -0.000000 0.000000
vn -1.000000 -0.000000 0.000000
vn -0.499986 0.152014 -0.852588
vn -0.499969 0.152021 -0.852596
vn 0.499967 0.129782 -0.856265
vn 0.499944 0.129775 -0.856279
vn 1.000000 0.000000 -0.000000
vn 1.000000 0.000000 -0.000000
vn 0.499967 -0.129808 0.856261
vn 0.499944 -0.129801 0.856276
vn -0.499967 -0.129799 0.856262
vn -0.499944 -0.129810 0.856274
vn -1.000000 -0.000000 0.000000
vn -1.000000 -0.000000 0.000000
vn -0.499967 0.129773 -0.856266
vn -0.499944 0.129784 -0.856278
vn 0.499940 0.099535 -0.860322
vn 0.499910 0.099525 -0.860340
vn 1.000000 0.000000 -0.000000
vn 1.000000 0.000000 -0.000000
vn 0.499940 -0.099569 0.860317
vn 0.499910 -0.099559 0.860336
vn -0.499940 -0.099557 0.860319
vn -0.499910 -0.099571 0.860335
vn -1.000000 -0.000000 0.000000
vn -1.000000 -0.000000 0.000000
vn -0.499940 0.099524 -0.860323
vn -0.499910 0.099537 -0.860338
vn 0.499902 0.061015 -0.863930
vn 0.499869 0.061004 -0.863950
vn 1.000000 0.000000 -0.000000
vn 1.000000 0.000000 -0.000000
vn 0.499903 -0.061056 0.863927
vn 0.499869 -0.061043 0.863947
vn -0.499903 -0.061042 0.863928
vn -0.499869 -0.061057 0.863946
vn -1.000000 -0.000000 0.000000
vn -1.000000 -0.000000 0.000000
vn -0.499902 0.061002 -0.863931
vn -0.499869 0.061017 -0.863949
vn 0.499857 0.014261 -0.865991
vn 0.499824 0.014248 -0.866010
vn 1.000000 0.000000 -0.000000
vn 1.000000 0.000000 -0.000000
vn 0.499857 -0.014304 0.865990
vn 0.499823 -0.014290 0.866009
vn -0.499857 -0.014289 0.865990
vn -0.499823 -0.014304 0.866009
vn -1.000000 -0.000000 0.000000
vn -1.000000 -0.000000 0.000000
vn -0.499857 0.014248 -0.865991
vn -0.499824 0.014262 -0.866010
vn 0.499807 -0.040100 -0.865208
vn 0.499780 -0.040112 -0.865223
vn 1.000000 -0.000000 -0.000000
vn 1.000000 -0.000000 -0.000000
vn 0.499807 0.040065 0.865210
vn 0.499780 0.040077 0.865225
vn -0.499807 0.040077 0.865209
vn -0.499780 0.040065 0.865225
vn -1.000000 0.000000 0.000000
vn -1.000000 0.000000 0.000000
vn -0.499806 -0.040111 -0.865208
vn -0.499780 -0.040101 -0.865223
vn 0.499760 -0.100548 -0.860308
vn 0.499749 -0.100554 -0.860314
vn 1.000000 -0.000000 -0.000000
vn 1.000000 -0.000000 -0.000000
vn 0.499760 0.100533 0.860310
vn 0.499748 0.100539 0.860316
vn -0.499760 0.100538 0.860309
vn -0.499748 0.100534 0.860317
vn -1.000000 0.000000 0.000000
vn -1.000000 0.000000 0.000000
vn -0.499760 -0.100553 -0.860308
vn -0.499749 -0.100549 -0.860315
vn 0.499728 -0.164486 -0.850421
vn 0.499740 -0.164479 -0.850416
vn 1.000000 -0.000000 -0.000000
vn 1.000000 -0.000000 -0.000000
vn 0.499727 0.164503 0.850418
vn 0.499740 0.164496 0.850412
vn -0.499728 0.164497 0.850419
vn -0.499740 0.164502 0.850411
vn -1.000000 0.000000 0.000000
vn -1.000000 0.000000 0.000000
vn -0.499728 -0.164480 -0.850422
vn -0.499740 -0.164484 -0.850415
vn 0.499722 -0.228348 -0.835544
vn 0.499761 -0.228325 -0.835528
vn 1.000000 -0.000000 -0.000000
vn 1.000000 -0.000000 -0.000000
vn 0.499721 0.228405 0.835530
vn 0.499762 0.228380 0.835512
vn -0.499722 0.228386 0.835535
vn -0.499762 0.228399 0.835507
vn -1.000000 0.000000 0.000000
vn -1.000000 0.000000 0.000000
vn -0.499723 -0.228331 -0.835549
vn -0.499761 -0.228343 -0.835523
vn 0.499749 -0.288089 -0.816857
vn 0.499809 -0.288050 -0.816834
vn 1.000000 -0.000000 -0.000000
vn 1.000000 -0.000000 -0.000000
vn 0.499748 0.288179 0.816826
vn 0.499811 0.288136 0.816803
vn -0.499748 0.288148 0.816837
vn -0.499811 0.288167 0.816792
vn -1.000000 0.000000 0.000000
vn -1.000000 0.000000 0.000000
vn -0.499750 -0.288061 -0.816867
vn -0.499810 -0.288078 -0.816824
vn 0.499804 -0.339891 -0.796662
vn 0.499874 -0.339842 -0.796638
vn 1.000000 -0.000000 -0.000000
vn 1.000000 -0.000000 -0.000000
vn 0.499802 0.339995 0.796619
vn 0.499875 0.339943 0.796595
vn -0.499803 0.339959 0.796634
vn -0.499876 0.339978 0.796580
vn -1.000000 0.000000 0.000000
vn -1.000000 0.000000 0.000000
vn -0.499804 -0.339858 -0.796676
vn -0.499875 -0.339875 -0.796624
vn 0.499873 -0.380772 -0.777908
vn 0.499938 -0.380725 -0.777889
vn 1.000000 -0.000000 -0.000000
vn 1.000000 -0.000000 -0.000000
vn 0.499871 0.380866 0.777862
vn 0.499939 0.380817 0.777843
vn -0.499872 0.380834 0.777878
vn -0.499939 0.380848 0.777827
vn -1.000000 0.000000 0.000000
vn -1.000000 0.000000 0.000000
vn -0.499873 -0.380742 -0.777922
vn -0.499938 -0.380755 -0.777874
vn 0.499938 -0.408818 -0.763499
vn 0.499983 -0.408784 -0.763487
vn 1.000000 -0.000000 -0.000000
vn 1.000000 -0.000000 -0.000000
vn 0.499937 0.408882 0.763465
vn 0.499984 0.408848 0.763453
vn -0.499937 0.408860 0.763476
vn -0.499984 0.408869 0.763441
vn -1.000000 0.000000 0.000000
vn -1.000000 0.000000 0.000000
vn -0.499938 -0.408797 -0.763510
vn -0.499984 -0.408805 -0.763475
vn 0.499984 -0.423037 -0.755682
vn 0.500000 -0.423025 -0.755678
vn 1.000000 0.000000 -0.000000
vn 1.000000 0.000000 -0.000000
vn 0.499983 0.423060 0.755670
vn 0.500000 0.423048 0.755666
vn -0.499983 0.423052 0.755674
vn -0.500000 0.423055 0.755661
vn -1.000000 0.000000 0.000000
vn -1.000000 0.000000 0.000000
vn -0.499984 -0.423030 -0.755687
vn -0.500000 -0.423033 -0.755674
vn 0.000000 0.979654 0.200692
vn 0.000000 0.979654 0.200692
vn -0.000000 0.979654 0.200692
vn 0.000000 0.979654 0.200692
vn 0.000000 0.979654 0.200692
vn -0.000000 0.979654 0.200692
vn 0.000000 -0.872572 0.488485
vn 0.000000 -0.872572 0.488485
vn -0.000000 -0.872572 0.488485
vn 0.000000 -0.872572 0.488485
vn 0.000000 -0.872572 0.488485
vn -0.000000 -0.872572 0.488485
usemtl housing
f 1/1/1 2/2/1 3/3/1
f 4/4/2 5/5/2 6/6/2
f 7/7/3 8/8/3 9/9/3
f 10/10/4 11/11/4 12/12/4
f 13/13/5 14/14/5 15/15/5
f 16/16/6 17/17/6 18/18/6
f 19/19/7 20/20/7 21/21/7
f 22/22/8 23/23/8 24/24/8
f 25/25/9 26/26/9 27/27/9
f 28/28/10 29/29/10 30/30/10
f 31/31/11 32/32/11 33/33/11
f 34/34/12 35/35/12 36/36/12
f 37/37/13 38/38/13 39/39/13
f 40/40/14 41/41/14 42/42/14
f 43/43/15 44/44/15 45/45/15
f 46/46/16 47/47/16 48/48/16
f 49/49/17 50/50/17 51/51/17
f 52/52/18 53/53/18 54/54/18
f 55/55/19 56/56/19 57/57/19
f 58/58/20 59/59/20 60/60/20
f 61/61/21 62/62/21 63/63/21
f 64/64/22 65/65/22 66/66/22
f 67/67/23 68/68/23 69/69/23
f 70/70/24 71/71/24 72/72/24
f 73/73/25 74/74/25 75/75/25
f 76/76/26 77/77/26 78/78/26
f 79/79/27 80/80/27 81/81/27
f 82/82/28 83/83/28 84/84/28
f 85/85/29 86/86/29 87/87/29
f 88/88/30 89/89/30 90/90/30
f 91/91/31 92/92/31 93/93/31
f 94/94/32 95/95/32 96/96/32
f 97/97/33 98/98/33 99/99/33
f 100/100/34 101/101/34 102/102/34
f 103/103/35 104/104/35 105/105/35
f 106/106/36 107/107/36 108/108/36
f 109/109/37 110/110/37 111/111/37
f 112/112/38 113/113/38 114/114/38
f 115/115/39 116/116/39 117/117/39
f 118/118/40 119/119/40 120/120/40
f 121/121/41 122/122/41 123/123/41
f 124/124/42 125/125/42 126/126/42
f 127/127/43 128/128/43 129/129/43
f 130/130/44 131/131/44 132/132/44
f 133/133/45 134/134/45 135/135/45
f 136/136/46 137/137/46 138/138/46
f 139/139/47 140/140/47 141/141/47
f 142/142/48 143/143/48 144/144/48
f 145/145/49 146/146/49 147/147/49
f 148/148/50 149/149/50 150/150/50
f 151/151/51 152/152/51 153/153/51
f 154/154/52 155/155/52 156/156/52
f 157/157/53 158/158/53 159/159/53
f 160/160/54 161/161/54 162/162/54
f 163/163/55 164/164/55 165/165/55
f 166/166/56 167/167/56 168/168/56
f 169/169/57 170/170/57 171/171/57
f 172/172/58 173/173/58 174/174/58
f 175/175/59 176/176/59 177/177/59
f 178/178/60 179/179/60 180/180/60
f 181/181/61 182/182/61 183/183/61
f 184/184/62 185/185/62 186/186/62
f 187/187/63 188/188/63 189/189/63
f 190/190/64 191/191/64 192/192/64
f 193/193/65 194/194/65 195/195/65
f 196/196/66 197/197/66 198/198/66
f 199/199/67 200/200/67 201/201/67
f 202/202/68 203/203/68 204/204/68
f 205/205/69 206/206/69 207/207/69
f 208/208/70 209/209/70 210/210/70
f 211/211/71 212/212/71 213/213/71
f 214/214/72 215/215/72 216/216/72
f 217/217/73 218/218/73 219/219/73
f 220/220/74 221/221/74 222/222/74
f 223/223/75 224/224/75 225/225/75
f 226/226/76 227/227/76 228/228/76
f 229/229/77 230/230/77 231/231/77
f 232/232/78 233/233/78 234/234/78
f 235/235/79 236/236/79 237/237/79
f 238/238/80 239/239/80 240/240/80
f 241/241/81 242/242/81 243/243/81
f 244/244/82 245/245/82 246/246/82
f 247/247/83 248/248/83 249/249/83
f 250/250/84 251/251/84 252/252/84
f 253/253/85 254/254/85 255/255/85
f 256/256/86 257/257/86 258/258/86
f 259/259/87 260/260/87 261/261/87
f 262/262/88 263/263/88 264/264/88
f 265/265/89 266/266/89 267/267/89
f 268/268/90 269/269/90 270/270/90
f 271/271/91 272/272/91 273/273/91
f 274/274/92 275/275/92 276/276/92
f 277/277/93 278/278/93 279/279/93
f 280/280/94 281/281/94 282/282/94
f 283/283/95 284/284/95 285/285/95
f 286/286/96 287/287/96 288/288/96
f 289/289/97 290/290/97 291/291/97
f 292/292/98 293/293/98 294/294/98
f 295/295/99 296/296/99 297/297/99
f 298/298/100 299/299/100 300/300/100
f 301/301/101 302/302/101 303/303/101
f 304/304/102 305/305/102 306/306/102
f 307/307/103 308/308/103 309/309/103
f 310/310/104 311/311/104 312/312/104
f 313/313/105 314/314/105 315/315/105
f 316/316/106 317/317/106 318/318/106
f 319/319/107 320/320/107 321/321/107
f 322/322/108 323/323/108 324/324/108
f 325/325/109 326/326/109 327/327/109
f 328/328/110 329/329/110 330/330/110
f 331/331/111 332/332/111 333/333/111
f 334/334/112 335/335/112 336/336/112
f 337/337/113 338/338/113 339/339/113
f 340/340/114 341/341/114 342/342/114
f 343/343/115 344/344/115 345/345/115
f 346/346/116 347/347/116 348/348/116
f 349/349/117 350/350/117 351/351/117
f 352/352/118 353/353/118 354/354/118
f 355/355/119 356/356/119 357/357/119
f 358/358/120 359/359/120 360/360/120
f 361/361/121 362/362/121 363/363/121
f 364/364/122 365/365/122 366/366/122
f 367/367/123 368/368/123 369/369/123
f 370/370/124 371/371/124 372/372/124
f 373/373/125 374/374/125 375/375/125
f 376/376/126 377/377/126 378/378/126
f 379/379/127 380/380/127 381/381/127
f 382/382/128 383/383/128 384/384/128
f 385/385/129 386/386/129 387/387/129
f 388/388/130 389/389/130 390/390/130
f 391/391/131 392/392/131 393/393/131
f 394/394/132 395/395/132 396/396/132
f 397/397/133 398/398/133 399/399/133
f 400/400/134 401/401/134 402/402/134
f 403/403/135 404/404/135 405/405/135
f 406/406/136 407/407/136 408/408/136
f 409/409/137 410/410/137 411/411/137
f 412/412/138 413/413/138 414/414/138
f 415/415/139 416/416/139 417/417/139
f 418/418/140 419/419/140 420/420/140
f 421/421/141 422/422/141 423/423/141
f 424/424/142 425/425/142 426/426/142
f 427/427/143 428/428/143 429/429/143
f 430/430/144 431/431/144 432/432/144
f 433/433/145 434/434/145 435/435/145
f 436/436/146 437/437/146 438/438/146
f 439/439/147 440/440/147 441/441/147
f 442/442/148 443/443/148 444/444/148
f 445/445/149 446/446/149 447/447/149
f 448/448/150 449/449/150 450/450/150
f 451/451/151 452/452/151 453/453/151
f 454/454/152 455/455/152 456/456/152
f 457/457/153 458/458/153 459/459/153
f 460/460/154 461/461/154 462/462/154
f 463/463/155 464/464/155 465/465/155
f 466/466/156 467/467/156 468/468/156
f 469/469/157 470/470/157 471/471/157
f 472/472/158 473/473/158 474/474/158
f 475/475/159 476/476/159 477/477/159
f 478/478/160 479/479/160 480/480/160
f 481/481/161 482/482/161 483/483/161
f 484/484/162 485/485/162 486/486/162
f 487/487/163 488/488/163 489/489/163
f 490/490/164 491/491/164 492/492/164
f 493/493/165 494/494/165 495/495/165
f 496/496/166 497/497/166 498/498/166
f 499/499/167 500/500/167 501/501/167
f 502/502/168 503/503/168 504/504/168
f 505/505/169 506/506/169 507/507/169
f 508/508/170 509/509/170 510/510/170
f 511/511/171 512/512/171 513/513/171
f 514/514/172 515/515/172 516/516/172
f 517/517/173 518/518/173 519/519/173
f 520/520/174 521/521/174 522/522/174
f 523/523/175 524/524/175 525/525/175
f 526/526/176 527/527/176 528/528/176
f 529/529/177 530/530/177 531/531/177
f 532/532/178 533/533/178 534/534/178
f 535/535/179 536/536/179 537/537/179
f 538/538/180 539/539/180 540/540/180
f 541/541/181 542/542/181 543/543/181
f 544/544/182 545/545/182 546/546/182
f 547/547/183 548/548/183 549/549/183
f 550/550/184 551/551/184 552/552/184
f 553/553/185 554/554/185 555/555/185
f 556/556/186 557/557/186 558/558/186
f 559/559/187 560/560/187 561/561/187
f 562/562/188 563/563/188 564/564/188
f 565/565/189 566/566/189 567/567/189
f 568/568/190 569/569/190 570/570/190
f 571/571/191 572/572/191 573/573/191
f 574/574/192 575/575/192 576/576/192
f 577/577/193 578/578/193 579/579/193
f 580/580/194 581/581/194 582/582/194
f 583/583/195 584/584/195 585/585/195
f 586/586/196 587/587/196 588/588/196
f 589/589/197 590/590/197 591/591/197
f 592/592/198 593/593/198 594/594/198
f 595/595/199 596/596/199 597/597/199
f 598/598/200 599/599/200 600/600/200
f 601/601/201 602/602/201 603/603/201
f 604/604/202 605/605/202 606/606/202
f 607/607/203 608/608/203 609/609/203
f 610/610/204 611/611/204 612/612/204
f 613/613/205 614/614/205 615/615/205
f 616/616/206 617/617/206 618/618/206
f 619/619/207 620/620/207 621/621/207
f 622/622/208 623/623/208 624/624/208
f 625/625/209 626/626/209 627/627/209
f 628/628/210 629/629/210 630/630/210
f 631/631/211 632/632/211 633/633/211
f 634/634/212 635/635/212 636/636/212
f 637/637/213 638/638/213 639/639/213
f 640/640/214 641/641/214 642/642/214
f 643/643/215 644/644/215 645/645/215
f 646/646/216 647/647/216 648/648/216
f 649/649/217 650/650/217 651/651/217
f 652/652/218 653/653/218 654/654/218
f 655/655/219 656/656/219 657/657/219
f 658/658/220 659/659/220 660/660/220
f 661/661/221 662/662/221 663/663/221
f 664/664/222 665/665/222 666/666/222
f 667/667/223 668/668/223 669/669/223
f 670/670/224 671/671/224 672/672/224
f 673/673/225 674/674/225 675/675/225
f 676/676/226 677/677/226 678/678/226
f 679/679/227 680/680/227 681/681/227
f 682/682/228 683/683/228 684/684/228
f 685/685/229 686/686/229 687/687/229
f 688/688/230 689/689/230 690/690/230
f 691/691/231 692/692/231 693/693/231
f 694/694/232 695/695/232 696/696/232
f 697/697/233 698/698/233 699/699/233
f 700/700/234 701/701/234 702/702/234
f 703/703/235 704/704/235 705/705/235
f 706/706/236 707/707/236 708/708/236
f 709/709/237 710/710/237 711/711/237
f 712/712/238 713/713/238 714/714/238
f 715/715/239 716/716/239 717/717/239
f 718/718/240 719/719/240 720/720/240
f 721/721/241 722/722/241 723/723/241
f 724/724/242 725/725/242 726/726/242
f 727/727/243 728/728/243 729/729/243
f 730/730/244 731/731/244 732/732/244
f 733/733/245 734/734/245 735/735/245
f 736/736/246 737/737/246 738/738/246
f 739/739/247 740/740/247 741/741/247
f 742/742/248 743/743/248 744/744/248
f 745/745/249 746/746/249 747/747/249
f 748/748/250 749/749/250 750/750/250
f 751/751/251 752/752/251 753/753/251
f 754/754/252 755/755/252 756/756/252
usemtl lens
f 757/757/253 758/758/253 759/759/253
f 760/760/254 761/761/254 762/762/254
f 763/763/255 764/764/255 765/765/255
f 766/766/256 767/767/256 768/768/256
f 769/769/257 770/770/257 771/771/257
f 772/772/258 773/773/258 774/774/258
f 775/775/259 776/776/259 777/777/259
f 778/778/260 779/779/260 780/780/260
f 781/781/261 782/782/261 783/783/261
f 784/784/262 785/785/262 786/786/262
f 787/787/263 788/788/263 789/789/263
f 790/790/264 791/791/264 792/792/264
f 793/793/265 794/794/265 795/795/265
f 796/796/266 797/797/266 798/798/266
f 799/799/267 800/800/267 801/801/267
f 802/802/268 803/803/268 804/804/268
f 805/805/269 806/806/269 807/807/269
f 808/808/270 809/809/270 810/810/270
f 811/811/271 812/812/271 813/813/271
f 814/814/272 815/815/272 816/816/272
f 817/817/273 818/818/273 819/819/273
f 820/820/274 821/821/274 822/822/274
f 823/823/275 824/824/275 825/825/275
f 826/826/276 827/827/276 828/828/276
f 829/829/277 830/830/277 831/831/277
f 832/832/278 833/833/278 834/834/278
f 835/835/279 836/836/279 837/837/279
f 838/838/280 839/839/280 840/840/280
f 841/841/281 842/842/281 843/843/281
f 844/844/282 845/845/282 846/846/282
f 847/847/283 848/848/283 849/849/283
f 850/850/284 851/851/284 852/852/284
f 853/853/285 854/854/285 855/855/285
f 856/856/286 857/857/286 858/858/286
f 859/859/287 860/860/287 861/861/287
f 862/862/288 863/863/288 864/864/288
f 865/865/289 866/866/289 867/867/289
f 868/868/290 869/869/290 870/870/290
f 871/871/291 872/872/291 873/873/291
f 874/874/292 875/875/292 876/876/292
f 877/877/293 878/878/293 879/879/293
f 880/880/294 881/881/294 882/882/294
f 883/883/295 884/884/295 885/885/295
f 886/886/296 887/887/296 888/888/296
f 889/889/297 890/890/297 891/891/297
f 892/892/298 893/893/298 894/894/298
f 895/895/299 896/896/299 897/897/299
f 898/898/300 899/899/300 900/900/300
f 901/901/301 902/902/301 903/903/301
f 904/904/302 905/905/302 906/906/302
f 907/907/303 908/908/303 909/909/303
f 910/910/304 911/911/304 912/912/304
f 913/913/305 914/914/305 915/915/305
f 916/916/306 917/917/306 918/918/306
f 919/919/307 920/920/307 921/921/307
f 922/922/308 923/923/308 924/924/308
f 925/925/309 926/926/309 927/927/309
f 928/928/310 929/929/310 930/930/310
f 931/931/311 932/932/311 933/933/311
f 934/934/312 935/935/312 936/936/312
f 937/937/313 938/938/313 939/939/313
f 940/940/314 941/941/314 942/942/314
f 943/943/315 944/944/315 945/945/315
f 946/946/316 947/947/316 948/948/316
f 949/949/317 950/950/317 951/951/317
f 952/952/318 953/953/318 954/954/318
f 955/955/319 956/956/319 957/957/319
f 958/958/320 959/959/320 960/960/320
f 961/961/321 962/962/321 963/963/321
f 964/964/322 965/965/322 966/966/322
f 967/967/323 968/968/323 969/969/323
f 970/970/324 971/971/324 972/972/324
f 973/973/325 974/974/325 975/975/325
f 976/976/326 977/977/326 978/978/326
f 979/979/327 980/980/327 981/981/327
f 982/982/328 983/983/328 984/984/328
usemtl housing
f 985/985/329 986/986/329 987/987/329
f 988/988/330 989/989/330 990/990/330
f 991/991/331 992/992/331 993/993/331
f 994/994/332 995/995/332 996/996/332
f 997/997/333 998/998/333 999/999/333
f 1000/1000/334 1001/1001/334 1002/1002/334
f 1003/1003/335 1004/1004/335 1005/1005/335
f 1006/1006/336 1007/1007/336 1008/1008/336
f 1009/1009/337 1010/1010/337 1011/1011/337
f 1012/1012/338 1013/1013/338 1014/1014/338
f 1015/1015/339 1016/1016/339 1017/1017/339
f 1018/1018/340 1019/1019/340 1020/1020/340
usemtl solar
f 1021/1021/341 1022/1022/341 1023/1023/341
f 1024/1024/342 1025/1025/342 1026/1026/342
usemtl frame
f 1027/1027/343 1028/1028/343 1029/1029/343
f 1030/1030/344 1031/1031/344 1032/1032/344
f 1033/1033/345 1034/1034/345 1035/1035/345
f 1036/1036/346 1037/1037/346 1038/1038/346
f 1039/1039/347 1040/1040/347 1041/1041/347
f 1042/1042/348 1043/1043/348 1044/1044/348
f 1045/1045/349 1046/1046/349 1047/1047/349
f 1048/1048/350 1049/1049/350 1050/1050/350
f 1051/1051/351 1052/1052/351 1053/1053/351
f 1054/1054/352 1055/1055/352 1056/1056/352
usemtl housing
f 1057/1057/353 1058/1058/353 1059/1059/353
f 1060/1060/354 1061/1061/354 1062/1062/354
f 1063/1063/355 1064/1064/355 1065/1065/355
f 1066/1066/356 1067/1067/356 1068/1068/356
f 1069/1069/357 1070/1070/357 1071/1071/357
f 1072/1072/358 1073/1073/358 1074/1074/358
f 1075/1075/359 1076/1076/359 1077/1077/359
f 1078/1078/360 1079/1079/360 1080/1080/360
f 1081/1081/361 1082/1082/361 1083/1083/361
f 1084/1084/362 1085/1085/362 1086/1086/362
f 1087/1087/363 1088/1088/363 1089/1089/363
f 1090/1090/364 1091/1091/364 1092/1092/364
f 1093/1093/365 1094/1094/365 1095/1095/365
f 1096/1096/366 1097/1097/366 1098/1098/366
f 1099/1099/367 1100/1100/367 1101/1101/367
f 1102/1102/368 1103/1103/368 1104/1104/368
f 1105/1105/369 1106/1106/369 1107/1107/369
f 1108/1108/370 1109/1109/370 1110/1110/370
f 1111/1111/371 1112/1112/371 1113/1113/371
f 1114/1114/372 1115/1115/372 1116/1116/372
f 1117/1117/373 1118/1118/373 1119/1119/373
f 1120/1120/374 1121/1121/374 1122/1122/374
f 1123/1123/375 1124/1124/375 1125/1125/375
f 1126/1126/376 1127/1127/376 1128/1128/376
f 1129/1129/377 1130/1130/377 1131/1131/377
f 1132/1132/378 1133/1133/378 1134/1134/378
f 1135/1135/379 1136/1136/379 1137/1137/379
f 1138/1138/380 1139/1139/380 1140/1140/380
f 1141/1141/381 1142/1142/381 1143/1143/381
f 1144/1144/382 1145/1145/382 1146/1146/382
f 1147/1147/383 1148/1148/383 1149/1149/383
f 1150/1150/384 1151/1151/384 1152/1152/384
f 1153/1153/385 1154/1154/385 1155/1155/385
f 1156/1156/386 1157/1157/386 1158/1158/386
f 1159/1159/387 1160/1160/387 1161/1161/387
f 1162/1162/388 1163/1163/388 1164/1164/388
f 1165/1165/389 1166/1166/389 1167/1167/389
f 1168/1168/390 1169/1169/390 1170/1170/390
f 1171/1171/391 1172/1172/391 1173/1173/391
f 1174/1174/392 1175/1175/392 1176/1176/392
f 1177/1177/393 1178/1178/393 1179/1179/393
f 1180/1180/394 1181/1181/394 1182/1182/394
f 1183/1183/395 1184/1184/395 1185/1185/395
f 1186/1186/396 1187/1187/396 1188/1188/396
f 1189/1189/397 1190/1190/397 1191/1191/397
f 1192/1192/398 1193/1193/398 1194/1194/398
f 1195/1195/399 1196/1196/399 1197/1197/399
f 1198/1198/400 1199/1199/400 1200/1200/400
f 1201/1201/401 1202/1202/401 1203/1203/401
f 1204/1204/402 1205/1205/402 1206/1206/402
f 1207/1207/403 1208/1208/403 1209/1209/403
f 1210/1210/404 1211/1211/404 1212/1212/404
f 1213/1213/405 1214/1214/405 1215/1215/405
f 1216/1216/406 1217/1217/406 1218/1218/406
f 1219/1219/407 1220/1220/407 1221/1221/407
f 1222/1222/408 1223/1223/408 1224/1224/408
f 1225/1225/409 1226/1226/409 1227/1227/409
f 1228/1228/410 1229/1229/410 1230/1230/410
f 1231/1231/411 1232/1232/411 1233/1233/411
f 1234/1234/412 1235/1235/412 1236/1236/412
f 1237/1237/413 1238/1238/413 1239/1239/413
f 1240/1240/414 1241/1241/414 1242/1242/414
f 1243/1243/415 1244/1244/415 1245/1245/415
f 1246/1246/416 1247/1247/416 1248/1248/416
usemtl wire
f 1249/1249/417 1250/1250/417 1251/1251/417
f 1252/1252/418 1253/1253/418 1254/1254/418
f 1255/1255/419 1256/1256/419 1257/1257/419
f 1258/1258/420 1259/1259/420 1260/1260/420
f 1261/1261/421 1262/1262/421 1263/1263/421
f 1264/1264/422 1265/1265/422 1266/1266/422
f 1267/1267/423 1268/1268/423 1269/1269/423
f 1270/1270/424 1271/1271/424 1272/1272/424
f 1273/1273/425 1274/1274/425 1275/1275/425
f 1276/1276/426 1277/1277/426 1278/1278/426
f 1279/1279/427 1280/1280/427 1281/1281/427
f 1282/1282/428 1283/1283/428 1284/1284/428
f 1285/1285/429 1286/1286/429 1287/1287/429
f 1288/1288/430 1289/1289/430 1290/1290/430
f 1291/1291/431 1292/1292/431 1293/1293/431
f 1294/1294/432 1295/1295/432 1296/1296/432
f 1297/1297/433 1298/1298/433 1299/1299/433
f 1300/1300/434 1301/1301/434 1302/1302/434
f 1303/1303/435 1304/1304/435 1305/1305/435
f 1306/1306/436 1307/1307/436 1308/1308/436
f 1309/1309/437 1310/1310/437 1311/1311/437
f 1312/1312/438 1313/1313/438 1314/1314/438
f 1315/1315/439 1316/1316/439 1317/1317/439
f 1318/1318/440 1319/1319/440 1320/1320/440
f 1321/1321/441 1322/1322/441 1323/1323/441
f 1324/1324/442 1325/1325/442 1326/1326/442
f 1327/1327/443 1328/1328/443 1329/1329/443
f 1330/1330/444 1331/1331/444 1332/1332/444
f 1333/1333/445 1334/1334/445 1335/1335/445
f 1336/1336/446 1337/1337/446 1338/1338/446
f 1339/1339/447 1340/1340/447 1341/1341/447
f 1342/1342/448 1343/1343/448 1344/1344/448
f 1345/1345/449 1346/1346/449 1347/1347/449
f 1348/1348/450 1349/1349/450 1350/1350/450
f 1351/1351/451 1352/1352/451 1353/1353/451
f 1354/1354/452 1355/1355/452 1356/1356/452
f 1357/1357/453 1358/1358/453 1359/1359/453
f 1360/1360/454 1361/1361/454 1362/1362/454
f 1363/1363/455 1364/1364/455 1365/1365/455
f 1366/1366/456 1367/1367/456 1368/1368/456
f 1369/1369/457 1370/1370/457 1371/1371/457
f 1372/1372/458 1373/1373/458 1374/1374/458
f 1375/1375/459 1376/1376/459 1377/1377/459
f 1378/1378/460 1379/1379/460 1380/1380/460
f 1381/1381/461 1382/1382/461 1383/1383/461
f 1384/1384/462 1385/1385/462 1386/1386/462
f 1387/1387/463 1388/1388/463 1389/1389/463
f 1390/1390/464 1391/1391/464 1392/1392/464
f 1393/1393/465 1394/1394/465 1395/1395/465
f 1396/1396/466 1397/1397/466 1398/1398/466
f 1399/1399/467 1400/1400/467 1401/1401/467
f 1402/1402/468 1403/1403/468 1404/1404/468
f 1405/1405/469 1406/1406/469 1407/1407/469
f 1408/1408/470 1409/1409/470 1410/1410/470
f 1411/1411/471 1412/1412/471 1413/1413/471
f 1414/1414/472 1415/1415/472 1416/1416/472
f 1417/1417/473 1418/1418/473 1419/1419/473
f 1420/1420/474 1421/1421/474 1422/1422/474
f 1423/1423/475 1424/1424/475 1425/1425/475
f 1426/1426/476 1427/1427/476 1428/1428/476
f 1429/1429/477 1430/1430/477 1431/1431/477
f 1432/1432/478 1433/1433/478 1434/1434/478
f 1435/1435/479 1436/1436/479 1437/1437/479
f 1438/1438/480 1439/1439/480 1440/1440/480
f 1441/1441/481 1442/1442/481 1443/1443/481
f 1444/1444/482 1445/1445/482 1446/1446/482
f 1447/1447/483 1448/1448/483 1449/1449/483
f 1450/1450/484 1451/1451/484 1452/1452/484
f 1453/1453/485 1454/1454/485 1455/1455/485
f 1456/1456/486 1457/1457/486 1458/1458/486
f 1459/1459/487 1460/1460/487 1461/1461/487
f 1462/1462/488 1463/1463/488 1464/1464/488
f 1465/1465/489 1466/1466/489 1467/1467/489
f 1468/1468/490 1469/1469/490 1470/1470/490
f 1471/1471/491 1472/1472/491 1473/1473/491
f 1474/1474/492 1475/1475/492 1476/1476/492
f 1477/1477/493 1478/1478/493 1479/1479/493
f 1480/1480/494 1481/1481/494 1482/1482/494
f 1483/1483/495 1484/1484/495 1485/1485/495
f 1486/1486/496 1487/1487/496 1488/1488/496
f 1489/1489/497 1490/1490/497 1491/1491/497
f 1492/1492/498 1493/1493/498 1494/1494/498
f 1495/1495/499 1496/1496/499 1497/1497/499
f 1498/1498/500 1499/1499/500 1500/1500/500
f 1501/1501/501 1502/1502/501 1503/1503/501
f 1504/1504/502 1505/1505/502 1506/1506/502
f 1507/1507/503 1508/1508/503 1509/1509/503
f 1510/1510/504 1511/1511/504 1512/1512/504
f 1513/1513/505 1514/1514/505 1515/1515/505
f 1516/1516/506 1517/1517/506 1518/1518/506
f 1519/1519/507 1520/1520/507 1521/1521/507
f 1522/1522/508 1523/1523/508 1524/1524/508
f 1525/1525/509 1526/1526/509 1527/1527/509
f 1528/1528/510 1529/1529/510 1530/1530/510
f 1531/1531/511 1532/1532/511 1533/1533/511
f 1534/1534/512 1535/1535/512 1536/1536/512
f 1537/1537/513 1538/1538/513 1539/1539/513
f 1540/1540/514 1541/1541/514 1542/1542/514
f 1543/1543/515 1544/1544/515 1545/1545/515
f 1546/1546/516 1547/1547/516 1548/1548/516
f 1549/1549/517 1550/1550/517 1551/1551/517
f 1552/1552/518 1553/1553/518 1554/1554/518
f 1555/1555/519 1556/1556/519 1557/1557/519
f 1558/1558/520 1559/1559/520 1560/1560/520
f 1561/1561/521 1562/1562/521 1563/1563/521
f 1564/1564/522 1565/1565/522 1566/1566/522
f 1567/1567/523 1568/1568/523 1569/1569/523
f 1570/1570/524 1571/1571/524 1572/1572/524
f 1573/1573/525 1574/1574/525 1575/1575/525
f 1576/1576/526 1577/1577/526 1578/1578/526
f 1579/1579/527 1580/1580/527 1581/1581/527
f 1582/1582/528 1583/1583/528 1584/1584/528
f 1585/1585/529 1586/1586/529 1587/1587/529
f 1588/1588/530 1589/1589/530 1590/1590/530
f 1591/1591/531 1592/1592/531 1593/1593/531
f 1594/1594/532 1595/1595/532 1596/1596/532
f 1597/1597/533 1598/1598/533 1599/1599/533
f 1600/1600/534 1601/1601/534 1602/1602/534
f 1603/1603/535 1604/1604/535 1605/1605/535
f 1606/1606/536 1607/1607/536 1608/1608/536
f 1609/1609/537 1610/1610/537 1611/1611/537
f 1612/1612/538 1613/1613/538 1614/1614/538
f 1615/1615/539 1616/1616/539 1617/1617/539
f 1618/1618/540 1619/1619/540 1620/1620/540
f 1621/1621/541 1622/1622/541 1623/1623/541
f 1624/1624/542 1625/1625/542 1626/1626/542
f 1627/1627/543 1628/1628/543 1629/1629/543
f 1630/1630/544 1631/1631/544 1632/1632/544
f 1633/1633/545 1634/1634/545 1635/1635/545
f 1636/1636/546 1637/1637/546 1638/1638/546
f 1639/1639/547 1640/1640/547 1641/1641/547
f 1642/1642/548 1643/1643/548 1644/1644/548
f 1645/1645/549 1646/1646/549 1647/1647/549
f 1648/1648/550 1649/1649/550 1650/1650/550
f 1651/1651/551 1652/1652/551 1653/1653/551
f 1654/1654/552 1655/1655/552 1656/1656/552
f 1657/1657/553 1658/1658/553 1659/1659/553
f 1660/1660/554 1661/1661/554 1662/1662/554
f 1663/1663/555 1664/1664/555 1665/1665/555
f 1666/1666/556 1667/1667/556 1668/1668/556
f 1669/1669/557 1670/1670/557 1671/1671/557
f 1672/1672/558 1673/1673/558 1674/1674/558
f 1675/1675/559 1676/1676/559 1677/1677/559
f 1678/1678/560 1679/1679/560 1680/1680/560
f 1681/1681/561 1682/1682/561 1683/1683/561
f 1684/1684/562 1685/1685/562 1686/1686/562
f 1687/1687/563 1688/1688/563 1689/1689/563
f 1690/1690/564 1691/1691/564 1692/1692/564
f 1693/1693/565 1694/1694/565 1695/1695/565
f 1696/1696/566 1697/1697/566 1698/1698/566
f 1699/1699/567 1700/1700/567 1701/1701/567
f 1702/1702/568 1703/1703/568 1704/1704/568
f 1705/1705/569 1706/1706/569 1707/1707/569
f 1708/1708/570 1709/1709/570 1710/1710/570
f 1711/1711/571 1712/1712/571 1713/1713/571
f 1714/1714/572 1715/1715/572 1716/1716/572
f 1717/1717/573 1718/1718/573 1719/1719/573
f 1720/1720/574 1721/1721/574 1722/1722/574
f 1723/1723/575 1724/1724/575 1725/1725/575
f 1726/1726/576 1727/1727/576 1728/1728/576
f 1729/1729/577 1730/1730/577 1731/1731/577
f 1732/1732/578 1733/1733/578 1734/1734/578
f 1735/1735/579 1736/1736/579 1737/1737/579
f 1738/1738/580 1739/1739/580 1740/1740/580
f 1741/1741/581 1742/1742/581 1743/1743/581
f 1744/1744/582 1745/1745/582 1746/1746/582
f 1747/1747/583 1748/1748/583 1749/1749/583
f 1750/1750/584 1751/1751/584 1752/1752/584
f 1753/1753/585 1754/1754/585 1755/1755/585
f 1756/1756/586 1757/1757/586 1758/1758/586
f 1759/1759/587 1760/1760/587 1761/1761/587
f 1762/1762/588 1763/1763/588 1764/1764/588
f 1765/1765/589 1766/1766/589 1767/1767/589
f 1768/1768/590 1769/1769/590 1770/1770/590
f 1771/1771/591 1772/1772/591 1773/1773/591
f 1774/1774/592 1775/1775/592 1776/1776/592
f 1777/1777/593 1778/1778/593 1779/1779/593
f 1780/1780/594 1781/1781/594 1782/1782/594
f 1783/1783/595 1784/1784/595 1785/1785/595
f 1786/1786/596 1787/1787/596 1788/1788/596
f 1789/1789/597 1790/1790/597 1791/1791/597
f 1792/1792/598 1793/1793/598 1794/1794/598
f 1795/1795/599 1796/1796/599 1797/1797/599
f 1798/1798/600 1799/1799/600 1800/1800/600
f 1801/1801/601 1802/1802/601 1803/1803/601
f 1804/1804/602 1805/1805/602 1806/1806/602
f 1807/1807/603 1808/1808/603 1809/1809/603
f 1810/1810/604 1811/1811/604 1812/1812/604
f 1813/1813/605 1814/1814/605 1815/1815/605
f 1816/1816/606 1817/1817/606 1818/1818/606
f 1819/1819/607 1820/1820/607 1821/1821/607
f 1822/1822/608 1823/1823/608 1824/1824/608
f 1825/1825/609 1826/1826/609 1827/1827/609
f 1828/1828/610 1829/1829/610 1830/1830/610
f 1831/1831/611 1832/1832/611 1833/1833/611
f 1834/1834/612 1835/1835/612 1836/1836/612
f 1837/1837/613 1838/1838/613 1839/1839/613
f 1840/1840/614 1841/1841/614 1842/1842/614
f 1843/1843/615 1844/1844/615 1845/1845/615
f 1846/1846/616 1847/1847/616 1848/1848/616
f 1849/1849/617 1850/1850/617 1851/1851/617
f 1852/1852/618 1853/1853/618 1854/1854/618
f 1855/1855/619 1856/1856/619 1857/1857/619
f 1858/1858/620 1859/1859/620 1860/1860/620
