# Procedurally generated by dev-env-utils/scripts/gen_mast_arm_curves.py
# inventory icon: whole sweep fitted to one block
mtllib mastarmcurve.mtl
o mastarm_4x1_inv
v 0.500000 0.378493 0.978431
v 0.573384 0.367442 1.000000
v 0.567616 0.403379 0.992062
v 0.551581 0.437834 0.976845
v 0.527847 0.461620 0.964535
v 0.500000 0.469634 0.959973
v 0.472153 0.461620 0.964535
v 0.448419 0.437834 0.976845
v 0.432384 0.403379 0.992062
v 0.426616 0.367442 1.000000
v 0.432153 0.339644 0.992346
v 0.448099 0.320838 0.977081
v 0.471929 0.309523 0.964610
v 0.500000 0.305693 0.959973
v 0.528071 0.309523 0.964610
v 0.551901 0.320838 0.977081
v 0.567847 0.339644 0.992346
v 0.570554 0.412883 0.911482
v 0.565183 0.437133 0.923355
v 0.549889 0.457690 0.933419
v 0.527000 0.471427 0.940144
v 0.500000 0.476250 0.942506
v 0.473000 0.471427 0.940144
v 0.450111 0.457690 0.933419
v 0.434817 0.437133 0.923355
v 0.429446 0.412883 0.911482
v 0.434817 0.388634 0.899610
v 0.450111 0.368076 0.889546
v 0.473000 0.354340 0.882821
v 0.500000 0.349516 0.880459
v 0.527000 0.354340 0.882821
v 0.549889 0.368076 0.889546
v 0.565183 0.388634 0.899610
v 0.568705 0.422278 0.892086
v 0.563475 0.445989 0.903448
v 0.548582 0.466090 0.913079
v 0.526292 0.479521 0.919515
v 0.500000 0.484238 0.921775
v 0.473708 0.479521 0.919515
v 0.451418 0.466090 0.913079
v 0.436525 0.445989 0.903448
v 0.431295 0.422278 0.892086
v 0.436525 0.398567 0.880725
v 0.451418 0.378466 0.871093
v 0.473708 0.365035 0.864657
v 0.500000 0.360319 0.862397
v 0.526292 0.365035 0.864657
v 0.548582 0.378466 0.871093
v 0.563475 0.398567 0.880725
v 0.567244 0.431471 0.872690
v 0.562126 0.454772 0.883612
v 0.547549 0.474525 0.892871
v 0.525733 0.487724 0.899058
v 0.500000 0.492358 0.901231
v 0.474267 0.487724 0.899058
v 0.452451 0.474525 0.892871
v 0.437874 0.454772 0.883612
v 0.432756 0.431471 0.872690
v 0.437874 0.408171 0.861768
v 0.452451 0.388418 0.852509
v 0.474267 0.375219 0.846322
v 0.500000 0.370584 0.844149
v 0.525733 0.375219 0.846322
v 0.547549 0.388418 0.852509
v 0.562126 0.408171 0.861768
v 0.566280 0.440462 0.853294
v 0.561235 0.463520 0.863862
v 0.546867 0.483067 0.872821
v 0.525364 0.496129 0.878807
v 0.500000 0.500715 0.880910
v 0.474636 0.496129 0.878807
v 0.453133 0.483067 0.872821
v 0.438765 0.463520 0.863862
v 0.433720 0.440462 0.853294
v 0.438765 0.417404 0.842726
v 0.453133 0.397857 0.833766
v 0.474636 0.384796 0.827780
v 0.500000 0.380209 0.825678
v 0.525364 0.384796 0.827780
v 0.546867 0.397857 0.833766
v 0.561235 0.417404 0.842726
v 0.566008 0.449251 0.833897
v 0.560983 0.472304 0.844223
v 0.546675 0.491848 0.852977
v 0.525260 0.504906 0.858826
v 0.500000 0.509492 0.860880
v 0.474740 0.504906 0.858826
v 0.453325 0.491848 0.852977
v 0.439017 0.472304 0.844223
v 0.433992 0.449251 0.833897
v 0.439017 0.426198 0.823572
v 0.453325 0.406654 0.814818
v 0.474740 0.393596 0.808969
v 0.500000 0.389010 0.806915
v 0.525260 0.393596 0.808969
v 0.546675 0.406654 0.814818
v 0.560983 0.426198 0.823572
v 0.565826 0.457838 0.814501
v 0.560815 0.480916 0.824598
v 0.546546 0.500481 0.833158
v 0.525191 0.513554 0.838877
v 0.500000 0.518145 0.840885
v 0.474809 0.513554 0.838877
v 0.453454 0.500481 0.833158
v 0.439185 0.480916 0.824598
v 0.434174 0.457838 0.814501
v 0.439185 0.434760 0.804404
v 0.453454 0.415195 0.795845
v 0.474809 0.402122 0.790125
v 0.500000 0.397531 0.788117
v 0.525191 0.402122 0.790125
v 0.546546 0.415195 0.795845
v 0.560815 0.434760 0.804404
v 0.565644 0.466223 0.795105
v 0.560647 0.489325 0.804972
v 0.546417 0.508910 0.813336
v 0.525121 0.521997 0.818925
v 0.500000 0.526592 0.820888
v 0.474879 0.521997 0.818925
v 0.453583 0.508910 0.813336
v 0.439353 0.489325 0.804972
v 0.434356 0.466223 0.795105
v 0.439353 0.443121 0.785238
v 0.453583 0.423536 0.776874
v 0.474879 0.410449 0.771285
v 0.500000 0.405854 0.769322
v 0.525121 0.410449 0.771285
v 0.546417 0.423536 0.776874
v 0.560647 0.443121 0.785238
v 0.565462 0.474406 0.775709
v 0.560479 0.497530 0.785344
v 0.546289 0.517134 0.793512
v 0.525051 0.530233 0.798970
v 0.500000 0.534832 0.800887
v 0.474949 0.530233 0.798970
v 0.453711 0.517134 0.793512
v 0.439521 0.497530 0.785344
v 0.434538 0.474406 0.775709
v 0.439521 0.451281 0.766074
v 0.453711 0.431677 0.757905
v 0.474949 0.418579 0.752447
v 0.500000 0.413979 0.750531
v 0.525051 0.418579 0.752447
v 0.546289 0.431677 0.757905
v 0.560479 0.451281 0.766074
v 0.565280 0.482386 0.756312
v 0.560311 0.505531 0.765715
v 0.546160 0.525152 0.773686
v 0.524982 0.538263 0.779012
v 0.500000 0.542867 0.780883
v 0.475018 0.538263 0.779012
v 0.453840 0.525152 0.773686
v 0.439689 0.505531 0.765715
v 0.434720 0.482386 0.756312
v 0.439689 0.459242 0.746910
v 0.453840 0.439620 0.738939
v 0.475018 0.426510 0.733613
v 0.500000 0.421906 0.731742
v 0.524982 0.426510 0.733613
v 0.546160 0.439620 0.738939
v 0.560311 0.459242 0.746910
v 0.565099 0.490165 0.736916
v 0.560143 0.513329 0.746085
v 0.546032 0.532966 0.753858
v 0.524912 0.546087 0.759052
v 0.500000 0.550694 0.760876
v 0.475088 0.546087 0.759052
v 0.453968 0.532966 0.753858
v 0.439857 0.513329 0.746085
v 0.434901 0.490165 0.736916
v 0.439857 0.467002 0.727747
v 0.453968 0.447365 0.719974
v 0.475088 0.434243 0.714781
v 0.500000 0.429636 0.712957
v 0.524912 0.434243 0.714781
v 0.546032 0.447365 0.719974
v 0.560143 0.467002 0.727747
v 0.564917 0.497742 0.717520
v 0.559975 0.520922 0.726454
v 0.545903 0.540574 0.734028
v 0.524843 0.553704 0.739089
v 0.500000 0.558315 0.740866
v 0.475157 0.553704 0.739089
v 0.454097 0.540574 0.734028
v 0.440025 0.520922 0.726454
v 0.435083 0.497742 0.717520
v 0.440025 0.474561 0.708586
v 0.454097 0.454910 0.701012
v 0.475157 0.441779 0.695951
v 0.500000 0.437168 0.694174
v 0.524843 0.441779 0.695951
v 0.545903 0.454910 0.701012
v 0.559975 0.474561 0.708586
v 0.564735 0.505116 0.698124
v 0.559807 0.528312 0.706822
v 0.545775 0.547976 0.714196
v 0.524773 0.561116 0.719123
v 0.500000 0.565730 0.720854
v 0.475227 0.561116 0.719123
v 0.454225 0.547976 0.714196
v 0.440193 0.528312 0.706822
v 0.435265 0.505116 0.698124
v 0.440193 0.481921 0.689425
v 0.454225 0.462256 0.682051
v 0.475227 0.449117 0.677124
v 0.500000 0.444503 0.675394
v 0.524773 0.449117 0.677124
v 0.545775 0.462256 0.682051
v 0.559807 0.481921 0.689425
v 0.564553 0.512289 0.678728
v 0.559639 0.535498 0.687189
v 0.545646 0.555174 0.694363
v 0.524703 0.568320 0.699156
v 0.500000 0.572937 0.700839
v 0.475297 0.568320 0.699156
v 0.454354 0.555174 0.694363
v 0.440361 0.535498 0.687189
v 0.435447 0.512289 0.678728
v 0.440361 0.489080 0.670266
v 0.454354 0.469404 0.663092
v 0.475297 0.456257 0.658299
v 0.500000 0.451641 0.656616
v 0.524703 0.456257 0.658299
v 0.545646 0.469404 0.663092
v 0.559639 0.489080 0.670266
v 0.564371 0.519259 0.659331
v 0.559471 0.542480 0.667555
v 0.545517 0.562165 0.674527
v 0.524634 0.575319 0.679186
v 0.500000 0.579938 0.680821
v 0.475366 0.575319 0.679186
v 0.454483 0.562165 0.674527
v 0.440529 0.542480 0.667555
v 0.435629 0.519259 0.659331
v 0.440529 0.496039 0.651107
v 0.454483 0.476354 0.644135
v 0.475366 0.463200 0.639477
v 0.500000 0.458581 0.637841
v 0.524634 0.463200 0.639477
v 0.545517 0.476354 0.644135
v 0.559471 0.496039 0.651107
v 0.564361 0.519664 0.658189
v 0.559461 0.542885 0.666399
v 0.545510 0.562571 0.673359
v 0.524630 0.575724 0.678010
v 0.500000 0.580343 0.679643
v 0.475370 0.575724 0.678010
v 0.454490 0.562571 0.673359
v 0.440539 0.542885 0.666399
v 0.435639 0.519664 0.658189
v 0.440539 0.496442 0.649979
v 0.454490 0.476756 0.643019
v 0.475370 0.463603 0.638369
v 0.500000 0.458984 0.636736
v 0.524630 0.463603 0.638369
v 0.545510 0.476756 0.643019
v 0.559461 0.496442 0.649979
v 0.564189 0.526028 0.639935
v 0.559303 0.549258 0.647920
v 0.545389 0.568951 0.654690
v 0.524564 0.582110 0.659213
v 0.500000 0.586731 0.660802
v 0.475436 0.582110 0.659213
v 0.454611 0.568951 0.654690
v 0.440697 0.549258 0.647920
v 0.435811 0.526028 0.639935
v 0.440697 0.502798 0.631950
v 0.454611 0.483104 0.625180
v 0.475436 0.469946 0.620657
v 0.500000 0.465325 0.619068
v 0.524564 0.469946 0.620657
v 0.545389 0.483104 0.625180
v 0.559303 0.502798 0.631950
v 0.564008 0.532594 0.620539
v 0.559135 0.555832 0.628285
v 0.545260 0.575532 0.634851
v 0.524495 0.588695 0.639239
v 0.500000 0.593317 0.640780
v 0.475505 0.588695 0.639239
v 0.454740 0.575532 0.634851
v 0.440865 0.555832 0.628285
v 0.435992 0.532594 0.620539
v 0.440865 0.509357 0.612793
v 0.454740 0.489657 0.606226
v 0.475505 0.476494 0.601839
v 0.500000 0.471871 0.600298
v 0.524495 0.476494 0.601839
v 0.545260 0.489657 0.606226
v 0.559135 0.509357 0.612793
v 0.563826 0.538959 0.601143
v 0.558967 0.562202 0.608648
v 0.545132 0.581907 0.615011
v 0.524425 0.595073 0.619263
v 0.500000 0.599696 0.620756
v 0.475575 0.595073 0.619263
v 0.454868 0.581907 0.615011
v 0.441033 0.562202 0.608648
v 0.436174 0.538959 0.601143
v 0.441033 0.515715 0.593637
v 0.454868 0.496011 0.587274
v 0.475575 0.482845 0.583022
v 0.500000 0.478221 0.581529
v 0.524425 0.482845 0.583022
v 0.545132 0.496011 0.587274
v 0.558967 0.515715 0.593637
v 0.563644 0.545121 0.581746
v 0.558799 0.568368 0.589011
v 0.545003 0.588076 0.595170
v 0.524355 0.601244 0.599285
v 0.500000 0.605868 0.600730
v 0.475645 0.601244 0.599285
v 0.454997 0.588076 0.595170
v 0.441201 0.568368 0.589011
v 0.436356 0.545121 0.581746
v 0.441201 0.521874 0.574482
v 0.454997 0.502167 0.568323
v 0.475645 0.488998 0.564208
v 0.500000 0.484374 0.562763
v 0.524355 0.488998 0.564208
v 0.545003 0.502167 0.568323
v 0.558799 0.521874 0.574482
v 0.563462 0.551081 0.562350
v 0.558631 0.574330 0.569373
v 0.544874 0.594039 0.575327
v 0.524286 0.607208 0.579305
v 0.500000 0.611832 0.580702
v 0.475714 0.607208 0.579305
v 0.455126 0.594039 0.575327
v 0.441369 0.574330 0.569373
v 0.436538 0.551081 0.562350
v 0.441369 0.527833 0.555327
v 0.455126 0.508124 0.549373
v 0.475714 0.494955 0.545395
v 0.500000 0.490331 0.543998
v 0.524286 0.494955 0.545395
v 0.544874 0.508124 0.549373
v 0.558631 0.527833 0.555327
v 0.563280 0.556840 0.542954
v 0.558463 0.580087 0.549734
v 0.544746 0.599796 0.555483
v 0.524216 0.612964 0.559324
v 0.500000 0.617589 0.560672
v 0.475784 0.612964 0.559324
v 0.455254 0.599796 0.555483
v 0.441537 0.580087 0.549734
v 0.436720 0.556840 0.542954
v 0.441537 0.533592 0.536173
v 0.455254 0.513884 0.530425
v 0.475784 0.500715 0.526584
v 0.500000 0.496091 0.525235
v 0.524216 0.500715 0.526584
v 0.544746 0.513884 0.530425
v 0.558463 0.533592 0.536173
v 0.563098 0.562396 0.523558
v 0.558295 0.585641 0.530095
v 0.544617 0.605347 0.535638
v 0.524147 0.618514 0.539341
v 0.500000 0.623138 0.540641
v 0.475853 0.618514 0.539341
v 0.455383 0.605347 0.535638
v 0.441705 0.585641 0.530095
v 0.436902 0.562396 0.523558
v 0.441705 0.539151 0.517020
v 0.455383 0.519445 0.511478
v 0.475853 0.506278 0.507774
v 0.500000 0.501654 0.506474
v 0.524147 0.506278 0.507774
v 0.544617 0.519445 0.511478
v 0.558295 0.539151 0.517020
v 0.562917 0.567750 0.504161
v 0.558127 0.590990 0.510455
v 0.544489 0.610692 0.515791
v 0.524077 0.623856 0.519357
v 0.500000 0.628479 0.520609
v 0.475923 0.623856 0.519357
v 0.455511 0.610692 0.515791
v 0.441873 0.590990 0.510455
v 0.437083 0.567750 0.504161
v 0.441873 0.544510 0.497867
v 0.455511 0.524808 0.492531
v 0.475923 0.511644 0.488966
v 0.500000 0.507021 0.487714
v 0.524077 0.511644 0.488966
v 0.544489 0.524808 0.492531
v 0.558127 0.544510 0.497867
v 0.562735 0.572902 0.484765
v 0.557959 0.596135 0.490815
v 0.544360 0.615831 0.495944
v 0.524008 0.628991 0.499372
v 0.500000 0.633612 0.500575
v 0.475992 0.628991 0.499372
v 0.455640 0.615831 0.495944
v 0.442041 0.596135 0.490815
v 0.437265 0.572902 0.484765
v 0.442041 0.549670 0.478715
v 0.455640 0.529974 0.473586
v 0.475992 0.516814 0.470159
v 0.500000 0.512192 0.468955
v 0.524008 0.516814 0.470159
v 0.544360 0.529974 0.473586
v 0.557959 0.549670 0.478715
v 0.562553 0.577852 0.465369
v 0.557791 0.601075 0.471175
v 0.544232 0.620763 0.476097
v 0.523938 0.633918 0.479385
v 0.500000 0.638537 0.480540
v 0.476062 0.633918 0.479385
v 0.455768 0.620763 0.476097
v 0.442209 0.601075 0.471175
v 0.437447 0.577852 0.465369
v 0.442209 0.554629 0.459563
v 0.455768 0.534941 0.454641
v 0.476062 0.521786 0.451352
v 0.500000 0.517167 0.450198
v 0.523938 0.521786 0.451352
v 0.544232 0.534941 0.454641
v 0.557791 0.554629 0.459563
v 0.562371 0.582600 0.445973
v 0.557623 0.605812 0.451534
v 0.544103 0.625490 0.456248
v 0.523868 0.638638 0.459398
v 0.500000 0.643255 0.460504
v 0.476132 0.638638 0.459398
v 0.455897 0.625490 0.456248
v 0.442377 0.605812 0.451534
v 0.437629 0.582600 0.445973
v 0.442377 0.559389 0.440412
v 0.455897 0.539711 0.435697
v 0.476132 0.526563 0.432547
v 0.500000 0.521946 0.431441
v 0.523868 0.526563 0.432547
v 0.544103 0.539711 0.435697
v 0.557623 0.559389 0.440412
v 0.562189 0.587146 0.426576
v 0.557455 0.610344 0.431892
v 0.543974 0.630010 0.436399
v 0.523799 0.643150 0.439411
v 0.500000 0.647764 0.440468
v 0.476201 0.643150 0.439411
v 0.456026 0.630010 0.436399
v 0.442545 0.610344 0.431892
v 0.437811 0.587146 0.426576
v 0.442545 0.563949 0.421260
v 0.456026 0.544283 0.416754
v 0.476201 0.531143 0.413742
v 0.500000 0.526528 0.412685
v 0.523799 0.531143 0.413742
v 0.543974 0.544283 0.416754
v 0.557455 0.563949 0.421260
v 0.562007 0.591490 0.407180
v 0.557287 0.614671 0.412251
v 0.543846 0.634323 0.416550
v 0.523729 0.647454 0.419422
v 0.500000 0.652065 0.420431
v 0.476271 0.647454 0.419422
v 0.456154 0.634323 0.416550
v 0.442713 0.614671 0.412251
v 0.437993 0.591490 0.407180
v 0.442713 0.568309 0.402109
v 0.456154 0.548657 0.397810
v 0.476271 0.535526 0.394938
v 0.500000 0.530915 0.393929
v 0.523729 0.535526 0.394938
v 0.543846 0.548657 0.397810
v 0.557287 0.568309 0.402109
v 0.561826 0.595632 0.387784
v 0.557119 0.618794 0.392609
v 0.543717 0.638430 0.396700
v 0.523660 0.651551 0.399434
v 0.500000 0.656158 0.400393
v 0.476340 0.651551 0.399434
v 0.456283 0.638430 0.396700
v 0.442881 0.618794 0.392609
v 0.438174 0.595632 0.387784
v 0.442881 0.572470 0.382958
v 0.456283 0.552834 0.378868
v 0.476340 0.539713 0.376134
v 0.500000 0.535106 0.375174
v 0.523660 0.539713 0.376134
v 0.543717 0.552834 0.378868
v 0.557119 0.572470 0.382958
v 0.561644 0.599572 0.368388
v 0.556951 0.622713 0.372968
v 0.543589 0.642331 0.376850
v 0.523590 0.655440 0.379445
v 0.500000 0.660043 0.380356
v 0.476410 0.655440 0.379445
v 0.456411 0.642331 0.376850
v 0.443049 0.622713 0.372968
v 0.438356 0.599572 0.368388
v 0.443049 0.576431 0.363808
v 0.456411 0.556813 0.359925
v 0.476410 0.543704 0.357331
v 0.500000 0.539101 0.356419
v 0.523590 0.543704 0.357331
v 0.543589 0.556813 0.359925
v 0.556951 0.576431 0.363808
v 0.561462 0.603310 0.348991
v 0.556783 0.626427 0.353326
v 0.543460 0.646026 0.357001
v 0.523520 0.659121 0.359456
v 0.500000 0.663719 0.360318
v 0.476480 0.659121 0.359456
v 0.456540 0.646026 0.357001
v 0.443217 0.626427 0.353326
v 0.438538 0.603310 0.348991
v 0.443217 0.580192 0.344657
v 0.456540 0.560594 0.340982
v 0.476480 0.547499 0.338527
v 0.500000 0.542901 0.337665
v 0.523520 0.547499 0.338527
v 0.543460 0.560594 0.340982
v 0.556783 0.580192 0.344657
v 0.561280 0.606846 0.329595
v 0.556615 0.629937 0.333684
v 0.543332 0.649513 0.337151
v 0.523451 0.662594 0.339467
v 0.500000 0.667187 0.340281
v 0.476549 0.662594 0.339467
v 0.456668 0.649513 0.337151
v 0.443385 0.629937 0.333684
v 0.438720 0.606846 0.329595
v 0.443385 0.583754 0.325506
v 0.456668 0.564178 0.322039
v 0.476549 0.551098 0.319723
v 0.500000 0.546504 0.318910
v 0.523451 0.551098 0.319723
v 0.543332 0.564178 0.322039
v 0.556615 0.583754 0.325506
v 0.561098 0.610179 0.310199
v 0.556447 0.633242 0.314043
v 0.543203 0.652794 0.317301
v 0.523381 0.665859 0.319479
v 0.500000 0.670446 0.320243
v 0.476619 0.665859 0.319479
v 0.456797 0.652794 0.317301
v 0.443553 0.633242 0.314043
v 0.438902 0.610179 0.310199
v 0.443553 0.587116 0.306355
v 0.456797 0.567564 0.303096
v 0.476619 0.554500 0.300919
v 0.500000 0.549912 0.300154
v 0.523381 0.554500 0.300919
v 0.543203 0.567564 0.303096
v 0.556447 0.587116 0.306355
v 0.560916 0.613311 0.290803
v 0.556279 0.636343 0.294401
v 0.543074 0.655869 0.297452
v 0.523312 0.668916 0.299491
v 0.500000 0.673497 0.300207
v 0.476688 0.668916 0.299491
v 0.456926 0.655869 0.297452
v 0.443721 0.636343 0.294401
v 0.439084 0.613311 0.290803
v 0.443721 0.590279 0.287204
v 0.456926 0.570753 0.284153
v 0.476688 0.557706 0.282114
v 0.500000 0.553125 0.281399
v 0.523312 0.557706 0.282114
v 0.543074 0.570753 0.284153
v 0.556279 0.590279 0.287204
v 0.560734 0.616241 0.271406
v 0.556111 0.639239 0.274760
v 0.542946 0.658737 0.277604
v 0.523242 0.671765 0.279504
v 0.500000 0.676339 0.280171
v 0.476758 0.671765 0.279504
v 0.457054 0.658737 0.277604
v 0.443889 0.639239 0.274760
v 0.439266 0.616241 0.271406
v 0.443889 0.593242 0.268052
v 0.457054 0.573744 0.265209
v 0.476758 0.560717 0.263309
v 0.500000 0.556142 0.262642
v 0.523242 0.560717 0.263309
v 0.542946 0.573744 0.265209
v 0.556111 0.593242 0.268052
v 0.560553 0.618968 0.252010
v 0.555943 0.641931 0.255120
v 0.542817 0.661398 0.257756
v 0.523172 0.674406 0.259517
v 0.500000 0.678973 0.260136
v 0.476828 0.674406 0.259517
v 0.457183 0.661398 0.257756
v 0.444057 0.641931 0.255120
v 0.439447 0.618968 0.252010
v 0.444057 0.596005 0.248901
v 0.457183 0.576538 0.246264
v 0.476828 0.563531 0.244503
v 0.500000 0.558963 0.243885
v 0.523172 0.563531 0.244503
v 0.542817 0.576538 0.246264
v 0.555943 0.596005 0.248901
v 0.560371 0.621494 0.232614
v 0.555775 0.644418 0.235480
v 0.542689 0.663853 0.237909
v 0.523103 0.676838 0.239532
v 0.500000 0.681398 0.240102
v 0.476897 0.676838 0.239532
v 0.457311 0.663853 0.237909
v 0.444225 0.644418 0.235480
v 0.439629 0.621494 0.232614
v 0.444225 0.598569 0.229748
v 0.457311 0.579135 0.227319
v 0.476897 0.566149 0.225696
v 0.500000 0.561589 0.225126
v 0.523103 0.566149 0.225696
v 0.542689 0.579135 0.227319
v 0.555775 0.598569 0.229748
v 0.560189 0.623817 0.213218
v 0.555607 0.646701 0.215840
v 0.542560 0.666101 0.218063
v 0.523033 0.679063 0.219548
v 0.500000 0.683615 0.220070
v 0.476967 0.679063 0.219548
v 0.457440 0.666101 0.218063
v 0.444393 0.646701 0.215840
v 0.439811 0.623817 0.213218
v 0.444393 0.600934 0.210596
v 0.457440 0.581534 0.208373
v 0.476967 0.568571 0.206887
v 0.500000 0.564020 0.206366
v 0.523033 0.568571 0.206887
v 0.542560 0.581534 0.208373
v 0.555607 0.600934 0.210596
v 0.560007 0.625939 0.193821
v 0.555439 0.648779 0.196201
v 0.542431 0.668142 0.198218
v 0.522964 0.681080 0.199565
v 0.500000 0.685623 0.200039
v 0.477036 0.681080 0.199565
v 0.457569 0.668142 0.198218
v 0.444561 0.648779 0.196201
v 0.439993 0.625939 0.193821
v 0.444561 0.603099 0.191442
v 0.457569 0.583736 0.189425
v 0.477036 0.570798 0.188078
v 0.500000 0.566255 0.187604
v 0.522964 0.570798 0.188078
v 0.542431 0.583736 0.189425
v 0.555439 0.603099 0.191442
v 0.559825 0.627858 0.174425
v 0.555271 0.650652 0.176562
v 0.542303 0.669976 0.178374
v 0.522894 0.682888 0.179584
v 0.500000 0.687422 0.180009
v 0.477106 0.682888 0.179584
v 0.457697 0.669976 0.178374
v 0.444729 0.650652 0.176562
v 0.440175 0.627858 0.174425
v 0.444729 0.605064 0.172288
v 0.457697 0.585740 0.170477
v 0.477106 0.572828 0.169266
v 0.500000 0.568294 0.168841
v 0.522894 0.572828 0.169266
v 0.542303 0.585740 0.170477
v 0.555271 0.605064 0.172288
v 0.559643 0.629576 0.155029
v 0.555103 0.652321 0.156924
v 0.542174 0.671604 0.158531
v 0.522825 0.684489 0.159605
v 0.500000 0.689013 0.159982
v 0.477175 0.684489 0.159605
v 0.457826 0.671604 0.158531
v 0.444897 0.652321 0.156924
v 0.440357 0.629576 0.155029
v 0.444897 0.606830 0.153134
v 0.457826 0.587547 0.151527
v 0.477175 0.574663 0.150453
v 0.500000 0.570138 0.150076
v 0.522825 0.574663 0.150453
v 0.542174 0.587547 0.151527
v 0.555103 0.606830 0.153134
v 0.559462 0.631091 0.135633
v 0.554935 0.653786 0.137288
v 0.542046 0.673025 0.138690
v 0.522755 0.685881 0.139628
v 0.500000 0.690395 0.139957
v 0.477245 0.685881 0.139628
v 0.457954 0.673025 0.138690
v 0.445065 0.653786 0.137288
v 0.440538 0.631091 0.135633
v 0.445065 0.608396 0.133978
v 0.457954 0.589157 0.132575
v 0.477245 0.576301 0.131638
v 0.500000 0.571787 0.131308
v 0.522755 0.576301 0.131638
v 0.542046 0.589157 0.132575
v 0.554935 0.608396 0.133978
v 0.559280 0.632404 0.116237
v 0.554767 0.655045 0.117652
v 0.541917 0.674240 0.118851
v 0.522685 0.687065 0.119653
v 0.500000 0.691569 0.119934
v 0.477315 0.687065 0.119653
v 0.458083 0.674240 0.118851
v 0.445233 0.655045 0.117652
v 0.440720 0.632404 0.116237
v 0.445233 0.609763 0.114821
v 0.458083 0.590569 0.113622
v 0.477315 0.577743 0.112820
v 0.500000 0.573240 0.112539
v 0.522685 0.577743 0.112820
v 0.541917 0.590569 0.113622
v 0.554767 0.609763 0.114821
v 0.559098 0.633515 0.096840
v 0.554599 0.656101 0.098017
v 0.541789 0.675247 0.099014
v 0.522616 0.688041 0.099680
v 0.500000 0.692533 0.099914
v 0.477384 0.688041 0.099680
v 0.458211 0.675247 0.099014
v 0.445401 0.656101 0.098017
v 0.440902 0.633515 0.096840
v 0.445401 0.610930 0.095664
v 0.458211 0.591783 0.094667
v 0.477384 0.578990 0.094000
v 0.500000 0.574498 0.093766
v 0.522616 0.578990 0.094000
v 0.541789 0.591783 0.094667
v 0.554599 0.610930 0.095664
v 0.558916 0.634425 0.077444
v 0.554431 0.656951 0.078383
v 0.541660 0.676048 0.079178
v 0.522546 0.688809 0.079710
v 0.500000 0.693290 0.079897
v 0.477454 0.688809 0.079710
v 0.458340 0.676048 0.079178
v 0.445569 0.656951 0.078383
v 0.441084 0.634425 0.077444
v 0.445569 0.611898 0.076505
v 0.458340 0.592801 0.075710
v 0.477454 0.580040 0.075178
v 0.500000 0.575560 0.074991
v 0.522546 0.580040 0.075178
v 0.541660 0.592801 0.075710
v 0.554431 0.611898 0.076505
v 0.558734 0.635132 0.058048
v 0.554263 0.657597 0.058750
v 0.541531 0.676643 0.059345
v 0.522477 0.689369 0.059743
v 0.500000 0.693837 0.059882
v 0.477523 0.689369 0.059743
v 0.458469 0.676643 0.059345
v 0.445737 0.657597 0.058750
v 0.441266 0.635132 0.058048
v 0.445737 0.612666 0.057346
v 0.458469 0.593621 0.056751
v 0.477523 0.580895 0.056353
v 0.500000 0.576426 0.056213
v 0.522477 0.580895 0.056353
v 0.541531 0.593621 0.056751
v 0.554263 0.612666 0.057346
v 0.558552 0.635637 0.038652
v 0.554095 0.658039 0.039118
v 0.541403 0.677031 0.039514
v 0.522407 0.689721 0.039778
v 0.500000 0.694177 0.039871
v 0.477593 0.689721 0.039778
v 0.458597 0.677031 0.039514
v 0.445905 0.658039 0.039118
v 0.441448 0.635637 0.038652
v 0.445905 0.613235 0.038185
v 0.458597 0.594243 0.037789
v 0.477593 0.581553 0.037525
v 0.500000 0.577097 0.037432
v 0.522407 0.581553 0.037525
v 0.541403 0.594243 0.037789
v 0.554095 0.613235 0.038185
v 0.558371 0.635940 0.019255
v 0.553927 0.658276 0.019488
v 0.541274 0.677212 0.019685
v 0.522337 0.689864 0.019817
v 0.500000 0.694307 0.019863
v 0.477663 0.689864 0.019817
v 0.458726 0.677212 0.019685
v 0.446073 0.658276 0.019488
v 0.441629 0.635940 0.019255
v 0.446073 0.613604 0.019023
v 0.458726 0.594668 0.018825
v 0.477663 0.582016 0.018694
v 0.500000 0.577573 0.018647
v 0.522337 0.582016 0.018694
v 0.541274 0.594668 0.018825
v 0.553927 0.613604 0.019023
v 0.558190 0.636041 0.000005
v 0.553761 0.658309 0.000006
v 0.541147 0.677188 0.000008
v 0.522268 0.689802 0.000009
v 0.500000 0.694231 0.000009
v 0.477732 0.689802 0.000009
v 0.458853 0.677188 0.000008
v 0.446239 0.658309 0.000006
v 0.441810 0.636041 0.000005
v 0.446239 0.613773 0.000003
v 0.458853 0.594894 0.000001
v 0.477732 0.582280 0.000000
v 0.500000 0.577851 0.000000
v 0.522268 0.582280 0.000000
v 0.541147 0.594894 0.000001
v 0.553761 0.613773 0.000003
v 0.500000 0.636041 0.000005
vt 0.500000 0.500000
vt 0.700000 0.500000
vt 0.684776 0.423463
vt 0.641421 0.358579
vt 0.576537 0.315224
vt 0.500000 0.300000
vt 0.423463 0.315224
vt 0.358579 0.358579
vt 0.315224 0.423463
vt 0.300000 0.500000
vt 0.315224 0.576537
vt 0.358579 0.641421
vt 0.423463 0.684776
vt 0.500000 0.700000
vt 0.576537 0.684776
vt 0.641421 0.641421
vt 0.684776 0.576537
vt 0.250000 0.750000
vt 0.250000 0.711138
vt 0.281250 0.711138
vt 0.281250 0.750000
vt 0.312500 0.711138
vt 0.312500 0.750000
vt 0.343750 0.711138
vt 0.343750 0.750000
vt 0.375000 0.711138
vt 0.375000 0.750000
vt 0.406250 0.711138
vt 0.406250 0.750000
vt 0.437500 0.711138
vt 0.437500 0.750000
vt 0.468750 0.711138
vt 0.468750 0.750000
vt 0.500000 0.711138
vt 0.500000 0.750000
vt 0.531250 0.711138
vt 0.531250 0.750000
vt 0.562500 0.711138
vt 0.562500 0.750000
vt 0.593750 0.711138
vt 0.593750 0.750000
vt 0.625000 0.711138
vt 0.625000 0.750000
vt 0.656250 0.711138
vt 0.656250 0.750000
vt 0.687500 0.711138
vt 0.687500 0.750000
vt 0.718750 0.711138
vt 0.718750 0.750000
vt 0.750000 0.711138
vt 0.750000 0.750000
vt 0.250000 0.664841
vt 0.281250 0.664841
vt 0.312500 0.664841
vt 0.343750 0.664841
vt 0.375000 0.664841
vt 0.406250 0.664841
vt 0.437500 0.664841
vt 0.468750 0.664841
vt 0.500000 0.664841
vt 0.531250 0.664841
vt 0.562500 0.664841
vt 0.593750 0.664841
vt 0.625000 0.664841
vt 0.656250 0.664841
vt 0.687500 0.664841
vt 0.718750 0.664841
vt 0.750000 0.664841
vt 0.250000 0.618731
vt 0.281250 0.618731
vt 0.312500 0.618731
vt 0.343750 0.618731
vt 0.375000 0.618731
vt 0.406250 0.618731
vt 0.437500 0.618731
vt 0.468750 0.618731
vt 0.500000 0.618731
vt 0.531250 0.618731
vt 0.562500 0.618731
vt 0.593750 0.618731
vt 0.625000 0.618731
vt 0.656250 0.618731
vt 0.687500 0.618731
vt 0.718750 0.618731
vt 0.750000 0.618731
vt 0.250000 0.572806
vt 0.281250 0.572806
vt 0.312500 0.572806
vt 0.343750 0.572806
vt 0.375000 0.572806
vt 0.406250 0.572806
vt 0.437500 0.572806
vt 0.468750 0.572806
vt 0.500000 0.572806
vt 0.531250 0.572806
vt 0.562500 0.572806
vt 0.593750 0.572806
vt 0.625000 0.572806
vt 0.656250 0.572806
vt 0.687500 0.572806
vt 0.718750 0.572806
vt 0.750000 0.572806
vt 0.250000 0.527061
vt 0.281250 0.527061
vt 0.312500 0.527061
vt 0.343750 0.527061
vt 0.375000 0.527061
vt 0.406250 0.527061
vt 0.437500 0.527061
vt 0.468750 0.527061
vt 0.500000 0.527061
vt 0.531250 0.527061
vt 0.562500 0.527061
vt 0.593750 0.527061
vt 0.625000 0.527061
vt 0.656250 0.527061
vt 0.687500 0.527061
vt 0.718750 0.527061
vt 0.750000 0.527061
vt 0.250000 0.481494
vt 0.281250 0.481494
vt 0.312500 0.481494
vt 0.343750 0.481494
vt 0.375000 0.481494
vt 0.406250 0.481494
vt 0.437500 0.481494
vt 0.468750 0.481494
vt 0.500000 0.481494
vt 0.531250 0.481494
vt 0.562500 0.481494
vt 0.593750 0.481494
vt 0.625000 0.481494
vt 0.656250 0.481494
vt 0.687500 0.481494
vt 0.718750 0.481494
vt 0.750000 0.481494
vt 0.250000 0.436100
vt 0.281250 0.436100
vt 0.312500 0.436100
vt 0.343750 0.436100
vt 0.375000 0.436100
vt 0.406250 0.436100
vt 0.437500 0.436100
vt 0.468750 0.436100
vt 0.500000 0.436100
vt 0.531250 0.436100
vt 0.562500 0.436100
vt 0.593750 0.436100
vt 0.625000 0.436100
vt 0.656250 0.436100
vt 0.687500 0.436100
vt 0.718750 0.436100
vt 0.750000 0.436100
vt 0.250000 0.390878
vt 0.281250 0.390878
vt 0.312500 0.390878
vt 0.343750 0.390878
vt 0.375000 0.390878
vt 0.406250 0.390878
vt 0.437500 0.390878
vt 0.468750 0.390878
vt 0.500000 0.390878
vt 0.531250 0.390878
vt 0.562500 0.390878
vt 0.593750 0.390878
vt 0.625000 0.390878
vt 0.656250 0.390878
vt 0.687500 0.390878
vt 0.718750 0.390878
vt 0.750000 0.390878
vt 0.250000 0.345822
vt 0.281250 0.345822
vt 0.312500 0.345822
vt 0.343750 0.345822
vt 0.375000 0.345822
vt 0.406250 0.345822
vt 0.437500 0.345822
vt 0.468750 0.345822
vt 0.500000 0.345822
vt 0.531250 0.345822
vt 0.562500 0.345822
vt 0.593750 0.345822
vt 0.625000 0.345822
vt 0.656250 0.345822
vt 0.687500 0.345822
vt 0.718750 0.345822
vt 0.750000 0.345822
vt 0.250000 0.300929
vt 0.281250 0.300929
vt 0.312500 0.300929
vt 0.343750 0.300929
vt 0.375000 0.300929
vt 0.406250 0.300929
vt 0.437500 0.300929
vt 0.468750 0.300929
vt 0.500000 0.300929
vt 0.531250 0.300929
vt 0.562500 0.300929
vt 0.593750 0.300929
vt 0.625000 0.300929
vt 0.656250 0.300929
vt 0.687500 0.300929
vt 0.718750 0.300929
vt 0.750000 0.300929
vt 0.250000 0.256196
vt 0.281250 0.256196
vt 0.312500 0.256196
vt 0.343750 0.256196
vt 0.375000 0.256196
vt 0.406250 0.256196
vt 0.437500 0.256196
vt 0.468750 0.256196
vt 0.500000 0.256196
vt 0.531250 0.256196
vt 0.562500 0.256196
vt 0.593750 0.256196
vt 0.625000 0.256196
vt 0.656250 0.256196
vt 0.687500 0.256196
vt 0.718750 0.256196
vt 0.750000 0.256196
vt 0.250000 0.288380
vt 0.281250 0.288380
vt 0.312500 0.288380
vt 0.343750 0.288380
vt 0.375000 0.288380
vt 0.406250 0.288380
vt 0.437500 0.288380
vt 0.468750 0.288380
vt 0.500000 0.288380
vt 0.531250 0.288380
vt 0.562500 0.288380
vt 0.593750 0.288380
vt 0.625000 0.288380
vt 0.656250 0.288380
vt 0.687500 0.288380
vt 0.718750 0.288380
vt 0.750000 0.288380
vt 0.250000 0.332804
vt 0.281250 0.332804
vt 0.312500 0.332804
vt 0.343750 0.332804
vt 0.375000 0.332804
vt 0.406250 0.332804
vt 0.437500 0.332804
vt 0.468750 0.332804
vt 0.500000 0.332804
vt 0.531250 0.332804
vt 0.562500 0.332804
vt 0.593750 0.332804
vt 0.625000 0.332804
vt 0.656250 0.332804
vt 0.687500 0.332804
vt 0.718750 0.332804
vt 0.750000 0.332804
vt 0.250000 0.377080
vt 0.281250 0.377080
vt 0.312500 0.377080
vt 0.343750 0.377080
vt 0.375000 0.377080
vt 0.406250 0.377080
vt 0.437500 0.377080
vt 0.468750 0.377080
vt 0.500000 0.377080
vt 0.531250 0.377080
vt 0.562500 0.377080
vt 0.593750 0.377080
vt 0.625000 0.377080
vt 0.656250 0.377080
vt 0.687500 0.377080
vt 0.718750 0.377080
vt 0.750000 0.377080
vt 0.250000 0.379682
vt 0.281250 0.379682
vt 0.312500 0.379682
vt 0.343750 0.379682
vt 0.375000 0.379682
vt 0.406250 0.379682
vt 0.437500 0.379682
vt 0.468750 0.379682
vt 0.500000 0.379682
vt 0.531250 0.379682
vt 0.562500 0.379682
vt 0.593750 0.379682
vt 0.625000 0.379682
vt 0.656250 0.379682
vt 0.687500 0.379682
vt 0.718750 0.379682
vt 0.750000 0.379682
vt 0.250000 0.421211
vt 0.281250 0.421211
vt 0.312500 0.421211
vt 0.343750 0.421211
vt 0.375000 0.421211
vt 0.406250 0.421211
vt 0.437500 0.421211
vt 0.468750 0.421211
vt 0.500000 0.421211
vt 0.531250 0.421211
vt 0.562500 0.421211
vt 0.593750 0.421211
vt 0.625000 0.421211
vt 0.656250 0.421211
vt 0.687500 0.421211
vt 0.718750 0.421211
vt 0.750000 0.421211
vt 0.250000 0.465200
vt 0.281250 0.465200
vt 0.312500 0.465200
vt 0.343750 0.465200
vt 0.375000 0.465200
vt 0.406250 0.465200
vt 0.437500 0.465200
vt 0.468750 0.465200
vt 0.500000 0.465200
vt 0.531250 0.465200
vt 0.562500 0.465200
vt 0.593750 0.465200
vt 0.625000 0.465200
vt 0.656250 0.465200
vt 0.687500 0.465200
vt 0.718750 0.465200
vt 0.750000 0.465200
vt 0.250000 0.509053
vt 0.281250 0.509053
vt 0.312500 0.509053
vt 0.343750 0.509053
vt 0.375000 0.509053
vt 0.406250 0.509053
vt 0.437500 0.509053
vt 0.468750 0.509053
vt 0.500000 0.509053
vt 0.531250 0.509053
vt 0.562500 0.509053
vt 0.593750 0.509053
vt 0.625000 0.509053
vt 0.656250 0.509053
vt 0.687500 0.509053
vt 0.718750 0.509053
vt 0.750000 0.509053
vt 0.250000 0.552772
vt 0.281250 0.552772
vt 0.312500 0.552772
vt 0.343750 0.552772
vt 0.375000 0.552772
vt 0.406250 0.552772
vt 0.437500 0.552772
vt 0.468750 0.552772
vt 0.500000 0.552772
vt 0.531250 0.552772
vt 0.562500 0.552772
vt 0.593750 0.552772
vt 0.625000 0.552772
vt 0.656250 0.552772
vt 0.687500 0.552772
vt 0.718750 0.552772
vt 0.750000 0.552772
vt 0.250000 0.596361
vt 0.281250 0.596361
vt 0.312500 0.596361
vt 0.343750 0.596361
vt 0.375000 0.596361
vt 0.406250 0.596361
vt 0.437500 0.596361
vt 0.468750 0.596361
vt 0.500000 0.596361
vt 0.531250 0.596361
vt 0.562500 0.596361
vt 0.593750 0.596361
vt 0.625000 0.596361
vt 0.656250 0.596361
vt 0.687500 0.596361
vt 0.718750 0.596361
vt 0.750000 0.596361
vt 0.250000 0.639825
vt 0.281250 0.639825
vt 0.312500 0.639825
vt 0.343750 0.639825
vt 0.375000 0.639825
vt 0.406250 0.639825
vt 0.437500 0.639825
vt 0.468750 0.639825
vt 0.500000 0.639825
vt 0.531250 0.639825
vt 0.562500 0.639825
vt 0.593750 0.639825
vt 0.625000 0.639825
vt 0.656250 0.639825
vt 0.687500 0.639825
vt 0.718750 0.639825
vt 0.750000 0.639825
vt 0.250000 0.683168
vt 0.281250 0.683168
vt 0.312500 0.683168
vt 0.343750 0.683168
vt 0.375000 0.683168
vt 0.406250 0.683168
vt 0.437500 0.683168
vt 0.468750 0.683168
vt 0.500000 0.683168
vt 0.531250 0.683168
vt 0.562500 0.683168
vt 0.593750 0.683168
vt 0.625000 0.683168
vt 0.656250 0.683168
vt 0.687500 0.683168
vt 0.718750 0.683168
vt 0.750000 0.683168
vt 0.250000 0.726393
vt 0.281250 0.726393
vt 0.312500 0.726393
vt 0.343750 0.726393
vt 0.375000 0.726393
vt 0.406250 0.726393
vt 0.437500 0.726393
vt 0.468750 0.726393
vt 0.500000 0.726393
vt 0.531250 0.726393
vt 0.562500 0.726393
vt 0.593750 0.726393
vt 0.625000 0.726393
vt 0.656250 0.726393
vt 0.687500 0.726393
vt 0.718750 0.726393
vt 0.750000 0.726393
vt 0.250000 0.730495
vt 0.281250 0.730495
vt 0.312500 0.730495
vt 0.343750 0.730495
vt 0.375000 0.730495
vt 0.406250 0.730495
vt 0.437500 0.730495
vt 0.468750 0.730495
vt 0.500000 0.730495
vt 0.531250 0.730495
vt 0.562500 0.730495
vt 0.593750 0.730495
vt 0.625000 0.730495
vt 0.656250 0.730495
vt 0.687500 0.730495
vt 0.718750 0.730495
vt 0.750000 0.730495
vt 0.250000 0.687493
vt 0.281250 0.687493
vt 0.312500 0.687493
vt 0.343750 0.687493
vt 0.375000 0.687493
vt 0.406250 0.687493
vt 0.437500 0.687493
vt 0.468750 0.687493
vt 0.500000 0.687493
vt 0.531250 0.687493
vt 0.562500 0.687493
vt 0.593750 0.687493
vt 0.625000 0.687493
vt 0.656250 0.687493
vt 0.687500 0.687493
vt 0.718750 0.687493
vt 0.750000 0.687493
vt 0.250000 0.644596
vt 0.281250 0.644596
vt 0.312500 0.644596
vt 0.343750 0.644596
vt 0.375000 0.644596
vt 0.406250 0.644596
vt 0.437500 0.644596
vt 0.468750 0.644596
vt 0.500000 0.644596
vt 0.531250 0.644596
vt 0.562500 0.644596
vt 0.593750 0.644596
vt 0.625000 0.644596
vt 0.656250 0.644596
vt 0.687500 0.644596
vt 0.718750 0.644596
vt 0.750000 0.644596
vt 0.250000 0.601801
vt 0.281250 0.601801
vt 0.312500 0.601801
vt 0.343750 0.601801
vt 0.375000 0.601801
vt 0.406250 0.601801
vt 0.437500 0.601801
vt 0.468750 0.601801
vt 0.500000 0.601801
vt 0.531250 0.601801
vt 0.562500 0.601801
vt 0.593750 0.601801
vt 0.625000 0.601801
vt 0.656250 0.601801
vt 0.687500 0.601801
vt 0.718750 0.601801
vt 0.750000 0.601801
vt 0.250000 0.559102
vt 0.281250 0.559102
vt 0.312500 0.559102
vt 0.343750 0.559102
vt 0.375000 0.559102
vt 0.406250 0.559102
vt 0.437500 0.559102
vt 0.468750 0.559102
vt 0.500000 0.559102
vt 0.531250 0.559102
vt 0.562500 0.559102
vt 0.593750 0.559102
vt 0.625000 0.559102
vt 0.656250 0.559102
vt 0.687500 0.559102
vt 0.718750 0.559102
vt 0.750000 0.559102
vt 0.250000 0.516496
vt 0.281250 0.516496
vt 0.312500 0.516496
vt 0.343750 0.516496
vt 0.375000 0.516496
vt 0.406250 0.516496
vt 0.437500 0.516496
vt 0.468750 0.516496
vt 0.500000 0.516496
vt 0.531250 0.516496
vt 0.562500 0.516496
vt 0.593750 0.516496
vt 0.625000 0.516496
vt 0.656250 0.516496
vt 0.687500 0.516496
vt 0.718750 0.516496
vt 0.750000 0.516496
vt 0.250000 0.473978
vt 0.281250 0.473978
vt 0.312500 0.473978
vt 0.343750 0.473978
vt 0.375000 0.473978
vt 0.406250 0.473978
vt 0.437500 0.473978
vt 0.468750 0.473978
vt 0.500000 0.473978
vt 0.531250 0.473978
vt 0.562500 0.473978
vt 0.593750 0.473978
vt 0.625000 0.473978
vt 0.656250 0.473978
vt 0.687500 0.473978
vt 0.718750 0.473978
vt 0.750000 0.473978
vt 0.250000 0.431545
vt 0.281250 0.431545
vt 0.312500 0.431545
vt 0.343750 0.431545
vt 0.375000 0.431545
vt 0.406250 0.431545
vt 0.437500 0.431545
vt 0.468750 0.431545
vt 0.500000 0.431545
vt 0.531250 0.431545
vt 0.562500 0.431545
vt 0.593750 0.431545
vt 0.625000 0.431545
vt 0.656250 0.431545
vt 0.687500 0.431545
vt 0.718750 0.431545
vt 0.750000 0.431545
vt 0.250000 0.389192
vt 0.281250 0.389192
vt 0.312500 0.389192
vt 0.343750 0.389192
vt 0.375000 0.389192
vt 0.406250 0.389192
vt 0.437500 0.389192
vt 0.468750 0.389192
vt 0.500000 0.389192
vt 0.531250 0.389192
vt 0.562500 0.389192
vt 0.593750 0.389192
vt 0.625000 0.389192
vt 0.656250 0.389192
vt 0.687500 0.389192
vt 0.718750 0.389192
vt 0.750000 0.389192
vt 0.250000 0.346914
vt 0.281250 0.346914
vt 0.312500 0.346914
vt 0.343750 0.346914
vt 0.375000 0.346914
vt 0.406250 0.346914
vt 0.437500 0.346914
vt 0.468750 0.346914
vt 0.500000 0.346914
vt 0.531250 0.346914
vt 0.562500 0.346914
vt 0.593750 0.346914
vt 0.625000 0.346914
vt 0.656250 0.346914
vt 0.687500 0.346914
vt 0.718750 0.346914
vt 0.750000 0.346914
vt 0.250000 0.304708
vt 0.281250 0.304708
vt 0.312500 0.304708
vt 0.343750 0.304708
vt 0.375000 0.304708
vt 0.406250 0.304708
vt 0.437500 0.304708
vt 0.468750 0.304708
vt 0.500000 0.304708
vt 0.531250 0.304708
vt 0.562500 0.304708
vt 0.593750 0.304708
vt 0.625000 0.304708
vt 0.656250 0.304708
vt 0.687500 0.304708
vt 0.718750 0.304708
vt 0.750000 0.304708
vt 0.250000 0.262568
vt 0.281250 0.262568
vt 0.312500 0.262568
vt 0.343750 0.262568
vt 0.375000 0.262568
vt 0.406250 0.262568
vt 0.437500 0.262568
vt 0.468750 0.262568
vt 0.500000 0.262568
vt 0.531250 0.262568
vt 0.562500 0.262568
vt 0.593750 0.262568
vt 0.625000 0.262568
vt 0.656250 0.262568
vt 0.687500 0.262568
vt 0.718750 0.262568
vt 0.750000 0.262568
vt 0.250000 0.279508
vt 0.281250 0.279508
vt 0.312500 0.279508
vt 0.343750 0.279508
vt 0.375000 0.279508
vt 0.406250 0.279508
vt 0.437500 0.279508
vt 0.468750 0.279508
vt 0.500000 0.279508
vt 0.531250 0.279508
vt 0.562500 0.279508
vt 0.593750 0.279508
vt 0.625000 0.279508
vt 0.656250 0.279508
vt 0.687500 0.279508
vt 0.718750 0.279508
vt 0.750000 0.279508
vt 0.250000 0.321527
vt 0.281250 0.321527
vt 0.312500 0.321527
vt 0.343750 0.321527
vt 0.375000 0.321527
vt 0.406250 0.321527
vt 0.437500 0.321527
vt 0.468750 0.321527
vt 0.500000 0.321527
vt 0.531250 0.321527
vt 0.562500 0.321527
vt 0.593750 0.321527
vt 0.625000 0.321527
vt 0.656250 0.321527
vt 0.687500 0.321527
vt 0.718750 0.321527
vt 0.750000 0.321527
vt 0.250000 0.363491
vt 0.281250 0.363491
vt 0.312500 0.363491
vt 0.343750 0.363491
vt 0.375000 0.363491
vt 0.406250 0.363491
vt 0.437500 0.363491
vt 0.468750 0.363491
vt 0.500000 0.363491
vt 0.531250 0.363491
vt 0.562500 0.363491
vt 0.593750 0.363491
vt 0.625000 0.363491
vt 0.656250 0.363491
vt 0.687500 0.363491
vt 0.718750 0.363491
vt 0.750000 0.363491
vt 0.250000 0.405406
vt 0.281250 0.405406
vt 0.312500 0.405406
vt 0.343750 0.405406
vt 0.375000 0.405406
vt 0.406250 0.405406
vt 0.437500 0.405406
vt 0.468750 0.405406
vt 0.500000 0.405406
vt 0.531250 0.405406
vt 0.562500 0.405406
vt 0.593750 0.405406
vt 0.625000 0.405406
vt 0.656250 0.405406
vt 0.687500 0.405406
vt 0.718750 0.405406
vt 0.750000 0.405406
vt 0.250000 0.447277
vt 0.281250 0.447277
vt 0.312500 0.447277
vt 0.343750 0.447277
vt 0.375000 0.447277
vt 0.406250 0.447277
vt 0.437500 0.447277
vt 0.468750 0.447277
vt 0.500000 0.447277
vt 0.531250 0.447277
vt 0.562500 0.447277
vt 0.593750 0.447277
vt 0.625000 0.447277
vt 0.656250 0.447277
vt 0.687500 0.447277
vt 0.718750 0.447277
vt 0.750000 0.447277
vt 0.250000 0.489106
vt 0.281250 0.489106
vt 0.312500 0.489106
vt 0.343750 0.489106
vt 0.375000 0.489106
vt 0.406250 0.489106
vt 0.437500 0.489106
vt 0.468750 0.489106
vt 0.500000 0.489106
vt 0.531250 0.489106
vt 0.562500 0.489106
vt 0.593750 0.489106
vt 0.625000 0.489106
vt 0.656250 0.489106
vt 0.687500 0.489106
vt 0.718750 0.489106
vt 0.750000 0.489106
vt 0.250000 0.530900
vt 0.281250 0.530900
vt 0.312500 0.530900
vt 0.343750 0.530900
vt 0.375000 0.530900
vt 0.406250 0.530900
vt 0.437500 0.530900
vt 0.468750 0.530900
vt 0.500000 0.530900
vt 0.531250 0.530900
vt 0.562500 0.530900
vt 0.593750 0.530900
vt 0.625000 0.530900
vt 0.656250 0.530900
vt 0.687500 0.530900
vt 0.718750 0.530900
vt 0.750000 0.530900
vt 0.250000 0.572662
vt 0.281250 0.572662
vt 0.312500 0.572662
vt 0.343750 0.572662
vt 0.375000 0.572662
vt 0.406250 0.572662
vt 0.437500 0.572662
vt 0.468750 0.572662
vt 0.500000 0.572662
vt 0.531250 0.572662
vt 0.562500 0.572662
vt 0.593750 0.572662
vt 0.625000 0.572662
vt 0.656250 0.572662
vt 0.687500 0.572662
vt 0.718750 0.572662
vt 0.750000 0.572662
vt 0.250000 0.614397
vt 0.281250 0.614397
vt 0.312500 0.614397
vt 0.343750 0.614397
vt 0.375000 0.614397
vt 0.406250 0.614397
vt 0.437500 0.614397
vt 0.468750 0.614397
vt 0.500000 0.614397
vt 0.531250 0.614397
vt 0.562500 0.614397
vt 0.593750 0.614397
vt 0.625000 0.614397
vt 0.656250 0.614397
vt 0.687500 0.614397
vt 0.718750 0.614397
vt 0.750000 0.614397
vt 0.250000 0.656109
vt 0.281250 0.656109
vt 0.312500 0.656109
vt 0.343750 0.656109
vt 0.375000 0.656109
vt 0.406250 0.656109
vt 0.437500 0.656109
vt 0.468750 0.656109
vt 0.500000 0.656109
vt 0.531250 0.656109
vt 0.562500 0.656109
vt 0.593750 0.656109
vt 0.625000 0.656109
vt 0.656250 0.656109
vt 0.687500 0.656109
vt 0.718750 0.656109
vt 0.750000 0.656109
vt 0.250000 0.697804
vt 0.281250 0.697804
vt 0.312500 0.697804
vt 0.343750 0.697804
vt 0.375000 0.697804
vt 0.406250 0.697804
vt 0.437500 0.697804
vt 0.468750 0.697804
vt 0.500000 0.697804
vt 0.531250 0.697804
vt 0.562500 0.697804
vt 0.593750 0.697804
vt 0.625000 0.697804
vt 0.656250 0.697804
vt 0.687500 0.697804
vt 0.718750 0.697804
vt 0.750000 0.697804
vt 0.250000 0.739484
vt 0.281250 0.739484
vt 0.312500 0.739484
vt 0.343750 0.739484
vt 0.375000 0.739484
vt 0.406250 0.739484
vt 0.437500 0.739484
vt 0.468750 0.739484
vt 0.500000 0.739484
vt 0.531250 0.739484
vt 0.562500 0.739484
vt 0.593750 0.739484
vt 0.625000 0.739484
vt 0.656250 0.739484
vt 0.687500 0.739484
vt 0.718750 0.739484
vt 0.750000 0.739484
vt 0.250000 0.718844
vt 0.281250 0.718844
vt 0.312500 0.718844
vt 0.343750 0.718844
vt 0.375000 0.718844
vt 0.406250 0.718844
vt 0.437500 0.718844
vt 0.468750 0.718844
vt 0.500000 0.718844
vt 0.531250 0.718844
vt 0.562500 0.718844
vt 0.593750 0.718844
vt 0.625000 0.718844
vt 0.656250 0.718844
vt 0.687500 0.718844
vt 0.718750 0.718844
vt 0.750000 0.718844
vt 0.250000 0.677489
vt 0.281250 0.677489
vt 0.312500 0.677489
vt 0.343750 0.677489
vt 0.375000 0.677489
vt 0.406250 0.677489
vt 0.437500 0.677489
vt 0.468750 0.677489
vt 0.500000 0.677489
vt 0.531250 0.677489
vt 0.562500 0.677489
vt 0.593750 0.677489
vt 0.625000 0.677489
vt 0.656250 0.677489
vt 0.687500 0.677489
vt 0.718750 0.677489
vt 0.750000 0.677489
vn 0.000000 0.000000 1.000000
vn 1.000000 0.000000 0.000000
vn 0.923880 0.343703 0.168271
vn 0.923880 0.338707 0.178112
vn 0.707107 0.635080 0.310924
vn 0.707107 0.629390 0.322286
vn 0.382683 0.829771 0.406242
vn 0.382683 0.825721 0.414413
vn 0.000000 0.898138 0.439713
vn 0.000000 0.895037 0.445992
vn -0.382683 0.829771 0.406242
vn -0.382683 0.825721 0.414413
vn -0.707107 0.635080 0.310924
vn -0.707107 0.629390 0.322286
vn -0.923880 0.343703 0.168271
vn -0.923880 0.338707 0.178112
vn -1.000000 0.000000 0.000000
vn -0.923880 -0.343703 -0.168271
vn -0.923880 -0.336699 -0.181880
vn -0.707107 -0.635080 -0.310924
vn -0.707107 -0.622702 -0.335026
vn -0.382683 -0.829771 -0.406242
vn -0.382683 -0.814525 -0.436008
vn -0.000000 -0.898138 -0.439713
vn -0.000000 -0.882042 -0.471170
vn 0.382683 -0.829771 -0.406242
vn 0.382683 -0.814525 -0.436008
vn 0.707107 -0.635080 -0.310924
vn 0.707107 -0.622702 -0.335026
vn 0.923880 -0.343703 -0.168271
vn 0.923880 -0.336699 -0.181880
vn 0.923880 0.345110 0.165365
vn 0.707107 0.637680 0.305555
vn 0.382683 0.833169 0.399227
vn 0.000000 0.901816 0.432120
vn -0.382683 0.833169 0.399227
vn -0.707107 0.637680 0.305555
vn -0.923880 0.345110 0.165365
vn -0.923880 -0.345110 -0.165365
vn -0.707107 -0.637680 -0.305555
vn -0.382683 -0.833169 -0.399227
vn -0.000000 -0.901816 -0.432120
vn 0.382683 -0.833169 -0.399227
vn 0.707107 -0.637680 -0.305555
vn 0.923880 -0.345110 -0.165365
vn 0.923880 0.346504 0.162424
vn 0.707107 0.640256 0.300120
vn 0.382683 0.836535 0.392126
vn 0.000000 0.905459 0.424434
vn -0.382683 0.836535 0.392126
vn -0.707107 0.640256 0.300120
vn -0.923880 0.346504 0.162424
vn -0.923880 -0.346504 -0.162424
vn -0.707107 -0.640256 -0.300120
vn -0.382683 -0.836535 -0.392126
vn -0.000000 -0.905459 -0.424434
vn 0.382683 -0.836535 -0.392126
vn 0.707107 -0.640256 -0.300120
vn 0.923880 -0.346504 -0.162424
vn 0.923880 0.347884 0.159447
vn 0.707107 0.642806 0.294619
vn 0.382683 0.839866 0.384939
vn 0.000000 0.909065 0.416655
vn -0.382683 0.839866 0.384939
vn -0.707107 0.642806 0.294619
vn -0.923880 0.347884 0.159447
vn -0.923880 -0.347884 -0.159447
vn -0.707107 -0.642806 -0.294619
vn -0.382683 -0.839866 -0.384939
vn -0.000000 -0.909065 -0.416655
vn 0.382683 -0.839866 -0.384939
vn 0.707107 -0.642806 -0.294619
vn 0.923880 -0.347884 -0.159447
vn 0.923880 0.349249 0.156434
vn 0.707107 0.645328 0.289053
vn 0.382683 0.843162 0.377666
vn 0.000000 0.912632 0.408783
vn -0.382683 0.843162 0.377666
vn -0.707107 0.645328 0.289053
vn -0.923880 0.349249 0.156434
vn -0.923880 -0.349249 -0.156434
vn -0.707107 -0.645328 -0.289053
vn -0.382683 -0.843162 -0.377666
vn -0.000000 -0.912632 -0.408783
vn 0.382683 -0.843162 -0.377666
vn 0.707107 -0.645328 -0.289053
vn 0.923880 -0.349249 -0.156434
vn 0.923880 0.350598 0.153387
vn 0.707107 0.647821 0.283422
vn 0.382683 0.846419 0.370308
vn 0.000000 0.916157 0.400819
vn -0.382683 0.846419 0.370308
vn -0.707107 0.647821 0.283422
vn -0.923880 0.350598 0.153387
vn -0.923880 -0.350598 -0.153387
vn -0.707107 -0.647821 -0.283422
vn -0.382683 -0.846419 -0.370308
vn -0.000000 -0.916157 -0.400819
vn 0.382683 -0.846419 -0.370308
vn 0.707107 -0.647821 -0.283422
vn 0.923880 -0.350598 -0.153387
vn 0.923880 0.351931 0.150304
vn 0.707107 0.650284 0.277725
vn 0.382683 0.849636 0.362866
vn 0.000000 0.919640 0.392763
vn -0.382683 0.849636 0.362866
vn -0.707107 0.650284 0.277725
vn -0.923880 0.351931 0.150304
vn -0.923880 -0.351931 -0.150304
vn -0.707107 -0.650284 -0.277725
vn -0.382683 -0.849636 -0.362866
vn -0.000000 -0.919640 -0.392763
vn 0.382683 -0.849636 -0.362866
vn 0.707107 -0.650284 -0.277725
vn 0.923880 -0.351931 -0.150304
vn 0.923880 0.353246 0.147186
vn 0.707107 0.652714 0.271964
vn 0.382683 0.852812 0.355338
vn 0.000000 0.923077 0.384615
vn -0.382683 0.852812 0.355338
vn -0.707107 0.652714 0.271964
vn -0.923880 0.353246 0.147186
vn -0.923880 -0.353246 -0.147186
vn -0.707107 -0.652714 -0.271964
vn -0.382683 -0.852812 -0.355338
vn -0.000000 -0.923077 -0.384615
vn 0.382683 -0.852812 -0.355338
vn 0.707107 -0.652714 -0.271964
vn 0.923880 -0.353246 -0.147186
vn 0.923880 0.354543 0.144033
vn 0.707107 0.655111 0.266139
vn 0.382683 0.855944 0.347727
vn 0.000000 0.926467 0.376377
vn -0.382683 0.855944 0.347727
vn -0.707107 0.655111 0.266139
vn -0.923880 0.354543 0.144033
vn -0.923880 -0.354543 -0.144033
vn -0.707107 -0.655111 -0.266139
vn -0.382683 -0.855944 -0.347727
vn -0.000000 -0.926467 -0.376377
vn 0.382683 -0.855944 -0.347727
vn 0.707107 -0.655111 -0.266139
vn 0.923880 -0.354543 -0.144033
vn 0.923880 0.355822 0.140846
vn 0.707107 0.657473 0.260250
vn 0.382683 0.859029 0.340032
vn 0.000000 0.929807 0.368048
vn -0.382683 0.859029 0.340032
vn -0.707107 0.657473 0.260250
vn -0.923880 0.355822 0.140846
vn -0.923880 -0.355822 -0.140846
vn -0.707107 -0.657473 -0.260250
vn -0.382683 -0.859029 -0.340032
vn -0.000000 -0.929807 -0.368048
vn 0.382683 -0.859029 -0.340032
vn 0.707107 -0.657473 -0.260250
vn 0.923880 -0.355822 -0.140846
vn 0.923880 0.357080 0.137625
vn 0.707107 0.659798 0.254297
vn 0.382683 0.862067 0.332255
vn 0.000000 0.933095 0.359630
vn -0.382683 0.862067 0.332255
vn -0.707107 0.659798 0.254297
vn -0.923880 0.357080 0.137625
vn -0.923880 -0.357080 -0.137625
vn -0.707107 -0.659798 -0.254297
vn -0.382683 -0.862067 -0.332255
vn -0.000000 -0.933095 -0.359630
vn 0.382683 -0.862067 -0.332255
vn 0.707107 -0.659798 -0.254297
vn 0.923880 -0.357080 -0.137625
vn 0.923880 0.358318 0.134369
vn 0.707107 0.662085 0.248282
vn 0.382683 0.865055 0.324396
vn 0.000000 0.936329 0.351123
vn -0.382683 0.865055 0.324396
vn -0.707107 0.662085 0.248282
vn -0.923880 0.358318 0.134369
vn -0.923880 -0.358318 -0.134369
vn -0.707107 -0.662085 -0.248282
vn -0.382683 -0.865055 -0.324396
vn -0.000000 -0.936329 -0.351123
vn 0.382683 -0.865055 -0.324396
vn 0.707107 -0.662085 -0.248282
vn 0.923880 -0.358318 -0.134369
vn 0.923880 0.359534 0.131080
vn 0.707107 0.664332 0.242204
vn 0.382683 0.867992 0.316455
vn 0.000000 0.939507 0.342529
vn -0.382683 0.867992 0.316455
vn -0.707107 0.664332 0.242204
vn -0.923880 0.359534 0.131080
vn -0.923880 -0.359534 -0.131080
vn -0.707107 -0.664332 -0.242204
vn -0.382683 -0.867992 -0.316455
vn -0.000000 -0.939507 -0.342529
vn 0.382683 -0.867992 -0.316455
vn 0.707107 -0.664332 -0.242204
vn 0.923880 -0.359534 -0.131080
vn 0.923880 0.360728 0.127758
vn 0.707107 0.666538 0.236066
vn 0.382683 0.870874 0.308435
vn 0.000000 0.942627 0.333847
vn -0.382683 0.870874 0.308435
vn -0.707107 0.666538 0.236066
vn -0.923880 0.360728 0.127758
vn -0.923880 -0.360728 -0.127758
vn -0.707107 -0.666538 -0.236066
vn -0.382683 -0.870874 -0.308435
vn -0.000000 -0.942627 -0.333847
vn 0.382683 -0.870874 -0.308435
vn 0.707107 -0.666538 -0.236066
vn 0.923880 -0.360728 -0.127758
vn 0.923880 0.360797 0.127561
vn 0.707107 0.666667 0.235702
vn 0.382683 0.871042 0.307960
vn 0.000000 0.942809 0.333333
vn -0.382683 0.871042 0.307960
vn -0.707107 0.666667 0.235702
vn -0.923880 0.360797 0.127561
vn -0.923880 -0.360797 -0.127561
vn -0.707107 -0.666667 -0.235702
vn -0.382683 -0.871042 -0.307960
vn -0.000000 -0.942809 -0.333333
vn 0.382683 -0.871042 -0.307960
vn 0.707107 -0.666667 -0.235702
vn 0.923880 -0.360797 -0.127561
vn 0.923880 0.361899 0.124403
vn 0.707107 0.668701 0.229866
vn 0.382683 0.873700 0.300335
vn 0.000000 0.945687 0.325080
vn -0.382683 0.873700 0.300335
vn -0.707107 0.668701 0.229866
vn -0.923880 0.361899 0.124403
vn -0.923880 -0.361899 -0.124403
vn -0.707107 -0.668701 -0.229866
vn -0.382683 -0.873700 -0.300335
vn -0.000000 -0.945687 -0.325080
vn 0.382683 -0.873700 -0.300335
vn 0.707107 -0.668701 -0.229866
vn 0.923880 -0.361899 -0.124403
vn 0.923880 0.363045 0.121015
vn 0.707107 0.670820 0.223607
vn 0.382683 0.876469 0.292156
vn 0.000000 0.948683 0.316228
vn -0.382683 0.876469 0.292156
vn -0.707107 0.670820 0.223607
vn -0.923880 0.363045 0.121015
vn -0.923880 -0.363045 -0.121015
vn -0.707107 -0.670820 -0.223607
vn -0.382683 -0.876469 -0.292156
vn -0.000000 -0.948683 -0.316228
vn 0.382683 -0.876469 -0.292156
vn 0.707107 -0.670820 -0.223607
vn 0.923880 -0.363045 -0.121015
vn 0.923880 0.364167 0.117596
vn 0.707107 0.672894 0.217289
vn 0.382683 0.879178 0.283901
vn 0.000000 0.951615 0.307292
vn -0.382683 0.879178 0.283901
vn -0.707107 0.672894 0.217289
vn -0.923880 0.364167 0.117596
vn -0.923880 -0.364167 -0.117596
vn -0.707107 -0.672894 -0.217289
vn -0.382683 -0.879178 -0.283901
vn -0.000000 -0.951615 -0.307292
vn 0.382683 -0.879178 -0.283901
vn 0.707107 -0.672894 -0.217289
vn 0.923880 -0.364167 -0.117596
vn 0.923880 0.365264 0.114145
vn 0.707107 0.674919 0.210912
vn 0.382683 0.881825 0.275570
vn 0.000000 0.954480 0.298275
vn -0.382683 0.881825 0.275570
vn -0.707107 0.674919 0.210912
vn -0.923880 0.365264 0.114145
vn -0.923880 -0.365264 -0.114145
vn -0.707107 -0.674919 -0.210912
vn -0.382683 -0.881825 -0.275570
vn -0.000000 -0.954480 -0.298275
vn 0.382683 -0.881825 -0.275570
vn 0.707107 -0.674919 -0.210912
vn 0.923880 -0.365264 -0.114145
vn 0.923880 0.366334 0.110663
vn 0.707107 0.676896 0.204479
vn 0.382683 0.884407 0.267165
vn 0.000000 0.957276 0.289177
vn -0.382683 0.884407 0.267165
vn -0.707107 0.676896 0.204479
vn -0.923880 0.366334 0.110663
vn -0.923880 -0.366334 -0.110663
vn -0.707107 -0.676896 -0.204479
vn -0.382683 -0.884407 -0.267165
vn -0.000000 -0.957276 -0.289177
vn 0.382683 -0.884407 -0.267165
vn 0.707107 -0.676896 -0.204479
vn 0.923880 -0.366334 -0.110663
vn 0.923880 0.367376 0.107151
vn 0.707107 0.678823 0.197990
vn 0.382683 0.886924 0.258686
vn 0.000000 0.960000 0.280000
vn -0.382683 0.886924 0.258686
vn -0.707107 0.678823 0.197990
vn -0.923880 0.367376 0.107151
vn -0.923880 -0.367376 -0.107151
vn -0.707107 -0.678823 -0.197990
vn -0.382683 -0.886924 -0.258686
vn -0.000000 -0.960000 -0.280000
vn 0.382683 -0.886924 -0.258686
vn 0.707107 -0.678823 -0.197990
vn 0.923880 -0.367376 -0.107151
vn 0.923880 0.368391 0.103610
vn 0.707107 0.680697 0.191446
vn 0.382683 0.889374 0.250136
vn 0.000000 0.962651 0.270746
vn -0.382683 0.889374 0.250136
vn -0.707107 0.680697 0.191446
vn -0.923880 0.368391 0.103610
vn -0.923880 -0.368391 -0.103610
vn -0.707107 -0.680697 -0.191446
vn -0.382683 -0.889374 -0.250136
vn -0.000000 -0.962651 -0.270746
vn 0.382683 -0.889374 -0.250136
vn 0.707107 -0.680697 -0.191446
vn 0.923880 -0.368391 -0.103610
vn 0.923880 0.369376 0.100039
vn 0.707107 0.682518 0.184849
vn 0.382683 0.891753 0.241516
vn 0.000000 0.965226 0.261415
vn -0.382683 0.891753 0.241516
vn -0.707107 0.682518 0.184849
vn -0.923880 0.369376 0.100039
vn -0.923880 -0.369376 -0.100039
vn -0.707107 -0.682518 -0.184849
vn -0.382683 -0.891753 -0.241516
vn -0.000000 -0.965226 -0.261415
vn 0.382683 -0.891753 -0.241516
vn 0.707107 -0.682518 -0.184849
vn 0.923880 -0.369376 -0.100039
vn 0.923880 0.370332 0.096441
vn 0.707107 0.684284 0.178199
vn 0.382683 0.894061 0.232828
vn 0.000000 0.967724 0.252012
vn -0.382683 0.894061 0.232828
vn -0.707107 0.684284 0.178199
vn -0.923880 0.370332 0.096441
vn -0.923880 -0.370332 -0.096441
vn -0.707107 -0.684284 -0.178199
vn -0.382683 -0.894061 -0.232828
vn -0.000000 -0.967724 -0.252012
vn 0.382683 -0.894061 -0.232828
vn 0.707107 -0.684284 -0.178199
vn 0.923880 -0.370332 -0.096441
vn 0.923880 0.371257 0.092814
vn 0.707107 0.685994 0.171499
vn 0.382683 0.896295 0.224074
vn 0.000000 0.970143 0.242536
vn -0.382683 0.896295 0.224074
vn -0.707107 0.685994 0.171499
vn -0.923880 0.371257 0.092814
vn -0.923880 -0.371257 -0.092814
vn -0.707107 -0.685994 -0.171499
vn -0.382683 -0.896295 -0.224074
vn -0.000000 -0.970143 -0.242536
vn 0.382683 -0.896295 -0.224074
vn 0.707107 -0.685994 -0.171499
vn 0.923880 -0.371257 -0.092814
vn 0.923880 0.372152 0.089161
vn 0.707107 0.687647 0.164749
vn 0.382683 0.898454 0.215255
vn 0.000000 0.972479 0.232990
vn -0.382683 0.898454 0.215255
vn -0.707107 0.687647 0.164749
vn -0.923880 0.372152 0.089161
vn -0.923880 -0.372152 -0.089161
vn -0.707107 -0.687647 -0.164749
vn -0.382683 -0.898454 -0.215255
vn -0.000000 -0.972479 -0.232990
vn 0.382683 -0.898454 -0.215255
vn 0.707107 -0.687647 -0.164749
vn 0.923880 -0.372152 -0.089161
vn 0.923880 0.373014 0.085482
vn 0.707107 0.689240 0.157951
vn 0.382683 0.900535 0.206373
vn 0.000000 0.974732 0.223376
vn -0.382683 0.900535 0.206373
vn -0.707107 0.689240 0.157951
vn -0.923880 0.373014 0.085482
vn -0.923880 -0.373014 -0.085482
vn -0.707107 -0.689240 -0.157951
vn -0.382683 -0.900535 -0.206373
vn -0.000000 -0.974732 -0.223376
vn 0.382683 -0.900535 -0.206373
vn 0.707107 -0.689240 -0.157951
vn 0.923880 -0.373014 -0.085482
vn 0.923880 0.373843 0.081778
vn 0.707107 0.690773 0.151107
vn 0.382683 0.902538 0.197430
vn 0.000000 0.976900 0.213697
vn -0.382683 0.902538 0.197430
vn -0.707107 0.690773 0.151107
vn -0.923880 0.373843 0.081778
vn -0.923880 -0.373843 -0.081778
vn -0.707107 -0.690773 -0.151107
vn -0.382683 -0.902538 -0.197430
vn -0.000000 -0.976900 -0.213697
vn 0.382683 -0.902538 -0.197430
vn 0.707107 -0.690773 -0.151107
vn 0.923880 -0.373843 -0.081778
vn 0.923880 0.374640 0.078050
vn 0.707107 0.692244 0.144217
vn 0.382683 0.904460 0.188429
vn 0.000000 0.978980 0.203954
vn -0.382683 0.904460 0.188429
vn -0.707107 0.692244 0.144217
vn -0.923880 0.374640 0.078050
vn -0.923880 -0.374640 -0.078050
vn -0.707107 -0.692244 -0.144217
vn -0.382683 -0.904460 -0.188429
vn -0.000000 -0.978980 -0.203954
vn 0.382683 -0.904460 -0.188429
vn 0.707107 -0.692244 -0.144217
vn 0.923880 -0.374640 -0.078050
vn 0.923880 0.375402 0.074298
vn 0.707107 0.693652 0.137285
vn 0.382683 0.906300 0.179372
vn 0.000000 0.980972 0.194151
vn -0.382683 0.906300 0.179372
vn -0.707107 0.693652 0.137285
vn -0.923880 0.375402 0.074298
vn -0.923880 -0.375402 -0.074298
vn -0.707107 -0.693652 -0.137285
vn -0.382683 -0.906300 -0.179372
vn -0.000000 -0.980972 -0.194151
vn 0.382683 -0.906300 -0.179372
vn 0.707107 -0.693652 -0.137285
vn 0.923880 -0.375402 -0.074298
vn 0.923880 0.376129 0.070524
vn 0.707107 0.694996 0.130312
vn 0.382683 0.908055 0.170260
vn 0.000000 0.982872 0.184289
vn -0.382683 0.908055 0.170260
vn -0.707107 0.694996 0.130312
vn -0.923880 0.376129 0.070524
vn -0.923880 -0.376129 -0.070524
vn -0.707107 -0.694996 -0.130312
vn -0.382683 -0.908055 -0.170260
vn -0.000000 -0.982872 -0.184289
vn 0.382683 -0.908055 -0.170260
vn 0.707107 -0.694996 -0.130312
vn 0.923880 -0.376129 -0.070524
vn 0.923880 0.376821 0.066729
vn 0.707107 0.696274 0.123299
vn 0.382683 0.909726 0.161097
vn 0.000000 0.984680 0.174370
vn -0.382683 0.909726 0.161097
vn -0.707107 0.696274 0.123299
vn -0.923880 0.376821 0.066729
vn -0.923880 -0.376821 -0.066729
vn -0.707107 -0.696274 -0.123299
vn -0.382683 -0.909726 -0.161097
vn -0.000000 -0.984680 -0.174370
vn 0.382683 -0.909726 -0.161097
vn 0.707107 -0.696274 -0.123299
vn 0.923880 -0.376821 -0.066729
vn 0.923880 0.377477 0.062913
vn 0.707107 0.697486 0.116248
vn 0.382683 0.911309 0.151885
vn 0.000000 0.986394 0.164399
vn -0.382683 0.911309 0.151885
vn -0.707107 0.697486 0.116248
vn -0.923880 0.377477 0.062913
vn -0.923880 -0.377477 -0.062913
vn -0.707107 -0.697486 -0.116248
vn -0.382683 -0.911309 -0.151885
vn -0.000000 -0.986394 -0.164399
vn 0.382683 -0.911309 -0.151885
vn 0.707107 -0.697486 -0.116248
vn 0.923880 -0.377477 -0.062913
vn 0.923880 0.378096 0.059077
vn 0.707107 0.698630 0.109161
vn 0.382683 0.912804 0.142626
vn 0.000000 0.988012 0.154377
vn -0.382683 0.912804 0.142626
vn -0.707107 0.698630 0.109161
vn -0.923880 0.378096 0.059077
vn -0.923880 -0.378096 -0.059077
vn -0.707107 -0.698630 -0.109161
vn -0.382683 -0.912804 -0.142626
vn -0.000000 -0.988012 -0.154377
vn 0.382683 -0.912804 -0.142626
vn 0.707107 -0.698630 -0.109161
vn 0.923880 -0.378096 -0.059077
vn 0.923880 0.378678 0.055224
vn 0.707107 0.699705 0.102040
vn 0.382683 0.914209 0.133322
vn 0.000000 0.989533 0.144307
vn -0.382683 0.914209 0.133322
vn -0.707107 0.699705 0.102040
vn -0.923880 0.378678 0.055224
vn -0.923880 -0.378678 -0.055224
vn -0.707107 -0.699705 -0.102040
vn -0.382683 -0.914209 -0.133322
vn -0.000000 -0.989533 -0.144307
vn 0.382683 -0.914209 -0.133322
vn 0.707107 -0.699705 -0.102040
vn 0.923880 -0.378678 -0.055224
vn 0.923880 0.379222 0.051353
vn 0.707107 0.700711 0.094888
vn 0.382683 0.915523 0.123977
vn 0.000000 0.990955 0.134192
vn -0.382683 0.915523 0.123977
vn -0.707107 0.700711 0.094888
vn -0.923880 0.379222 0.051353
vn -0.923880 -0.379222 -0.051353
vn -0.707107 -0.700711 -0.094888
vn -0.382683 -0.915523 -0.123977
vn -0.000000 -0.990955 -0.134192
vn 0.382683 -0.915523 -0.123977
vn 0.707107 -0.700711 -0.094888
vn 0.923880 -0.379222 -0.051353
vn 0.923880 0.379728 0.047466
vn 0.707107 0.701646 0.087706
vn 0.382683 0.916745 0.114593
vn 0.000000 0.992278 0.124035
vn -0.382683 0.916745 0.114593
vn -0.707107 0.701646 0.087706
vn -0.923880 0.379728 0.047466
vn -0.923880 -0.379728 -0.047466
vn -0.707107 -0.701646 -0.087706
vn -0.382683 -0.916745 -0.114593
vn -0.000000 -0.992278 -0.124035
vn 0.382683 -0.916745 -0.114593
vn 0.707107 -0.701646 -0.087706
vn 0.923880 -0.379728 -0.047466
vn 0.923880 0.380196 0.043564
vn 0.707107 0.702510 0.080496
vn 0.382683 0.917874 0.105173
vn 0.000000 0.993499 0.113838
vn -0.382683 0.917874 0.105173
vn -0.707107 0.702510 0.080496
vn -0.923880 0.380196 0.043564
vn -0.923880 -0.380196 -0.043564
vn -0.707107 -0.702510 -0.080496
vn -0.382683 -0.917874 -0.105173
vn -0.000000 -0.993499 -0.113838
vn 0.382683 -0.917874 -0.105173
vn 0.707107 -0.702510 -0.080496
vn 0.923880 -0.380196 -0.043564
vn 0.923880 0.380624 0.039648
vn 0.707107 0.703301 0.073261
vn 0.382683 0.918908 0.095720
vn 0.000000 0.994618 0.103606
vn -0.382683 0.918908 0.095720
vn -0.707107 0.703301 0.073261
vn -0.923880 0.380624 0.039648
vn -0.923880 -0.380624 -0.039648
vn -0.707107 -0.703301 -0.073261
vn -0.382683 -0.918908 -0.095720
vn -0.000000 -0.994618 -0.103606
vn 0.382683 -0.918908 -0.095720
vn 0.707107 -0.703301 -0.073261
vn 0.923880 -0.380624 -0.039648
vn 0.923880 0.381013 0.035720
vn 0.707107 0.704020 0.066002
vn 0.382683 0.919846 0.086236
vn 0.000000 0.995634 0.093341
vn -0.382683 0.919846 0.086236
vn -0.707107 0.704020 0.066002
vn -0.923880 0.381013 0.035720
vn -0.923880 -0.381013 -0.035720
vn -0.707107 -0.704020 -0.066002
vn -0.382683 -0.919846 -0.086236
vn -0.000000 -0.995634 -0.093341
vn 0.382683 -0.919846 -0.086236
vn 0.707107 -0.704020 -0.066002
vn 0.923880 -0.381013 -0.035720
vn 0.923880 0.381362 0.031780
vn 0.707107 0.704664 0.058722
vn 0.382683 0.920688 0.076724
vn 0.000000 0.996546 0.083045
vn -0.382683 0.920688 0.076724
vn -0.707107 0.704664 0.058722
vn -0.923880 0.381362 0.031780
vn -0.923880 -0.381362 -0.031780
vn -0.707107 -0.704664 -0.058722
vn -0.382683 -0.920688 -0.076724
vn -0.000000 -0.996546 -0.083045
vn 0.382683 -0.920688 -0.076724
vn 0.707107 -0.704664 -0.058722
vn 0.923880 -0.381362 -0.031780
vn 0.923880 0.381670 0.027830
vn 0.707107 0.705234 0.051423
vn 0.382683 0.921433 0.067188
vn 0.000000 0.997352 0.072724
vn -0.382683 0.921433 0.067188
vn -0.707107 0.705234 0.051423
vn -0.923880 0.381670 0.027830
vn -0.923880 -0.381670 -0.027830
vn -0.707107 -0.705234 -0.051423
vn -0.382683 -0.921433 -0.067188
vn -0.000000 -0.997352 -0.072724
vn 0.382683 -0.921433 -0.067188
vn 0.707107 -0.705234 -0.051423
vn 0.923880 -0.381670 -0.027830
vn 0.923880 0.381938 0.023871
vn 0.707107 0.705730 0.044108
vn 0.382683 0.922080 0.057630
vn 0.000000 0.998053 0.062378
vn -0.382683 0.922080 0.057630
vn -0.707107 0.705730 0.044108
vn -0.923880 0.381938 0.023871
vn -0.923880 -0.381938 -0.023871
vn -0.707107 -0.705730 -0.044108
vn -0.382683 -0.922080 -0.057630
vn -0.000000 -0.998053 -0.062378
vn 0.382683 -0.922080 -0.057630
vn 0.707107 -0.705730 -0.044108
vn 0.923880 -0.381938 -0.023871
vn 0.923880 0.382165 0.019904
vn 0.707107 0.706150 0.036779
vn 0.382683 0.922629 0.048054
vn 0.000000 0.998646 0.052013
vn -0.382683 0.922629 0.048054
vn -0.707107 0.706150 0.036779
vn -0.923880 0.382165 0.019904
vn -0.923880 -0.382165 -0.019904
vn -0.707107 -0.706150 -0.036779
vn -0.382683 -0.922629 -0.048054
vn -0.000000 -0.998646 -0.052013
vn 0.382683 -0.922629 -0.048054
vn 0.707107 -0.706150 -0.036779
vn 0.923880 -0.382165 -0.019904
vn 0.923880 0.382352 0.015931
vn 0.707107 0.706494 0.029437
vn 0.382683 0.923079 0.038462
vn 0.000000 0.999133 0.041631
vn -0.382683 0.923079 0.038462
vn -0.707107 0.706494 0.029437
vn -0.923880 0.382352 0.015931
vn -0.923880 -0.382352 -0.015931
vn -0.707107 -0.706494 -0.029437
vn -0.382683 -0.923079 -0.038462
vn -0.000000 -0.999133 -0.041631
vn 0.382683 -0.923079 -0.038462
vn 0.707107 -0.706494 -0.029437
vn 0.923880 -0.382352 -0.015931
vn 0.923880 0.382497 0.011953
vn 0.707107 0.706762 0.022086
vn 0.382683 0.923429 0.028857
vn 0.000000 0.999512 0.031235
vn -0.382683 0.923429 0.028857
vn -0.707107 0.706762 0.022086
vn -0.923880 0.382497 0.011953
vn -0.923880 -0.382497 -0.011953
vn -0.707107 -0.706762 -0.022086
vn -0.382683 -0.923429 -0.028857
vn -0.000000 -0.999512 -0.031235
vn 0.382683 -0.923429 -0.028857
vn 0.707107 -0.706762 -0.022086
vn 0.923880 -0.382497 -0.011953
vn 0.923880 0.382600 0.007971
vn 0.707107 0.706953 0.014728
vn 0.382683 0.923679 0.019243
vn 0.000000 0.999783 0.020829
vn -0.382683 0.923679 0.019243
vn -0.707107 0.706953 0.014728
vn -0.923880 0.382600 0.007971
vn -0.923880 -0.382600 -0.007971
vn -0.707107 -0.706953 -0.014728
vn -0.382683 -0.923679 -0.019243
vn -0.000000 -0.999783 -0.020829
vn 0.382683 -0.923679 -0.019243
vn 0.707107 -0.706953 -0.014728
vn 0.923880 -0.382600 -0.007971
vn 0.923880 0.382663 0.003986
vn 0.707107 0.707068 0.007365
vn 0.382683 0.923829 0.009623
vn 0.000000 0.999946 0.010416
vn -0.382683 0.923829 0.009623
vn -0.707107 0.707068 0.007365
vn -0.923880 0.382663 0.003986
vn -0.923880 -0.382663 -0.003986
vn -0.707107 -0.707068 -0.007365
vn -0.382683 -0.923829 -0.009623
vn -0.000000 -0.999946 -0.010416
vn 0.382683 -0.923829 -0.009623
vn 0.707107 -0.707068 -0.007365
vn 0.923880 -0.382663 -0.003986
vn 0.923880 0.382683 0.000030
vn 0.707107 0.707107 0.000055
vn 0.382683 0.923880 0.000072
vn 0.000000 1.000000 0.000078
vn -0.382683 0.923880 0.000072
vn -0.707107 0.707107 0.000055
vn -0.923880 0.382683 0.000030
vn -0.923880 -0.382683 -0.000030
vn -0.707107 -0.707107 -0.000055
vn -0.382683 -0.923880 -0.000072
vn -0.000000 -1.000000 -0.000078
vn 0.382683 -0.923880 -0.000072
vn 0.707107 -0.707107 -0.000055
vn 0.923880 -0.382683 -0.000030
vn 0.000000 0.000000 -1.000000
usemtl body
f 1/1/1 2/2/1 3/3/1
f 1/1/1 3/3/1 4/4/1
f 1/1/1 4/4/1 5/5/1
f 1/1/1 5/5/1 6/6/1
f 1/1/1 6/6/1 7/7/1
f 1/1/1 7/7/1 8/8/1
f 1/1/1 8/8/1 9/9/1
f 1/1/1 9/9/1 10/10/1
f 1/1/1 10/10/1 11/11/1
f 1/1/1 11/11/1 12/12/1
f 1/1/1 12/12/1 13/13/1
f 1/1/1 13/13/1 14/14/1
f 1/1/1 14/14/1 15/15/1
f 1/1/1 15/15/1 16/16/1
f 1/1/1 16/16/1 17/17/1
f 1/1/1 17/17/1 2/2/1
f 2/18/2 18/19/2 19/20/3
f 2/18/2 19/20/3 3/21/4
f 3/21/4 19/20/3 20/22/5
f 3/21/4 20/22/5 4/23/6
f 4/23/6 20/22/5 21/24/7
f 4/23/6 21/24/7 5/25/8
f 5/25/8 21/24/7 22/26/9
f 5/25/8 22/26/9 6/27/10
f 6/27/10 22/26/9 23/28/11
f 6/27/10 23/28/11 7/29/12
f 7/29/12 23/28/11 24/30/13
f 7/29/12 24/30/13 8/31/14
f 8/31/14 24/30/13 25/32/15
f 8/31/14 25/32/15 9/33/16
f 9/33/16 25/32/15 26/34/17
f 9/33/16 26/34/17 10/35/17
f 10/35/17 26/34/17 27/36/18
f 10/35/17 27/36/18 11/37/19
f 11/37/19 27/36/18 28/38/20
f 11/37/19 28/38/20 12/39/21
f 12/39/21 28/38/20 29/40/22
f 12/39/21 29/40/22 13/41/23
f 13/41/23 29/40/22 30/42/24
f 13/41/23 30/42/24 14/43/25
f 14/43/25 30/42/24 31/44/26
f 14/43/25 31/44/26 15/45/27
f 15/45/27 31/44/26 32/46/28
f 15/45/27 32/46/28 16/47/29
f 16/47/29 32/46/28 33/48/30
f 16/47/29 33/48/30 17/49/31
f 17/49/31 33/48/30 18/50/2
f 17/49/31 18/50/2 2/51/2
f 18/19/2 34/52/2 35/53/32
f 18/19/2 35/53/32 19/20/3
f 19/20/3 35/53/32 36/54/33
f 19/20/3 36/54/33 20/22/5
f 20/22/5 36/54/33 37/55/34
f 20/22/5 37/55/34 21/24/7
f 21/24/7 37/55/34 38/56/35
f 21/24/7 38/56/35 22/26/9
f 22/26/9 38/56/35 39/57/36
f 22/26/9 39/57/36 23/28/11
f 23/28/11 39/57/36 40/58/37
f 23/28/11 40/58/37 24/30/13
f 24/30/13 40/58/37 41/59/38
f 24/30/13 41/59/38 25/32/15
f 25/32/15 41/59/38 42/60/17
f 25/32/15 42/60/17 26/34/17
f 26/34/17 42/60/17 43/61/39
f 26/34/17 43/61/39 27/36/18
f 27/36/18 43/61/39 44/62/40
f 27/36/18 44/62/40 28/38/20
f 28/38/20 44/62/40 45/63/41
f 28/38/20 45/63/41 29/40/22
f 29/40/22 45/63/41 46/64/42
f 29/40/22 46/64/42 30/42/24
f 30/42/24 46/64/42 47/65/43
f 30/42/24 47/65/43 31/44/26
f 31/44/26 47/65/43 48/66/44
f 31/44/26 48/66/44 32/46/28
f 32/46/28 48/66/44 49/67/45
f 32/46/28 49/67/45 33/48/30
f 33/48/30 49/67/45 34/68/2
f 33/48/30 34/68/2 18/50/2
f 34/52/2 50/69/2 51/70/46
f 34/52/2 51/70/46 35/53/32
f 35/53/32 51/70/46 52/71/47
f 35/53/32 52/71/47 36/54/33
f 36/54/33 52/71/47 53/72/48
f 36/54/33 53/72/48 37/55/34
f 37/55/34 53/72/48 54/73/49
f 37/55/34 54/73/49 38/56/35
f 38/56/35 54/73/49 55/74/50
f 38/56/35 55/74/50 39/57/36
f 39/57/36 55/74/50 56/75/51
f 39/57/36 56/75/51 40/58/37
f 40/58/37 56/75/51 57/76/52
f 40/58/37 57/76/52 41/59/38
f 41/59/38 57/76/52 58/77/17
f 41/59/38 58/77/17 42/60/17
f 42/60/17 58/77/17 59/78/53
f 42/60/17 59/78/53 43/61/39
f 43/61/39 59/78/53 60/79/54
f 43/61/39 60/79/54 44/62/40
f 44/62/40 60/79/54 61/80/55
f 44/62/40 61/80/55 45/63/41
f 45/63/41 61/80/55 62/81/56
f 45/63/41 62/81/56 46/64/42
f 46/64/42 62/81/56 63/82/57
f 46/64/42 63/82/57 47/65/43
f 47/65/43 63/82/57 64/83/58
f 47/65/43 64/83/58 48/66/44
f 48/66/44 64/83/58 65/84/59
f 48/66/44 65/84/59 49/67/45
f 49/67/45 65/84/59 50/85/2
f 49/67/45 50/85/2 34/68/2
f 50/69/2 66/86/2 67/87/60
f 50/69/2 67/87/60 51/70/46
f 51/70/46 67/87/60 68/88/61
f 51/70/46 68/88/61 52/71/47
f 52/71/47 68/88/61 69/89/62
f 52/71/47 69/89/62 53/72/48
f 53/72/48 69/89/62 70/90/63
f 53/72/48 70/90/63 54/73/49
f 54/73/49 70/90/63 71/91/64
f 54/73/49 71/91/64 55/74/50
f 55/74/50 71/91/64 72/92/65
f 55/74/50 72/92/65 56/75/51
f 56/75/51 72/92/65 73/93/66
f 56/75/51 73/93/66 57/76/52
f 57/76/52 73/93/66 74/94/17
f 57/76/52 74/94/17 58/77/17
f 58/77/17 74/94/17 75/95/67
f 58/77/17 75/95/67 59/78/53
f 59/78/53 75/95/67 76/96/68
f 59/78/53 76/96/68 60/79/54
f 60/79/54 76/96/68 77/97/69
f 60/79/54 77/97/69 61/80/55
f 61/80/55 77/97/69 78/98/70
f 61/80/55 78/98/70 62/81/56
f 62/81/56 78/98/70 79/99/71
f 62/81/56 79/99/71 63/82/57
f 63/82/57 79/99/71 80/100/72
f 63/82/57 80/100/72 64/83/58
f 64/83/58 80/100/72 81/101/73
f 64/83/58 81/101/73 65/84/59
f 65/84/59 81/101/73 66/102/2
f 65/84/59 66/102/2 50/85/2
f 66/86/2 82/103/2 83/104/74
f 66/86/2 83/104/74 67/87/60
f 67/87/60 83/104/74 84/105/75
f 67/87/60 84/105/75 68/88/61
f 68/88/61 84/105/75 85/106/76
f 68/88/61 85/106/76 69/89/62
f 69/89/62 85/106/76 86/107/77
f 69/89/62 86/107/77 70/90/63
f 70/90/63 86/107/77 87/108/78
f 70/90/63 87/108/78 71/91/64
f 71/91/64 87/108/78 88/109/79
f 71/91/64 88/109/79 72/92/65
f 72/92/65 88/109/79 89/110/80
f 72/92/65 89/110/80 73/93/66
f 73/93/66 89/110/80 90/111/17
f 73/93/66 90/111/17 74/94/17
f 74/94/17 90/111/17 91/112/81
f 74/94/17 91/112/81 75/95/67
f 75/95/67 91/112/81 92/113/82
f 75/95/67 92/113/82 76/96/68
f 76/96/68 92/113/82 93/114/83
f 76/96/68 93/114/83 77/97/69
f 77/97/69 93/114/83 94/115/84
f 77/97/69 94/115/84 78/98/70
f 78/98/70 94/115/84 95/116/85
f 78/98/70 95/116/85 79/99/71
f 79/99/71 95/116/85 96/117/86
f 79/99/71 96/117/86 80/100/72
f 80/100/72 96/117/86 97/118/87
f 80/100/72 97/118/87 81/101/73
f 81/101/73 97/118/87 82/119/2
f 81/101/73 82/119/2 66/102/2
f 82/103/2 98/120/2 99/121/88
f 82/103/2 99/121/88 83/104/74
f 83/104/74 99/121/88 100/122/89
f 83/104/74 100/122/89 84/105/75
f 84/105/75 100/122/89 101/123/90
f 84/105/75 101/123/90 85/106/76
f 85/106/76 101/123/90 102/124/91
f 85/106/76 102/124/91 86/107/77
f 86/107/77 102/124/91 103/125/92
f 86/107/77 103/125/92 87/108/78
f 87/108/78 103/125/92 104/126/93
f 87/108/78 104/126/93 88/109/79
f 88/109/79 104/126/93 105/127/94
f 88/109/79 105/127/94 89/110/80
f 89/110/80 105/127/94 106/128/17
f 89/110/80 106/128/17 90/111/17
f 90/111/17 106/128/17 107/129/95
f 90/111/17 107/129/95 91/112/81
f 91/112/81 107/129/95 108/130/96
f 91/112/81 108/130/96 92/113/82
f 92/113/82 108/130/96 109/131/97
f 92/113/82 109/131/97 93/114/83
f 93/114/83 109/131/97 110/132/98
f 93/114/83 110/132/98 94/115/84
f 94/115/84 110/132/98 111/133/99
f 94/115/84 111/133/99 95/116/85
f 95/116/85 111/133/99 112/134/100
f 95/116/85 112/134/100 96/117/86
f 96/117/86 112/134/100 113/135/101
f 96/117/86 113/135/101 97/118/87
f 97/118/87 113/135/101 98/136/2
f 97/118/87 98/136/2 82/119/2
f 98/120/2 114/137/2 115/138/102
f 98/120/2 115/138/102 99/121/88
f 99/121/88 115/138/102 116/139/103
f 99/121/88 116/139/103 100/122/89
f 100/122/89 116/139/103 117/140/104
f 100/122/89 117/140/104 101/123/90
f 101/123/90 117/140/104 118/141/105
f 101/123/90 118/141/105 102/124/91
f 102/124/91 118/141/105 119/142/106
f 102/124/91 119/142/106 103/125/92
f 103/125/92 119/142/106 120/143/107
f 103/125/92 120/143/107 104/126/93
f 104/126/93 120/143/107 121/144/108
f 104/126/93 121/144/108 105/127/94
f 105/127/94 121/144/108 122/145/17
f 105/127/94 122/145/17 106/128/17
f 106/128/17 122/145/17 123/146/109
f 106/128/17 123/146/109 107/129/95
f 107/129/95 123/146/109 124/147/110
f 107/129/95 124/147/110 108/130/96
f 108/130/96 124/147/110 125/148/111
f 108/130/96 125/148/111 109/131/97
f 109/131/97 125/148/111 126/149/112
f 109/131/97 126/149/112 110/132/98
f 110/132/98 126/149/112 127/150/113
f 110/132/98 127/150/113 111/133/99
f 111/133/99 127/150/113 128/151/114
f 111/133/99 128/151/114 112/134/100
f 112/134/100 128/151/114 129/152/115
f 112/134/100 129/152/115 113/135/101
f 113/135/101 129/152/115 114/153/2
f 113/135/101 114/153/2 98/136/2
f 114/137/2 130/154/2 131/155/116
f 114/137/2 131/155/116 115/138/102
f 115/138/102 131/155/116 132/156/117
f 115/138/102 132/156/117 116/139/103
f 116/139/103 132/156/117 133/157/118
f 116/139/103 133/157/118 117/140/104
f 117/140/104 133/157/118 134/158/119
f 117/140/104 134/158/119 118/141/105
f 118/141/105 134/158/119 135/159/120
f 118/141/105 135/159/120 119/142/106
f 119/142/106 135/159/120 136/160/121
f 119/142/106 136/160/121 120/143/107
f 120/143/107 136/160/121 137/161/122
f 120/143/107 137/161/122 121/144/108
f 121/144/108 137/161/122 138/162/17
f 121/144/108 138/162/17 122/145/17
f 122/145/17 138/162/17 139/163/123
f 122/145/17 139/163/123 123/146/109
f 123/146/109 139/163/123 140/164/124
f 123/146/109 140/164/124 124/147/110
f 124/147/110 140/164/124 141/165/125
f 124/147/110 141/165/125 125/148/111
f 125/148/111 141/165/125 142/166/126
f 125/148/111 142/166/126 126/149/112
f 126/149/112 142/166/126 143/167/127
f 126/149/112 143/167/127 127/150/113
f 127/150/113 143/167/127 144/168/128
f 127/150/113 144/168/128 128/151/114
f 128/151/114 144/168/128 145/169/129
f 128/151/114 145/169/129 129/152/115
f 129/152/115 145/169/129 130/170/2
f 129/152/115 130/170/2 114/153/2
f 130/154/2 146/171/2 147/172/130
f 130/154/2 147/172/130 131/155/116
f 131/155/116 147/172/130 148/173/131
f 131/155/116 148/173/131 132/156/117
f 132/156/117 148/173/131 149/174/132
f 132/156/117 149/174/132 133/157/118
f 133/157/118 149/174/132 150/175/133
f 133/157/118 150/175/133 134/158/119
f 134/158/119 150/175/133 151/176/134
f 134/158/119 151/176/134 135/159/120
f 135/159/120 151/176/134 152/177/135
f 135/159/120 152/177/135 136/160/121
f 136/160/121 152/177/135 153/178/136
f 136/160/121 153/178/136 137/161/122
f 137/161/122 153/178/136 154/179/17
f 137/161/122 154/179/17 138/162/17
f 138/162/17 154/179/17 155/180/137
f 138/162/17 155/180/137 139/163/123
f 139/163/123 155/180/137 156/181/138
f 139/163/123 156/181/138 140/164/124
f 140/164/124 156/181/138 157/182/139
f 140/164/124 157/182/139 141/165/125
f 141/165/125 157/182/139 158/183/140
f 141/165/125 158/183/140 142/166/126
f 142/166/126 158/183/140 159/184/141
f 142/166/126 159/184/141 143/167/127
f 143/167/127 159/184/141 160/185/142
f 143/167/127 160/185/142 144/168/128
f 144/168/128 160/185/142 161/186/143
f 144/168/128 161/186/143 145/169/129
f 145/169/129 161/186/143 146/187/2
f 145/169/129 146/187/2 130/170/2
f 146/171/2 162/188/2 163/189/144
f 146/171/2 163/189/144 147/172/130
f 147/172/130 163/189/144 164/190/145
f 147/172/130 164/190/145 148/173/131
f 148/173/131 164/190/145 165/191/146
f 148/173/131 165/191/146 149/174/132
f 149/174/132 165/191/146 166/192/147
f 149/174/132 166/192/147 150/175/133
f 150/175/133 166/192/147 167/193/148
f 150/175/133 167/193/148 151/176/134
f 151/176/134 167/193/148 168/194/149
f 151/176/134 168/194/149 152/177/135
f 152/177/135 168/194/149 169/195/150
f 152/177/135 169/195/150 153/178/136
f 153/178/136 169/195/150 170/196/17
f 153/178/136 170/196/17 154/179/17
f 154/179/17 170/196/17 171/197/151
f 154/179/17 171/197/151 155/180/137
f 155/180/137 171/197/151 172/198/152
f 155/180/137 172/198/152 156/181/138
f 156/181/138 172/198/152 173/199/153
f 156/181/138 173/199/153 157/182/139
f 157/182/139 173/199/153 174/200/154
f 157/182/139 174/200/154 158/183/140
f 158/183/140 174/200/154 175/201/155
f 158/183/140 175/201/155 159/184/141
f 159/184/141 175/201/155 176/202/156
f 159/184/141 176/202/156 160/185/142
f 160/185/142 176/202/156 177/203/157
f 160/185/142 177/203/157 161/186/143
f 161/186/143 177/203/157 162/204/2
f 161/186/143 162/204/2 146/187/2
f 162/188/2 178/205/2 179/206/158
f 162/188/2 179/206/158 163/189/144
f 163/189/144 179/206/158 180/207/159
f 163/189/144 180/207/159 164/190/145
f 164/190/145 180/207/159 181/208/160
f 164/190/145 181/208/160 165/191/146
f 165/191/146 181/208/160 182/209/161
f 165/191/146 182/209/161 166/192/147
f 166/192/147 182/209/161 183/210/162
f 166/192/147 183/210/162 167/193/148
f 167/193/148 183/210/162 184/211/163
f 167/193/148 184/211/163 168/194/149
f 168/194/149 184/211/163 185/212/164
f 168/194/149 185/212/164 169/195/150
f 169/195/150 185/212/164 186/213/17
f 169/195/150 186/213/17 170/196/17
f 170/196/17 186/213/17 187/214/165
f 170/196/17 187/214/165 171/197/151
f 171/197/151 187/214/165 188/215/166
f 171/197/151 188/215/166 172/198/152
f 172/198/152 188/215/166 189/216/167
f 172/198/152 189/216/167 173/199/153
f 173/199/153 189/216/167 190/217/168
f 173/199/153 190/217/168 174/200/154
f 174/200/154 190/217/168 191/218/169
f 174/200/154 191/218/169 175/201/155
f 175/201/155 191/218/169 192/219/170
f 175/201/155 192/219/170 176/202/156
f 176/202/156 192/219/170 193/220/171
f 176/202/156 193/220/171 177/203/157
f 177/203/157 193/220/171 178/221/2
f 177/203/157 178/221/2 162/204/2
f 178/205/2 194/222/2 195/223/172
f 178/205/2 195/223/172 179/206/158
f 179/206/158 195/223/172 196/224/173
f 179/206/158 196/224/173 180/207/159
f 180/207/159 196/224/173 197/225/174
f 180/207/159 197/225/174 181/208/160
f 181/208/160 197/225/174 198/226/175
f 181/208/160 198/226/175 182/209/161
f 182/209/161 198/226/175 199/227/176
f 182/209/161 199/227/176 183/210/162
f 183/210/162 199/227/176 200/228/177
f 183/210/162 200/228/177 184/211/163
f 184/211/163 200/228/177 201/229/178
f 184/211/163 201/229/178 185/212/164
f 185/212/164 201/229/178 202/230/17
f 185/212/164 202/230/17 186/213/17
f 186/213/17 202/230/17 203/231/179
f 186/213/17 203/231/179 187/214/165
f 187/214/165 203/231/179 204/232/180
f 187/214/165 204/232/180 188/215/166
f 188/215/166 204/232/180 205/233/181
f 188/215/166 205/233/181 189/216/167
f 189/216/167 205/233/181 206/234/182
f 189/216/167 206/234/182 190/217/168
f 190/217/168 206/234/182 207/235/183
f 190/217/168 207/235/183 191/218/169
f 191/218/169 207/235/183 208/236/184
f 191/218/169 208/236/184 192/219/170
f 192/219/170 208/236/184 209/237/185
f 192/219/170 209/237/185 193/220/171
f 193/220/171 209/237/185 194/238/2
f 193/220/171 194/238/2 178/221/2
f 194/222/2 210/239/2 211/240/186
f 194/222/2 211/240/186 195/223/172
f 195/223/172 211/240/186 212/241/187
f 195/223/172 212/241/187 196/224/173
f 196/224/173 212/241/187 213/242/188
f 196/224/173 213/242/188 197/225/174
f 197/225/174 213/242/188 214/243/189
f 197/225/174 214/243/189 198/226/175
f 198/226/175 214/243/189 215/244/190
f 198/226/175 215/244/190 199/227/176
f 199/227/176 215/244/190 216/245/191
f 199/227/176 216/245/191 200/228/177
f 200/228/177 216/245/191 217/246/192
f 200/228/177 217/246/192 201/229/178
f 201/229/178 217/246/192 218/247/17
f 201/229/178 218/247/17 202/230/17
f 202/230/17 218/247/17 219/248/193
f 202/230/17 219/248/193 203/231/179
f 203/231/179 219/248/193 220/249/194
f 203/231/179 220/249/194 204/232/180
f 204/232/180 220/249/194 221/250/195
f 204/232/180 221/250/195 205/233/181
f 205/233/181 221/250/195 222/251/196
f 205/233/181 222/251/196 206/234/182
f 206/234/182 222/251/196 223/252/197
f 206/234/182 223/252/197 207/235/183
f 207/235/183 223/252/197 224/253/198
f 207/235/183 224/253/198 208/236/184
f 208/236/184 224/253/198 225/254/199
f 208/236/184 225/254/199 209/237/185
f 209/237/185 225/254/199 210/255/2
f 209/237/185 210/255/2 194/238/2
f 210/239/2 226/256/2 227/257/200
f 210/239/2 227/257/200 211/240/186
f 211/240/186 227/257/200 228/258/201
f 211/240/186 228/258/201 212/241/187
f 212/241/187 228/258/201 229/259/202
f 212/241/187 229/259/202 213/242/188
f 213/242/188 229/259/202 230/260/203
f 213/242/188 230/260/203 214/243/189
f 214/243/189 230/260/203 231/261/204
f 214/243/189 231/261/204 215/244/190
f 215/244/190 231/261/204 232/262/205
f 215/244/190 232/262/205 216/245/191
f 216/245/191 232/262/205 233/263/206
f 216/245/191 233/263/206 217/246/192
f 217/246/192 233/263/206 234/264/17
f 217/246/192 234/264/17 218/247/17
f 218/247/17 234/264/17 235/265/207
f 218/247/17 235/265/207 219/248/193
f 219/248/193 235/265/207 236/266/208
f 219/248/193 236/266/208 220/249/194
f 220/249/194 236/266/208 237/267/209
f 220/249/194 237/267/209 221/250/195
f 221/250/195 237/267/209 238/268/210
f 221/250/195 238/268/210 222/251/196
f 222/251/196 238/268/210 239/269/211
f 222/251/196 239/269/211 223/252/197
f 223/252/197 239/269/211 240/270/212
f 223/252/197 240/270/212 224/253/198
f 224/253/198 240/270/212 241/271/213
f 224/253/198 241/271/213 225/254/199
f 225/254/199 241/271/213 226/272/2
f 225/254/199 226/272/2 210/255/2
f 226/256/2 242/273/2 243/274/214
f 226/256/2 243/274/214 227/257/200
f 227/257/200 243/274/214 244/275/215
f 227/257/200 244/275/215 228/258/201
f 228/258/201 244/275/215 245/276/216
f 228/258/201 245/276/216 229/259/202
f 229/259/202 245/276/216 246/277/217
f 229/259/202 246/277/217 230/260/203
f 230/260/203 246/277/217 247/278/218
f 230/260/203 247/278/218 231/261/204
f 231/261/204 247/278/218 248/279/219
f 231/261/204 248/279/219 232/262/205
f 232/262/205 248/279/219 249/280/220
f 232/262/205 249/280/220 233/263/206
f 233/263/206 249/280/220 250/281/17
f 233/263/206 250/281/17 234/264/17
f 234/264/17 250/281/17 251/282/221
f 234/264/17 251/282/221 235/265/207
f 235/265/207 251/282/221 252/283/222
f 235/265/207 252/283/222 236/266/208
f 236/266/208 252/283/222 253/284/223
f 236/266/208 253/284/223 237/267/209
f 237/267/209 253/284/223 254/285/224
f 237/267/209 254/285/224 238/268/210
f 238/268/210 254/285/224 255/286/225
f 238/268/210 255/286/225 239/269/211
f 239/269/211 255/286/225 256/287/226
f 239/269/211 256/287/226 240/270/212
f 240/270/212 256/287/226 257/288/227
f 240/270/212 257/288/227 241/271/213
f 241/271/213 257/288/227 242/289/2
f 241/271/213 242/289/2 226/272/2
f 242/273/2 258/290/2 259/291/228
f 242/273/2 259/291/228 243/274/214
f 243/274/214 259/291/228 260/292/229
f 243/274/214 260/292/229 244/275/215
f 244/275/215 260/292/229 261/293/230
f 244/275/215 261/293/230 245/276/216
f 245/276/216 261/293/230 262/294/231
f 245/276/216 262/294/231 246/277/217
f 246/277/217 262/294/231 263/295/232
f 246/277/217 263/295/232 247/278/218
f 247/278/218 263/295/232 264/296/233
f 247/278/218 264/296/233 248/279/219
f 248/279/219 264/296/233 265/297/234
f 248/279/219 265/297/234 249/280/220
f 249/280/220 265/297/234 266/298/17
f 249/280/220 266/298/17 250/281/17
f 250/281/17 266/298/17 267/299/235
f 250/281/17 267/299/235 251/282/221
f 251/282/221 267/299/235 268/300/236
f 251/282/221 268/300/236 252/283/222
f 252/283/222 268/300/236 269/301/237
f 252/283/222 269/301/237 253/284/223
f 253/284/223 269/301/237 270/302/238
f 253/284/223 270/302/238 254/285/224
f 254/285/224 270/302/238 271/303/239
f 254/285/224 271/303/239 255/286/225
f 255/286/225 271/303/239 272/304/240
f 255/286/225 272/304/240 256/287/226
f 256/287/226 272/304/240 273/305/241
f 256/287/226 273/305/241 257/288/227
f 257/288/227 273/305/241 258/306/2
f 257/288/227 258/306/2 242/289/2
f 258/290/2 274/307/2 275/308/242
f 258/290/2 275/308/242 259/291/228
f 259/291/228 275/308/242 276/309/243
f 259/291/228 276/309/243 260/292/229
f 260/292/229 276/309/243 277/310/244
f 260/292/229 277/310/244 261/293/230
f 261/293/230 277/310/244 278/311/245
f 261/293/230 278/311/245 262/294/231
f 262/294/231 278/311/245 279/312/246
f 262/294/231 279/312/246 263/295/232
f 263/295/232 279/312/246 280/313/247
f 263/295/232 280/313/247 264/296/233
f 264/296/233 280/313/247 281/314/248
f 264/296/233 281/314/248 265/297/234
f 265/297/234 281/314/248 282/315/17
f 265/297/234 282/315/17 266/298/17
f 266/298/17 282/315/17 283/316/249
f 266/298/17 283/316/249 267/299/235
f 267/299/235 283/316/249 284/317/250
f 267/299/235 284/317/250 268/300/236
f 268/300/236 284/317/250 285/318/251
f 268/300/236 285/318/251 269/301/237
f 269/301/237 285/318/251 286/319/252
f 269/301/237 286/319/252 270/302/238
f 270/302/238 286/319/252 287/320/253
f 270/302/238 287/320/253 271/303/239
f 271/303/239 287/320/253 288/321/254
f 271/303/239 288/321/254 272/304/240
f 272/304/240 288/321/254 289/322/255
f 272/304/240 289/322/255 273/305/241
f 273/305/241 289/322/255 274/323/2
f 273/305/241 274/323/2 258/306/2
f 274/307/2 290/324/2 291/325/256
f 274/307/2 291/325/256 275/308/242
f 275/308/242 291/325/256 292/326/257
f 275/308/242 292/326/257 276/309/243
f 276/309/243 292/326/257 293/327/258
f 276/309/243 293/327/258 277/310/244
f 277/310/244 293/327/258 294/328/259
f 277/310/244 294/328/259 278/311/245
f 278/311/245 294/328/259 295/329/260
f 278/311/245 295/329/260 279/312/246
f 279/312/246 295/329/260 296/330/261
f 279/312/246 296/330/261 280/313/247
f 280/313/247 296/330/261 297/331/262
f 280/313/247 297/331/262 281/314/248
f 281/314/248 297/331/262 298/332/17
f 281/314/248 298/332/17 282/315/17
f 282/315/17 298/332/17 299/333/263
f 282/315/17 299/333/263 283/316/249
f 283/316/249 299/333/263 300/334/264
f 283/316/249 300/334/264 284/317/250
f 284/317/250 300/334/264 301/335/265
f 284/317/250 301/335/265 285/318/251
f 285/318/251 301/335/265 302/336/266
f 285/318/251 302/336/266 286/319/252
f 286/319/252 302/336/266 303/337/267
f 286/319/252 303/337/267 287/320/253
f 287/320/253 303/337/267 304/338/268
f 287/320/253 304/338/268 288/321/254
f 288/321/254 304/338/268 305/339/269
f 288/321/254 305/339/269 289/322/255
f 289/322/255 305/339/269 290/340/2
f 289/322/255 290/340/2 274/323/2
f 290/324/2 306/341/2 307/342/270
f 290/324/2 307/342/270 291/325/256
f 291/325/256 307/342/270 308/343/271
f 291/325/256 308/343/271 292/326/257
f 292/326/257 308/343/271 309/344/272
f 292/326/257 309/344/272 293/327/258
f 293/327/258 309/344/272 310/345/273
f 293/327/258 310/345/273 294/328/259
f 294/328/259 310/345/273 311/346/274
f 294/328/259 311/346/274 295/329/260
f 295/329/260 311/346/274 312/347/275
f 295/329/260 312/347/275 296/330/261
f 296/330/261 312/347/275 313/348/276
f 296/330/261 313/348/276 297/331/262
f 297/331/262 313/348/276 314/349/17
f 297/331/262 314/349/17 298/332/17
f 298/332/17 314/349/17 315/350/277
f 298/332/17 315/350/277 299/333/263
f 299/333/263 315/350/277 316/351/278
f 299/333/263 316/351/278 300/334/264
f 300/334/264 316/351/278 317/352/279
f 300/334/264 317/352/279 301/335/265
f 301/335/265 317/352/279 318/353/280
f 301/335/265 318/353/280 302/336/266
f 302/336/266 318/353/280 319/354/281
f 302/336/266 319/354/281 303/337/267
f 303/337/267 319/354/281 320/355/282
f 303/337/267 320/355/282 304/338/268
f 304/338/268 320/355/282 321/356/283
f 304/338/268 321/356/283 305/339/269
f 305/339/269 321/356/283 306/357/2
f 305/339/269 306/357/2 290/340/2
f 306/341/2 322/358/2 323/359/284
f 306/341/2 323/359/284 307/342/270
f 307/342/270 323/359/284 324/360/285
f 307/342/270 324/360/285 308/343/271
f 308/343/271 324/360/285 325/361/286
f 308/343/271 325/361/286 309/344/272
f 309/344/272 325/361/286 326/362/287
f 309/344/272 326/362/287 310/345/273
f 310/345/273 326/362/287 327/363/288
f 310/345/273 327/363/288 311/346/274
f 311/346/274 327/363/288 328/364/289
f 311/346/274 328/364/289 312/347/275
f 312/347/275 328/364/289 329/365/290
f 312/347/275 329/365/290 313/348/276
f 313/348/276 329/365/290 330/366/17
f 313/348/276 330/366/17 314/349/17
f 314/349/17 330/366/17 331/367/291
f 314/349/17 331/367/291 315/350/277
f 315/350/277 331/367/291 332/368/292
f 315/350/277 332/368/292 316/351/278
f 316/351/278 332/368/292 333/369/293
f 316/351/278 333/369/293 317/352/279
f 317/352/279 333/369/293 334/370/294
f 317/352/279 334/370/294 318/353/280
f 318/353/280 334/370/294 335/371/295
f 318/353/280 335/371/295 319/354/281
f 319/354/281 335/371/295 336/372/296
f 319/354/281 336/372/296 320/355/282
f 320/355/282 336/372/296 337/373/297
f 320/355/282 337/373/297 321/356/283
f 321/356/283 337/373/297 322/374/2
f 321/356/283 322/374/2 306/357/2
f 322/358/2 338/375/2 339/376/298
f 322/358/2 339/376/298 323/359/284
f 323/359/284 339/376/298 340/377/299
f 323/359/284 340/377/299 324/360/285
f 324/360/285 340/377/299 341/378/300
f 324/360/285 341/378/300 325/361/286
f 325/361/286 341/378/300 342/379/301
f 325/361/286 342/379/301 326/362/287
f 326/362/287 342/379/301 343/380/302
f 326/362/287 343/380/302 327/363/288
f 327/363/288 343/380/302 344/381/303
f 327/363/288 344/381/303 328/364/289
f 328/364/289 344/381/303 345/382/304
f 328/364/289 345/382/304 329/365/290
f 329/365/290 345/382/304 346/383/17
f 329/365/290 346/383/17 330/366/17
f 330/366/17 346/383/17 347/384/305
f 330/366/17 347/384/305 331/367/291
f 331/367/291 347/384/305 348/385/306
f 331/367/291 348/385/306 332/368/292
f 332/368/292 348/385/306 349/386/307
f 332/368/292 349/386/307 333/369/293
f 333/369/293 349/386/307 350/387/308
f 333/369/293 350/387/308 334/370/294
f 334/370/294 350/387/308 351/388/309
f 334/370/294 351/388/309 335/371/295
f 335/371/295 351/388/309 352/389/310
f 335/371/295 352/389/310 336/372/296
f 336/372/296 352/389/310 353/390/311
f 336/372/296 353/390/311 337/373/297
f 337/373/297 353/390/311 338/391/2
f 337/373/297 338/391/2 322/374/2
f 338/375/2 354/392/2 355/393/312
f 338/375/2 355/393/312 339/376/298
f 339/376/298 355/393/312 356/394/313
f 339/376/298 356/394/313 340/377/299
f 340/377/299 356/394/313 357/395/314
f 340/377/299 357/395/314 341/378/300
f 341/378/300 357/395/314 358/396/315
f 341/378/300 358/396/315 342/379/301
f 342/379/301 358/396/315 359/397/316
f 342/379/301 359/397/316 343/380/302
f 343/380/302 359/397/316 360/398/317
f 343/380/302 360/398/317 344/381/303
f 344/381/303 360/398/317 361/399/318
f 344/381/303 361/399/318 345/382/304
f 345/382/304 361/399/318 362/400/17
f 345/382/304 362/400/17 346/383/17
f 346/383/17 362/400/17 363/401/319
f 346/383/17 363/401/319 347/384/305
f 347/384/305 363/401/319 364/402/320
f 347/384/305 364/402/320 348/385/306
f 348/385/306 364/402/320 365/403/321
f 348/385/306 365/403/321 349/386/307
f 349/386/307 365/403/321 366/404/322
f 349/386/307 366/404/322 350/387/308
f 350/387/308 366/404/322 367/405/323
f 350/387/308 367/405/323 351/388/309
f 351/388/309 367/405/323 368/406/324
f 351/388/309 368/406/324 352/389/310
f 352/389/310 368/406/324 369/407/325
f 352/389/310 369/407/325 353/390/311
f 353/390/311 369/407/325 354/408/2
f 353/390/311 354/408/2 338/391/2
f 354/392/2 370/409/2 371/410/326
f 354/392/2 371/410/326 355/393/312
f 355/393/312 371/410/326 372/411/327
f 355/393/312 372/411/327 356/394/313
f 356/394/313 372/411/327 373/412/328
f 356/394/313 373/412/328 357/395/314
f 357/395/314 373/412/328 374/413/329
f 357/395/314 374/413/329 358/396/315
f 358/396/315 374/413/329 375/414/330
f 358/396/315 375/414/330 359/397/316
f 359/397/316 375/414/330 376/415/331
f 359/397/316 376/415/331 360/398/317
f 360/398/317 376/415/331 377/416/332
f 360/398/317 377/416/332 361/399/318
f 361/399/318 377/416/332 378/417/17
f 361/399/318 378/417/17 362/400/17
f 362/400/17 378/417/17 379/418/333
f 362/400/17 379/418/333 363/401/319
f 363/401/319 379/418/333 380/419/334
f 363/401/319 380/419/334 364/402/320
f 364/402/320 380/419/334 381/420/335
f 364/402/320 381/420/335 365/403/321
f 365/403/321 381/420/335 382/421/336
f 365/403/321 382/421/336 366/404/322
f 366/404/322 382/421/336 383/422/337
f 366/404/322 383/422/337 367/405/323
f 367/405/323 383/422/337 384/423/338
f 367/405/323 384/423/338 368/406/324
f 368/406/324 384/423/338 385/424/339
f 368/406/324 385/424/339 369/407/325
f 369/407/325 385/424/339 370/425/2
f 369/407/325 370/425/2 354/408/2
f 370/409/2 386/426/2 387/427/340
f 370/409/2 387/427/340 371/410/326
f 371/410/326 387/427/340 388/428/341
f 371/410/326 388/428/341 372/411/327
f 372/411/327 388/428/341 389/429/342
f 372/411/327 389/429/342 373/412/328
f 373/412/328 389/429/342 390/430/343
f 373/412/328 390/430/343 374/413/329
f 374/413/329 390/430/343 391/431/344
f 374/413/329 391/431/344 375/414/330
f 375/414/330 391/431/344 392/432/345
f 375/414/330 392/432/345 376/415/331
f 376/415/331 392/432/345 393/433/346
f 376/415/331 393/433/346 377/416/332
f 377/416/332 393/433/346 394/434/17
f 377/416/332 394/434/17 378/417/17
f 378/417/17 394/434/17 395/435/347
f 378/417/17 395/435/347 379/418/333
f 379/418/333 395/435/347 396/436/348
f 379/418/333 396/436/348 380/419/334
f 380/419/334 396/436/348 397/437/349
f 380/419/334 397/437/349 381/420/335
f 381/420/335 397/437/349 398/438/350
f 381/420/335 398/438/350 382/421/336
f 382/421/336 398/438/350 399/439/351
f 382/421/336 399/439/351 383/422/337
f 383/422/337 399/439/351 400/440/352
f 383/422/337 400/440/352 384/423/338
f 384/423/338 400/440/352 401/441/353
f 384/423/338 401/441/353 385/424/339
f 385/424/339 401/441/353 386/442/2
f 385/424/339 386/442/2 370/425/2
f 386/426/2 402/443/2 403/444/354
f 386/426/2 403/444/354 387/427/340
f 387/427/340 403/444/354 404/445/355
f 387/427/340 404/445/355 388/428/341
f 388/428/341 404/445/355 405/446/356
f 388/428/341 405/446/356 389/429/342
f 389/429/342 405/446/356 406/447/357
f 389/429/342 406/447/357 390/430/343
f 390/430/343 406/447/357 407/448/358
f 390/430/343 407/448/358 391/431/344
f 391/431/344 407/448/358 408/449/359
f 391/431/344 408/449/359 392/432/345
f 392/432/345 408/449/359 409/450/360
f 392/432/345 409/450/360 393/433/346
f 393/433/346 409/450/360 410/451/17
f 393/433/346 410/451/17 394/434/17
f 394/434/17 410/451/17 411/452/361
f 394/434/17 411/452/361 395/435/347
f 395/435/347 411/452/361 412/453/362
f 395/435/347 412/453/362 396/436/348
f 396/436/348 412/453/362 413/454/363
f 396/436/348 413/454/363 397/437/349
f 397/437/349 413/454/363 414/455/364
f 397/437/349 414/455/364 398/438/350
f 398/438/350 414/455/364 415/456/365
f 398/438/350 415/456/365 399/439/351
f 399/439/351 415/456/365 416/457/366
f 399/439/351 416/457/366 400/440/352
f 400/440/352 416/457/366 417/458/367
f 400/440/352 417/458/367 401/441/353
f 401/441/353 417/458/367 402/459/2
f 401/441/353 402/459/2 386/442/2
f 402/443/2 418/460/2 419/461/368
f 402/443/2 419/461/368 403/444/354
f 403/444/354 419/461/368 420/462/369
f 403/444/354 420/462/369 404/445/355
f 404/445/355 420/462/369 421/463/370
f 404/445/355 421/463/370 405/446/356
f 405/446/356 421/463/370 422/464/371
f 405/446/356 422/464/371 406/447/357
f 406/447/357 422/464/371 423/465/372
f 406/447/357 423/465/372 407/448/358
f 407/448/358 423/465/372 424/466/373
f 407/448/358 424/466/373 408/449/359
f 408/449/359 424/466/373 425/467/374
f 408/449/359 425/467/374 409/450/360
f 409/450/360 425/467/374 426/468/17
f 409/450/360 426/468/17 410/451/17
f 410/451/17 426/468/17 427/469/375
f 410/451/17 427/469/375 411/452/361
f 411/452/361 427/469/375 428/470/376
f 411/452/361 428/470/376 412/453/362
f 412/453/362 428/470/376 429/471/377
f 412/453/362 429/471/377 413/454/363
f 413/454/363 429/471/377 430/472/378
f 413/454/363 430/472/378 414/455/364
f 414/455/364 430/472/378 431/473/379
f 414/455/364 431/473/379 415/456/365
f 415/456/365 431/473/379 432/474/380
f 415/456/365 432/474/380 416/457/366
f 416/457/366 432/474/380 433/475/381
f 416/457/366 433/475/381 417/458/367
f 417/458/367 433/475/381 418/476/2
f 417/458/367 418/476/2 402/459/2
f 418/460/2 434/477/2 435/478/382
f 418/460/2 435/478/382 419/461/368
f 419/461/368 435/478/382 436/479/383
f 419/461/368 436/479/383 420/462/369
f 420/462/369 436/479/383 437/480/384
f 420/462/369 437/480/384 421/463/370
f 421/463/370 437/480/384 438/481/385
f 421/463/370 438/481/385 422/464/371
f 422/464/371 438/481/385 439/482/386
f 422/464/371 439/482/386 423/465/372
f 423/465/372 439/482/386 440/483/387
f 423/465/372 440/483/387 424/466/373
f 424/466/373 440/483/387 441/484/388
f 424/466/373 441/484/388 425/467/374
f 425/467/374 441/484/388 442/485/17
f 425/467/374 442/485/17 426/468/17
f 426/468/17 442/485/17 443/486/389
f 426/468/17 443/486/389 427/469/375
f 427/469/375 443/486/389 444/487/390
f 427/469/375 444/487/390 428/470/376
f 428/470/376 444/487/390 445/488/391
f 428/470/376 445/488/391 429/471/377
f 429/471/377 445/488/391 446/489/392
f 429/471/377 446/489/392 430/472/378
f 430/472/378 446/489/392 447/490/393
f 430/472/378 447/490/393 431/473/379
f 431/473/379 447/490/393 448/491/394
f 431/473/379 448/491/394 432/474/380
f 432/474/380 448/491/394 449/492/395
f 432/474/380 449/492/395 433/475/381
f 433/475/381 449/492/395 434/493/2
f 433/475/381 434/493/2 418/476/2
f 434/477/2 450/494/2 451/495/396
f 434/477/2 451/495/396 435/478/382
f 435/478/382 451/495/396 452/496/397
f 435/478/382 452/496/397 436/479/383
f 436/479/383 452/496/397 453/497/398
f 436/479/383 453/497/398 437/480/384
f 437/480/384 453/497/398 454/498/399
f 437/480/384 454/498/399 438/481/385
f 438/481/385 454/498/399 455/499/400
f 438/481/385 455/499/400 439/482/386
f 439/482/386 455/499/400 456/500/401
f 439/482/386 456/500/401 440/483/387
f 440/483/387 456/500/401 457/501/402
f 440/483/387 457/501/402 441/484/388
f 441/484/388 457/501/402 458/502/17
f 441/484/388 458/502/17 442/485/17
f 442/485/17 458/502/17 459/503/403
f 442/485/17 459/503/403 443/486/389
f 443/486/389 459/503/403 460/504/404
f 443/486/389 460/504/404 444/487/390
f 444/487/390 460/504/404 461/505/405
f 444/487/390 461/505/405 445/488/391
f 445/488/391 461/505/405 462/506/406
f 445/488/391 462/506/406 446/489/392
f 446/489/392 462/506/406 463/507/407
f 446/489/392 463/507/407 447/490/393
f 447/490/393 463/507/407 464/508/408
f 447/490/393 464/508/408 448/491/394
f 448/491/394 464/508/408 465/509/409
f 448/491/394 465/509/409 449/492/395
f 449/492/395 465/509/409 450/510/2
f 449/492/395 450/510/2 434/493/2
f 450/494/2 466/511/2 467/512/410
f 450/494/2 467/512/410 451/495/396
f 451/495/396 467/512/410 468/513/411
f 451/495/396 468/513/411 452/496/397
f 452/496/397 468/513/411 469/514/412
f 452/496/397 469/514/412 453/497/398
f 453/497/398 469/514/412 470/515/413
f 453/497/398 470/515/413 454/498/399
f 454/498/399 470/515/413 471/516/414
f 454/498/399 471/516/414 455/499/400
f 455/499/400 471/516/414 472/517/415
f 455/499/400 472/517/415 456/500/401
f 456/500/401 472/517/415 473/518/416
f 456/500/401 473/518/416 457/501/402
f 457/501/402 473/518/416 474/519/17
f 457/501/402 474/519/17 458/502/17
f 458/502/17 474/519/17 475/520/417
f 458/502/17 475/520/417 459/503/403
f 459/503/403 475/520/417 476/521/418
f 459/503/403 476/521/418 460/504/404
f 460/504/404 476/521/418 477/522/419
f 460/504/404 477/522/419 461/505/405
f 461/505/405 477/522/419 478/523/420
f 461/505/405 478/523/420 462/506/406
f 462/506/406 478/523/420 479/524/421
f 462/506/406 479/524/421 463/507/407
f 463/507/407 479/524/421 480/525/422
f 463/507/407 480/525/422 464/508/408
f 464/508/408 480/525/422 481/526/423
f 464/508/408 481/526/423 465/509/409
f 465/509/409 481/526/423 466/527/2
f 465/509/409 466/527/2 450/510/2
f 466/511/2 482/528/2 483/529/424
f 466/511/2 483/529/424 467/512/410
f 467/512/410 483/529/424 484/530/425
f 467/512/410 484/530/425 468/513/411
f 468/513/411 484/530/425 485/531/426
f 468/513/411 485/531/426 469/514/412
f 469/514/412 485/531/426 486/532/427
f 469/514/412 486/532/427 470/515/413
f 470/515/413 486/532/427 487/533/428
f 470/515/413 487/533/428 471/516/414
f 471/516/414 487/533/428 488/534/429
f 471/516/414 488/534/429 472/517/415
f 472/517/415 488/534/429 489/535/430
f 472/517/415 489/535/430 473/518/416
f 473/518/416 489/535/430 490/536/17
f 473/518/416 490/536/17 474/519/17
f 474/519/17 490/536/17 491/537/431
f 474/519/17 491/537/431 475/520/417
f 475/520/417 491/537/431 492/538/432
f 475/520/417 492/538/432 476/521/418
f 476/521/418 492/538/432 493/539/433
f 476/521/418 493/539/433 477/522/419
f 477/522/419 493/539/433 494/540/434
f 477/522/419 494/540/434 478/523/420
f 478/523/420 494/540/434 495/541/435
f 478/523/420 495/541/435 479/524/421
f 479/524/421 495/541/435 496/542/436
f 479/524/421 496/542/436 480/525/422
f 480/525/422 496/542/436 497/543/437
f 480/525/422 497/543/437 481/526/423
f 481/526/423 497/543/437 482/544/2
f 481/526/423 482/544/2 466/527/2
f 482/528/2 498/545/2 499/546/438
f 482/528/2 499/546/438 483/529/424
f 483/529/424 499/546/438 500/547/439
f 483/529/424 500/547/439 484/530/425
f 484/530/425 500/547/439 501/548/440
f 484/530/425 501/548/440 485/531/426
f 485/531/426 501/548/440 502/549/441
f 485/531/426 502/549/441 486/532/427
f 486/532/427 502/549/441 503/550/442
f 486/532/427 503/550/442 487/533/428
f 487/533/428 503/550/442 504/551/443
f 487/533/428 504/551/443 488/534/429
f 488/534/429 504/551/443 505/552/444
f 488/534/429 505/552/444 489/535/430
f 489/535/430 505/552/444 506/553/17
f 489/535/430 506/553/17 490/536/17
f 490/536/17 506/553/17 507/554/445
f 490/536/17 507/554/445 491/537/431
f 491/537/431 507/554/445 508/555/446
f 491/537/431 508/555/446 492/538/432
f 492/538/432 508/555/446 509/556/447
f 492/538/432 509/556/447 493/539/433
f 493/539/433 509/556/447 510/557/448
f 493/539/433 510/557/448 494/540/434
f 494/540/434 510/557/448 511/558/449
f 494/540/434 511/558/449 495/541/435
f 495/541/435 511/558/449 512/559/450
f 495/541/435 512/559/450 496/542/436
f 496/542/436 512/559/450 513/560/451
f 496/542/436 513/560/451 497/543/437
f 497/543/437 513/560/451 498/561/2
f 497/543/437 498/561/2 482/544/2
f 498/545/2 514/562/2 515/563/452
f 498/545/2 515/563/452 499/546/438
f 499/546/438 515/563/452 516/564/453
f 499/546/438 516/564/453 500/547/439
f 500/547/439 516/564/453 517/565/454
f 500/547/439 517/565/454 501/548/440
f 501/548/440 517/565/454 518/566/455
f 501/548/440 518/566/455 502/549/441
f 502/549/441 518/566/455 519/567/456
f 502/549/441 519/567/456 503/550/442
f 503/550/442 519/567/456 520/568/457
f 503/550/442 520/568/457 504/551/443
f 504/551/443 520/568/457 521/569/458
f 504/551/443 521/569/458 505/552/444
f 505/552/444 521/569/458 522/570/17
f 505/552/444 522/570/17 506/553/17
f 506/553/17 522/570/17 523/571/459
f 506/553/17 523/571/459 507/554/445
f 507/554/445 523/571/459 524/572/460
f 507/554/445 524/572/460 508/555/446
f 508/555/446 524/572/460 525/573/461
f 508/555/446 525/573/461 509/556/447
f 509/556/447 525/573/461 526/574/462
f 509/556/447 526/574/462 510/557/448
f 510/557/448 526/574/462 527/575/463
f 510/557/448 527/575/463 511/558/449
f 511/558/449 527/575/463 528/576/464
f 511/558/449 528/576/464 512/559/450
f 512/559/450 528/576/464 529/577/465
f 512/559/450 529/577/465 513/560/451
f 513/560/451 529/577/465 514/578/2
f 513/560/451 514/578/2 498/561/2
f 514/562/2 530/579/2 531/580/466
f 514/562/2 531/580/466 515/563/452
f 515/563/452 531/580/466 532/581/467
f 515/563/452 532/581/467 516/564/453
f 516/564/453 532/581/467 533/582/468
f 516/564/453 533/582/468 517/565/454
f 517/565/454 533/582/468 534/583/469
f 517/565/454 534/583/469 518/566/455
f 518/566/455 534/583/469 535/584/470
f 518/566/455 535/584/470 519/567/456
f 519/567/456 535/584/470 536/585/471
f 519/567/456 536/585/471 520/568/457
f 520/568/457 536/585/471 537/586/472
f 520/568/457 537/586/472 521/569/458
f 521/569/458 537/586/472 538/587/17
f 521/569/458 538/587/17 522/570/17
f 522/570/17 538/587/17 539/588/473
f 522/570/17 539/588/473 523/571/459
f 523/571/459 539/588/473 540/589/474
f 523/571/459 540/589/474 524/572/460
f 524/572/460 540/589/474 541/590/475
f 524/572/460 541/590/475 525/573/461
f 525/573/461 541/590/475 542/591/476
f 525/573/461 542/591/476 526/574/462
f 526/574/462 542/591/476 543/592/477
f 526/574/462 543/592/477 527/575/463
f 527/575/463 543/592/477 544/593/478
f 527/575/463 544/593/478 528/576/464
f 528/576/464 544/593/478 545/594/479
f 528/576/464 545/594/479 529/577/465
f 529/577/465 545/594/479 530/595/2
f 529/577/465 530/595/2 514/578/2
f 530/579/2 546/596/2 547/597/480
f 530/579/2 547/597/480 531/580/466
f 531/580/466 547/597/480 548/598/481
f 531/580/466 548/598/481 532/581/467
f 532/581/467 548/598/481 549/599/482
f 532/581/467 549/599/482 533/582/468
f 533/582/468 549/599/482 550/600/483
f 533/582/468 550/600/483 534/583/469
f 534/583/469 550/600/483 551/601/484
f 534/583/469 551/601/484 535/584/470
f 535/584/470 551/601/484 552/602/485
f 535/584/470 552/602/485 536/585/471
f 536/585/471 552/602/485 553/603/486
f 536/585/471 553/603/486 537/586/472
f 537/586/472 553/603/486 554/604/17
f 537/586/472 554/604/17 538/587/17
f 538/587/17 554/604/17 555/605/487
f 538/587/17 555/605/487 539/588/473
f 539/588/473 555/605/487 556/606/488
f 539/588/473 556/606/488 540/589/474
f 540/589/474 556/606/488 557/607/489
f 540/589/474 557/607/489 541/590/475
f 541/590/475 557/607/489 558/608/490
f 541/590/475 558/608/490 542/591/476
f 542/591/476 558/608/490 559/609/491
f 542/591/476 559/609/491 543/592/477
f 543/592/477 559/609/491 560/610/492
f 543/592/477 560/610/492 544/593/478
f 544/593/478 560/610/492 561/611/493
f 544/593/478 561/611/493 545/594/479
f 545/594/479 561/611/493 546/612/2
f 545/594/479 546/612/2 530/595/2
f 546/596/2 562/613/2 563/614/494
f 546/596/2 563/614/494 547/597/480
f 547/597/480 563/614/494 564/615/495
f 547/597/480 564/615/495 548/598/481
f 548/598/481 564/615/495 565/616/496
f 548/598/481 565/616/496 549/599/482
f 549/599/482 565/616/496 566/617/497
f 549/599/482 566/617/497 550/600/483
f 550/600/483 566/617/497 567/618/498
f 550/600/483 567/618/498 551/601/484
f 551/601/484 567/618/498 568/619/499
f 551/601/484 568/619/499 552/602/485
f 552/602/485 568/619/499 569/620/500
f 552/602/485 569/620/500 553/603/486
f 553/603/486 569/620/500 570/621/17
f 553/603/486 570/621/17 554/604/17
f 554/604/17 570/621/17 571/622/501
f 554/604/17 571/622/501 555/605/487
f 555/605/487 571/622/501 572/623/502
f 555/605/487 572/623/502 556/606/488
f 556/606/488 572/623/502 573/624/503
f 556/606/488 573/624/503 557/607/489
f 557/607/489 573/624/503 574/625/504
f 557/607/489 574/625/504 558/608/490
f 558/608/490 574/625/504 575/626/505
f 558/608/490 575/626/505 559/609/491
f 559/609/491 575/626/505 576/627/506
f 559/609/491 576/627/506 560/610/492
f 560/610/492 576/627/506 577/628/507
f 560/610/492 577/628/507 561/611/493
f 561/611/493 577/628/507 562/629/2
f 561/611/493 562/629/2 546/612/2
f 562/613/2 578/630/2 579/631/508
f 562/613/2 579/631/508 563/614/494
f 563/614/494 579/631/508 580/632/509
f 563/614/494 580/632/509 564/615/495
f 564/615/495 580/632/509 581/633/510
f 564/615/495 581/633/510 565/616/496
f 565/616/496 581/633/510 582/634/511
f 565/616/496 582/634/511 566/617/497
f 566/617/497 582/634/511 583/635/512
f 566/617/497 583/635/512 567/618/498
f 567/618/498 583/635/512 584/636/513
f 567/618/498 584/636/513 568/619/499
f 568/619/499 584/636/513 585/637/514
f 568/619/499 585/637/514 569/620/500
f 569/620/500 585/637/514 586/638/17
f 569/620/500 586/638/17 570/621/17
f 570/621/17 586/638/17 587/639/515
f 570/621/17 587/639/515 571/622/501
f 571/622/501 587/639/515 588/640/516
f 571/622/501 588/640/516 572/623/502
f 572/623/502 588/640/516 589/641/517
f 572/623/502 589/641/517 573/624/503
f 573/624/503 589/641/517 590/642/518
f 573/624/503 590/642/518 574/625/504
f 574/625/504 590/642/518 591/643/519
f 574/625/504 591/643/519 575/626/505
f 575/626/505 591/643/519 592/644/520
f 575/626/505 592/644/520 576/627/506
f 576/627/506 592/644/520 593/645/521
f 576/627/506 593/645/521 577/628/507
f 577/628/507 593/645/521 578/646/2
f 577/628/507 578/646/2 562/629/2
f 578/630/2 594/647/2 595/648/522
f 578/630/2 595/648/522 579/631/508
f 579/631/508 595/648/522 596/649/523
f 579/631/508 596/649/523 580/632/509
f 580/632/509 596/649/523 597/650/524
f 580/632/509 597/650/524 581/633/510
f 581/633/510 597/650/524 598/651/525
f 581/633/510 598/651/525 582/634/511
f 582/634/511 598/651/525 599/652/526
f 582/634/511 599/652/526 583/635/512
f 583/635/512 599/652/526 600/653/527
f 583/635/512 600/653/527 584/636/513
f 584/636/513 600/653/527 601/654/528
f 584/636/513 601/654/528 585/637/514
f 585/637/514 601/654/528 602/655/17
f 585/637/514 602/655/17 586/638/17
f 586/638/17 602/655/17 603/656/529
f 586/638/17 603/656/529 587/639/515
f 587/639/515 603/656/529 604/657/530
f 587/639/515 604/657/530 588/640/516
f 588/640/516 604/657/530 605/658/531
f 588/640/516 605/658/531 589/641/517
f 589/641/517 605/658/531 606/659/532
f 589/641/517 606/659/532 590/642/518
f 590/642/518 606/659/532 607/660/533
f 590/642/518 607/660/533 591/643/519
f 591/643/519 607/660/533 608/661/534
f 591/643/519 608/661/534 592/644/520
f 592/644/520 608/661/534 609/662/535
f 592/644/520 609/662/535 593/645/521
f 593/645/521 609/662/535 594/663/2
f 593/645/521 594/663/2 578/646/2
f 594/647/2 610/664/2 611/665/536
f 594/647/2 611/665/536 595/648/522
f 595/648/522 611/665/536 612/666/537
f 595/648/522 612/666/537 596/649/523
f 596/649/523 612/666/537 613/667/538
f 596/649/523 613/667/538 597/650/524
f 597/650/524 613/667/538 614/668/539
f 597/650/524 614/668/539 598/651/525
f 598/651/525 614/668/539 615/669/540
f 598/651/525 615/669/540 599/652/526
f 599/652/526 615/669/540 616/670/541
f 599/652/526 616/670/541 600/653/527
f 600/653/527 616/670/541 617/671/542
f 600/653/527 617/671/542 601/654/528
f 601/654/528 617/671/542 618/672/17
f 601/654/528 618/672/17 602/655/17
f 602/655/17 618/672/17 619/673/543
f 602/655/17 619/673/543 603/656/529
f 603/656/529 619/673/543 620/674/544
f 603/656/529 620/674/544 604/657/530
f 604/657/530 620/674/544 621/675/545
f 604/657/530 621/675/545 605/658/531
f 605/658/531 621/675/545 622/676/546
f 605/658/531 622/676/546 606/659/532
f 606/659/532 622/676/546 623/677/547
f 606/659/532 623/677/547 607/660/533
f 607/660/533 623/677/547 624/678/548
f 607/660/533 624/678/548 608/661/534
f 608/661/534 624/678/548 625/679/549
f 608/661/534 625/679/549 609/662/535
f 609/662/535 625/679/549 610/680/2
f 609/662/535 610/680/2 594/663/2
f 610/664/2 626/681/2 627/682/550
f 610/664/2 627/682/550 611/665/536
f 611/665/536 627/682/550 628/683/551
f 611/665/536 628/683/551 612/666/537
f 612/666/537 628/683/551 629/684/552
f 612/666/537 629/684/552 613/667/538
f 613/667/538 629/684/552 630/685/553
f 613/667/538 630/685/553 614/668/539
f 614/668/539 630/685/553 631/686/554
f 614/668/539 631/686/554 615/669/540
f 615/669/540 631/686/554 632/687/555
f 615/669/540 632/687/555 616/670/541
f 616/670/541 632/687/555 633/688/556
f 616/670/541 633/688/556 617/671/542
f 617/671/542 633/688/556 634/689/17
f 617/671/542 634/689/17 618/672/17
f 618/672/17 634/689/17 635/690/557
f 618/672/17 635/690/557 619/673/543
f 619/673/543 635/690/557 636/691/558
f 619/673/543 636/691/558 620/674/544
f 620/674/544 636/691/558 637/692/559
f 620/674/544 637/692/559 621/675/545
f 621/675/545 637/692/559 638/693/560
f 621/675/545 638/693/560 622/676/546
f 622/676/546 638/693/560 639/694/561
f 622/676/546 639/694/561 623/677/547
f 623/677/547 639/694/561 640/695/562
f 623/677/547 640/695/562 624/678/548
f 624/678/548 640/695/562 641/696/563
f 624/678/548 641/696/563 625/679/549
f 625/679/549 641/696/563 626/697/2
f 625/679/549 626/697/2 610/680/2
f 626/681/2 642/698/2 643/699/564
f 626/681/2 643/699/564 627/682/550
f 627/682/550 643/699/564 644/700/565
f 627/682/550 644/700/565 628/683/551
f 628/683/551 644/700/565 645/701/566
f 628/683/551 645/701/566 629/684/552
f 629/684/552 645/701/566 646/702/567
f 629/684/552 646/702/567 630/685/553
f 630/685/553 646/702/567 647/703/568
f 630/685/553 647/703/568 631/686/554
f 631/686/554 647/703/568 648/704/569
f 631/686/554 648/704/569 632/687/555
f 632/687/555 648/704/569 649/705/570
f 632/687/555 649/705/570 633/688/556
f 633/688/556 649/705/570 650/706/17
f 633/688/556 650/706/17 634/689/17
f 634/689/17 650/706/17 651/707/571
f 634/689/17 651/707/571 635/690/557
f 635/690/557 651/707/571 652/708/572
f 635/690/557 652/708/572 636/691/558
f 636/691/558 652/708/572 653/709/573
f 636/691/558 653/709/573 637/692/559
f 637/692/559 653/709/573 654/710/574
f 637/692/559 654/710/574 638/693/560
f 638/693/560 654/710/574 655/711/575
f 638/693/560 655/711/575 639/694/561
f 639/694/561 655/711/575 656/712/576
f 639/694/561 656/712/576 640/695/562
f 640/695/562 656/712/576 657/713/577
f 640/695/562 657/713/577 641/696/563
f 641/696/563 657/713/577 642/714/2
f 641/696/563 642/714/2 626/697/2
f 642/698/2 658/715/2 659/716/578
f 642/698/2 659/716/578 643/699/564
f 643/699/564 659/716/578 660/717/579
f 643/699/564 660/717/579 644/700/565
f 644/700/565 660/717/579 661/718/580
f 644/700/565 661/718/580 645/701/566
f 645/701/566 661/718/580 662/719/581
f 645/701/566 662/719/581 646/702/567
f 646/702/567 662/719/581 663/720/582
f 646/702/567 663/720/582 647/703/568
f 647/703/568 663/720/582 664/721/583
f 647/703/568 664/721/583 648/704/569
f 648/704/569 664/721/583 665/722/584
f 648/704/569 665/722/584 649/705/570
f 649/705/570 665/722/584 666/723/17
f 649/705/570 666/723/17 650/706/17
f 650/706/17 666/723/17 667/724/585
f 650/706/17 667/724/585 651/707/571
f 651/707/571 667/724/585 668/725/586
f 651/707/571 668/725/586 652/708/572
f 652/708/572 668/725/586 669/726/587
f 652/708/572 669/726/587 653/709/573
f 653/709/573 669/726/587 670/727/588
f 653/709/573 670/727/588 654/710/574
f 654/710/574 670/727/588 671/728/589
f 654/710/574 671/728/589 655/711/575
f 655/711/575 671/728/589 672/729/590
f 655/711/575 672/729/590 656/712/576
f 656/712/576 672/729/590 673/730/591
f 656/712/576 673/730/591 657/713/577
f 657/713/577 673/730/591 658/731/2
f 657/713/577 658/731/2 642/714/2
f 658/715/2 674/732/2 675/733/592
f 658/715/2 675/733/592 659/716/578
f 659/716/578 675/733/592 676/734/593
f 659/716/578 676/734/593 660/717/579
f 660/717/579 676/734/593 677/735/594
f 660/717/579 677/735/594 661/718/580
f 661/718/580 677/735/594 678/736/595
f 661/718/580 678/736/595 662/719/581
f 662/719/581 678/736/595 679/737/596
f 662/719/581 679/737/596 663/720/582
f 663/720/582 679/737/596 680/738/597
f 663/720/582 680/738/597 664/721/583
f 664/721/583 680/738/597 681/739/598
f 664/721/583 681/739/598 665/722/584
f 665/722/584 681/739/598 682/740/17
f 665/722/584 682/740/17 666/723/17
f 666/723/17 682/740/17 683/741/599
f 666/723/17 683/741/599 667/724/585
f 667/724/585 683/741/599 684/742/600
f 667/724/585 684/742/600 668/725/586
f 668/725/586 684/742/600 685/743/601
f 668/725/586 685/743/601 669/726/587
f 669/726/587 685/743/601 686/744/602
f 669/726/587 686/744/602 670/727/588
f 670/727/588 686/744/602 687/745/603
f 670/727/588 687/745/603 671/728/589
f 671/728/589 687/745/603 688/746/604
f 671/728/589 688/746/604 672/729/590
f 672/729/590 688/746/604 689/747/605
f 672/729/590 689/747/605 673/730/591
f 673/730/591 689/747/605 674/748/2
f 673/730/591 674/748/2 658/731/2
f 674/732/2 690/749/2 691/750/606
f 674/732/2 691/750/606 675/733/592
f 675/733/592 691/750/606 692/751/607
f 675/733/592 692/751/607 676/734/593
f 676/734/593 692/751/607 693/752/608
f 676/734/593 693/752/608 677/735/594
f 677/735/594 693/752/608 694/753/609
f 677/735/594 694/753/609 678/736/595
f 678/736/595 694/753/609 695/754/610
f 678/736/595 695/754/610 679/737/596
f 679/737/596 695/754/610 696/755/611
f 679/737/596 696/755/611 680/738/597
f 680/738/597 696/755/611 697/756/612
f 680/738/597 697/756/612 681/739/598
f 681/739/598 697/756/612 698/757/17
f 681/739/598 698/757/17 682/740/17
f 682/740/17 698/757/17 699/758/613
f 682/740/17 699/758/613 683/741/599
f 683/741/599 699/758/613 700/759/614
f 683/741/599 700/759/614 684/742/600
f 684/742/600 700/759/614 701/760/615
f 684/742/600 701/760/615 685/743/601
f 685/743/601 701/760/615 702/761/616
f 685/743/601 702/761/616 686/744/602
f 686/744/602 702/761/616 703/762/617
f 686/744/602 703/762/617 687/745/603
f 687/745/603 703/762/617 704/763/618
f 687/745/603 704/763/618 688/746/604
f 688/746/604 704/763/618 705/764/619
f 688/746/604 705/764/619 689/747/605
f 689/747/605 705/764/619 690/765/2
f 689/747/605 690/765/2 674/748/2
f 690/749/2 706/766/2 707/767/620
f 690/749/2 707/767/620 691/750/606
f 691/750/606 707/767/620 708/768/621
f 691/750/606 708/768/621 692/751/607
f 692/751/607 708/768/621 709/769/622
f 692/751/607 709/769/622 693/752/608
f 693/752/608 709/769/622 710/770/623
f 693/752/608 710/770/623 694/753/609
f 694/753/609 710/770/623 711/771/624
f 694/753/609 711/771/624 695/754/610
f 695/754/610 711/771/624 712/772/625
f 695/754/610 712/772/625 696/755/611
f 696/755/611 712/772/625 713/773/626
f 696/755/611 713/773/626 697/756/612
f 697/756/612 713/773/626 714/774/17
f 697/756/612 714/774/17 698/757/17
f 698/757/17 714/774/17 715/775/627
f 698/757/17 715/775/627 699/758/613
f 699/758/613 715/775/627 716/776/628
f 699/758/613 716/776/628 700/759/614
f 700/759/614 716/776/628 717/777/629
f 700/759/614 717/777/629 701/760/615
f 701/760/615 717/777/629 718/778/630
f 701/760/615 718/778/630 702/761/616
f 702/761/616 718/778/630 719/779/631
f 702/761/616 719/779/631 703/762/617
f 703/762/617 719/779/631 720/780/632
f 703/762/617 720/780/632 704/763/618
f 704/763/618 720/780/632 721/781/633
f 704/763/618 721/781/633 705/764/619
f 705/764/619 721/781/633 706/782/2
f 705/764/619 706/782/2 690/765/2
f 706/766/2 722/783/2 723/784/634
f 706/766/2 723/784/634 707/767/620
f 707/767/620 723/784/634 724/785/635
f 707/767/620 724/785/635 708/768/621
f 708/768/621 724/785/635 725/786/636
f 708/768/621 725/786/636 709/769/622
f 709/769/622 725/786/636 726/787/637
f 709/769/622 726/787/637 710/770/623
f 710/770/623 726/787/637 727/788/638
f 710/770/623 727/788/638 711/771/624
f 711/771/624 727/788/638 728/789/639
f 711/771/624 728/789/639 712/772/625
f 712/772/625 728/789/639 729/790/640
f 712/772/625 729/790/640 713/773/626
f 713/773/626 729/790/640 730/791/17
f 713/773/626 730/791/17 714/774/17
f 714/774/17 730/791/17 731/792/641
f 714/774/17 731/792/641 715/775/627
f 715/775/627 731/792/641 732/793/642
f 715/775/627 732/793/642 716/776/628
f 716/776/628 732/793/642 733/794/643
f 716/776/628 733/794/643 717/777/629
f 717/777/629 733/794/643 734/795/644
f 717/777/629 734/795/644 718/778/630
f 718/778/630 734/795/644 735/796/645
f 718/778/630 735/796/645 719/779/631
f 719/779/631 735/796/645 736/797/646
f 719/779/631 736/797/646 720/780/632
f 720/780/632 736/797/646 737/798/647
f 720/780/632 737/798/647 721/781/633
f 721/781/633 737/798/647 722/799/2
f 721/781/633 722/799/2 706/782/2
f 722/783/2 738/800/2 739/801/648
f 722/783/2 739/801/648 723/784/634
f 723/784/634 739/801/648 740/802/649
f 723/784/634 740/802/649 724/785/635
f 724/785/635 740/802/649 741/803/650
f 724/785/635 741/803/650 725/786/636
f 725/786/636 741/803/650 742/804/651
f 725/786/636 742/804/651 726/787/637
f 726/787/637 742/804/651 743/805/652
f 726/787/637 743/805/652 727/788/638
f 727/788/638 743/805/652 744/806/653
f 727/788/638 744/806/653 728/789/639
f 728/789/639 744/806/653 745/807/654
f 728/789/639 745/807/654 729/790/640
f 729/790/640 745/807/654 746/808/17
f 729/790/640 746/808/17 730/791/17
f 730/791/17 746/808/17 747/809/655
f 730/791/17 747/809/655 731/792/641
f 731/792/641 747/809/655 748/810/656
f 731/792/641 748/810/656 732/793/642
f 732/793/642 748/810/656 749/811/657
f 732/793/642 749/811/657 733/794/643
f 733/794/643 749/811/657 750/812/658
f 733/794/643 750/812/658 734/795/644
f 734/795/644 750/812/658 751/813/659
f 734/795/644 751/813/659 735/796/645
f 735/796/645 751/813/659 752/814/660
f 735/796/645 752/814/660 736/797/646
f 736/797/646 752/814/660 753/815/661
f 736/797/646 753/815/661 737/798/647
f 737/798/647 753/815/661 738/816/2
f 737/798/647 738/816/2 722/799/2
f 738/800/2 754/817/2 755/818/662
f 738/800/2 755/818/662 739/801/648
f 739/801/648 755/818/662 756/819/663
f 739/801/648 756/819/663 740/802/649
f 740/802/649 756/819/663 757/820/664
f 740/802/649 757/820/664 741/803/650
f 741/803/650 757/820/664 758/821/665
f 741/803/650 758/821/665 742/804/651
f 742/804/651 758/821/665 759/822/666
f 742/804/651 759/822/666 743/805/652
f 743/805/652 759/822/666 760/823/667
f 743/805/652 760/823/667 744/806/653
f 744/806/653 760/823/667 761/824/668
f 744/806/653 761/824/668 745/807/654
f 745/807/654 761/824/668 762/825/17
f 745/807/654 762/825/17 746/808/17
f 746/808/17 762/825/17 763/826/669
f 746/808/17 763/826/669 747/809/655
f 747/809/655 763/826/669 764/827/670
f 747/809/655 764/827/670 748/810/656
f 748/810/656 764/827/670 765/828/671
f 748/810/656 765/828/671 749/811/657
f 749/811/657 765/828/671 766/829/672
f 749/811/657 766/829/672 750/812/658
f 750/812/658 766/829/672 767/830/673
f 750/812/658 767/830/673 751/813/659
f 751/813/659 767/830/673 768/831/674
f 751/813/659 768/831/674 752/814/660
f 752/814/660 768/831/674 769/832/675
f 752/814/660 769/832/675 753/815/661
f 753/815/661 769/832/675 754/833/2
f 753/815/661 754/833/2 738/816/2
f 754/817/2 770/834/2 771/835/676
f 754/817/2 771/835/676 755/818/662
f 755/818/662 771/835/676 772/836/677
f 755/818/662 772/836/677 756/819/663
f 756/819/663 772/836/677 773/837/678
f 756/819/663 773/837/678 757/820/664
f 757/820/664 773/837/678 774/838/679
f 757/820/664 774/838/679 758/821/665
f 758/821/665 774/838/679 775/839/680
f 758/821/665 775/839/680 759/822/666
f 759/822/666 775/839/680 776/840/681
f 759/822/666 776/840/681 760/823/667
f 760/823/667 776/840/681 777/841/682
f 760/823/667 777/841/682 761/824/668
f 761/824/668 777/841/682 778/842/17
f 761/824/668 778/842/17 762/825/17
f 762/825/17 778/842/17 779/843/683
f 762/825/17 779/843/683 763/826/669
f 763/826/669 779/843/683 780/844/684
f 763/826/669 780/844/684 764/827/670
f 764/827/670 780/844/684 781/845/685
f 764/827/670 781/845/685 765/828/671
f 765/828/671 781/845/685 782/846/686
f 765/828/671 782/846/686 766/829/672
f 766/829/672 782/846/686 783/847/687
f 766/829/672 783/847/687 767/830/673
f 767/830/673 783/847/687 784/848/688
f 767/830/673 784/848/688 768/831/674
f 768/831/674 784/848/688 785/849/689
f 768/831/674 785/849/689 769/832/675
f 769/832/675 785/849/689 770/850/2
f 769/832/675 770/850/2 754/833/2
f 770/834/2 786/851/2 787/852/690
f 770/834/2 787/852/690 771/835/676
f 771/835/676 787/852/690 788/853/691
f 771/835/676 788/853/691 772/836/677
f 772/836/677 788/853/691 789/854/692
f 772/836/677 789/854/692 773/837/678
f 773/837/678 789/854/692 790/855/693
f 773/837/678 790/855/693 774/838/679
f 774/838/679 790/855/693 791/856/694
f 774/838/679 791/856/694 775/839/680
f 775/839/680 791/856/694 792/857/695
f 775/839/680 792/857/695 776/840/681
f 776/840/681 792/857/695 793/858/696
f 776/840/681 793/858/696 777/841/682
f 777/841/682 793/858/696 794/859/17
f 777/841/682 794/859/17 778/842/17
f 778/842/17 794/859/17 795/860/697
f 778/842/17 795/860/697 779/843/683
f 779/843/683 795/860/697 796/861/698
f 779/843/683 796/861/698 780/844/684
f 780/844/684 796/861/698 797/862/699
f 780/844/684 797/862/699 781/845/685
f 781/845/685 797/862/699 798/863/700
f 781/845/685 798/863/700 782/846/686
f 782/846/686 798/863/700 799/864/701
f 782/846/686 799/864/701 783/847/687
f 783/847/687 799/864/701 800/865/702
f 783/847/687 800/865/702 784/848/688
f 784/848/688 800/865/702 801/866/703
f 784/848/688 801/866/703 785/849/689
f 785/849/689 801/866/703 786/867/2
f 785/849/689 786/867/2 770/850/2
f 802/1/704 787/3/704 786/2/704
f 802/1/704 788/4/704 787/3/704
f 802/1/704 789/5/704 788/4/704
f 802/1/704 790/6/704 789/5/704
f 802/1/704 791/7/704 790/6/704
f 802/1/704 792/8/704 791/7/704
f 802/1/704 793/9/704 792/8/704
f 802/1/704 794/10/704 793/9/704
f 802/1/704 795/11/704 794/10/704
f 802/1/704 796/12/704 795/11/704
f 802/1/704 797/13/704 796/12/704
f 802/1/704 798/14/704 797/13/704
f 802/1/704 799/15/704 798/14/704
f 802/1/704 800/16/704 799/15/704
f 802/1/704 801/17/704 800/16/704
f 802/1/704 786/2/704 801/17/704
