# Procedurally generated by dev-env-utils/scripts/gen_mast_arm_curves.py
# inventory icon: whole sweep fitted to one block
mtllib mastarmcurve.mtl
o mastarm_5x1_inv
v 0.500000 0.402960 0.982607
v 0.559432 0.395828 1.000000
v 0.554803 0.423121 0.993657
v 0.541842 0.448907 0.981373
v 0.522603 0.466694 0.971394
v 0.500000 0.472985 0.967690
v 0.477397 0.466694 0.971394
v 0.458158 0.448907 0.981373
v 0.445197 0.423121 0.993657
v 0.440568 0.395828 1.000000
v 0.445073 0.373741 0.993808
v 0.457987 0.358037 0.981499
v 0.477277 0.348342 0.971434
v 0.500000 0.345029 0.967690
v 0.522723 0.348342 0.971434
v 0.542013 0.358037 0.981499
v 0.554927 0.373741 0.993808
v 0.559013 0.418856 0.944085
v 0.554520 0.439824 0.952472
v 0.541728 0.457600 0.959582
v 0.522583 0.469477 0.964333
v 0.500000 0.473648 0.966001
v 0.477417 0.469477 0.964333
v 0.458272 0.457600 0.959582
v 0.445480 0.439824 0.952472
v 0.440987 0.418856 0.944085
v 0.445480 0.397888 0.935698
v 0.458272 0.380113 0.928587
v 0.477417 0.368235 0.923836
v 0.500000 0.364065 0.922168
v 0.522583 0.368235 0.923836
v 0.541728 0.380113 0.928587
v 0.554520 0.397888 0.935698
v 0.557271 0.425098 0.928348
v 0.552912 0.445494 0.936370
v 0.540497 0.462785 0.943171
v 0.521917 0.474338 0.947716
v 0.500000 0.478395 0.949312
v 0.478083 0.474338 0.947716
v 0.459503 0.462785 0.943171
v 0.447088 0.445494 0.936370
v 0.442729 0.425098 0.928348
v 0.447088 0.404703 0.920326
v 0.459503 0.387412 0.913525
v 0.478083 0.375859 0.908980
v 0.500000 0.371802 0.907385
v 0.521917 0.375859 0.908980
v 0.540497 0.387412 0.913525
v 0.552912 0.404703 0.920326
v 0.555801 0.431236 0.912611
v 0.551554 0.451153 0.920313
v 0.539458 0.468038 0.926842
v 0.521354 0.479320 0.931204
v 0.500000 0.483282 0.932736
v 0.478646 0.479320 0.931204
v 0.460542 0.468038 0.926842
v 0.448446 0.451153 0.920313
v 0.444199 0.431236 0.912611
v 0.448446 0.411319 0.904910
v 0.460542 0.394434 0.898381
v 0.478646 0.383151 0.894019
v 0.500000 0.379190 0.892487
v 0.521354 0.383151 0.894019
v 0.539458 0.394434 0.898381
v 0.551554 0.411319 0.904910
v 0.554646 0.437268 0.896875
v 0.550486 0.456816 0.904303
v 0.538640 0.473389 0.910600
v 0.520912 0.484462 0.914808
v 0.500000 0.488350 0.916286
v 0.479088 0.484462 0.914808
v 0.461360 0.473389 0.910600
v 0.449514 0.456816 0.904303
v 0.445354 0.437268 0.896875
v 0.449514 0.417720 0.889446
v 0.461360 0.401148 0.883149
v 0.479088 0.390075 0.878941
v 0.500000 0.386186 0.877464
v 0.520912 0.390075 0.878941
v 0.538640 0.401148 0.883149
v 0.550486 0.417720 0.889446
v 0.553893 0.443196 0.881138
v 0.549790 0.462517 0.888351
v 0.538108 0.478897 0.894466
v 0.520624 0.489841 0.898552
v 0.500000 0.493685 0.899987
v 0.479376 0.489841 0.898552
v 0.461892 0.478897 0.894466
v 0.450210 0.462517 0.888351
v 0.446107 0.443196 0.881138
v 0.450210 0.423874 0.873925
v 0.461892 0.407495 0.867810
v 0.479376 0.396550 0.863724
v 0.500000 0.392707 0.862289
v 0.520624 0.396550 0.863724
v 0.538108 0.407495 0.867810
v 0.549790 0.423874 0.873925
v 0.553701 0.449018 0.865401
v 0.549614 0.468313 0.872476
v 0.537973 0.484670 0.878474
v 0.520551 0.495599 0.882481
v 0.500000 0.499437 0.883888
v 0.479449 0.495599 0.882481
v 0.462027 0.484670 0.878474
v 0.450386 0.468313 0.872476
v 0.446299 0.449018 0.865401
v 0.450386 0.429724 0.858327
v 0.462027 0.413367 0.852329
v 0.479449 0.402437 0.848322
v 0.500000 0.398599 0.846914
v 0.520551 0.402437 0.848322
v 0.537973 0.413367 0.852329
v 0.549614 0.429724 0.858327
v 0.553583 0.454736 0.849665
v 0.549505 0.474029 0.856610
v 0.537889 0.490385 0.862499
v 0.520505 0.501314 0.866433
v 0.500000 0.505152 0.867814
v 0.479495 0.501314 0.866433
v 0.462111 0.490385 0.862499
v 0.450495 0.474029 0.856610
v 0.446417 0.454736 0.849665
v 0.450495 0.435443 0.842719
v 0.462111 0.419086 0.836831
v 0.479495 0.408158 0.832897
v 0.500000 0.404320 0.831515
v 0.520505 0.408158 0.832897
v 0.537889 0.419086 0.836831
v 0.549505 0.435443 0.842719
v 0.553465 0.460349 0.833928
v 0.549396 0.479640 0.840744
v 0.537806 0.495995 0.846523
v 0.520460 0.506922 0.850384
v 0.500000 0.510760 0.851740
v 0.479540 0.506922 0.850384
v 0.462194 0.495995 0.846523
v 0.450604 0.479640 0.840744
v 0.446535 0.460349 0.833928
v 0.450604 0.441057 0.827112
v 0.462194 0.424703 0.821333
v 0.479540 0.413775 0.817472
v 0.500000 0.409938 0.816116
v 0.520460 0.413775 0.817472
v 0.537806 0.424703 0.821333
v 0.549396 0.441057 0.827112
v 0.553347 0.465856 0.818191
v 0.549287 0.485145 0.824878
v 0.537722 0.501498 0.830547
v 0.520415 0.512424 0.834335
v 0.500000 0.516261 0.835665
v 0.479585 0.512424 0.834335
v 0.462278 0.501498 0.830547
v 0.450713 0.485145 0.824878
v 0.446653 0.465856 0.818191
v 0.450713 0.446567 0.811505
v 0.462278 0.430215 0.805836
v 0.479585 0.419289 0.802048
v 0.500000 0.415452 0.800718
v 0.520415 0.419289 0.802048
v 0.537722 0.430215 0.805836
v 0.549287 0.446567 0.811505
v 0.553229 0.471259 0.802455
v 0.549177 0.490545 0.809012
v 0.537639 0.506895 0.814571
v 0.520370 0.517819 0.818285
v 0.500000 0.521655 0.819589
v 0.479630 0.517819 0.818285
v 0.462361 0.506895 0.814571
v 0.450823 0.490545 0.809012
v 0.446771 0.471259 0.802455
v 0.450823 0.451974 0.795898
v 0.462361 0.435624 0.790339
v 0.479630 0.424700 0.786624
v 0.500000 0.420863 0.785320
v 0.520370 0.424700 0.786624
v 0.537639 0.435624 0.790339
v 0.549177 0.451974 0.795898
v 0.553111 0.476557 0.786718
v 0.549068 0.495839 0.793145
v 0.537555 0.512186 0.798594
v 0.520325 0.523108 0.802235
v 0.500000 0.526943 0.803513
v 0.479675 0.523108 0.802235
v 0.462445 0.512186 0.798594
v 0.450932 0.495839 0.793145
v 0.446889 0.476557 0.786718
v 0.450932 0.457276 0.780291
v 0.462445 0.440929 0.774842
v 0.479675 0.430007 0.771201
v 0.500000 0.426172 0.769923
v 0.520325 0.430007 0.771201
v 0.537555 0.440929 0.774842
v 0.549068 0.457276 0.780291
v 0.552993 0.481751 0.770981
v 0.548959 0.501028 0.777279
v 0.537472 0.517370 0.782617
v 0.520280 0.528290 0.786184
v 0.500000 0.532124 0.787437
v 0.479720 0.528290 0.786184
v 0.462528 0.517370 0.782617
v 0.451041 0.501028 0.777279
v 0.447007 0.481751 0.770981
v 0.451041 0.462473 0.764684
v 0.462528 0.446131 0.759346
v 0.479720 0.435211 0.755779
v 0.500000 0.431377 0.754526
v 0.520280 0.435211 0.755779
v 0.537472 0.446131 0.759346
v 0.548959 0.462473 0.764684
v 0.552875 0.486839 0.755245
v 0.548850 0.506110 0.761412
v 0.537388 0.522448 0.766640
v 0.520234 0.533365 0.770133
v 0.500000 0.537198 0.771360
v 0.479766 0.533365 0.770133
v 0.462612 0.522448 0.766640
v 0.451150 0.506110 0.761412
v 0.447125 0.486839 0.755245
v 0.451150 0.467567 0.749078
v 0.462612 0.451229 0.743850
v 0.479766 0.440312 0.740356
v 0.500000 0.436479 0.739130
v 0.520234 0.440312 0.740356
v 0.537388 0.451229 0.743850
v 0.548850 0.467567 0.749078
v 0.552757 0.491822 0.739508
v 0.548741 0.511088 0.745545
v 0.537305 0.527420 0.750662
v 0.520189 0.538334 0.754082
v 0.500000 0.542166 0.755282
v 0.479811 0.538334 0.754082
v 0.462695 0.527420 0.750662
v 0.451259 0.511088 0.745545
v 0.447243 0.491822 0.739508
v 0.451259 0.472556 0.733471
v 0.462695 0.456224 0.728354
v 0.479811 0.445310 0.724934
v 0.500000 0.441478 0.723734
v 0.520189 0.445310 0.724934
v 0.537305 0.456224 0.728354
v 0.548741 0.472556 0.733471
v 0.552639 0.496700 0.723771
v 0.548632 0.515959 0.729677
v 0.537222 0.532286 0.734684
v 0.520144 0.543195 0.738030
v 0.500000 0.547026 0.739205
v 0.479856 0.543195 0.738030
v 0.462778 0.532286 0.734684
v 0.451368 0.515959 0.729677
v 0.447361 0.496700 0.723771
v 0.451368 0.477441 0.717865
v 0.462778 0.461115 0.712858
v 0.479856 0.450205 0.709513
v 0.500000 0.446374 0.708338
v 0.520144 0.450205 0.709513
v 0.537222 0.461115 0.712858
v 0.548632 0.477441 0.717865
v 0.552521 0.501474 0.708035
v 0.548523 0.520725 0.713810
v 0.537138 0.537046 0.718706
v 0.520099 0.547951 0.721978
v 0.500000 0.551780 0.723126
v 0.479901 0.547951 0.721978
v 0.462862 0.537046 0.718706
v 0.451477 0.520725 0.713810
v 0.447479 0.501474 0.708035
v 0.451477 0.482222 0.702259
v 0.462862 0.465902 0.697363
v 0.479901 0.454997 0.694092
v 0.500000 0.451168 0.692943
v 0.520099 0.454997 0.694092
v 0.537138 0.465902 0.697363
v 0.548523 0.482222 0.702259
v 0.552403 0.506142 0.692298
v 0.548414 0.525385 0.697943
v 0.537055 0.541699 0.702728
v 0.520054 0.552599 0.705925
v 0.500000 0.556427 0.707048
v 0.479946 0.552599 0.705925
v 0.462945 0.541699 0.702728
v 0.451586 0.525385 0.697943
v 0.447597 0.506142 0.692298
v 0.451586 0.486899 0.686653
v 0.462945 0.470586 0.681868
v 0.479946 0.459686 0.678671
v 0.500000 0.455858 0.677548
v 0.520054 0.459686 0.678671
v 0.537055 0.470586 0.681868
v 0.548414 0.486899 0.686653
v 0.552285 0.510706 0.676561
v 0.548305 0.529940 0.682075
v 0.536971 0.546246 0.686749
v 0.520009 0.557141 0.689873
v 0.500000 0.560967 0.690969
v 0.479991 0.557141 0.689873
v 0.463029 0.546246 0.686749
v 0.451695 0.529940 0.682075
v 0.447715 0.510706 0.676561
v 0.451695 0.491472 0.671048
v 0.463029 0.475166 0.666373
v 0.479991 0.464271 0.663250
v 0.500000 0.460445 0.662153
v 0.520009 0.464271 0.663250
v 0.536971 0.475166 0.666373
v 0.548305 0.491472 0.671048
v 0.552217 0.513276 0.667535
v 0.548243 0.532505 0.672973
v 0.536923 0.548806 0.677584
v 0.519983 0.559698 0.680665
v 0.500000 0.563523 0.681747
v 0.480017 0.559698 0.680665
v 0.463077 0.548806 0.677584
v 0.451757 0.532505 0.672973
v 0.447783 0.513276 0.667535
v 0.451757 0.494048 0.662096
v 0.463077 0.477747 0.657486
v 0.480017 0.466855 0.654405
v 0.500000 0.463030 0.653323
v 0.519983 0.466855 0.654405
v 0.536923 0.477747 0.657486
v 0.548243 0.494048 0.662096
v 0.552167 0.515165 0.660825
v 0.548196 0.534389 0.666207
v 0.536888 0.550686 0.670771
v 0.519963 0.561576 0.673820
v 0.500000 0.565400 0.674890
v 0.480037 0.561576 0.673820
v 0.463112 0.550686 0.670771
v 0.451804 0.534389 0.666207
v 0.447833 0.515165 0.660825
v 0.451804 0.495941 0.655442
v 0.463112 0.479643 0.650879
v 0.480037 0.468754 0.647830
v 0.500000 0.464930 0.646759
v 0.519963 0.468754 0.647830
v 0.536888 0.479643 0.650879
v 0.548196 0.495941 0.655442
v 0.552049 0.519519 0.645088
v 0.548087 0.538732 0.650340
v 0.536804 0.555020 0.654792
v 0.519918 0.565904 0.657767
v 0.500000 0.569726 0.658811
v 0.480082 0.565904 0.657767
v 0.463196 0.555020 0.654792
v 0.451913 0.538732 0.650340
v 0.447951 0.519519 0.645088
v 0.451913 0.500305 0.639836
v 0.463196 0.484017 0.635384
v 0.480082 0.473133 0.632409
v 0.500000 0.469311 0.631365
v 0.519918 0.473133 0.632409
v 0.536804 0.484017 0.635384
v 0.548087 0.500305 0.639836
v 0.551931 0.523767 0.629351
v 0.547978 0.542970 0.634472
v 0.536721 0.559248 0.638813
v 0.519873 0.570125 0.641713
v 0.500000 0.573945 0.642732
v 0.480127 0.570125 0.641713
v 0.463279 0.559248 0.638813
v 0.452022 0.542970 0.634472
v 0.448069 0.523767 0.629351
v 0.452022 0.504565 0.624231
v 0.463279 0.488287 0.619890
v 0.480127 0.477409 0.616989
v 0.500000 0.473590 0.615971
v 0.519873 0.477409 0.616989
v 0.536721 0.488287 0.619890
v 0.547978 0.504565 0.624231
v 0.551813 0.527911 0.613615
v 0.547869 0.547101 0.618604
v 0.536637 0.563370 0.622834
v 0.519828 0.574240 0.625660
v 0.500000 0.578057 0.626653
v 0.480172 0.574240 0.625660
v 0.463363 0.563370 0.622834
v 0.452131 0.547101 0.618604
v 0.448187 0.527911 0.613615
v 0.452131 0.508721 0.608625
v 0.463363 0.492453 0.604395
v 0.480172 0.481583 0.601569
v 0.500000 0.477766 0.600577
v 0.519828 0.481583 0.601569
v 0.536637 0.492453 0.604395
v 0.547869 0.508721 0.608625
v 0.551695 0.531950 0.597878
v 0.547760 0.551127 0.602736
v 0.536554 0.567385 0.606855
v 0.519783 0.578248 0.609607
v 0.500000 0.582062 0.610573
v 0.480217 0.578248 0.609607
v 0.463446 0.567385 0.606855
v 0.452240 0.551127 0.602736
v 0.448305 0.531950 0.597878
v 0.452240 0.512773 0.593020
v 0.463446 0.496516 0.588901
v 0.480217 0.485653 0.586149
v 0.500000 0.481839 0.585183
v 0.519783 0.485653 0.586149
v 0.536554 0.496516 0.588901
v 0.547760 0.512773 0.593020
v 0.551577 0.535885 0.582141
v 0.547651 0.555048 0.586868
v 0.536470 0.571294 0.590876
v 0.519738 0.582149 0.593553
v 0.500000 0.585961 0.594493
v 0.480262 0.582149 0.593553
v 0.463530 0.571294 0.590876
v 0.452349 0.555048 0.586868
v 0.448423 0.535885 0.582141
v 0.452349 0.516721 0.577414
v 0.463530 0.500476 0.573407
v 0.480262 0.489620 0.570729
v 0.500000 0.485809 0.569789
v 0.519738 0.489620 0.570729
v 0.536470 0.500476 0.573407
v 0.547651 0.516721 0.577414
v 0.551459 0.539714 0.566405
v 0.547542 0.558863 0.571000
v 0.536387 0.575096 0.574896
v 0.519692 0.585943 0.577500
v 0.500000 0.589752 0.578414
v 0.480308 0.585943 0.577500
v 0.463613 0.575096 0.574896
v 0.452458 0.558863 0.571000
v 0.448541 0.539714 0.566405
v 0.452458 0.520565 0.561809
v 0.463613 0.504332 0.557913
v 0.480308 0.493485 0.555310
v 0.500000 0.489676 0.554395
v 0.519692 0.493485 0.555310
v 0.536387 0.504332 0.557913
v 0.547542 0.520565 0.561809
v 0.551341 0.543438 0.550668
v 0.547433 0.562572 0.555132
v 0.536303 0.578792 0.558917
v 0.519647 0.589630 0.561446
v 0.500000 0.593436 0.562334
v 0.480353 0.589630 0.561446
v 0.463697 0.578792 0.558917
v 0.452567 0.562572 0.555132
v 0.448659 0.543438 0.550668
v 0.452567 0.524305 0.546203
v 0.463697 0.508084 0.542419
v 0.480353 0.497246 0.539890
v 0.500000 0.493440 0.539002
v 0.519647 0.497246 0.539890
v 0.536303 0.508084 0.542419
v 0.547433 0.524305 0.546203
v 0.551223 0.547058 0.534931
v 0.547324 0.566175 0.539264
v 0.536220 0.582382 0.542938
v 0.519602 0.593211 0.545393
v 0.500000 0.597013 0.546255
v 0.480398 0.593211 0.545393
v 0.463780 0.582382 0.542938
v 0.452676 0.566175 0.539264
v 0.448777 0.547058 0.534931
v 0.452676 0.527940 0.530598
v 0.463780 0.511734 0.526924
v 0.480398 0.500905 0.524470
v 0.500000 0.497102 0.523608
v 0.519602 0.500905 0.524470
v 0.536220 0.511734 0.526924
v 0.547324 0.527940 0.530598
v 0.551105 0.550572 0.519195
v 0.547215 0.569672 0.523397
v 0.536137 0.585865 0.526959
v 0.519557 0.596684 0.529339
v 0.500000 0.600483 0.530175
v 0.480443 0.596684 0.529339
v 0.463863 0.585865 0.526959
v 0.452785 0.569672 0.523397
v 0.448895 0.550572 0.519195
v 0.452785 0.531472 0.514993
v 0.463863 0.515280 0.511430
v 0.480443 0.504460 0.509050
v 0.500000 0.500661 0.508214
v 0.519557 0.504460 0.509050
v 0.536137 0.515280 0.511430
v 0.547215 0.531472 0.514993
v 0.550987 0.553982 0.503458
v 0.547106 0.573064 0.507529
v 0.536053 0.589242 0.510980
v 0.519512 0.600051 0.513286
v 0.500000 0.603847 0.514096
v 0.480488 0.600051 0.513286
v 0.463947 0.589242 0.510980
v 0.452894 0.573064 0.507529
v 0.449013 0.553982 0.503458
v 0.452894 0.534899 0.499387
v 0.463947 0.518722 0.495936
v 0.480488 0.507913 0.493630
v 0.500000 0.504117 0.492820
v 0.519512 0.507913 0.493630
v 0.536053 0.518722 0.495936
v 0.547106 0.534899 0.499387
v 0.550869 0.557287 0.487721
v 0.546997 0.576350 0.491661
v 0.535970 0.592512 0.495001
v 0.519467 0.603311 0.497233
v 0.500000 0.607103 0.498017
v 0.480533 0.603311 0.497233
v 0.464030 0.592512 0.495001
v 0.453003 0.576350 0.491661
v 0.449131 0.557287 0.487721
v 0.453003 0.538223 0.483781
v 0.464030 0.522061 0.480441
v 0.480533 0.511262 0.478210
v 0.500000 0.507470 0.477426
v 0.519467 0.511262 0.478210
v 0.535970 0.522061 0.480441
v 0.546997 0.538223 0.483781
v 0.550751 0.560486 0.471985
v 0.546888 0.579531 0.475793
v 0.535886 0.595676 0.479022
v 0.519421 0.606463 0.481180
v 0.500000 0.610252 0.481938
v 0.480579 0.606463 0.481180
v 0.464114 0.595676 0.479022
v 0.453112 0.579531 0.475793
v 0.449249 0.560486 0.471985
v 0.453112 0.541442 0.468176
v 0.464114 0.525297 0.464947
v 0.480579 0.514509 0.462789
v 0.500000 0.510721 0.462031
v 0.519421 0.514509 0.462789
v 0.535886 0.525297 0.464947
v 0.546888 0.541442 0.468176
v 0.550633 0.563581 0.456248
v 0.546779 0.582605 0.459926
v 0.535803 0.598733 0.463044
v 0.519376 0.609509 0.465127
v 0.500000 0.613293 0.465859
v 0.480624 0.609509 0.465127
v 0.464197 0.598733 0.463044
v 0.453221 0.582605 0.459926
v 0.449367 0.563581 0.456248
v 0.453221 0.544557 0.452570
v 0.464197 0.528429 0.449452
v 0.480624 0.517653 0.447368
v 0.500000 0.513869 0.446637
v 0.519376 0.517653 0.447368
v 0.535803 0.528429 0.449452
v 0.546779 0.544557 0.452570
v 0.550515 0.566571 0.440511
v 0.546670 0.585574 0.444058
v 0.535719 0.601684 0.447066
v 0.519331 0.612448 0.449075
v 0.500000 0.616228 0.449781
v 0.480669 0.612448 0.449075
v 0.464281 0.601684 0.447066
v 0.453330 0.585574 0.444058
v 0.449485 0.566571 0.440511
v 0.453330 0.547568 0.436964
v 0.464281 0.531458 0.433957
v 0.480669 0.520694 0.431947
v 0.500000 0.516914 0.431242
v 0.519331 0.520694 0.431947
v 0.535719 0.531458 0.433957
v 0.546670 0.547568 0.436964
v 0.550397 0.569456 0.424775
v 0.546560 0.588437 0.428191
v 0.535636 0.604528 0.431088
v 0.519286 0.615280 0.433023
v 0.500000 0.619056 0.433702
v 0.480714 0.615280 0.433023
v 0.464364 0.604528 0.431088
v 0.453440 0.588437 0.428191
v 0.449603 0.569456 0.424775
v 0.453440 0.550475 0.421358
v 0.464364 0.534384 0.418462
v 0.480714 0.523632 0.416526
v 0.500000 0.519857 0.415847
v 0.519286 0.523632 0.416526
v 0.535636 0.534384 0.418462
v 0.546560 0.550475 0.421358
v 0.550279 0.572236 0.409038
v 0.546451 0.591195 0.412324
v 0.535552 0.607266 0.415110
v 0.519241 0.618005 0.416971
v 0.500000 0.621776 0.417625
v 0.480759 0.618005 0.416971
v 0.464448 0.607266 0.415110
v 0.453549 0.591195 0.412324
v 0.449721 0.572236 0.409038
v 0.453549 0.553278 0.405752
v 0.464448 0.537206 0.402966
v 0.480759 0.526467 0.401105
v 0.500000 0.522696 0.400451
v 0.519241 0.526467 0.401105
v 0.535552 0.537206 0.402966
v 0.546451 0.553278 0.405752
v 0.550161 0.574912 0.393301
v 0.546342 0.593846 0.396457
v 0.535469 0.609898 0.399132
v 0.519196 0.620623 0.400920
v 0.500000 0.624390 0.401548
v 0.480804 0.620623 0.400920
v 0.464531 0.609898 0.399132
v 0.453658 0.593846 0.396457
v 0.449839 0.574912 0.393301
v 0.453658 0.555977 0.390145
v 0.464531 0.539925 0.387470
v 0.480804 0.529200 0.385683
v 0.500000 0.525433 0.385055
v 0.519196 0.529200 0.385683
v 0.535469 0.539925 0.387470
v 0.546342 0.555977 0.390145
v 0.550043 0.577482 0.377565
v 0.546233 0.596392 0.380590
v 0.535385 0.612423 0.383155
v 0.519150 0.623135 0.384869
v 0.500000 0.626896 0.385471
v 0.480850 0.623135 0.384869
v 0.464615 0.612423 0.383155
v 0.453767 0.596392 0.380590
v 0.449957 0.577482 0.377565
v 0.453767 0.558572 0.374539
v 0.464615 0.542541 0.371974
v 0.480850 0.531829 0.370260
v 0.500000 0.528068 0.369658
v 0.519150 0.531829 0.370260
v 0.535385 0.542541 0.371974
v 0.546233 0.558572 0.374539
v 0.549925 0.579947 0.361828
v 0.546124 0.598832 0.364723
v 0.535302 0.614842 0.367178
v 0.519105 0.625539 0.368819
v 0.500000 0.629295 0.369394
v 0.480895 0.625539 0.368819
v 0.464698 0.614842 0.367178
v 0.453876 0.598832 0.364723
v 0.450075 0.579947 0.361828
v 0.453876 0.561063 0.358932
v 0.464698 0.545053 0.356477
v 0.480895 0.534356 0.354837
v 0.500000 0.530599 0.354261
v 0.519105 0.534356 0.354837
v 0.535302 0.545053 0.356477
v 0.546124 0.561063 0.358932
v 0.549807 0.582308 0.346091
v 0.546015 0.601166 0.348857
v 0.535219 0.617154 0.351202
v 0.519060 0.627836 0.352769
v 0.500000 0.631587 0.353319
v 0.480940 0.627836 0.352769
v 0.464781 0.617154 0.351202
v 0.453985 0.601166 0.348857
v 0.450193 0.582308 0.346091
v 0.453985 0.563449 0.343325
v 0.464781 0.547462 0.340980
v 0.480940 0.536780 0.339414
v 0.500000 0.533028 0.338864
v 0.519060 0.536780 0.339414
v 0.535219 0.547462 0.340980
v 0.546015 0.563449 0.343325
v 0.549689 0.584563 0.330354
v 0.545906 0.603395 0.332991
v 0.535135 0.619359 0.335226
v 0.519015 0.630026 0.336719
v 0.500000 0.633772 0.337244
v 0.480985 0.630026 0.336719
v 0.464865 0.619359 0.335226
v 0.454094 0.603395 0.332991
v 0.450311 0.584563 0.330354
v 0.454094 0.565732 0.327718
v 0.464865 0.549768 0.325483
v 0.480985 0.539101 0.323990
v 0.500000 0.535355 0.323465
v 0.519015 0.539101 0.323990
v 0.535135 0.549768 0.325483
v 0.545906 0.565732 0.327718
v 0.549571 0.586714 0.314618
v 0.545797 0.605518 0.317125
v 0.535052 0.621458 0.319250
v 0.518970 0.632110 0.320671
v 0.500000 0.635850 0.321169
v 0.481030 0.632110 0.320671
v 0.464948 0.621458 0.319250
v 0.454203 0.605518 0.317125
v 0.450429 0.586714 0.314618
v 0.454203 0.567911 0.312111
v 0.464948 0.551970 0.309985
v 0.481030 0.541319 0.308565
v 0.500000 0.537578 0.308066
v 0.518970 0.541319 0.308565
v 0.535052 0.551970 0.309985
v 0.545797 0.567911 0.312111
v 0.549452 0.588760 0.298881
v 0.545688 0.607535 0.301259
v 0.534968 0.623451 0.303275
v 0.518925 0.634086 0.304622
v 0.500000 0.637820 0.305095
v 0.481075 0.634086 0.304622
v 0.465032 0.623451 0.303275
v 0.454312 0.607535 0.301259
v 0.450548 0.588760 0.298881
v 0.454312 0.569985 0.296503
v 0.465032 0.554069 0.294487
v 0.481075 0.543434 0.293140
v 0.500000 0.539699 0.292667
v 0.518925 0.543434 0.293140
v 0.534968 0.554069 0.294487
v 0.545688 0.569985 0.296503
v 0.549334 0.590701 0.283144
v 0.545579 0.609446 0.285394
v 0.534885 0.625337 0.287301
v 0.518879 0.635955 0.288575
v 0.500000 0.639684 0.289022
v 0.481121 0.635955 0.288575
v 0.465115 0.625337 0.287301
v 0.454421 0.609446 0.285394
v 0.450666 0.590701 0.283144
v 0.454421 0.571956 0.280895
v 0.465115 0.556064 0.278988
v 0.481121 0.545446 0.277714
v 0.500000 0.541718 0.277266
v 0.518879 0.545446 0.277714
v 0.534885 0.556064 0.278988
v 0.545579 0.571956 0.280895
v 0.549216 0.592537 0.267408
v 0.545470 0.611251 0.269529
v 0.534801 0.627117 0.271327
v 0.518834 0.637718 0.272528
v 0.500000 0.641440 0.272950
v 0.481166 0.637718 0.272528
v 0.465199 0.627117 0.271327
v 0.454530 0.611251 0.269529
v 0.450784 0.592537 0.267408
v 0.454530 0.573822 0.265287
v 0.465199 0.557957 0.263489
v 0.481166 0.547356 0.262287
v 0.500000 0.543633 0.261865
v 0.518834 0.547356 0.262287
v 0.534801 0.557957 0.263489
v 0.545470 0.573822 0.265287
v 0.549098 0.594268 0.251671
v 0.545361 0.612951 0.253664
v 0.534718 0.628790 0.255353
v 0.518789 0.639373 0.256482
v 0.500000 0.643089 0.256879
v 0.481211 0.639373 0.256482
v 0.465282 0.628790 0.255353
v 0.454639 0.612951 0.253664
v 0.450902 0.594268 0.251671
v 0.454639 0.575585 0.249678
v 0.465282 0.559746 0.247989
v 0.481211 0.549163 0.246860
v 0.500000 0.545446 0.246463
v 0.518789 0.549163 0.246860
v 0.534718 0.559746 0.247989
v 0.545361 0.575585 0.249678
v 0.548980 0.595894 0.235934
v 0.545252 0.614545 0.237800
v 0.534634 0.630356 0.239381
v 0.518744 0.640921 0.240437
v 0.500000 0.644631 0.240808
v 0.481256 0.640921 0.240437
v 0.465366 0.630356 0.239381
v 0.454748 0.614545 0.237800
v 0.451020 0.595894 0.235934
v 0.454748 0.577243 0.234069
v 0.465366 0.561431 0.232488
v 0.481256 0.550866 0.231432
v 0.500000 0.547157 0.231061
v 0.518744 0.550866 0.231432
v 0.534634 0.561431 0.232488
v 0.545252 0.577243 0.234069
v 0.548862 0.597415 0.220198
v 0.545143 0.616033 0.221935
v 0.534551 0.631816 0.223409
v 0.518699 0.642363 0.224393
v 0.500000 0.646066 0.224739
v 0.481301 0.642363 0.224393
v 0.465449 0.631816 0.223409
v 0.454857 0.616033 0.221935
v 0.451138 0.597415 0.220198
v 0.454857 0.578797 0.218460
v 0.465449 0.563014 0.216987
v 0.481301 0.552467 0.216003
v 0.500000 0.548764 0.215657
v 0.518699 0.552467 0.216003
v 0.534551 0.563014 0.216987
v 0.545143 0.578797 0.218460
v 0.548744 0.598831 0.204461
v 0.545034 0.617415 0.206072
v 0.534467 0.633170 0.207437
v 0.518654 0.643697 0.208349
v 0.500000 0.647394 0.208670
v 0.481346 0.643697 0.208349
v 0.465533 0.633170 0.207437
v 0.454966 0.617415 0.206072
v 0.451256 0.598831 0.204461
v 0.454966 0.580247 0.202850
v 0.465533 0.564493 0.201485
v 0.481346 0.553966 0.200573
v 0.500000 0.550269 0.200252
v 0.518654 0.553966 0.200573
v 0.534467 0.564493 0.201485
v 0.545034 0.580247 0.202850
v 0.548626 0.600143 0.188724
v 0.544925 0.618692 0.190208
v 0.534384 0.634417 0.191466
v 0.518608 0.644925 0.192307
v 0.500000 0.648614 0.192602
v 0.481392 0.644925 0.192307
v 0.465616 0.634417 0.191466
v 0.455075 0.618692 0.190208
v 0.451374 0.600143 0.188724
v 0.455075 0.581594 0.187240
v 0.465616 0.565868 0.185982
v 0.481392 0.555361 0.185142
v 0.500000 0.551671 0.184847
v 0.518608 0.555361 0.185142
v 0.534384 0.565868 0.185982
v 0.544925 0.581594 0.187240
v 0.548508 0.601349 0.172988
v 0.544816 0.619863 0.174345
v 0.534301 0.635558 0.175496
v 0.518563 0.646045 0.176265
v 0.500000 0.649728 0.176535
v 0.481437 0.646045 0.176265
v 0.465699 0.635558 0.175496
v 0.455184 0.619863 0.174345
v 0.451492 0.601349 0.172988
v 0.455184 0.582836 0.171630
v 0.465699 0.567141 0.170479
v 0.481437 0.556653 0.169710
v 0.500000 0.552971 0.169440
v 0.518563 0.556653 0.169710
v 0.534301 0.567141 0.170479
v 0.544816 0.582836 0.171630
v 0.548390 0.602451 0.157251
v 0.544707 0.620928 0.158483
v 0.534217 0.636592 0.159527
v 0.518518 0.647059 0.160225
v 0.500000 0.650734 0.160470
v 0.481482 0.647059 0.160225
v 0.465783 0.636592 0.159527
v 0.455293 0.620928 0.158483
v 0.451610 0.602451 0.157251
v 0.455293 0.583974 0.156019
v 0.465783 0.568309 0.154975
v 0.481482 0.557843 0.154277
v 0.500000 0.554168 0.154032
v 0.518518 0.557843 0.154277
v 0.534217 0.568309 0.154975
v 0.544707 0.583974 0.156019
v 0.548272 0.603447 0.141514
v 0.544598 0.621887 0.142621
v 0.534134 0.637520 0.143559
v 0.518473 0.647965 0.144185
v 0.500000 0.651633 0.144406
v 0.481527 0.647965 0.144185
v 0.465866 0.637520 0.143559
v 0.455402 0.621887 0.142621
v 0.451728 0.603447 0.141514
v 0.455402 0.585008 0.140408
v 0.465866 0.569375 0.139470
v 0.481527 0.558930 0.138843
v 0.500000 0.555262 0.138623
v 0.518473 0.558930 0.138843
v 0.534134 0.569375 0.139470
v 0.544598 0.585008 0.140408
v 0.548154 0.604339 0.125778
v 0.544489 0.622741 0.126759
v 0.534050 0.638341 0.127591
v 0.518428 0.648765 0.128147
v 0.500000 0.652425 0.128342
v 0.481572 0.648765 0.128147
v 0.465950 0.638341 0.127591
v 0.455511 0.622741 0.126759
v 0.451846 0.604339 0.125778
v 0.455511 0.585938 0.124796
v 0.465950 0.570337 0.123964
v 0.481572 0.559914 0.123408
v 0.500000 0.556253 0.123213
v 0.518428 0.559914 0.123408
v 0.534050 0.570337 0.123964
v 0.544489 0.585938 0.124796
v 0.548036 0.605126 0.110041
v 0.544380 0.623489 0.110898
v 0.533967 0.639056 0.111624
v 0.518383 0.649457 0.112110
v 0.500000 0.653110 0.112280
v 0.481617 0.649457 0.112110
v 0.466033 0.639056 0.111624
v 0.455620 0.623489 0.110898
v 0.451964 0.605126 0.110041
v 0.455620 0.586763 0.109184
v 0.466033 0.571196 0.108458
v 0.481617 0.560795 0.107972
v 0.500000 0.557142 0.107802
v 0.518383 0.560795 0.107972
v 0.533967 0.571196 0.108458
v 0.544380 0.586763 0.109184
v 0.547918 0.605808 0.094304
v 0.544271 0.624131 0.095037
v 0.533883 0.639664 0.095659
v 0.518337 0.650043 0.096074
v 0.500000 0.653688 0.096220
v 0.481663 0.650043 0.096074
v 0.466117 0.639664 0.095659
v 0.455729 0.624131 0.095037
v 0.452082 0.605808 0.094304
v 0.455729 0.587485 0.093571
v 0.466117 0.571952 0.092950
v 0.481663 0.561573 0.092535
v 0.500000 0.557928 0.092389
v 0.518337 0.561573 0.092535
v 0.533883 0.571952 0.092950
v 0.544271 0.587485 0.093571
v 0.547800 0.606385 0.078568
v 0.544162 0.624667 0.079177
v 0.533800 0.640166 0.079694
v 0.518292 0.650522 0.080039
v 0.500000 0.654159 0.080160
v 0.481708 0.650522 0.080039
v 0.466200 0.640166 0.079694
v 0.455838 0.624667 0.079177
v 0.452200 0.606385 0.078568
v 0.455838 0.588103 0.077958
v 0.466200 0.572604 0.077442
v 0.481708 0.562248 0.077096
v 0.500000 0.558611 0.076975
v 0.518292 0.562248 0.077096
v 0.533800 0.572604 0.077442
v 0.544162 0.588103 0.077958
v 0.547682 0.606857 0.062831
v 0.544053 0.625098 0.063317
v 0.533716 0.640561 0.063730
v 0.518247 0.650894 0.064005
v 0.500000 0.654522 0.064102
v 0.481753 0.650894 0.064005
v 0.466284 0.640561 0.063730
v 0.455947 0.625098 0.063317
v 0.452318 0.606857 0.062831
v 0.455947 0.588616 0.062345
v 0.466284 0.573153 0.061932
v 0.481753 0.562820 0.061657
v 0.500000 0.559192 0.061560
v 0.518247 0.562820 0.061657
v 0.533716 0.573153 0.061932
v 0.544053 0.588616 0.062345
v 0.547564 0.607224 0.047094
v 0.543943 0.625423 0.047458
v 0.533633 0.640850 0.047767
v 0.518202 0.651159 0.047973
v 0.500000 0.654779 0.048045
v 0.481798 0.651159 0.047973
v 0.466367 0.640850 0.047767
v 0.456057 0.625423 0.047458
v 0.452436 0.607224 0.047094
v 0.456057 0.589026 0.046730
v 0.466367 0.573598 0.046422
v 0.481798 0.563290 0.046216
v 0.500000 0.559670 0.046143
v 0.518202 0.563290 0.046216
v 0.533633 0.573598 0.046422
v 0.543943 0.589026 0.046730
v 0.547446 0.607487 0.031358
v 0.543834 0.625642 0.031600
v 0.533549 0.641033 0.031805
v 0.518157 0.651317 0.031942
v 0.500000 0.654928 0.031990
v 0.481843 0.651317 0.031942
v 0.466451 0.641033 0.031805
v 0.456166 0.625642 0.031600
v 0.452554 0.607487 0.031358
v 0.456166 0.589331 0.031116
v 0.466451 0.573940 0.030910
v 0.481843 0.563656 0.030773
v 0.500000 0.560045 0.030725
v 0.518157 0.563656 0.030773
v 0.533549 0.573940 0.030910
v 0.543834 0.589331 0.031116
v 0.547328 0.607644 0.015621
v 0.543725 0.625755 0.015742
v 0.533466 0.641109 0.015844
v 0.518112 0.651368 0.015913
v 0.500000 0.654971 0.015937
v 0.481888 0.651368 0.015913
v 0.466534 0.641109 0.015844
v 0.456275 0.625755 0.015742
v 0.452672 0.607644 0.015621
v 0.456275 0.589533 0.015500
v 0.466534 0.574179 0.015398
v 0.481888 0.563919 0.015330
v 0.500000 0.560317 0.015305
v 0.518112 0.563919 0.015330
v 0.533466 0.574179 0.015398
v 0.543725 0.589533 0.015500
v 0.547211 0.607696 0.000002
v 0.543617 0.625763 0.000003
v 0.533383 0.641079 0.000004
v 0.518067 0.651314 0.000005
v 0.500000 0.654907 0.000005
v 0.481933 0.651314 0.000005
v 0.466617 0.641079 0.000004
v 0.456383 0.625763 0.000003
v 0.452789 0.607696 0.000002
v 0.456383 0.589630 0.000001
v 0.466617 0.574313 0.000001
v 0.481933 0.564079 0.000000
v 0.500000 0.560485 0.000000
v 0.518067 0.564079 0.000000
v 0.533383 0.574313 0.000001
v 0.543617 0.589630 0.000001
v 0.500000 0.607696 0.000002
vt 0.500000 0.500000
vt 0.700000 0.500000
vt 0.684776 0.423463
vt 0.641421 0.358579
vt 0.576537 0.315224
vt 0.500000 0.300000
vt 0.423463 0.315224
vt 0.358579 0.358579
vt 0.315224 0.423463
vt 0.300000 0.500000
vt 0.315224 0.576537
vt 0.358579 0.641421
vt 0.423463 0.684776
vt 0.500000 0.700000
vt 0.576537 0.684776
vt 0.641421 0.641421
vt 0.684776 0.576537
vt 0.250000 0.750000
vt 0.250000 0.745292
vt 0.281250 0.745292
vt 0.281250 0.750000
vt 0.312500 0.745292
vt 0.312500 0.750000
vt 0.343750 0.745292
vt 0.343750 0.750000
vt 0.375000 0.745292
vt 0.375000 0.750000
vt 0.406250 0.745292
vt 0.406250 0.750000
vt 0.437500 0.745292
vt 0.437500 0.750000
vt 0.468750 0.745292
vt 0.468750 0.750000
vt 0.500000 0.745292
vt 0.500000 0.750000
vt 0.531250 0.745292
vt 0.531250 0.750000
vt 0.562500 0.745292
vt 0.562500 0.750000
vt 0.593750 0.745292
vt 0.593750 0.750000
vt 0.625000 0.745292
vt 0.625000 0.750000
vt 0.656250 0.745292
vt 0.656250 0.750000
vt 0.687500 0.745292
vt 0.687500 0.750000
vt 0.718750 0.745292
vt 0.718750 0.750000
vt 0.750000 0.745292
vt 0.750000 0.750000
vt 0.250000 0.700467
vt 0.281250 0.700467
vt 0.312500 0.700467
vt 0.343750 0.700467
vt 0.375000 0.700467
vt 0.406250 0.700467
vt 0.437500 0.700467
vt 0.468750 0.700467
vt 0.500000 0.700467
vt 0.531250 0.700467
vt 0.562500 0.700467
vt 0.593750 0.700467
vt 0.625000 0.700467
vt 0.656250 0.700467
vt 0.687500 0.700467
vt 0.718750 0.700467
vt 0.750000 0.700467
vt 0.250000 0.655744
vt 0.281250 0.655744
vt 0.312500 0.655744
vt 0.343750 0.655744
vt 0.375000 0.655744
vt 0.406250 0.655744
vt 0.437500 0.655744
vt 0.468750 0.655744
vt 0.500000 0.655744
vt 0.531250 0.655744
vt 0.562500 0.655744
vt 0.593750 0.655744
vt 0.625000 0.655744
vt 0.656250 0.655744
vt 0.687500 0.655744
vt 0.718750 0.655744
vt 0.750000 0.655744
vt 0.250000 0.611121
vt 0.281250 0.611121
vt 0.312500 0.611121
vt 0.343750 0.611121
vt 0.375000 0.611121
vt 0.406250 0.611121
vt 0.437500 0.611121
vt 0.468750 0.611121
vt 0.500000 0.611121
vt 0.531250 0.611121
vt 0.562500 0.611121
vt 0.593750 0.611121
vt 0.625000 0.611121
vt 0.656250 0.611121
vt 0.687500 0.611121
vt 0.718750 0.611121
vt 0.750000 0.611121
vt 0.250000 0.566596
vt 0.281250 0.566596
vt 0.312500 0.566596
vt 0.343750 0.566596
vt 0.375000 0.566596
vt 0.406250 0.566596
vt 0.437500 0.566596
vt 0.468750 0.566596
vt 0.500000 0.566596
vt 0.531250 0.566596
vt 0.562500 0.566596
vt 0.593750 0.566596
vt 0.625000 0.566596
vt 0.656250 0.566596
vt 0.687500 0.566596
vt 0.718750 0.566596
vt 0.750000 0.566596
vt 0.250000 0.522169
vt 0.281250 0.522169
vt 0.312500 0.522169
vt 0.343750 0.522169
vt 0.375000 0.522169
vt 0.406250 0.522169
vt 0.437500 0.522169
vt 0.468750 0.522169
vt 0.500000 0.522169
vt 0.531250 0.522169
vt 0.562500 0.522169
vt 0.593750 0.522169
vt 0.625000 0.522169
vt 0.656250 0.522169
vt 0.687500 0.522169
vt 0.718750 0.522169
vt 0.750000 0.522169
vt 0.250000 0.477837
vt 0.281250 0.477837
vt 0.312500 0.477837
vt 0.343750 0.477837
vt 0.375000 0.477837
vt 0.406250 0.477837
vt 0.437500 0.477837
vt 0.468750 0.477837
vt 0.500000 0.477837
vt 0.531250 0.477837
vt 0.562500 0.477837
vt 0.593750 0.477837
vt 0.625000 0.477837
vt 0.656250 0.477837
vt 0.687500 0.477837
vt 0.718750 0.477837
vt 0.750000 0.477837
vt 0.250000 0.433600
vt 0.281250 0.433600
vt 0.312500 0.433600
vt 0.343750 0.433600
vt 0.375000 0.433600
vt 0.406250 0.433600
vt 0.437500 0.433600
vt 0.468750 0.433600
vt 0.500000 0.433600
vt 0.531250 0.433600
vt 0.562500 0.433600
vt 0.593750 0.433600
vt 0.625000 0.433600
vt 0.656250 0.433600
vt 0.687500 0.433600
vt 0.718750 0.433600
vt 0.750000 0.433600
vt 0.250000 0.389455
vt 0.281250 0.389455
vt 0.312500 0.389455
vt 0.343750 0.389455
vt 0.375000 0.389455
vt 0.406250 0.389455
vt 0.437500 0.389455
vt 0.468750 0.389455
vt 0.500000 0.389455
vt 0.531250 0.389455
vt 0.562500 0.389455
vt 0.593750 0.389455
vt 0.625000 0.389455
vt 0.656250 0.389455
vt 0.687500 0.389455
vt 0.718750 0.389455
vt 0.750000 0.389455
vt 0.250000 0.345401
vt 0.281250 0.345401
vt 0.312500 0.345401
vt 0.343750 0.345401
vt 0.375000 0.345401
vt 0.406250 0.345401
vt 0.437500 0.345401
vt 0.468750 0.345401
vt 0.500000 0.345401
vt 0.531250 0.345401
vt 0.562500 0.345401
vt 0.593750 0.345401
vt 0.625000 0.345401
vt 0.656250 0.345401
vt 0.687500 0.345401
vt 0.718750 0.345401
vt 0.750000 0.345401
vt 0.250000 0.301436
vt 0.281250 0.301436
vt 0.312500 0.301436
vt 0.343750 0.301436
vt 0.375000 0.301436
vt 0.406250 0.301436
vt 0.437500 0.301436
vt 0.468750 0.301436
vt 0.500000 0.301436
vt 0.531250 0.301436
vt 0.562500 0.301436
vt 0.593750 0.301436
vt 0.625000 0.301436
vt 0.656250 0.301436
vt 0.687500 0.301436
vt 0.718750 0.301436
vt 0.750000 0.301436
vt 0.250000 0.257559
vt 0.281250 0.257559
vt 0.312500 0.257559
vt 0.343750 0.257559
vt 0.375000 0.257559
vt 0.406250 0.257559
vt 0.437500 0.257559
vt 0.468750 0.257559
vt 0.500000 0.257559
vt 0.531250 0.257559
vt 0.562500 0.257559
vt 0.593750 0.257559
vt 0.625000 0.257559
vt 0.656250 0.257559
vt 0.687500 0.257559
vt 0.718750 0.257559
vt 0.750000 0.257559
vt 0.250000 0.286231
vt 0.281250 0.286231
vt 0.312500 0.286231
vt 0.343750 0.286231
vt 0.375000 0.286231
vt 0.406250 0.286231
vt 0.437500 0.286231
vt 0.468750 0.286231
vt 0.500000 0.286231
vt 0.531250 0.286231
vt 0.562500 0.286231
vt 0.593750 0.286231
vt 0.625000 0.286231
vt 0.656250 0.286231
vt 0.687500 0.286231
vt 0.718750 0.286231
vt 0.750000 0.286231
vt 0.250000 0.329937
vt 0.281250 0.329937
vt 0.312500 0.329937
vt 0.343750 0.329937
vt 0.375000 0.329937
vt 0.406250 0.329937
vt 0.437500 0.329937
vt 0.468750 0.329937
vt 0.500000 0.329937
vt 0.531250 0.329937
vt 0.562500 0.329937
vt 0.593750 0.329937
vt 0.625000 0.329937
vt 0.656250 0.329937
vt 0.687500 0.329937
vt 0.718750 0.329937
vt 0.750000 0.329937
vt 0.250000 0.373560
vt 0.281250 0.373560
vt 0.312500 0.373560
vt 0.343750 0.373560
vt 0.375000 0.373560
vt 0.406250 0.373560
vt 0.437500 0.373560
vt 0.468750 0.373560
vt 0.500000 0.373560
vt 0.531250 0.373560
vt 0.562500 0.373560
vt 0.593750 0.373560
vt 0.625000 0.373560
vt 0.656250 0.373560
vt 0.687500 0.373560
vt 0.718750 0.373560
vt 0.750000 0.373560
vt 0.250000 0.417101
vt 0.281250 0.417101
vt 0.312500 0.417101
vt 0.343750 0.417101
vt 0.375000 0.417101
vt 0.406250 0.417101
vt 0.437500 0.417101
vt 0.468750 0.417101
vt 0.500000 0.417101
vt 0.531250 0.417101
vt 0.562500 0.417101
vt 0.593750 0.417101
vt 0.625000 0.417101
vt 0.656250 0.417101
vt 0.687500 0.417101
vt 0.718750 0.417101
vt 0.750000 0.417101
vt 0.250000 0.460563
vt 0.281250 0.460563
vt 0.312500 0.460563
vt 0.343750 0.460563
vt 0.375000 0.460563
vt 0.406250 0.460563
vt 0.437500 0.460563
vt 0.468750 0.460563
vt 0.500000 0.460563
vt 0.531250 0.460563
vt 0.562500 0.460563
vt 0.593750 0.460563
vt 0.625000 0.460563
vt 0.656250 0.460563
vt 0.687500 0.460563
vt 0.718750 0.460563
vt 0.750000 0.460563
vt 0.250000 0.503946
vt 0.281250 0.503946
vt 0.312500 0.503946
vt 0.343750 0.503946
vt 0.375000 0.503946
vt 0.406250 0.503946
vt 0.437500 0.503946
vt 0.468750 0.503946
vt 0.500000 0.503946
vt 0.531250 0.503946
vt 0.562500 0.503946
vt 0.593750 0.503946
vt 0.625000 0.503946
vt 0.656250 0.503946
vt 0.687500 0.503946
vt 0.718750 0.503946
vt 0.750000 0.503946
vt 0.250000 0.528796
vt 0.281250 0.528796
vt 0.312500 0.528796
vt 0.343750 0.528796
vt 0.375000 0.528796
vt 0.406250 0.528796
vt 0.437500 0.528796
vt 0.468750 0.528796
vt 0.500000 0.528796
vt 0.531250 0.528796
vt 0.562500 0.528796
vt 0.593750 0.528796
vt 0.625000 0.528796
vt 0.656250 0.528796
vt 0.687500 0.528796
vt 0.718750 0.528796
vt 0.750000 0.528796
vt 0.250000 0.547253
vt 0.281250 0.547253
vt 0.312500 0.547253
vt 0.343750 0.547253
vt 0.375000 0.547253
vt 0.406250 0.547253
vt 0.437500 0.547253
vt 0.468750 0.547253
vt 0.500000 0.547253
vt 0.531250 0.547253
vt 0.562500 0.547253
vt 0.593750 0.547253
vt 0.625000 0.547253
vt 0.656250 0.547253
vt 0.687500 0.547253
vt 0.718750 0.547253
vt 0.750000 0.547253
vt 0.250000 0.590485
vt 0.281250 0.590485
vt 0.312500 0.590485
vt 0.343750 0.590485
vt 0.375000 0.590485
vt 0.406250 0.590485
vt 0.437500 0.590485
vt 0.468750 0.590485
vt 0.500000 0.590485
vt 0.531250 0.590485
vt 0.562500 0.590485
vt 0.593750 0.590485
vt 0.625000 0.590485
vt 0.656250 0.590485
vt 0.687500 0.590485
vt 0.718750 0.590485
vt 0.750000 0.590485
vt 0.250000 0.633644
vt 0.281250 0.633644
vt 0.312500 0.633644
vt 0.343750 0.633644
vt 0.375000 0.633644
vt 0.406250 0.633644
vt 0.437500 0.633644
vt 0.468750 0.633644
vt 0.500000 0.633644
vt 0.531250 0.633644
vt 0.562500 0.633644
vt 0.593750 0.633644
vt 0.625000 0.633644
vt 0.656250 0.633644
vt 0.687500 0.633644
vt 0.718750 0.633644
vt 0.750000 0.633644
vt 0.250000 0.676731
vt 0.281250 0.676731
vt 0.312500 0.676731
vt 0.343750 0.676731
vt 0.375000 0.676731
vt 0.406250 0.676731
vt 0.437500 0.676731
vt 0.468750 0.676731
vt 0.500000 0.676731
vt 0.531250 0.676731
vt 0.562500 0.676731
vt 0.593750 0.676731
vt 0.625000 0.676731
vt 0.656250 0.676731
vt 0.687500 0.676731
vt 0.718750 0.676731
vt 0.750000 0.676731
vt 0.250000 0.719748
vt 0.281250 0.719748
vt 0.312500 0.719748
vt 0.343750 0.719748
vt 0.375000 0.719748
vt 0.406250 0.719748
vt 0.437500 0.719748
vt 0.468750 0.719748
vt 0.500000 0.719748
vt 0.531250 0.719748
vt 0.562500 0.719748
vt 0.593750 0.719748
vt 0.625000 0.719748
vt 0.656250 0.719748
vt 0.687500 0.719748
vt 0.718750 0.719748
vt 0.750000 0.719748
vt 0.250000 0.737303
vt 0.281250 0.737303
vt 0.312500 0.737303
vt 0.343750 0.737303
vt 0.375000 0.737303
vt 0.406250 0.737303
vt 0.437500 0.737303
vt 0.468750 0.737303
vt 0.500000 0.737303
vt 0.531250 0.737303
vt 0.562500 0.737303
vt 0.593750 0.737303
vt 0.625000 0.737303
vt 0.656250 0.737303
vt 0.687500 0.737303
vt 0.718750 0.737303
vt 0.750000 0.737303
vt 0.250000 0.694420
vt 0.281250 0.694420
vt 0.312500 0.694420
vt 0.343750 0.694420
vt 0.375000 0.694420
vt 0.406250 0.694420
vt 0.437500 0.694420
vt 0.468750 0.694420
vt 0.500000 0.694420
vt 0.531250 0.694420
vt 0.562500 0.694420
vt 0.593750 0.694420
vt 0.625000 0.694420
vt 0.656250 0.694420
vt 0.687500 0.694420
vt 0.718750 0.694420
vt 0.750000 0.694420
vt 0.250000 0.651603
vt 0.281250 0.651603
vt 0.312500 0.651603
vt 0.343750 0.651603
vt 0.375000 0.651603
vt 0.406250 0.651603
vt 0.437500 0.651603
vt 0.468750 0.651603
vt 0.500000 0.651603
vt 0.531250 0.651603
vt 0.562500 0.651603
vt 0.593750 0.651603
vt 0.625000 0.651603
vt 0.656250 0.651603
vt 0.687500 0.651603
vt 0.718750 0.651603
vt 0.750000 0.651603
vt 0.250000 0.608848
vt 0.281250 0.608848
vt 0.312500 0.608848
vt 0.343750 0.608848
vt 0.375000 0.608848
vt 0.406250 0.608848
vt 0.437500 0.608848
vt 0.468750 0.608848
vt 0.500000 0.608848
vt 0.531250 0.608848
vt 0.562500 0.608848
vt 0.593750 0.608848
vt 0.625000 0.608848
vt 0.656250 0.608848
vt 0.687500 0.608848
vt 0.718750 0.608848
vt 0.750000 0.608848
vt 0.250000 0.566155
vt 0.281250 0.566155
vt 0.312500 0.566155
vt 0.343750 0.566155
vt 0.375000 0.566155
vt 0.406250 0.566155
vt 0.437500 0.566155
vt 0.468750 0.566155
vt 0.500000 0.566155
vt 0.531250 0.566155
vt 0.562500 0.566155
vt 0.593750 0.566155
vt 0.625000 0.566155
vt 0.656250 0.566155
vt 0.687500 0.566155
vt 0.718750 0.566155
vt 0.750000 0.566155
vt 0.250000 0.523521
vt 0.281250 0.523521
vt 0.312500 0.523521
vt 0.343750 0.523521
vt 0.375000 0.523521
vt 0.406250 0.523521
vt 0.437500 0.523521
vt 0.468750 0.523521
vt 0.500000 0.523521
vt 0.531250 0.523521
vt 0.562500 0.523521
vt 0.593750 0.523521
vt 0.625000 0.523521
vt 0.656250 0.523521
vt 0.687500 0.523521
vt 0.718750 0.523521
vt 0.750000 0.523521
vt 0.250000 0.480946
vt 0.281250 0.480946
vt 0.312500 0.480946
vt 0.343750 0.480946
vt 0.375000 0.480946
vt 0.406250 0.480946
vt 0.437500 0.480946
vt 0.468750 0.480946
vt 0.500000 0.480946
vt 0.531250 0.480946
vt 0.562500 0.480946
vt 0.593750 0.480946
vt 0.625000 0.480946
vt 0.656250 0.480946
vt 0.687500 0.480946
vt 0.718750 0.480946
vt 0.750000 0.480946
vt 0.250000 0.438427
vt 0.281250 0.438427
vt 0.312500 0.438427
vt 0.343750 0.438427
vt 0.375000 0.438427
vt 0.406250 0.438427
vt 0.437500 0.438427
vt 0.468750 0.438427
vt 0.500000 0.438427
vt 0.531250 0.438427
vt 0.562500 0.438427
vt 0.593750 0.438427
vt 0.625000 0.438427
vt 0.656250 0.438427
vt 0.687500 0.438427
vt 0.718750 0.438427
vt 0.750000 0.438427
vt 0.250000 0.395962
vt 0.281250 0.395962
vt 0.312500 0.395962
vt 0.343750 0.395962
vt 0.375000 0.395962
vt 0.406250 0.395962
vt 0.437500 0.395962
vt 0.468750 0.395962
vt 0.500000 0.395962
vt 0.531250 0.395962
vt 0.562500 0.395962
vt 0.593750 0.395962
vt 0.625000 0.395962
vt 0.656250 0.395962
vt 0.687500 0.395962
vt 0.718750 0.395962
vt 0.750000 0.395962
vt 0.250000 0.353550
vt 0.281250 0.353550
vt 0.312500 0.353550
vt 0.343750 0.353550
vt 0.375000 0.353550
vt 0.406250 0.353550
vt 0.437500 0.353550
vt 0.468750 0.353550
vt 0.500000 0.353550
vt 0.531250 0.353550
vt 0.562500 0.353550
vt 0.593750 0.353550
vt 0.625000 0.353550
vt 0.656250 0.353550
vt 0.687500 0.353550
vt 0.718750 0.353550
vt 0.750000 0.353550
vt 0.250000 0.311189
vt 0.281250 0.311189
vt 0.312500 0.311189
vt 0.343750 0.311189
vt 0.375000 0.311189
vt 0.406250 0.311189
vt 0.437500 0.311189
vt 0.468750 0.311189
vt 0.500000 0.311189
vt 0.531250 0.311189
vt 0.562500 0.311189
vt 0.593750 0.311189
vt 0.625000 0.311189
vt 0.656250 0.311189
vt 0.687500 0.311189
vt 0.718750 0.311189
vt 0.750000 0.311189
vt 0.250000 0.268877
vt 0.281250 0.268877
vt 0.312500 0.268877
vt 0.343750 0.268877
vt 0.375000 0.268877
vt 0.406250 0.268877
vt 0.437500 0.268877
vt 0.468750 0.268877
vt 0.500000 0.268877
vt 0.531250 0.268877
vt 0.562500 0.268877
vt 0.593750 0.268877
vt 0.625000 0.268877
vt 0.656250 0.268877
vt 0.687500 0.268877
vt 0.718750 0.268877
vt 0.750000 0.268877
vt 0.250000 0.273388
vt 0.281250 0.273388
vt 0.312500 0.273388
vt 0.343750 0.273388
vt 0.375000 0.273388
vt 0.406250 0.273388
vt 0.437500 0.273388
vt 0.468750 0.273388
vt 0.500000 0.273388
vt 0.531250 0.273388
vt 0.562500 0.273388
vt 0.593750 0.273388
vt 0.625000 0.273388
vt 0.656250 0.273388
vt 0.687500 0.273388
vt 0.718750 0.273388
vt 0.750000 0.273388
vt 0.250000 0.315607
vt 0.281250 0.315607
vt 0.312500 0.315607
vt 0.343750 0.315607
vt 0.375000 0.315607
vt 0.406250 0.315607
vt 0.437500 0.315607
vt 0.468750 0.315607
vt 0.500000 0.315607
vt 0.531250 0.315607
vt 0.562500 0.315607
vt 0.593750 0.315607
vt 0.625000 0.315607
vt 0.656250 0.315607
vt 0.687500 0.315607
vt 0.718750 0.315607
vt 0.750000 0.315607
vt 0.250000 0.357781
vt 0.281250 0.357781
vt 0.312500 0.357781
vt 0.343750 0.357781
vt 0.375000 0.357781
vt 0.406250 0.357781
vt 0.437500 0.357781
vt 0.468750 0.357781
vt 0.500000 0.357781
vt 0.531250 0.357781
vt 0.562500 0.357781
vt 0.593750 0.357781
vt 0.625000 0.357781
vt 0.656250 0.357781
vt 0.687500 0.357781
vt 0.718750 0.357781
vt 0.750000 0.357781
vt 0.250000 0.399914
vt 0.281250 0.399914
vt 0.312500 0.399914
vt 0.343750 0.399914
vt 0.375000 0.399914
vt 0.406250 0.399914
vt 0.437500 0.399914
vt 0.468750 0.399914
vt 0.500000 0.399914
vt 0.531250 0.399914
vt 0.562500 0.399914
vt 0.593750 0.399914
vt 0.625000 0.399914
vt 0.656250 0.399914
vt 0.687500 0.399914
vt 0.718750 0.399914
vt 0.750000 0.399914
vt 0.250000 0.442007
vt 0.281250 0.442007
vt 0.312500 0.442007
vt 0.343750 0.442007
vt 0.375000 0.442007
vt 0.406250 0.442007
vt 0.437500 0.442007
vt 0.468750 0.442007
vt 0.500000 0.442007
vt 0.531250 0.442007
vt 0.562500 0.442007
vt 0.593750 0.442007
vt 0.625000 0.442007
vt 0.656250 0.442007
vt 0.687500 0.442007
vt 0.718750 0.442007
vt 0.750000 0.442007
vt 0.250000 0.484061
vt 0.281250 0.484061
vt 0.312500 0.484061
vt 0.343750 0.484061
vt 0.375000 0.484061
vt 0.406250 0.484061
vt 0.437500 0.484061
vt 0.468750 0.484061
vt 0.500000 0.484061
vt 0.531250 0.484061
vt 0.562500 0.484061
vt 0.593750 0.484061
vt 0.625000 0.484061
vt 0.656250 0.484061
vt 0.687500 0.484061
vt 0.718750 0.484061
vt 0.750000 0.484061
vt 0.250000 0.526078
vt 0.281250 0.526078
vt 0.312500 0.526078
vt 0.343750 0.526078
vt 0.375000 0.526078
vt 0.406250 0.526078
vt 0.437500 0.526078
vt 0.468750 0.526078
vt 0.500000 0.526078
vt 0.531250 0.526078
vt 0.562500 0.526078
vt 0.593750 0.526078
vt 0.625000 0.526078
vt 0.656250 0.526078
vt 0.687500 0.526078
vt 0.718750 0.526078
vt 0.750000 0.526078
vt 0.250000 0.568060
vt 0.281250 0.568060
vt 0.312500 0.568060
vt 0.343750 0.568060
vt 0.375000 0.568060
vt 0.406250 0.568060
vt 0.437500 0.568060
vt 0.468750 0.568060
vt 0.500000 0.568060
vt 0.531250 0.568060
vt 0.562500 0.568060
vt 0.593750 0.568060
vt 0.625000 0.568060
vt 0.656250 0.568060
vt 0.687500 0.568060
vt 0.718750 0.568060
vt 0.750000 0.568060
vt 0.250000 0.610010
vt 0.281250 0.610010
vt 0.312500 0.610010
vt 0.343750 0.610010
vt 0.375000 0.610010
vt 0.406250 0.610010
vt 0.437500 0.610010
vt 0.468750 0.610010
vt 0.500000 0.610010
vt 0.531250 0.610010
vt 0.562500 0.610010
vt 0.593750 0.610010
vt 0.625000 0.610010
vt 0.656250 0.610010
vt 0.687500 0.610010
vt 0.718750 0.610010
vt 0.750000 0.610010
vt 0.250000 0.651928
vt 0.281250 0.651928
vt 0.312500 0.651928
vt 0.343750 0.651928
vt 0.375000 0.651928
vt 0.406250 0.651928
vt 0.437500 0.651928
vt 0.468750 0.651928
vt 0.500000 0.651928
vt 0.531250 0.651928
vt 0.562500 0.651928
vt 0.593750 0.651928
vt 0.625000 0.651928
vt 0.656250 0.651928
vt 0.687500 0.651928
vt 0.718750 0.651928
vt 0.750000 0.651928
vt 0.250000 0.693816
vt 0.281250 0.693816
vt 0.312500 0.693816
vt 0.343750 0.693816
vt 0.375000 0.693816
vt 0.406250 0.693816
vt 0.437500 0.693816
vt 0.468750 0.693816
vt 0.500000 0.693816
vt 0.531250 0.693816
vt 0.562500 0.693816
vt 0.593750 0.693816
vt 0.625000 0.693816
vt 0.656250 0.693816
vt 0.687500 0.693816
vt 0.718750 0.693816
vt 0.750000 0.693816
vt 0.250000 0.735677
vt 0.281250 0.735677
vt 0.312500 0.735677
vt 0.343750 0.735677
vt 0.375000 0.735677
vt 0.406250 0.735677
vt 0.437500 0.735677
vt 0.468750 0.735677
vt 0.500000 0.735677
vt 0.531250 0.735677
vt 0.562500 0.735677
vt 0.593750 0.735677
vt 0.625000 0.735677
vt 0.656250 0.735677
vt 0.687500 0.735677
vt 0.718750 0.735677
vt 0.750000 0.735677
vt 0.250000 0.722488
vt 0.281250 0.722488
vt 0.312500 0.722488
vt 0.343750 0.722488
vt 0.375000 0.722488
vt 0.406250 0.722488
vt 0.437500 0.722488
vt 0.468750 0.722488
vt 0.500000 0.722488
vt 0.531250 0.722488
vt 0.562500 0.722488
vt 0.593750 0.722488
vt 0.625000 0.722488
vt 0.656250 0.722488
vt 0.687500 0.722488
vt 0.718750 0.722488
vt 0.750000 0.722488
vt 0.250000 0.680677
vt 0.281250 0.680677
vt 0.312500 0.680677
vt 0.343750 0.680677
vt 0.375000 0.680677
vt 0.406250 0.680677
vt 0.437500 0.680677
vt 0.468750 0.680677
vt 0.500000 0.680677
vt 0.531250 0.680677
vt 0.562500 0.680677
vt 0.593750 0.680677
vt 0.625000 0.680677
vt 0.656250 0.680677
vt 0.687500 0.680677
vt 0.718750 0.680677
vt 0.750000 0.680677
vt 0.250000 0.638888
vt 0.281250 0.638888
vt 0.312500 0.638888
vt 0.343750 0.638888
vt 0.375000 0.638888
vt 0.406250 0.638888
vt 0.437500 0.638888
vt 0.468750 0.638888
vt 0.500000 0.638888
vt 0.531250 0.638888
vt 0.562500 0.638888
vt 0.593750 0.638888
vt 0.625000 0.638888
vt 0.656250 0.638888
vt 0.687500 0.638888
vt 0.718750 0.638888
vt 0.750000 0.638888
vt 0.250000 0.597119
vt 0.281250 0.597119
vt 0.312500 0.597119
vt 0.343750 0.597119
vt 0.375000 0.597119
vt 0.406250 0.597119
vt 0.437500 0.597119
vt 0.468750 0.597119
vt 0.500000 0.597119
vt 0.531250 0.597119
vt 0.562500 0.597119
vt 0.593750 0.597119
vt 0.625000 0.597119
vt 0.656250 0.597119
vt 0.687500 0.597119
vt 0.718750 0.597119
vt 0.750000 0.597119
vt 0.250000 0.555369
vt 0.281250 0.555369
vt 0.312500 0.555369
vt 0.343750 0.555369
vt 0.375000 0.555369
vt 0.406250 0.555369
vt 0.437500 0.555369
vt 0.468750 0.555369
vt 0.500000 0.555369
vt 0.531250 0.555369
vt 0.562500 0.555369
vt 0.593750 0.555369
vt 0.625000 0.555369
vt 0.656250 0.555369
vt 0.687500 0.555369
vt 0.718750 0.555369
vt 0.750000 0.555369
vt 0.250000 0.513636
vt 0.281250 0.513636
vt 0.312500 0.513636
vt 0.343750 0.513636
vt 0.375000 0.513636
vt 0.406250 0.513636
vt 0.437500 0.513636
vt 0.468750 0.513636
vt 0.500000 0.513636
vt 0.531250 0.513636
vt 0.562500 0.513636
vt 0.593750 0.513636
vt 0.625000 0.513636
vt 0.656250 0.513636
vt 0.687500 0.513636
vt 0.718750 0.513636
vt 0.750000 0.513636
vt 0.250000 0.471917
vt 0.281250 0.471917
vt 0.312500 0.471917
vt 0.343750 0.471917
vt 0.375000 0.471917
vt 0.406250 0.471917
vt 0.437500 0.471917
vt 0.468750 0.471917
vt 0.500000 0.471917
vt 0.531250 0.471917
vt 0.562500 0.471917
vt 0.593750 0.471917
vt 0.625000 0.471917
vt 0.656250 0.471917
vt 0.687500 0.471917
vt 0.718750 0.471917
vt 0.750000 0.471917
vt 0.250000 0.430211
vt 0.281250 0.430211
vt 0.312500 0.430211
vt 0.343750 0.430211
vt 0.375000 0.430211
vt 0.406250 0.430211
vt 0.437500 0.430211
vt 0.468750 0.430211
vt 0.500000 0.430211
vt 0.531250 0.430211
vt 0.562500 0.430211
vt 0.593750 0.430211
vt 0.625000 0.430211
vt 0.656250 0.430211
vt 0.687500 0.430211
vt 0.718750 0.430211
vt 0.750000 0.430211
vt 0.250000 0.388516
vt 0.281250 0.388516
vt 0.312500 0.388516
vt 0.343750 0.388516
vt 0.375000 0.388516
vt 0.406250 0.388516
vt 0.437500 0.388516
vt 0.468750 0.388516
vt 0.500000 0.388516
vt 0.531250 0.388516
vt 0.562500 0.388516
vt 0.593750 0.388516
vt 0.625000 0.388516
vt 0.656250 0.388516
vt 0.687500 0.388516
vt 0.718750 0.388516
vt 0.750000 0.388516
vt 0.250000 0.346831
vt 0.281250 0.346831
vt 0.312500 0.346831
vt 0.343750 0.346831
vt 0.375000 0.346831
vt 0.406250 0.346831
vt 0.437500 0.346831
vt 0.468750 0.346831
vt 0.500000 0.346831
vt 0.531250 0.346831
vt 0.562500 0.346831
vt 0.593750 0.346831
vt 0.625000 0.346831
vt 0.656250 0.346831
vt 0.687500 0.346831
vt 0.718750 0.346831
vt 0.750000 0.346831
vt 0.250000 0.305153
vt 0.281250 0.305153
vt 0.312500 0.305153
vt 0.343750 0.305153
vt 0.375000 0.305153
vt 0.406250 0.305153
vt 0.437500 0.305153
vt 0.468750 0.305153
vt 0.500000 0.305153
vt 0.531250 0.305153
vt 0.562500 0.305153
vt 0.593750 0.305153
vt 0.625000 0.305153
vt 0.656250 0.305153
vt 0.687500 0.305153
vt 0.718750 0.305153
vt 0.750000 0.305153
vt 0.250000 0.263480
vt 0.281250 0.263480
vt 0.312500 0.263480
vt 0.343750 0.263480
vt 0.375000 0.263480
vt 0.406250 0.263480
vt 0.437500 0.263480
vt 0.468750 0.263480
vt 0.500000 0.263480
vt 0.531250 0.263480
vt 0.562500 0.263480
vt 0.593750 0.263480
vt 0.625000 0.263480
vt 0.656250 0.263480
vt 0.687500 0.263480
vt 0.718750 0.263480
vt 0.750000 0.263480
vt 0.250000 0.278188
vt 0.281250 0.278188
vt 0.312500 0.278188
vt 0.343750 0.278188
vt 0.375000 0.278188
vt 0.406250 0.278188
vt 0.437500 0.278188
vt 0.468750 0.278188
vt 0.500000 0.278188
vt 0.531250 0.278188
vt 0.562500 0.278188
vt 0.593750 0.278188
vt 0.625000 0.278188
vt 0.656250 0.278188
vt 0.687500 0.278188
vt 0.718750 0.278188
vt 0.750000 0.278188
vt 0.250000 0.319543
vt 0.281250 0.319543
vt 0.312500 0.319543
vt 0.343750 0.319543
vt 0.375000 0.319543
vt 0.406250 0.319543
vt 0.437500 0.319543
vt 0.468750 0.319543
vt 0.500000 0.319543
vt 0.531250 0.319543
vt 0.562500 0.319543
vt 0.593750 0.319543
vt 0.625000 0.319543
vt 0.656250 0.319543
vt 0.687500 0.319543
vt 0.718750 0.319543
vt 0.750000 0.319543
vn 0.000000 0.000000 1.000000
vn 1.000000 0.000000 0.000000
vn 0.923880 0.355313 0.142125
vn 0.923880 0.353167 0.147376
vn 0.707107 0.656532 0.262613
vn 0.707107 0.654462 0.267731
vn 0.382683 0.857801 0.343120
vn 0.382683 0.856932 0.345283
vn 0.000000 0.928477 0.371391
vn 0.000000 0.928253 0.371950
vn -0.382683 0.857801 0.343120
vn -0.382683 0.856932 0.345283
vn -0.707107 0.656532 0.262613
vn -0.707107 0.654462 0.267731
vn -0.923880 0.355313 0.142125
vn -0.923880 0.353167 0.147376
vn -1.000000 0.000000 0.000000
vn -0.923880 -0.355313 -0.142125
vn -0.923880 -0.352217 -0.149633
vn -0.707107 -0.656532 -0.262613
vn -0.707107 -0.651291 -0.275354
vn -0.382683 -0.857801 -0.343120
vn -0.382683 -0.851619 -0.358188
vn -0.000000 -0.928477 -0.371391
vn -0.000000 -0.922070 -0.387023
vn 0.382683 -0.857801 -0.343120
vn 0.382683 -0.851619 -0.358188
vn 0.707107 -0.656532 -0.262613
vn 0.707107 -0.651291 -0.275354
vn 0.923880 -0.355313 -0.142125
vn 0.923880 -0.352217 -0.149633
vn 0.923880 0.356125 0.140076
vn 0.707107 0.658034 0.258827
vn 0.382683 0.859763 0.338173
vn 0.000000 0.930601 0.366036
vn -0.382683 0.859763 0.338173
vn -0.707107 0.658034 0.258827
vn -0.923880 0.356125 0.140076
vn -0.923880 -0.356125 -0.140076
vn -0.707107 -0.658034 -0.258827
vn -0.382683 -0.859763 -0.338173
vn -0.000000 -0.930601 -0.366036
vn 0.382683 -0.859763 -0.338173
vn 0.707107 -0.658034 -0.258827
vn 0.923880 -0.356125 -0.140076
vn 0.923880 0.356930 0.138013
vn 0.707107 0.659521 0.255015
vn 0.382683 0.861705 0.333193
vn 0.000000 0.932703 0.360645
vn -0.382683 0.861705 0.333193
vn -0.707107 0.659521 0.255015
vn -0.923880 0.356930 0.138013
vn -0.923880 -0.356930 -0.138013
vn -0.707107 -0.659521 -0.255015
vn -0.382683 -0.861705 -0.333193
vn -0.000000 -0.932703 -0.360645
vn 0.382683 -0.861705 -0.333193
vn 0.707107 -0.659521 -0.255015
vn 0.923880 -0.356930 -0.138013
vn 0.923880 0.357726 0.135936
vn 0.707107 0.660992 0.251177
vn 0.382683 0.863627 0.328178
vn 0.000000 0.934784 0.355218
vn -0.382683 0.863627 0.328178
vn -0.707107 0.660992 0.251177
vn -0.923880 0.357726 0.135936
vn -0.923880 -0.357726 -0.135936
vn -0.707107 -0.660992 -0.251177
vn -0.382683 -0.863627 -0.328178
vn -0.000000 -0.934784 -0.355218
vn 0.382683 -0.863627 -0.328178
vn 0.707107 -0.660992 -0.251177
vn 0.923880 -0.357726 -0.135936
vn 0.923880 0.358514 0.133845
vn 0.707107 0.662447 0.247314
vn 0.382683 0.865529 0.323131
vn 0.000000 0.936842 0.349754
vn -0.382683 0.865529 0.323131
vn -0.707107 0.662447 0.247314
vn -0.923880 0.358514 0.133845
vn -0.923880 -0.358514 -0.133845
vn -0.707107 -0.662447 -0.247314
vn -0.382683 -0.865529 -0.323131
vn -0.000000 -0.936842 -0.349754
vn 0.382683 -0.865529 -0.323131
vn 0.707107 -0.662447 -0.247314
vn 0.923880 -0.358514 -0.133845
vn 0.923880 0.359292 0.131741
vn 0.707107 0.663886 0.243425
vn 0.382683 0.867409 0.318050
vn 0.000000 0.938876 0.344255
vn -0.382683 0.867409 0.318050
vn -0.707107 0.663886 0.243425
vn -0.923880 0.359292 0.131741
vn -0.923880 -0.359292 -0.131741
vn -0.707107 -0.663886 -0.243425
vn -0.382683 -0.867409 -0.318050
vn -0.000000 -0.938876 -0.344255
vn 0.382683 -0.867409 -0.318050
vn 0.707107 -0.663886 -0.243425
vn 0.923880 -0.359292 -0.131741
vn 0.923880 0.360062 0.129622
vn 0.707107 0.665308 0.239511
vn 0.382683 0.869267 0.312936
vn 0.000000 0.940887 0.338719
vn -0.382683 0.869267 0.312936
vn -0.707107 0.665308 0.239511
vn -0.923880 0.360062 0.129622
vn -0.923880 -0.360062 -0.129622
vn -0.707107 -0.665308 -0.239511
vn -0.382683 -0.869267 -0.312936
vn -0.000000 -0.940887 -0.338719
vn 0.382683 -0.869267 -0.312936
vn 0.707107 -0.665308 -0.239511
vn 0.923880 -0.360062 -0.129622
vn 0.923880 0.360822 0.127491
vn 0.707107 0.666713 0.235572
vn 0.382683 0.871102 0.307789
vn 0.000000 0.942874 0.333149
vn -0.382683 0.871102 0.307789
vn -0.707107 0.666713 0.235572
vn -0.923880 0.360822 0.127491
vn -0.923880 -0.360822 -0.127491
vn -0.707107 -0.666713 -0.235572
vn -0.382683 -0.871102 -0.307789
vn -0.000000 -0.942874 -0.333149
vn 0.382683 -0.871102 -0.307789
vn 0.707107 -0.666713 -0.235572
vn 0.923880 -0.360822 -0.127491
vn 0.923880 0.361573 0.125345
vn 0.707107 0.668100 0.231608
vn 0.382683 0.872915 0.302610
vn 0.000000 0.944836 0.327543
vn -0.382683 0.872915 0.302610
vn -0.707107 0.668100 0.231608
vn -0.923880 0.361573 0.125345
vn -0.923880 -0.361573 -0.125345
vn -0.707107 -0.668100 -0.231608
vn -0.382683 -0.872915 -0.302610
vn -0.000000 -0.944836 -0.327543
vn 0.382683 -0.872915 -0.302610
vn 0.707107 -0.668100 -0.231608
vn 0.923880 -0.361573 -0.125345
vn 0.923880 0.362314 0.123187
vn 0.707107 0.669469 0.227620
vn 0.382683 0.874704 0.297399
vn 0.000000 0.946773 0.321903
vn -0.382683 0.874704 0.297399
vn -0.707107 0.669469 0.227620
vn -0.923880 0.362314 0.123187
vn -0.923880 -0.362314 -0.123187
vn -0.707107 -0.669469 -0.227620
vn -0.382683 -0.874704 -0.297399
vn -0.000000 -0.946773 -0.321903
vn 0.382683 -0.874704 -0.297399
vn 0.707107 -0.669469 -0.227620
vn 0.923880 -0.362314 -0.123187
vn 0.923880 0.363045 0.121015
vn 0.707107 0.670820 0.223607
vn 0.382683 0.876469 0.292156
vn 0.000000 0.948683 0.316228
vn -0.382683 0.876469 0.292156
vn -0.707107 0.670820 0.223607
vn -0.923880 0.363045 0.121015
vn -0.923880 -0.363045 -0.121015
vn -0.707107 -0.670820 -0.223607
vn -0.382683 -0.876469 -0.292156
vn -0.000000 -0.948683 -0.316228
vn 0.382683 -0.876469 -0.292156
vn 0.707107 -0.670820 -0.223607
vn 0.923880 -0.363045 -0.121015
vn 0.923880 0.363766 0.118830
vn 0.707107 0.672153 0.219570
vn 0.382683 0.878210 0.286882
vn 0.000000 0.950567 0.310519
vn -0.382683 0.878210 0.286882
vn -0.707107 0.672153 0.219570
vn -0.923880 0.363766 0.118830
vn -0.923880 -0.363766 -0.118830
vn -0.707107 -0.672153 -0.219570
vn -0.382683 -0.878210 -0.286882
vn -0.000000 -0.950567 -0.310519
vn 0.382683 -0.878210 -0.286882
vn 0.707107 -0.672153 -0.219570
vn 0.923880 -0.363766 -0.118830
vn 0.923880 0.364477 0.116633
vn 0.707107 0.673466 0.215509
vn 0.382683 0.879925 0.281576
vn 0.000000 0.952424 0.304776
vn -0.382683 0.879925 0.281576
vn -0.707107 0.673466 0.215509
vn -0.923880 0.364477 0.116633
vn -0.923880 -0.364477 -0.116633
vn -0.707107 -0.673466 -0.215509
vn -0.382683 -0.879925 -0.281576
vn -0.000000 -0.952424 -0.304776
vn 0.382683 -0.879925 -0.281576
vn 0.707107 -0.673466 -0.215509
vn 0.923880 -0.364477 -0.116633
vn 0.923880 0.365177 0.114422
vn 0.707107 0.674759 0.211424
vn 0.382683 0.881615 0.276239
vn 0.000000 0.954253 0.298999
vn -0.382683 0.881615 0.276239
vn -0.707107 0.674759 0.211424
vn -0.923880 0.365177 0.114422
vn -0.923880 -0.365177 -0.114422
vn -0.707107 -0.674759 -0.211424
vn -0.382683 -0.881615 -0.276239
vn -0.000000 -0.954253 -0.298999
vn 0.382683 -0.881615 -0.276239
vn 0.707107 -0.674759 -0.211424
vn 0.923880 -0.365177 -0.114422
vn 0.923880 0.365866 0.112199
vn 0.707107 0.676032 0.207317
vn 0.382683 0.883279 0.270872
vn 0.000000 0.956054 0.293190
vn -0.382683 0.883279 0.270872
vn -0.707107 0.676032 0.207317
vn -0.923880 0.365866 0.112199
vn -0.923880 -0.365866 -0.112199
vn -0.707107 -0.676032 -0.207317
vn -0.382683 -0.883279 -0.270872
vn -0.000000 -0.956054 -0.293190
vn 0.382683 -0.883279 -0.270872
vn 0.707107 -0.676032 -0.207317
vn 0.923880 -0.365866 -0.112199
vn 0.923880 0.366544 0.109963
vn 0.707107 0.677285 0.203186
vn 0.382683 0.884916 0.265475
vn 0.000000 0.957826 0.287348
vn -0.382683 0.884916 0.265475
vn -0.707107 0.677285 0.203186
vn -0.923880 0.366544 0.109963
vn -0.923880 -0.366544 -0.109963
vn -0.707107 -0.677285 -0.203186
vn -0.382683 -0.884916 -0.265475
vn -0.000000 -0.957826 -0.287348
vn 0.382683 -0.884916 -0.265475
vn 0.707107 -0.677285 -0.203186
vn 0.923880 -0.366544 -0.109963
vn 0.923880 0.367211 0.107715
vn 0.707107 0.678518 0.199032
vn 0.382683 0.886526 0.260048
vn 0.000000 0.959569 0.281474
vn -0.382683 0.886526 0.260048
vn -0.707107 0.678518 0.199032
vn -0.923880 0.367211 0.107715
vn -0.923880 -0.367211 -0.107715
vn -0.707107 -0.678518 -0.199032
vn -0.382683 -0.886526 -0.260048
vn -0.000000 -0.959569 -0.281474
vn 0.382683 -0.886526 -0.260048
vn 0.707107 -0.678518 -0.199032
vn 0.923880 -0.367211 -0.107715
vn 0.923880 0.367867 0.105455
vn 0.707107 0.679729 0.194856
vn 0.382683 0.888109 0.254591
vn 0.000000 0.961282 0.275567
vn -0.382683 0.888109 0.254591
vn -0.707107 0.679729 0.194856
vn -0.923880 0.367867 0.105455
vn -0.923880 -0.367867 -0.105455
vn -0.707107 -0.679729 -0.194856
vn -0.382683 -0.888109 -0.254591
vn -0.000000 -0.961282 -0.275567
vn 0.382683 -0.888109 -0.254591
vn 0.707107 -0.679729 -0.194856
vn 0.923880 -0.367867 -0.105455
vn 0.923880 0.368237 0.104153
vn 0.707107 0.680414 0.192450
vn 0.382683 0.889003 0.251448
vn 0.000000 0.962250 0.272166
vn -0.382683 0.889003 0.251448
vn -0.707107 0.680414 0.192450
vn -0.923880 0.368237 0.104153
vn -0.923880 -0.368237 -0.104153
vn -0.707107 -0.680414 -0.192450
vn -0.382683 -0.889003 -0.251448
vn -0.000000 -0.962250 -0.272166
vn 0.382683 -0.889003 -0.251448
vn 0.707107 -0.680414 -0.192450
vn 0.923880 -0.368237 -0.104153
vn 0.923880 0.368510 0.103183
vn 0.707107 0.680918 0.190657
vn 0.382683 0.889663 0.249106
vn 0.000000 0.962964 0.269630
vn -0.382683 0.889663 0.249106
vn -0.707107 0.680918 0.190657
vn -0.923880 0.368510 0.103183
vn -0.923880 -0.368510 -0.103183
vn -0.707107 -0.680918 -0.190657
vn -0.382683 -0.889663 -0.249106
vn -0.000000 -0.962964 -0.269630
vn 0.382683 -0.889663 -0.249106
vn 0.707107 -0.680918 -0.190657
vn 0.923880 -0.368510 -0.103183
vn 0.923880 0.369142 0.100899
vn 0.707107 0.682086 0.186437
vn 0.382683 0.891188 0.243591
vn 0.000000 0.964615 0.263662
vn -0.382683 0.891188 0.243591
vn -0.707107 0.682086 0.186437
vn -0.923880 0.369142 0.100899
vn -0.923880 -0.369142 -0.100899
vn -0.707107 -0.682086 -0.186437
vn -0.382683 -0.891188 -0.243591
vn -0.000000 -0.964615 -0.263662
vn 0.382683 -0.891188 -0.243591
vn 0.707107 -0.682086 -0.186437
vn 0.923880 -0.369142 -0.100899
vn 0.923880 0.369762 0.098603
vn 0.707107 0.683231 0.182195
vn 0.382683 0.892685 0.238049
vn 0.000000 0.966235 0.257663
vn -0.382683 0.892685 0.238049
vn -0.707107 0.683231 0.182195
vn -0.923880 0.369762 0.098603
vn -0.923880 -0.369762 -0.098603
vn -0.707107 -0.683231 -0.182195
vn -0.382683 -0.892685 -0.238049
vn -0.000000 -0.966235 -0.257663
vn 0.382683 -0.892685 -0.238049
vn 0.707107 -0.683231 -0.182195
vn 0.923880 -0.369762 -0.098603
vn 0.923880 0.370370 0.096296
vn 0.707107 0.684354 0.177932
vn 0.382683 0.894151 0.232479
vn 0.000000 0.967823 0.251634
vn -0.382683 0.894151 0.232479
vn -0.707107 0.684354 0.177932
vn -0.923880 0.370370 0.096296
vn -0.923880 -0.370370 -0.096296
vn -0.707107 -0.684354 -0.177932
vn -0.382683 -0.894151 -0.232479
vn -0.000000 -0.967823 -0.251634
vn 0.382683 -0.894151 -0.232479
vn 0.707107 -0.684354 -0.177932
vn 0.923880 -0.370370 -0.096296
vn 0.923880 0.370965 0.093978
vn 0.707107 0.685453 0.173648
vn 0.382683 0.895588 0.226882
vn 0.000000 0.969377 0.245576
vn -0.382683 0.895588 0.226882
vn -0.707107 0.685453 0.173648
vn -0.923880 0.370965 0.093978
vn -0.923880 -0.370965 -0.093978
vn -0.707107 -0.685453 -0.173648
vn -0.382683 -0.895588 -0.226882
vn -0.000000 -0.969377 -0.245576
vn 0.382683 -0.895588 -0.226882
vn 0.707107 -0.685453 -0.173648
vn 0.923880 -0.370965 -0.093978
vn 0.923880 0.371547 0.091648
vn 0.707107 0.686529 0.169344
vn 0.382683 0.896994 0.221258
vn 0.000000 0.970899 0.239488
vn -0.382683 0.896994 0.221258
vn -0.707107 0.686529 0.169344
vn -0.923880 0.371547 0.091648
vn -0.923880 -0.371547 -0.091648
vn -0.707107 -0.686529 -0.169344
vn -0.382683 -0.896994 -0.221258
vn -0.000000 -0.970899 -0.239488
vn 0.382683 -0.896994 -0.221258
vn 0.707107 -0.686529 -0.169344
vn 0.923880 -0.371547 -0.091648
vn 0.923880 0.372117 0.089308
vn 0.707107 0.687582 0.165020
vn 0.382683 0.898369 0.215608
vn 0.000000 0.972387 0.233373
vn -0.382683 0.898369 0.215608
vn -0.707107 0.687582 0.165020
vn -0.923880 0.372117 0.089308
vn -0.923880 -0.372117 -0.089308
vn -0.707107 -0.687582 -0.165020
vn -0.382683 -0.898369 -0.215608
vn -0.000000 -0.972387 -0.233373
vn 0.382683 -0.898369 -0.215608
vn 0.707107 -0.687582 -0.165020
vn 0.923880 -0.372117 -0.089308
vn 0.923880 0.372673 0.086957
vn 0.707107 0.688610 0.160676
vn 0.382683 0.899712 0.209933
vn 0.000000 0.973841 0.227230
vn -0.382683 0.899712 0.209933
vn -0.707107 0.688610 0.160676
vn -0.923880 0.372673 0.086957
vn -0.923880 -0.372673 -0.086957
vn -0.707107 -0.688610 -0.160676
vn -0.382683 -0.899712 -0.209933
vn -0.000000 -0.973841 -0.227230
vn 0.382683 -0.899712 -0.209933
vn 0.707107 -0.688610 -0.160676
vn 0.923880 -0.372673 -0.086957
vn 0.923880 0.373216 0.084596
vn 0.707107 0.689613 0.156312
vn 0.382683 0.901023 0.204232
vn 0.000000 0.975260 0.221059
vn -0.382683 0.901023 0.204232
vn -0.707107 0.689613 0.156312
vn -0.923880 0.373216 0.084596
vn -0.923880 -0.373216 -0.084596
vn -0.707107 -0.689613 -0.156312
vn -0.382683 -0.901023 -0.204232
vn -0.000000 -0.975260 -0.221059
vn 0.382683 -0.901023 -0.204232
vn 0.707107 -0.689613 -0.156312
vn 0.923880 -0.373216 -0.084596
vn 0.923880 0.373746 0.082224
vn 0.707107 0.690592 0.151930
vn 0.382683 0.902302 0.198506
vn 0.000000 0.976644 0.214862
vn -0.382683 0.902302 0.198506
vn -0.707107 0.690592 0.151930
vn -0.923880 0.373746 0.082224
vn -0.923880 -0.373746 -0.082224
vn -0.707107 -0.690592 -0.151930
vn -0.382683 -0.902302 -0.198506
vn -0.000000 -0.976644 -0.214862
vn 0.382683 -0.902302 -0.198506
vn 0.707107 -0.690592 -0.151930
vn 0.923880 -0.373746 -0.082224
vn 0.923880 0.374262 0.079842
vn 0.707107 0.691545 0.147530
vn 0.382683 0.903548 0.192757
vn 0.000000 0.977993 0.208638
vn -0.382683 0.903548 0.192757
vn -0.707107 0.691545 0.147530
vn -0.923880 0.374262 0.079842
vn -0.923880 -0.374262 -0.079842
vn -0.707107 -0.691545 -0.147530
vn -0.382683 -0.903548 -0.192757
vn -0.000000 -0.977993 -0.208638
vn 0.382683 -0.903548 -0.192757
vn 0.707107 -0.691545 -0.147530
vn 0.923880 -0.374262 -0.079842
vn 0.923880 0.374764 0.077451
vn 0.707107 0.692473 0.143111
vn 0.382683 0.904760 0.186984
vn 0.000000 0.979305 0.202390
vn -0.382683 0.904760 0.186984
vn -0.707107 0.692473 0.143111
vn -0.923880 0.374764 0.077451
vn -0.923880 -0.374764 -0.077451
vn -0.707107 -0.692473 -0.143111
vn -0.382683 -0.904760 -0.186984
vn -0.000000 -0.979305 -0.202390
vn 0.382683 -0.904760 -0.186984
vn 0.707107 -0.692473 -0.143111
vn 0.923880 -0.374764 -0.077451
vn 0.923880 0.375252 0.075050
vn 0.707107 0.693375 0.138675
vn 0.382683 0.905938 0.181188
vn 0.000000 0.980581 0.196116
vn -0.382683 0.905938 0.181188
vn -0.707107 0.693375 0.138675
vn -0.923880 0.375252 0.075050
vn -0.923880 -0.375252 -0.075050
vn -0.707107 -0.693375 -0.138675
vn -0.382683 -0.905938 -0.181188
vn -0.000000 -0.980581 -0.196116
vn 0.382683 -0.905938 -0.181188
vn 0.707107 -0.693375 -0.138675
vn 0.923880 -0.375252 -0.075050
vn 0.923880 0.375726 0.072640
vn 0.707107 0.694251 0.134222
vn 0.382683 0.907083 0.175369
vn 0.000000 0.981819 0.189818
vn -0.382683 0.907083 0.175369
vn -0.707107 0.694251 0.134222
vn -0.923880 0.375726 0.072640
vn -0.923880 -0.375726 -0.072640
vn -0.707107 -0.694251 -0.134222
vn -0.382683 -0.907083 -0.175369
vn -0.000000 -0.981819 -0.189818
vn 0.382683 -0.907083 -0.175369
vn 0.707107 -0.694251 -0.134222
vn 0.923880 -0.375726 -0.072640
vn 0.923880 0.376186 0.070221
vn 0.707107 0.695100 0.129752
vn 0.382683 0.908192 0.169529
vn 0.000000 0.983020 0.183497
vn -0.382683 0.908192 0.169529
vn -0.707107 0.695100 0.129752
vn -0.923880 0.376186 0.070221
vn -0.923880 -0.376186 -0.070221
vn -0.707107 -0.695100 -0.129752
vn -0.382683 -0.908192 -0.169529
vn -0.000000 -0.983020 -0.183497
vn 0.382683 -0.908192 -0.169529
vn 0.707107 -0.695100 -0.129752
vn 0.923880 -0.376186 -0.070221
vn 0.923880 0.376631 0.067794
vn 0.707107 0.695923 0.125266
vn 0.382683 0.909267 0.163668
vn 0.000000 0.984183 0.177153
vn -0.382683 0.909267 0.163668
vn -0.707107 0.695923 0.125266
vn -0.923880 0.376631 0.067794
vn -0.923880 -0.376631 -0.067794
vn -0.707107 -0.695923 -0.125266
vn -0.382683 -0.909267 -0.163668
vn -0.000000 -0.984183 -0.177153
vn 0.382683 -0.909267 -0.163668
vn 0.707107 -0.695923 -0.125266
vn 0.923880 -0.376631 -0.067794
vn 0.923880 0.377061 0.065357
vn 0.707107 0.696718 0.120764
vn 0.382683 0.910306 0.157786
vn 0.000000 0.985308 0.170787
vn -0.382683 0.910306 0.157786
vn -0.707107 0.696718 0.120764
vn -0.923880 0.377061 0.065357
vn -0.923880 -0.377061 -0.065357
vn -0.707107 -0.696718 -0.120764
vn -0.382683 -0.910306 -0.157786
vn -0.000000 -0.985308 -0.170787
vn 0.382683 -0.910306 -0.157786
vn 0.707107 -0.696718 -0.120764
vn 0.923880 -0.377061 -0.065357
vn 0.923880 0.377477 0.062913
vn 0.707107 0.697486 0.116248
vn 0.382683 0.911309 0.151885
vn 0.000000 0.986394 0.164399
vn -0.382683 0.911309 0.151885
vn -0.707107 0.697486 0.116248
vn -0.923880 0.377477 0.062913
vn -0.923880 -0.377477 -0.062913
vn -0.707107 -0.697486 -0.116248
vn -0.382683 -0.911309 -0.151885
vn -0.000000 -0.986394 -0.164399
vn 0.382683 -0.911309 -0.151885
vn 0.707107 -0.697486 -0.116248
vn 0.923880 -0.377477 -0.062913
vn 0.923880 0.377877 0.060460
vn 0.707107 0.698226 0.111716
vn 0.382683 0.912276 0.145964
vn 0.000000 0.987441 0.157991
vn -0.382683 0.912276 0.145964
vn -0.707107 0.698226 0.111716
vn -0.923880 0.377877 0.060460
vn -0.923880 -0.377877 -0.060460
vn -0.707107 -0.698226 -0.111716
vn -0.382683 -0.912276 -0.145964
vn -0.000000 -0.987441 -0.157991
vn 0.382683 -0.912276 -0.145964
vn 0.707107 -0.698226 -0.111716
vn 0.923880 -0.377877 -0.060460
vn 0.923880 0.378263 0.058000
vn 0.707107 0.698938 0.107171
vn 0.382683 0.913207 0.140025
vn 0.000000 0.988448 0.151562
vn -0.382683 0.913207 0.140025
vn -0.707107 0.698938 0.107171
vn -0.923880 0.378263 0.058000
vn -0.923880 -0.378263 -0.058000
vn -0.707107 -0.698938 -0.107171
vn -0.382683 -0.913207 -0.140025
vn -0.000000 -0.988448 -0.151562
vn 0.382683 -0.913207 -0.140025
vn 0.707107 -0.698938 -0.107171
vn 0.923880 -0.378263 -0.058000
vn 0.923880 0.378633 0.055533
vn 0.707107 0.699622 0.102611
vn 0.382683 0.914100 0.134068
vn 0.000000 0.989415 0.145114
vn -0.382683 0.914100 0.134068
vn -0.707107 0.699622 0.102611
vn -0.923880 0.378633 0.055533
vn -0.923880 -0.378633 -0.055533
vn -0.707107 -0.699622 -0.102611
vn -0.382683 -0.914100 -0.134068
vn -0.000000 -0.989415 -0.145114
vn 0.382683 -0.914100 -0.134068
vn 0.707107 -0.699622 -0.102611
vn 0.923880 -0.378633 -0.055533
vn 0.923880 0.378987 0.053058
vn 0.707107 0.700277 0.098039
vn 0.382683 0.914956 0.128094
vn 0.000000 0.990342 0.138648
vn -0.382683 0.914956 0.128094
vn -0.707107 0.700277 0.098039
vn -0.923880 0.378987 0.053058
vn -0.923880 -0.378987 -0.053058
vn -0.707107 -0.700277 -0.098039
vn -0.382683 -0.914956 -0.128094
vn -0.000000 -0.990342 -0.138648
vn 0.382683 -0.914956 -0.128094
vn 0.707107 -0.700277 -0.098039
vn 0.923880 -0.378987 -0.053058
vn 0.923880 0.379326 0.050577
vn 0.707107 0.700904 0.093454
vn 0.382683 0.915775 0.122103
vn 0.000000 0.991228 0.132164
vn -0.382683 0.915775 0.122103
vn -0.707107 0.700904 0.093454
vn -0.923880 0.379326 0.050577
vn -0.923880 -0.379326 -0.050577
vn -0.707107 -0.700904 -0.093454
vn -0.382683 -0.915775 -0.122103
vn -0.000000 -0.991228 -0.132164
vn 0.382683 -0.915775 -0.122103
vn 0.707107 -0.700904 -0.093454
vn 0.923880 -0.379326 -0.050577
vn 0.923880 0.379650 0.048089
vn 0.707107 0.701502 0.088857
vn 0.382683 0.916556 0.116097
vn 0.000000 0.992073 0.125663
vn -0.382683 0.916556 0.116097
vn -0.707107 0.701502 0.088857
vn -0.923880 0.379650 0.048089
vn -0.923880 -0.379650 -0.048089
vn -0.707107 -0.701502 -0.088857
vn -0.382683 -0.916556 -0.116097
vn -0.000000 -0.992073 -0.125663
vn 0.382683 -0.916556 -0.116097
vn 0.707107 -0.701502 -0.088857
vn 0.923880 -0.379650 -0.048089
vn 0.923880 0.379958 0.045595
vn 0.707107 0.702070 0.084248
vn 0.382683 0.917299 0.110076
vn 0.000000 0.992877 0.119145
vn -0.382683 0.917299 0.110076
vn -0.707107 0.702070 0.084248
vn -0.923880 0.379958 0.045595
vn -0.923880 -0.379958 -0.045595
vn -0.707107 -0.702070 -0.084248
vn -0.382683 -0.917299 -0.110076
vn -0.000000 -0.992877 -0.119145
vn 0.382683 -0.917299 -0.110076
vn 0.707107 -0.702070 -0.084248
vn 0.923880 -0.379958 -0.045595
vn 0.923880 0.380249 0.043095
vn 0.707107 0.702609 0.079629
vn 0.382683 0.918003 0.104040
vn 0.000000 0.993639 0.112612
vn -0.382683 0.918003 0.104040
vn -0.707107 0.702609 0.079629
vn -0.923880 0.380249 0.043095
vn -0.923880 -0.380249 -0.043095
vn -0.707107 -0.702609 -0.079629
vn -0.382683 -0.918003 -0.104040
vn -0.000000 -0.993639 -0.112612
vn 0.382683 -0.918003 -0.104040
vn 0.707107 -0.702609 -0.079629
vn 0.923880 -0.380249 -0.043095
vn 0.923880 0.380525 0.040589
vn 0.707107 0.703118 0.074999
vn 0.382683 0.918668 0.097991
vn 0.000000 0.994359 0.106065
vn -0.382683 0.918668 0.097991
vn -0.707107 0.703118 0.074999
vn -0.923880 0.380525 0.040589
vn -0.923880 -0.380525 -0.040589
vn -0.707107 -0.703118 -0.074999
vn -0.382683 -0.918668 -0.097991
vn -0.000000 -0.994359 -0.106065
vn 0.382683 -0.918668 -0.097991
vn 0.707107 -0.703118 -0.074999
vn 0.923880 -0.380525 -0.040589
vn 0.923880 0.380784 0.038078
vn 0.707107 0.703598 0.070360
vn 0.382683 0.919294 0.091929
vn 0.000000 0.995037 0.099504
vn -0.382683 0.919294 0.091929
vn -0.707107 0.703598 0.070360
vn -0.923880 0.380784 0.038078
vn -0.923880 -0.380784 -0.038078
vn -0.707107 -0.703598 -0.070360
vn -0.382683 -0.919294 -0.091929
vn -0.000000 -0.995037 -0.099504
vn 0.382683 -0.919294 -0.091929
vn 0.707107 -0.703598 -0.070360
vn 0.923880 -0.380784 -0.038078
vn 0.923880 0.381027 0.035563
vn 0.707107 0.704047 0.065711
vn 0.382683 0.919882 0.085856
vn 0.000000 0.995673 0.092929
vn -0.382683 0.919882 0.085856
vn -0.707107 0.704047 0.065711
vn -0.923880 0.381027 0.035563
vn -0.923880 -0.381027 -0.035563
vn -0.707107 -0.704047 -0.065711
vn -0.382683 -0.919882 -0.085856
vn -0.000000 -0.995673 -0.092929
vn 0.382683 -0.919882 -0.085856
vn 0.707107 -0.704047 -0.065711
vn 0.923880 -0.381027 -0.035563
vn 0.923880 0.381254 0.033042
vn 0.707107 0.704466 0.061054
vn 0.382683 0.920429 0.079771
vn 0.000000 0.996265 0.086343
vn -0.382683 0.920429 0.079771
vn -0.707107 0.704466 0.061054
vn -0.923880 0.381254 0.033042
vn -0.923880 -0.381254 -0.033042
vn -0.707107 -0.704466 -0.061054
vn -0.382683 -0.920429 -0.079771
vn -0.000000 -0.996265 -0.086343
vn 0.382683 -0.920429 -0.079771
vn 0.707107 -0.704466 -0.061054
vn 0.923880 -0.381254 -0.033042
vn 0.923880 0.381465 0.030517
vn 0.707107 0.704855 0.056388
vn 0.382683 0.920937 0.073675
vn 0.000000 0.996815 0.079745
vn -0.382683 0.920937 0.073675
vn -0.707107 0.704855 0.056388
vn -0.923880 0.381465 0.030517
vn -0.923880 -0.381465 -0.030517
vn -0.707107 -0.704855 -0.056388
vn -0.382683 -0.920937 -0.073675
vn -0.000000 -0.996815 -0.079745
vn 0.382683 -0.920937 -0.073675
vn 0.707107 -0.704855 -0.056388
vn 0.923880 -0.381465 -0.030517
vn 0.923880 0.381659 0.027988
vn 0.707107 0.705213 0.051716
vn 0.382683 0.921405 0.067570
vn 0.000000 0.997322 0.073137
vn -0.382683 0.921405 0.067570
vn -0.707107 0.705213 0.051716
vn -0.923880 0.381659 0.027988
vn -0.923880 -0.381659 -0.027988
vn -0.707107 -0.705213 -0.051716
vn -0.382683 -0.921405 -0.067570
vn -0.000000 -0.997322 -0.073137
vn 0.382683 -0.921405 -0.067570
vn 0.707107 -0.705213 -0.051716
vn 0.923880 -0.381659 -0.027988
vn 0.923880 0.381836 0.025456
vn 0.707107 0.705541 0.047036
vn 0.382683 0.921833 0.061456
vn 0.000000 0.997785 0.066519
vn -0.382683 0.921833 0.061456
vn -0.707107 0.705541 0.047036
vn -0.923880 0.381836 0.025456
vn -0.923880 -0.381836 -0.025456
vn -0.707107 -0.705541 -0.047036
vn -0.382683 -0.921833 -0.061456
vn -0.000000 -0.997785 -0.066519
vn 0.382683 -0.921833 -0.061456
vn 0.707107 -0.705541 -0.047036
vn 0.923880 -0.381836 -0.025456
vn 0.923880 0.381996 0.022920
vn 0.707107 0.705837 0.042350
vn 0.382683 0.922221 0.055333
vn 0.000000 0.998205 0.059892
vn -0.382683 0.922221 0.055333
vn -0.707107 0.705837 0.042350
vn -0.923880 0.381996 0.022920
vn -0.923880 -0.381996 -0.022920
vn -0.707107 -0.705837 -0.042350
vn -0.382683 -0.922221 -0.055333
vn -0.000000 -0.998205 -0.059892
vn 0.382683 -0.922221 -0.055333
vn 0.707107 -0.705837 -0.042350
vn 0.923880 -0.381996 -0.022920
vn 0.923880 0.382140 0.020381
vn 0.707107 0.706103 0.037659
vn 0.382683 0.922568 0.049204
vn 0.000000 0.998581 0.053258
vn -0.382683 0.922568 0.049204
vn -0.707107 0.706103 0.037659
vn -0.923880 0.382140 0.020381
vn -0.923880 -0.382140 -0.020381
vn -0.707107 -0.706103 -0.037659
vn -0.382683 -0.922568 -0.049204
vn -0.000000 -0.998581 -0.053258
vn 0.382683 -0.922568 -0.049204
vn 0.707107 -0.706103 -0.037659
vn 0.923880 -0.382140 -0.020381
vn 0.923880 0.382267 0.017839
vn 0.707107 0.706338 0.032962
vn 0.382683 0.922875 0.043068
vn 0.000000 0.998913 0.046616
vn -0.382683 0.922875 0.043068
vn -0.707107 0.706338 0.032962
vn -0.923880 0.382267 0.017839
vn -0.923880 -0.382267 -0.017839
vn -0.707107 -0.706338 -0.032962
vn -0.382683 -0.922875 -0.043068
vn -0.000000 -0.998913 -0.046616
vn 0.382683 -0.922875 -0.043068
vn 0.707107 -0.706338 -0.032962
vn 0.923880 -0.382267 -0.017839
vn 0.923880 0.382378 0.015295
vn 0.707107 0.706542 0.028262
vn 0.382683 0.923141 0.036926
vn 0.000000 0.999201 0.039968
vn -0.382683 0.923141 0.036926
vn -0.707107 0.706542 0.028262
vn -0.923880 0.382378 0.015295
vn -0.923880 -0.382378 -0.015295
vn -0.707107 -0.706542 -0.028262
vn -0.382683 -0.923141 -0.036926
vn -0.000000 -0.999201 -0.039968
vn 0.382683 -0.923141 -0.036926
vn 0.707107 -0.706542 -0.028262
vn 0.923880 -0.382378 -0.015295
vn 0.923880 0.382471 0.012749
vn 0.707107 0.706714 0.023557
vn 0.382683 0.923367 0.030779
vn 0.000000 0.999445 0.033315
vn -0.382683 0.923367 0.030779
vn -0.707107 0.706714 0.023557
vn -0.923880 0.382471 0.012749
vn -0.923880 -0.382471 -0.012749
vn -0.707107 -0.706714 -0.023557
vn -0.382683 -0.923367 -0.030779
vn -0.000000 -0.999445 -0.033315
vn 0.382683 -0.923367 -0.030779
vn 0.707107 -0.706714 -0.023557
vn 0.923880 -0.382471 -0.012749
vn 0.923880 0.382547 0.010201
vn 0.707107 0.706855 0.018849
vn 0.382683 0.923551 0.024628
vn 0.000000 0.999645 0.026657
vn -0.382683 0.923551 0.024628
vn -0.707107 0.706855 0.018849
vn -0.923880 0.382547 0.010201
vn -0.923880 -0.382547 -0.010201
vn -0.707107 -0.706855 -0.018849
vn -0.382683 -0.923551 -0.024628
vn -0.000000 -0.999645 -0.026657
vn 0.382683 -0.923551 -0.024628
vn 0.707107 -0.706855 -0.018849
vn 0.923880 -0.382547 -0.010201
vn 0.923880 0.382607 0.007652
vn 0.707107 0.706965 0.014139
vn 0.382683 0.923695 0.018474
vn 0.000000 0.999800 0.019996
vn -0.382683 0.923695 0.018474
vn -0.707107 0.706965 0.014139
vn -0.923880 0.382607 0.007652
vn -0.923880 -0.382607 -0.007652
vn -0.707107 -0.706965 -0.014139
vn -0.382683 -0.923695 -0.018474
vn -0.000000 -0.999800 -0.019996
vn 0.382683 -0.923695 -0.018474
vn 0.707107 -0.706965 -0.014139
vn 0.923880 -0.382607 -0.007652
vn 0.923880 0.382649 0.005102
vn 0.707107 0.707044 0.009427
vn 0.382683 0.923797 0.012317
vn 0.000000 0.999911 0.013332
vn -0.382683 0.923797 0.012317
vn -0.707107 0.707044 0.009427
vn -0.923880 0.382649 0.005102
vn -0.923880 -0.382649 -0.005102
vn -0.707107 -0.707044 -0.009427
vn -0.382683 -0.923797 -0.012317
vn -0.000000 -0.999911 -0.013332
vn 0.382683 -0.923797 -0.012317
vn 0.707107 -0.707044 -0.009427
vn 0.923880 -0.382649 -0.005102
vn 0.923880 0.382675 0.002551
vn 0.707107 0.707091 0.004714
vn 0.382683 0.923859 0.006159
vn 0.000000 0.999978 0.006667
vn -0.382683 0.923859 0.006159
vn -0.707107 0.707091 0.004714
vn -0.923880 0.382675 0.002551
vn -0.923880 -0.382675 -0.002551
vn -0.707107 -0.707091 -0.004714
vn -0.382683 -0.923859 -0.006159
vn -0.000000 -0.999978 -0.006667
vn 0.382683 -0.923859 -0.006159
vn 0.707107 -0.707091 -0.004714
vn 0.923880 -0.382675 -0.002551
vn 0.923880 0.382683 0.000019
vn 0.707107 0.707107 0.000035
vn 0.382683 0.923880 0.000046
vn 0.000000 1.000000 0.000050
vn -0.382683 0.923880 0.000046
vn -0.707107 0.707107 0.000035
vn -0.923880 0.382683 0.000019
vn -0.923880 -0.382683 -0.000019
vn -0.707107 -0.707107 -0.000035
vn -0.382683 -0.923880 -0.000046
vn -0.000000 -1.000000 -0.000050
vn 0.382683 -0.923880 -0.000046
vn 0.707107 -0.707107 -0.000035
vn 0.923880 -0.382683 -0.000019
vn 0.000000 0.000000 -1.000000
usemtl body
f 1/1/1 2/2/1 3/3/1
f 1/1/1 3/3/1 4/4/1
f 1/1/1 4/4/1 5/5/1
f 1/1/1 5/5/1 6/6/1
f 1/1/1 6/6/1 7/7/1
f 1/1/1 7/7/1 8/8/1
f 1/1/1 8/8/1 9/9/1
f 1/1/1 9/9/1 10/10/1
f 1/1/1 10/10/1 11/11/1
f 1/1/1 11/11/1 12/12/1
f 1/1/1 12/12/1 13/13/1
f 1/1/1 13/13/1 14/14/1
f 1/1/1 14/14/1 15/15/1
f 1/1/1 15/15/1 16/16/1
f 1/1/1 16/16/1 17/17/1
f 1/1/1 17/17/1 2/2/1
f 2/18/2 18/19/2 19/20/3
f 2/18/2 19/20/3 3/21/4
f 3/21/4 19/20/3 20/22/5
f 3/21/4 20/22/5 4/23/6
f 4/23/6 20/22/5 21/24/7
f 4/23/6 21/24/7 5/25/8
f 5/25/8 21/24/7 22/26/9
f 5/25/8 22/26/9 6/27/10
f 6/27/10 22/26/9 23/28/11
f 6/27/10 23/28/11 7/29/12
f 7/29/12 23/28/11 24/30/13
f 7/29/12 24/30/13 8/31/14
f 8/31/14 24/30/13 25/32/15
f 8/31/14 25/32/15 9/33/16
f 9/33/16 25/32/15 26/34/17
f 9/33/16 26/34/17 10/35/17
f 10/35/17 26/34/17 27/36/18
f 10/35/17 27/36/18 11/37/19
f 11/37/19 27/36/18 28/38/20
f 11/37/19 28/38/20 12/39/21
f 12/39/21 28/38/20 29/40/22
f 12/39/21 29/40/22 13/41/23
f 13/41/23 29/40/22 30/42/24
f 13/41/23 30/42/24 14/43/25
f 14/43/25 30/42/24 31/44/26
f 14/43/25 31/44/26 15/45/27
f 15/45/27 31/44/26 32/46/28
f 15/45/27 32/46/28 16/47/29
f 16/47/29 32/46/28 33/48/30
f 16/47/29 33/48/30 17/49/31
f 17/49/31 33/48/30 18/50/2
f 17/49/31 18/50/2 2/51/2
f 18/19/2 34/52/2 35/53/32
f 18/19/2 35/53/32 19/20/3
f 19/20/3 35/53/32 36/54/33
f 19/20/3 36/54/33 20/22/5
f 20/22/5 36/54/33 37/55/34
f 20/22/5 37/55/34 21/24/7
f 21/24/7 37/55/34 38/56/35
f 21/24/7 38/56/35 22/26/9
f 22/26/9 38/56/35 39/57/36
f 22/26/9 39/57/36 23/28/11
f 23/28/11 39/57/36 40/58/37
f 23/28/11 40/58/37 24/30/13
f 24/30/13 40/58/37 41/59/38
f 24/30/13 41/59/38 25/32/15
f 25/32/15 41/59/38 42/60/17
f 25/32/15 42/60/17 26/34/17
f 26/34/17 42/60/17 43/61/39
f 26/34/17 43/61/39 27/36/18
f 27/36/18 43/61/39 44/62/40
f 27/36/18 44/62/40 28/38/20
f 28/38/20 44/62/40 45/63/41
f 28/38/20 45/63/41 29/40/22
f 29/40/22 45/63/41 46/64/42
f 29/40/22 46/64/42 30/42/24
f 30/42/24 46/64/42 47/65/43
f 30/42/24 47/65/43 31/44/26
f 31/44/26 47/65/43 48/66/44
f 31/44/26 48/66/44 32/46/28
f 32/46/28 48/66/44 49/67/45
f 32/46/28 49/67/45 33/48/30
f 33/48/30 49/67/45 34/68/2
f 33/48/30 34/68/2 18/50/2
f 34/52/2 50/69/2 51/70/46
f 34/52/2 51/70/46 35/53/32
f 35/53/32 51/70/46 52/71/47
f 35/53/32 52/71/47 36/54/33
f 36/54/33 52/71/47 53/72/48
f 36/54/33 53/72/48 37/55/34
f 37/55/34 53/72/48 54/73/49
f 37/55/34 54/73/49 38/56/35
f 38/56/35 54/73/49 55/74/50
f 38/56/35 55/74/50 39/57/36
f 39/57/36 55/74/50 56/75/51
f 39/57/36 56/75/51 40/58/37
f 40/58/37 56/75/51 57/76/52
f 40/58/37 57/76/52 41/59/38
f 41/59/38 57/76/52 58/77/17
f 41/59/38 58/77/17 42/60/17
f 42/60/17 58/77/17 59/78/53
f 42/60/17 59/78/53 43/61/39
f 43/61/39 59/78/53 60/79/54
f 43/61/39 60/79/54 44/62/40
f 44/62/40 60/79/54 61/80/55
f 44/62/40 61/80/55 45/63/41
f 45/63/41 61/80/55 62/81/56
f 45/63/41 62/81/56 46/64/42
f 46/64/42 62/81/56 63/82/57
f 46/64/42 63/82/57 47/65/43
f 47/65/43 63/82/57 64/83/58
f 47/65/43 64/83/58 48/66/44
f 48/66/44 64/83/58 65/84/59
f 48/66/44 65/84/59 49/67/45
f 49/67/45 65/84/59 50/85/2
f 49/67/45 50/85/2 34/68/2
f 50/69/2 66/86/2 67/87/60
f 50/69/2 67/87/60 51/70/46
f 51/70/46 67/87/60 68/88/61
f 51/70/46 68/88/61 52/71/47
f 52/71/47 68/88/61 69/89/62
f 52/71/47 69/89/62 53/72/48
f 53/72/48 69/89/62 70/90/63
f 53/72/48 70/90/63 54/73/49
f 54/73/49 70/90/63 71/91/64
f 54/73/49 71/91/64 55/74/50
f 55/74/50 71/91/64 72/92/65
f 55/74/50 72/92/65 56/75/51
f 56/75/51 72/92/65 73/93/66
f 56/75/51 73/93/66 57/76/52
f 57/76/52 73/93/66 74/94/17
f 57/76/52 74/94/17 58/77/17
f 58/77/17 74/94/17 75/95/67
f 58/77/17 75/95/67 59/78/53
f 59/78/53 75/95/67 76/96/68
f 59/78/53 76/96/68 60/79/54
f 60/79/54 76/96/68 77/97/69
f 60/79/54 77/97/69 61/80/55
f 61/80/55 77/97/69 78/98/70
f 61/80/55 78/98/70 62/81/56
f 62/81/56 78/98/70 79/99/71
f 62/81/56 79/99/71 63/82/57
f 63/82/57 79/99/71 80/100/72
f 63/82/57 80/100/72 64/83/58
f 64/83/58 80/100/72 81/101/73
f 64/83/58 81/101/73 65/84/59
f 65/84/59 81/101/73 66/102/2
f 65/84/59 66/102/2 50/85/2
f 66/86/2 82/103/2 83/104/74
f 66/86/2 83/104/74 67/87/60
f 67/87/60 83/104/74 84/105/75
f 67/87/60 84/105/75 68/88/61
f 68/88/61 84/105/75 85/106/76
f 68/88/61 85/106/76 69/89/62
f 69/89/62 85/106/76 86/107/77
f 69/89/62 86/107/77 70/90/63
f 70/90/63 86/107/77 87/108/78
f 70/90/63 87/108/78 71/91/64
f 71/91/64 87/108/78 88/109/79
f 71/91/64 88/109/79 72/92/65
f 72/92/65 88/109/79 89/110/80
f 72/92/65 89/110/80 73/93/66
f 73/93/66 89/110/80 90/111/17
f 73/93/66 90/111/17 74/94/17
f 74/94/17 90/111/17 91/112/81
f 74/94/17 91/112/81 75/95/67
f 75/95/67 91/112/81 92/113/82
f 75/95/67 92/113/82 76/96/68
f 76/96/68 92/113/82 93/114/83
f 76/96/68 93/114/83 77/97/69
f 77/97/69 93/114/83 94/115/84
f 77/97/69 94/115/84 78/98/70
f 78/98/70 94/115/84 95/116/85
f 78/98/70 95/116/85 79/99/71
f 79/99/71 95/116/85 96/117/86
f 79/99/71 96/117/86 80/100/72
f 80/100/72 96/117/86 97/118/87
f 80/100/72 97/118/87 81/101/73
f 81/101/73 97/118/87 82/119/2
f 81/101/73 82/119/2 66/102/2
f 82/103/2 98/120/2 99/121/88
f 82/103/2 99/121/88 83/104/74
f 83/104/74 99/121/88 100/122/89
f 83/104/74 100/122/89 84/105/75
f 84/105/75 100/122/89 101/123/90
f 84/105/75 101/123/90 85/106/76
f 85/106/76 101/123/90 102/124/91
f 85/106/76 102/124/91 86/107/77
f 86/107/77 102/124/91 103/125/92
f 86/107/77 103/125/92 87/108/78
f 87/108/78 103/125/92 104/126/93
f 87/108/78 104/126/93 88/109/79
f 88/109/79 104/126/93 105/127/94
f 88/109/79 105/127/94 89/110/80
f 89/110/80 105/127/94 106/128/17
f 89/110/80 106/128/17 90/111/17
f 90/111/17 106/128/17 107/129/95
f 90/111/17 107/129/95 91/112/81
f 91/112/81 107/129/95 108/130/96
f 91/112/81 108/130/96 92/113/82
f 92/113/82 108/130/96 109/131/97
f 92/113/82 109/131/97 93/114/83
f 93/114/83 109/131/97 110/132/98
f 93/114/83 110/132/98 94/115/84
f 94/115/84 110/132/98 111/133/99
f 94/115/84 111/133/99 95/116/85
f 95/116/85 111/133/99 112/134/100
f 95/116/85 112/134/100 96/117/86
f 96/117/86 112/134/100 113/135/101
f 96/117/86 113/135/101 97/118/87
f 97/118/87 113/135/101 98/136/2
f 97/118/87 98/136/2 82/119/2
f 98/120/2 114/137/2 115/138/102
f 98/120/2 115/138/102 99/121/88
f 99/121/88 115/138/102 116/139/103
f 99/121/88 116/139/103 100/122/89
f 100/122/89 116/139/103 117/140/104
f 100/122/89 117/140/104 101/123/90
f 101/123/90 117/140/104 118/141/105
f 101/123/90 118/141/105 102/124/91
f 102/124/91 118/141/105 119/142/106
f 102/124/91 119/142/106 103/125/92
f 103/125/92 119/142/106 120/143/107
f 103/125/92 120/143/107 104/126/93
f 104/126/93 120/143/107 121/144/108
f 104/126/93 121/144/108 105/127/94
f 105/127/94 121/144/108 122/145/17
f 105/127/94 122/145/17 106/128/17
f 106/128/17 122/145/17 123/146/109
f 106/128/17 123/146/109 107/129/95
f 107/129/95 123/146/109 124/147/110
f 107/129/95 124/147/110 108/130/96
f 108/130/96 124/147/110 125/148/111
f 108/130/96 125/148/111 109/131/97
f 109/131/97 125/148/111 126/149/112
f 109/131/97 126/149/112 110/132/98
f 110/132/98 126/149/112 127/150/113
f 110/132/98 127/150/113 111/133/99
f 111/133/99 127/150/113 128/151/114
f 111/133/99 128/151/114 112/134/100
f 112/134/100 128/151/114 129/152/115
f 112/134/100 129/152/115 113/135/101
f 113/135/101 129/152/115 114/153/2
f 113/135/101 114/153/2 98/136/2
f 114/137/2 130/154/2 131/155/116
f 114/137/2 131/155/116 115/138/102
f 115/138/102 131/155/116 132/156/117
f 115/138/102 132/156/117 116/139/103
f 116/139/103 132/156/117 133/157/118
f 116/139/103 133/157/118 117/140/104
f 117/140/104 133/157/118 134/158/119
f 117/140/104 134/158/119 118/141/105
f 118/141/105 134/158/119 135/159/120
f 118/141/105 135/159/120 119/142/106
f 119/142/106 135/159/120 136/160/121
f 119/142/106 136/160/121 120/143/107
f 120/143/107 136/160/121 137/161/122
f 120/143/107 137/161/122 121/144/108
f 121/144/108 137/161/122 138/162/17
f 121/144/108 138/162/17 122/145/17
f 122/145/17 138/162/17 139/163/123
f 122/145/17 139/163/123 123/146/109
f 123/146/109 139/163/123 140/164/124
f 123/146/109 140/164/124 124/147/110
f 124/147/110 140/164/124 141/165/125
f 124/147/110 141/165/125 125/148/111
f 125/148/111 141/165/125 142/166/126
f 125/148/111 142/166/126 126/149/112
f 126/149/112 142/166/126 143/167/127
f 126/149/112 143/167/127 127/150/113
f 127/150/113 143/167/127 144/168/128
f 127/150/113 144/168/128 128/151/114
f 128/151/114 144/168/128 145/169/129
f 128/151/114 145/169/129 129/152/115
f 129/152/115 145/169/129 130/170/2
f 129/152/115 130/170/2 114/153/2
f 130/154/2 146/171/2 147/172/130
f 130/154/2 147/172/130 131/155/116
f 131/155/116 147/172/130 148/173/131
f 131/155/116 148/173/131 132/156/117
f 132/156/117 148/173/131 149/174/132
f 132/156/117 149/174/132 133/157/118
f 133/157/118 149/174/132 150/175/133
f 133/157/118 150/175/133 134/158/119
f 134/158/119 150/175/133 151/176/134
f 134/158/119 151/176/134 135/159/120
f 135/159/120 151/176/134 152/177/135
f 135/159/120 152/177/135 136/160/121
f 136/160/121 152/177/135 153/178/136
f 136/160/121 153/178/136 137/161/122
f 137/161/122 153/178/136 154/179/17
f 137/161/122 154/179/17 138/162/17
f 138/162/17 154/179/17 155/180/137
f 138/162/17 155/180/137 139/163/123
f 139/163/123 155/180/137 156/181/138
f 139/163/123 156/181/138 140/164/124
f 140/164/124 156/181/138 157/182/139
f 140/164/124 157/182/139 141/165/125
f 141/165/125 157/182/139 158/183/140
f 141/165/125 158/183/140 142/166/126
f 142/166/126 158/183/140 159/184/141
f 142/166/126 159/184/141 143/167/127
f 143/167/127 159/184/141 160/185/142
f 143/167/127 160/185/142 144/168/128
f 144/168/128 160/185/142 161/186/143
f 144/168/128 161/186/143 145/169/129
f 145/169/129 161/186/143 146/187/2
f 145/169/129 146/187/2 130/170/2
f 146/171/2 162/188/2 163/189/144
f 146/171/2 163/189/144 147/172/130
f 147/172/130 163/189/144 164/190/145
f 147/172/130 164/190/145 148/173/131
f 148/173/131 164/190/145 165/191/146
f 148/173/131 165/191/146 149/174/132
f 149/174/132 165/191/146 166/192/147
f 149/174/132 166/192/147 150/175/133
f 150/175/133 166/192/147 167/193/148
f 150/175/133 167/193/148 151/176/134
f 151/176/134 167/193/148 168/194/149
f 151/176/134 168/194/149 152/177/135
f 152/177/135 168/194/149 169/195/150
f 152/177/135 169/195/150 153/178/136
f 153/178/136 169/195/150 170/196/17
f 153/178/136 170/196/17 154/179/17
f 154/179/17 170/196/17 171/197/151
f 154/179/17 171/197/151 155/180/137
f 155/180/137 171/197/151 172/198/152
f 155/180/137 172/198/152 156/181/138
f 156/181/138 172/198/152 173/199/153
f 156/181/138 173/199/153 157/182/139
f 157/182/139 173/199/153 174/200/154
f 157/182/139 174/200/154 158/183/140
f 158/183/140 174/200/154 175/201/155
f 158/183/140 175/201/155 159/184/141
f 159/184/141 175/201/155 176/202/156
f 159/184/141 176/202/156 160/185/142
f 160/185/142 176/202/156 177/203/157
f 160/185/142 177/203/157 161/186/143
f 161/186/143 177/203/157 162/204/2
f 161/186/143 162/204/2 146/187/2
f 162/188/2 178/205/2 179/206/158
f 162/188/2 179/206/158 163/189/144
f 163/189/144 179/206/158 180/207/159
f 163/189/144 180/207/159 164/190/145
f 164/190/145 180/207/159 181/208/160
f 164/190/145 181/208/160 165/191/146
f 165/191/146 181/208/160 182/209/161
f 165/191/146 182/209/161 166/192/147
f 166/192/147 182/209/161 183/210/162
f 166/192/147 183/210/162 167/193/148
f 167/193/148 183/210/162 184/211/163
f 167/193/148 184/211/163 168/194/149
f 168/194/149 184/211/163 185/212/164
f 168/194/149 185/212/164 169/195/150
f 169/195/150 185/212/164 186/213/17
f 169/195/150 186/213/17 170/196/17
f 170/196/17 186/213/17 187/214/165
f 170/196/17 187/214/165 171/197/151
f 171/197/151 187/214/165 188/215/166
f 171/197/151 188/215/166 172/198/152
f 172/198/152 188/215/166 189/216/167
f 172/198/152 189/216/167 173/199/153
f 173/199/153 189/216/167 190/217/168
f 173/199/153 190/217/168 174/200/154
f 174/200/154 190/217/168 191/218/169
f 174/200/154 191/218/169 175/201/155
f 175/201/155 191/218/169 192/219/170
f 175/201/155 192/219/170 176/202/156
f 176/202/156 192/219/170 193/220/171
f 176/202/156 193/220/171 177/203/157
f 177/203/157 193/220/171 178/221/2
f 177/203/157 178/221/2 162/204/2
f 178/205/2 194/222/2 195/223/172
f 178/205/2 195/223/172 179/206/158
f 179/206/158 195/223/172 196/224/173
f 179/206/158 196/224/173 180/207/159
f 180/207/159 196/224/173 197/225/174
f 180/207/159 197/225/174 181/208/160
f 181/208/160 197/225/174 198/226/175
f 181/208/160 198/226/175 182/209/161
f 182/209/161 198/226/175 199/227/176
f 182/209/161 199/227/176 183/210/162
f 183/210/162 199/227/176 200/228/177
f 183/210/162 200/228/177 184/211/163
f 184/211/163 200/228/177 201/229/178
f 184/211/163 201/229/178 185/212/164
f 185/212/164 201/229/178 202/230/17
f 185/212/164 202/230/17 186/213/17
f 186/213/17 202/230/17 203/231/179
f 186/213/17 203/231/179 187/214/165
f 187/214/165 203/231/179 204/232/180
f 187/214/165 204/232/180 188/215/166
f 188/215/166 204/232/180 205/233/181
f 188/215/166 205/233/181 189/216/167
f 189/216/167 205/233/181 206/234/182
f 189/216/167 206/234/182 190/217/168
f 190/217/168 206/234/182 207/235/183
f 190/217/168 207/235/183 191/218/169
f 191/218/169 207/235/183 208/236/184
f 191/218/169 208/236/184 192/219/170
f 192/219/170 208/236/184 209/237/185
f 192/219/170 209/237/185 193/220/171
f 193/220/171 209/237/185 194/238/2
f 193/220/171 194/238/2 178/221/2
f 194/222/2 210/239/2 211/240/186
f 194/222/2 211/240/186 195/223/172
f 195/223/172 211/240/186 212/241/187
f 195/223/172 212/241/187 196/224/173
f 196/224/173 212/241/187 213/242/188
f 196/224/173 213/242/188 197/225/174
f 197/225/174 213/242/188 214/243/189
f 197/225/174 214/243/189 198/226/175
f 198/226/175 214/243/189 215/244/190
f 198/226/175 215/244/190 199/227/176
f 199/227/176 215/244/190 216/245/191
f 199/227/176 216/245/191 200/228/177
f 200/228/177 216/245/191 217/246/192
f 200/228/177 217/246/192 201/229/178
f 201/229/178 217/246/192 218/247/17
f 201/229/178 218/247/17 202/230/17
f 202/230/17 218/247/17 219/248/193
f 202/230/17 219/248/193 203/231/179
f 203/231/179 219/248/193 220/249/194
f 203/231/179 220/249/194 204/232/180
f 204/232/180 220/249/194 221/250/195
f 204/232/180 221/250/195 205/233/181
f 205/233/181 221/250/195 222/251/196
f 205/233/181 222/251/196 206/234/182
f 206/234/182 222/251/196 223/252/197
f 206/234/182 223/252/197 207/235/183
f 207/235/183 223/252/197 224/253/198
f 207/235/183 224/253/198 208/236/184
f 208/236/184 224/253/198 225/254/199
f 208/236/184 225/254/199 209/237/185
f 209/237/185 225/254/199 210/255/2
f 209/237/185 210/255/2 194/238/2
f 210/239/2 226/256/2 227/257/200
f 210/239/2 227/257/200 211/240/186
f 211/240/186 227/257/200 228/258/201
f 211/240/186 228/258/201 212/241/187
f 212/241/187 228/258/201 229/259/202
f 212/241/187 229/259/202 213/242/188
f 213/242/188 229/259/202 230/260/203
f 213/242/188 230/260/203 214/243/189
f 214/243/189 230/260/203 231/261/204
f 214/243/189 231/261/204 215/244/190
f 215/244/190 231/261/204 232/262/205
f 215/244/190 232/262/205 216/245/191
f 216/245/191 232/262/205 233/263/206
f 216/245/191 233/263/206 217/246/192
f 217/246/192 233/263/206 234/264/17
f 217/246/192 234/264/17 218/247/17
f 218/247/17 234/264/17 235/265/207
f 218/247/17 235/265/207 219/248/193
f 219/248/193 235/265/207 236/266/208
f 219/248/193 236/266/208 220/249/194
f 220/249/194 236/266/208 237/267/209
f 220/249/194 237/267/209 221/250/195
f 221/250/195 237/267/209 238/268/210
f 221/250/195 238/268/210 222/251/196
f 222/251/196 238/268/210 239/269/211
f 222/251/196 239/269/211 223/252/197
f 223/252/197 239/269/211 240/270/212
f 223/252/197 240/270/212 224/253/198
f 224/253/198 240/270/212 241/271/213
f 224/253/198 241/271/213 225/254/199
f 225/254/199 241/271/213 226/272/2
f 225/254/199 226/272/2 210/255/2
f 226/256/2 242/273/2 243/274/214
f 226/256/2 243/274/214 227/257/200
f 227/257/200 243/274/214 244/275/215
f 227/257/200 244/275/215 228/258/201
f 228/258/201 244/275/215 245/276/216
f 228/258/201 245/276/216 229/259/202
f 229/259/202 245/276/216 246/277/217
f 229/259/202 246/277/217 230/260/203
f 230/260/203 246/277/217 247/278/218
f 230/260/203 247/278/218 231/261/204
f 231/261/204 247/278/218 248/279/219
f 231/261/204 248/279/219 232/262/205
f 232/262/205 248/279/219 249/280/220
f 232/262/205 249/280/220 233/263/206
f 233/263/206 249/280/220 250/281/17
f 233/263/206 250/281/17 234/264/17
f 234/264/17 250/281/17 251/282/221
f 234/264/17 251/282/221 235/265/207
f 235/265/207 251/282/221 252/283/222
f 235/265/207 252/283/222 236/266/208
f 236/266/208 252/283/222 253/284/223
f 236/266/208 253/284/223 237/267/209
f 237/267/209 253/284/223 254/285/224
f 237/267/209 254/285/224 238/268/210
f 238/268/210 254/285/224 255/286/225
f 238/268/210 255/286/225 239/269/211
f 239/269/211 255/286/225 256/287/226
f 239/269/211 256/287/226 240/270/212
f 240/270/212 256/287/226 257/288/227
f 240/270/212 257/288/227 241/271/213
f 241/271/213 257/288/227 242/289/2
f 241/271/213 242/289/2 226/272/2
f 242/273/2 258/290/2 259/291/228
f 242/273/2 259/291/228 243/274/214
f 243/274/214 259/291/228 260/292/229
f 243/274/214 260/292/229 244/275/215
f 244/275/215 260/292/229 261/293/230
f 244/275/215 261/293/230 245/276/216
f 245/276/216 261/293/230 262/294/231
f 245/276/216 262/294/231 246/277/217
f 246/277/217 262/294/231 263/295/232
f 246/277/217 263/295/232 247/278/218
f 247/278/218 263/295/232 264/296/233
f 247/278/218 264/296/233 248/279/219
f 248/279/219 264/296/233 265/297/234
f 248/279/219 265/297/234 249/280/220
f 249/280/220 265/297/234 266/298/17
f 249/280/220 266/298/17 250/281/17
f 250/281/17 266/298/17 267/299/235
f 250/281/17 267/299/235 251/282/221
f 251/282/221 267/299/235 268/300/236
f 251/282/221 268/300/236 252/283/222
f 252/283/222 268/300/236 269/301/237
f 252/283/222 269/301/237 253/284/223
f 253/284/223 269/301/237 270/302/238
f 253/284/223 270/302/238 254/285/224
f 254/285/224 270/302/238 271/303/239
f 254/285/224 271/303/239 255/286/225
f 255/286/225 271/303/239 272/304/240
f 255/286/225 272/304/240 256/287/226
f 256/287/226 272/304/240 273/305/241
f 256/287/226 273/305/241 257/288/227
f 257/288/227 273/305/241 258/306/2
f 257/288/227 258/306/2 242/289/2
f 258/290/2 274/307/2 275/308/242
f 258/290/2 275/308/242 259/291/228
f 259/291/228 275/308/242 276/309/243
f 259/291/228 276/309/243 260/292/229
f 260/292/229 276/309/243 277/310/244
f 260/292/229 277/310/244 261/293/230
f 261/293/230 277/310/244 278/311/245
f 261/293/230 278/311/245 262/294/231
f 262/294/231 278/311/245 279/312/246
f 262/294/231 279/312/246 263/295/232
f 263/295/232 279/312/246 280/313/247
f 263/295/232 280/313/247 264/296/233
f 264/296/233 280/313/247 281/314/248
f 264/296/233 281/314/248 265/297/234
f 265/297/234 281/314/248 282/315/17
f 265/297/234 282/315/17 266/298/17
f 266/298/17 282/315/17 283/316/249
f 266/298/17 283/316/249 267/299/235
f 267/299/235 283/316/249 284/317/250
f 267/299/235 284/317/250 268/300/236
f 268/300/236 284/317/250 285/318/251
f 268/300/236 285/318/251 269/301/237
f 269/301/237 285/318/251 286/319/252
f 269/301/237 286/319/252 270/302/238
f 270/302/238 286/319/252 287/320/253
f 270/302/238 287/320/253 271/303/239
f 271/303/239 287/320/253 288/321/254
f 271/303/239 288/321/254 272/304/240
f 272/304/240 288/321/254 289/322/255
f 272/304/240 289/322/255 273/305/241
f 273/305/241 289/322/255 274/323/2
f 273/305/241 274/323/2 258/306/2
f 274/307/2 290/324/2 291/325/256
f 274/307/2 291/325/256 275/308/242
f 275/308/242 291/325/256 292/326/257
f 275/308/242 292/326/257 276/309/243
f 276/309/243 292/326/257 293/327/258
f 276/309/243 293/327/258 277/310/244
f 277/310/244 293/327/258 294/328/259
f 277/310/244 294/328/259 278/311/245
f 278/311/245 294/328/259 295/329/260
f 278/311/245 295/329/260 279/312/246
f 279/312/246 295/329/260 296/330/261
f 279/312/246 296/330/261 280/313/247
f 280/313/247 296/330/261 297/331/262
f 280/313/247 297/331/262 281/314/248
f 281/314/248 297/331/262 298/332/17
f 281/314/248 298/332/17 282/315/17
f 282/315/17 298/332/17 299/333/263
f 282/315/17 299/333/263 283/316/249
f 283/316/249 299/333/263 300/334/264
f 283/316/249 300/334/264 284/317/250
f 284/317/250 300/334/264 301/335/265
f 284/317/250 301/335/265 285/318/251
f 285/318/251 301/335/265 302/336/266
f 285/318/251 302/336/266 286/319/252
f 286/319/252 302/336/266 303/337/267
f 286/319/252 303/337/267 287/320/253
f 287/320/253 303/337/267 304/338/268
f 287/320/253 304/338/268 288/321/254
f 288/321/254 304/338/268 305/339/269
f 288/321/254 305/339/269 289/322/255
f 289/322/255 305/339/269 290/340/2
f 289/322/255 290/340/2 274/323/2
f 290/324/2 306/341/2 307/342/270
f 290/324/2 307/342/270 291/325/256
f 291/325/256 307/342/270 308/343/271
f 291/325/256 308/343/271 292/326/257
f 292/326/257 308/343/271 309/344/272
f 292/326/257 309/344/272 293/327/258
f 293/327/258 309/344/272 310/345/273
f 293/327/258 310/345/273 294/328/259
f 294/328/259 310/345/273 311/346/274
f 294/328/259 311/346/274 295/329/260
f 295/329/260 311/346/274 312/347/275
f 295/329/260 312/347/275 296/330/261
f 296/330/261 312/347/275 313/348/276
f 296/330/261 313/348/276 297/331/262
f 297/331/262 313/348/276 314/349/17
f 297/331/262 314/349/17 298/332/17
f 298/332/17 314/349/17 315/350/277
f 298/332/17 315/350/277 299/333/263
f 299/333/263 315/350/277 316/351/278
f 299/333/263 316/351/278 300/334/264
f 300/334/264 316/351/278 317/352/279
f 300/334/264 317/352/279 301/335/265
f 301/335/265 317/352/279 318/353/280
f 301/335/265 318/353/280 302/336/266
f 302/336/266 318/353/280 319/354/281
f 302/336/266 319/354/281 303/337/267
f 303/337/267 319/354/281 320/355/282
f 303/337/267 320/355/282 304/338/268
f 304/338/268 320/355/282 321/356/283
f 304/338/268 321/356/283 305/339/269
f 305/339/269 321/356/283 306/357/2
f 305/339/269 306/357/2 290/340/2
f 306/341/2 322/358/2 323/359/284
f 306/341/2 323/359/284 307/342/270
f 307/342/270 323/359/284 324/360/285
f 307/342/270 324/360/285 308/343/271
f 308/343/271 324/360/285 325/361/286
f 308/343/271 325/361/286 309/344/272
f 309/344/272 325/361/286 326/362/287
f 309/344/272 326/362/287 310/345/273
f 310/345/273 326/362/287 327/363/288
f 310/345/273 327/363/288 311/346/274
f 311/346/274 327/363/288 328/364/289
f 311/346/274 328/364/289 312/347/275
f 312/347/275 328/364/289 329/365/290
f 312/347/275 329/365/290 313/348/276
f 313/348/276 329/365/290 330/366/17
f 313/348/276 330/366/17 314/349/17
f 314/349/17 330/366/17 331/367/291
f 314/349/17 331/367/291 315/350/277
f 315/350/277 331/367/291 332/368/292
f 315/350/277 332/368/292 316/351/278
f 316/351/278 332/368/292 333/369/293
f 316/351/278 333/369/293 317/352/279
f 317/352/279 333/369/293 334/370/294
f 317/352/279 334/370/294 318/353/280
f 318/353/280 334/370/294 335/371/295
f 318/353/280 335/371/295 319/354/281
f 319/354/281 335/371/295 336/372/296
f 319/354/281 336/372/296 320/355/282
f 320/355/282 336/372/296 337/373/297
f 320/355/282 337/373/297 321/356/283
f 321/356/283 337/373/297 322/374/2
f 321/356/283 322/374/2 306/357/2
f 322/358/2 338/375/2 339/376/298
f 322/358/2 339/376/298 323/359/284
f 323/359/284 339/376/298 340/377/299
f 323/359/284 340/377/299 324/360/285
f 324/360/285 340/377/299 341/378/300
f 324/360/285 341/378/300 325/361/286
f 325/361/286 341/378/300 342/379/301
f 325/361/286 342/379/301 326/362/287
f 326/362/287 342/379/301 343/380/302
f 326/362/287 343/380/302 327/363/288
f 327/363/288 343/380/302 344/381/303
f 327/363/288 344/381/303 328/364/289
f 328/364/289 344/381/303 345/382/304
f 328/364/289 345/382/304 329/365/290
f 329/365/290 345/382/304 346/383/17
f 329/365/290 346/383/17 330/366/17
f 330/366/17 346/383/17 347/384/305
f 330/366/17 347/384/305 331/367/291
f 331/367/291 347/384/305 348/385/306
f 331/367/291 348/385/306 332/368/292
f 332/368/292 348/385/306 349/386/307
f 332/368/292 349/386/307 333/369/293
f 333/369/293 349/386/307 350/387/308
f 333/369/293 350/387/308 334/370/294
f 334/370/294 350/387/308 351/388/309
f 334/370/294 351/388/309 335/371/295
f 335/371/295 351/388/309 352/389/310
f 335/371/295 352/389/310 336/372/296
f 336/372/296 352/389/310 353/390/311
f 336/372/296 353/390/311 337/373/297
f 337/373/297 353/390/311 338/391/2
f 337/373/297 338/391/2 322/374/2
f 338/375/2 354/392/2 355/393/312
f 338/375/2 355/393/312 339/376/298
f 339/376/298 355/393/312 356/394/313
f 339/376/298 356/394/313 340/377/299
f 340/377/299 356/394/313 357/395/314
f 340/377/299 357/395/314 341/378/300
f 341/378/300 357/395/314 358/396/315
f 341/378/300 358/396/315 342/379/301
f 342/379/301 358/396/315 359/397/316
f 342/379/301 359/397/316 343/380/302
f 343/380/302 359/397/316 360/398/317
f 343/380/302 360/398/317 344/381/303
f 344/381/303 360/398/317 361/399/318
f 344/381/303 361/399/318 345/382/304
f 345/382/304 361/399/318 362/400/17
f 345/382/304 362/400/17 346/383/17
f 346/383/17 362/400/17 363/401/319
f 346/383/17 363/401/319 347/384/305
f 347/384/305 363/401/319 364/402/320
f 347/384/305 364/402/320 348/385/306
f 348/385/306 364/402/320 365/403/321
f 348/385/306 365/403/321 349/386/307
f 349/386/307 365/403/321 366/404/322
f 349/386/307 366/404/322 350/387/308
f 350/387/308 366/404/322 367/405/323
f 350/387/308 367/405/323 351/388/309
f 351/388/309 367/405/323 368/406/324
f 351/388/309 368/406/324 352/389/310
f 352/389/310 368/406/324 369/407/325
f 352/389/310 369/407/325 353/390/311
f 353/390/311 369/407/325 354/408/2
f 353/390/311 354/408/2 338/391/2
f 354/392/2 370/409/2 371/410/326
f 354/392/2 371/410/326 355/393/312
f 355/393/312 371/410/326 372/411/327
f 355/393/312 372/411/327 356/394/313
f 356/394/313 372/411/327 373/412/328
f 356/394/313 373/412/328 357/395/314
f 357/395/314 373/412/328 374/413/329
f 357/395/314 374/413/329 358/396/315
f 358/396/315 374/413/329 375/414/330
f 358/396/315 375/414/330 359/397/316
f 359/397/316 375/414/330 376/415/331
f 359/397/316 376/415/331 360/398/317
f 360/398/317 376/415/331 377/416/332
f 360/398/317 377/416/332 361/399/318
f 361/399/318 377/416/332 378/417/17
f 361/399/318 378/417/17 362/400/17
f 362/400/17 378/417/17 379/418/333
f 362/400/17 379/418/333 363/401/319
f 363/401/319 379/418/333 380/419/334
f 363/401/319 380/419/334 364/402/320
f 364/402/320 380/419/334 381/420/335
f 364/402/320 381/420/335 365/403/321
f 365/403/321 381/420/335 382/421/336
f 365/403/321 382/421/336 366/404/322
f 366/404/322 382/421/336 383/422/337
f 366/404/322 383/422/337 367/405/323
f 367/405/323 383/422/337 384/423/338
f 367/405/323 384/423/338 368/406/324
f 368/406/324 384/423/338 385/424/339
f 368/406/324 385/424/339 369/407/325
f 369/407/325 385/424/339 370/425/2
f 369/407/325 370/425/2 354/408/2
f 370/409/2 386/426/2 387/427/340
f 370/409/2 387/427/340 371/410/326
f 371/410/326 387/427/340 388/428/341
f 371/410/326 388/428/341 372/411/327
f 372/411/327 388/428/341 389/429/342
f 372/411/327 389/429/342 373/412/328
f 373/412/328 389/429/342 390/430/343
f 373/412/328 390/430/343 374/413/329
f 374/413/329 390/430/343 391/431/344
f 374/413/329 391/431/344 375/414/330
f 375/414/330 391/431/344 392/432/345
f 375/414/330 392/432/345 376/415/331
f 376/415/331 392/432/345 393/433/346
f 376/415/331 393/433/346 377/416/332
f 377/416/332 393/433/346 394/434/17
f 377/416/332 394/434/17 378/417/17
f 378/417/17 394/434/17 395/435/347
f 378/417/17 395/435/347 379/418/333
f 379/418/333 395/435/347 396/436/348
f 379/418/333 396/436/348 380/419/334
f 380/419/334 396/436/348 397/437/349
f 380/419/334 397/437/349 381/420/335
f 381/420/335 397/437/349 398/438/350
f 381/420/335 398/438/350 382/421/336
f 382/421/336 398/438/350 399/439/351
f 382/421/336 399/439/351 383/422/337
f 383/422/337 399/439/351 400/440/352
f 383/422/337 400/440/352 384/423/338
f 384/423/338 400/440/352 401/441/353
f 384/423/338 401/441/353 385/424/339
f 385/424/339 401/441/353 386/442/2
f 385/424/339 386/442/2 370/425/2
f 386/426/2 402/443/2 403/444/354
f 386/426/2 403/444/354 387/427/340
f 387/427/340 403/444/354 404/445/355
f 387/427/340 404/445/355 388/428/341
f 388/428/341 404/445/355 405/446/356
f 388/428/341 405/446/356 389/429/342
f 389/429/342 405/446/356 406/447/357
f 389/429/342 406/447/357 390/430/343
f 390/430/343 406/447/357 407/448/358
f 390/430/343 407/448/358 391/431/344
f 391/431/344 407/448/358 408/449/359
f 391/431/344 408/449/359 392/432/345
f 392/432/345 408/449/359 409/450/360
f 392/432/345 409/450/360 393/433/346
f 393/433/346 409/450/360 410/451/17
f 393/433/346 410/451/17 394/434/17
f 394/434/17 410/451/17 411/452/361
f 394/434/17 411/452/361 395/435/347
f 395/435/347 411/452/361 412/453/362
f 395/435/347 412/453/362 396/436/348
f 396/436/348 412/453/362 413/454/363
f 396/436/348 413/454/363 397/437/349
f 397/437/349 413/454/363 414/455/364
f 397/437/349 414/455/364 398/438/350
f 398/438/350 414/455/364 415/456/365
f 398/438/350 415/456/365 399/439/351
f 399/439/351 415/456/365 416/457/366
f 399/439/351 416/457/366 400/440/352
f 400/440/352 416/457/366 417/458/367
f 400/440/352 417/458/367 401/441/353
f 401/441/353 417/458/367 402/459/2
f 401/441/353 402/459/2 386/442/2
f 402/443/2 418/460/2 419/461/368
f 402/443/2 419/461/368 403/444/354
f 403/444/354 419/461/368 420/462/369
f 403/444/354 420/462/369 404/445/355
f 404/445/355 420/462/369 421/463/370
f 404/445/355 421/463/370 405/446/356
f 405/446/356 421/463/370 422/464/371
f 405/446/356 422/464/371 406/447/357
f 406/447/357 422/464/371 423/465/372
f 406/447/357 423/465/372 407/448/358
f 407/448/358 423/465/372 424/466/373
f 407/448/358 424/466/373 408/449/359
f 408/449/359 424/466/373 425/467/374
f 408/449/359 425/467/374 409/450/360
f 409/450/360 425/467/374 426/468/17
f 409/450/360 426/468/17 410/451/17
f 410/451/17 426/468/17 427/469/375
f 410/451/17 427/469/375 411/452/361
f 411/452/361 427/469/375 428/470/376
f 411/452/361 428/470/376 412/453/362
f 412/453/362 428/470/376 429/471/377
f 412/453/362 429/471/377 413/454/363
f 413/454/363 429/471/377 430/472/378
f 413/454/363 430/472/378 414/455/364
f 414/455/364 430/472/378 431/473/379
f 414/455/364 431/473/379 415/456/365
f 415/456/365 431/473/379 432/474/380
f 415/456/365 432/474/380 416/457/366
f 416/457/366 432/474/380 433/475/381
f 416/457/366 433/475/381 417/458/367
f 417/458/367 433/475/381 418/476/2
f 417/458/367 418/476/2 402/459/2
f 418/460/2 434/477/2 435/478/382
f 418/460/2 435/478/382 419/461/368
f 419/461/368 435/478/382 436/479/383
f 419/461/368 436/479/383 420/462/369
f 420/462/369 436/479/383 437/480/384
f 420/462/369 437/480/384 421/463/370
f 421/463/370 437/480/384 438/481/385
f 421/463/370 438/481/385 422/464/371
f 422/464/371 438/481/385 439/482/386
f 422/464/371 439/482/386 423/465/372
f 423/465/372 439/482/386 440/483/387
f 423/465/372 440/483/387 424/466/373
f 424/466/373 440/483/387 441/484/388
f 424/466/373 441/484/388 425/467/374
f 425/467/374 441/484/388 442/485/17
f 425/467/374 442/485/17 426/468/17
f 426/468/17 442/485/17 443/486/389
f 426/468/17 443/486/389 427/469/375
f 427/469/375 443/486/389 444/487/390
f 427/469/375 444/487/390 428/470/376
f 428/470/376 444/487/390 445/488/391
f 428/470/376 445/488/391 429/471/377
f 429/471/377 445/488/391 446/489/392
f 429/471/377 446/489/392 430/472/378
f 430/472/378 446/489/392 447/490/393
f 430/472/378 447/490/393 431/473/379
f 431/473/379 447/490/393 448/491/394
f 431/473/379 448/491/394 432/474/380
f 432/474/380 448/491/394 449/492/395
f 432/474/380 449/492/395 433/475/381
f 433/475/381 449/492/395 434/493/2
f 433/475/381 434/493/2 418/476/2
f 434/477/2 450/494/2 451/495/396
f 434/477/2 451/495/396 435/478/382
f 435/478/382 451/495/396 452/496/397
f 435/478/382 452/496/397 436/479/383
f 436/479/383 452/496/397 453/497/398
f 436/479/383 453/497/398 437/480/384
f 437/480/384 453/497/398 454/498/399
f 437/480/384 454/498/399 438/481/385
f 438/481/385 454/498/399 455/499/400
f 438/481/385 455/499/400 439/482/386
f 439/482/386 455/499/400 456/500/401
f 439/482/386 456/500/401 440/483/387
f 440/483/387 456/500/401 457/501/402
f 440/483/387 457/501/402 441/484/388
f 441/484/388 457/501/402 458/502/17
f 441/484/388 458/502/17 442/485/17
f 442/485/17 458/502/17 459/503/403
f 442/485/17 459/503/403 443/486/389
f 443/486/389 459/503/403 460/504/404
f 443/486/389 460/504/404 444/487/390
f 444/487/390 460/504/404 461/505/405
f 444/487/390 461/505/405 445/488/391
f 445/488/391 461/505/405 462/506/406
f 445/488/391 462/506/406 446/489/392
f 446/489/392 462/506/406 463/507/407
f 446/489/392 463/507/407 447/490/393
f 447/490/393 463/507/407 464/508/408
f 447/490/393 464/508/408 448/491/394
f 448/491/394 464/508/408 465/509/409
f 448/491/394 465/509/409 449/492/395
f 449/492/395 465/509/409 450/510/2
f 449/492/395 450/510/2 434/493/2
f 450/494/2 466/511/2 467/512/410
f 450/494/2 467/512/410 451/495/396
f 451/495/396 467/512/410 468/513/411
f 451/495/396 468/513/411 452/496/397
f 452/496/397 468/513/411 469/514/412
f 452/496/397 469/514/412 453/497/398
f 453/497/398 469/514/412 470/515/413
f 453/497/398 470/515/413 454/498/399
f 454/498/399 470/515/413 471/516/414
f 454/498/399 471/516/414 455/499/400
f 455/499/400 471/516/414 472/517/415
f 455/499/400 472/517/415 456/500/401
f 456/500/401 472/517/415 473/518/416
f 456/500/401 473/518/416 457/501/402
f 457/501/402 473/518/416 474/519/17
f 457/501/402 474/519/17 458/502/17
f 458/502/17 474/519/17 475/520/417
f 458/502/17 475/520/417 459/503/403
f 459/503/403 475/520/417 476/521/418
f 459/503/403 476/521/418 460/504/404
f 460/504/404 476/521/418 477/522/419
f 460/504/404 477/522/419 461/505/405
f 461/505/405 477/522/419 478/523/420
f 461/505/405 478/523/420 462/506/406
f 462/506/406 478/523/420 479/524/421
f 462/506/406 479/524/421 463/507/407
f 463/507/407 479/524/421 480/525/422
f 463/507/407 480/525/422 464/508/408
f 464/508/408 480/525/422 481/526/423
f 464/508/408 481/526/423 465/509/409
f 465/509/409 481/526/423 466/527/2
f 465/509/409 466/527/2 450/510/2
f 466/511/2 482/528/2 483/529/424
f 466/511/2 483/529/424 467/512/410
f 467/512/410 483/529/424 484/530/425
f 467/512/410 484/530/425 468/513/411
f 468/513/411 484/530/425 485/531/426
f 468/513/411 485/531/426 469/514/412
f 469/514/412 485/531/426 486/532/427
f 469/514/412 486/532/427 470/515/413
f 470/515/413 486/532/427 487/533/428
f 470/515/413 487/533/428 471/516/414
f 471/516/414 487/533/428 488/534/429
f 471/516/414 488/534/429 472/517/415
f 472/517/415 488/534/429 489/535/430
f 472/517/415 489/535/430 473/518/416
f 473/518/416 489/535/430 490/536/17
f 473/518/416 490/536/17 474/519/17
f 474/519/17 490/536/17 491/537/431
f 474/519/17 491/537/431 475/520/417
f 475/520/417 491/537/431 492/538/432
f 475/520/417 492/538/432 476/521/418
f 476/521/418 492/538/432 493/539/433
f 476/521/418 493/539/433 477/522/419
f 477/522/419 493/539/433 494/540/434
f 477/522/419 494/540/434 478/523/420
f 478/523/420 494/540/434 495/541/435
f 478/523/420 495/541/435 479/524/421
f 479/524/421 495/541/435 496/542/436
f 479/524/421 496/542/436 480/525/422
f 480/525/422 496/542/436 497/543/437
f 480/525/422 497/543/437 481/526/423
f 481/526/423 497/543/437 482/544/2
f 481/526/423 482/544/2 466/527/2
f 482/528/2 498/545/2 499/546/438
f 482/528/2 499/546/438 483/529/424
f 483/529/424 499/546/438 500/547/439
f 483/529/424 500/547/439 484/530/425
f 484/530/425 500/547/439 501/548/440
f 484/530/425 501/548/440 485/531/426
f 485/531/426 501/548/440 502/549/441
f 485/531/426 502/549/441 486/532/427
f 486/532/427 502/549/441 503/550/442
f 486/532/427 503/550/442 487/533/428
f 487/533/428 503/550/442 504/551/443
f 487/533/428 504/551/443 488/534/429
f 488/534/429 504/551/443 505/552/444
f 488/534/429 505/552/444 489/535/430
f 489/535/430 505/552/444 506/553/17
f 489/535/430 506/553/17 490/536/17
f 490/536/17 506/553/17 507/554/445
f 490/536/17 507/554/445 491/537/431
f 491/537/431 507/554/445 508/555/446
f 491/537/431 508/555/446 492/538/432
f 492/538/432 508/555/446 509/556/447
f 492/538/432 509/556/447 493/539/433
f 493/539/433 509/556/447 510/557/448
f 493/539/433 510/557/448 494/540/434
f 494/540/434 510/557/448 511/558/449
f 494/540/434 511/558/449 495/541/435
f 495/541/435 511/558/449 512/559/450
f 495/541/435 512/559/450 496/542/436
f 496/542/436 512/559/450 513/560/451
f 496/542/436 513/560/451 497/543/437
f 497/543/437 513/560/451 498/561/2
f 497/543/437 498/561/2 482/544/2
f 498/545/2 514/562/2 515/563/452
f 498/545/2 515/563/452 499/546/438
f 499/546/438 515/563/452 516/564/453
f 499/546/438 516/564/453 500/547/439
f 500/547/439 516/564/453 517/565/454
f 500/547/439 517/565/454 501/548/440
f 501/548/440 517/565/454 518/566/455
f 501/548/440 518/566/455 502/549/441
f 502/549/441 518/566/455 519/567/456
f 502/549/441 519/567/456 503/550/442
f 503/550/442 519/567/456 520/568/457
f 503/550/442 520/568/457 504/551/443
f 504/551/443 520/568/457 521/569/458
f 504/551/443 521/569/458 505/552/444
f 505/552/444 521/569/458 522/570/17
f 505/552/444 522/570/17 506/553/17
f 506/553/17 522/570/17 523/571/459
f 506/553/17 523/571/459 507/554/445
f 507/554/445 523/571/459 524/572/460
f 507/554/445 524/572/460 508/555/446
f 508/555/446 524/572/460 525/573/461
f 508/555/446 525/573/461 509/556/447
f 509/556/447 525/573/461 526/574/462
f 509/556/447 526/574/462 510/557/448
f 510/557/448 526/574/462 527/575/463
f 510/557/448 527/575/463 511/558/449
f 511/558/449 527/575/463 528/576/464
f 511/558/449 528/576/464 512/559/450
f 512/559/450 528/576/464 529/577/465
f 512/559/450 529/577/465 513/560/451
f 513/560/451 529/577/465 514/578/2
f 513/560/451 514/578/2 498/561/2
f 514/562/2 530/579/2 531/580/466
f 514/562/2 531/580/466 515/563/452
f 515/563/452 531/580/466 532/581/467
f 515/563/452 532/581/467 516/564/453
f 516/564/453 532/581/467 533/582/468
f 516/564/453 533/582/468 517/565/454
f 517/565/454 533/582/468 534/583/469
f 517/565/454 534/583/469 518/566/455
f 518/566/455 534/583/469 535/584/470
f 518/566/455 535/584/470 519/567/456
f 519/567/456 535/584/470 536/585/471
f 519/567/456 536/585/471 520/568/457
f 520/568/457 536/585/471 537/586/472
f 520/568/457 537/586/472 521/569/458
f 521/569/458 537/586/472 538/587/17
f 521/569/458 538/587/17 522/570/17
f 522/570/17 538/587/17 539/588/473
f 522/570/17 539/588/473 523/571/459
f 523/571/459 539/588/473 540/589/474
f 523/571/459 540/589/474 524/572/460
f 524/572/460 540/589/474 541/590/475
f 524/572/460 541/590/475 525/573/461
f 525/573/461 541/590/475 542/591/476
f 525/573/461 542/591/476 526/574/462
f 526/574/462 542/591/476 543/592/477
f 526/574/462 543/592/477 527/575/463
f 527/575/463 543/592/477 544/593/478
f 527/575/463 544/593/478 528/576/464
f 528/576/464 544/593/478 545/594/479
f 528/576/464 545/594/479 529/577/465
f 529/577/465 545/594/479 530/595/2
f 529/577/465 530/595/2 514/578/2
f 530/579/2 546/596/2 547/597/480
f 530/579/2 547/597/480 531/580/466
f 531/580/466 547/597/480 548/598/481
f 531/580/466 548/598/481 532/581/467
f 532/581/467 548/598/481 549/599/482
f 532/581/467 549/599/482 533/582/468
f 533/582/468 549/599/482 550/600/483
f 533/582/468 550/600/483 534/583/469
f 534/583/469 550/600/483 551/601/484
f 534/583/469 551/601/484 535/584/470
f 535/584/470 551/601/484 552/602/485
f 535/584/470 552/602/485 536/585/471
f 536/585/471 552/602/485 553/603/486
f 536/585/471 553/603/486 537/586/472
f 537/586/472 553/603/486 554/604/17
f 537/586/472 554/604/17 538/587/17
f 538/587/17 554/604/17 555/605/487
f 538/587/17 555/605/487 539/588/473
f 539/588/473 555/605/487 556/606/488
f 539/588/473 556/606/488 540/589/474
f 540/589/474 556/606/488 557/607/489
f 540/589/474 557/607/489 541/590/475
f 541/590/475 557/607/489 558/608/490
f 541/590/475 558/608/490 542/591/476
f 542/591/476 558/608/490 559/609/491
f 542/591/476 559/609/491 543/592/477
f 543/592/477 559/609/491 560/610/492
f 543/592/477 560/610/492 544/593/478
f 544/593/478 560/610/492 561/611/493
f 544/593/478 561/611/493 545/594/479
f 545/594/479 561/611/493 546/612/2
f 545/594/479 546/612/2 530/595/2
f 546/596/2 562/613/2 563/614/494
f 546/596/2 563/614/494 547/597/480
f 547/597/480 563/614/494 564/615/495
f 547/597/480 564/615/495 548/598/481
f 548/598/481 564/615/495 565/616/496
f 548/598/481 565/616/496 549/599/482
f 549/599/482 565/616/496 566/617/497
f 549/599/482 566/617/497 550/600/483
f 550/600/483 566/617/497 567/618/498
f 550/600/483 567/618/498 551/601/484
f 551/601/484 567/618/498 568/619/499
f 551/601/484 568/619/499 552/602/485
f 552/602/485 568/619/499 569/620/500
f 552/602/485 569/620/500 553/603/486
f 553/603/486 569/620/500 570/621/17
f 553/603/486 570/621/17 554/604/17
f 554/604/17 570/621/17 571/622/501
f 554/604/17 571/622/501 555/605/487
f 555/605/487 571/622/501 572/623/502
f 555/605/487 572/623/502 556/606/488
f 556/606/488 572/623/502 573/624/503
f 556/606/488 573/624/503 557/607/489
f 557/607/489 573/624/503 574/625/504
f 557/607/489 574/625/504 558/608/490
f 558/608/490 574/625/504 575/626/505
f 558/608/490 575/626/505 559/609/491
f 559/609/491 575/626/505 576/627/506
f 559/609/491 576/627/506 560/610/492
f 560/610/492 576/627/506 577/628/507
f 560/610/492 577/628/507 561/611/493
f 561/611/493 577/628/507 562/629/2
f 561/611/493 562/629/2 546/612/2
f 562/613/2 578/630/2 579/631/508
f 562/613/2 579/631/508 563/614/494
f 563/614/494 579/631/508 580/632/509
f 563/614/494 580/632/509 564/615/495
f 564/615/495 580/632/509 581/633/510
f 564/615/495 581/633/510 565/616/496
f 565/616/496 581/633/510 582/634/511
f 565/616/496 582/634/511 566/617/497
f 566/617/497 582/634/511 583/635/512
f 566/617/497 583/635/512 567/618/498
f 567/618/498 583/635/512 584/636/513
f 567/618/498 584/636/513 568/619/499
f 568/619/499 584/636/513 585/637/514
f 568/619/499 585/637/514 569/620/500
f 569/620/500 585/637/514 586/638/17
f 569/620/500 586/638/17 570/621/17
f 570/621/17 586/638/17 587/639/515
f 570/621/17 587/639/515 571/622/501
f 571/622/501 587/639/515 588/640/516
f 571/622/501 588/640/516 572/623/502
f 572/623/502 588/640/516 589/641/517
f 572/623/502 589/641/517 573/624/503
f 573/624/503 589/641/517 590/642/518
f 573/624/503 590/642/518 574/625/504
f 574/625/504 590/642/518 591/643/519
f 574/625/504 591/643/519 575/626/505
f 575/626/505 591/643/519 592/644/520
f 575/626/505 592/644/520 576/627/506
f 576/627/506 592/644/520 593/645/521
f 576/627/506 593/645/521 577/628/507
f 577/628/507 593/645/521 578/646/2
f 577/628/507 578/646/2 562/629/2
f 578/630/2 594/647/2 595/648/522
f 578/630/2 595/648/522 579/631/508
f 579/631/508 595/648/522 596/649/523
f 579/631/508 596/649/523 580/632/509
f 580/632/509 596/649/523 597/650/524
f 580/632/509 597/650/524 581/633/510
f 581/633/510 597/650/524 598/651/525
f 581/633/510 598/651/525 582/634/511
f 582/634/511 598/651/525 599/652/526
f 582/634/511 599/652/526 583/635/512
f 583/635/512 599/652/526 600/653/527
f 583/635/512 600/653/527 584/636/513
f 584/636/513 600/653/527 601/654/528
f 584/636/513 601/654/528 585/637/514
f 585/637/514 601/654/528 602/655/17
f 585/637/514 602/655/17 586/638/17
f 586/638/17 602/655/17 603/656/529
f 586/638/17 603/656/529 587/639/515
f 587/639/515 603/656/529 604/657/530
f 587/639/515 604/657/530 588/640/516
f 588/640/516 604/657/530 605/658/531
f 588/640/516 605/658/531 589/641/517
f 589/641/517 605/658/531 606/659/532
f 589/641/517 606/659/532 590/642/518
f 590/642/518 606/659/532 607/660/533
f 590/642/518 607/660/533 591/643/519
f 591/643/519 607/660/533 608/661/534
f 591/643/519 608/661/534 592/644/520
f 592/644/520 608/661/534 609/662/535
f 592/644/520 609/662/535 593/645/521
f 593/645/521 609/662/535 594/663/2
f 593/645/521 594/663/2 578/646/2
f 594/647/2 610/664/2 611/665/536
f 594/647/2 611/665/536 595/648/522
f 595/648/522 611/665/536 612/666/537
f 595/648/522 612/666/537 596/649/523
f 596/649/523 612/666/537 613/667/538
f 596/649/523 613/667/538 597/650/524
f 597/650/524 613/667/538 614/668/539
f 597/650/524 614/668/539 598/651/525
f 598/651/525 614/668/539 615/669/540
f 598/651/525 615/669/540 599/652/526
f 599/652/526 615/669/540 616/670/541
f 599/652/526 616/670/541 600/653/527
f 600/653/527 616/670/541 617/671/542
f 600/653/527 617/671/542 601/654/528
f 601/654/528 617/671/542 618/672/17
f 601/654/528 618/672/17 602/655/17
f 602/655/17 618/672/17 619/673/543
f 602/655/17 619/673/543 603/656/529
f 603/656/529 619/673/543 620/674/544
f 603/656/529 620/674/544 604/657/530
f 604/657/530 620/674/544 621/675/545
f 604/657/530 621/675/545 605/658/531
f 605/658/531 621/675/545 622/676/546
f 605/658/531 622/676/546 606/659/532
f 606/659/532 622/676/546 623/677/547
f 606/659/532 623/677/547 607/660/533
f 607/660/533 623/677/547 624/678/548
f 607/660/533 624/678/548 608/661/534
f 608/661/534 624/678/548 625/679/549
f 608/661/534 625/679/549 609/662/535
f 609/662/535 625/679/549 610/680/2
f 609/662/535 610/680/2 594/663/2
f 610/664/2 626/681/2 627/682/550
f 610/664/2 627/682/550 611/665/536
f 611/665/536 627/682/550 628/683/551
f 611/665/536 628/683/551 612/666/537
f 612/666/537 628/683/551 629/684/552
f 612/666/537 629/684/552 613/667/538
f 613/667/538 629/684/552 630/685/553
f 613/667/538 630/685/553 614/668/539
f 614/668/539 630/685/553 631/686/554
f 614/668/539 631/686/554 615/669/540
f 615/669/540 631/686/554 632/687/555
f 615/669/540 632/687/555 616/670/541
f 616/670/541 632/687/555 633/688/556
f 616/670/541 633/688/556 617/671/542
f 617/671/542 633/688/556 634/689/17
f 617/671/542 634/689/17 618/672/17
f 618/672/17 634/689/17 635/690/557
f 618/672/17 635/690/557 619/673/543
f 619/673/543 635/690/557 636/691/558
f 619/673/543 636/691/558 620/674/544
f 620/674/544 636/691/558 637/692/559
f 620/674/544 637/692/559 621/675/545
f 621/675/545 637/692/559 638/693/560
f 621/675/545 638/693/560 622/676/546
f 622/676/546 638/693/560 639/694/561
f 622/676/546 639/694/561 623/677/547
f 623/677/547 639/694/561 640/695/562
f 623/677/547 640/695/562 624/678/548
f 624/678/548 640/695/562 641/696/563
f 624/678/548 641/696/563 625/679/549
f 625/679/549 641/696/563 626/697/2
f 625/679/549 626/697/2 610/680/2
f 626/681/2 642/698/2 643/699/564
f 626/681/2 643/699/564 627/682/550
f 627/682/550 643/699/564 644/700/565
f 627/682/550 644/700/565 628/683/551
f 628/683/551 644/700/565 645/701/566
f 628/683/551 645/701/566 629/684/552
f 629/684/552 645/701/566 646/702/567
f 629/684/552 646/702/567 630/685/553
f 630/685/553 646/702/567 647/703/568
f 630/685/553 647/703/568 631/686/554
f 631/686/554 647/703/568 648/704/569
f 631/686/554 648/704/569 632/687/555
f 632/687/555 648/704/569 649/705/570
f 632/687/555 649/705/570 633/688/556
f 633/688/556 649/705/570 650/706/17
f 633/688/556 650/706/17 634/689/17
f 634/689/17 650/706/17 651/707/571
f 634/689/17 651/707/571 635/690/557
f 635/690/557 651/707/571 652/708/572
f 635/690/557 652/708/572 636/691/558
f 636/691/558 652/708/572 653/709/573
f 636/691/558 653/709/573 637/692/559
f 637/692/559 653/709/573 654/710/574
f 637/692/559 654/710/574 638/693/560
f 638/693/560 654/710/574 655/711/575
f 638/693/560 655/711/575 639/694/561
f 639/694/561 655/711/575 656/712/576
f 639/694/561 656/712/576 640/695/562
f 640/695/562 656/712/576 657/713/577
f 640/695/562 657/713/577 641/696/563
f 641/696/563 657/713/577 642/714/2
f 641/696/563 642/714/2 626/697/2
f 642/698/2 658/715/2 659/716/578
f 642/698/2 659/716/578 643/699/564
f 643/699/564 659/716/578 660/717/579
f 643/699/564 660/717/579 644/700/565
f 644/700/565 660/717/579 661/718/580
f 644/700/565 661/718/580 645/701/566
f 645/701/566 661/718/580 662/719/581
f 645/701/566 662/719/581 646/702/567
f 646/702/567 662/719/581 663/720/582
f 646/702/567 663/720/582 647/703/568
f 647/703/568 663/720/582 664/721/583
f 647/703/568 664/721/583 648/704/569
f 648/704/569 664/721/583 665/722/584
f 648/704/569 665/722/584 649/705/570
f 649/705/570 665/722/584 666/723/17
f 649/705/570 666/723/17 650/706/17
f 650/706/17 666/723/17 667/724/585
f 650/706/17 667/724/585 651/707/571
f 651/707/571 667/724/585 668/725/586
f 651/707/571 668/725/586 652/708/572
f 652/708/572 668/725/586 669/726/587
f 652/708/572 669/726/587 653/709/573
f 653/709/573 669/726/587 670/727/588
f 653/709/573 670/727/588 654/710/574
f 654/710/574 670/727/588 671/728/589
f 654/710/574 671/728/589 655/711/575
f 655/711/575 671/728/589 672/729/590
f 655/711/575 672/729/590 656/712/576
f 656/712/576 672/729/590 673/730/591
f 656/712/576 673/730/591 657/713/577
f 657/713/577 673/730/591 658/731/2
f 657/713/577 658/731/2 642/714/2
f 658/715/2 674/732/2 675/733/592
f 658/715/2 675/733/592 659/716/578
f 659/716/578 675/733/592 676/734/593
f 659/716/578 676/734/593 660/717/579
f 660/717/579 676/734/593 677/735/594
f 660/717/579 677/735/594 661/718/580
f 661/718/580 677/735/594 678/736/595
f 661/718/580 678/736/595 662/719/581
f 662/719/581 678/736/595 679/737/596
f 662/719/581 679/737/596 663/720/582
f 663/720/582 679/737/596 680/738/597
f 663/720/582 680/738/597 664/721/583
f 664/721/583 680/738/597 681/739/598
f 664/721/583 681/739/598 665/722/584
f 665/722/584 681/739/598 682/740/17
f 665/722/584 682/740/17 666/723/17
f 666/723/17 682/740/17 683/741/599
f 666/723/17 683/741/599 667/724/585
f 667/724/585 683/741/599 684/742/600
f 667/724/585 684/742/600 668/725/586
f 668/725/586 684/742/600 685/743/601
f 668/725/586 685/743/601 669/726/587
f 669/726/587 685/743/601 686/744/602
f 669/726/587 686/744/602 670/727/588
f 670/727/588 686/744/602 687/745/603
f 670/727/588 687/745/603 671/728/589
f 671/728/589 687/745/603 688/746/604
f 671/728/589 688/746/604 672/729/590
f 672/729/590 688/746/604 689/747/605
f 672/729/590 689/747/605 673/730/591
f 673/730/591 689/747/605 674/748/2
f 673/730/591 674/748/2 658/731/2
f 674/732/2 690/749/2 691/750/606
f 674/732/2 691/750/606 675/733/592
f 675/733/592 691/750/606 692/751/607
f 675/733/592 692/751/607 676/734/593
f 676/734/593 692/751/607 693/752/608
f 676/734/593 693/752/608 677/735/594
f 677/735/594 693/752/608 694/753/609
f 677/735/594 694/753/609 678/736/595
f 678/736/595 694/753/609 695/754/610
f 678/736/595 695/754/610 679/737/596
f 679/737/596 695/754/610 696/755/611
f 679/737/596 696/755/611 680/738/597
f 680/738/597 696/755/611 697/756/612
f 680/738/597 697/756/612 681/739/598
f 681/739/598 697/756/612 698/757/17
f 681/739/598 698/757/17 682/740/17
f 682/740/17 698/757/17 699/758/613
f 682/740/17 699/758/613 683/741/599
f 683/741/599 699/758/613 700/759/614
f 683/741/599 700/759/614 684/742/600
f 684/742/600 700/759/614 701/760/615
f 684/742/600 701/760/615 685/743/601
f 685/743/601 701/760/615 702/761/616
f 685/743/601 702/761/616 686/744/602
f 686/744/602 702/761/616 703/762/617
f 686/744/602 703/762/617 687/745/603
f 687/745/603 703/762/617 704/763/618
f 687/745/603 704/763/618 688/746/604
f 688/746/604 704/763/618 705/764/619
f 688/746/604 705/764/619 689/747/605
f 689/747/605 705/764/619 690/765/2
f 689/747/605 690/765/2 674/748/2
f 690/749/2 706/766/2 707/767/620
f 690/749/2 707/767/620 691/750/606
f 691/750/606 707/767/620 708/768/621
f 691/750/606 708/768/621 692/751/607
f 692/751/607 708/768/621 709/769/622
f 692/751/607 709/769/622 693/752/608
f 693/752/608 709/769/622 710/770/623
f 693/752/608 710/770/623 694/753/609
f 694/753/609 710/770/623 711/771/624
f 694/753/609 711/771/624 695/754/610
f 695/754/610 711/771/624 712/772/625
f 695/754/610 712/772/625 696/755/611
f 696/755/611 712/772/625 713/773/626
f 696/755/611 713/773/626 697/756/612
f 697/756/612 713/773/626 714/774/17
f 697/756/612 714/774/17 698/757/17
f 698/757/17 714/774/17 715/775/627
f 698/757/17 715/775/627 699/758/613
f 699/758/613 715/775/627 716/776/628
f 699/758/613 716/776/628 700/759/614
f 700/759/614 716/776/628 717/777/629
f 700/759/614 717/777/629 701/760/615
f 701/760/615 717/777/629 718/778/630
f 701/760/615 718/778/630 702/761/616
f 702/761/616 718/778/630 719/779/631
f 702/761/616 719/779/631 703/762/617
f 703/762/617 719/779/631 720/780/632
f 703/762/617 720/780/632 704/763/618
f 704/763/618 720/780/632 721/781/633
f 704/763/618 721/781/633 705/764/619
f 705/764/619 721/781/633 706/782/2
f 705/764/619 706/782/2 690/765/2
f 706/766/2 722/783/2 723/784/634
f 706/766/2 723/784/634 707/767/620
f 707/767/620 723/784/634 724/785/635
f 707/767/620 724/785/635 708/768/621
f 708/768/621 724/785/635 725/786/636
f 708/768/621 725/786/636 709/769/622
f 709/769/622 725/786/636 726/787/637
f 709/769/622 726/787/637 710/770/623
f 710/770/623 726/787/637 727/788/638
f 710/770/623 727/788/638 711/771/624
f 711/771/624 727/788/638 728/789/639
f 711/771/624 728/789/639 712/772/625
f 712/772/625 728/789/639 729/790/640
f 712/772/625 729/790/640 713/773/626
f 713/773/626 729/790/640 730/791/17
f 713/773/626 730/791/17 714/774/17
f 714/774/17 730/791/17 731/792/641
f 714/774/17 731/792/641 715/775/627
f 715/775/627 731/792/641 732/793/642
f 715/775/627 732/793/642 716/776/628
f 716/776/628 732/793/642 733/794/643
f 716/776/628 733/794/643 717/777/629
f 717/777/629 733/794/643 734/795/644
f 717/777/629 734/795/644 718/778/630
f 718/778/630 734/795/644 735/796/645
f 718/778/630 735/796/645 719/779/631
f 719/779/631 735/796/645 736/797/646
f 719/779/631 736/797/646 720/780/632
f 720/780/632 736/797/646 737/798/647
f 720/780/632 737/798/647 721/781/633
f 721/781/633 737/798/647 722/799/2
f 721/781/633 722/799/2 706/782/2
f 722/783/2 738/800/2 739/801/648
f 722/783/2 739/801/648 723/784/634
f 723/784/634 739/801/648 740/802/649
f 723/784/634 740/802/649 724/785/635
f 724/785/635 740/802/649 741/803/650
f 724/785/635 741/803/650 725/786/636
f 725/786/636 741/803/650 742/804/651
f 725/786/636 742/804/651 726/787/637
f 726/787/637 742/804/651 743/805/652
f 726/787/637 743/805/652 727/788/638
f 727/788/638 743/805/652 744/806/653
f 727/788/638 744/806/653 728/789/639
f 728/789/639 744/806/653 745/807/654
f 728/789/639 745/807/654 729/790/640
f 729/790/640 745/807/654 746/808/17
f 729/790/640 746/808/17 730/791/17
f 730/791/17 746/808/17 747/809/655
f 730/791/17 747/809/655 731/792/641
f 731/792/641 747/809/655 748/810/656
f 731/792/641 748/810/656 732/793/642
f 732/793/642 748/810/656 749/811/657
f 732/793/642 749/811/657 733/794/643
f 733/794/643 749/811/657 750/812/658
f 733/794/643 750/812/658 734/795/644
f 734/795/644 750/812/658 751/813/659
f 734/795/644 751/813/659 735/796/645
f 735/796/645 751/813/659 752/814/660
f 735/796/645 752/814/660 736/797/646
f 736/797/646 752/814/660 753/815/661
f 736/797/646 753/815/661 737/798/647
f 737/798/647 753/815/661 738/816/2
f 737/798/647 738/816/2 722/799/2
f 738/800/2 754/817/2 755/818/662
f 738/800/2 755/818/662 739/801/648
f 739/801/648 755/818/662 756/819/663
f 739/801/648 756/819/663 740/802/649
f 740/802/649 756/819/663 757/820/664
f 740/802/649 757/820/664 741/803/650
f 741/803/650 757/820/664 758/821/665
f 741/803/650 758/821/665 742/804/651
f 742/804/651 758/821/665 759/822/666
f 742/804/651 759/822/666 743/805/652
f 743/805/652 759/822/666 760/823/667
f 743/805/652 760/823/667 744/806/653
f 744/806/653 760/823/667 761/824/668
f 744/806/653 761/824/668 745/807/654
f 745/807/654 761/824/668 762/825/17
f 745/807/654 762/825/17 746/808/17
f 746/808/17 762/825/17 763/826/669
f 746/808/17 763/826/669 747/809/655
f 747/809/655 763/826/669 764/827/670
f 747/809/655 764/827/670 748/810/656
f 748/810/656 764/827/670 765/828/671
f 748/810/656 765/828/671 749/811/657
f 749/811/657 765/828/671 766/829/672
f 749/811/657 766/829/672 750/812/658
f 750/812/658 766/829/672 767/830/673
f 750/812/658 767/830/673 751/813/659
f 751/813/659 767/830/673 768/831/674
f 751/813/659 768/831/674 752/814/660
f 752/814/660 768/831/674 769/832/675
f 752/814/660 769/832/675 753/815/661
f 753/815/661 769/832/675 754/833/2
f 753/815/661 754/833/2 738/816/2
f 754/817/2 770/834/2 771/835/676
f 754/817/2 771/835/676 755/818/662
f 755/818/662 771/835/676 772/836/677
f 755/818/662 772/836/677 756/819/663
f 756/819/663 772/836/677 773/837/678
f 756/819/663 773/837/678 757/820/664
f 757/820/664 773/837/678 774/838/679
f 757/820/664 774/838/679 758/821/665
f 758/821/665 774/838/679 775/839/680
f 758/821/665 775/839/680 759/822/666
f 759/822/666 775/839/680 776/840/681
f 759/822/666 776/840/681 760/823/667
f 760/823/667 776/840/681 777/841/682
f 760/823/667 777/841/682 761/824/668
f 761/824/668 777/841/682 778/842/17
f 761/824/668 778/842/17 762/825/17
f 762/825/17 778/842/17 779/843/683
f 762/825/17 779/843/683 763/826/669
f 763/826/669 779/843/683 780/844/684
f 763/826/669 780/844/684 764/827/670
f 764/827/670 780/844/684 781/845/685
f 764/827/670 781/845/685 765/828/671
f 765/828/671 781/845/685 782/846/686
f 765/828/671 782/846/686 766/829/672
f 766/829/672 782/846/686 783/847/687
f 766/829/672 783/847/687 767/830/673
f 767/830/673 783/847/687 784/848/688
f 767/830/673 784/848/688 768/831/674
f 768/831/674 784/848/688 785/849/689
f 768/831/674 785/849/689 769/832/675
f 769/832/675 785/849/689 770/850/2
f 769/832/675 770/850/2 754/833/2
f 770/834/2 786/851/2 787/852/690
f 770/834/2 787/852/690 771/835/676
f 771/835/676 787/852/690 788/853/691
f 771/835/676 788/853/691 772/836/677
f 772/836/677 788/853/691 789/854/692
f 772/836/677 789/854/692 773/837/678
f 773/837/678 789/854/692 790/855/693
f 773/837/678 790/855/693 774/838/679
f 774/838/679 790/855/693 791/856/694
f 774/838/679 791/856/694 775/839/680
f 775/839/680 791/856/694 792/857/695
f 775/839/680 792/857/695 776/840/681
f 776/840/681 792/857/695 793/858/696
f 776/840/681 793/858/696 777/841/682
f 777/841/682 793/858/696 794/859/17
f 777/841/682 794/859/17 778/842/17
f 778/842/17 794/859/17 795/860/697
f 778/842/17 795/860/697 779/843/683
f 779/843/683 795/860/697 796/861/698
f 779/843/683 796/861/698 780/844/684
f 780/844/684 796/861/698 797/862/699
f 780/844/684 797/862/699 781/845/685
f 781/845/685 797/862/699 798/863/700
f 781/845/685 798/863/700 782/846/686
f 782/846/686 798/863/700 799/864/701
f 782/846/686 799/864/701 783/847/687
f 783/847/687 799/864/701 800/865/702
f 783/847/687 800/865/702 784/848/688
f 784/848/688 800/865/702 801/866/703
f 784/848/688 801/866/703 785/849/689
f 785/849/689 801/866/703 786/867/2
f 785/849/689 786/867/2 770/850/2
f 786/851/2 802/868/2 803/869/704
f 786/851/2 803/869/704 787/852/690
f 787/852/690 803/869/704 804/870/705
f 787/852/690 804/870/705 788/853/691
f 788/853/691 804/870/705 805/871/706
f 788/853/691 805/871/706 789/854/692
f 789/854/692 805/871/706 806/872/707
f 789/854/692 806/872/707 790/855/693
f 790/855/693 806/872/707 807/873/708
f 790/855/693 807/873/708 791/856/694
f 791/856/694 807/873/708 808/874/709
f 791/856/694 808/874/709 792/857/695
f 792/857/695 808/874/709 809/875/710
f 792/857/695 809/875/710 793/858/696
f 793/858/696 809/875/710 810/876/17
f 793/858/696 810/876/17 794/859/17
f 794/859/17 810/876/17 811/877/711
f 794/859/17 811/877/711 795/860/697
f 795/860/697 811/877/711 812/878/712
f 795/860/697 812/878/712 796/861/698
f 796/861/698 812/878/712 813/879/713
f 796/861/698 813/879/713 797/862/699
f 797/862/699 813/879/713 814/880/714
f 797/862/699 814/880/714 798/863/700
f 798/863/700 814/880/714 815/881/715
f 798/863/700 815/881/715 799/864/701
f 799/864/701 815/881/715 816/882/716
f 799/864/701 816/882/716 800/865/702
f 800/865/702 816/882/716 817/883/717
f 800/865/702 817/883/717 801/866/703
f 801/866/703 817/883/717 802/884/2
f 801/866/703 802/884/2 786/867/2
f 802/868/2 818/885/2 819/886/718
f 802/868/2 819/886/718 803/869/704
f 803/869/704 819/886/718 820/887/719
f 803/869/704 820/887/719 804/870/705
f 804/870/705 820/887/719 821/888/720
f 804/870/705 821/888/720 805/871/706
f 805/871/706 821/888/720 822/889/721
f 805/871/706 822/889/721 806/872/707
f 806/872/707 822/889/721 823/890/722
f 806/872/707 823/890/722 807/873/708
f 807/873/708 823/890/722 824/891/723
f 807/873/708 824/891/723 808/874/709
f 808/874/709 824/891/723 825/892/724
f 808/874/709 825/892/724 809/875/710
f 809/875/710 825/892/724 826/893/17
f 809/875/710 826/893/17 810/876/17
f 810/876/17 826/893/17 827/894/725
f 810/876/17 827/894/725 811/877/711
f 811/877/711 827/894/725 828/895/726
f 811/877/711 828/895/726 812/878/712
f 812/878/712 828/895/726 829/896/727
f 812/878/712 829/896/727 813/879/713
f 813/879/713 829/896/727 830/897/728
f 813/879/713 830/897/728 814/880/714
f 814/880/714 830/897/728 831/898/729
f 814/880/714 831/898/729 815/881/715
f 815/881/715 831/898/729 832/899/730
f 815/881/715 832/899/730 816/882/716
f 816/882/716 832/899/730 833/900/731
f 816/882/716 833/900/731 817/883/717
f 817/883/717 833/900/731 818/901/2
f 817/883/717 818/901/2 802/884/2
f 818/885/2 834/902/2 835/903/732
f 818/885/2 835/903/732 819/886/718
f 819/886/718 835/903/732 836/904/733
f 819/886/718 836/904/733 820/887/719
f 820/887/719 836/904/733 837/905/734
f 820/887/719 837/905/734 821/888/720
f 821/888/720 837/905/734 838/906/735
f 821/888/720 838/906/735 822/889/721
f 822/889/721 838/906/735 839/907/736
f 822/889/721 839/907/736 823/890/722
f 823/890/722 839/907/736 840/908/737
f 823/890/722 840/908/737 824/891/723
f 824/891/723 840/908/737 841/909/738
f 824/891/723 841/909/738 825/892/724
f 825/892/724 841/909/738 842/910/17
f 825/892/724 842/910/17 826/893/17
f 826/893/17 842/910/17 843/911/739
f 826/893/17 843/911/739 827/894/725
f 827/894/725 843/911/739 844/912/740
f 827/894/725 844/912/740 828/895/726
f 828/895/726 844/912/740 845/913/741
f 828/895/726 845/913/741 829/896/727
f 829/896/727 845/913/741 846/914/742
f 829/896/727 846/914/742 830/897/728
f 830/897/728 846/914/742 847/915/743
f 830/897/728 847/915/743 831/898/729
f 831/898/729 847/915/743 848/916/744
f 831/898/729 848/916/744 832/899/730
f 832/899/730 848/916/744 849/917/745
f 832/899/730 849/917/745 833/900/731
f 833/900/731 849/917/745 834/918/2
f 833/900/731 834/918/2 818/901/2
f 834/902/2 850/919/2 851/920/746
f 834/902/2 851/920/746 835/903/732
f 835/903/732 851/920/746 852/921/747
f 835/903/732 852/921/747 836/904/733
f 836/904/733 852/921/747 853/922/748
f 836/904/733 853/922/748 837/905/734
f 837/905/734 853/922/748 854/923/749
f 837/905/734 854/923/749 838/906/735
f 838/906/735 854/923/749 855/924/750
f 838/906/735 855/924/750 839/907/736
f 839/907/736 855/924/750 856/925/751
f 839/907/736 856/925/751 840/908/737
f 840/908/737 856/925/751 857/926/752
f 840/908/737 857/926/752 841/909/738
f 841/909/738 857/926/752 858/927/17
f 841/909/738 858/927/17 842/910/17
f 842/910/17 858/927/17 859/928/753
f 842/910/17 859/928/753 843/911/739
f 843/911/739 859/928/753 860/929/754
f 843/911/739 860/929/754 844/912/740
f 844/912/740 860/929/754 861/930/755
f 844/912/740 861/930/755 845/913/741
f 845/913/741 861/930/755 862/931/756
f 845/913/741 862/931/756 846/914/742
f 846/914/742 862/931/756 863/932/757
f 846/914/742 863/932/757 847/915/743
f 847/915/743 863/932/757 864/933/758
f 847/915/743 864/933/758 848/916/744
f 848/916/744 864/933/758 865/934/759
f 848/916/744 865/934/759 849/917/745
f 849/917/745 865/934/759 850/935/2
f 849/917/745 850/935/2 834/918/2
f 850/919/2 866/936/2 867/937/760
f 850/919/2 867/937/760 851/920/746
f 851/920/746 867/937/760 868/938/761
f 851/920/746 868/938/761 852/921/747
f 852/921/747 868/938/761 869/939/762
f 852/921/747 869/939/762 853/922/748
f 853/922/748 869/939/762 870/940/763
f 853/922/748 870/940/763 854/923/749
f 854/923/749 870/940/763 871/941/764
f 854/923/749 871/941/764 855/924/750
f 855/924/750 871/941/764 872/942/765
f 855/924/750 872/942/765 856/925/751
f 856/925/751 872/942/765 873/943/766
f 856/925/751 873/943/766 857/926/752
f 857/926/752 873/943/766 874/944/17
f 857/926/752 874/944/17 858/927/17
f 858/927/17 874/944/17 875/945/767
f 858/927/17 875/945/767 859/928/753
f 859/928/753 875/945/767 876/946/768
f 859/928/753 876/946/768 860/929/754
f 860/929/754 876/946/768 877/947/769
f 860/929/754 877/947/769 861/930/755
f 861/930/755 877/947/769 878/948/770
f 861/930/755 878/948/770 862/931/756
f 862/931/756 878/948/770 879/949/771
f 862/931/756 879/949/771 863/932/757
f 863/932/757 879/949/771 880/950/772
f 863/932/757 880/950/772 864/933/758
f 864/933/758 880/950/772 881/951/773
f 864/933/758 881/951/773 865/934/759
f 865/934/759 881/951/773 866/952/2
f 865/934/759 866/952/2 850/935/2
f 866/936/2 882/953/2 883/954/774
f 866/936/2 883/954/774 867/937/760
f 867/937/760 883/954/774 884/955/775
f 867/937/760 884/955/775 868/938/761
f 868/938/761 884/955/775 885/956/776
f 868/938/761 885/956/776 869/939/762
f 869/939/762 885/956/776 886/957/777
f 869/939/762 886/957/777 870/940/763
f 870/940/763 886/957/777 887/958/778
f 870/940/763 887/958/778 871/941/764
f 871/941/764 887/958/778 888/959/779
f 871/941/764 888/959/779 872/942/765
f 872/942/765 888/959/779 889/960/780
f 872/942/765 889/960/780 873/943/766
f 873/943/766 889/960/780 890/961/17
f 873/943/766 890/961/17 874/944/17
f 874/944/17 890/961/17 891/962/781
f 874/944/17 891/962/781 875/945/767
f 875/945/767 891/962/781 892/963/782
f 875/945/767 892/963/782 876/946/768
f 876/946/768 892/963/782 893/964/783
f 876/946/768 893/964/783 877/947/769
f 877/947/769 893/964/783 894/965/784
f 877/947/769 894/965/784 878/948/770
f 878/948/770 894/965/784 895/966/785
f 878/948/770 895/966/785 879/949/771
f 879/949/771 895/966/785 896/967/786
f 879/949/771 896/967/786 880/950/772
f 880/950/772 896/967/786 897/968/787
f 880/950/772 897/968/787 881/951/773
f 881/951/773 897/968/787 882/969/2
f 881/951/773 882/969/2 866/952/2
f 882/953/2 898/970/2 899/971/788
f 882/953/2 899/971/788 883/954/774
f 883/954/774 899/971/788 900/972/789
f 883/954/774 900/972/789 884/955/775
f 884/955/775 900/972/789 901/973/790
f 884/955/775 901/973/790 885/956/776
f 885/956/776 901/973/790 902/974/791
f 885/956/776 902/974/791 886/957/777
f 886/957/777 902/974/791 903/975/792
f 886/957/777 903/975/792 887/958/778
f 887/958/778 903/975/792 904/976/793
f 887/958/778 904/976/793 888/959/779
f 888/959/779 904/976/793 905/977/794
f 888/959/779 905/977/794 889/960/780
f 889/960/780 905/977/794 906/978/17
f 889/960/780 906/978/17 890/961/17
f 890/961/17 906/978/17 907/979/795
f 890/961/17 907/979/795 891/962/781
f 891/962/781 907/979/795 908/980/796
f 891/962/781 908/980/796 892/963/782
f 892/963/782 908/980/796 909/981/797
f 892/963/782 909/981/797 893/964/783
f 893/964/783 909/981/797 910/982/798
f 893/964/783 910/982/798 894/965/784
f 894/965/784 910/982/798 911/983/799
f 894/965/784 911/983/799 895/966/785
f 895/966/785 911/983/799 912/984/800
f 895/966/785 912/984/800 896/967/786
f 896/967/786 912/984/800 913/985/801
f 896/967/786 913/985/801 897/968/787
f 897/968/787 913/985/801 898/986/2
f 897/968/787 898/986/2 882/969/2
f 898/970/2 914/987/2 915/988/802
f 898/970/2 915/988/802 899/971/788
f 899/971/788 915/988/802 916/989/803
f 899/971/788 916/989/803 900/972/789
f 900/972/789 916/989/803 917/990/804
f 900/972/789 917/990/804 901/973/790
f 901/973/790 917/990/804 918/991/805
f 901/973/790 918/991/805 902/974/791
f 902/974/791 918/991/805 919/992/806
f 902/974/791 919/992/806 903/975/792
f 903/975/792 919/992/806 920/993/807
f 903/975/792 920/993/807 904/976/793
f 904/976/793 920/993/807 921/994/808
f 904/976/793 921/994/808 905/977/794
f 905/977/794 921/994/808 922/995/17
f 905/977/794 922/995/17 906/978/17
f 906/978/17 922/995/17 923/996/809
f 906/978/17 923/996/809 907/979/795
f 907/979/795 923/996/809 924/997/810
f 907/979/795 924/997/810 908/980/796
f 908/980/796 924/997/810 925/998/811
f 908/980/796 925/998/811 909/981/797
f 909/981/797 925/998/811 926/999/812
f 909/981/797 926/999/812 910/982/798
f 910/982/798 926/999/812 927/1000/813
f 910/982/798 927/1000/813 911/983/799
f 911/983/799 927/1000/813 928/1001/814
f 911/983/799 928/1001/814 912/984/800
f 912/984/800 928/1001/814 929/1002/815
f 912/984/800 929/1002/815 913/985/801
f 913/985/801 929/1002/815 914/1003/2
f 913/985/801 914/1003/2 898/986/2
f 914/987/2 930/1004/2 931/1005/816
f 914/987/2 931/1005/816 915/988/802
f 915/988/802 931/1005/816 932/1006/817
f 915/988/802 932/1006/817 916/989/803
f 916/989/803 932/1006/817 933/1007/818
f 916/989/803 933/1007/818 917/990/804
f 917/990/804 933/1007/818 934/1008/819
f 917/990/804 934/1008/819 918/991/805
f 918/991/805 934/1008/819 935/1009/820
f 918/991/805 935/1009/820 919/992/806
f 919/992/806 935/1009/820 936/1010/821
f 919/992/806 936/1010/821 920/993/807
f 920/993/807 936/1010/821 937/1011/822
f 920/993/807 937/1011/822 921/994/808
f 921/994/808 937/1011/822 938/1012/17
f 921/994/808 938/1012/17 922/995/17
f 922/995/17 938/1012/17 939/1013/823
f 922/995/17 939/1013/823 923/996/809
f 923/996/809 939/1013/823 940/1014/824
f 923/996/809 940/1014/824 924/997/810
f 924/997/810 940/1014/824 941/1015/825
f 924/997/810 941/1015/825 925/998/811
f 925/998/811 941/1015/825 942/1016/826
f 925/998/811 942/1016/826 926/999/812
f 926/999/812 942/1016/826 943/1017/827
f 926/999/812 943/1017/827 927/1000/813
f 927/1000/813 943/1017/827 944/1018/828
f 927/1000/813 944/1018/828 928/1001/814
f 928/1001/814 944/1018/828 945/1019/829
f 928/1001/814 945/1019/829 929/1002/815
f 929/1002/815 945/1019/829 930/1020/2
f 929/1002/815 930/1020/2 914/1003/2
f 930/1004/2 946/1021/2 947/1022/830
f 930/1004/2 947/1022/830 931/1005/816
f 931/1005/816 947/1022/830 948/1023/831
f 931/1005/816 948/1023/831 932/1006/817
f 932/1006/817 948/1023/831 949/1024/832
f 932/1006/817 949/1024/832 933/1007/818
f 933/1007/818 949/1024/832 950/1025/833
f 933/1007/818 950/1025/833 934/1008/819
f 934/1008/819 950/1025/833 951/1026/834
f 934/1008/819 951/1026/834 935/1009/820
f 935/1009/820 951/1026/834 952/1027/835
f 935/1009/820 952/1027/835 936/1010/821
f 936/1010/821 952/1027/835 953/1028/836
f 936/1010/821 953/1028/836 937/1011/822
f 937/1011/822 953/1028/836 954/1029/17
f 937/1011/822 954/1029/17 938/1012/17
f 938/1012/17 954/1029/17 955/1030/837
f 938/1012/17 955/1030/837 939/1013/823
f 939/1013/823 955/1030/837 956/1031/838
f 939/1013/823 956/1031/838 940/1014/824
f 940/1014/824 956/1031/838 957/1032/839
f 940/1014/824 957/1032/839 941/1015/825
f 941/1015/825 957/1032/839 958/1033/840
f 941/1015/825 958/1033/840 942/1016/826
f 942/1016/826 958/1033/840 959/1034/841
f 942/1016/826 959/1034/841 943/1017/827
f 943/1017/827 959/1034/841 960/1035/842
f 943/1017/827 960/1035/842 944/1018/828
f 944/1018/828 960/1035/842 961/1036/843
f 944/1018/828 961/1036/843 945/1019/829
f 945/1019/829 961/1036/843 946/1037/2
f 945/1019/829 946/1037/2 930/1020/2
f 946/1021/2 962/1038/2 963/1039/844
f 946/1021/2 963/1039/844 947/1022/830
f 947/1022/830 963/1039/844 964/1040/845
f 947/1022/830 964/1040/845 948/1023/831
f 948/1023/831 964/1040/845 965/1041/846
f 948/1023/831 965/1041/846 949/1024/832
f 949/1024/832 965/1041/846 966/1042/847
f 949/1024/832 966/1042/847 950/1025/833
f 950/1025/833 966/1042/847 967/1043/848
f 950/1025/833 967/1043/848 951/1026/834
f 951/1026/834 967/1043/848 968/1044/849
f 951/1026/834 968/1044/849 952/1027/835
f 952/1027/835 968/1044/849 969/1045/850
f 952/1027/835 969/1045/850 953/1028/836
f 953/1028/836 969/1045/850 970/1046/17
f 953/1028/836 970/1046/17 954/1029/17
f 954/1029/17 970/1046/17 971/1047/851
f 954/1029/17 971/1047/851 955/1030/837
f 955/1030/837 971/1047/851 972/1048/852
f 955/1030/837 972/1048/852 956/1031/838
f 956/1031/838 972/1048/852 973/1049/853
f 956/1031/838 973/1049/853 957/1032/839
f 957/1032/839 973/1049/853 974/1050/854
f 957/1032/839 974/1050/854 958/1033/840
f 958/1033/840 974/1050/854 975/1051/855
f 958/1033/840 975/1051/855 959/1034/841
f 959/1034/841 975/1051/855 976/1052/856
f 959/1034/841 976/1052/856 960/1035/842
f 960/1035/842 976/1052/856 977/1053/857
f 960/1035/842 977/1053/857 961/1036/843
f 961/1036/843 977/1053/857 962/1054/2
f 961/1036/843 962/1054/2 946/1037/2
f 962/1038/2 978/1055/2 979/1056/858
f 962/1038/2 979/1056/858 963/1039/844
f 963/1039/844 979/1056/858 980/1057/859
f 963/1039/844 980/1057/859 964/1040/845
f 964/1040/845 980/1057/859 981/1058/860
f 964/1040/845 981/1058/860 965/1041/846
f 965/1041/846 981/1058/860 982/1059/861
f 965/1041/846 982/1059/861 966/1042/847
f 966/1042/847 982/1059/861 983/1060/862
f 966/1042/847 983/1060/862 967/1043/848
f 967/1043/848 983/1060/862 984/1061/863
f 967/1043/848 984/1061/863 968/1044/849
f 968/1044/849 984/1061/863 985/1062/864
f 968/1044/849 985/1062/864 969/1045/850
f 969/1045/850 985/1062/864 986/1063/17
f 969/1045/850 986/1063/17 970/1046/17
f 970/1046/17 986/1063/17 987/1064/865
f 970/1046/17 987/1064/865 971/1047/851
f 971/1047/851 987/1064/865 988/1065/866
f 971/1047/851 988/1065/866 972/1048/852
f 972/1048/852 988/1065/866 989/1066/867
f 972/1048/852 989/1066/867 973/1049/853
f 973/1049/853 989/1066/867 990/1067/868
f 973/1049/853 990/1067/868 974/1050/854
f 974/1050/854 990/1067/868 991/1068/869
f 974/1050/854 991/1068/869 975/1051/855
f 975/1051/855 991/1068/869 992/1069/870
f 975/1051/855 992/1069/870 976/1052/856
f 976/1052/856 992/1069/870 993/1070/871
f 976/1052/856 993/1070/871 977/1053/857
f 977/1053/857 993/1070/871 978/1071/2
f 977/1053/857 978/1071/2 962/1054/2
f 978/1055/2 994/1072/2 995/1073/872
f 978/1055/2 995/1073/872 979/1056/858
f 979/1056/858 995/1073/872 996/1074/873
f 979/1056/858 996/1074/873 980/1057/859
f 980/1057/859 996/1074/873 997/1075/874
f 980/1057/859 997/1075/874 981/1058/860
f 981/1058/860 997/1075/874 998/1076/875
f 981/1058/860 998/1076/875 982/1059/861
f 982/1059/861 998/1076/875 999/1077/876
f 982/1059/861 999/1077/876 983/1060/862
f 983/1060/862 999/1077/876 1000/1078/877
f 983/1060/862 1000/1078/877 984/1061/863
f 984/1061/863 1000/1078/877 1001/1079/878
f 984/1061/863 1001/1079/878 985/1062/864
f 985/1062/864 1001/1079/878 1002/1080/17
f 985/1062/864 1002/1080/17 986/1063/17
f 986/1063/17 1002/1080/17 1003/1081/879
f 986/1063/17 1003/1081/879 987/1064/865
f 987/1064/865 1003/1081/879 1004/1082/880
f 987/1064/865 1004/1082/880 988/1065/866
f 988/1065/866 1004/1082/880 1005/1083/881
f 988/1065/866 1005/1083/881 989/1066/867
f 989/1066/867 1005/1083/881 1006/1084/882
f 989/1066/867 1006/1084/882 990/1067/868
f 990/1067/868 1006/1084/882 1007/1085/883
f 990/1067/868 1007/1085/883 991/1068/869
f 991/1068/869 1007/1085/883 1008/1086/884
f 991/1068/869 1008/1086/884 992/1069/870
f 992/1069/870 1008/1086/884 1009/1087/885
f 992/1069/870 1009/1087/885 993/1070/871
f 993/1070/871 1009/1087/885 994/1088/2
f 993/1070/871 994/1088/2 978/1071/2
f 1010/1/886 995/3/886 994/2/886
f 1010/1/886 996/4/886 995/3/886
f 1010/1/886 997/5/886 996/4/886
f 1010/1/886 998/6/886 997/5/886
f 1010/1/886 999/7/886 998/6/886
f 1010/1/886 1000/8/886 999/7/886
f 1010/1/886 1001/9/886 1000/8/886
f 1010/1/886 1002/10/886 1001/9/886
f 1010/1/886 1003/11/886 1002/10/886
f 1010/1/886 1004/12/886 1003/11/886
f 1010/1/886 1005/13/886 1004/12/886
f 1010/1/886 1006/14/886 1005/13/886
f 1010/1/886 1007/15/886 1006/14/886
f 1010/1/886 1008/16/886 1007/15/886
f 1010/1/886 1009/17/886 1008/16/886
f 1010/1/886 994/2/886 1009/17/886
