# Procedurally generated by dev-env-utils/scripts/gen_mast_arm_curves.py
# inventory icon: whole sweep fitted to one block
mtllib mastarmcurve.mtl
o mastarm_6x2_inv
v 0.500000 0.335996 0.985423
v 0.549937 0.326243 1.000000
v 0.546042 0.353145 0.994682
v 0.535155 0.379623 0.984390
v 0.518894 0.397843 0.975987
v 0.500000 0.403754 0.972911
v 0.481106 0.397843 0.975987
v 0.464845 0.379623 0.984390
v 0.453958 0.353145 0.994682
v 0.450063 0.326243 1.000000
v 0.453831 0.306504 0.994837
v 0.464668 0.293945 0.984520
v 0.480884 0.286665 0.976061
v 0.500000 0.284238 0.972911
v 0.519116 0.286665 0.976061
v 0.535332 0.293945 0.984520
v 0.546169 0.306504 0.994837
v 0.548195 0.367075 0.939816
v 0.544527 0.382487 0.949947
v 0.534079 0.395552 0.958536
v 0.518443 0.404282 0.964275
v 0.500000 0.407347 0.966291
v 0.481557 0.404282 0.964275
v 0.465921 0.395552 0.958536
v 0.455473 0.382487 0.949947
v 0.451805 0.367075 0.939816
v 0.455473 0.351664 0.929684
v 0.465921 0.338599 0.921095
v 0.481557 0.329869 0.915356
v 0.500000 0.326803 0.913340
v 0.518443 0.329869 0.915356
v 0.534079 0.338599 0.921095
v 0.544527 0.351664 0.929684
v 0.546975 0.375717 0.926577
v 0.543399 0.390802 0.936355
v 0.533216 0.403591 0.944644
v 0.517977 0.412136 0.950182
v 0.500000 0.415136 0.952127
v 0.482023 0.412136 0.950182
v 0.466784 0.403591 0.944644
v 0.456601 0.390802 0.936355
v 0.453025 0.375717 0.926577
v 0.456601 0.360632 0.916800
v 0.466784 0.347843 0.908511
v 0.482023 0.339298 0.902973
v 0.500000 0.336298 0.901028
v 0.517977 0.339298 0.902973
v 0.533216 0.347843 0.908511
v 0.543399 0.360632 0.916800
v 0.546019 0.384236 0.913339
v 0.542516 0.399077 0.922821
v 0.532541 0.411658 0.930859
v 0.517611 0.420064 0.936229
v 0.500000 0.423016 0.938115
v 0.482389 0.420064 0.936229
v 0.467459 0.411658 0.930859
v 0.457484 0.399077 0.922821
v 0.453981 0.384236 0.913339
v 0.457484 0.369395 0.903858
v 0.467459 0.356814 0.895820
v 0.482389 0.348408 0.890449
v 0.500000 0.345456 0.888563
v 0.517611 0.348408 0.890449
v 0.532541 0.356814 0.895820
v 0.542516 0.369395 0.903858
v 0.545403 0.392632 0.900101
v 0.541946 0.407336 0.909358
v 0.532104 0.419800 0.917207
v 0.517375 0.428129 0.922451
v 0.500000 0.431054 0.924292
v 0.482625 0.428129 0.922451
v 0.467896 0.419800 0.917207
v 0.458054 0.407336 0.909358
v 0.454597 0.392632 0.900101
v 0.458054 0.377929 0.890843
v 0.467896 0.365465 0.882995
v 0.482625 0.357136 0.877751
v 0.500000 0.354211 0.875910
v 0.517375 0.357136 0.877751
v 0.532104 0.365465 0.882995
v 0.541946 0.377929 0.890843
v 0.545258 0.400906 0.886863
v 0.541813 0.415624 0.895993
v 0.532002 0.428101 0.903733
v 0.517320 0.436437 0.908905
v 0.500000 0.439365 0.910721
v 0.482680 0.436437 0.908905
v 0.467998 0.428101 0.903733
v 0.458187 0.415624 0.895993
v 0.454742 0.400906 0.886863
v 0.458187 0.386189 0.877732
v 0.467998 0.373712 0.869992
v 0.482680 0.365375 0.864820
v 0.500000 0.362448 0.863004
v 0.517320 0.365375 0.864820
v 0.532002 0.373712 0.869992
v 0.541813 0.386189 0.877732
v 0.545175 0.409058 0.873625
v 0.541737 0.423809 0.882639
v 0.531944 0.436315 0.890282
v 0.517288 0.444671 0.895388
v 0.500000 0.447605 0.897181
v 0.482712 0.444671 0.895388
v 0.468056 0.436315 0.890282
v 0.458263 0.423809 0.882639
v 0.454825 0.409058 0.873625
v 0.458263 0.394306 0.864610
v 0.468056 0.381801 0.856967
v 0.482712 0.373445 0.851861
v 0.500000 0.370510 0.850068
v 0.517288 0.373445 0.851861
v 0.531944 0.381801 0.856967
v 0.541737 0.394306 0.864610
v 0.545093 0.417086 0.860386
v 0.541660 0.431871 0.869285
v 0.531885 0.444405 0.876828
v 0.517256 0.452780 0.881869
v 0.500000 0.455721 0.883639
v 0.482744 0.452780 0.881869
v 0.468115 0.444405 0.876828
v 0.458340 0.431871 0.869285
v 0.454907 0.417086 0.860386
v 0.458340 0.402301 0.851488
v 0.468115 0.389767 0.843944
v 0.482744 0.381392 0.838904
v 0.500000 0.378451 0.837134
v 0.517256 0.381392 0.838904
v 0.531885 0.389767 0.843944
v 0.541660 0.402301 0.851488
v 0.545010 0.424992 0.847148
v 0.541584 0.439811 0.855929
v 0.531827 0.452373 0.863374
v 0.517225 0.460767 0.868348
v 0.500000 0.463714 0.870094
v 0.482775 0.460767 0.868348
v 0.468173 0.452373 0.863374
v 0.458416 0.439811 0.855929
v 0.454990 0.424992 0.847148
v 0.458416 0.410174 0.838367
v 0.468173 0.397612 0.830923
v 0.482775 0.389218 0.825949
v 0.500000 0.386271 0.824202
v 0.517225 0.389218 0.825949
v 0.531827 0.397612 0.830923
v 0.541584 0.410174 0.838367
v 0.544927 0.432776 0.833910
v 0.541507 0.447627 0.842573
v 0.531768 0.460217 0.849917
v 0.517193 0.468629 0.854824
v 0.500000 0.471583 0.856547
v 0.482807 0.468629 0.854824
v 0.468232 0.460217 0.849917
v 0.458493 0.447627 0.842573
v 0.455073 0.432776 0.833910
v 0.458493 0.417925 0.825247
v 0.468232 0.405335 0.817903
v 0.482807 0.396923 0.812996
v 0.500000 0.393969 0.811272
v 0.517193 0.396923 0.812996
v 0.531768 0.405335 0.817903
v 0.541507 0.417925 0.825247
v 0.544874 0.437740 0.825356
v 0.541458 0.452612 0.833942
v 0.531730 0.465220 0.841221
v 0.517172 0.473644 0.846085
v 0.500000 0.476602 0.847793
v 0.482828 0.473644 0.846085
v 0.468270 0.465220 0.841221
v 0.458542 0.452612 0.833942
v 0.455126 0.437740 0.825356
v 0.458542 0.422869 0.816770
v 0.468270 0.410261 0.809491
v 0.482828 0.401837 0.804627
v 0.500000 0.398879 0.802919
v 0.517172 0.401837 0.804627
v 0.531730 0.410261 0.809491
v 0.541458 0.422869 0.816770
v 0.544844 0.440437 0.820672
v 0.541431 0.455320 0.829216
v 0.531710 0.467937 0.836459
v 0.517161 0.476368 0.841299
v 0.500000 0.479329 0.842998
v 0.482839 0.476368 0.841299
v 0.468290 0.467937 0.836459
v 0.458569 0.455320 0.829216
v 0.455156 0.440437 0.820672
v 0.458569 0.425554 0.812128
v 0.468290 0.412937 0.804884
v 0.482839 0.404506 0.800045
v 0.500000 0.401546 0.798345
v 0.517161 0.404506 0.800045
v 0.531710 0.412937 0.804884
v 0.541431 0.425554 0.812128
v 0.544762 0.447975 0.807434
v 0.541354 0.462890 0.815858
v 0.531651 0.475535 0.822999
v 0.517130 0.483983 0.827771
v 0.500000 0.486950 0.829447
v 0.482870 0.483983 0.827771
v 0.468349 0.475535 0.822999
v 0.458646 0.462890 0.815858
v 0.455238 0.447975 0.807434
v 0.458646 0.433061 0.799009
v 0.468349 0.420416 0.791868
v 0.482870 0.411968 0.787096
v 0.500000 0.409001 0.785420
v 0.517130 0.411968 0.787096
v 0.531651 0.420416 0.791868
v 0.541354 0.433061 0.799009
v 0.544679 0.455391 0.794195
v 0.541278 0.470338 0.802499
v 0.531593 0.483008 0.809538
v 0.517098 0.491475 0.814242
v 0.500000 0.494448 0.815893
v 0.482902 0.491475 0.814242
v 0.468407 0.483008 0.809538
v 0.458722 0.470338 0.802499
v 0.455321 0.455391 0.794195
v 0.458722 0.440445 0.785892
v 0.468407 0.427774 0.778853
v 0.482902 0.419308 0.774149
v 0.500000 0.416335 0.772497
v 0.517098 0.419308 0.774149
v 0.531593 0.427774 0.778853
v 0.541278 0.440445 0.785892
v 0.544596 0.462685 0.780957
v 0.541201 0.477662 0.789139
v 0.531534 0.490359 0.796075
v 0.517066 0.498842 0.800710
v 0.500000 0.501822 0.802338
v 0.482934 0.498842 0.800710
v 0.468466 0.490359 0.796075
v 0.458799 0.477662 0.789139
v 0.455404 0.462685 0.780957
v 0.458799 0.447708 0.772775
v 0.468466 0.435011 0.765839
v 0.482934 0.426527 0.761204
v 0.500000 0.423548 0.759577
v 0.517066 0.426527 0.761204
v 0.531534 0.435011 0.765839
v 0.541201 0.447708 0.772775
v 0.544513 0.469855 0.767719
v 0.541125 0.484863 0.775778
v 0.531476 0.497585 0.782611
v 0.517035 0.506086 0.787176
v 0.500000 0.509071 0.788779
v 0.482965 0.506086 0.787176
v 0.468524 0.497585 0.782611
v 0.458875 0.484863 0.775778
v 0.455487 0.469855 0.767719
v 0.458875 0.454848 0.759659
v 0.468524 0.442125 0.752827
v 0.482965 0.433624 0.748262
v 0.500000 0.430639 0.746658
v 0.517035 0.433624 0.748262
v 0.531476 0.442125 0.752827
v 0.541125 0.454848 0.759659
v 0.544431 0.476903 0.754481
v 0.541049 0.491940 0.762417
v 0.531417 0.504688 0.769145
v 0.517003 0.513206 0.773641
v 0.500000 0.516197 0.775219
v 0.482997 0.513206 0.773641
v 0.468583 0.504688 0.769145
v 0.458951 0.491940 0.762417
v 0.455569 0.476903 0.754481
v 0.458951 0.461866 0.746545
v 0.468583 0.449118 0.739816
v 0.482997 0.440601 0.735321
v 0.500000 0.437610 0.733742
v 0.517003 0.440601 0.735321
v 0.531417 0.449118 0.739816
v 0.541049 0.461866 0.746545
v 0.544348 0.483829 0.741243
v 0.540972 0.498895 0.749055
v 0.531359 0.511668 0.755678
v 0.516971 0.520202 0.760103
v 0.500000 0.523199 0.761657
v 0.483029 0.520202 0.760103
v 0.468641 0.511668 0.755678
v 0.459028 0.498895 0.749055
v 0.455652 0.483829 0.741243
v 0.459028 0.468763 0.733430
v 0.468641 0.455990 0.726808
v 0.483029 0.447456 0.722382
v 0.500000 0.444459 0.720828
v 0.516971 0.447456 0.722382
v 0.531359 0.455990 0.726808
v 0.540972 0.468763 0.733430
v 0.544265 0.490632 0.728004
v 0.540896 0.505727 0.735692
v 0.531300 0.518524 0.742208
v 0.516940 0.527074 0.746563
v 0.500000 0.530077 0.748092
v 0.483060 0.527074 0.746563
v 0.468700 0.518524 0.742208
v 0.459104 0.505727 0.735692
v 0.455735 0.490632 0.728004
v 0.459104 0.475537 0.720317
v 0.468700 0.462740 0.713800
v 0.483060 0.454190 0.709446
v 0.500000 0.451187 0.707917
v 0.516940 0.454190 0.709446
v 0.531300 0.462740 0.713800
v 0.540896 0.475537 0.720317
v 0.544182 0.497312 0.714766
v 0.540819 0.512435 0.722328
v 0.531242 0.525256 0.728738
v 0.516908 0.533822 0.733021
v 0.500000 0.536830 0.734525
v 0.483092 0.533822 0.733021
v 0.468758 0.525256 0.728738
v 0.459181 0.512435 0.722328
v 0.455818 0.497312 0.714766
v 0.459181 0.482189 0.707205
v 0.468758 0.469369 0.700794
v 0.483092 0.460802 0.696511
v 0.500000 0.457794 0.695007
v 0.516908 0.460802 0.696511
v 0.531242 0.469369 0.700794
v 0.540819 0.482189 0.707205
v 0.544100 0.503870 0.701528
v 0.540743 0.519020 0.708963
v 0.531183 0.531864 0.715266
v 0.516876 0.540446 0.719477
v 0.500000 0.543460 0.720956
v 0.483124 0.540446 0.719477
v 0.468817 0.531864 0.715266
v 0.459257 0.519020 0.708963
v 0.455900 0.503870 0.701528
v 0.459257 0.488720 0.694093
v 0.468817 0.475876 0.687790
v 0.483124 0.467294 0.683579
v 0.500000 0.464281 0.682100
v 0.516876 0.467294 0.683579
v 0.531183 0.475876 0.687790
v 0.540743 0.488720 0.694093
v 0.544017 0.510305 0.688290
v 0.540666 0.525482 0.695597
v 0.531125 0.538349 0.701792
v 0.516845 0.546946 0.705932
v 0.500000 0.549965 0.707385
v 0.483155 0.546946 0.705932
v 0.468875 0.538349 0.701792
v 0.459334 0.525482 0.695597
v 0.455983 0.510305 0.688290
v 0.459334 0.495128 0.680982
v 0.468875 0.482262 0.674787
v 0.483155 0.473665 0.670648
v 0.500000 0.470646 0.669195
v 0.516845 0.473665 0.670648
v 0.531125 0.482262 0.674787
v 0.540666 0.495128 0.680982
v 0.543934 0.516618 0.675052
v 0.540590 0.531821 0.682231
v 0.531066 0.544710 0.688317
v 0.516813 0.553321 0.692384
v 0.500000 0.556345 0.693812
v 0.483187 0.553321 0.692384
v 0.468934 0.544710 0.688317
v 0.459410 0.531821 0.682231
v 0.456066 0.516618 0.675052
v 0.459410 0.501415 0.667872
v 0.468934 0.488526 0.661786
v 0.483187 0.479915 0.657719
v 0.500000 0.476890 0.656291
v 0.516813 0.479915 0.657719
v 0.531066 0.488526 0.661786
v 0.540590 0.501415 0.667872
v 0.543852 0.522808 0.661813
v 0.540514 0.538037 0.668864
v 0.531008 0.550947 0.674840
v 0.516781 0.559573 0.678834
v 0.500000 0.562602 0.680236
v 0.483219 0.559573 0.678834
v 0.468992 0.550947 0.674840
v 0.459486 0.538037 0.668864
v 0.456148 0.522808 0.661813
v 0.459486 0.507580 0.654763
v 0.468992 0.494670 0.648786
v 0.483219 0.486043 0.644793
v 0.500000 0.483014 0.643390
v 0.516781 0.486043 0.644793
v 0.531008 0.494670 0.648786
v 0.540514 0.507580 0.654763
v 0.543769 0.528876 0.648575
v 0.540437 0.544129 0.655496
v 0.530949 0.557060 0.661362
v 0.516750 0.565700 0.665282
v 0.500000 0.568734 0.666659
v 0.483250 0.565700 0.665282
v 0.469051 0.557060 0.661362
v 0.459563 0.544129 0.655496
v 0.456231 0.528876 0.648575
v 0.459563 0.513622 0.641655
v 0.469051 0.500692 0.635788
v 0.483250 0.492051 0.631868
v 0.500000 0.489017 0.630491
v 0.516750 0.492051 0.631868
v 0.530949 0.500692 0.635788
v 0.540437 0.513622 0.641655
v 0.543686 0.534821 0.635337
v 0.540361 0.550098 0.642127
v 0.530891 0.563049 0.647883
v 0.516718 0.571703 0.651729
v 0.500000 0.574741 0.653080
v 0.483282 0.571703 0.651729
v 0.469109 0.563049 0.647883
v 0.459639 0.550098 0.642127
v 0.456314 0.534821 0.635337
v 0.459639 0.519543 0.628547
v 0.469109 0.506592 0.622791
v 0.483282 0.497938 0.618945
v 0.500000 0.494900 0.617594
v 0.516718 0.497938 0.618945
v 0.530891 0.506592 0.622791
v 0.540361 0.519543 0.628547
v 0.543603 0.540643 0.622099
v 0.540284 0.555943 0.628757
v 0.530832 0.568914 0.634402
v 0.516686 0.577581 0.638174
v 0.500000 0.580624 0.639498
v 0.483314 0.577581 0.638174
v 0.469168 0.568914 0.634402
v 0.459716 0.555943 0.628757
v 0.456397 0.540643 0.622099
v 0.459716 0.525343 0.615440
v 0.469168 0.512372 0.609796
v 0.483314 0.503705 0.606024
v 0.500000 0.500661 0.604699
v 0.516686 0.503705 0.606024
v 0.530832 0.512372 0.609796
v 0.540284 0.525343 0.615440
v 0.543521 0.546343 0.608861
v 0.540208 0.561665 0.615387
v 0.530774 0.574655 0.620920
v 0.516655 0.583335 0.624616
v 0.500000 0.586383 0.625915
v 0.483345 0.583335 0.624616
v 0.469226 0.574655 0.620920
v 0.459792 0.561665 0.615387
v 0.456479 0.546343 0.608861
v 0.459792 0.531020 0.602334
v 0.469226 0.518030 0.596802
v 0.483345 0.509351 0.593105
v 0.500000 0.506303 0.591807
v 0.516655 0.509351 0.593105
v 0.530774 0.518030 0.596802
v 0.540208 0.531020 0.602334
v 0.543438 0.551920 0.595622
v 0.540131 0.567264 0.602016
v 0.530715 0.580272 0.607436
v 0.516623 0.588964 0.611058
v 0.500000 0.592016 0.612329
v 0.483377 0.588964 0.611058
v 0.469285 0.580272 0.607436
v 0.459869 0.567264 0.602016
v 0.456562 0.551920 0.595622
v 0.459869 0.536576 0.589229
v 0.469285 0.523567 0.583809
v 0.483377 0.514876 0.580187
v 0.500000 0.511823 0.578916
v 0.516623 0.514876 0.580187
v 0.530715 0.523567 0.583809
v 0.540131 0.536576 0.589229
v 0.543355 0.557374 0.582384
v 0.540055 0.572740 0.588644
v 0.530657 0.585765 0.593951
v 0.516591 0.594469 0.597497
v 0.500000 0.597525 0.598742
v 0.483409 0.594469 0.597497
v 0.469343 0.585765 0.593951
v 0.459945 0.572740 0.588644
v 0.456645 0.557374 0.582384
v 0.459945 0.542009 0.576124
v 0.469343 0.528984 0.570818
v 0.483409 0.520280 0.567272
v 0.500000 0.517224 0.566026
v 0.516591 0.520280 0.567272
v 0.530657 0.528984 0.570818
v 0.540055 0.542009 0.576124
v 0.543272 0.562707 0.569146
v 0.539978 0.578092 0.575272
v 0.530598 0.591134 0.580464
v 0.516560 0.599849 0.583934
v 0.500000 0.602910 0.585153
v 0.483440 0.599849 0.583934
v 0.469402 0.591134 0.580464
v 0.460022 0.578092 0.575272
v 0.456728 0.562707 0.569146
v 0.460022 0.547322 0.563020
v 0.469402 0.534279 0.557828
v 0.483440 0.525564 0.554358
v 0.500000 0.522504 0.553139
v 0.516560 0.525564 0.554358
v 0.530598 0.534279 0.557828
v 0.539978 0.547322 0.563020
v 0.543190 0.567916 0.555908
v 0.539902 0.583320 0.561898
v 0.530540 0.596379 0.566977
v 0.516528 0.605105 0.570370
v 0.500000 0.608169 0.571562
v 0.483472 0.605105 0.570370
v 0.469460 0.596379 0.566977
v 0.460098 0.583320 0.561898
v 0.456810 0.567916 0.555908
v 0.460098 0.552512 0.549917
v 0.469460 0.539453 0.544839
v 0.483472 0.530727 0.541445
v 0.500000 0.527663 0.540254
v 0.516528 0.530727 0.541445
v 0.530540 0.539453 0.544839
v 0.539902 0.552512 0.549917
v 0.543107 0.573003 0.542670
v 0.539826 0.588425 0.548524
v 0.530481 0.601500 0.553488
v 0.516496 0.610236 0.556804
v 0.500000 0.613303 0.557969
v 0.483504 0.610236 0.556804
v 0.469519 0.601500 0.553488
v 0.460174 0.588425 0.548524
v 0.456893 0.573003 0.542670
v 0.460174 0.557581 0.536815
v 0.469519 0.544506 0.531851
v 0.483504 0.535770 0.528535
v 0.500000 0.532702 0.527370
v 0.516496 0.535770 0.528535
v 0.530481 0.544506 0.531851
v 0.539826 0.557581 0.536815
v 0.543024 0.577967 0.529431
v 0.539749 0.593407 0.535150
v 0.530423 0.606496 0.539998
v 0.516465 0.615242 0.543237
v 0.500000 0.618313 0.544374
v 0.483535 0.615242 0.543237
v 0.469577 0.606496 0.539998
v 0.460251 0.593407 0.535150
v 0.456976 0.577967 0.529431
v 0.460251 0.562528 0.523713
v 0.469577 0.549438 0.518865
v 0.483535 0.540693 0.515626
v 0.500000 0.537621 0.514488
v 0.516465 0.540693 0.515626
v 0.530423 0.549438 0.518865
v 0.539749 0.562528 0.523713
v 0.542941 0.582809 0.516193
v 0.539673 0.598265 0.521775
v 0.530364 0.611368 0.526506
v 0.516433 0.620123 0.529668
v 0.500000 0.623198 0.530778
v 0.483567 0.620123 0.529668
v 0.469636 0.611368 0.526506
v 0.460327 0.598265 0.521775
v 0.457059 0.582809 0.516193
v 0.460327 0.567353 0.510612
v 0.469636 0.554250 0.505880
v 0.483567 0.545495 0.502719
v 0.500000 0.542420 0.501608
v 0.516433 0.545495 0.502719
v 0.530364 0.554250 0.505880
v 0.539673 0.567353 0.510612
v 0.542859 0.587528 0.502955
v 0.539596 0.603000 0.508399
v 0.530306 0.616116 0.513014
v 0.516401 0.624880 0.516097
v 0.500000 0.627957 0.517180
v 0.483599 0.624880 0.516097
v 0.469694 0.616116 0.513014
v 0.460404 0.603000 0.508399
v 0.457141 0.587528 0.502955
v 0.460404 0.572057 0.497511
v 0.469694 0.558940 0.492896
v 0.483599 0.550177 0.489813
v 0.500000 0.547099 0.488730
v 0.516401 0.550177 0.489813
v 0.530306 0.558940 0.492896
v 0.539596 0.572057 0.497511
v 0.542776 0.592125 0.489717
v 0.539520 0.607611 0.495022
v 0.530247 0.620739 0.499520
v 0.516370 0.629511 0.502525
v 0.500000 0.632592 0.503580
v 0.483630 0.629511 0.502525
v 0.469753 0.620739 0.499520
v 0.460480 0.607611 0.495022
v 0.457224 0.592125 0.489717
v 0.460480 0.576639 0.484411
v 0.469753 0.563510 0.479914
v 0.483630 0.554738 0.476908
v 0.500000 0.551658 0.475853
v 0.516370 0.554738 0.476908
v 0.530247 0.563510 0.479914
v 0.539520 0.576639 0.484411
v 0.542693 0.596599 0.476479
v 0.539443 0.612098 0.481645
v 0.530189 0.625238 0.486025
v 0.516338 0.634018 0.488952
v 0.500000 0.637101 0.489979
v 0.483662 0.634018 0.488952
v 0.469811 0.625238 0.486025
v 0.460557 0.612098 0.481645
v 0.457307 0.596599 0.476479
v 0.460557 0.581099 0.471312
v 0.469811 0.567959 0.466932
v 0.483662 0.559180 0.464006
v 0.500000 0.556096 0.462978
v 0.516338 0.559180 0.464006
v 0.530189 0.567959 0.466932
v 0.539443 0.581099 0.471312
v 0.542610 0.600950 0.463240
v 0.539367 0.616462 0.468267
v 0.530130 0.629613 0.472529
v 0.516306 0.638400 0.475377
v 0.500000 0.641485 0.476377
v 0.483694 0.638400 0.475377
v 0.469870 0.629613 0.472529
v 0.460633 0.616462 0.468267
v 0.457390 0.600950 0.463240
v 0.460633 0.585438 0.458213
v 0.469870 0.572288 0.453952
v 0.483694 0.563501 0.451104
v 0.500000 0.560415 0.450104
v 0.516306 0.563501 0.451104
v 0.530130 0.572288 0.453952
v 0.539367 0.585438 0.458213
v 0.542528 0.605179 0.450002
v 0.539290 0.620703 0.454889
v 0.530072 0.633863 0.459032
v 0.516275 0.642656 0.461801
v 0.500000 0.645744 0.462773
v 0.483725 0.642656 0.461801
v 0.469928 0.633863 0.459032
v 0.460710 0.620703 0.454889
v 0.457472 0.605179 0.450002
v 0.460710 0.589656 0.445115
v 0.469928 0.576495 0.440972
v 0.483725 0.567702 0.438204
v 0.500000 0.564614 0.437232
v 0.516275 0.567702 0.438204
v 0.530072 0.576495 0.440972
v 0.539290 0.589656 0.445115
v 0.542445 0.609285 0.436764
v 0.539214 0.624819 0.441511
v 0.530013 0.637988 0.445534
v 0.516243 0.646788 0.448223
v 0.500000 0.649878 0.449167
v 0.483757 0.646788 0.448223
v 0.469987 0.637988 0.445534
v 0.460786 0.624819 0.441511
v 0.457555 0.609285 0.436764
v 0.460786 0.593751 0.432018
v 0.469987 0.580582 0.427994
v 0.483757 0.571783 0.425305
v 0.500000 0.568693 0.424361
v 0.516243 0.571783 0.425305
v 0.530013 0.580582 0.427994
v 0.539214 0.593751 0.432018
v 0.542362 0.613269 0.423526
v 0.539138 0.628812 0.428131
v 0.529955 0.641990 0.432036
v 0.516211 0.650794 0.434644
v 0.500000 0.653886 0.435560
v 0.483789 0.650794 0.434644
v 0.470045 0.641990 0.432036
v 0.460862 0.628812 0.428131
v 0.457638 0.613269 0.423526
v 0.460862 0.597726 0.418920
v 0.470045 0.584549 0.415016
v 0.483789 0.575744 0.412407
v 0.500000 0.572652 0.411491
v 0.516211 0.575744 0.412407
v 0.529955 0.584549 0.415016
v 0.539138 0.597726 0.418920
v 0.542279 0.617130 0.410288
v 0.539061 0.632682 0.414752
v 0.529896 0.645866 0.418536
v 0.516180 0.654675 0.421064
v 0.500000 0.657769 0.421952
v 0.483820 0.654675 0.421064
v 0.470104 0.645866 0.418536
v 0.460939 0.632682 0.414752
v 0.457721 0.617130 0.410288
v 0.460939 0.601579 0.405824
v 0.470104 0.588394 0.402039
v 0.483820 0.579585 0.399511
v 0.500000 0.576492 0.398623
v 0.516180 0.579585 0.399511
v 0.529896 0.588394 0.402039
v 0.539061 0.601579 0.405824
v 0.542197 0.620869 0.397049
v 0.538985 0.636428 0.401371
v 0.529838 0.649618 0.405035
v 0.516148 0.658431 0.407483
v 0.500000 0.661526 0.408343
v 0.483852 0.658431 0.407483
v 0.470162 0.649618 0.405035
v 0.461015 0.636428 0.401371
v 0.457803 0.620869 0.397049
v 0.461015 0.605310 0.392728
v 0.470162 0.592120 0.389064
v 0.483852 0.583306 0.386615
v 0.500000 0.580211 0.385756
v 0.516148 0.583306 0.386615
v 0.529838 0.592120 0.389064
v 0.538985 0.605310 0.392728
v 0.542114 0.624485 0.383811
v 0.538908 0.640050 0.387991
v 0.529779 0.653245 0.391534
v 0.516116 0.662062 0.393901
v 0.500000 0.665158 0.394733
v 0.483884 0.662062 0.393901
v 0.470221 0.653245 0.391534
v 0.461092 0.640050 0.387991
v 0.457886 0.624485 0.383811
v 0.461092 0.608920 0.379632
v 0.470221 0.595724 0.376089
v 0.483884 0.586908 0.373721
v 0.500000 0.583812 0.372890
v 0.516116 0.586908 0.373721
v 0.529779 0.595724 0.376089
v 0.538908 0.608920 0.379632
v 0.542031 0.627978 0.370573
v 0.538832 0.643548 0.374610
v 0.529721 0.656748 0.378032
v 0.516085 0.665567 0.380318
v 0.500000 0.668664 0.381121
v 0.483915 0.665567 0.380318
v 0.470279 0.656748 0.378032
v 0.461168 0.643548 0.374610
v 0.457969 0.627978 0.370573
v 0.461168 0.612408 0.366536
v 0.470279 0.599209 0.363114
v 0.483915 0.590389 0.360828
v 0.500000 0.587292 0.360025
v 0.516085 0.590389 0.360828
v 0.529721 0.599209 0.363114
v 0.538832 0.612408 0.366536
v 0.541949 0.631349 0.357335
v 0.538755 0.646923 0.361228
v 0.529662 0.660126 0.364529
v 0.516053 0.668947 0.366734
v 0.500000 0.672045 0.367509
v 0.483947 0.668947 0.366734
v 0.470338 0.660126 0.364529
v 0.461245 0.646923 0.361228
v 0.458051 0.631349 0.357335
v 0.461245 0.615775 0.353441
v 0.470338 0.602573 0.350141
v 0.483947 0.593751 0.347935
v 0.500000 0.590653 0.347161
v 0.516053 0.593751 0.347935
v 0.529662 0.602573 0.350141
v 0.538755 0.615775 0.353441
v 0.541866 0.634597 0.344097
v 0.538679 0.650174 0.347846
v 0.529604 0.663379 0.351025
v 0.516021 0.672202 0.353150
v 0.500000 0.675300 0.353895
v 0.483979 0.672202 0.353150
v 0.470396 0.663379 0.351025
v 0.461321 0.650174 0.347846
v 0.458134 0.634597 0.344097
v 0.461321 0.619021 0.340347
v 0.470396 0.605816 0.337168
v 0.483979 0.596993 0.335044
v 0.500000 0.593894 0.334298
v 0.516021 0.596993 0.335044
v 0.529604 0.605816 0.337168
v 0.538679 0.619021 0.340347
v 0.541783 0.637723 0.330858
v 0.538603 0.653301 0.334464
v 0.529545 0.666507 0.337521
v 0.515990 0.675331 0.339564
v 0.500000 0.678430 0.340281
v 0.484010 0.675331 0.339564
v 0.470455 0.666507 0.337521
v 0.461397 0.653301 0.334464
v 0.458217 0.637723 0.330858
v 0.461397 0.622145 0.327252
v 0.470455 0.608939 0.324195
v 0.484010 0.600115 0.322153
v 0.500000 0.597016 0.321436
v 0.515990 0.600115 0.322153
v 0.529545 0.608939 0.324195
v 0.538603 0.622145 0.327252
v 0.541700 0.640726 0.317620
v 0.538526 0.656304 0.321082
v 0.529487 0.669511 0.324017
v 0.515958 0.678335 0.325978
v 0.500000 0.681433 0.326666
v 0.484042 0.678335 0.325978
v 0.470513 0.669511 0.324017
v 0.461474 0.656304 0.321082
v 0.458300 0.640726 0.317620
v 0.461474 0.625148 0.314158
v 0.470513 0.611942 0.311224
v 0.484042 0.603117 0.309263
v 0.500000 0.600019 0.308574
v 0.515958 0.603117 0.309263
v 0.529487 0.611942 0.311224
v 0.538526 0.625148 0.314158
v 0.541618 0.643607 0.304382
v 0.538450 0.659184 0.307699
v 0.529428 0.672389 0.310512
v 0.515926 0.681213 0.312391
v 0.500000 0.684311 0.313051
v 0.484074 0.681213 0.312391
v 0.470572 0.672389 0.310512
v 0.461550 0.659184 0.307699
v 0.458382 0.643607 0.304382
v 0.461550 0.628030 0.301065
v 0.470572 0.614824 0.298252
v 0.484074 0.606000 0.296373
v 0.500000 0.602902 0.295713
v 0.515926 0.606000 0.296373
v 0.529428 0.614824 0.298252
v 0.538450 0.628030 0.301065
v 0.541535 0.646365 0.291144
v 0.538373 0.661939 0.294316
v 0.529370 0.675143 0.297006
v 0.515895 0.683966 0.298803
v 0.500000 0.687064 0.299434
v 0.484105 0.683966 0.298803
v 0.470630 0.675143 0.297006
v 0.461627 0.661939 0.294316
v 0.458465 0.646365 0.291144
v 0.461627 0.630790 0.287971
v 0.470630 0.617586 0.285282
v 0.484105 0.608764 0.283484
v 0.500000 0.605666 0.282853
v 0.515895 0.608764 0.283484
v 0.529370 0.617586 0.285282
v 0.538373 0.630790 0.287971
v 0.541452 0.649000 0.277906
v 0.538297 0.664571 0.280933
v 0.529311 0.677772 0.283500
v 0.515863 0.686593 0.285215
v 0.500000 0.689690 0.285818
v 0.484137 0.686593 0.285215
v 0.470689 0.677772 0.283500
v 0.461703 0.664571 0.280933
v 0.458548 0.649000 0.277906
v 0.461703 0.633429 0.274878
v 0.470689 0.620228 0.272311
v 0.484137 0.611407 0.270596
v 0.500000 0.608310 0.269994
v 0.515863 0.611407 0.270596
v 0.529311 0.620228 0.272311
v 0.538297 0.633429 0.274878
v 0.541369 0.651513 0.264667
v 0.538220 0.667079 0.267550
v 0.529253 0.680276 0.269994
v 0.515831 0.689094 0.271627
v 0.500000 0.692191 0.272200
v 0.484169 0.689094 0.271627
v 0.470747 0.680276 0.269994
v 0.461780 0.667079 0.267550
v 0.458631 0.651513 0.264667
v 0.461780 0.635946 0.261785
v 0.470747 0.622749 0.259341
v 0.484169 0.613931 0.257708
v 0.500000 0.610835 0.257135
v 0.515831 0.613931 0.257708
v 0.529253 0.622749 0.259341
v 0.538220 0.635946 0.261785
v 0.541287 0.653903 0.251429
v 0.538144 0.669464 0.254167
v 0.529194 0.682656 0.256488
v 0.515800 0.691470 0.258038
v 0.500000 0.694565 0.258583
v 0.484200 0.691470 0.258038
v 0.470806 0.682656 0.256488
v 0.461856 0.669464 0.254167
v 0.458713 0.653903 0.251429
v 0.461856 0.638342 0.248692
v 0.470806 0.625151 0.246371
v 0.484200 0.616336 0.244820
v 0.500000 0.613241 0.244276
v 0.515800 0.616336 0.244820
v 0.529194 0.625151 0.246371
v 0.538144 0.638342 0.248692
v 0.541204 0.656171 0.238191
v 0.538067 0.671724 0.240783
v 0.529136 0.684910 0.242981
v 0.515768 0.693720 0.244449
v 0.500000 0.696814 0.244965
v 0.484232 0.693720 0.244449
v 0.470864 0.684910 0.242981
v 0.461933 0.671724 0.240783
v 0.458796 0.656171 0.238191
v 0.461933 0.640617 0.235599
v 0.470864 0.627432 0.233401
v 0.484232 0.618621 0.231933
v 0.500000 0.615527 0.231417
v 0.515768 0.618621 0.231933
v 0.529136 0.627432 0.233401
v 0.538067 0.640617 0.235599
v 0.541121 0.658316 0.224953
v 0.537991 0.673861 0.227400
v 0.529077 0.687039 0.229474
v 0.515736 0.695845 0.230860
v 0.500000 0.698937 0.231347
v 0.484264 0.695845 0.230860
v 0.470923 0.687039 0.229474
v 0.462009 0.673861 0.227400
v 0.458879 0.658316 0.224953
v 0.462009 0.642771 0.222506
v 0.470923 0.629592 0.220432
v 0.484264 0.620787 0.219046
v 0.500000 0.617695 0.218559
v 0.515736 0.620787 0.219046
v 0.529077 0.629592 0.220432
v 0.537991 0.642771 0.222506
v 0.541038 0.660338 0.211715
v 0.537915 0.675873 0.214016
v 0.529019 0.689043 0.215967
v 0.515705 0.697843 0.217271
v 0.500000 0.700934 0.217729
v 0.484295 0.697843 0.217271
v 0.470981 0.689043 0.215967
v 0.462085 0.675873 0.214016
v 0.458962 0.660338 0.211715
v 0.462085 0.644803 0.209413
v 0.470981 0.631633 0.207462
v 0.484295 0.622833 0.206158
v 0.500000 0.619743 0.205701
v 0.515705 0.622833 0.206158
v 0.529019 0.631633 0.207462
v 0.537915 0.644803 0.209413
v 0.540956 0.662238 0.198476
v 0.537838 0.677762 0.200633
v 0.528960 0.690923 0.202460
v 0.515673 0.699717 0.203682
v 0.500000 0.702804 0.204111
v 0.484327 0.699717 0.203682
v 0.471040 0.690923 0.202460
v 0.462162 0.677762 0.200633
v 0.459044 0.662238 0.198476
v 0.462162 0.646714 0.196320
v 0.471040 0.633553 0.194492
v 0.484327 0.624760 0.193271
v 0.500000 0.621672 0.192842
v 0.515673 0.624760 0.193271
v 0.528960 0.633553 0.194492
v 0.537838 0.646714 0.196320
v 0.540873 0.664016 0.185238
v 0.537762 0.679527 0.187249
v 0.528902 0.692677 0.188954
v 0.515641 0.701464 0.190093
v 0.500000 0.704549 0.190493
v 0.484359 0.701464 0.190093
v 0.471098 0.692677 0.188954
v 0.462238 0.679527 0.187249
v 0.459127 0.664016 0.185238
v 0.462238 0.648504 0.183227
v 0.471098 0.635354 0.181523
v 0.484359 0.626567 0.180384
v 0.500000 0.623482 0.179984
v 0.515641 0.626567 0.180384
v 0.528902 0.635354 0.181523
v 0.537762 0.648504 0.183227
v 0.540790 0.665670 0.172000
v 0.537685 0.681168 0.173866
v 0.528843 0.694307 0.175447
v 0.515610 0.703085 0.176504
v 0.500000 0.706168 0.176875
v 0.484390 0.703085 0.176504
v 0.471157 0.694307 0.175447
v 0.462315 0.681168 0.173866
v 0.459210 0.665670 0.172000
v 0.462315 0.650172 0.170135
v 0.471157 0.637034 0.168553
v 0.484390 0.628255 0.167496
v 0.500000 0.625172 0.167125
v 0.515610 0.628255 0.167496
v 0.528843 0.637034 0.168553
v 0.537685 0.650172 0.170135
v 0.540707 0.667202 0.158762
v 0.537609 0.682685 0.160482
v 0.528785 0.695811 0.161941
v 0.515578 0.704581 0.162915
v 0.500000 0.707661 0.163257
v 0.484422 0.704581 0.162915
v 0.471215 0.695811 0.161941
v 0.462391 0.682685 0.160482
v 0.459293 0.667202 0.158762
v 0.462391 0.651720 0.157042
v 0.471215 0.638594 0.155583
v 0.484422 0.629824 0.154609
v 0.500000 0.626744 0.154266
v 0.515578 0.629824 0.154609
v 0.528785 0.638594 0.155583
v 0.537609 0.651720 0.157042
v 0.540625 0.668612 0.145524
v 0.537532 0.684079 0.147099
v 0.528726 0.697190 0.148434
v 0.515546 0.705951 0.149327
v 0.500000 0.709028 0.149640
v 0.484454 0.705951 0.149327
v 0.471274 0.697190 0.148434
v 0.462468 0.684079 0.147099
v 0.459375 0.668612 0.145524
v 0.462468 0.653146 0.143948
v 0.471274 0.640034 0.142613
v 0.484454 0.631273 0.141721
v 0.500000 0.628196 0.141407
v 0.515546 0.631273 0.141721
v 0.528726 0.640034 0.142613
v 0.537532 0.653146 0.143948
v 0.540542 0.669899 0.132285
v 0.537456 0.685348 0.133716
v 0.528668 0.698445 0.134929
v 0.515515 0.707196 0.135739
v 0.500000 0.710268 0.136023
v 0.484485 0.707196 0.135739
v 0.471332 0.698445 0.134929
v 0.462544 0.685348 0.133716
v 0.459458 0.669899 0.132285
v 0.462544 0.654451 0.130855
v 0.471332 0.641354 0.129642
v 0.484485 0.632603 0.128832
v 0.500000 0.629530 0.128548
v 0.515515 0.632603 0.128832
v 0.528668 0.641354 0.129642
v 0.537456 0.654451 0.130855
v 0.540459 0.671064 0.119047
v 0.537379 0.686493 0.120333
v 0.528609 0.699574 0.121423
v 0.515483 0.708314 0.122151
v 0.500000 0.711383 0.122407
v 0.484517 0.708314 0.122151
v 0.471391 0.699574 0.121423
v 0.462621 0.686493 0.120333
v 0.459541 0.671064 0.119047
v 0.462621 0.655634 0.117761
v 0.471391 0.642553 0.116671
v 0.484517 0.633813 0.115943
v 0.500000 0.630744 0.115687
v 0.515483 0.633813 0.115943
v 0.528609 0.642553 0.116671
v 0.537379 0.655634 0.117761
v 0.540377 0.672106 0.105809
v 0.537303 0.687515 0.106950
v 0.528551 0.700578 0.107918
v 0.515451 0.709307 0.108565
v 0.500000 0.712372 0.108792
v 0.484549 0.709307 0.108565
v 0.471449 0.700578 0.107918
v 0.462697 0.687515 0.106950
v 0.459623 0.672106 0.105809
v 0.462697 0.656696 0.104668
v 0.471449 0.643633 0.103700
v 0.484549 0.634904 0.103053
v 0.500000 0.631839 0.102826
v 0.515451 0.634904 0.103053
v 0.528551 0.643633 0.103700
v 0.537303 0.656696 0.104668
v 0.540294 0.673025 0.092571
v 0.537227 0.688412 0.093568
v 0.528492 0.701457 0.094414
v 0.515420 0.710173 0.094979
v 0.500000 0.713234 0.095177
v 0.484580 0.710173 0.094979
v 0.471508 0.701457 0.094414
v 0.462773 0.688412 0.093568
v 0.459706 0.673025 0.092571
v 0.462773 0.657637 0.091574
v 0.471508 0.644593 0.090728
v 0.484580 0.635876 0.090163
v 0.500000 0.632815 0.089965
v 0.515420 0.635876 0.090163
v 0.528492 0.644593 0.090728
v 0.537227 0.657637 0.091574
v 0.540211 0.673822 0.079333
v 0.537150 0.689186 0.080186
v 0.528433 0.702211 0.080910
v 0.515388 0.710915 0.081393
v 0.500000 0.713971 0.081563
v 0.484612 0.710915 0.081393
v 0.471567 0.702211 0.080910
v 0.462850 0.689186 0.080186
v 0.459789 0.673822 0.079333
v 0.462850 0.658457 0.078479
v 0.471567 0.645432 0.077755
v 0.484612 0.636729 0.077272
v 0.500000 0.633672 0.077102
v 0.515388 0.636729 0.077272
v 0.528433 0.645432 0.077755
v 0.537150 0.658457 0.078479
v 0.540128 0.674496 0.066094
v 0.537074 0.689836 0.066805
v 0.528375 0.702840 0.067407
v 0.515356 0.711530 0.067809
v 0.500000 0.714581 0.067950
v 0.484644 0.711530 0.067809
v 0.471625 0.702840 0.067407
v 0.462926 0.689836 0.066805
v 0.459872 0.674496 0.066094
v 0.462926 0.659156 0.065384
v 0.471625 0.646151 0.064782
v 0.484644 0.637462 0.064380
v 0.500000 0.634410 0.064239
v 0.515356 0.637462 0.064380
v 0.528375 0.646151 0.064782
v 0.537074 0.659156 0.065384
v 0.540046 0.675047 0.052856
v 0.536997 0.690362 0.053423
v 0.528316 0.703344 0.053904
v 0.515325 0.712019 0.054226
v 0.500000 0.715065 0.054338
v 0.484675 0.712019 0.054226
v 0.471684 0.703344 0.053904
v 0.463003 0.690362 0.053423
v 0.459954 0.675047 0.052856
v 0.463003 0.659733 0.052289
v 0.471684 0.646750 0.051808
v 0.484675 0.638075 0.051487
v 0.500000 0.635029 0.051374
v 0.515325 0.638075 0.051487
v 0.528316 0.646750 0.051808
v 0.536997 0.659733 0.052289
v 0.539963 0.675476 0.039618
v 0.536921 0.690764 0.040043
v 0.528258 0.703723 0.040403
v 0.515293 0.712383 0.040643
v 0.500000 0.715424 0.040728
v 0.484707 0.712383 0.040643
v 0.471742 0.703723 0.040403
v 0.463079 0.690764 0.040043
v 0.460037 0.675476 0.039618
v 0.463079 0.660189 0.039193
v 0.471742 0.647229 0.038833
v 0.484707 0.638570 0.038593
v 0.500000 0.635529 0.038508
v 0.515293 0.638570 0.038593
v 0.528258 0.647229 0.038833
v 0.536921 0.660189 0.039193
v 0.539880 0.675783 0.026380
v 0.536844 0.691042 0.026662
v 0.528199 0.703977 0.026902
v 0.515261 0.712621 0.027062
v 0.500000 0.715656 0.027118
v 0.484739 0.712621 0.027062
v 0.471801 0.703977 0.026902
v 0.463156 0.691042 0.026662
v 0.460120 0.675783 0.026380
v 0.463156 0.660524 0.026097
v 0.471801 0.647588 0.025858
v 0.484739 0.638945 0.025698
v 0.500000 0.635910 0.025641
v 0.515261 0.638945 0.025698
v 0.528199 0.647588 0.025858
v 0.536844 0.660524 0.026097
v 0.539797 0.675967 0.013142
v 0.536768 0.691196 0.013283
v 0.528141 0.704106 0.013402
v 0.515230 0.712733 0.013482
v 0.500000 0.715762 0.013510
v 0.484770 0.712733 0.013482
v 0.471859 0.704106 0.013402
v 0.463232 0.691196 0.013283
v 0.460203 0.675967 0.013142
v 0.463232 0.660738 0.013001
v 0.471859 0.647827 0.012881
v 0.484770 0.639200 0.012801
v 0.500000 0.636171 0.012773
v 0.515230 0.639200 0.012801
v 0.528141 0.647827 0.012881
v 0.536768 0.660738 0.013001
v 0.539715 0.676028 0.000003
v 0.536692 0.691226 0.000004
v 0.528083 0.704111 0.000005
v 0.515198 0.712720 0.000005
v 0.500000 0.715743 0.000006
v 0.484802 0.712720 0.000005
v 0.471917 0.704111 0.000005
v 0.463308 0.691226 0.000004
v 0.460285 0.676028 0.000003
v 0.463308 0.660830 0.000002
v 0.471917 0.647945 0.000001
v 0.484802 0.639336 0.000000
v 0.500000 0.636313 0.000000
v 0.515198 0.639336 0.000000
v 0.528083 0.647945 0.000001
v 0.536692 0.660830 0.000002
v 0.500000 0.676028 0.000003
vt 0.500000 0.500000
vt 0.700000 0.500000
vt 0.684776 0.423463
vt 0.641421 0.358579
vt 0.576537 0.315224
vt 0.500000 0.300000
vt 0.423463 0.315224
vt 0.358579 0.358579
vt 0.315224 0.423463
vt 0.300000 0.500000
vt 0.315224 0.576537
vt 0.358579 0.641421
vt 0.423463 0.684776
vt 0.500000 0.700000
vt 0.576537 0.684776
vt 0.641421 0.641421
vt 0.684776 0.576537
vt 0.250000 0.750000
vt 0.250000 0.726836
vt 0.281250 0.726836
vt 0.281250 0.750000
vt 0.312500 0.726836
vt 0.312500 0.750000
vt 0.343750 0.726836
vt 0.343750 0.750000
vt 0.375000 0.726836
vt 0.375000 0.750000
vt 0.406250 0.726836
vt 0.406250 0.750000
vt 0.437500 0.726836
vt 0.437500 0.750000
vt 0.468750 0.726836
vt 0.468750 0.750000
vt 0.500000 0.726836
vt 0.500000 0.750000
vt 0.531250 0.726836
vt 0.531250 0.750000
vt 0.562500 0.726836
vt 0.562500 0.750000
vt 0.593750 0.726836
vt 0.593750 0.750000
vt 0.625000 0.726836
vt 0.625000 0.750000
vt 0.656250 0.726836
vt 0.656250 0.750000
vt 0.687500 0.726836
vt 0.687500 0.750000
vt 0.718750 0.726836
vt 0.718750 0.750000
vt 0.750000 0.726836
vt 0.750000 0.750000
vt 0.250000 0.677077
vt 0.281250 0.677077
vt 0.312500 0.677077
vt 0.343750 0.677077
vt 0.375000 0.677077
vt 0.406250 0.677077
vt 0.437500 0.677077
vt 0.468750 0.677077
vt 0.500000 0.677077
vt 0.531250 0.677077
vt 0.562500 0.677077
vt 0.593750 0.677077
vt 0.625000 0.677077
vt 0.656250 0.677077
vt 0.687500 0.677077
vt 0.718750 0.677077
vt 0.750000 0.677077
vt 0.250000 0.627529
vt 0.281250 0.627529
vt 0.312500 0.627529
vt 0.343750 0.627529
vt 0.375000 0.627529
vt 0.406250 0.627529
vt 0.437500 0.627529
vt 0.468750 0.627529
vt 0.500000 0.627529
vt 0.531250 0.627529
vt 0.562500 0.627529
vt 0.593750 0.627529
vt 0.625000 0.627529
vt 0.656250 0.627529
vt 0.687500 0.627529
vt 0.718750 0.627529
vt 0.750000 0.627529
vt 0.250000 0.578188
vt 0.281250 0.578188
vt 0.312500 0.578188
vt 0.343750 0.578188
vt 0.375000 0.578188
vt 0.406250 0.578188
vt 0.437500 0.578188
vt 0.468750 0.578188
vt 0.500000 0.578188
vt 0.531250 0.578188
vt 0.562500 0.578188
vt 0.593750 0.578188
vt 0.625000 0.578188
vt 0.656250 0.578188
vt 0.687500 0.578188
vt 0.718750 0.578188
vt 0.750000 0.578188
vt 0.250000 0.529052
vt 0.281250 0.529052
vt 0.312500 0.529052
vt 0.343750 0.529052
vt 0.375000 0.529052
vt 0.406250 0.529052
vt 0.437500 0.529052
vt 0.468750 0.529052
vt 0.500000 0.529052
vt 0.531250 0.529052
vt 0.562500 0.529052
vt 0.593750 0.529052
vt 0.625000 0.529052
vt 0.656250 0.529052
vt 0.687500 0.529052
vt 0.718750 0.529052
vt 0.750000 0.529052
vt 0.250000 0.480120
vt 0.281250 0.480120
vt 0.312500 0.480120
vt 0.343750 0.480120
vt 0.375000 0.480120
vt 0.406250 0.480120
vt 0.437500 0.480120
vt 0.468750 0.480120
vt 0.500000 0.480120
vt 0.531250 0.480120
vt 0.562500 0.480120
vt 0.593750 0.480120
vt 0.625000 0.480120
vt 0.656250 0.480120
vt 0.687500 0.480120
vt 0.718750 0.480120
vt 0.750000 0.480120
vt 0.250000 0.431390
vt 0.281250 0.431390
vt 0.312500 0.431390
vt 0.343750 0.431390
vt 0.375000 0.431390
vt 0.406250 0.431390
vt 0.437500 0.431390
vt 0.468750 0.431390
vt 0.500000 0.431390
vt 0.531250 0.431390
vt 0.562500 0.431390
vt 0.593750 0.431390
vt 0.625000 0.431390
vt 0.656250 0.431390
vt 0.687500 0.431390
vt 0.718750 0.431390
vt 0.750000 0.431390
vt 0.250000 0.382858
vt 0.281250 0.382858
vt 0.312500 0.382858
vt 0.343750 0.382858
vt 0.375000 0.382858
vt 0.406250 0.382858
vt 0.437500 0.382858
vt 0.468750 0.382858
vt 0.500000 0.382858
vt 0.531250 0.382858
vt 0.562500 0.382858
vt 0.593750 0.382858
vt 0.625000 0.382858
vt 0.656250 0.382858
vt 0.687500 0.382858
vt 0.718750 0.382858
vt 0.750000 0.382858
vt 0.250000 0.334523
vt 0.281250 0.334523
vt 0.312500 0.334523
vt 0.343750 0.334523
vt 0.375000 0.334523
vt 0.406250 0.334523
vt 0.437500 0.334523
vt 0.468750 0.334523
vt 0.500000 0.334523
vt 0.531250 0.334523
vt 0.562500 0.334523
vt 0.593750 0.334523
vt 0.625000 0.334523
vt 0.656250 0.334523
vt 0.687500 0.334523
vt 0.718750 0.334523
vt 0.750000 0.334523
vt 0.250000 0.303393
vt 0.281250 0.303393
vt 0.312500 0.303393
vt 0.343750 0.303393
vt 0.375000 0.303393
vt 0.406250 0.303393
vt 0.437500 0.303393
vt 0.468750 0.303393
vt 0.500000 0.303393
vt 0.531250 0.303393
vt 0.562500 0.303393
vt 0.593750 0.303393
vt 0.625000 0.303393
vt 0.656250 0.303393
vt 0.687500 0.303393
vt 0.718750 0.303393
vt 0.750000 0.303393
vt 0.250000 0.286382
vt 0.281250 0.286382
vt 0.312500 0.286382
vt 0.343750 0.286382
vt 0.375000 0.286382
vt 0.406250 0.286382
vt 0.437500 0.286382
vt 0.468750 0.286382
vt 0.500000 0.286382
vt 0.531250 0.286382
vt 0.562500 0.286382
vt 0.593750 0.286382
vt 0.625000 0.286382
vt 0.656250 0.286382
vt 0.687500 0.286382
vt 0.718750 0.286382
vt 0.750000 0.286382
vt 0.250000 0.261567
vt 0.281250 0.261567
vt 0.312500 0.261567
vt 0.343750 0.261567
vt 0.375000 0.261567
vt 0.406250 0.261567
vt 0.437500 0.261567
vt 0.468750 0.261567
vt 0.500000 0.261567
vt 0.531250 0.261567
vt 0.562500 0.261567
vt 0.593750 0.261567
vt 0.625000 0.261567
vt 0.656250 0.261567
vt 0.687500 0.261567
vt 0.718750 0.261567
vt 0.750000 0.261567
vt 0.250000 0.309326
vt 0.281250 0.309326
vt 0.312500 0.309326
vt 0.343750 0.309326
vt 0.375000 0.309326
vt 0.406250 0.309326
vt 0.437500 0.309326
vt 0.468750 0.309326
vt 0.500000 0.309326
vt 0.531250 0.309326
vt 0.562500 0.309326
vt 0.593750 0.309326
vt 0.625000 0.309326
vt 0.656250 0.309326
vt 0.687500 0.309326
vt 0.718750 0.309326
vt 0.750000 0.309326
vt 0.250000 0.356897
vt 0.281250 0.356897
vt 0.312500 0.356897
vt 0.343750 0.356897
vt 0.375000 0.356897
vt 0.406250 0.356897
vt 0.437500 0.356897
vt 0.468750 0.356897
vt 0.500000 0.356897
vt 0.531250 0.356897
vt 0.562500 0.356897
vt 0.593750 0.356897
vt 0.625000 0.356897
vt 0.656250 0.356897
vt 0.687500 0.356897
vt 0.718750 0.356897
vt 0.750000 0.356897
vt 0.250000 0.404284
vt 0.281250 0.404284
vt 0.312500 0.404284
vt 0.343750 0.404284
vt 0.375000 0.404284
vt 0.406250 0.404284
vt 0.437500 0.404284
vt 0.468750 0.404284
vt 0.500000 0.404284
vt 0.531250 0.404284
vt 0.562500 0.404284
vt 0.593750 0.404284
vt 0.625000 0.404284
vt 0.656250 0.404284
vt 0.687500 0.404284
vt 0.718750 0.404284
vt 0.750000 0.404284
vt 0.250000 0.451488
vt 0.281250 0.451488
vt 0.312500 0.451488
vt 0.343750 0.451488
vt 0.375000 0.451488
vt 0.406250 0.451488
vt 0.437500 0.451488
vt 0.468750 0.451488
vt 0.500000 0.451488
vt 0.531250 0.451488
vt 0.562500 0.451488
vt 0.593750 0.451488
vt 0.625000 0.451488
vt 0.656250 0.451488
vt 0.687500 0.451488
vt 0.718750 0.451488
vt 0.750000 0.451488
vt 0.250000 0.498512
vt 0.281250 0.498512
vt 0.312500 0.498512
vt 0.343750 0.498512
vt 0.375000 0.498512
vt 0.406250 0.498512
vt 0.437500 0.498512
vt 0.468750 0.498512
vt 0.500000 0.498512
vt 0.531250 0.498512
vt 0.562500 0.498512
vt 0.593750 0.498512
vt 0.625000 0.498512
vt 0.656250 0.498512
vt 0.687500 0.498512
vt 0.718750 0.498512
vt 0.750000 0.498512
vt 0.250000 0.545358
vt 0.281250 0.545358
vt 0.312500 0.545358
vt 0.343750 0.545358
vt 0.375000 0.545358
vt 0.406250 0.545358
vt 0.437500 0.545358
vt 0.468750 0.545358
vt 0.500000 0.545358
vt 0.531250 0.545358
vt 0.562500 0.545358
vt 0.593750 0.545358
vt 0.625000 0.545358
vt 0.656250 0.545358
vt 0.687500 0.545358
vt 0.718750 0.545358
vt 0.750000 0.545358
vt 0.250000 0.592030
vt 0.281250 0.592030
vt 0.312500 0.592030
vt 0.343750 0.592030
vt 0.375000 0.592030
vt 0.406250 0.592030
vt 0.437500 0.592030
vt 0.468750 0.592030
vt 0.500000 0.592030
vt 0.531250 0.592030
vt 0.562500 0.592030
vt 0.593750 0.592030
vt 0.625000 0.592030
vt 0.656250 0.592030
vt 0.687500 0.592030
vt 0.718750 0.592030
vt 0.750000 0.592030
vt 0.250000 0.638529
vt 0.281250 0.638529
vt 0.312500 0.638529
vt 0.343750 0.638529
vt 0.375000 0.638529
vt 0.406250 0.638529
vt 0.437500 0.638529
vt 0.468750 0.638529
vt 0.500000 0.638529
vt 0.531250 0.638529
vt 0.562500 0.638529
vt 0.593750 0.638529
vt 0.625000 0.638529
vt 0.656250 0.638529
vt 0.687500 0.638529
vt 0.718750 0.638529
vt 0.750000 0.638529
vt 0.250000 0.684857
vt 0.281250 0.684857
vt 0.312500 0.684857
vt 0.343750 0.684857
vt 0.375000 0.684857
vt 0.406250 0.684857
vt 0.437500 0.684857
vt 0.468750 0.684857
vt 0.500000 0.684857
vt 0.531250 0.684857
vt 0.562500 0.684857
vt 0.593750 0.684857
vt 0.625000 0.684857
vt 0.656250 0.684857
vt 0.687500 0.684857
vt 0.718750 0.684857
vt 0.750000 0.684857
vt 0.250000 0.731019
vt 0.281250 0.731019
vt 0.312500 0.731019
vt 0.343750 0.731019
vt 0.375000 0.731019
vt 0.406250 0.731019
vt 0.437500 0.731019
vt 0.468750 0.731019
vt 0.500000 0.731019
vt 0.531250 0.731019
vt 0.562500 0.731019
vt 0.593750 0.731019
vt 0.625000 0.731019
vt 0.656250 0.731019
vt 0.687500 0.731019
vt 0.718750 0.731019
vt 0.750000 0.731019
vt 0.250000 0.722984
vt 0.281250 0.722984
vt 0.312500 0.722984
vt 0.343750 0.722984
vt 0.375000 0.722984
vt 0.406250 0.722984
vt 0.437500 0.722984
vt 0.468750 0.722984
vt 0.500000 0.722984
vt 0.531250 0.722984
vt 0.562500 0.722984
vt 0.593750 0.722984
vt 0.625000 0.722984
vt 0.656250 0.722984
vt 0.687500 0.722984
vt 0.718750 0.722984
vt 0.750000 0.722984
vt 0.250000 0.677150
vt 0.281250 0.677150
vt 0.312500 0.677150
vt 0.343750 0.677150
vt 0.375000 0.677150
vt 0.406250 0.677150
vt 0.437500 0.677150
vt 0.468750 0.677150
vt 0.500000 0.677150
vt 0.531250 0.677150
vt 0.562500 0.677150
vt 0.593750 0.677150
vt 0.625000 0.677150
vt 0.656250 0.677150
vt 0.687500 0.677150
vt 0.718750 0.677150
vt 0.750000 0.677150
vt 0.250000 0.631475
vt 0.281250 0.631475
vt 0.312500 0.631475
vt 0.343750 0.631475
vt 0.375000 0.631475
vt 0.406250 0.631475
vt 0.437500 0.631475
vt 0.468750 0.631475
vt 0.500000 0.631475
vt 0.531250 0.631475
vt 0.562500 0.631475
vt 0.593750 0.631475
vt 0.625000 0.631475
vt 0.656250 0.631475
vt 0.687500 0.631475
vt 0.718750 0.631475
vt 0.750000 0.631475
vt 0.250000 0.585956
vt 0.281250 0.585956
vt 0.312500 0.585956
vt 0.343750 0.585956
vt 0.375000 0.585956
vt 0.406250 0.585956
vt 0.437500 0.585956
vt 0.468750 0.585956
vt 0.500000 0.585956
vt 0.531250 0.585956
vt 0.562500 0.585956
vt 0.593750 0.585956
vt 0.625000 0.585956
vt 0.656250 0.585956
vt 0.687500 0.585956
vt 0.718750 0.585956
vt 0.750000 0.585956
vt 0.250000 0.540591
vt 0.281250 0.540591
vt 0.312500 0.540591
vt 0.343750 0.540591
vt 0.375000 0.540591
vt 0.406250 0.540591
vt 0.437500 0.540591
vt 0.468750 0.540591
vt 0.500000 0.540591
vt 0.531250 0.540591
vt 0.562500 0.540591
vt 0.593750 0.540591
vt 0.625000 0.540591
vt 0.656250 0.540591
vt 0.687500 0.540591
vt 0.718750 0.540591
vt 0.750000 0.540591
vt 0.250000 0.495378
vt 0.281250 0.495378
vt 0.312500 0.495378
vt 0.343750 0.495378
vt 0.375000 0.495378
vt 0.406250 0.495378
vt 0.437500 0.495378
vt 0.468750 0.495378
vt 0.500000 0.495378
vt 0.531250 0.495378
vt 0.562500 0.495378
vt 0.593750 0.495378
vt 0.625000 0.495378
vt 0.656250 0.495378
vt 0.687500 0.495378
vt 0.718750 0.495378
vt 0.750000 0.495378
vt 0.250000 0.450313
vt 0.281250 0.450313
vt 0.312500 0.450313
vt 0.343750 0.450313
vt 0.375000 0.450313
vt 0.406250 0.450313
vt 0.437500 0.450313
vt 0.468750 0.450313
vt 0.500000 0.450313
vt 0.531250 0.450313
vt 0.562500 0.450313
vt 0.593750 0.450313
vt 0.625000 0.450313
vt 0.656250 0.450313
vt 0.687500 0.450313
vt 0.718750 0.450313
vt 0.750000 0.450313
vt 0.250000 0.405393
vt 0.281250 0.405393
vt 0.312500 0.405393
vt 0.343750 0.405393
vt 0.375000 0.405393
vt 0.406250 0.405393
vt 0.437500 0.405393
vt 0.468750 0.405393
vt 0.500000 0.405393
vt 0.531250 0.405393
vt 0.562500 0.405393
vt 0.593750 0.405393
vt 0.625000 0.405393
vt 0.656250 0.405393
vt 0.687500 0.405393
vt 0.718750 0.405393
vt 0.750000 0.405393
vt 0.250000 0.360617
vt 0.281250 0.360617
vt 0.312500 0.360617
vt 0.343750 0.360617
vt 0.375000 0.360617
vt 0.406250 0.360617
vt 0.437500 0.360617
vt 0.468750 0.360617
vt 0.500000 0.360617
vt 0.531250 0.360617
vt 0.562500 0.360617
vt 0.593750 0.360617
vt 0.625000 0.360617
vt 0.656250 0.360617
vt 0.687500 0.360617
vt 0.718750 0.360617
vt 0.750000 0.360617
vt 0.250000 0.315980
vt 0.281250 0.315980
vt 0.312500 0.315980
vt 0.343750 0.315980
vt 0.375000 0.315980
vt 0.406250 0.315980
vt 0.437500 0.315980
vt 0.468750 0.315980
vt 0.500000 0.315980
vt 0.531250 0.315980
vt 0.562500 0.315980
vt 0.593750 0.315980
vt 0.625000 0.315980
vt 0.656250 0.315980
vt 0.687500 0.315980
vt 0.718750 0.315980
vt 0.750000 0.315980
vt 0.250000 0.271480
vt 0.281250 0.271480
vt 0.312500 0.271480
vt 0.343750 0.271480
vt 0.375000 0.271480
vt 0.406250 0.271480
vt 0.437500 0.271480
vt 0.468750 0.271480
vt 0.500000 0.271480
vt 0.531250 0.271480
vt 0.562500 0.271480
vt 0.593750 0.271480
vt 0.625000 0.271480
vt 0.656250 0.271480
vt 0.687500 0.271480
vt 0.718750 0.271480
vt 0.750000 0.271480
vt 0.250000 0.272886
vt 0.281250 0.272886
vt 0.312500 0.272886
vt 0.343750 0.272886
vt 0.375000 0.272886
vt 0.406250 0.272886
vt 0.437500 0.272886
vt 0.468750 0.272886
vt 0.500000 0.272886
vt 0.531250 0.272886
vt 0.562500 0.272886
vt 0.593750 0.272886
vt 0.625000 0.272886
vt 0.656250 0.272886
vt 0.687500 0.272886
vt 0.718750 0.272886
vt 0.750000 0.272886
vt 0.250000 0.317121
vt 0.281250 0.317121
vt 0.312500 0.317121
vt 0.343750 0.317121
vt 0.375000 0.317121
vt 0.406250 0.317121
vt 0.437500 0.317121
vt 0.468750 0.317121
vt 0.500000 0.317121
vt 0.531250 0.317121
vt 0.562500 0.317121
vt 0.593750 0.317121
vt 0.625000 0.317121
vt 0.656250 0.317121
vt 0.687500 0.317121
vt 0.718750 0.317121
vt 0.750000 0.317121
vt 0.250000 0.361228
vt 0.281250 0.361228
vt 0.312500 0.361228
vt 0.343750 0.361228
vt 0.375000 0.361228
vt 0.406250 0.361228
vt 0.437500 0.361228
vt 0.468750 0.361228
vt 0.500000 0.361228
vt 0.531250 0.361228
vt 0.562500 0.361228
vt 0.593750 0.361228
vt 0.625000 0.361228
vt 0.656250 0.361228
vt 0.687500 0.361228
vt 0.718750 0.361228
vt 0.750000 0.361228
vt 0.250000 0.405210
vt 0.281250 0.405210
vt 0.312500 0.405210
vt 0.343750 0.405210
vt 0.375000 0.405210
vt 0.406250 0.405210
vt 0.437500 0.405210
vt 0.468750 0.405210
vt 0.500000 0.405210
vt 0.531250 0.405210
vt 0.562500 0.405210
vt 0.593750 0.405210
vt 0.625000 0.405210
vt 0.656250 0.405210
vt 0.687500 0.405210
vt 0.718750 0.405210
vt 0.750000 0.405210
vt 0.250000 0.449070
vt 0.281250 0.449070
vt 0.312500 0.449070
vt 0.343750 0.449070
vt 0.375000 0.449070
vt 0.406250 0.449070
vt 0.437500 0.449070
vt 0.468750 0.449070
vt 0.500000 0.449070
vt 0.531250 0.449070
vt 0.562500 0.449070
vt 0.593750 0.449070
vt 0.625000 0.449070
vt 0.656250 0.449070
vt 0.687500 0.449070
vt 0.718750 0.449070
vt 0.750000 0.449070
vt 0.250000 0.492811
vt 0.281250 0.492811
vt 0.312500 0.492811
vt 0.343750 0.492811
vt 0.375000 0.492811
vt 0.406250 0.492811
vt 0.437500 0.492811
vt 0.468750 0.492811
vt 0.500000 0.492811
vt 0.531250 0.492811
vt 0.562500 0.492811
vt 0.593750 0.492811
vt 0.625000 0.492811
vt 0.656250 0.492811
vt 0.687500 0.492811
vt 0.718750 0.492811
vt 0.750000 0.492811
vt 0.250000 0.536436
vt 0.281250 0.536436
vt 0.312500 0.536436
vt 0.343750 0.536436
vt 0.375000 0.536436
vt 0.406250 0.536436
vt 0.437500 0.536436
vt 0.468750 0.536436
vt 0.500000 0.536436
vt 0.531250 0.536436
vt 0.562500 0.536436
vt 0.593750 0.536436
vt 0.625000 0.536436
vt 0.656250 0.536436
vt 0.687500 0.536436
vt 0.718750 0.536436
vt 0.750000 0.536436
vt 0.250000 0.579949
vt 0.281250 0.579949
vt 0.312500 0.579949
vt 0.343750 0.579949
vt 0.375000 0.579949
vt 0.406250 0.579949
vt 0.437500 0.579949
vt 0.468750 0.579949
vt 0.500000 0.579949
vt 0.531250 0.579949
vt 0.562500 0.579949
vt 0.593750 0.579949
vt 0.625000 0.579949
vt 0.656250 0.579949
vt 0.687500 0.579949
vt 0.718750 0.579949
vt 0.750000 0.579949
vt 0.250000 0.623351
vt 0.281250 0.623351
vt 0.312500 0.623351
vt 0.343750 0.623351
vt 0.375000 0.623351
vt 0.406250 0.623351
vt 0.437500 0.623351
vt 0.468750 0.623351
vt 0.500000 0.623351
vt 0.531250 0.623351
vt 0.562500 0.623351
vt 0.593750 0.623351
vt 0.625000 0.623351
vt 0.656250 0.623351
vt 0.687500 0.623351
vt 0.718750 0.623351
vt 0.750000 0.623351
vt 0.250000 0.666648
vt 0.281250 0.666648
vt 0.312500 0.666648
vt 0.343750 0.666648
vt 0.375000 0.666648
vt 0.406250 0.666648
vt 0.437500 0.666648
vt 0.468750 0.666648
vt 0.500000 0.666648
vt 0.531250 0.666648
vt 0.562500 0.666648
vt 0.593750 0.666648
vt 0.625000 0.666648
vt 0.656250 0.666648
vt 0.687500 0.666648
vt 0.718750 0.666648
vt 0.750000 0.666648
vt 0.250000 0.709841
vt 0.281250 0.709841
vt 0.312500 0.709841
vt 0.343750 0.709841
vt 0.375000 0.709841
vt 0.406250 0.709841
vt 0.437500 0.709841
vt 0.468750 0.709841
vt 0.500000 0.709841
vt 0.531250 0.709841
vt 0.562500 0.709841
vt 0.593750 0.709841
vt 0.625000 0.709841
vt 0.656250 0.709841
vt 0.687500 0.709841
vt 0.718750 0.709841
vt 0.750000 0.709841
vt 0.250000 0.747066
vt 0.281250 0.747066
vt 0.312500 0.747066
vt 0.343750 0.747066
vt 0.375000 0.747066
vt 0.406250 0.747066
vt 0.437500 0.747066
vt 0.468750 0.747066
vt 0.500000 0.747066
vt 0.531250 0.747066
vt 0.562500 0.747066
vt 0.593750 0.747066
vt 0.625000 0.747066
vt 0.656250 0.747066
vt 0.687500 0.747066
vt 0.718750 0.747066
vt 0.750000 0.747066
vt 0.250000 0.704070
vt 0.281250 0.704070
vt 0.312500 0.704070
vt 0.343750 0.704070
vt 0.375000 0.704070
vt 0.406250 0.704070
vt 0.437500 0.704070
vt 0.468750 0.704070
vt 0.500000 0.704070
vt 0.531250 0.704070
vt 0.562500 0.704070
vt 0.593750 0.704070
vt 0.625000 0.704070
vt 0.656250 0.704070
vt 0.687500 0.704070
vt 0.718750 0.704070
vt 0.750000 0.704070
vt 0.250000 0.661167
vt 0.281250 0.661167
vt 0.312500 0.661167
vt 0.343750 0.661167
vt 0.375000 0.661167
vt 0.406250 0.661167
vt 0.437500 0.661167
vt 0.468750 0.661167
vt 0.500000 0.661167
vt 0.531250 0.661167
vt 0.562500 0.661167
vt 0.593750 0.661167
vt 0.625000 0.661167
vt 0.656250 0.661167
vt 0.687500 0.661167
vt 0.718750 0.661167
vt 0.750000 0.661167
vt 0.250000 0.618355
vt 0.281250 0.618355
vt 0.312500 0.618355
vt 0.343750 0.618355
vt 0.375000 0.618355
vt 0.406250 0.618355
vt 0.437500 0.618355
vt 0.468750 0.618355
vt 0.500000 0.618355
vt 0.531250 0.618355
vt 0.562500 0.618355
vt 0.593750 0.618355
vt 0.625000 0.618355
vt 0.656250 0.618355
vt 0.687500 0.618355
vt 0.718750 0.618355
vt 0.750000 0.618355
vt 0.250000 0.575630
vt 0.281250 0.575630
vt 0.312500 0.575630
vt 0.343750 0.575630
vt 0.375000 0.575630
vt 0.406250 0.575630
vt 0.437500 0.575630
vt 0.468750 0.575630
vt 0.500000 0.575630
vt 0.531250 0.575630
vt 0.562500 0.575630
vt 0.593750 0.575630
vt 0.625000 0.575630
vt 0.656250 0.575630
vt 0.687500 0.575630
vt 0.718750 0.575630
vt 0.750000 0.575630
vt 0.250000 0.532988
vt 0.281250 0.532988
vt 0.312500 0.532988
vt 0.343750 0.532988
vt 0.375000 0.532988
vt 0.406250 0.532988
vt 0.437500 0.532988
vt 0.468750 0.532988
vt 0.500000 0.532988
vt 0.531250 0.532988
vt 0.562500 0.532988
vt 0.593750 0.532988
vt 0.625000 0.532988
vt 0.656250 0.532988
vt 0.687500 0.532988
vt 0.718750 0.532988
vt 0.750000 0.532988
vt 0.250000 0.490427
vt 0.281250 0.490427
vt 0.312500 0.490427
vt 0.343750 0.490427
vt 0.375000 0.490427
vt 0.406250 0.490427
vt 0.437500 0.490427
vt 0.468750 0.490427
vt 0.500000 0.490427
vt 0.531250 0.490427
vt 0.562500 0.490427
vt 0.593750 0.490427
vt 0.625000 0.490427
vt 0.656250 0.490427
vt 0.687500 0.490427
vt 0.718750 0.490427
vt 0.750000 0.490427
vt 0.250000 0.447942
vt 0.281250 0.447942
vt 0.312500 0.447942
vt 0.343750 0.447942
vt 0.375000 0.447942
vt 0.406250 0.447942
vt 0.437500 0.447942
vt 0.468750 0.447942
vt 0.500000 0.447942
vt 0.531250 0.447942
vt 0.562500 0.447942
vt 0.593750 0.447942
vt 0.625000 0.447942
vt 0.656250 0.447942
vt 0.687500 0.447942
vt 0.718750 0.447942
vt 0.750000 0.447942
vt 0.250000 0.405532
vt 0.281250 0.405532
vt 0.312500 0.405532
vt 0.343750 0.405532
vt 0.375000 0.405532
vt 0.406250 0.405532
vt 0.437500 0.405532
vt 0.468750 0.405532
vt 0.500000 0.405532
vt 0.531250 0.405532
vt 0.562500 0.405532
vt 0.593750 0.405532
vt 0.625000 0.405532
vt 0.656250 0.405532
vt 0.687500 0.405532
vt 0.718750 0.405532
vt 0.750000 0.405532
vt 0.250000 0.363191
vt 0.281250 0.363191
vt 0.312500 0.363191
vt 0.343750 0.363191
vt 0.375000 0.363191
vt 0.406250 0.363191
vt 0.437500 0.363191
vt 0.468750 0.363191
vt 0.500000 0.363191
vt 0.531250 0.363191
vt 0.562500 0.363191
vt 0.593750 0.363191
vt 0.625000 0.363191
vt 0.656250 0.363191
vt 0.687500 0.363191
vt 0.718750 0.363191
vt 0.750000 0.363191
vt 0.250000 0.320918
vt 0.281250 0.320918
vt 0.312500 0.320918
vt 0.343750 0.320918
vt 0.375000 0.320918
vt 0.406250 0.320918
vt 0.437500 0.320918
vt 0.468750 0.320918
vt 0.500000 0.320918
vt 0.531250 0.320918
vt 0.562500 0.320918
vt 0.593750 0.320918
vt 0.625000 0.320918
vt 0.656250 0.320918
vt 0.687500 0.320918
vt 0.718750 0.320918
vt 0.750000 0.320918
vt 0.250000 0.278708
vt 0.281250 0.278708
vt 0.312500 0.278708
vt 0.343750 0.278708
vt 0.375000 0.278708
vt 0.406250 0.278708
vt 0.437500 0.278708
vt 0.468750 0.278708
vt 0.500000 0.278708
vt 0.531250 0.278708
vt 0.562500 0.278708
vt 0.593750 0.278708
vt 0.625000 0.278708
vt 0.656250 0.278708
vt 0.687500 0.278708
vt 0.718750 0.278708
vt 0.750000 0.278708
vt 0.250000 0.263442
vt 0.281250 0.263442
vt 0.312500 0.263442
vt 0.343750 0.263442
vt 0.375000 0.263442
vt 0.406250 0.263442
vt 0.437500 0.263442
vt 0.468750 0.263442
vt 0.500000 0.263442
vt 0.531250 0.263442
vt 0.562500 0.263442
vt 0.593750 0.263442
vt 0.625000 0.263442
vt 0.656250 0.263442
vt 0.687500 0.263442
vt 0.718750 0.263442
vt 0.750000 0.263442
vt 0.250000 0.305536
vt 0.281250 0.305536
vt 0.312500 0.305536
vt 0.343750 0.305536
vt 0.375000 0.305536
vt 0.406250 0.305536
vt 0.437500 0.305536
vt 0.468750 0.305536
vt 0.500000 0.305536
vt 0.531250 0.305536
vt 0.562500 0.305536
vt 0.593750 0.305536
vt 0.625000 0.305536
vt 0.656250 0.305536
vt 0.687500 0.305536
vt 0.718750 0.305536
vt 0.750000 0.305536
vt 0.250000 0.347577
vt 0.281250 0.347577
vt 0.312500 0.347577
vt 0.343750 0.347577
vt 0.375000 0.347577
vt 0.406250 0.347577
vt 0.437500 0.347577
vt 0.468750 0.347577
vt 0.500000 0.347577
vt 0.531250 0.347577
vt 0.562500 0.347577
vt 0.593750 0.347577
vt 0.625000 0.347577
vt 0.656250 0.347577
vt 0.687500 0.347577
vt 0.718750 0.347577
vt 0.750000 0.347577
vt 0.250000 0.389567
vt 0.281250 0.389567
vt 0.312500 0.389567
vt 0.343750 0.389567
vt 0.375000 0.389567
vt 0.406250 0.389567
vt 0.437500 0.389567
vt 0.468750 0.389567
vt 0.500000 0.389567
vt 0.531250 0.389567
vt 0.562500 0.389567
vt 0.593750 0.389567
vt 0.625000 0.389567
vt 0.656250 0.389567
vt 0.687500 0.389567
vt 0.718750 0.389567
vt 0.750000 0.389567
vt 0.250000 0.431512
vt 0.281250 0.431512
vt 0.312500 0.431512
vt 0.343750 0.431512
vt 0.375000 0.431512
vt 0.406250 0.431512
vt 0.437500 0.431512
vt 0.468750 0.431512
vt 0.500000 0.431512
vt 0.531250 0.431512
vt 0.562500 0.431512
vt 0.593750 0.431512
vt 0.625000 0.431512
vt 0.656250 0.431512
vt 0.687500 0.431512
vt 0.718750 0.431512
vt 0.750000 0.431512
vt 0.250000 0.473414
vt 0.281250 0.473414
vt 0.312500 0.473414
vt 0.343750 0.473414
vt 0.375000 0.473414
vt 0.406250 0.473414
vt 0.437500 0.473414
vt 0.468750 0.473414
vt 0.500000 0.473414
vt 0.531250 0.473414
vt 0.562500 0.473414
vt 0.593750 0.473414
vt 0.625000 0.473414
vt 0.656250 0.473414
vt 0.687500 0.473414
vt 0.718750 0.473414
vt 0.750000 0.473414
vt 0.250000 0.515278
vt 0.281250 0.515278
vt 0.312500 0.515278
vt 0.343750 0.515278
vt 0.375000 0.515278
vt 0.406250 0.515278
vt 0.437500 0.515278
vt 0.468750 0.515278
vt 0.500000 0.515278
vt 0.531250 0.515278
vt 0.562500 0.515278
vt 0.593750 0.515278
vt 0.625000 0.515278
vt 0.656250 0.515278
vt 0.687500 0.515278
vt 0.718750 0.515278
vt 0.750000 0.515278
vt 0.250000 0.557105
vt 0.281250 0.557105
vt 0.312500 0.557105
vt 0.343750 0.557105
vt 0.375000 0.557105
vt 0.406250 0.557105
vt 0.437500 0.557105
vt 0.468750 0.557105
vt 0.500000 0.557105
vt 0.531250 0.557105
vt 0.562500 0.557105
vt 0.593750 0.557105
vt 0.625000 0.557105
vt 0.656250 0.557105
vt 0.687500 0.557105
vt 0.718750 0.557105
vt 0.750000 0.557105
vt 0.250000 0.598901
vt 0.281250 0.598901
vt 0.312500 0.598901
vt 0.343750 0.598901
vt 0.375000 0.598901
vt 0.406250 0.598901
vt 0.437500 0.598901
vt 0.468750 0.598901
vt 0.500000 0.598901
vt 0.531250 0.598901
vt 0.562500 0.598901
vt 0.593750 0.598901
vt 0.625000 0.598901
vt 0.656250 0.598901
vt 0.687500 0.598901
vt 0.718750 0.598901
vt 0.750000 0.598901
vt 0.250000 0.640668
vt 0.281250 0.640668
vt 0.312500 0.640668
vt 0.343750 0.640668
vt 0.375000 0.640668
vt 0.406250 0.640668
vt 0.437500 0.640668
vt 0.468750 0.640668
vt 0.500000 0.640668
vt 0.531250 0.640668
vt 0.562500 0.640668
vt 0.593750 0.640668
vt 0.625000 0.640668
vt 0.656250 0.640668
vt 0.687500 0.640668
vt 0.718750 0.640668
vt 0.750000 0.640668
vt 0.250000 0.682410
vt 0.281250 0.682410
vt 0.312500 0.682410
vt 0.343750 0.682410
vt 0.375000 0.682410
vt 0.406250 0.682410
vt 0.437500 0.682410
vt 0.468750 0.682410
vt 0.500000 0.682410
vt 0.531250 0.682410
vt 0.562500 0.682410
vt 0.593750 0.682410
vt 0.625000 0.682410
vt 0.656250 0.682410
vt 0.687500 0.682410
vt 0.718750 0.682410
vt 0.750000 0.682410
vt 0.250000 0.724130
vt 0.281250 0.724130
vt 0.312500 0.724130
vt 0.343750 0.724130
vt 0.375000 0.724130
vt 0.406250 0.724130
vt 0.437500 0.724130
vt 0.468750 0.724130
vt 0.500000 0.724130
vt 0.531250 0.724130
vt 0.562500 0.724130
vt 0.593750 0.724130
vt 0.625000 0.724130
vt 0.656250 0.724130
vt 0.687500 0.724130
vt 0.718750 0.724130
vt 0.750000 0.724130
vt 0.250000 0.734167
vt 0.281250 0.734167
vt 0.312500 0.734167
vt 0.343750 0.734167
vt 0.375000 0.734167
vt 0.406250 0.734167
vt 0.437500 0.734167
vt 0.468750 0.734167
vt 0.500000 0.734167
vt 0.531250 0.734167
vt 0.562500 0.734167
vt 0.593750 0.734167
vt 0.625000 0.734167
vt 0.656250 0.734167
vt 0.687500 0.734167
vt 0.718750 0.734167
vt 0.750000 0.734167
vt 0.250000 0.692478
vt 0.281250 0.692478
vt 0.312500 0.692478
vt 0.343750 0.692478
vt 0.375000 0.692478
vt 0.406250 0.692478
vt 0.437500 0.692478
vt 0.468750 0.692478
vt 0.500000 0.692478
vt 0.531250 0.692478
vt 0.562500 0.692478
vt 0.593750 0.692478
vt 0.625000 0.692478
vt 0.656250 0.692478
vt 0.687500 0.692478
vt 0.718750 0.692478
vt 0.750000 0.692478
vt 0.250000 0.650800
vt 0.281250 0.650800
vt 0.312500 0.650800
vt 0.343750 0.650800
vt 0.375000 0.650800
vt 0.406250 0.650800
vt 0.437500 0.650800
vt 0.468750 0.650800
vt 0.500000 0.650800
vt 0.531250 0.650800
vt 0.562500 0.650800
vt 0.593750 0.650800
vt 0.625000 0.650800
vt 0.656250 0.650800
vt 0.687500 0.650800
vt 0.718750 0.650800
vt 0.750000 0.650800
vt 0.250000 0.609130
vt 0.281250 0.609130
vt 0.312500 0.609130
vt 0.343750 0.609130
vt 0.375000 0.609130
vt 0.406250 0.609130
vt 0.437500 0.609130
vt 0.468750 0.609130
vt 0.500000 0.609130
vt 0.531250 0.609130
vt 0.562500 0.609130
vt 0.593750 0.609130
vt 0.625000 0.609130
vt 0.656250 0.609130
vt 0.687500 0.609130
vt 0.718750 0.609130
vt 0.750000 0.609130
vt 0.250000 0.567775
vt 0.281250 0.567775
vt 0.312500 0.567775
vt 0.343750 0.567775
vt 0.375000 0.567775
vt 0.406250 0.567775
vt 0.437500 0.567775
vt 0.468750 0.567775
vt 0.500000 0.567775
vt 0.531250 0.567775
vt 0.562500 0.567775
vt 0.593750 0.567775
vt 0.625000 0.567775
vt 0.656250 0.567775
vt 0.687500 0.567775
vt 0.718750 0.567775
vt 0.750000 0.567775
vn 0.000000 0.000000 1.000000
vn 1.000000 0.000000 0.000000
vn 0.923880 0.319772 0.210220
vn 0.923880 0.315241 0.216955
vn 0.707107 0.590861 0.388437
vn 0.707107 0.586131 0.395539
vn 0.382683 0.771997 0.507517
vn 0.382683 0.769292 0.511609
vn 0.000000 0.835604 0.549332
vn 0.000000 0.833955 0.551832
vn -0.382683 0.771997 0.507517
vn -0.382683 0.769292 0.511609
vn -0.707107 0.590861 0.388437
vn -0.707107 0.586131 0.395539
vn -0.923880 0.319772 0.210220
vn -0.923880 0.315241 0.216955
vn -1.000000 0.000000 0.000000
vn -0.923880 -0.319772 -0.210220
vn -0.923880 -0.312978 -0.220208
vn -0.707107 -0.590861 -0.388437
vn -0.707107 -0.578499 -0.406619
vn -0.382683 -0.771997 -0.507517
vn -0.382683 -0.756412 -0.530466
vn -0.000000 -0.835604 -0.549332
vn -0.000000 -0.819001 -0.573792
vn 0.382683 -0.771997 -0.507517
vn 0.382683 -0.756412 -0.530466
vn 0.707107 -0.590861 -0.388437
vn 0.707107 -0.578499 -0.406619
vn 0.923880 -0.319772 -0.210220
vn 0.923880 -0.312978 -0.220208
vn 0.923880 0.321130 0.208140
vn 0.707107 0.593371 0.384592
vn 0.382683 0.775276 0.502494
vn 0.000000 0.839153 0.543895
vn -0.382683 0.775276 0.502494
vn -0.707107 0.593371 0.384592
vn -0.923880 0.321130 0.208140
vn -0.923880 -0.321130 -0.208140
vn -0.707107 -0.593371 -0.384592
vn -0.382683 -0.775276 -0.502494
vn -0.000000 -0.839153 -0.543895
vn 0.382683 -0.775276 -0.502494
vn 0.707107 -0.593371 -0.384592
vn 0.923880 -0.321130 -0.208140
vn 0.923880 0.322486 0.206033
vn 0.707107 0.595876 0.380699
vn 0.382683 0.778550 0.497407
vn 0.000000 0.842696 0.538389
vn -0.382683 0.778550 0.497407
vn -0.707107 0.595876 0.380699
vn -0.923880 0.322486 0.206033
vn -0.923880 -0.322486 -0.206033
vn -0.707107 -0.595876 -0.380699
vn -0.382683 -0.778550 -0.497407
vn -0.000000 -0.842696 -0.538389
vn 0.382683 -0.778550 -0.497407
vn 0.707107 -0.595876 -0.380699
vn 0.923880 -0.322486 -0.206033
vn 0.923880 0.323839 0.203899
vn 0.707107 0.598377 0.376756
vn 0.382683 0.781817 0.492255
vn 0.000000 0.846233 0.532813
vn -0.382683 0.781817 0.492255
vn -0.707107 0.598377 0.376756
vn -0.923880 0.323839 0.203899
vn -0.923880 -0.323839 -0.203899
vn -0.707107 -0.598377 -0.376756
vn -0.382683 -0.781817 -0.492255
vn -0.000000 -0.846233 -0.532813
vn 0.382683 -0.781817 -0.492255
vn 0.707107 -0.598377 -0.376756
vn 0.923880 -0.323839 -0.203899
vn 0.923880 0.325190 0.201738
vn 0.707107 0.600872 0.372763
vn 0.382683 0.785077 0.487039
vn 0.000000 0.849762 0.527167
vn -0.382683 0.785077 0.487039
vn -0.707107 0.600872 0.372763
vn -0.923880 0.325190 0.201738
vn -0.923880 -0.325190 -0.201738
vn -0.707107 -0.600872 -0.372763
vn -0.382683 -0.785077 -0.487039
vn -0.000000 -0.849762 -0.527167
vn 0.382683 -0.785077 -0.487039
vn 0.707107 -0.600872 -0.372763
vn 0.923880 -0.325190 -0.201738
vn 0.923880 0.326537 0.199550
vn 0.707107 0.603361 0.368721
vn 0.382683 0.788330 0.481757
vn 0.000000 0.853282 0.521450
vn -0.382683 0.788330 0.481757
vn -0.707107 0.603361 0.368721
vn -0.923880 0.326537 0.199550
vn -0.923880 -0.326537 -0.199550
vn -0.707107 -0.603361 -0.368721
vn -0.382683 -0.788330 -0.481757
vn -0.000000 -0.853282 -0.521450
vn 0.382683 -0.788330 -0.481757
vn 0.707107 -0.603361 -0.368721
vn 0.923880 -0.326537 -0.199550
vn 0.923880 0.327880 0.197335
vn 0.707107 0.605844 0.364628
vn 0.382683 0.791573 0.476410
vn 0.000000 0.856792 0.515662
vn -0.382683 0.791573 0.476410
vn -0.707107 0.605844 0.364628
vn -0.923880 0.327880 0.197335
vn -0.923880 -0.327880 -0.197335
vn -0.707107 -0.605844 -0.364628
vn -0.382683 -0.791573 -0.476410
vn -0.000000 -0.856792 -0.515662
vn 0.382683 -0.791573 -0.476410
vn 0.707107 -0.605844 -0.364628
vn 0.923880 -0.327880 -0.197335
vn 0.923880 0.329219 0.195093
vn 0.707107 0.608318 0.360485
vn 0.382683 0.794806 0.470996
vn 0.000000 0.860292 0.509802
vn -0.382683 0.794806 0.470996
vn -0.707107 0.608318 0.360485
vn -0.923880 0.329219 0.195093
vn -0.923880 -0.329219 -0.195093
vn -0.707107 -0.608318 -0.360485
vn -0.382683 -0.794806 -0.470996
vn -0.000000 -0.860292 -0.509802
vn 0.382683 -0.794806 -0.470996
vn 0.707107 -0.608318 -0.360485
vn 0.923880 -0.329219 -0.195093
vn 0.923880 0.330554 0.192823
vn 0.707107 0.610784 0.356291
vn 0.382683 0.798028 0.465516
vn 0.000000 0.863779 0.503871
vn -0.382683 0.798028 0.465516
vn -0.707107 0.610784 0.356291
vn -0.923880 0.330554 0.192823
vn -0.923880 -0.330554 -0.192823
vn -0.707107 -0.610784 -0.356291
vn -0.382683 -0.798028 -0.465516
vn -0.000000 -0.863779 -0.503871
vn 0.382683 -0.798028 -0.465516
vn 0.707107 -0.610784 -0.356291
vn 0.923880 -0.330554 -0.192823
vn 0.923880 0.331414 0.191342
vn 0.707107 0.612372 0.353553
vn 0.382683 0.800103 0.461940
vn 0.000000 0.866025 0.500000
vn -0.382683 0.800103 0.461940
vn -0.707107 0.612372 0.353553
vn -0.923880 0.331414 0.191342
vn -0.923880 -0.331414 -0.191342
vn -0.707107 -0.612372 -0.353553
vn -0.382683 -0.800103 -0.461940
vn -0.000000 -0.866025 -0.500000
vn 0.382683 -0.800103 -0.461940
vn 0.707107 -0.612372 -0.353553
vn 0.923880 -0.331414 -0.191342
vn 0.923880 0.331883 0.190526
vn 0.707107 0.613241 0.352045
vn 0.382683 0.801237 0.459970
vn 0.000000 0.867253 0.497868
vn -0.382683 0.801237 0.459970
vn -0.707107 0.613241 0.352045
vn -0.923880 0.331883 0.190526
vn -0.923880 -0.331883 -0.190526
vn -0.707107 -0.613241 -0.352045
vn -0.382683 -0.801237 -0.459970
vn -0.000000 -0.867253 -0.497868
vn 0.382683 -0.801237 -0.459970
vn 0.707107 -0.613241 -0.352045
vn 0.923880 -0.331883 -0.190526
vn 0.923880 0.333207 0.188200
vn 0.707107 0.615687 0.347749
vn 0.382683 0.804434 0.454356
vn 0.000000 0.870713 0.491792
vn -0.382683 0.804434 0.454356
vn -0.707107 0.615687 0.347749
vn -0.923880 0.333207 0.188200
vn -0.923880 -0.333207 -0.188200
vn -0.707107 -0.615687 -0.347749
vn -0.382683 -0.804434 -0.454356
vn -0.000000 -0.870713 -0.491792
vn 0.382683 -0.804434 -0.454356
vn 0.707107 -0.615687 -0.347749
vn 0.923880 -0.333207 -0.188200
vn 0.923880 0.334526 0.185848
vn 0.707107 0.618123 0.343401
vn 0.382683 0.807616 0.448676
vn 0.000000 0.874157 0.485643
vn -0.382683 0.807616 0.448676
vn -0.707107 0.618123 0.343401
vn -0.923880 0.334526 0.185848
vn -0.923880 -0.334526 -0.185848
vn -0.707107 -0.618123 -0.343401
vn -0.382683 -0.807616 -0.448676
vn -0.000000 -0.874157 -0.485643
vn 0.382683 -0.807616 -0.448676
vn 0.707107 -0.618123 -0.343401
vn 0.923880 -0.334526 -0.185848
vn 0.923880 0.335837 0.183467
vn 0.707107 0.620546 0.339002
vn 0.382683 0.810783 0.442928
vn 0.000000 0.877585 0.479421
vn -0.382683 0.810783 0.442928
vn -0.707107 0.620546 0.339002
vn -0.923880 0.335837 0.183467
vn -0.923880 -0.335837 -0.183467
vn -0.707107 -0.620546 -0.339002
vn -0.382683 -0.810783 -0.442928
vn -0.000000 -0.877585 -0.479421
vn 0.382683 -0.810783 -0.442928
vn 0.707107 -0.620546 -0.339002
vn 0.923880 -0.335837 -0.183467
vn 0.923880 0.337142 0.181058
vn 0.707107 0.622957 0.334551
vn 0.382683 0.813933 0.437112
vn 0.000000 0.880994 0.473127
vn -0.382683 0.813933 0.437112
vn -0.707107 0.622957 0.334551
vn -0.923880 0.337142 0.181058
vn -0.923880 -0.337142 -0.181058
vn -0.707107 -0.622957 -0.334551
vn -0.382683 -0.813933 -0.437112
vn -0.000000 -0.880994 -0.473127
vn 0.382683 -0.813933 -0.437112
vn 0.707107 -0.622957 -0.334551
vn 0.923880 -0.337142 -0.181058
vn 0.923880 0.338439 0.178621
vn 0.707107 0.625354 0.330048
vn 0.382683 0.817065 0.431229
vn 0.000000 0.884385 0.466759
vn -0.382683 0.817065 0.431229
vn -0.707107 0.625354 0.330048
vn -0.923880 0.338439 0.178621
vn -0.923880 -0.338439 -0.178621
vn -0.707107 -0.625354 -0.330048
vn -0.382683 -0.817065 -0.431229
vn -0.000000 -0.884385 -0.466759
vn 0.382683 -0.817065 -0.431229
vn 0.707107 -0.625354 -0.330048
vn 0.923880 -0.338439 -0.178621
vn 0.923880 0.339729 0.176156
vn 0.707107 0.627737 0.325493
vn 0.382683 0.820178 0.425278
vn 0.000000 0.887755 0.460317
vn -0.382683 0.820178 0.425278
vn -0.707107 0.627737 0.325493
vn -0.923880 0.339729 0.176156
vn -0.923880 -0.339729 -0.176156
vn -0.707107 -0.627737 -0.325493
vn -0.382683 -0.820178 -0.425278
vn -0.000000 -0.887755 -0.460317
vn 0.382683 -0.820178 -0.425278
vn 0.707107 -0.627737 -0.325493
vn 0.923880 -0.339729 -0.176156
vn 0.923880 0.341010 0.173663
vn 0.707107 0.630105 0.320887
vn 0.382683 0.823271 0.419259
vn 0.000000 0.891102 0.453802
vn -0.382683 0.823271 0.419259
vn -0.707107 0.630105 0.320887
vn -0.923880 0.341010 0.173663
vn -0.923880 -0.341010 -0.173663
vn -0.707107 -0.630105 -0.320887
vn -0.382683 -0.823271 -0.419259
vn -0.000000 -0.891102 -0.453802
vn 0.382683 -0.823271 -0.419259
vn 0.707107 -0.630105 -0.320887
vn 0.923880 -0.341010 -0.173663
vn 0.923880 0.342282 0.171141
vn 0.707107 0.632456 0.316228
vn 0.382683 0.826343 0.413171
vn 0.000000 0.894427 0.447214
vn -0.382683 0.826343 0.413171
vn -0.707107 0.632456 0.316228
vn -0.923880 0.342282 0.171141
vn -0.923880 -0.342282 -0.171141
vn -0.707107 -0.632456 -0.316228
vn -0.382683 -0.826343 -0.413171
vn -0.000000 -0.894427 -0.447214
vn 0.382683 -0.826343 -0.413171
vn 0.707107 -0.632456 -0.316228
vn 0.923880 -0.342282 -0.171141
vn 0.923880 0.343545 0.168592
vn 0.707107 0.634789 0.311517
vn 0.382683 0.829392 0.407016
vn 0.000000 0.897727 0.440551
vn -0.382683 0.829392 0.407016
vn -0.707107 0.634789 0.311517
vn -0.923880 0.343545 0.168592
vn -0.923880 -0.343545 -0.168592
vn -0.707107 -0.634789 -0.311517
vn -0.382683 -0.829392 -0.407016
vn -0.000000 -0.897727 -0.440551
vn 0.382683 -0.829392 -0.407016
vn 0.707107 -0.634789 -0.311517
vn 0.923880 -0.343545 -0.168592
vn 0.923880 0.344798 0.166014
vn 0.707107 0.637104 0.306754
vn 0.382683 0.832417 0.400793
vn 0.000000 0.901002 0.433816
vn -0.382683 0.832417 0.400793
vn -0.707107 0.637104 0.306754
vn -0.923880 0.344798 0.166014
vn -0.923880 -0.344798 -0.166014
vn -0.707107 -0.637104 -0.306754
vn -0.382683 -0.832417 -0.400793
vn -0.000000 -0.901002 -0.433816
vn 0.382683 -0.832417 -0.400793
vn 0.707107 -0.637104 -0.306754
vn 0.923880 -0.344798 -0.166014
vn 0.923880 0.346041 0.163408
vn 0.707107 0.639400 0.301939
vn 0.382683 0.835417 0.394502
vn 0.000000 0.904249 0.427006
vn -0.382683 0.835417 0.394502
vn -0.707107 0.639400 0.301939
vn -0.923880 0.346041 0.163408
vn -0.923880 -0.346041 -0.163408
vn -0.707107 -0.639400 -0.301939
vn -0.382683 -0.835417 -0.394502
vn -0.000000 -0.904249 -0.427006
vn 0.382683 -0.835417 -0.394502
vn 0.707107 -0.639400 -0.301939
vn 0.923880 -0.346041 -0.163408
vn 0.923880 0.347273 0.160774
vn 0.707107 0.641676 0.297072
vn 0.382683 0.838390 0.388144
vn 0.000000 0.907467 0.420124
vn -0.382683 0.838390 0.388144
vn -0.707107 0.641676 0.297072
vn -0.923880 0.347273 0.160774
vn -0.923880 -0.347273 -0.160774
vn -0.707107 -0.641676 -0.297072
vn -0.382683 -0.838390 -0.388144
vn -0.000000 -0.907467 -0.420124
vn 0.382683 -0.838390 -0.388144
vn 0.707107 -0.641676 -0.297072
vn 0.923880 -0.347273 -0.160774
vn 0.923880 0.348493 0.158112
vn 0.707107 0.643930 0.292154
vn 0.382683 0.841336 0.381717
vn 0.000000 0.910655 0.413168
vn -0.382683 0.841336 0.381717
vn -0.707107 0.643930 0.292154
vn -0.923880 0.348493 0.158112
vn -0.923880 -0.348493 -0.158112
vn -0.707107 -0.643930 -0.292154
vn -0.382683 -0.841336 -0.381717
vn -0.000000 -0.910655 -0.413168
vn 0.382683 -0.841336 -0.381717
vn 0.707107 -0.643930 -0.292154
vn 0.923880 -0.348493 -0.158112
vn 0.923880 0.349701 0.155422
vn 0.707107 0.646162 0.287183
vn 0.382683 0.844252 0.375223
vn 0.000000 0.913812 0.406138
vn -0.382683 0.844252 0.375223
vn -0.707107 0.646162 0.287183
vn -0.923880 0.349701 0.155422
vn -0.923880 -0.349701 -0.155422
vn -0.707107 -0.646162 -0.287183
vn -0.382683 -0.844252 -0.375223
vn -0.000000 -0.913812 -0.406138
vn 0.382683 -0.844252 -0.375223
vn 0.707107 -0.646162 -0.287183
vn 0.923880 -0.349701 -0.155422
vn 0.923880 0.350896 0.152705
vn 0.707107 0.648371 0.282161
vn 0.382683 0.847138 0.368662
vn 0.000000 0.916935 0.399037
vn -0.382683 0.847138 0.368662
vn -0.707107 0.648371 0.282161
vn -0.923880 0.350896 0.152705
vn -0.923880 -0.350896 -0.152705
vn -0.707107 -0.648371 -0.282161
vn -0.382683 -0.847138 -0.368662
vn -0.000000 -0.916935 -0.399037
vn 0.382683 -0.847138 -0.368662
vn 0.707107 -0.648371 -0.282161
vn 0.923880 -0.350896 -0.152705
vn 0.923880 0.352078 0.149959
vn 0.707107 0.650555 0.277088
vn 0.382683 0.849991 0.362033
vn 0.000000 0.920024 0.391862
vn -0.382683 0.849991 0.362033
vn -0.707107 0.650555 0.277088
vn -0.923880 0.352078 0.149959
vn -0.923880 -0.352078 -0.149959
vn -0.707107 -0.650555 -0.277088
vn -0.382683 -0.849991 -0.362033
vn -0.000000 -0.920024 -0.391862
vn 0.382683 -0.849991 -0.362033
vn 0.707107 -0.650555 -0.277088
vn 0.923880 -0.352078 -0.149959
vn 0.923880 0.353246 0.147186
vn 0.707107 0.652714 0.271964
vn 0.382683 0.852812 0.355338
vn 0.000000 0.923077 0.384615
vn -0.382683 0.852812 0.355338
vn -0.707107 0.652714 0.271964
vn -0.923880 0.353246 0.147186
vn -0.923880 -0.353246 -0.147186
vn -0.707107 -0.652714 -0.271964
vn -0.382683 -0.852812 -0.355338
vn -0.000000 -0.923077 -0.384615
vn 0.382683 -0.852812 -0.355338
vn 0.707107 -0.652714 -0.271964
vn 0.923880 -0.353246 -0.147186
vn 0.923880 0.354400 0.144385
vn 0.707107 0.654846 0.266789
vn 0.382683 0.855598 0.348577
vn 0.000000 0.926092 0.377297
vn -0.382683 0.855598 0.348577
vn -0.707107 0.654846 0.266789
vn -0.923880 0.354400 0.144385
vn -0.923880 -0.354400 -0.144385
vn -0.707107 -0.654846 -0.266789
vn -0.382683 -0.855598 -0.348577
vn -0.000000 -0.926092 -0.377297
vn 0.382683 -0.855598 -0.348577
vn 0.707107 -0.654846 -0.266789
vn 0.923880 -0.354400 -0.144385
vn 0.923880 0.355539 0.141557
vn 0.707107 0.656951 0.261564
vn 0.382683 0.858348 0.341750
vn 0.000000 0.929069 0.369907
vn -0.382683 0.858348 0.341750
vn -0.707107 0.656951 0.261564
vn -0.923880 0.355539 0.141557
vn -0.923880 -0.355539 -0.141557
vn -0.707107 -0.656951 -0.261564
vn -0.382683 -0.858348 -0.341750
vn -0.000000 -0.929069 -0.369907
vn 0.382683 -0.858348 -0.341750
vn 0.707107 -0.656951 -0.261564
vn 0.923880 -0.355539 -0.141557
vn 0.923880 0.356663 0.138702
vn 0.707107 0.659027 0.256288
vn 0.382683 0.861060 0.334857
vn 0.000000 0.932005 0.362446
vn -0.382683 0.861060 0.334857
vn -0.707107 0.659027 0.256288
vn -0.923880 0.356663 0.138702
vn -0.923880 -0.356663 -0.138702
vn -0.707107 -0.659027 -0.256288
vn -0.382683 -0.861060 -0.334857
vn -0.000000 -0.932005 -0.362446
vn 0.382683 -0.861060 -0.334857
vn 0.707107 -0.659027 -0.256288
vn 0.923880 -0.356663 -0.138702
vn 0.923880 0.357770 0.135820
vn 0.707107 0.661073 0.250963
vn 0.382683 0.863734 0.327899
vn 0.000000 0.934899 0.354915
vn -0.382683 0.863734 0.327899
vn -0.707107 0.661073 0.250963
vn -0.923880 0.357770 0.135820
vn -0.923880 -0.357770 -0.135820
vn -0.707107 -0.661073 -0.250963
vn -0.382683 -0.863734 -0.327899
vn -0.000000 -0.934899 -0.354915
vn 0.382683 -0.863734 -0.327899
vn 0.707107 -0.661073 -0.250963
vn 0.923880 -0.357770 -0.135820
vn 0.923880 0.358861 0.132911
vn 0.707107 0.663089 0.245588
vn 0.382683 0.866367 0.320877
vn 0.000000 0.937749 0.347314
vn -0.382683 0.866367 0.320877
vn -0.707107 0.663089 0.245588
vn -0.923880 0.358861 0.132911
vn -0.923880 -0.358861 -0.132911
vn -0.707107 -0.663089 -0.245588
vn -0.382683 -0.866367 -0.320877
vn -0.000000 -0.937749 -0.347314
vn 0.382683 -0.866367 -0.320877
vn 0.707107 -0.663089 -0.245588
vn 0.923880 -0.358861 -0.132911
vn 0.923880 0.359934 0.129976
vn 0.707107 0.665072 0.240165
vn 0.382683 0.868958 0.313791
vn 0.000000 0.940554 0.339644
vn -0.382683 0.868958 0.313791
vn -0.707107 0.665072 0.240165
vn -0.923880 0.359934 0.129976
vn -0.923880 -0.359934 -0.129976
vn -0.707107 -0.665072 -0.240165
vn -0.382683 -0.868958 -0.313791
vn -0.000000 -0.940554 -0.339644
vn 0.382683 -0.868958 -0.313791
vn 0.707107 -0.665072 -0.240165
vn 0.923880 -0.359934 -0.129976
vn 0.923880 0.360990 0.127015
vn 0.707107 0.667023 0.234693
vn 0.382683 0.871507 0.306641
vn 0.000000 0.943312 0.331906
vn -0.382683 0.871507 0.306641
vn -0.707107 0.667023 0.234693
vn -0.923880 0.360990 0.127015
vn -0.923880 -0.360990 -0.127015
vn -0.707107 -0.667023 -0.234693
vn -0.382683 -0.871507 -0.306641
vn -0.000000 -0.943312 -0.331906
vn 0.382683 -0.871507 -0.306641
vn 0.707107 -0.667023 -0.234693
vn 0.923880 -0.360990 -0.127015
vn 0.923880 0.362027 0.124028
vn 0.707107 0.668939 0.229174
vn 0.382683 0.874011 0.299430
vn 0.000000 0.946023 0.324100
vn -0.382683 0.874011 0.299430
vn -0.707107 0.668939 0.229174
vn -0.923880 0.362027 0.124028
vn -0.923880 -0.362027 -0.124028
vn -0.707107 -0.668939 -0.229174
vn -0.382683 -0.874011 -0.299430
vn -0.000000 -0.946023 -0.324100
vn 0.382683 -0.874011 -0.299430
vn 0.707107 -0.668939 -0.229174
vn 0.923880 -0.362027 -0.124028
vn 0.923880 0.363045 0.121015
vn 0.707107 0.670820 0.223607
vn 0.382683 0.876469 0.292156
vn 0.000000 0.948683 0.316228
vn -0.382683 0.876469 0.292156
vn -0.707107 0.670820 0.223607
vn -0.923880 0.363045 0.121015
vn -0.923880 -0.363045 -0.121015
vn -0.707107 -0.670820 -0.223607
vn -0.382683 -0.876469 -0.292156
vn -0.000000 -0.948683 -0.316228
vn 0.382683 -0.876469 -0.292156
vn 0.707107 -0.670820 -0.223607
vn 0.923880 -0.363045 -0.121015
vn 0.923880 0.364044 0.117977
vn 0.707107 0.672665 0.217993
vn 0.382683 0.878880 0.284822
vn 0.000000 0.951293 0.308289
vn -0.382683 0.878880 0.284822
vn -0.707107 0.672665 0.217993
vn -0.923880 0.364044 0.117977
vn -0.923880 -0.364044 -0.117977
vn -0.707107 -0.672665 -0.217993
vn -0.382683 -0.878880 -0.284822
vn -0.000000 -0.951293 -0.308289
vn 0.382683 -0.878880 -0.284822
vn 0.707107 -0.672665 -0.217993
vn 0.923880 -0.364044 -0.117977
vn 0.923880 0.365022 0.114914
vn 0.707107 0.674473 0.212334
vn 0.382683 0.881242 0.277428
vn 0.000000 0.953849 0.300286
vn -0.382683 0.881242 0.277428
vn -0.707107 0.674473 0.212334
vn -0.923880 0.365022 0.114914
vn -0.923880 -0.365022 -0.114914
vn -0.707107 -0.674473 -0.212334
vn -0.382683 -0.881242 -0.277428
vn -0.000000 -0.953849 -0.300286
vn 0.382683 -0.881242 -0.277428
vn 0.707107 -0.674473 -0.212334
vn 0.923880 -0.365022 -0.114914
vn 0.923880 0.365980 0.111827
vn 0.707107 0.676243 0.206630
vn 0.382683 0.883554 0.269975
vn 0.000000 0.956352 0.292219
vn -0.382683 0.883554 0.269975
vn -0.707107 0.676243 0.206630
vn -0.923880 0.365980 0.111827
vn -0.923880 -0.365980 -0.111827
vn -0.707107 -0.676243 -0.206630
vn -0.382683 -0.883554 -0.269975
vn -0.000000 -0.956352 -0.292219
vn 0.382683 -0.883554 -0.269975
vn 0.707107 -0.676243 -0.206630
vn 0.923880 -0.365980 -0.111827
vn 0.923880 0.366916 0.108716
vn 0.707107 0.677973 0.200881
vn 0.382683 0.885814 0.262463
vn 0.000000 0.958798 0.284088
vn -0.382683 0.885814 0.262463
vn -0.707107 0.677973 0.200881
vn -0.923880 0.366916 0.108716
vn -0.923880 -0.366916 -0.108716
vn -0.707107 -0.677973 -0.200881
vn -0.382683 -0.885814 -0.262463
vn -0.000000 -0.958798 -0.284088
vn 0.382683 -0.885814 -0.262463
vn 0.707107 -0.677973 -0.200881
vn 0.923880 -0.366916 -0.108716
vn 0.923880 0.367830 0.105581
vn 0.707107 0.679662 0.195088
vn 0.382683 0.888021 0.254895
vn 0.000000 0.961187 0.275896
vn -0.382683 0.888021 0.254895
vn -0.707107 0.679662 0.195088
vn -0.923880 0.367830 0.105581
vn -0.923880 -0.367830 -0.105581
vn -0.707107 -0.679662 -0.195088
vn -0.382683 -0.888021 -0.254895
vn -0.000000 -0.961187 -0.275896
vn 0.382683 -0.888021 -0.254895
vn 0.707107 -0.679662 -0.195088
vn 0.923880 -0.367830 -0.105581
vn 0.923880 0.368722 0.102423
vn 0.707107 0.681310 0.189253
vn 0.382683 0.890174 0.247271
vn 0.000000 0.963518 0.267644
vn -0.382683 0.890174 0.247271
vn -0.707107 0.681310 0.189253
vn -0.923880 0.368722 0.102423
vn -0.923880 -0.368722 -0.102423
vn -0.707107 -0.681310 -0.189253
vn -0.382683 -0.890174 -0.247271
vn -0.000000 -0.963518 -0.267644
vn 0.382683 -0.890174 -0.247271
vn 0.707107 -0.681310 -0.189253
vn 0.923880 -0.368722 -0.102423
vn 0.923880 0.369591 0.099242
vn 0.707107 0.682915 0.183375
vn 0.382683 0.892272 0.239592
vn 0.000000 0.965788 0.259332
vn -0.382683 0.892272 0.239592
vn -0.707107 0.682915 0.183375
vn -0.923880 0.369591 0.099242
vn -0.923880 -0.369591 -0.099242
vn -0.707107 -0.682915 -0.183375
vn -0.382683 -0.892272 -0.239592
vn -0.000000 -0.965788 -0.259332
vn 0.382683 -0.892272 -0.239592
vn 0.707107 -0.682915 -0.183375
vn 0.923880 -0.369591 -0.099242
vn 0.923880 0.370436 0.096039
vn 0.707107 0.684477 0.177457
vn 0.382683 0.894313 0.231859
vn 0.000000 0.967997 0.250962
vn -0.382683 0.894313 0.231859
vn -0.707107 0.684477 0.177457
vn -0.923880 0.370436 0.096039
vn -0.923880 -0.370436 -0.096039
vn -0.707107 -0.684477 -0.177457
vn -0.382683 -0.894313 -0.231859
vn -0.000000 -0.967997 -0.250962
vn 0.382683 -0.894313 -0.231859
vn 0.707107 -0.684477 -0.177457
vn 0.923880 -0.370436 -0.096039
vn 0.923880 0.371257 0.092814
vn 0.707107 0.685994 0.171499
vn 0.382683 0.896295 0.224074
vn 0.000000 0.970143 0.242536
vn -0.382683 0.896295 0.224074
vn -0.707107 0.685994 0.171499
vn -0.923880 0.371257 0.092814
vn -0.923880 -0.371257 -0.092814
vn -0.707107 -0.685994 -0.171499
vn -0.382683 -0.896295 -0.224074
vn -0.000000 -0.970143 -0.242536
vn 0.382683 -0.896295 -0.224074
vn 0.707107 -0.685994 -0.171499
vn 0.923880 -0.371257 -0.092814
vn 0.923880 0.372054 0.089569
vn 0.707107 0.687466 0.165501
vn 0.382683 0.898218 0.216238
vn 0.000000 0.972224 0.234054
vn -0.382683 0.898218 0.216238
vn -0.707107 0.687466 0.165501
vn -0.923880 0.372054 0.089569
vn -0.923880 -0.372054 -0.089569
vn -0.707107 -0.687466 -0.165501
vn -0.382683 -0.898218 -0.216238
vn -0.000000 -0.972224 -0.234054
vn 0.382683 -0.898218 -0.216238
vn 0.707107 -0.687466 -0.165501
vn 0.923880 -0.372054 -0.089569
vn 0.923880 0.372825 0.086302
vn 0.707107 0.688891 0.159465
vn 0.382683 0.900079 0.208352
vn 0.000000 0.974239 0.225518
vn -0.382683 0.900079 0.208352
vn -0.707107 0.688891 0.159465
vn -0.923880 0.372825 0.086302
vn -0.923880 -0.372825 -0.086302
vn -0.707107 -0.688891 -0.159465
vn -0.382683 -0.900079 -0.208352
vn -0.000000 -0.974239 -0.225518
vn 0.382683 -0.900079 -0.208352
vn 0.707107 -0.688891 -0.159465
vn 0.923880 -0.372825 -0.086302
vn 0.923880 0.373571 0.083016
vn 0.707107 0.690268 0.153393
vn 0.382683 0.901879 0.200418
vn 0.000000 0.976187 0.216930
vn -0.382683 0.901879 0.200418
vn -0.707107 0.690268 0.153393
vn -0.923880 0.373571 0.083016
vn -0.923880 -0.373571 -0.083016
vn -0.707107 -0.690268 -0.153393
vn -0.382683 -0.901879 -0.200418
vn -0.000000 -0.976187 -0.216930
vn 0.382683 -0.901879 -0.200418
vn 0.707107 -0.690268 -0.153393
vn 0.923880 -0.373571 -0.083016
vn 0.923880 0.374290 0.079710
vn 0.707107 0.691598 0.147285
vn 0.382683 0.903616 0.192437
vn 0.000000 0.978067 0.208292
vn -0.382683 0.903616 0.192437
vn -0.707107 0.691598 0.147285
vn -0.923880 0.374290 0.079710
vn -0.923880 -0.374290 -0.079710
vn -0.707107 -0.691598 -0.147285
vn -0.382683 -0.903616 -0.192437
vn -0.000000 -0.978067 -0.208292
vn 0.382683 -0.903616 -0.192437
vn 0.707107 -0.691598 -0.147285
vn 0.923880 -0.374290 -0.079710
vn 0.923880 0.374983 0.076385
vn 0.707107 0.692877 0.141142
vn 0.382683 0.905288 0.184410
vn 0.000000 0.979877 0.199604
vn -0.382683 0.905288 0.184410
vn -0.707107 0.692877 0.141142
vn -0.923880 0.374983 0.076385
vn -0.923880 -0.374983 -0.076385
vn -0.707107 -0.692877 -0.141142
vn -0.382683 -0.905288 -0.184410
vn -0.000000 -0.979877 -0.199604
vn 0.382683 -0.905288 -0.184410
vn 0.707107 -0.692877 -0.141142
vn 0.923880 -0.374983 -0.076385
vn 0.923880 0.375648 0.073043
vn 0.707107 0.694107 0.134965
vn 0.382683 0.906894 0.176341
vn 0.000000 0.981615 0.190870
vn -0.382683 0.906894 0.176341
vn -0.707107 0.694107 0.134965
vn -0.923880 0.375648 0.073043
vn -0.923880 -0.375648 -0.073043
vn -0.707107 -0.694107 -0.134965
vn -0.382683 -0.906894 -0.176341
vn -0.000000 -0.981615 -0.190870
vn 0.382683 -0.906894 -0.176341
vn 0.707107 -0.694107 -0.134965
vn 0.923880 -0.375648 -0.073043
vn 0.923880 0.376286 0.069683
vn 0.707107 0.695285 0.128757
vn 0.382683 0.908434 0.168229
vn 0.000000 0.983282 0.182089
vn -0.382683 0.908434 0.168229
vn -0.707107 0.695285 0.128757
vn -0.923880 0.376286 0.069683
vn -0.923880 -0.376286 -0.069683
vn -0.707107 -0.695285 -0.128757
vn -0.382683 -0.908434 -0.168229
vn -0.000000 -0.983282 -0.182089
vn 0.382683 -0.908434 -0.168229
vn 0.707107 -0.695285 -0.128757
vn 0.923880 -0.376286 -0.069683
vn 0.923880 0.376895 0.066306
vn 0.707107 0.696412 0.122517
vn 0.382683 0.909906 0.160076
vn 0.000000 0.984875 0.173265
vn -0.382683 0.909906 0.160076
vn -0.707107 0.696412 0.122517
vn -0.923880 0.376895 0.066306
vn -0.923880 -0.376895 -0.066306
vn -0.707107 -0.696412 -0.122517
vn -0.382683 -0.909906 -0.160076
vn -0.000000 -0.984875 -0.173265
vn 0.382683 -0.909906 -0.160076
vn 0.707107 -0.696412 -0.122517
vn 0.923880 -0.376895 -0.066306
vn 0.923880 0.377477 0.062913
vn 0.707107 0.697486 0.116248
vn 0.382683 0.911309 0.151885
vn 0.000000 0.986394 0.164399
vn -0.382683 0.911309 0.151885
vn -0.707107 0.697486 0.116248
vn -0.923880 0.377477 0.062913
vn -0.923880 -0.377477 -0.062913
vn -0.707107 -0.697486 -0.116248
vn -0.382683 -0.911309 -0.151885
vn -0.000000 -0.986394 -0.164399
vn 0.382683 -0.911309 -0.151885
vn 0.707107 -0.697486 -0.116248
vn 0.923880 -0.377477 -0.062913
vn 0.923880 0.378029 0.059505
vn 0.707107 0.698506 0.109950
vn 0.382683 0.912642 0.143657
vn 0.000000 0.987837 0.155493
vn -0.382683 0.912642 0.143657
vn -0.707107 0.698506 0.109950
vn -0.923880 0.378029 0.059505
vn -0.923880 -0.378029 -0.059505
vn -0.707107 -0.698506 -0.109950
vn -0.382683 -0.912642 -0.143657
vn -0.000000 -0.987837 -0.155493
vn 0.382683 -0.912642 -0.143657
vn 0.707107 -0.698506 -0.109950
vn 0.923880 -0.378029 -0.059505
vn 0.923880 0.378552 0.056082
vn 0.707107 0.699472 0.103626
vn 0.382683 0.913905 0.135393
vn 0.000000 0.989203 0.146549
vn -0.382683 0.913905 0.135393
vn -0.707107 0.699472 0.103626
vn -0.923880 0.378552 0.056082
vn -0.923880 -0.378552 -0.056082
vn -0.707107 -0.699472 -0.103626
vn -0.382683 -0.913905 -0.135393
vn -0.000000 -0.989203 -0.146549
vn 0.382683 -0.913905 -0.135393
vn 0.707107 -0.699472 -0.103626
vn 0.923880 -0.378552 -0.056082
vn 0.923880 0.379045 0.052645
vn 0.707107 0.700384 0.097276
vn 0.382683 0.915096 0.127097
vn 0.000000 0.990492 0.137568
vn -0.382683 0.915096 0.127097
vn -0.707107 0.700384 0.097276
vn -0.923880 0.379045 0.052645
vn -0.923880 -0.379045 -0.052645
vn -0.707107 -0.700384 -0.097276
vn -0.382683 -0.915096 -0.127097
vn -0.000000 -0.990492 -0.137568
vn 0.382683 -0.915096 -0.127097
vn 0.707107 -0.700384 -0.097276
vn 0.923880 -0.379045 -0.052645
vn 0.923880 0.379508 0.049195
vn 0.707107 0.701240 0.090901
vn 0.382683 0.916214 0.118768
vn 0.000000 0.991703 0.128554
vn -0.382683 0.916214 0.118768
vn -0.707107 0.701240 0.090901
vn -0.923880 0.379508 0.049195
vn -0.923880 -0.379508 -0.049195
vn -0.707107 -0.701240 -0.090901
vn -0.382683 -0.916214 -0.118768
vn -0.000000 -0.991703 -0.128554
vn 0.382683 -0.916214 -0.118768
vn 0.707107 -0.701240 -0.090901
vn 0.923880 -0.379508 -0.049195
vn 0.923880 0.379941 0.045734
vn 0.707107 0.702039 0.084505
vn 0.382683 0.917258 0.110411
vn 0.000000 0.992833 0.119508
vn -0.382683 0.917258 0.110411
vn -0.707107 0.702039 0.084505
vn -0.923880 0.379941 0.045734
vn -0.923880 -0.379941 -0.045734
vn -0.707107 -0.702039 -0.084505
vn -0.382683 -0.917258 -0.110411
vn -0.000000 -0.992833 -0.119508
vn 0.382683 -0.917258 -0.110411
vn 0.707107 -0.702039 -0.084505
vn 0.923880 -0.379941 -0.045734
vn 0.923880 0.380343 0.042260
vn 0.707107 0.702782 0.078087
vn 0.382683 0.918229 0.102025
vn 0.000000 0.993884 0.110432
vn -0.382683 0.918229 0.102025
vn -0.707107 0.702782 0.078087
vn -0.923880 0.380343 0.042260
vn -0.923880 -0.380343 -0.042260
vn -0.707107 -0.702782 -0.078087
vn -0.382683 -0.918229 -0.102025
vn -0.000000 -0.993884 -0.110432
vn 0.382683 -0.918229 -0.102025
vn 0.707107 -0.702782 -0.078087
vn 0.923880 -0.380343 -0.042260
vn 0.923880 0.380714 0.038776
vn 0.707107 0.703467 0.071649
vn 0.382683 0.919124 0.093615
vn 0.000000 0.994853 0.101328
vn -0.382683 0.919124 0.093615
vn -0.707107 0.703467 0.071649
vn -0.923880 0.380714 0.038776
vn -0.923880 -0.380714 -0.038776
vn -0.707107 -0.703467 -0.071649
vn -0.382683 -0.919124 -0.093615
vn -0.000000 -0.994853 -0.101328
vn 0.382683 -0.919124 -0.093615
vn 0.707107 -0.703467 -0.071649
vn 0.923880 -0.380714 -0.038776
vn 0.923880 0.381053 0.035283
vn 0.707107 0.704095 0.065194
vn 0.382683 0.919944 0.085180
vn 0.000000 0.995741 0.092198
vn -0.382683 0.919944 0.085180
vn -0.707107 0.704095 0.065194
vn -0.923880 0.381053 0.035283
vn -0.923880 -0.381053 -0.035283
vn -0.707107 -0.704095 -0.065194
vn -0.382683 -0.919944 -0.085180
vn -0.000000 -0.995741 -0.092198
vn 0.382683 -0.919944 -0.085180
vn 0.707107 -0.704095 -0.065194
vn 0.923880 -0.381053 -0.035283
vn 0.923880 0.381362 0.031780
vn 0.707107 0.704664 0.058722
vn 0.382683 0.920688 0.076724
vn 0.000000 0.996546 0.083045
vn -0.382683 0.920688 0.076724
vn -0.707107 0.704664 0.058722
vn -0.923880 0.381362 0.031780
vn -0.923880 -0.381362 -0.031780
vn -0.707107 -0.704664 -0.058722
vn -0.382683 -0.920688 -0.076724
vn -0.000000 -0.996546 -0.083045
vn 0.382683 -0.920688 -0.076724
vn 0.707107 -0.704664 -0.058722
vn 0.923880 -0.381362 -0.031780
vn 0.923880 0.381638 0.028269
vn 0.707107 0.705175 0.052235
vn 0.382683 0.921355 0.068249
vn 0.000000 0.997268 0.073872
vn -0.382683 0.921355 0.068249
vn -0.707107 0.705175 0.052235
vn -0.923880 0.381638 0.028269
vn -0.923880 -0.381638 -0.028269
vn -0.707107 -0.705175 -0.052235
vn -0.382683 -0.921355 -0.068249
vn -0.000000 -0.997268 -0.073872
vn 0.382683 -0.921355 -0.068249
vn 0.707107 -0.705175 -0.052235
vn 0.923880 -0.381638 -0.028269
vn 0.923880 0.381882 0.024752
vn 0.707107 0.705626 0.045735
vn 0.382683 0.921945 0.059756
vn 0.000000 0.997906 0.064679
vn -0.382683 0.921945 0.059756
vn -0.707107 0.705626 0.045735
vn -0.923880 0.381882 0.024752
vn -0.923880 -0.381882 -0.024752
vn -0.707107 -0.705626 -0.045735
vn -0.382683 -0.921945 -0.059756
vn -0.000000 -0.997906 -0.064679
vn 0.382683 -0.921945 -0.059756
vn 0.707107 -0.705626 -0.045735
vn 0.923880 -0.381882 -0.024752
vn 0.923880 0.382094 0.021227
vn 0.707107 0.706018 0.039223
vn 0.382683 0.922457 0.051248
vn 0.000000 0.998460 0.055470
vn -0.382683 0.922457 0.051248
vn -0.707107 0.706018 0.039223
vn -0.923880 0.382094 0.021227
vn -0.923880 -0.382094 -0.021227
vn -0.707107 -0.706018 -0.039223
vn -0.382683 -0.922457 -0.051248
vn -0.000000 -0.998460 -0.055470
vn 0.382683 -0.922457 -0.051248
vn 0.707107 -0.706018 -0.039223
vn 0.923880 -0.382094 -0.021227
vn 0.923880 0.382274 0.017698
vn 0.707107 0.706350 0.032701
vn 0.382683 0.922891 0.042726
vn 0.000000 0.998930 0.046247
vn -0.382683 0.922891 0.042726
vn -0.707107 0.706350 0.032701
vn -0.923880 0.382274 0.017698
vn -0.923880 -0.382274 -0.017698
vn -0.707107 -0.706350 -0.032701
vn -0.382683 -0.922891 -0.042726
vn -0.000000 -0.998930 -0.046247
vn 0.382683 -0.922891 -0.042726
vn 0.707107 -0.706350 -0.032701
vn 0.923880 -0.382274 -0.017698
vn 0.923880 0.382421 0.014164
vn 0.707107 0.706622 0.026171
vn 0.382683 0.923247 0.034194
vn 0.000000 0.999315 0.037012
vn -0.382683 0.923247 0.034194
vn -0.707107 0.706622 0.026171
vn -0.923880 0.382421 0.014164
vn -0.923880 -0.382421 -0.014164
vn -0.707107 -0.706622 -0.026171
vn -0.382683 -0.923247 -0.034194
vn -0.000000 -0.999315 -0.037012
vn 0.382683 -0.923247 -0.034194
vn 0.707107 -0.706622 -0.026171
vn 0.923880 -0.382421 -0.014164
vn 0.923880 0.382536 0.010626
vn 0.707107 0.706834 0.019634
vn 0.382683 0.923523 0.025653
vn 0.000000 0.999614 0.027767
vn -0.382683 0.923523 0.025653
vn -0.707107 0.706834 0.019634
vn -0.923880 0.382536 0.010626
vn -0.923880 -0.382536 -0.010626
vn -0.707107 -0.706834 -0.019634
vn -0.382683 -0.923523 -0.025653
vn -0.000000 -0.999614 -0.027767
vn 0.382683 -0.923523 -0.025653
vn 0.707107 -0.706834 -0.019634
vn 0.923880 -0.382536 -0.010626
vn 0.923880 0.382618 0.007086
vn 0.707107 0.706986 0.013092
vn 0.382683 0.923721 0.017106
vn 0.000000 0.999829 0.018515
vn -0.382683 0.923721 0.017106
vn -0.707107 0.706986 0.013092
vn -0.923880 0.382618 0.007086
vn -0.923880 -0.382618 -0.007086
vn -0.707107 -0.706986 -0.013092
vn -0.382683 -0.923721 -0.017106
vn -0.000000 -0.999829 -0.018515
vn 0.382683 -0.923721 -0.017106
vn 0.707107 -0.706986 -0.013092
vn 0.923880 -0.382618 -0.007086
vn 0.923880 0.382667 0.003543
vn 0.707107 0.707076 0.006547
vn 0.382683 0.923840 0.008554
vn 0.000000 0.999957 0.009259
vn -0.382683 0.923840 0.008554
vn -0.707107 0.707076 0.006547
vn -0.923880 0.382667 0.003543
vn -0.923880 -0.382667 -0.003543
vn -0.707107 -0.707076 -0.006547
vn -0.382683 -0.923840 -0.008554
vn -0.000000 -0.999957 -0.009259
vn 0.382683 -0.923840 -0.008554
vn 0.707107 -0.707076 -0.006547
vn 0.923880 -0.382667 -0.003543
vn 0.923880 0.382683 0.000027
vn 0.707107 0.707107 0.000049
vn 0.382683 0.923880 0.000064
vn 0.000000 1.000000 0.000069
vn -0.382683 0.923880 0.000064
vn -0.707107 0.707107 0.000049
vn -0.923880 0.382683 0.000027
vn -0.923880 -0.382683 -0.000027
vn -0.707107 -0.707107 -0.000049
vn -0.382683 -0.923880 -0.000064
vn -0.000000 -1.000000 -0.000069
vn 0.382683 -0.923880 -0.000064
vn 0.707107 -0.707107 -0.000049
vn 0.923880 -0.382683 -0.000027
vn 0.000000 0.000000 -1.000000
usemtl body
f 1/1/1 2/2/1 3/3/1
f 1/1/1 3/3/1 4/4/1
f 1/1/1 4/4/1 5/5/1
f 1/1/1 5/5/1 6/6/1
f 1/1/1 6/6/1 7/7/1
f 1/1/1 7/7/1 8/8/1
f 1/1/1 8/8/1 9/9/1
f 1/1/1 9/9/1 10/10/1
f 1/1/1 10/10/1 11/11/1
f 1/1/1 11/11/1 12/12/1
f 1/1/1 12/12/1 13/13/1
f 1/1/1 13/13/1 14/14/1
f 1/1/1 14/14/1 15/15/1
f 1/1/1 15/15/1 16/16/1
f 1/1/1 16/16/1 17/17/1
f 1/1/1 17/17/1 2/2/1
f 2/18/2 18/19/2 19/20/3
f 2/18/2 19/20/3 3/21/4
f 3/21/4 19/20/3 20/22/5
f 3/21/4 20/22/5 4/23/6
f 4/23/6 20/22/5 21/24/7
f 4/23/6 21/24/7 5/25/8
f 5/25/8 21/24/7 22/26/9
f 5/25/8 22/26/9 6/27/10
f 6/27/10 22/26/9 23/28/11
f 6/27/10 23/28/11 7/29/12
f 7/29/12 23/28/11 24/30/13
f 7/29/12 24/30/13 8/31/14
f 8/31/14 24/30/13 25/32/15
f 8/31/14 25/32/15 9/33/16
f 9/33/16 25/32/15 26/34/17
f 9/33/16 26/34/17 10/35/17
f 10/35/17 26/34/17 27/36/18
f 10/35/17 27/36/18 11/37/19
f 11/37/19 27/36/18 28/38/20
f 11/37/19 28/38/20 12/39/21
f 12/39/21 28/38/20 29/40/22
f 12/39/21 29/40/22 13/41/23
f 13/41/23 29/40/22 30/42/24
f 13/41/23 30/42/24 14/43/25
f 14/43/25 30/42/24 31/44/26
f 14/43/25 31/44/26 15/45/27
f 15/45/27 31/44/26 32/46/28
f 15/45/27 32/46/28 16/47/29
f 16/47/29 32/46/28 33/48/30
f 16/47/29 33/48/30 17/49/31
f 17/49/31 33/48/30 18/50/2
f 17/49/31 18/50/2 2/51/2
f 18/19/2 34/52/2 35/53/32
f 18/19/2 35/53/32 19/20/3
f 19/20/3 35/53/32 36/54/33
f 19/20/3 36/54/33 20/22/5
f 20/22/5 36/54/33 37/55/34
f 20/22/5 37/55/34 21/24/7
f 21/24/7 37/55/34 38/56/35
f 21/24/7 38/56/35 22/26/9
f 22/26/9 38/56/35 39/57/36
f 22/26/9 39/57/36 23/28/11
f 23/28/11 39/57/36 40/58/37
f 23/28/11 40/58/37 24/30/13
f 24/30/13 40/58/37 41/59/38
f 24/30/13 41/59/38 25/32/15
f 25/32/15 41/59/38 42/60/17
f 25/32/15 42/60/17 26/34/17
f 26/34/17 42/60/17 43/61/39
f 26/34/17 43/61/39 27/36/18
f 27/36/18 43/61/39 44/62/40
f 27/36/18 44/62/40 28/38/20
f 28/38/20 44/62/40 45/63/41
f 28/38/20 45/63/41 29/40/22
f 29/40/22 45/63/41 46/64/42
f 29/40/22 46/64/42 30/42/24
f 30/42/24 46/64/42 47/65/43
f 30/42/24 47/65/43 31/44/26
f 31/44/26 47/65/43 48/66/44
f 31/44/26 48/66/44 32/46/28
f 32/46/28 48/66/44 49/67/45
f 32/46/28 49/67/45 33/48/30
f 33/48/30 49/67/45 34/68/2
f 33/48/30 34/68/2 18/50/2
f 34/52/2 50/69/2 51/70/46
f 34/52/2 51/70/46 35/53/32
f 35/53/32 51/70/46 52/71/47
f 35/53/32 52/71/47 36/54/33
f 36/54/33 52/71/47 53/72/48
f 36/54/33 53/72/48 37/55/34
f 37/55/34 53/72/48 54/73/49
f 37/55/34 54/73/49 38/56/35
f 38/56/35 54/73/49 55/74/50
f 38/56/35 55/74/50 39/57/36
f 39/57/36 55/74/50 56/75/51
f 39/57/36 56/75/51 40/58/37
f 40/58/37 56/75/51 57/76/52
f 40/58/37 57/76/52 41/59/38
f 41/59/38 57/76/52 58/77/17
f 41/59/38 58/77/17 42/60/17
f 42/60/17 58/77/17 59/78/53
f 42/60/17 59/78/53 43/61/39
f 43/61/39 59/78/53 60/79/54
f 43/61/39 60/79/54 44/62/40
f 44/62/40 60/79/54 61/80/55
f 44/62/40 61/80/55 45/63/41
f 45/63/41 61/80/55 62/81/56
f 45/63/41 62/81/56 46/64/42
f 46/64/42 62/81/56 63/82/57
f 46/64/42 63/82/57 47/65/43
f 47/65/43 63/82/57 64/83/58
f 47/65/43 64/83/58 48/66/44
f 48/66/44 64/83/58 65/84/59
f 48/66/44 65/84/59 49/67/45
f 49/67/45 65/84/59 50/85/2
f 49/67/45 50/85/2 34/68/2
f 50/69/2 66/86/2 67/87/60
f 50/69/2 67/87/60 51/70/46
f 51/70/46 67/87/60 68/88/61
f 51/70/46 68/88/61 52/71/47
f 52/71/47 68/88/61 69/89/62
f 52/71/47 69/89/62 53/72/48
f 53/72/48 69/89/62 70/90/63
f 53/72/48 70/90/63 54/73/49
f 54/73/49 70/90/63 71/91/64
f 54/73/49 71/91/64 55/74/50
f 55/74/50 71/91/64 72/92/65
f 55/74/50 72/92/65 56/75/51
f 56/75/51 72/92/65 73/93/66
f 56/75/51 73/93/66 57/76/52
f 57/76/52 73/93/66 74/94/17
f 57/76/52 74/94/17 58/77/17
f 58/77/17 74/94/17 75/95/67
f 58/77/17 75/95/67 59/78/53
f 59/78/53 75/95/67 76/96/68
f 59/78/53 76/96/68 60/79/54
f 60/79/54 76/96/68 77/97/69
f 60/79/54 77/97/69 61/80/55
f 61/80/55 77/97/69 78/98/70
f 61/80/55 78/98/70 62/81/56
f 62/81/56 78/98/70 79/99/71
f 62/81/56 79/99/71 63/82/57
f 63/82/57 79/99/71 80/100/72
f 63/82/57 80/100/72 64/83/58
f 64/83/58 80/100/72 81/101/73
f 64/83/58 81/101/73 65/84/59
f 65/84/59 81/101/73 66/102/2
f 65/84/59 66/102/2 50/85/2
f 66/86/2 82/103/2 83/104/74
f 66/86/2 83/104/74 67/87/60
f 67/87/60 83/104/74 84/105/75
f 67/87/60 84/105/75 68/88/61
f 68/88/61 84/105/75 85/106/76
f 68/88/61 85/106/76 69/89/62
f 69/89/62 85/106/76 86/107/77
f 69/89/62 86/107/77 70/90/63
f 70/90/63 86/107/77 87/108/78
f 70/90/63 87/108/78 71/91/64
f 71/91/64 87/108/78 88/109/79
f 71/91/64 88/109/79 72/92/65
f 72/92/65 88/109/79 89/110/80
f 72/92/65 89/110/80 73/93/66
f 73/93/66 89/110/80 90/111/17
f 73/93/66 90/111/17 74/94/17
f 74/94/17 90/111/17 91/112/81
f 74/94/17 91/112/81 75/95/67
f 75/95/67 91/112/81 92/113/82
f 75/95/67 92/113/82 76/96/68
f 76/96/68 92/113/82 93/114/83
f 76/96/68 93/114/83 77/97/69
f 77/97/69 93/114/83 94/115/84
f 77/97/69 94/115/84 78/98/70
f 78/98/70 94/115/84 95/116/85
f 78/98/70 95/116/85 79/99/71
f 79/99/71 95/116/85 96/117/86
f 79/99/71 96/117/86 80/100/72
f 80/100/72 96/117/86 97/118/87
f 80/100/72 97/118/87 81/101/73
f 81/101/73 97/118/87 82/119/2
f 81/101/73 82/119/2 66/102/2
f 82/103/2 98/120/2 99/121/88
f 82/103/2 99/121/88 83/104/74
f 83/104/74 99/121/88 100/122/89
f 83/104/74 100/122/89 84/105/75
f 84/105/75 100/122/89 101/123/90
f 84/105/75 101/123/90 85/106/76
f 85/106/76 101/123/90 102/124/91
f 85/106/76 102/124/91 86/107/77
f 86/107/77 102/124/91 103/125/92
f 86/107/77 103/125/92 87/108/78
f 87/108/78 103/125/92 104/126/93
f 87/108/78 104/126/93 88/109/79
f 88/109/79 104/126/93 105/127/94
f 88/109/79 105/127/94 89/110/80
f 89/110/80 105/127/94 106/128/17
f 89/110/80 106/128/17 90/111/17
f 90/111/17 106/128/17 107/129/95
f 90/111/17 107/129/95 91/112/81
f 91/112/81 107/129/95 108/130/96
f 91/112/81 108/130/96 92/113/82
f 92/113/82 108/130/96 109/131/97
f 92/113/82 109/131/97 93/114/83
f 93/114/83 109/131/97 110/132/98
f 93/114/83 110/132/98 94/115/84
f 94/115/84 110/132/98 111/133/99
f 94/115/84 111/133/99 95/116/85
f 95/116/85 111/133/99 112/134/100
f 95/116/85 112/134/100 96/117/86
f 96/117/86 112/134/100 113/135/101
f 96/117/86 113/135/101 97/118/87
f 97/118/87 113/135/101 98/136/2
f 97/118/87 98/136/2 82/119/2
f 98/120/2 114/137/2 115/138/102
f 98/120/2 115/138/102 99/121/88
f 99/121/88 115/138/102 116/139/103
f 99/121/88 116/139/103 100/122/89
f 100/122/89 116/139/103 117/140/104
f 100/122/89 117/140/104 101/123/90
f 101/123/90 117/140/104 118/141/105
f 101/123/90 118/141/105 102/124/91
f 102/124/91 118/141/105 119/142/106
f 102/124/91 119/142/106 103/125/92
f 103/125/92 119/142/106 120/143/107
f 103/125/92 120/143/107 104/126/93
f 104/126/93 120/143/107 121/144/108
f 104/126/93 121/144/108 105/127/94
f 105/127/94 121/144/108 122/145/17
f 105/127/94 122/145/17 106/128/17
f 106/128/17 122/145/17 123/146/109
f 106/128/17 123/146/109 107/129/95
f 107/129/95 123/146/109 124/147/110
f 107/129/95 124/147/110 108/130/96
f 108/130/96 124/147/110 125/148/111
f 108/130/96 125/148/111 109/131/97
f 109/131/97 125/148/111 126/149/112
f 109/131/97 126/149/112 110/132/98
f 110/132/98 126/149/112 127/150/113
f 110/132/98 127/150/113 111/133/99
f 111/133/99 127/150/113 128/151/114
f 111/133/99 128/151/114 112/134/100
f 112/134/100 128/151/114 129/152/115
f 112/134/100 129/152/115 113/135/101
f 113/135/101 129/152/115 114/153/2
f 113/135/101 114/153/2 98/136/2
f 114/137/2 130/154/2 131/155/116
f 114/137/2 131/155/116 115/138/102
f 115/138/102 131/155/116 132/156/117
f 115/138/102 132/156/117 116/139/103
f 116/139/103 132/156/117 133/157/118
f 116/139/103 133/157/118 117/140/104
f 117/140/104 133/157/118 134/158/119
f 117/140/104 134/158/119 118/141/105
f 118/141/105 134/158/119 135/159/120
f 118/141/105 135/159/120 119/142/106
f 119/142/106 135/159/120 136/160/121
f 119/142/106 136/160/121 120/143/107
f 120/143/107 136/160/121 137/161/122
f 120/143/107 137/161/122 121/144/108
f 121/144/108 137/161/122 138/162/17
f 121/144/108 138/162/17 122/145/17
f 122/145/17 138/162/17 139/163/123
f 122/145/17 139/163/123 123/146/109
f 123/146/109 139/163/123 140/164/124
f 123/146/109 140/164/124 124/147/110
f 124/147/110 140/164/124 141/165/125
f 124/147/110 141/165/125 125/148/111
f 125/148/111 141/165/125 142/166/126
f 125/148/111 142/166/126 126/149/112
f 126/149/112 142/166/126 143/167/127
f 126/149/112 143/167/127 127/150/113
f 127/150/113 143/167/127 144/168/128
f 127/150/113 144/168/128 128/151/114
f 128/151/114 144/168/128 145/169/129
f 128/151/114 145/169/129 129/152/115
f 129/152/115 145/169/129 130/170/2
f 129/152/115 130/170/2 114/153/2
f 130/154/2 146/171/2 147/172/130
f 130/154/2 147/172/130 131/155/116
f 131/155/116 147/172/130 148/173/131
f 131/155/116 148/173/131 132/156/117
f 132/156/117 148/173/131 149/174/132
f 132/156/117 149/174/132 133/157/118
f 133/157/118 149/174/132 150/175/133
f 133/157/118 150/175/133 134/158/119
f 134/158/119 150/175/133 151/176/134
f 134/158/119 151/176/134 135/159/120
f 135/159/120 151/176/134 152/177/135
f 135/159/120 152/177/135 136/160/121
f 136/160/121 152/177/135 153/178/136
f 136/160/121 153/178/136 137/161/122
f 137/161/122 153/178/136 154/179/17
f 137/161/122 154/179/17 138/162/17
f 138/162/17 154/179/17 155/180/137
f 138/162/17 155/180/137 139/163/123
f 139/163/123 155/180/137 156/181/138
f 139/163/123 156/181/138 140/164/124
f 140/164/124 156/181/138 157/182/139
f 140/164/124 157/182/139 141/165/125
f 141/165/125 157/182/139 158/183/140
f 141/165/125 158/183/140 142/166/126
f 142/166/126 158/183/140 159/184/141
f 142/166/126 159/184/141 143/167/127
f 143/167/127 159/184/141 160/185/142
f 143/167/127 160/185/142 144/168/128
f 144/168/128 160/185/142 161/186/143
f 144/168/128 161/186/143 145/169/129
f 145/169/129 161/186/143 146/187/2
f 145/169/129 146/187/2 130/170/2
f 146/171/2 162/188/2 163/189/144
f 146/171/2 163/189/144 147/172/130
f 147/172/130 163/189/144 164/190/145
f 147/172/130 164/190/145 148/173/131
f 148/173/131 164/190/145 165/191/146
f 148/173/131 165/191/146 149/174/132
f 149/174/132 165/191/146 166/192/147
f 149/174/132 166/192/147 150/175/133
f 150/175/133 166/192/147 167/193/148
f 150/175/133 167/193/148 151/176/134
f 151/176/134 167/193/148 168/194/149
f 151/176/134 168/194/149 152/177/135
f 152/177/135 168/194/149 169/195/150
f 152/177/135 169/195/150 153/178/136
f 153/178/136 169/195/150 170/196/17
f 153/178/136 170/196/17 154/179/17
f 154/179/17 170/196/17 171/197/151
f 154/179/17 171/197/151 155/180/137
f 155/180/137 171/197/151 172/198/152
f 155/180/137 172/198/152 156/181/138
f 156/181/138 172/198/152 173/199/153
f 156/181/138 173/199/153 157/182/139
f 157/182/139 173/199/153 174/200/154
f 157/182/139 174/200/154 158/183/140
f 158/183/140 174/200/154 175/201/155
f 158/183/140 175/201/155 159/184/141
f 159/184/141 175/201/155 176/202/156
f 159/184/141 176/202/156 160/185/142
f 160/185/142 176/202/156 177/203/157
f 160/185/142 177/203/157 161/186/143
f 161/186/143 177/203/157 162/204/2
f 161/186/143 162/204/2 146/187/2
f 162/188/2 178/205/2 179/206/158
f 162/188/2 179/206/158 163/189/144
f 163/189/144 179/206/158 180/207/159
f 163/189/144 180/207/159 164/190/145
f 164/190/145 180/207/159 181/208/160
f 164/190/145 181/208/160 165/191/146
f 165/191/146 181/208/160 182/209/161
f 165/191/146 182/209/161 166/192/147
f 166/192/147 182/209/161 183/210/162
f 166/192/147 183/210/162 167/193/148
f 167/193/148 183/210/162 184/211/163
f 167/193/148 184/211/163 168/194/149
f 168/194/149 184/211/163 185/212/164
f 168/194/149 185/212/164 169/195/150
f 169/195/150 185/212/164 186/213/17
f 169/195/150 186/213/17 170/196/17
f 170/196/17 186/213/17 187/214/165
f 170/196/17 187/214/165 171/197/151
f 171/197/151 187/214/165 188/215/166
f 171/197/151 188/215/166 172/198/152
f 172/198/152 188/215/166 189/216/167
f 172/198/152 189/216/167 173/199/153
f 173/199/153 189/216/167 190/217/168
f 173/199/153 190/217/168 174/200/154
f 174/200/154 190/217/168 191/218/169
f 174/200/154 191/218/169 175/201/155
f 175/201/155 191/218/169 192/219/170
f 175/201/155 192/219/170 176/202/156
f 176/202/156 192/219/170 193/220/171
f 176/202/156 193/220/171 177/203/157
f 177/203/157 193/220/171 178/221/2
f 177/203/157 178/221/2 162/204/2
f 178/205/2 194/222/2 195/223/172
f 178/205/2 195/223/172 179/206/158
f 179/206/158 195/223/172 196/224/173
f 179/206/158 196/224/173 180/207/159
f 180/207/159 196/224/173 197/225/174
f 180/207/159 197/225/174 181/208/160
f 181/208/160 197/225/174 198/226/175
f 181/208/160 198/226/175 182/209/161
f 182/209/161 198/226/175 199/227/176
f 182/209/161 199/227/176 183/210/162
f 183/210/162 199/227/176 200/228/177
f 183/210/162 200/228/177 184/211/163
f 184/211/163 200/228/177 201/229/178
f 184/211/163 201/229/178 185/212/164
f 185/212/164 201/229/178 202/230/17
f 185/212/164 202/230/17 186/213/17
f 186/213/17 202/230/17 203/231/179
f 186/213/17 203/231/179 187/214/165
f 187/214/165 203/231/179 204/232/180
f 187/214/165 204/232/180 188/215/166
f 188/215/166 204/232/180 205/233/181
f 188/215/166 205/233/181 189/216/167
f 189/216/167 205/233/181 206/234/182
f 189/216/167 206/234/182 190/217/168
f 190/217/168 206/234/182 207/235/183
f 190/217/168 207/235/183 191/218/169
f 191/218/169 207/235/183 208/236/184
f 191/218/169 208/236/184 192/219/170
f 192/219/170 208/236/184 209/237/185
f 192/219/170 209/237/185 193/220/171
f 193/220/171 209/237/185 194/238/2
f 193/220/171 194/238/2 178/221/2
f 194/222/2 210/239/2 211/240/186
f 194/222/2 211/240/186 195/223/172
f 195/223/172 211/240/186 212/241/187
f 195/223/172 212/241/187 196/224/173
f 196/224/173 212/241/187 213/242/188
f 196/224/173 213/242/188 197/225/174
f 197/225/174 213/242/188 214/243/189
f 197/225/174 214/243/189 198/226/175
f 198/226/175 214/243/189 215/244/190
f 198/226/175 215/244/190 199/227/176
f 199/227/176 215/244/190 216/245/191
f 199/227/176 216/245/191 200/228/177
f 200/228/177 216/245/191 217/246/192
f 200/228/177 217/246/192 201/229/178
f 201/229/178 217/246/192 218/247/17
f 201/229/178 218/247/17 202/230/17
f 202/230/17 218/247/17 219/248/193
f 202/230/17 219/248/193 203/231/179
f 203/231/179 219/248/193 220/249/194
f 203/231/179 220/249/194 204/232/180
f 204/232/180 220/249/194 221/250/195
f 204/232/180 221/250/195 205/233/181
f 205/233/181 221/250/195 222/251/196
f 205/233/181 222/251/196 206/234/182
f 206/234/182 222/251/196 223/252/197
f 206/234/182 223/252/197 207/235/183
f 207/235/183 223/252/197 224/253/198
f 207/235/183 224/253/198 208/236/184
f 208/236/184 224/253/198 225/254/199
f 208/236/184 225/254/199 209/237/185
f 209/237/185 225/254/199 210/255/2
f 209/237/185 210/255/2 194/238/2
f 210/239/2 226/256/2 227/257/200
f 210/239/2 227/257/200 211/240/186
f 211/240/186 227/257/200 228/258/201
f 211/240/186 228/258/201 212/241/187
f 212/241/187 228/258/201 229/259/202
f 212/241/187 229/259/202 213/242/188
f 213/242/188 229/259/202 230/260/203
f 213/242/188 230/260/203 214/243/189
f 214/243/189 230/260/203 231/261/204
f 214/243/189 231/261/204 215/244/190
f 215/244/190 231/261/204 232/262/205
f 215/244/190 232/262/205 216/245/191
f 216/245/191 232/262/205 233/263/206
f 216/245/191 233/263/206 217/246/192
f 217/246/192 233/263/206 234/264/17
f 217/246/192 234/264/17 218/247/17
f 218/247/17 234/264/17 235/265/207
f 218/247/17 235/265/207 219/248/193
f 219/248/193 235/265/207 236/266/208
f 219/248/193 236/266/208 220/249/194
f 220/249/194 236/266/208 237/267/209
f 220/249/194 237/267/209 221/250/195
f 221/250/195 237/267/209 238/268/210
f 221/250/195 238/268/210 222/251/196
f 222/251/196 238/268/210 239/269/211
f 222/251/196 239/269/211 223/252/197
f 223/252/197 239/269/211 240/270/212
f 223/252/197 240/270/212 224/253/198
f 224/253/198 240/270/212 241/271/213
f 224/253/198 241/271/213 225/254/199
f 225/254/199 241/271/213 226/272/2
f 225/254/199 226/272/2 210/255/2
f 226/256/2 242/273/2 243/274/214
f 226/256/2 243/274/214 227/257/200
f 227/257/200 243/274/214 244/275/215
f 227/257/200 244/275/215 228/258/201
f 228/258/201 244/275/215 245/276/216
f 228/258/201 245/276/216 229/259/202
f 229/259/202 245/276/216 246/277/217
f 229/259/202 246/277/217 230/260/203
f 230/260/203 246/277/217 247/278/218
f 230/260/203 247/278/218 231/261/204
f 231/261/204 247/278/218 248/279/219
f 231/261/204 248/279/219 232/262/205
f 232/262/205 248/279/219 249/280/220
f 232/262/205 249/280/220 233/263/206
f 233/263/206 249/280/220 250/281/17
f 233/263/206 250/281/17 234/264/17
f 234/264/17 250/281/17 251/282/221
f 234/264/17 251/282/221 235/265/207
f 235/265/207 251/282/221 252/283/222
f 235/265/207 252/283/222 236/266/208
f 236/266/208 252/283/222 253/284/223
f 236/266/208 253/284/223 237/267/209
f 237/267/209 253/284/223 254/285/224
f 237/267/209 254/285/224 238/268/210
f 238/268/210 254/285/224 255/286/225
f 238/268/210 255/286/225 239/269/211
f 239/269/211 255/286/225 256/287/226
f 239/269/211 256/287/226 240/270/212
f 240/270/212 256/287/226 257/288/227
f 240/270/212 257/288/227 241/271/213
f 241/271/213 257/288/227 242/289/2
f 241/271/213 242/289/2 226/272/2
f 242/273/2 258/290/2 259/291/228
f 242/273/2 259/291/228 243/274/214
f 243/274/214 259/291/228 260/292/229
f 243/274/214 260/292/229 244/275/215
f 244/275/215 260/292/229 261/293/230
f 244/275/215 261/293/230 245/276/216
f 245/276/216 261/293/230 262/294/231
f 245/276/216 262/294/231 246/277/217
f 246/277/217 262/294/231 263/295/232
f 246/277/217 263/295/232 247/278/218
f 247/278/218 263/295/232 264/296/233
f 247/278/218 264/296/233 248/279/219
f 248/279/219 264/296/233 265/297/234
f 248/279/219 265/297/234 249/280/220
f 249/280/220 265/297/234 266/298/17
f 249/280/220 266/298/17 250/281/17
f 250/281/17 266/298/17 267/299/235
f 250/281/17 267/299/235 251/282/221
f 251/282/221 267/299/235 268/300/236
f 251/282/221 268/300/236 252/283/222
f 252/283/222 268/300/236 269/301/237
f 252/283/222 269/301/237 253/284/223
f 253/284/223 269/301/237 270/302/238
f 253/284/223 270/302/238 254/285/224
f 254/285/224 270/302/238 271/303/239
f 254/285/224 271/303/239 255/286/225
f 255/286/225 271/303/239 272/304/240
f 255/286/225 272/304/240 256/287/226
f 256/287/226 272/304/240 273/305/241
f 256/287/226 273/305/241 257/288/227
f 257/288/227 273/305/241 258/306/2
f 257/288/227 258/306/2 242/289/2
f 258/290/2 274/307/2 275/308/242
f 258/290/2 275/308/242 259/291/228
f 259/291/228 275/308/242 276/309/243
f 259/291/228 276/309/243 260/292/229
f 260/292/229 276/309/243 277/310/244
f 260/292/229 277/310/244 261/293/230
f 261/293/230 277/310/244 278/311/245
f 261/293/230 278/311/245 262/294/231
f 262/294/231 278/311/245 279/312/246
f 262/294/231 279/312/246 263/295/232
f 263/295/232 279/312/246 280/313/247
f 263/295/232 280/313/247 264/296/233
f 264/296/233 280/313/247 281/314/248
f 264/296/233 281/314/248 265/297/234
f 265/297/234 281/314/248 282/315/17
f 265/297/234 282/315/17 266/298/17
f 266/298/17 282/315/17 283/316/249
f 266/298/17 283/316/249 267/299/235
f 267/299/235 283/316/249 284/317/250
f 267/299/235 284/317/250 268/300/236
f 268/300/236 284/317/250 285/318/251
f 268/300/236 285/318/251 269/301/237
f 269/301/237 285/318/251 286/319/252
f 269/301/237 286/319/252 270/302/238
f 270/302/238 286/319/252 287/320/253
f 270/302/238 287/320/253 271/303/239
f 271/303/239 287/320/253 288/321/254
f 271/303/239 288/321/254 272/304/240
f 272/304/240 288/321/254 289/322/255
f 272/304/240 289/322/255 273/305/241
f 273/305/241 289/322/255 274/323/2
f 273/305/241 274/323/2 258/306/2
f 274/307/2 290/324/2 291/325/256
f 274/307/2 291/325/256 275/308/242
f 275/308/242 291/325/256 292/326/257
f 275/308/242 292/326/257 276/309/243
f 276/309/243 292/326/257 293/327/258
f 276/309/243 293/327/258 277/310/244
f 277/310/244 293/327/258 294/328/259
f 277/310/244 294/328/259 278/311/245
f 278/311/245 294/328/259 295/329/260
f 278/311/245 295/329/260 279/312/246
f 279/312/246 295/329/260 296/330/261
f 279/312/246 296/330/261 280/313/247
f 280/313/247 296/330/261 297/331/262
f 280/313/247 297/331/262 281/314/248
f 281/314/248 297/331/262 298/332/17
f 281/314/248 298/332/17 282/315/17
f 282/315/17 298/332/17 299/333/263
f 282/315/17 299/333/263 283/316/249
f 283/316/249 299/333/263 300/334/264
f 283/316/249 300/334/264 284/317/250
f 284/317/250 300/334/264 301/335/265
f 284/317/250 301/335/265 285/318/251
f 285/318/251 301/335/265 302/336/266
f 285/318/251 302/336/266 286/319/252
f 286/319/252 302/336/266 303/337/267
f 286/319/252 303/337/267 287/320/253
f 287/320/253 303/337/267 304/338/268
f 287/320/253 304/338/268 288/321/254
f 288/321/254 304/338/268 305/339/269
f 288/321/254 305/339/269 289/322/255
f 289/322/255 305/339/269 290/340/2
f 289/322/255 290/340/2 274/323/2
f 290/324/2 306/341/2 307/342/270
f 290/324/2 307/342/270 291/325/256
f 291/325/256 307/342/270 308/343/271
f 291/325/256 308/343/271 292/326/257
f 292/326/257 308/343/271 309/344/272
f 292/326/257 309/344/272 293/327/258
f 293/327/258 309/344/272 310/345/273
f 293/327/258 310/345/273 294/328/259
f 294/328/259 310/345/273 311/346/274
f 294/328/259 311/346/274 295/329/260
f 295/329/260 311/346/274 312/347/275
f 295/329/260 312/347/275 296/330/261
f 296/330/261 312/347/275 313/348/276
f 296/330/261 313/348/276 297/331/262
f 297/331/262 313/348/276 314/349/17
f 297/331/262 314/349/17 298/332/17
f 298/332/17 314/349/17 315/350/277
f 298/332/17 315/350/277 299/333/263
f 299/333/263 315/350/277 316/351/278
f 299/333/263 316/351/278 300/334/264
f 300/334/264 316/351/278 317/352/279
f 300/334/264 317/352/279 301/335/265
f 301/335/265 317/352/279 318/353/280
f 301/335/265 318/353/280 302/336/266
f 302/336/266 318/353/280 319/354/281
f 302/336/266 319/354/281 303/337/267
f 303/337/267 319/354/281 320/355/282
f 303/337/267 320/355/282 304/338/268
f 304/338/268 320/355/282 321/356/283
f 304/338/268 321/356/283 305/339/269
f 305/339/269 321/356/283 306/357/2
f 305/339/269 306/357/2 290/340/2
f 306/341/2 322/358/2 323/359/284
f 306/341/2 323/359/284 307/342/270
f 307/342/270 323/359/284 324/360/285
f 307/342/270 324/360/285 308/343/271
f 308/343/271 324/360/285 325/361/286
f 308/343/271 325/361/286 309/344/272
f 309/344/272 325/361/286 326/362/287
f 309/344/272 326/362/287 310/345/273
f 310/345/273 326/362/287 327/363/288
f 310/345/273 327/363/288 311/346/274
f 311/346/274 327/363/288 328/364/289
f 311/346/274 328/364/289 312/347/275
f 312/347/275 328/364/289 329/365/290
f 312/347/275 329/365/290 313/348/276
f 313/348/276 329/365/290 330/366/17
f 313/348/276 330/366/17 314/349/17
f 314/349/17 330/366/17 331/367/291
f 314/349/17 331/367/291 315/350/277
f 315/350/277 331/367/291 332/368/292
f 315/350/277 332/368/292 316/351/278
f 316/351/278 332/368/292 333/369/293
f 316/351/278 333/369/293 317/352/279
f 317/352/279 333/369/293 334/370/294
f 317/352/279 334/370/294 318/353/280
f 318/353/280 334/370/294 335/371/295
f 318/353/280 335/371/295 319/354/281
f 319/354/281 335/371/295 336/372/296
f 319/354/281 336/372/296 320/355/282
f 320/355/282 336/372/296 337/373/297
f 320/355/282 337/373/297 321/356/283
f 321/356/283 337/373/297 322/374/2
f 321/356/283 322/374/2 306/357/2
f 322/358/2 338/375/2 339/376/298
f 322/358/2 339/376/298 323/359/284
f 323/359/284 339/376/298 340/377/299
f 323/359/284 340/377/299 324/360/285
f 324/360/285 340/377/299 341/378/300
f 324/360/285 341/378/300 325/361/286
f 325/361/286 341/378/300 342/379/301
f 325/361/286 342/379/301 326/362/287
f 326/362/287 342/379/301 343/380/302
f 326/362/287 343/380/302 327/363/288
f 327/363/288 343/380/302 344/381/303
f 327/363/288 344/381/303 328/364/289
f 328/364/289 344/381/303 345/382/304
f 328/364/289 345/382/304 329/365/290
f 329/365/290 345/382/304 346/383/17
f 329/365/290 346/383/17 330/366/17
f 330/366/17 346/383/17 347/384/305
f 330/366/17 347/384/305 331/367/291
f 331/367/291 347/384/305 348/385/306
f 331/367/291 348/385/306 332/368/292
f 332/368/292 348/385/306 349/386/307
f 332/368/292 349/386/307 333/369/293
f 333/369/293 349/386/307 350/387/308
f 333/369/293 350/387/308 334/370/294
f 334/370/294 350/387/308 351/388/309
f 334/370/294 351/388/309 335/371/295
f 335/371/295 351/388/309 352/389/310
f 335/371/295 352/389/310 336/372/296
f 336/372/296 352/389/310 353/390/311
f 336/372/296 353/390/311 337/373/297
f 337/373/297 353/390/311 338/391/2
f 337/373/297 338/391/2 322/374/2
f 338/375/2 354/392/2 355/393/312
f 338/375/2 355/393/312 339/376/298
f 339/376/298 355/393/312 356/394/313
f 339/376/298 356/394/313 340/377/299
f 340/377/299 356/394/313 357/395/314
f 340/377/299 357/395/314 341/378/300
f 341/378/300 357/395/314 358/396/315
f 341/378/300 358/396/315 342/379/301
f 342/379/301 358/396/315 359/397/316
f 342/379/301 359/397/316 343/380/302
f 343/380/302 359/397/316 360/398/317
f 343/380/302 360/398/317 344/381/303
f 344/381/303 360/398/317 361/399/318
f 344/381/303 361/399/318 345/382/304
f 345/382/304 361/399/318 362/400/17
f 345/382/304 362/400/17 346/383/17
f 346/383/17 362/400/17 363/401/319
f 346/383/17 363/401/319 347/384/305
f 347/384/305 363/401/319 364/402/320
f 347/384/305 364/402/320 348/385/306
f 348/385/306 364/402/320 365/403/321
f 348/385/306 365/403/321 349/386/307
f 349/386/307 365/403/321 366/404/322
f 349/386/307 366/404/322 350/387/308
f 350/387/308 366/404/322 367/405/323
f 350/387/308 367/405/323 351/388/309
f 351/388/309 367/405/323 368/406/324
f 351/388/309 368/406/324 352/389/310
f 352/389/310 368/406/324 369/407/325
f 352/389/310 369/407/325 353/390/311
f 353/390/311 369/407/325 354/408/2
f 353/390/311 354/408/2 338/391/2
f 354/392/2 370/409/2 371/410/326
f 354/392/2 371/410/326 355/393/312
f 355/393/312 371/410/326 372/411/327
f 355/393/312 372/411/327 356/394/313
f 356/394/313 372/411/327 373/412/328
f 356/394/313 373/412/328 357/395/314
f 357/395/314 373/412/328 374/413/329
f 357/395/314 374/413/329 358/396/315
f 358/396/315 374/413/329 375/414/330
f 358/396/315 375/414/330 359/397/316
f 359/397/316 375/414/330 376/415/331
f 359/397/316 376/415/331 360/398/317
f 360/398/317 376/415/331 377/416/332
f 360/398/317 377/416/332 361/399/318
f 361/399/318 377/416/332 378/417/17
f 361/399/318 378/417/17 362/400/17
f 362/400/17 378/417/17 379/418/333
f 362/400/17 379/418/333 363/401/319
f 363/401/319 379/418/333 380/419/334
f 363/401/319 380/419/334 364/402/320
f 364/402/320 380/419/334 381/420/335
f 364/402/320 381/420/335 365/403/321
f 365/403/321 381/420/335 382/421/336
f 365/403/321 382/421/336 366/404/322
f 366/404/322 382/421/336 383/422/337
f 366/404/322 383/422/337 367/405/323
f 367/405/323 383/422/337 384/423/338
f 367/405/323 384/423/338 368/406/324
f 368/406/324 384/423/338 385/424/339
f 368/406/324 385/424/339 369/407/325
f 369/407/325 385/424/339 370/425/2
f 369/407/325 370/425/2 354/408/2
f 370/409/2 386/426/2 387/427/340
f 370/409/2 387/427/340 371/410/326
f 371/410/326 387/427/340 388/428/341
f 371/410/326 388/428/341 372/411/327
f 372/411/327 388/428/341 389/429/342
f 372/411/327 389/429/342 373/412/328
f 373/412/328 389/429/342 390/430/343
f 373/412/328 390/430/343 374/413/329
f 374/413/329 390/430/343 391/431/344
f 374/413/329 391/431/344 375/414/330
f 375/414/330 391/431/344 392/432/345
f 375/414/330 392/432/345 376/415/331
f 376/415/331 392/432/345 393/433/346
f 376/415/331 393/433/346 377/416/332
f 377/416/332 393/433/346 394/434/17
f 377/416/332 394/434/17 378/417/17
f 378/417/17 394/434/17 395/435/347
f 378/417/17 395/435/347 379/418/333
f 379/418/333 395/435/347 396/436/348
f 379/418/333 396/436/348 380/419/334
f 380/419/334 396/436/348 397/437/349
f 380/419/334 397/437/349 381/420/335
f 381/420/335 397/437/349 398/438/350
f 381/420/335 398/438/350 382/421/336
f 382/421/336 398/438/350 399/439/351
f 382/421/336 399/439/351 383/422/337
f 383/422/337 399/439/351 400/440/352
f 383/422/337 400/440/352 384/423/338
f 384/423/338 400/440/352 401/441/353
f 384/423/338 401/441/353 385/424/339
f 385/424/339 401/441/353 386/442/2
f 385/424/339 386/442/2 370/425/2
f 386/426/2 402/443/2 403/444/354
f 386/426/2 403/444/354 387/427/340
f 387/427/340 403/444/354 404/445/355
f 387/427/340 404/445/355 388/428/341
f 388/428/341 404/445/355 405/446/356
f 388/428/341 405/446/356 389/429/342
f 389/429/342 405/446/356 406/447/357
f 389/429/342 406/447/357 390/430/343
f 390/430/343 406/447/357 407/448/358
f 390/430/343 407/448/358 391/431/344
f 391/431/344 407/448/358 408/449/359
f 391/431/344 408/449/359 392/432/345
f 392/432/345 408/449/359 409/450/360
f 392/432/345 409/450/360 393/433/346
f 393/433/346 409/450/360 410/451/17
f 393/433/346 410/451/17 394/434/17
f 394/434/17 410/451/17 411/452/361
f 394/434/17 411/452/361 395/435/347
f 395/435/347 411/452/361 412/453/362
f 395/435/347 412/453/362 396/436/348
f 396/436/348 412/453/362 413/454/363
f 396/436/348 413/454/363 397/437/349
f 397/437/349 413/454/363 414/455/364
f 397/437/349 414/455/364 398/438/350
f 398/438/350 414/455/364 415/456/365
f 398/438/350 415/456/365 399/439/351
f 399/439/351 415/456/365 416/457/366
f 399/439/351 416/457/366 400/440/352
f 400/440/352 416/457/366 417/458/367
f 400/440/352 417/458/367 401/441/353
f 401/441/353 417/458/367 402/459/2
f 401/441/353 402/459/2 386/442/2
f 402/443/2 418/460/2 419/461/368
f 402/443/2 419/461/368 403/444/354
f 403/444/354 419/461/368 420/462/369
f 403/444/354 420/462/369 404/445/355
f 404/445/355 420/462/369 421/463/370
f 404/445/355 421/463/370 405/446/356
f 405/446/356 421/463/370 422/464/371
f 405/446/356 422/464/371 406/447/357
f 406/447/357 422/464/371 423/465/372
f 406/447/357 423/465/372 407/448/358
f 407/448/358 423/465/372 424/466/373
f 407/448/358 424/466/373 408/449/359
f 408/449/359 424/466/373 425/467/374
f 408/449/359 425/467/374 409/450/360
f 409/450/360 425/467/374 426/468/17
f 409/450/360 426/468/17 410/451/17
f 410/451/17 426/468/17 427/469/375
f 410/451/17 427/469/375 411/452/361
f 411/452/361 427/469/375 428/470/376
f 411/452/361 428/470/376 412/453/362
f 412/453/362 428/470/376 429/471/377
f 412/453/362 429/471/377 413/454/363
f 413/454/363 429/471/377 430/472/378
f 413/454/363 430/472/378 414/455/364
f 414/455/364 430/472/378 431/473/379
f 414/455/364 431/473/379 415/456/365
f 415/456/365 431/473/379 432/474/380
f 415/456/365 432/474/380 416/457/366
f 416/457/366 432/474/380 433/475/381
f 416/457/366 433/475/381 417/458/367
f 417/458/367 433/475/381 418/476/2
f 417/458/367 418/476/2 402/459/2
f 418/460/2 434/477/2 435/478/382
f 418/460/2 435/478/382 419/461/368
f 419/461/368 435/478/382 436/479/383
f 419/461/368 436/479/383 420/462/369
f 420/462/369 436/479/383 437/480/384
f 420/462/369 437/480/384 421/463/370
f 421/463/370 437/480/384 438/481/385
f 421/463/370 438/481/385 422/464/371
f 422/464/371 438/481/385 439/482/386
f 422/464/371 439/482/386 423/465/372
f 423/465/372 439/482/386 440/483/387
f 423/465/372 440/483/387 424/466/373
f 424/466/373 440/483/387 441/484/388
f 424/466/373 441/484/388 425/467/374
f 425/467/374 441/484/388 442/485/17
f 425/467/374 442/485/17 426/468/17
f 426/468/17 442/485/17 443/486/389
f 426/468/17 443/486/389 427/469/375
f 427/469/375 443/486/389 444/487/390
f 427/469/375 444/487/390 428/470/376
f 428/470/376 444/487/390 445/488/391
f 428/470/376 445/488/391 429/471/377
f 429/471/377 445/488/391 446/489/392
f 429/471/377 446/489/392 430/472/378
f 430/472/378 446/489/392 447/490/393
f 430/472/378 447/490/393 431/473/379
f 431/473/379 447/490/393 448/491/394
f 431/473/379 448/491/394 432/474/380
f 432/474/380 448/491/394 449/492/395
f 432/474/380 449/492/395 433/475/381
f 433/475/381 449/492/395 434/493/2
f 433/475/381 434/493/2 418/476/2
f 434/477/2 450/494/2 451/495/396
f 434/477/2 451/495/396 435/478/382
f 435/478/382 451/495/396 452/496/397
f 435/478/382 452/496/397 436/479/383
f 436/479/383 452/496/397 453/497/398
f 436/479/383 453/497/398 437/480/384
f 437/480/384 453/497/398 454/498/399
f 437/480/384 454/498/399 438/481/385
f 438/481/385 454/498/399 455/499/400
f 438/481/385 455/499/400 439/482/386
f 439/482/386 455/499/400 456/500/401
f 439/482/386 456/500/401 440/483/387
f 440/483/387 456/500/401 457/501/402
f 440/483/387 457/501/402 441/484/388
f 441/484/388 457/501/402 458/502/17
f 441/484/388 458/502/17 442/485/17
f 442/485/17 458/502/17 459/503/403
f 442/485/17 459/503/403 443/486/389
f 443/486/389 459/503/403 460/504/404
f 443/486/389 460/504/404 444/487/390
f 444/487/390 460/504/404 461/505/405
f 444/487/390 461/505/405 445/488/391
f 445/488/391 461/505/405 462/506/406
f 445/488/391 462/506/406 446/489/392
f 446/489/392 462/506/406 463/507/407
f 446/489/392 463/507/407 447/490/393
f 447/490/393 463/507/407 464/508/408
f 447/490/393 464/508/408 448/491/394
f 448/491/394 464/508/408 465/509/409
f 448/491/394 465/509/409 449/492/395
f 449/492/395 465/509/409 450/510/2
f 449/492/395 450/510/2 434/493/2
f 450/494/2 466/511/2 467/512/410
f 450/494/2 467/512/410 451/495/396
f 451/495/396 467/512/410 468/513/411
f 451/495/396 468/513/411 452/496/397
f 452/496/397 468/513/411 469/514/412
f 452/496/397 469/514/412 453/497/398
f 453/497/398 469/514/412 470/515/413
f 453/497/398 470/515/413 454/498/399
f 454/498/399 470/515/413 471/516/414
f 454/498/399 471/516/414 455/499/400
f 455/499/400 471/516/414 472/517/415
f 455/499/400 472/517/415 456/500/401
f 456/500/401 472/517/415 473/518/416
f 456/500/401 473/518/416 457/501/402
f 457/501/402 473/518/416 474/519/17
f 457/501/402 474/519/17 458/502/17
f 458/502/17 474/519/17 475/520/417
f 458/502/17 475/520/417 459/503/403
f 459/503/403 475/520/417 476/521/418
f 459/503/403 476/521/418 460/504/404
f 460/504/404 476/521/418 477/522/419
f 460/504/404 477/522/419 461/505/405
f 461/505/405 477/522/419 478/523/420
f 461/505/405 478/523/420 462/506/406
f 462/506/406 478/523/420 479/524/421
f 462/506/406 479/524/421 463/507/407
f 463/507/407 479/524/421 480/525/422
f 463/507/407 480/525/422 464/508/408
f 464/508/408 480/525/422 481/526/423
f 464/508/408 481/526/423 465/509/409
f 465/509/409 481/526/423 466/527/2
f 465/509/409 466/527/2 450/510/2
f 466/511/2 482/528/2 483/529/424
f 466/511/2 483/529/424 467/512/410
f 467/512/410 483/529/424 484/530/425
f 467/512/410 484/530/425 468/513/411
f 468/513/411 484/530/425 485/531/426
f 468/513/411 485/531/426 469/514/412
f 469/514/412 485/531/426 486/532/427
f 469/514/412 486/532/427 470/515/413
f 470/515/413 486/532/427 487/533/428
f 470/515/413 487/533/428 471/516/414
f 471/516/414 487/533/428 488/534/429
f 471/516/414 488/534/429 472/517/415
f 472/517/415 488/534/429 489/535/430
f 472/517/415 489/535/430 473/518/416
f 473/518/416 489/535/430 490/536/17
f 473/518/416 490/536/17 474/519/17
f 474/519/17 490/536/17 491/537/431
f 474/519/17 491/537/431 475/520/417
f 475/520/417 491/537/431 492/538/432
f 475/520/417 492/538/432 476/521/418
f 476/521/418 492/538/432 493/539/433
f 476/521/418 493/539/433 477/522/419
f 477/522/419 493/539/433 494/540/434
f 477/522/419 494/540/434 478/523/420
f 478/523/420 494/540/434 495/541/435
f 478/523/420 495/541/435 479/524/421
f 479/524/421 495/541/435 496/542/436
f 479/524/421 496/542/436 480/525/422
f 480/525/422 496/542/436 497/543/437
f 480/525/422 497/543/437 481/526/423
f 481/526/423 497/543/437 482/544/2
f 481/526/423 482/544/2 466/527/2
f 482/528/2 498/545/2 499/546/438
f 482/528/2 499/546/438 483/529/424
f 483/529/424 499/546/438 500/547/439
f 483/529/424 500/547/439 484/530/425
f 484/530/425 500/547/439 501/548/440
f 484/530/425 501/548/440 485/531/426
f 485/531/426 501/548/440 502/549/441
f 485/531/426 502/549/441 486/532/427
f 486/532/427 502/549/441 503/550/442
f 486/532/427 503/550/442 487/533/428
f 487/533/428 503/550/442 504/551/443
f 487/533/428 504/551/443 488/534/429
f 488/534/429 504/551/443 505/552/444
f 488/534/429 505/552/444 489/535/430
f 489/535/430 505/552/444 506/553/17
f 489/535/430 506/553/17 490/536/17
f 490/536/17 506/553/17 507/554/445
f 490/536/17 507/554/445 491/537/431
f 491/537/431 507/554/445 508/555/446
f 491/537/431 508/555/446 492/538/432
f 492/538/432 508/555/446 509/556/447
f 492/538/432 509/556/447 493/539/433
f 493/539/433 509/556/447 510/557/448
f 493/539/433 510/557/448 494/540/434
f 494/540/434 510/557/448 511/558/449
f 494/540/434 511/558/449 495/541/435
f 495/541/435 511/558/449 512/559/450
f 495/541/435 512/559/450 496/542/436
f 496/542/436 512/559/450 513/560/451
f 496/542/436 513/560/451 497/543/437
f 497/543/437 513/560/451 498/561/2
f 497/543/437 498/561/2 482/544/2
f 498/545/2 514/562/2 515/563/452
f 498/545/2 515/563/452 499/546/438
f 499/546/438 515/563/452 516/564/453
f 499/546/438 516/564/453 500/547/439
f 500/547/439 516/564/453 517/565/454
f 500/547/439 517/565/454 501/548/440
f 501/548/440 517/565/454 518/566/455
f 501/548/440 518/566/455 502/549/441
f 502/549/441 518/566/455 519/567/456
f 502/549/441 519/567/456 503/550/442
f 503/550/442 519/567/456 520/568/457
f 503/550/442 520/568/457 504/551/443
f 504/551/443 520/568/457 521/569/458
f 504/551/443 521/569/458 505/552/444
f 505/552/444 521/569/458 522/570/17
f 505/552/444 522/570/17 506/553/17
f 506/553/17 522/570/17 523/571/459
f 506/553/17 523/571/459 507/554/445
f 507/554/445 523/571/459 524/572/460
f 507/554/445 524/572/460 508/555/446
f 508/555/446 524/572/460 525/573/461
f 508/555/446 525/573/461 509/556/447
f 509/556/447 525/573/461 526/574/462
f 509/556/447 526/574/462 510/557/448
f 510/557/448 526/574/462 527/575/463
f 510/557/448 527/575/463 511/558/449
f 511/558/449 527/575/463 528/576/464
f 511/558/449 528/576/464 512/559/450
f 512/559/450 528/576/464 529/577/465
f 512/559/450 529/577/465 513/560/451
f 513/560/451 529/577/465 514/578/2
f 513/560/451 514/578/2 498/561/2
f 514/562/2 530/579/2 531/580/466
f 514/562/2 531/580/466 515/563/452
f 515/563/452 531/580/466 532/581/467
f 515/563/452 532/581/467 516/564/453
f 516/564/453 532/581/467 533/582/468
f 516/564/453 533/582/468 517/565/454
f 517/565/454 533/582/468 534/583/469
f 517/565/454 534/583/469 518/566/455
f 518/566/455 534/583/469 535/584/470
f 518/566/455 535/584/470 519/567/456
f 519/567/456 535/584/470 536/585/471
f 519/567/456 536/585/471 520/568/457
f 520/568/457 536/585/471 537/586/472
f 520/568/457 537/586/472 521/569/458
f 521/569/458 537/586/472 538/587/17
f 521/569/458 538/587/17 522/570/17
f 522/570/17 538/587/17 539/588/473
f 522/570/17 539/588/473 523/571/459
f 523/571/459 539/588/473 540/589/474
f 523/571/459 540/589/474 524/572/460
f 524/572/460 540/589/474 541/590/475
f 524/572/460 541/590/475 525/573/461
f 525/573/461 541/590/475 542/591/476
f 525/573/461 542/591/476 526/574/462
f 526/574/462 542/591/476 543/592/477
f 526/574/462 543/592/477 527/575/463
f 527/575/463 543/592/477 544/593/478
f 527/575/463 544/593/478 528/576/464
f 528/576/464 544/593/478 545/594/479
f 528/576/464 545/594/479 529/577/465
f 529/577/465 545/594/479 530/595/2
f 529/577/465 530/595/2 514/578/2
f 530/579/2 546/596/2 547/597/480
f 530/579/2 547/597/480 531/580/466
f 531/580/466 547/597/480 548/598/481
f 531/580/466 548/598/481 532/581/467
f 532/581/467 548/598/481 549/599/482
f 532/581/467 549/599/482 533/582/468
f 533/582/468 549/599/482 550/600/483
f 533/582/468 550/600/483 534/583/469
f 534/583/469 550/600/483 551/601/484
f 534/583/469 551/601/484 535/584/470
f 535/584/470 551/601/484 552/602/485
f 535/584/470 552/602/485 536/585/471
f 536/585/471 552/602/485 553/603/486
f 536/585/471 553/603/486 537/586/472
f 537/586/472 553/603/486 554/604/17
f 537/586/472 554/604/17 538/587/17
f 538/587/17 554/604/17 555/605/487
f 538/587/17 555/605/487 539/588/473
f 539/588/473 555/605/487 556/606/488
f 539/588/473 556/606/488 540/589/474
f 540/589/474 556/606/488 557/607/489
f 540/589/474 557/607/489 541/590/475
f 541/590/475 557/607/489 558/608/490
f 541/590/475 558/608/490 542/591/476
f 542/591/476 558/608/490 559/609/491
f 542/591/476 559/609/491 543/592/477
f 543/592/477 559/609/491 560/610/492
f 543/592/477 560/610/492 544/593/478
f 544/593/478 560/610/492 561/611/493
f 544/593/478 561/611/493 545/594/479
f 545/594/479 561/611/493 546/612/2
f 545/594/479 546/612/2 530/595/2
f 546/596/2 562/613/2 563/614/494
f 546/596/2 563/614/494 547/597/480
f 547/597/480 563/614/494 564/615/495
f 547/597/480 564/615/495 548/598/481
f 548/598/481 564/615/495 565/616/496
f 548/598/481 565/616/496 549/599/482
f 549/599/482 565/616/496 566/617/497
f 549/599/482 566/617/497 550/600/483
f 550/600/483 566/617/497 567/618/498
f 550/600/483 567/618/498 551/601/484
f 551/601/484 567/618/498 568/619/499
f 551/601/484 568/619/499 552/602/485
f 552/602/485 568/619/499 569/620/500
f 552/602/485 569/620/500 553/603/486
f 553/603/486 569/620/500 570/621/17
f 553/603/486 570/621/17 554/604/17
f 554/604/17 570/621/17 571/622/501
f 554/604/17 571/622/501 555/605/487
f 555/605/487 571/622/501 572/623/502
f 555/605/487 572/623/502 556/606/488
f 556/606/488 572/623/502 573/624/503
f 556/606/488 573/624/503 557/607/489
f 557/607/489 573/624/503 574/625/504
f 557/607/489 574/625/504 558/608/490
f 558/608/490 574/625/504 575/626/505
f 558/608/490 575/626/505 559/609/491
f 559/609/491 575/626/505 576/627/506
f 559/609/491 576/627/506 560/610/492
f 560/610/492 576/627/506 577/628/507
f 560/610/492 577/628/507 561/611/493
f 561/611/493 577/628/507 562/629/2
f 561/611/493 562/629/2 546/612/2
f 562/613/2 578/630/2 579/631/508
f 562/613/2 579/631/508 563/614/494
f 563/614/494 579/631/508 580/632/509
f 563/614/494 580/632/509 564/615/495
f 564/615/495 580/632/509 581/633/510
f 564/615/495 581/633/510 565/616/496
f 565/616/496 581/633/510 582/634/511
f 565/616/496 582/634/511 566/617/497
f 566/617/497 582/634/511 583/635/512
f 566/617/497 583/635/512 567/618/498
f 567/618/498 583/635/512 584/636/513
f 567/618/498 584/636/513 568/619/499
f 568/619/499 584/636/513 585/637/514
f 568/619/499 585/637/514 569/620/500
f 569/620/500 585/637/514 586/638/17
f 569/620/500 586/638/17 570/621/17
f 570/621/17 586/638/17 587/639/515
f 570/621/17 587/639/515 571/622/501
f 571/622/501 587/639/515 588/640/516
f 571/622/501 588/640/516 572/623/502
f 572/623/502 588/640/516 589/641/517
f 572/623/502 589/641/517 573/624/503
f 573/624/503 589/641/517 590/642/518
f 573/624/503 590/642/518 574/625/504
f 574/625/504 590/642/518 591/643/519
f 574/625/504 591/643/519 575/626/505
f 575/626/505 591/643/519 592/644/520
f 575/626/505 592/644/520 576/627/506
f 576/627/506 592/644/520 593/645/521
f 576/627/506 593/645/521 577/628/507
f 577/628/507 593/645/521 578/646/2
f 577/628/507 578/646/2 562/629/2
f 578/630/2 594/647/2 595/648/522
f 578/630/2 595/648/522 579/631/508
f 579/631/508 595/648/522 596/649/523
f 579/631/508 596/649/523 580/632/509
f 580/632/509 596/649/523 597/650/524
f 580/632/509 597/650/524 581/633/510
f 581/633/510 597/650/524 598/651/525
f 581/633/510 598/651/525 582/634/511
f 582/634/511 598/651/525 599/652/526
f 582/634/511 599/652/526 583/635/512
f 583/635/512 599/652/526 600/653/527
f 583/635/512 600/653/527 584/636/513
f 584/636/513 600/653/527 601/654/528
f 584/636/513 601/654/528 585/637/514
f 585/637/514 601/654/528 602/655/17
f 585/637/514 602/655/17 586/638/17
f 586/638/17 602/655/17 603/656/529
f 586/638/17 603/656/529 587/639/515
f 587/639/515 603/656/529 604/657/530
f 587/639/515 604/657/530 588/640/516
f 588/640/516 604/657/530 605/658/531
f 588/640/516 605/658/531 589/641/517
f 589/641/517 605/658/531 606/659/532
f 589/641/517 606/659/532 590/642/518
f 590/642/518 606/659/532 607/660/533
f 590/642/518 607/660/533 591/643/519
f 591/643/519 607/660/533 608/661/534
f 591/643/519 608/661/534 592/644/520
f 592/644/520 608/661/534 609/662/535
f 592/644/520 609/662/535 593/645/521
f 593/645/521 609/662/535 594/663/2
f 593/645/521 594/663/2 578/646/2
f 594/647/2 610/664/2 611/665/536
f 594/647/2 611/665/536 595/648/522
f 595/648/522 611/665/536 612/666/537
f 595/648/522 612/666/537 596/649/523
f 596/649/523 612/666/537 613/667/538
f 596/649/523 613/667/538 597/650/524
f 597/650/524 613/667/538 614/668/539
f 597/650/524 614/668/539 598/651/525
f 598/651/525 614/668/539 615/669/540
f 598/651/525 615/669/540 599/652/526
f 599/652/526 615/669/540 616/670/541
f 599/652/526 616/670/541 600/653/527
f 600/653/527 616/670/541 617/671/542
f 600/653/527 617/671/542 601/654/528
f 601/654/528 617/671/542 618/672/17
f 601/654/528 618/672/17 602/655/17
f 602/655/17 618/672/17 619/673/543
f 602/655/17 619/673/543 603/656/529
f 603/656/529 619/673/543 620/674/544
f 603/656/529 620/674/544 604/657/530
f 604/657/530 620/674/544 621/675/545
f 604/657/530 621/675/545 605/658/531
f 605/658/531 621/675/545 622/676/546
f 605/658/531 622/676/546 606/659/532
f 606/659/532 622/676/546 623/677/547
f 606/659/532 623/677/547 607/660/533
f 607/660/533 623/677/547 624/678/548
f 607/660/533 624/678/548 608/661/534
f 608/661/534 624/678/548 625/679/549
f 608/661/534 625/679/549 609/662/535
f 609/662/535 625/679/549 610/680/2
f 609/662/535 610/680/2 594/663/2
f 610/664/2 626/681/2 627/682/550
f 610/664/2 627/682/550 611/665/536
f 611/665/536 627/682/550 628/683/551
f 611/665/536 628/683/551 612/666/537
f 612/666/537 628/683/551 629/684/552
f 612/666/537 629/684/552 613/667/538
f 613/667/538 629/684/552 630/685/553
f 613/667/538 630/685/553 614/668/539
f 614/668/539 630/685/553 631/686/554
f 614/668/539 631/686/554 615/669/540
f 615/669/540 631/686/554 632/687/555
f 615/669/540 632/687/555 616/670/541
f 616/670/541 632/687/555 633/688/556
f 616/670/541 633/688/556 617/671/542
f 617/671/542 633/688/556 634/689/17
f 617/671/542 634/689/17 618/672/17
f 618/672/17 634/689/17 635/690/557
f 618/672/17 635/690/557 619/673/543
f 619/673/543 635/690/557 636/691/558
f 619/673/543 636/691/558 620/674/544
f 620/674/544 636/691/558 637/692/559
f 620/674/544 637/692/559 621/675/545
f 621/675/545 637/692/559 638/693/560
f 621/675/545 638/693/560 622/676/546
f 622/676/546 638/693/560 639/694/561
f 622/676/546 639/694/561 623/677/547
f 623/677/547 639/694/561 640/695/562
f 623/677/547 640/695/562 624/678/548
f 624/678/548 640/695/562 641/696/563
f 624/678/548 641/696/563 625/679/549
f 625/679/549 641/696/563 626/697/2
f 625/679/549 626/697/2 610/680/2
f 626/681/2 642/698/2 643/699/564
f 626/681/2 643/699/564 627/682/550
f 627/682/550 643/699/564 644/700/565
f 627/682/550 644/700/565 628/683/551
f 628/683/551 644/700/565 645/701/566
f 628/683/551 645/701/566 629/684/552
f 629/684/552 645/701/566 646/702/567
f 629/684/552 646/702/567 630/685/553
f 630/685/553 646/702/567 647/703/568
f 630/685/553 647/703/568 631/686/554
f 631/686/554 647/703/568 648/704/569
f 631/686/554 648/704/569 632/687/555
f 632/687/555 648/704/569 649/705/570
f 632/687/555 649/705/570 633/688/556
f 633/688/556 649/705/570 650/706/17
f 633/688/556 650/706/17 634/689/17
f 634/689/17 650/706/17 651/707/571
f 634/689/17 651/707/571 635/690/557
f 635/690/557 651/707/571 652/708/572
f 635/690/557 652/708/572 636/691/558
f 636/691/558 652/708/572 653/709/573
f 636/691/558 653/709/573 637/692/559
f 637/692/559 653/709/573 654/710/574
f 637/692/559 654/710/574 638/693/560
f 638/693/560 654/710/574 655/711/575
f 638/693/560 655/711/575 639/694/561
f 639/694/561 655/711/575 656/712/576
f 639/694/561 656/712/576 640/695/562
f 640/695/562 656/712/576 657/713/577
f 640/695/562 657/713/577 641/696/563
f 641/696/563 657/713/577 642/714/2
f 641/696/563 642/714/2 626/697/2
f 642/698/2 658/715/2 659/716/578
f 642/698/2 659/716/578 643/699/564
f 643/699/564 659/716/578 660/717/579
f 643/699/564 660/717/579 644/700/565
f 644/700/565 660/717/579 661/718/580
f 644/700/565 661/718/580 645/701/566
f 645/701/566 661/718/580 662/719/581
f 645/701/566 662/719/581 646/702/567
f 646/702/567 662/719/581 663/720/582
f 646/702/567 663/720/582 647/703/568
f 647/703/568 663/720/582 664/721/583
f 647/703/568 664/721/583 648/704/569
f 648/704/569 664/721/583 665/722/584
f 648/704/569 665/722/584 649/705/570
f 649/705/570 665/722/584 666/723/17
f 649/705/570 666/723/17 650/706/17
f 650/706/17 666/723/17 667/724/585
f 650/706/17 667/724/585 651/707/571
f 651/707/571 667/724/585 668/725/586
f 651/707/571 668/725/586 652/708/572
f 652/708/572 668/725/586 669/726/587
f 652/708/572 669/726/587 653/709/573
f 653/709/573 669/726/587 670/727/588
f 653/709/573 670/727/588 654/710/574
f 654/710/574 670/727/588 671/728/589
f 654/710/574 671/728/589 655/711/575
f 655/711/575 671/728/589 672/729/590
f 655/711/575 672/729/590 656/712/576
f 656/712/576 672/729/590 673/730/591
f 656/712/576 673/730/591 657/713/577
f 657/713/577 673/730/591 658/731/2
f 657/713/577 658/731/2 642/714/2
f 658/715/2 674/732/2 675/733/592
f 658/715/2 675/733/592 659/716/578
f 659/716/578 675/733/592 676/734/593
f 659/716/578 676/734/593 660/717/579
f 660/717/579 676/734/593 677/735/594
f 660/717/579 677/735/594 661/718/580
f 661/718/580 677/735/594 678/736/595
f 661/718/580 678/736/595 662/719/581
f 662/719/581 678/736/595 679/737/596
f 662/719/581 679/737/596 663/720/582
f 663/720/582 679/737/596 680/738/597
f 663/720/582 680/738/597 664/721/583
f 664/721/583 680/738/597 681/739/598
f 664/721/583 681/739/598 665/722/584
f 665/722/584 681/739/598 682/740/17
f 665/722/584 682/740/17 666/723/17
f 666/723/17 682/740/17 683/741/599
f 666/723/17 683/741/599 667/724/585
f 667/724/585 683/741/599 684/742/600
f 667/724/585 684/742/600 668/725/586
f 668/725/586 684/742/600 685/743/601
f 668/725/586 685/743/601 669/726/587
f 669/726/587 685/743/601 686/744/602
f 669/726/587 686/744/602 670/727/588
f 670/727/588 686/744/602 687/745/603
f 670/727/588 687/745/603 671/728/589
f 671/728/589 687/745/603 688/746/604
f 671/728/589 688/746/604 672/729/590
f 672/729/590 688/746/604 689/747/605
f 672/729/590 689/747/605 673/730/591
f 673/730/591 689/747/605 674/748/2
f 673/730/591 674/748/2 658/731/2
f 674/732/2 690/749/2 691/750/606
f 674/732/2 691/750/606 675/733/592
f 675/733/592 691/750/606 692/751/607
f 675/733/592 692/751/607 676/734/593
f 676/734/593 692/751/607 693/752/608
f 676/734/593 693/752/608 677/735/594
f 677/735/594 693/752/608 694/753/609
f 677/735/594 694/753/609 678/736/595
f 678/736/595 694/753/609 695/754/610
f 678/736/595 695/754/610 679/737/596
f 679/737/596 695/754/610 696/755/611
f 679/737/596 696/755/611 680/738/597
f 680/738/597 696/755/611 697/756/612
f 680/738/597 697/756/612 681/739/598
f 681/739/598 697/756/612 698/757/17
f 681/739/598 698/757/17 682/740/17
f 682/740/17 698/757/17 699/758/613
f 682/740/17 699/758/613 683/741/599
f 683/741/599 699/758/613 700/759/614
f 683/741/599 700/759/614 684/742/600
f 684/742/600 700/759/614 701/760/615
f 684/742/600 701/760/615 685/743/601
f 685/743/601 701/760/615 702/761/616
f 685/743/601 702/761/616 686/744/602
f 686/744/602 702/761/616 703/762/617
f 686/744/602 703/762/617 687/745/603
f 687/745/603 703/762/617 704/763/618
f 687/745/603 704/763/618 688/746/604
f 688/746/604 704/763/618 705/764/619
f 688/746/604 705/764/619 689/747/605
f 689/747/605 705/764/619 690/765/2
f 689/747/605 690/765/2 674/748/2
f 690/749/2 706/766/2 707/767/620
f 690/749/2 707/767/620 691/750/606
f 691/750/606 707/767/620 708/768/621
f 691/750/606 708/768/621 692/751/607
f 692/751/607 708/768/621 709/769/622
f 692/751/607 709/769/622 693/752/608
f 693/752/608 709/769/622 710/770/623
f 693/752/608 710/770/623 694/753/609
f 694/753/609 710/770/623 711/771/624
f 694/753/609 711/771/624 695/754/610
f 695/754/610 711/771/624 712/772/625
f 695/754/610 712/772/625 696/755/611
f 696/755/611 712/772/625 713/773/626
f 696/755/611 713/773/626 697/756/612
f 697/756/612 713/773/626 714/774/17
f 697/756/612 714/774/17 698/757/17
f 698/757/17 714/774/17 715/775/627
f 698/757/17 715/775/627 699/758/613
f 699/758/613 715/775/627 716/776/628
f 699/758/613 716/776/628 700/759/614
f 700/759/614 716/776/628 717/777/629
f 700/759/614 717/777/629 701/760/615
f 701/760/615 717/777/629 718/778/630
f 701/760/615 718/778/630 702/761/616
f 702/761/616 718/778/630 719/779/631
f 702/761/616 719/779/631 703/762/617
f 703/762/617 719/779/631 720/780/632
f 703/762/617 720/780/632 704/763/618
f 704/763/618 720/780/632 721/781/633
f 704/763/618 721/781/633 705/764/619
f 705/764/619 721/781/633 706/782/2
f 705/764/619 706/782/2 690/765/2
f 706/766/2 722/783/2 723/784/634
f 706/766/2 723/784/634 707/767/620
f 707/767/620 723/784/634 724/785/635
f 707/767/620 724/785/635 708/768/621
f 708/768/621 724/785/635 725/786/636
f 708/768/621 725/786/636 709/769/622
f 709/769/622 725/786/636 726/787/637
f 709/769/622 726/787/637 710/770/623
f 710/770/623 726/787/637 727/788/638
f 710/770/623 727/788/638 711/771/624
f 711/771/624 727/788/638 728/789/639
f 711/771/624 728/789/639 712/772/625
f 712/772/625 728/789/639 729/790/640
f 712/772/625 729/790/640 713/773/626
f 713/773/626 729/790/640 730/791/17
f 713/773/626 730/791/17 714/774/17
f 714/774/17 730/791/17 731/792/641
f 714/774/17 731/792/641 715/775/627
f 715/775/627 731/792/641 732/793/642
f 715/775/627 732/793/642 716/776/628
f 716/776/628 732/793/642 733/794/643
f 716/776/628 733/794/643 717/777/629
f 717/777/629 733/794/643 734/795/644
f 717/777/629 734/795/644 718/778/630
f 718/778/630 734/795/644 735/796/645
f 718/778/630 735/796/645 719/779/631
f 719/779/631 735/796/645 736/797/646
f 719/779/631 736/797/646 720/780/632
f 720/780/632 736/797/646 737/798/647
f 720/780/632 737/798/647 721/781/633
f 721/781/633 737/798/647 722/799/2
f 721/781/633 722/799/2 706/782/2
f 722/783/2 738/800/2 739/801/648
f 722/783/2 739/801/648 723/784/634
f 723/784/634 739/801/648 740/802/649
f 723/784/634 740/802/649 724/785/635
f 724/785/635 740/802/649 741/803/650
f 724/785/635 741/803/650 725/786/636
f 725/786/636 741/803/650 742/804/651
f 725/786/636 742/804/651 726/787/637
f 726/787/637 742/804/651 743/805/652
f 726/787/637 743/805/652 727/788/638
f 727/788/638 743/805/652 744/806/653
f 727/788/638 744/806/653 728/789/639
f 728/789/639 744/806/653 745/807/654
f 728/789/639 745/807/654 729/790/640
f 729/790/640 745/807/654 746/808/17
f 729/790/640 746/808/17 730/791/17
f 730/791/17 746/808/17 747/809/655
f 730/791/17 747/809/655 731/792/641
f 731/792/641 747/809/655 748/810/656
f 731/792/641 748/810/656 732/793/642
f 732/793/642 748/810/656 749/811/657
f 732/793/642 749/811/657 733/794/643
f 733/794/643 749/811/657 750/812/658
f 733/794/643 750/812/658 734/795/644
f 734/795/644 750/812/658 751/813/659
f 734/795/644 751/813/659 735/796/645
f 735/796/645 751/813/659 752/814/660
f 735/796/645 752/814/660 736/797/646
f 736/797/646 752/814/660 753/815/661
f 736/797/646 753/815/661 737/798/647
f 737/798/647 753/815/661 738/816/2
f 737/798/647 738/816/2 722/799/2
f 738/800/2 754/817/2 755/818/662
f 738/800/2 755/818/662 739/801/648
f 739/801/648 755/818/662 756/819/663
f 739/801/648 756/819/663 740/802/649
f 740/802/649 756/819/663 757/820/664
f 740/802/649 757/820/664 741/803/650
f 741/803/650 757/820/664 758/821/665
f 741/803/650 758/821/665 742/804/651
f 742/804/651 758/821/665 759/822/666
f 742/804/651 759/822/666 743/805/652
f 743/805/652 759/822/666 760/823/667
f 743/805/652 760/823/667 744/806/653
f 744/806/653 760/823/667 761/824/668
f 744/806/653 761/824/668 745/807/654
f 745/807/654 761/824/668 762/825/17
f 745/807/654 762/825/17 746/808/17
f 746/808/17 762/825/17 763/826/669
f 746/808/17 763/826/669 747/809/655
f 747/809/655 763/826/669 764/827/670
f 747/809/655 764/827/670 748/810/656
f 748/810/656 764/827/670 765/828/671
f 748/810/656 765/828/671 749/811/657
f 749/811/657 765/828/671 766/829/672
f 749/811/657 766/829/672 750/812/658
f 750/812/658 766/829/672 767/830/673
f 750/812/658 767/830/673 751/813/659
f 751/813/659 767/830/673 768/831/674
f 751/813/659 768/831/674 752/814/660
f 752/814/660 768/831/674 769/832/675
f 752/814/660 769/832/675 753/815/661
f 753/815/661 769/832/675 754/833/2
f 753/815/661 754/833/2 738/816/2
f 754/817/2 770/834/2 771/835/676
f 754/817/2 771/835/676 755/818/662
f 755/818/662 771/835/676 772/836/677
f 755/818/662 772/836/677 756/819/663
f 756/819/663 772/836/677 773/837/678
f 756/819/663 773/837/678 757/820/664
f 757/820/664 773/837/678 774/838/679
f 757/820/664 774/838/679 758/821/665
f 758/821/665 774/838/679 775/839/680
f 758/821/665 775/839/680 759/822/666
f 759/822/666 775/839/680 776/840/681
f 759/822/666 776/840/681 760/823/667
f 760/823/667 776/840/681 777/841/682
f 760/823/667 777/841/682 761/824/668
f 761/824/668 777/841/682 778/842/17
f 761/824/668 778/842/17 762/825/17
f 762/825/17 778/842/17 779/843/683
f 762/825/17 779/843/683 763/826/669
f 763/826/669 779/843/683 780/844/684
f 763/826/669 780/844/684 764/827/670
f 764/827/670 780/844/684 781/845/685
f 764/827/670 781/845/685 765/828/671
f 765/828/671 781/845/685 782/846/686
f 765/828/671 782/846/686 766/829/672
f 766/829/672 782/846/686 783/847/687
f 766/829/672 783/847/687 767/830/673
f 767/830/673 783/847/687 784/848/688
f 767/830/673 784/848/688 768/831/674
f 768/831/674 784/848/688 785/849/689
f 768/831/674 785/849/689 769/832/675
f 769/832/675 785/849/689 770/850/2
f 769/832/675 770/850/2 754/833/2
f 770/834/2 786/851/2 787/852/690
f 770/834/2 787/852/690 771/835/676
f 771/835/676 787/852/690 788/853/691
f 771/835/676 788/853/691 772/836/677
f 772/836/677 788/853/691 789/854/692
f 772/836/677 789/854/692 773/837/678
f 773/837/678 789/854/692 790/855/693
f 773/837/678 790/855/693 774/838/679
f 774/838/679 790/855/693 791/856/694
f 774/838/679 791/856/694 775/839/680
f 775/839/680 791/856/694 792/857/695
f 775/839/680 792/857/695 776/840/681
f 776/840/681 792/857/695 793/858/696
f 776/840/681 793/858/696 777/841/682
f 777/841/682 793/858/696 794/859/17
f 777/841/682 794/859/17 778/842/17
f 778/842/17 794/859/17 795/860/697
f 778/842/17 795/860/697 779/843/683
f 779/843/683 795/860/697 796/861/698
f 779/843/683 796/861/698 780/844/684
f 780/844/684 796/861/698 797/862/699
f 780/844/684 797/862/699 781/845/685
f 781/845/685 797/862/699 798/863/700
f 781/845/685 798/863/700 782/846/686
f 782/846/686 798/863/700 799/864/701
f 782/846/686 799/864/701 783/847/687
f 783/847/687 799/864/701 800/865/702
f 783/847/687 800/865/702 784/848/688
f 784/848/688 800/865/702 801/866/703
f 784/848/688 801/866/703 785/849/689
f 785/849/689 801/866/703 786/867/2
f 785/849/689 786/867/2 770/850/2
f 786/851/2 802/868/2 803/869/704
f 786/851/2 803/869/704 787/852/690
f 787/852/690 803/869/704 804/870/705
f 787/852/690 804/870/705 788/853/691
f 788/853/691 804/870/705 805/871/706
f 788/853/691 805/871/706 789/854/692
f 789/854/692 805/871/706 806/872/707
f 789/854/692 806/872/707 790/855/693
f 790/855/693 806/872/707 807/873/708
f 790/855/693 807/873/708 791/856/694
f 791/856/694 807/873/708 808/874/709
f 791/856/694 808/874/709 792/857/695
f 792/857/695 808/874/709 809/875/710
f 792/857/695 809/875/710 793/858/696
f 793/858/696 809/875/710 810/876/17
f 793/858/696 810/876/17 794/859/17
f 794/859/17 810/876/17 811/877/711
f 794/859/17 811/877/711 795/860/697
f 795/860/697 811/877/711 812/878/712
f 795/860/697 812/878/712 796/861/698
f 796/861/698 812/878/712 813/879/713
f 796/861/698 813/879/713 797/862/699
f 797/862/699 813/879/713 814/880/714
f 797/862/699 814/880/714 798/863/700
f 798/863/700 814/880/714 815/881/715
f 798/863/700 815/881/715 799/864/701
f 799/864/701 815/881/715 816/882/716
f 799/864/701 816/882/716 800/865/702
f 800/865/702 816/882/716 817/883/717
f 800/865/702 817/883/717 801/866/703
f 801/866/703 817/883/717 802/884/2
f 801/866/703 802/884/2 786/867/2
f 802/868/2 818/885/2 819/886/718
f 802/868/2 819/886/718 803/869/704
f 803/869/704 819/886/718 820/887/719
f 803/869/704 820/887/719 804/870/705
f 804/870/705 820/887/719 821/888/720
f 804/870/705 821/888/720 805/871/706
f 805/871/706 821/888/720 822/889/721
f 805/871/706 822/889/721 806/872/707
f 806/872/707 822/889/721 823/890/722
f 806/872/707 823/890/722 807/873/708
f 807/873/708 823/890/722 824/891/723
f 807/873/708 824/891/723 808/874/709
f 808/874/709 824/891/723 825/892/724
f 808/874/709 825/892/724 809/875/710
f 809/875/710 825/892/724 826/893/17
f 809/875/710 826/893/17 810/876/17
f 810/876/17 826/893/17 827/894/725
f 810/876/17 827/894/725 811/877/711
f 811/877/711 827/894/725 828/895/726
f 811/877/711 828/895/726 812/878/712
f 812/878/712 828/895/726 829/896/727
f 812/878/712 829/896/727 813/879/713
f 813/879/713 829/896/727 830/897/728
f 813/879/713 830/897/728 814/880/714
f 814/880/714 830/897/728 831/898/729
f 814/880/714 831/898/729 815/881/715
f 815/881/715 831/898/729 832/899/730
f 815/881/715 832/899/730 816/882/716
f 816/882/716 832/899/730 833/900/731
f 816/882/716 833/900/731 817/883/717
f 817/883/717 833/900/731 818/901/2
f 817/883/717 818/901/2 802/884/2
f 818/885/2 834/902/2 835/903/732
f 818/885/2 835/903/732 819/886/718
f 819/886/718 835/903/732 836/904/733
f 819/886/718 836/904/733 820/887/719
f 820/887/719 836/904/733 837/905/734
f 820/887/719 837/905/734 821/888/720
f 821/888/720 837/905/734 838/906/735
f 821/888/720 838/906/735 822/889/721
f 822/889/721 838/906/735 839/907/736
f 822/889/721 839/907/736 823/890/722
f 823/890/722 839/907/736 840/908/737
f 823/890/722 840/908/737 824/891/723
f 824/891/723 840/908/737 841/909/738
f 824/891/723 841/909/738 825/892/724
f 825/892/724 841/909/738 842/910/17
f 825/892/724 842/910/17 826/893/17
f 826/893/17 842/910/17 843/911/739
f 826/893/17 843/911/739 827/894/725
f 827/894/725 843/911/739 844/912/740
f 827/894/725 844/912/740 828/895/726
f 828/895/726 844/912/740 845/913/741
f 828/895/726 845/913/741 829/896/727
f 829/896/727 845/913/741 846/914/742
f 829/896/727 846/914/742 830/897/728
f 830/897/728 846/914/742 847/915/743
f 830/897/728 847/915/743 831/898/729
f 831/898/729 847/915/743 848/916/744
f 831/898/729 848/916/744 832/899/730
f 832/899/730 848/916/744 849/917/745
f 832/899/730 849/917/745 833/900/731
f 833/900/731 849/917/745 834/918/2
f 833/900/731 834/918/2 818/901/2
f 834/902/2 850/919/2 851/920/746
f 834/902/2 851/920/746 835/903/732
f 835/903/732 851/920/746 852/921/747
f 835/903/732 852/921/747 836/904/733
f 836/904/733 852/921/747 853/922/748
f 836/904/733 853/922/748 837/905/734
f 837/905/734 853/922/748 854/923/749
f 837/905/734 854/923/749 838/906/735
f 838/906/735 854/923/749 855/924/750
f 838/906/735 855/924/750 839/907/736
f 839/907/736 855/924/750 856/925/751
f 839/907/736 856/925/751 840/908/737
f 840/908/737 856/925/751 857/926/752
f 840/908/737 857/926/752 841/909/738
f 841/909/738 857/926/752 858/927/17
f 841/909/738 858/927/17 842/910/17
f 842/910/17 858/927/17 859/928/753
f 842/910/17 859/928/753 843/911/739
f 843/911/739 859/928/753 860/929/754
f 843/911/739 860/929/754 844/912/740
f 844/912/740 860/929/754 861/930/755
f 844/912/740 861/930/755 845/913/741
f 845/913/741 861/930/755 862/931/756
f 845/913/741 862/931/756 846/914/742
f 846/914/742 862/931/756 863/932/757
f 846/914/742 863/932/757 847/915/743
f 847/915/743 863/932/757 864/933/758
f 847/915/743 864/933/758 848/916/744
f 848/916/744 864/933/758 865/934/759
f 848/916/744 865/934/759 849/917/745
f 849/917/745 865/934/759 850/935/2
f 849/917/745 850/935/2 834/918/2
f 850/919/2 866/936/2 867/937/760
f 850/919/2 867/937/760 851/920/746
f 851/920/746 867/937/760 868/938/761
f 851/920/746 868/938/761 852/921/747
f 852/921/747 868/938/761 869/939/762
f 852/921/747 869/939/762 853/922/748
f 853/922/748 869/939/762 870/940/763
f 853/922/748 870/940/763 854/923/749
f 854/923/749 870/940/763 871/941/764
f 854/923/749 871/941/764 855/924/750
f 855/924/750 871/941/764 872/942/765
f 855/924/750 872/942/765 856/925/751
f 856/925/751 872/942/765 873/943/766
f 856/925/751 873/943/766 857/926/752
f 857/926/752 873/943/766 874/944/17
f 857/926/752 874/944/17 858/927/17
f 858/927/17 874/944/17 875/945/767
f 858/927/17 875/945/767 859/928/753
f 859/928/753 875/945/767 876/946/768
f 859/928/753 876/946/768 860/929/754
f 860/929/754 876/946/768 877/947/769
f 860/929/754 877/947/769 861/930/755
f 861/930/755 877/947/769 878/948/770
f 861/930/755 878/948/770 862/931/756
f 862/931/756 878/948/770 879/949/771
f 862/931/756 879/949/771 863/932/757
f 863/932/757 879/949/771 880/950/772
f 863/932/757 880/950/772 864/933/758
f 864/933/758 880/950/772 881/951/773
f 864/933/758 881/951/773 865/934/759
f 865/934/759 881/951/773 866/952/2
f 865/934/759 866/952/2 850/935/2
f 866/936/2 882/953/2 883/954/774
f 866/936/2 883/954/774 867/937/760
f 867/937/760 883/954/774 884/955/775
f 867/937/760 884/955/775 868/938/761
f 868/938/761 884/955/775 885/956/776
f 868/938/761 885/956/776 869/939/762
f 869/939/762 885/956/776 886/957/777
f 869/939/762 886/957/777 870/940/763
f 870/940/763 886/957/777 887/958/778
f 870/940/763 887/958/778 871/941/764
f 871/941/764 887/958/778 888/959/779
f 871/941/764 888/959/779 872/942/765
f 872/942/765 888/959/779 889/960/780
f 872/942/765 889/960/780 873/943/766
f 873/943/766 889/960/780 890/961/17
f 873/943/766 890/961/17 874/944/17
f 874/944/17 890/961/17 891/962/781
f 874/944/17 891/962/781 875/945/767
f 875/945/767 891/962/781 892/963/782
f 875/945/767 892/963/782 876/946/768
f 876/946/768 892/963/782 893/964/783
f 876/946/768 893/964/783 877/947/769
f 877/947/769 893/964/783 894/965/784
f 877/947/769 894/965/784 878/948/770
f 878/948/770 894/965/784 895/966/785
f 878/948/770 895/966/785 879/949/771
f 879/949/771 895/966/785 896/967/786
f 879/949/771 896/967/786 880/950/772
f 880/950/772 896/967/786 897/968/787
f 880/950/772 897/968/787 881/951/773
f 881/951/773 897/968/787 882/969/2
f 881/951/773 882/969/2 866/952/2
f 882/953/2 898/970/2 899/971/788
f 882/953/2 899/971/788 883/954/774
f 883/954/774 899/971/788 900/972/789
f 883/954/774 900/972/789 884/955/775
f 884/955/775 900/972/789 901/973/790
f 884/955/775 901/973/790 885/956/776
f 885/956/776 901/973/790 902/974/791
f 885/956/776 902/974/791 886/957/777
f 886/957/777 902/974/791 903/975/792
f 886/957/777 903/975/792 887/958/778
f 887/958/778 903/975/792 904/976/793
f 887/958/778 904/976/793 888/959/779
f 888/959/779 904/976/793 905/977/794
f 888/959/779 905/977/794 889/960/780
f 889/960/780 905/977/794 906/978/17
f 889/960/780 906/978/17 890/961/17
f 890/961/17 906/978/17 907/979/795
f 890/961/17 907/979/795 891/962/781
f 891/962/781 907/979/795 908/980/796
f 891/962/781 908/980/796 892/963/782
f 892/963/782 908/980/796 909/981/797
f 892/963/782 909/981/797 893/964/783
f 893/964/783 909/981/797 910/982/798
f 893/964/783 910/982/798 894/965/784
f 894/965/784 910/982/798 911/983/799
f 894/965/784 911/983/799 895/966/785
f 895/966/785 911/983/799 912/984/800
f 895/966/785 912/984/800 896/967/786
f 896/967/786 912/984/800 913/985/801
f 896/967/786 913/985/801 897/968/787
f 897/968/787 913/985/801 898/986/2
f 897/968/787 898/986/2 882/969/2
f 898/970/2 914/987/2 915/988/802
f 898/970/2 915/988/802 899/971/788
f 899/971/788 915/988/802 916/989/803
f 899/971/788 916/989/803 900/972/789
f 900/972/789 916/989/803 917/990/804
f 900/972/789 917/990/804 901/973/790
f 901/973/790 917/990/804 918/991/805
f 901/973/790 918/991/805 902/974/791
f 902/974/791 918/991/805 919/992/806
f 902/974/791 919/992/806 903/975/792
f 903/975/792 919/992/806 920/993/807
f 903/975/792 920/993/807 904/976/793
f 904/976/793 920/993/807 921/994/808
f 904/976/793 921/994/808 905/977/794
f 905/977/794 921/994/808 922/995/17
f 905/977/794 922/995/17 906/978/17
f 906/978/17 922/995/17 923/996/809
f 906/978/17 923/996/809 907/979/795
f 907/979/795 923/996/809 924/997/810
f 907/979/795 924/997/810 908/980/796
f 908/980/796 924/997/810 925/998/811
f 908/980/796 925/998/811 909/981/797
f 909/981/797 925/998/811 926/999/812
f 909/981/797 926/999/812 910/982/798
f 910/982/798 926/999/812 927/1000/813
f 910/982/798 927/1000/813 911/983/799
f 911/983/799 927/1000/813 928/1001/814
f 911/983/799 928/1001/814 912/984/800
f 912/984/800 928/1001/814 929/1002/815
f 912/984/800 929/1002/815 913/985/801
f 913/985/801 929/1002/815 914/1003/2
f 913/985/801 914/1003/2 898/986/2
f 914/987/2 930/1004/2 931/1005/816
f 914/987/2 931/1005/816 915/988/802
f 915/988/802 931/1005/816 932/1006/817
f 915/988/802 932/1006/817 916/989/803
f 916/989/803 932/1006/817 933/1007/818
f 916/989/803 933/1007/818 917/990/804
f 917/990/804 933/1007/818 934/1008/819
f 917/990/804 934/1008/819 918/991/805
f 918/991/805 934/1008/819 935/1009/820
f 918/991/805 935/1009/820 919/992/806
f 919/992/806 935/1009/820 936/1010/821
f 919/992/806 936/1010/821 920/993/807
f 920/993/807 936/1010/821 937/1011/822
f 920/993/807 937/1011/822 921/994/808
f 921/994/808 937/1011/822 938/1012/17
f 921/994/808 938/1012/17 922/995/17
f 922/995/17 938/1012/17 939/1013/823
f 922/995/17 939/1013/823 923/996/809
f 923/996/809 939/1013/823 940/1014/824
f 923/996/809 940/1014/824 924/997/810
f 924/997/810 940/1014/824 941/1015/825
f 924/997/810 941/1015/825 925/998/811
f 925/998/811 941/1015/825 942/1016/826
f 925/998/811 942/1016/826 926/999/812
f 926/999/812 942/1016/826 943/1017/827
f 926/999/812 943/1017/827 927/1000/813
f 927/1000/813 943/1017/827 944/1018/828
f 927/1000/813 944/1018/828 928/1001/814
f 928/1001/814 944/1018/828 945/1019/829
f 928/1001/814 945/1019/829 929/1002/815
f 929/1002/815 945/1019/829 930/1020/2
f 929/1002/815 930/1020/2 914/1003/2
f 930/1004/2 946/1021/2 947/1022/830
f 930/1004/2 947/1022/830 931/1005/816
f 931/1005/816 947/1022/830 948/1023/831
f 931/1005/816 948/1023/831 932/1006/817
f 932/1006/817 948/1023/831 949/1024/832
f 932/1006/817 949/1024/832 933/1007/818
f 933/1007/818 949/1024/832 950/1025/833
f 933/1007/818 950/1025/833 934/1008/819
f 934/1008/819 950/1025/833 951/1026/834
f 934/1008/819 951/1026/834 935/1009/820
f 935/1009/820 951/1026/834 952/1027/835
f 935/1009/820 952/1027/835 936/1010/821
f 936/1010/821 952/1027/835 953/1028/836
f 936/1010/821 953/1028/836 937/1011/822
f 937/1011/822 953/1028/836 954/1029/17
f 937/1011/822 954/1029/17 938/1012/17
f 938/1012/17 954/1029/17 955/1030/837
f 938/1012/17 955/1030/837 939/1013/823
f 939/1013/823 955/1030/837 956/1031/838
f 939/1013/823 956/1031/838 940/1014/824
f 940/1014/824 956/1031/838 957/1032/839
f 940/1014/824 957/1032/839 941/1015/825
f 941/1015/825 957/1032/839 958/1033/840
f 941/1015/825 958/1033/840 942/1016/826
f 942/1016/826 958/1033/840 959/1034/841
f 942/1016/826 959/1034/841 943/1017/827
f 943/1017/827 959/1034/841 960/1035/842
f 943/1017/827 960/1035/842 944/1018/828
f 944/1018/828 960/1035/842 961/1036/843
f 944/1018/828 961/1036/843 945/1019/829
f 945/1019/829 961/1036/843 946/1037/2
f 945/1019/829 946/1037/2 930/1020/2
f 946/1021/2 962/1038/2 963/1039/844
f 946/1021/2 963/1039/844 947/1022/830
f 947/1022/830 963/1039/844 964/1040/845
f 947/1022/830 964/1040/845 948/1023/831
f 948/1023/831 964/1040/845 965/1041/846
f 948/1023/831 965/1041/846 949/1024/832
f 949/1024/832 965/1041/846 966/1042/847
f 949/1024/832 966/1042/847 950/1025/833
f 950/1025/833 966/1042/847 967/1043/848
f 950/1025/833 967/1043/848 951/1026/834
f 951/1026/834 967/1043/848 968/1044/849
f 951/1026/834 968/1044/849 952/1027/835
f 952/1027/835 968/1044/849 969/1045/850
f 952/1027/835 969/1045/850 953/1028/836
f 953/1028/836 969/1045/850 970/1046/17
f 953/1028/836 970/1046/17 954/1029/17
f 954/1029/17 970/1046/17 971/1047/851
f 954/1029/17 971/1047/851 955/1030/837
f 955/1030/837 971/1047/851 972/1048/852
f 955/1030/837 972/1048/852 956/1031/838
f 956/1031/838 972/1048/852 973/1049/853
f 956/1031/838 973/1049/853 957/1032/839
f 957/1032/839 973/1049/853 974/1050/854
f 957/1032/839 974/1050/854 958/1033/840
f 958/1033/840 974/1050/854 975/1051/855
f 958/1033/840 975/1051/855 959/1034/841
f 959/1034/841 975/1051/855 976/1052/856
f 959/1034/841 976/1052/856 960/1035/842
f 960/1035/842 976/1052/856 977/1053/857
f 960/1035/842 977/1053/857 961/1036/843
f 961/1036/843 977/1053/857 962/1054/2
f 961/1036/843 962/1054/2 946/1037/2
f 962/1038/2 978/1055/2 979/1056/858
f 962/1038/2 979/1056/858 963/1039/844
f 963/1039/844 979/1056/858 980/1057/859
f 963/1039/844 980/1057/859 964/1040/845
f 964/1040/845 980/1057/859 981/1058/860
f 964/1040/845 981/1058/860 965/1041/846
f 965/1041/846 981/1058/860 982/1059/861
f 965/1041/846 982/1059/861 966/1042/847
f 966/1042/847 982/1059/861 983/1060/862
f 966/1042/847 983/1060/862 967/1043/848
f 967/1043/848 983/1060/862 984/1061/863
f 967/1043/848 984/1061/863 968/1044/849
f 968/1044/849 984/1061/863 985/1062/864
f 968/1044/849 985/1062/864 969/1045/850
f 969/1045/850 985/1062/864 986/1063/17
f 969/1045/850 986/1063/17 970/1046/17
f 970/1046/17 986/1063/17 987/1064/865
f 970/1046/17 987/1064/865 971/1047/851
f 971/1047/851 987/1064/865 988/1065/866
f 971/1047/851 988/1065/866 972/1048/852
f 972/1048/852 988/1065/866 989/1066/867
f 972/1048/852 989/1066/867 973/1049/853
f 973/1049/853 989/1066/867 990/1067/868
f 973/1049/853 990/1067/868 974/1050/854
f 974/1050/854 990/1067/868 991/1068/869
f 974/1050/854 991/1068/869 975/1051/855
f 975/1051/855 991/1068/869 992/1069/870
f 975/1051/855 992/1069/870 976/1052/856
f 976/1052/856 992/1069/870 993/1070/871
f 976/1052/856 993/1070/871 977/1053/857
f 977/1053/857 993/1070/871 978/1071/2
f 977/1053/857 978/1071/2 962/1054/2
f 978/1055/2 994/1072/2 995/1073/872
f 978/1055/2 995/1073/872 979/1056/858
f 979/1056/858 995/1073/872 996/1074/873
f 979/1056/858 996/1074/873 980/1057/859
f 980/1057/859 996/1074/873 997/1075/874
f 980/1057/859 997/1075/874 981/1058/860
f 981/1058/860 997/1075/874 998/1076/875
f 981/1058/860 998/1076/875 982/1059/861
f 982/1059/861 998/1076/875 999/1077/876
f 982/1059/861 999/1077/876 983/1060/862
f 983/1060/862 999/1077/876 1000/1078/877
f 983/1060/862 1000/1078/877 984/1061/863
f 984/1061/863 1000/1078/877 1001/1079/878
f 984/1061/863 1001/1079/878 985/1062/864
f 985/1062/864 1001/1079/878 1002/1080/17
f 985/1062/864 1002/1080/17 986/1063/17
f 986/1063/17 1002/1080/17 1003/1081/879
f 986/1063/17 1003/1081/879 987/1064/865
f 987/1064/865 1003/1081/879 1004/1082/880
f 987/1064/865 1004/1082/880 988/1065/866
f 988/1065/866 1004/1082/880 1005/1083/881
f 988/1065/866 1005/1083/881 989/1066/867
f 989/1066/867 1005/1083/881 1006/1084/882
f 989/1066/867 1006/1084/882 990/1067/868
f 990/1067/868 1006/1084/882 1007/1085/883
f 990/1067/868 1007/1085/883 991/1068/869
f 991/1068/869 1007/1085/883 1008/1086/884
f 991/1068/869 1008/1086/884 992/1069/870
f 992/1069/870 1008/1086/884 1009/1087/885
f 992/1069/870 1009/1087/885 993/1070/871
f 993/1070/871 1009/1087/885 994/1088/2
f 993/1070/871 994/1088/2 978/1071/2
f 994/1072/2 1010/1089/2 1011/1090/886
f 994/1072/2 1011/1090/886 995/1073/872
f 995/1073/872 1011/1090/886 1012/1091/887
f 995/1073/872 1012/1091/887 996/1074/873
f 996/1074/873 1012/1091/887 1013/1092/888
f 996/1074/873 1013/1092/888 997/1075/874
f 997/1075/874 1013/1092/888 1014/1093/889
f 997/1075/874 1014/1093/889 998/1076/875
f 998/1076/875 1014/1093/889 1015/1094/890
f 998/1076/875 1015/1094/890 999/1077/876
f 999/1077/876 1015/1094/890 1016/1095/891
f 999/1077/876 1016/1095/891 1000/1078/877
f 1000/1078/877 1016/1095/891 1017/1096/892
f 1000/1078/877 1017/1096/892 1001/1079/878
f 1001/1079/878 1017/1096/892 1018/1097/17
f 1001/1079/878 1018/1097/17 1002/1080/17
f 1002/1080/17 1018/1097/17 1019/1098/893
f 1002/1080/17 1019/1098/893 1003/1081/879
f 1003/1081/879 1019/1098/893 1020/1099/894
f 1003/1081/879 1020/1099/894 1004/1082/880
f 1004/1082/880 1020/1099/894 1021/1100/895
f 1004/1082/880 1021/1100/895 1005/1083/881
f 1005/1083/881 1021/1100/895 1022/1101/896
f 1005/1083/881 1022/1101/896 1006/1084/882
f 1006/1084/882 1022/1101/896 1023/1102/897
f 1006/1084/882 1023/1102/897 1007/1085/883
f 1007/1085/883 1023/1102/897 1024/1103/898
f 1007/1085/883 1024/1103/898 1008/1086/884
f 1008/1086/884 1024/1103/898 1025/1104/899
f 1008/1086/884 1025/1104/899 1009/1087/885
f 1009/1087/885 1025/1104/899 1010/1105/2
f 1009/1087/885 1010/1105/2 994/1088/2
f 1010/1089/2 1026/1106/2 1027/1107/900
f 1010/1089/2 1027/1107/900 1011/1090/886
f 1011/1090/886 1027/1107/900 1028/1108/901
f 1011/1090/886 1028/1108/901 1012/1091/887
f 1012/1091/887 1028/1108/901 1029/1109/902
f 1012/1091/887 1029/1109/902 1013/1092/888
f 1013/1092/888 1029/1109/902 1030/1110/903
f 1013/1092/888 1030/1110/903 1014/1093/889
f 1014/1093/889 1030/1110/903 1031/1111/904
f 1014/1093/889 1031/1111/904 1015/1094/890
f 1015/1094/890 1031/1111/904 1032/1112/905
f 1015/1094/890 1032/1112/905 1016/1095/891
f 1016/1095/891 1032/1112/905 1033/1113/906
f 1016/1095/891 1033/1113/906 1017/1096/892
f 1017/1096/892 1033/1113/906 1034/1114/17
f 1017/1096/892 1034/1114/17 1018/1097/17
f 1018/1097/17 1034/1114/17 1035/1115/907
f 1018/1097/17 1035/1115/907 1019/1098/893
f 1019/1098/893 1035/1115/907 1036/1116/908
f 1019/1098/893 1036/1116/908 1020/1099/894
f 1020/1099/894 1036/1116/908 1037/1117/909
f 1020/1099/894 1037/1117/909 1021/1100/895
f 1021/1100/895 1037/1117/909 1038/1118/910
f 1021/1100/895 1038/1118/910 1022/1101/896
f 1022/1101/896 1038/1118/910 1039/1119/911
f 1022/1101/896 1039/1119/911 1023/1102/897
f 1023/1102/897 1039/1119/911 1040/1120/912
f 1023/1102/897 1040/1120/912 1024/1103/898
f 1024/1103/898 1040/1120/912 1041/1121/913
f 1024/1103/898 1041/1121/913 1025/1104/899
f 1025/1104/899 1041/1121/913 1026/1122/2
f 1025/1104/899 1026/1122/2 1010/1105/2
f 1026/1106/2 1042/1123/2 1043/1124/914
f 1026/1106/2 1043/1124/914 1027/1107/900
f 1027/1107/900 1043/1124/914 1044/1125/915
f 1027/1107/900 1044/1125/915 1028/1108/901
f 1028/1108/901 1044/1125/915 1045/1126/916
f 1028/1108/901 1045/1126/916 1029/1109/902
f 1029/1109/902 1045/1126/916 1046/1127/917
f 1029/1109/902 1046/1127/917 1030/1110/903
f 1030/1110/903 1046/1127/917 1047/1128/918
f 1030/1110/903 1047/1128/918 1031/1111/904
f 1031/1111/904 1047/1128/918 1048/1129/919
f 1031/1111/904 1048/1129/919 1032/1112/905
f 1032/1112/905 1048/1129/919 1049/1130/920
f 1032/1112/905 1049/1130/920 1033/1113/906
f 1033/1113/906 1049/1130/920 1050/1131/17
f 1033/1113/906 1050/1131/17 1034/1114/17
f 1034/1114/17 1050/1131/17 1051/1132/921
f 1034/1114/17 1051/1132/921 1035/1115/907
f 1035/1115/907 1051/1132/921 1052/1133/922
f 1035/1115/907 1052/1133/922 1036/1116/908
f 1036/1116/908 1052/1133/922 1053/1134/923
f 1036/1116/908 1053/1134/923 1037/1117/909
f 1037/1117/909 1053/1134/923 1054/1135/924
f 1037/1117/909 1054/1135/924 1038/1118/910
f 1038/1118/910 1054/1135/924 1055/1136/925
f 1038/1118/910 1055/1136/925 1039/1119/911
f 1039/1119/911 1055/1136/925 1056/1137/926
f 1039/1119/911 1056/1137/926 1040/1120/912
f 1040/1120/912 1056/1137/926 1057/1138/927
f 1040/1120/912 1057/1138/927 1041/1121/913
f 1041/1121/913 1057/1138/927 1042/1139/2
f 1041/1121/913 1042/1139/2 1026/1122/2
f 1042/1123/2 1058/1140/2 1059/1141/928
f 1042/1123/2 1059/1141/928 1043/1124/914
f 1043/1124/914 1059/1141/928 1060/1142/929
f 1043/1124/914 1060/1142/929 1044/1125/915
f 1044/1125/915 1060/1142/929 1061/1143/930
f 1044/1125/915 1061/1143/930 1045/1126/916
f 1045/1126/916 1061/1143/930 1062/1144/931
f 1045/1126/916 1062/1144/931 1046/1127/917
f 1046/1127/917 1062/1144/931 1063/1145/932
f 1046/1127/917 1063/1145/932 1047/1128/918
f 1047/1128/918 1063/1145/932 1064/1146/933
f 1047/1128/918 1064/1146/933 1048/1129/919
f 1048/1129/919 1064/1146/933 1065/1147/934
f 1048/1129/919 1065/1147/934 1049/1130/920
f 1049/1130/920 1065/1147/934 1066/1148/17
f 1049/1130/920 1066/1148/17 1050/1131/17
f 1050/1131/17 1066/1148/17 1067/1149/935
f 1050/1131/17 1067/1149/935 1051/1132/921
f 1051/1132/921 1067/1149/935 1068/1150/936
f 1051/1132/921 1068/1150/936 1052/1133/922
f 1052/1133/922 1068/1150/936 1069/1151/937
f 1052/1133/922 1069/1151/937 1053/1134/923
f 1053/1134/923 1069/1151/937 1070/1152/938
f 1053/1134/923 1070/1152/938 1054/1135/924
f 1054/1135/924 1070/1152/938 1071/1153/939
f 1054/1135/924 1071/1153/939 1055/1136/925
f 1055/1136/925 1071/1153/939 1072/1154/940
f 1055/1136/925 1072/1154/940 1056/1137/926
f 1056/1137/926 1072/1154/940 1073/1155/941
f 1056/1137/926 1073/1155/941 1057/1138/927
f 1057/1138/927 1073/1155/941 1058/1156/2
f 1057/1138/927 1058/1156/2 1042/1139/2
f 1058/1140/2 1074/1157/2 1075/1158/942
f 1058/1140/2 1075/1158/942 1059/1141/928
f 1059/1141/928 1075/1158/942 1076/1159/943
f 1059/1141/928 1076/1159/943 1060/1142/929
f 1060/1142/929 1076/1159/943 1077/1160/944
f 1060/1142/929 1077/1160/944 1061/1143/930
f 1061/1143/930 1077/1160/944 1078/1161/945
f 1061/1143/930 1078/1161/945 1062/1144/931
f 1062/1144/931 1078/1161/945 1079/1162/946
f 1062/1144/931 1079/1162/946 1063/1145/932
f 1063/1145/932 1079/1162/946 1080/1163/947
f 1063/1145/932 1080/1163/947 1064/1146/933
f 1064/1146/933 1080/1163/947 1081/1164/948
f 1064/1146/933 1081/1164/948 1065/1147/934
f 1065/1147/934 1081/1164/948 1082/1165/17
f 1065/1147/934 1082/1165/17 1066/1148/17
f 1066/1148/17 1082/1165/17 1083/1166/949
f 1066/1148/17 1083/1166/949 1067/1149/935
f 1067/1149/935 1083/1166/949 1084/1167/950
f 1067/1149/935 1084/1167/950 1068/1150/936
f 1068/1150/936 1084/1167/950 1085/1168/951
f 1068/1150/936 1085/1168/951 1069/1151/937
f 1069/1151/937 1085/1168/951 1086/1169/952
f 1069/1151/937 1086/1169/952 1070/1152/938
f 1070/1152/938 1086/1169/952 1087/1170/953
f 1070/1152/938 1087/1170/953 1071/1153/939
f 1071/1153/939 1087/1170/953 1088/1171/954
f 1071/1153/939 1088/1171/954 1072/1154/940
f 1072/1154/940 1088/1171/954 1089/1172/955
f 1072/1154/940 1089/1172/955 1073/1155/941
f 1073/1155/941 1089/1172/955 1074/1173/2
f 1073/1155/941 1074/1173/2 1058/1156/2
f 1074/1157/2 1090/1174/2 1091/1175/956
f 1074/1157/2 1091/1175/956 1075/1158/942
f 1075/1158/942 1091/1175/956 1092/1176/957
f 1075/1158/942 1092/1176/957 1076/1159/943
f 1076/1159/943 1092/1176/957 1093/1177/958
f 1076/1159/943 1093/1177/958 1077/1160/944
f 1077/1160/944 1093/1177/958 1094/1178/959
f 1077/1160/944 1094/1178/959 1078/1161/945
f 1078/1161/945 1094/1178/959 1095/1179/960
f 1078/1161/945 1095/1179/960 1079/1162/946
f 1079/1162/946 1095/1179/960 1096/1180/961
f 1079/1162/946 1096/1180/961 1080/1163/947
f 1080/1163/947 1096/1180/961 1097/1181/962
f 1080/1163/947 1097/1181/962 1081/1164/948
f 1081/1164/948 1097/1181/962 1098/1182/17
f 1081/1164/948 1098/1182/17 1082/1165/17
f 1082/1165/17 1098/1182/17 1099/1183/963
f 1082/1165/17 1099/1183/963 1083/1166/949
f 1083/1166/949 1099/1183/963 1100/1184/964
f 1083/1166/949 1100/1184/964 1084/1167/950
f 1084/1167/950 1100/1184/964 1101/1185/965
f 1084/1167/950 1101/1185/965 1085/1168/951
f 1085/1168/951 1101/1185/965 1102/1186/966
f 1085/1168/951 1102/1186/966 1086/1169/952
f 1086/1169/952 1102/1186/966 1103/1187/967
f 1086/1169/952 1103/1187/967 1087/1170/953
f 1087/1170/953 1103/1187/967 1104/1188/968
f 1087/1170/953 1104/1188/968 1088/1171/954
f 1088/1171/954 1104/1188/968 1105/1189/969
f 1088/1171/954 1105/1189/969 1089/1172/955
f 1089/1172/955 1105/1189/969 1090/1190/2
f 1089/1172/955 1090/1190/2 1074/1173/2
f 1090/1174/2 1106/1191/2 1107/1192/970
f 1090/1174/2 1107/1192/970 1091/1175/956
f 1091/1175/956 1107/1192/970 1108/1193/971
f 1091/1175/956 1108/1193/971 1092/1176/957
f 1092/1176/957 1108/1193/971 1109/1194/972
f 1092/1176/957 1109/1194/972 1093/1177/958
f 1093/1177/958 1109/1194/972 1110/1195/973
f 1093/1177/958 1110/1195/973 1094/1178/959
f 1094/1178/959 1110/1195/973 1111/1196/974
f 1094/1178/959 1111/1196/974 1095/1179/960
f 1095/1179/960 1111/1196/974 1112/1197/975
f 1095/1179/960 1112/1197/975 1096/1180/961
f 1096/1180/961 1112/1197/975 1113/1198/976
f 1096/1180/961 1113/1198/976 1097/1181/962
f 1097/1181/962 1113/1198/976 1114/1199/17
f 1097/1181/962 1114/1199/17 1098/1182/17
f 1098/1182/17 1114/1199/17 1115/1200/977
f 1098/1182/17 1115/1200/977 1099/1183/963
f 1099/1183/963 1115/1200/977 1116/1201/978
f 1099/1183/963 1116/1201/978 1100/1184/964
f 1100/1184/964 1116/1201/978 1117/1202/979
f 1100/1184/964 1117/1202/979 1101/1185/965
f 1101/1185/965 1117/1202/979 1118/1203/980
f 1101/1185/965 1118/1203/980 1102/1186/966
f 1102/1186/966 1118/1203/980 1119/1204/981
f 1102/1186/966 1119/1204/981 1103/1187/967
f 1103/1187/967 1119/1204/981 1120/1205/982
f 1103/1187/967 1120/1205/982 1104/1188/968
f 1104/1188/968 1120/1205/982 1121/1206/983
f 1104/1188/968 1121/1206/983 1105/1189/969
f 1105/1189/969 1121/1206/983 1106/1207/2
f 1105/1189/969 1106/1207/2 1090/1190/2
f 1106/1191/2 1122/1208/2 1123/1209/984
f 1106/1191/2 1123/1209/984 1107/1192/970
f 1107/1192/970 1123/1209/984 1124/1210/985
f 1107/1192/970 1124/1210/985 1108/1193/971
f 1108/1193/971 1124/1210/985 1125/1211/986
f 1108/1193/971 1125/1211/986 1109/1194/972
f 1109/1194/972 1125/1211/986 1126/1212/987
f 1109/1194/972 1126/1212/987 1110/1195/973
f 1110/1195/973 1126/1212/987 1127/1213/988
f 1110/1195/973 1127/1213/988 1111/1196/974
f 1111/1196/974 1127/1213/988 1128/1214/989
f 1111/1196/974 1128/1214/989 1112/1197/975
f 1112/1197/975 1128/1214/989 1129/1215/990
f 1112/1197/975 1129/1215/990 1113/1198/976
f 1113/1198/976 1129/1215/990 1130/1216/17
f 1113/1198/976 1130/1216/17 1114/1199/17
f 1114/1199/17 1130/1216/17 1131/1217/991
f 1114/1199/17 1131/1217/991 1115/1200/977
f 1115/1200/977 1131/1217/991 1132/1218/992
f 1115/1200/977 1132/1218/992 1116/1201/978
f 1116/1201/978 1132/1218/992 1133/1219/993
f 1116/1201/978 1133/1219/993 1117/1202/979
f 1117/1202/979 1133/1219/993 1134/1220/994
f 1117/1202/979 1134/1220/994 1118/1203/980
f 1118/1203/980 1134/1220/994 1135/1221/995
f 1118/1203/980 1135/1221/995 1119/1204/981
f 1119/1204/981 1135/1221/995 1136/1222/996
f 1119/1204/981 1136/1222/996 1120/1205/982
f 1120/1205/982 1136/1222/996 1137/1223/997
f 1120/1205/982 1137/1223/997 1121/1206/983
f 1121/1206/983 1137/1223/997 1122/1224/2
f 1121/1206/983 1122/1224/2 1106/1207/2
f 1122/1208/2 1138/1225/2 1139/1226/998
f 1122/1208/2 1139/1226/998 1123/1209/984
f 1123/1209/984 1139/1226/998 1140/1227/999
f 1123/1209/984 1140/1227/999 1124/1210/985
f 1124/1210/985 1140/1227/999 1141/1228/1000
f 1124/1210/985 1141/1228/1000 1125/1211/986
f 1125/1211/986 1141/1228/1000 1142/1229/1001
f 1125/1211/986 1142/1229/1001 1126/1212/987
f 1126/1212/987 1142/1229/1001 1143/1230/1002
f 1126/1212/987 1143/1230/1002 1127/1213/988
f 1127/1213/988 1143/1230/1002 1144/1231/1003
f 1127/1213/988 1144/1231/1003 1128/1214/989
f 1128/1214/989 1144/1231/1003 1145/1232/1004
f 1128/1214/989 1145/1232/1004 1129/1215/990
f 1129/1215/990 1145/1232/1004 1146/1233/17
f 1129/1215/990 1146/1233/17 1130/1216/17
f 1130/1216/17 1146/1233/17 1147/1234/1005
f 1130/1216/17 1147/1234/1005 1131/1217/991
f 1131/1217/991 1147/1234/1005 1148/1235/1006
f 1131/1217/991 1148/1235/1006 1132/1218/992
f 1132/1218/992 1148/1235/1006 1149/1236/1007
f 1132/1218/992 1149/1236/1007 1133/1219/993
f 1133/1219/993 1149/1236/1007 1150/1237/1008
f 1133/1219/993 1150/1237/1008 1134/1220/994
f 1134/1220/994 1150/1237/1008 1151/1238/1009
f 1134/1220/994 1151/1238/1009 1135/1221/995
f 1135/1221/995 1151/1238/1009 1152/1239/1010
f 1135/1221/995 1152/1239/1010 1136/1222/996
f 1136/1222/996 1152/1239/1010 1153/1240/1011
f 1136/1222/996 1153/1240/1011 1137/1223/997
f 1137/1223/997 1153/1240/1011 1138/1241/2
f 1137/1223/997 1138/1241/2 1122/1224/2
f 1138/1225/2 1154/1242/2 1155/1243/1012
f 1138/1225/2 1155/1243/1012 1139/1226/998
f 1139/1226/998 1155/1243/1012 1156/1244/1013
f 1139/1226/998 1156/1244/1013 1140/1227/999
f 1140/1227/999 1156/1244/1013 1157/1245/1014
f 1140/1227/999 1157/1245/1014 1141/1228/1000
f 1141/1228/1000 1157/1245/1014 1158/1246/1015
f 1141/1228/1000 1158/1246/1015 1142/1229/1001
f 1142/1229/1001 1158/1246/1015 1159/1247/1016
f 1142/1229/1001 1159/1247/1016 1143/1230/1002
f 1143/1230/1002 1159/1247/1016 1160/1248/1017
f 1143/1230/1002 1160/1248/1017 1144/1231/1003
f 1144/1231/1003 1160/1248/1017 1161/1249/1018
f 1144/1231/1003 1161/1249/1018 1145/1232/1004
f 1145/1232/1004 1161/1249/1018 1162/1250/17
f 1145/1232/1004 1162/1250/17 1146/1233/17
f 1146/1233/17 1162/1250/17 1163/1251/1019
f 1146/1233/17 1163/1251/1019 1147/1234/1005
f 1147/1234/1005 1163/1251/1019 1164/1252/1020
f 1147/1234/1005 1164/1252/1020 1148/1235/1006
f 1148/1235/1006 1164/1252/1020 1165/1253/1021
f 1148/1235/1006 1165/1253/1021 1149/1236/1007
f 1149/1236/1007 1165/1253/1021 1166/1254/1022
f 1149/1236/1007 1166/1254/1022 1150/1237/1008
f 1150/1237/1008 1166/1254/1022 1167/1255/1023
f 1150/1237/1008 1167/1255/1023 1151/1238/1009
f 1151/1238/1009 1167/1255/1023 1168/1256/1024
f 1151/1238/1009 1168/1256/1024 1152/1239/1010
f 1152/1239/1010 1168/1256/1024 1169/1257/1025
f 1152/1239/1010 1169/1257/1025 1153/1240/1011
f 1153/1240/1011 1169/1257/1025 1154/1258/2
f 1153/1240/1011 1154/1258/2 1138/1241/2
f 1154/1242/2 1170/1259/2 1171/1260/1026
f 1154/1242/2 1171/1260/1026 1155/1243/1012
f 1155/1243/1012 1171/1260/1026 1172/1261/1027
f 1155/1243/1012 1172/1261/1027 1156/1244/1013
f 1156/1244/1013 1172/1261/1027 1173/1262/1028
f 1156/1244/1013 1173/1262/1028 1157/1245/1014
f 1157/1245/1014 1173/1262/1028 1174/1263/1029
f 1157/1245/1014 1174/1263/1029 1158/1246/1015
f 1158/1246/1015 1174/1263/1029 1175/1264/1030
f 1158/1246/1015 1175/1264/1030 1159/1247/1016
f 1159/1247/1016 1175/1264/1030 1176/1265/1031
f 1159/1247/1016 1176/1265/1031 1160/1248/1017
f 1160/1248/1017 1176/1265/1031 1177/1266/1032
f 1160/1248/1017 1177/1266/1032 1161/1249/1018
f 1161/1249/1018 1177/1266/1032 1178/1267/17
f 1161/1249/1018 1178/1267/17 1162/1250/17
f 1162/1250/17 1178/1267/17 1179/1268/1033
f 1162/1250/17 1179/1268/1033 1163/1251/1019
f 1163/1251/1019 1179/1268/1033 1180/1269/1034
f 1163/1251/1019 1180/1269/1034 1164/1252/1020
f 1164/1252/1020 1180/1269/1034 1181/1270/1035
f 1164/1252/1020 1181/1270/1035 1165/1253/1021
f 1165/1253/1021 1181/1270/1035 1182/1271/1036
f 1165/1253/1021 1182/1271/1036 1166/1254/1022
f 1166/1254/1022 1182/1271/1036 1183/1272/1037
f 1166/1254/1022 1183/1272/1037 1167/1255/1023
f 1167/1255/1023 1183/1272/1037 1184/1273/1038
f 1167/1255/1023 1184/1273/1038 1168/1256/1024
f 1168/1256/1024 1184/1273/1038 1185/1274/1039
f 1168/1256/1024 1185/1274/1039 1169/1257/1025
f 1169/1257/1025 1185/1274/1039 1170/1275/2
f 1169/1257/1025 1170/1275/2 1154/1258/2
f 1186/1/1040 1171/3/1040 1170/2/1040
f 1186/1/1040 1172/4/1040 1171/3/1040
f 1186/1/1040 1173/5/1040 1172/4/1040
f 1186/1/1040 1174/6/1040 1173/5/1040
f 1186/1/1040 1175/7/1040 1174/6/1040
f 1186/1/1040 1176/8/1040 1175/7/1040
f 1186/1/1040 1177/9/1040 1176/8/1040
f 1186/1/1040 1178/10/1040 1177/9/1040
f 1186/1/1040 1179/11/1040 1178/10/1040
f 1186/1/1040 1180/12/1040 1179/11/1040
f 1186/1/1040 1181/13/1040 1180/12/1040
f 1186/1/1040 1182/14/1040 1181/13/1040
f 1186/1/1040 1183/15/1040 1182/14/1040
f 1186/1/1040 1184/16/1040 1183/15/1040
f 1186/1/1040 1185/17/1040 1184/16/1040
f 1186/1/1040 1170/2/1040 1185/17/1040
