# Procedurally generated by dev-env-utils/scripts/gen_mast_arm_curves.py
# inventory icon: whole sweep fitted to one block
mtllib mastarmcurve.mtl
o mastarm_10x2_inv
v 0.500000 0.401557 0.991160
v 0.530465 0.397977 1.000000
v 0.528120 0.411873 0.996815
v 0.521496 0.425046 0.990563
v 0.511623 0.434184 0.985449
v 0.500000 0.437427 0.983545
v 0.488377 0.434184 0.985449
v 0.478504 0.425046 0.990563
v 0.471880 0.411873 0.996815
v 0.469535 0.397977 1.000000
v 0.471849 0.386662 0.996852
v 0.478461 0.378555 0.990594
v 0.488347 0.373536 0.985459
v 0.500000 0.371820 0.983545
v 0.511653 0.373536 0.985459
v 0.521539 0.378555 0.990594
v 0.528151 0.386662 0.996852
v 0.530358 0.409584 0.971402
v 0.528047 0.420371 0.975716
v 0.521466 0.429515 0.979374
v 0.511618 0.435626 0.981818
v 0.500000 0.437771 0.982676
v 0.488382 0.435626 0.981818
v 0.478534 0.429515 0.979374
v 0.471953 0.420371 0.975716
v 0.469642 0.409584 0.971402
v 0.471953 0.398798 0.967087
v 0.478534 0.389653 0.963429
v 0.488382 0.383543 0.960985
v 0.500000 0.381397 0.960127
v 0.511618 0.383543 0.960985
v 0.521466 0.389653 0.963429
v 0.528047 0.398798 0.967087
v 0.529493 0.412809 0.963306
v 0.527248 0.423300 0.967468
v 0.520855 0.432194 0.970996
v 0.511286 0.438137 0.973353
v 0.500000 0.440224 0.974181
v 0.488714 0.438137 0.973353
v 0.479145 0.432194 0.970996
v 0.472752 0.423300 0.967468
v 0.470507 0.412809 0.963306
v 0.472752 0.402318 0.959145
v 0.479145 0.393424 0.955617
v 0.488714 0.387481 0.953259
v 0.500000 0.385394 0.952432
v 0.511286 0.387481 0.953259
v 0.520855 0.393424 0.955617
v 0.527248 0.402318 0.959145
v 0.528767 0.416007 0.955211
v 0.526577 0.426251 0.959240
v 0.520341 0.434936 0.962656
v 0.511009 0.440739 0.964939
v 0.500000 0.442777 0.965740
v 0.488991 0.440739 0.964939
v 0.479659 0.434936 0.962656
v 0.473423 0.426251 0.959240
v 0.471233 0.416007 0.955211
v 0.473423 0.405762 0.951181
v 0.479659 0.397077 0.947765
v 0.488991 0.391274 0.945482
v 0.500000 0.389236 0.944681
v 0.511009 0.391274 0.945482
v 0.520341 0.397077 0.947765
v 0.526577 0.405762 0.951181
v 0.528203 0.419177 0.947115
v 0.526056 0.429233 0.951037
v 0.519942 0.437757 0.954361
v 0.510793 0.443453 0.956582
v 0.500000 0.445453 0.957362
v 0.489207 0.443453 0.956582
v 0.480058 0.437757 0.954361
v 0.473944 0.429233 0.951037
v 0.471797 0.419177 0.947115
v 0.473944 0.409122 0.943194
v 0.480058 0.400598 0.939869
v 0.489207 0.394902 0.937648
v 0.500000 0.392902 0.936868
v 0.510793 0.394902 0.937648
v 0.519942 0.400598 0.939869
v 0.526056 0.409122 0.943194
v 0.527846 0.422321 0.939020
v 0.525726 0.432260 0.942863
v 0.519690 0.440686 0.946121
v 0.510656 0.446316 0.948298
v 0.500000 0.448293 0.949062
v 0.489344 0.446316 0.948298
v 0.480310 0.440686 0.946121
v 0.474274 0.432260 0.942863
v 0.472154 0.422321 0.939020
v 0.474274 0.412382 0.935176
v 0.480310 0.403956 0.931918
v 0.489344 0.398326 0.929742
v 0.500000 0.396349 0.928977
v 0.510656 0.398326 0.929742
v 0.519690 0.403956 0.931918
v 0.525726 0.412382 0.935176
v 0.527778 0.425438 0.930924
v 0.525663 0.435364 0.934729
v 0.519642 0.443778 0.937955
v 0.510630 0.449401 0.940110
v 0.500000 0.451375 0.940867
v 0.489370 0.449401 0.940110
v 0.480358 0.443778 0.937955
v 0.474337 0.435364 0.934729
v 0.472222 0.425438 0.930924
v 0.474337 0.415512 0.927119
v 0.480358 0.407097 0.923894
v 0.489370 0.401475 0.921738
v 0.500000 0.399501 0.920981
v 0.510630 0.401475 0.921738
v 0.519642 0.407097 0.923894
v 0.525663 0.415512 0.927119
v 0.527747 0.428528 0.922829
v 0.525635 0.438454 0.926600
v 0.519620 0.446869 0.929798
v 0.510618 0.452491 0.931935
v 0.500000 0.454466 0.932685
v 0.489382 0.452491 0.931935
v 0.480380 0.446869 0.929798
v 0.474365 0.438454 0.926600
v 0.472253 0.428528 0.922829
v 0.474365 0.418602 0.919057
v 0.480380 0.410187 0.915859
v 0.489382 0.404564 0.913722
v 0.500000 0.402590 0.912972
v 0.510618 0.404564 0.913722
v 0.519620 0.410187 0.915859
v 0.525635 0.418602 0.919057
v 0.527717 0.431591 0.914733
v 0.525607 0.441517 0.918472
v 0.519599 0.449931 0.921641
v 0.510607 0.455554 0.923759
v 0.500000 0.457529 0.924503
v 0.489393 0.455554 0.923759
v 0.480401 0.449931 0.921641
v 0.474393 0.441517 0.918472
v 0.472283 0.431591 0.914733
v 0.474393 0.421665 0.910994
v 0.480401 0.413250 0.907825
v 0.489393 0.407627 0.905707
v 0.500000 0.405653 0.904963
v 0.510607 0.407627 0.905707
v 0.519599 0.413250 0.907825
v 0.525607 0.421665 0.910994
v 0.527687 0.434626 0.906638
v 0.525579 0.444552 0.910343
v 0.519577 0.452967 0.913485
v 0.510595 0.458590 0.915584
v 0.500000 0.460564 0.916321
v 0.489405 0.458590 0.915584
v 0.480423 0.452967 0.913485
v 0.474421 0.444552 0.910343
v 0.472313 0.434626 0.906638
v 0.474421 0.424700 0.902932
v 0.480423 0.416285 0.899790
v 0.489405 0.410663 0.897691
v 0.500000 0.408688 0.896954
v 0.510595 0.410663 0.897691
v 0.519577 0.416285 0.899790
v 0.525579 0.424700 0.902932
v 0.527656 0.437635 0.898542
v 0.525551 0.447561 0.902215
v 0.519556 0.455976 0.905328
v 0.510584 0.461599 0.907408
v 0.500000 0.463573 0.908139
v 0.489416 0.461599 0.907408
v 0.480444 0.455976 0.905328
v 0.474449 0.447561 0.902215
v 0.472344 0.437635 0.898542
v 0.474449 0.427709 0.894869
v 0.480444 0.419294 0.891756
v 0.489416 0.413672 0.889676
v 0.500000 0.411697 0.888945
v 0.510584 0.413672 0.889676
v 0.519556 0.419294 0.891756
v 0.525551 0.427709 0.894869
v 0.527626 0.440617 0.890446
v 0.525523 0.450543 0.894086
v 0.519534 0.458958 0.897171
v 0.510572 0.464580 0.899233
v 0.500000 0.466554 0.899957
v 0.489428 0.464580 0.899233
v 0.480466 0.458958 0.897171
v 0.474477 0.450543 0.894086
v 0.472374 0.440617 0.890446
v 0.474477 0.430691 0.886807
v 0.480466 0.422277 0.883722
v 0.489428 0.416654 0.881660
v 0.500000 0.414680 0.880936
v 0.510572 0.416654 0.881660
v 0.519534 0.422277 0.883722
v 0.525523 0.430691 0.886807
v 0.527596 0.443572 0.882351
v 0.525495 0.453497 0.885957
v 0.519513 0.461912 0.889015
v 0.510560 0.467534 0.891057
v 0.500000 0.469509 0.891775
v 0.489440 0.467534 0.891057
v 0.480487 0.461912 0.889015
v 0.474505 0.453497 0.885957
v 0.472404 0.443572 0.882351
v 0.474505 0.433646 0.878745
v 0.480487 0.425232 0.875687
v 0.489440 0.419610 0.873645
v 0.500000 0.417635 0.872927
v 0.510560 0.419610 0.873645
v 0.519513 0.425232 0.875687
v 0.525495 0.433646 0.878745
v 0.527565 0.446500 0.874255
v 0.525467 0.456425 0.877829
v 0.519492 0.464839 0.880858
v 0.510549 0.470461 0.882882
v 0.500000 0.472436 0.883592
v 0.489451 0.470461 0.882882
v 0.480508 0.464839 0.880858
v 0.474533 0.456425 0.877829
v 0.472435 0.446500 0.874255
v 0.474533 0.436575 0.870682
v 0.480508 0.428160 0.867653
v 0.489451 0.422538 0.865629
v 0.500000 0.420564 0.864919
v 0.510549 0.422538 0.865629
v 0.519492 0.428160 0.867653
v 0.525467 0.436575 0.870682
v 0.527535 0.449401 0.866160
v 0.525439 0.459325 0.869700
v 0.519470 0.467739 0.872701
v 0.510537 0.473361 0.874706
v 0.500000 0.475335 0.875410
v 0.489463 0.473361 0.874706
v 0.480530 0.467739 0.872701
v 0.474561 0.459325 0.869700
v 0.472465 0.449401 0.866160
v 0.474561 0.439476 0.862620
v 0.480530 0.431062 0.859619
v 0.489463 0.425440 0.857614
v 0.500000 0.423466 0.856910
v 0.510537 0.425440 0.857614
v 0.519470 0.431062 0.859619
v 0.525439 0.439476 0.862620
v 0.527505 0.452275 0.858064
v 0.525411 0.462199 0.861571
v 0.519449 0.470612 0.864544
v 0.510526 0.476234 0.866530
v 0.500000 0.478208 0.867228
v 0.489474 0.476234 0.866530
v 0.480551 0.470612 0.864544
v 0.474589 0.462199 0.861571
v 0.472495 0.452275 0.858064
v 0.474589 0.442350 0.854558
v 0.480551 0.433937 0.851585
v 0.489474 0.428315 0.849599
v 0.500000 0.426341 0.848901
v 0.510526 0.428315 0.849599
v 0.519449 0.433937 0.851585
v 0.525411 0.442350 0.854558
v 0.527474 0.455122 0.849969
v 0.525383 0.465045 0.853442
v 0.519427 0.473458 0.856387
v 0.510514 0.479079 0.858354
v 0.500000 0.481053 0.859045
v 0.489486 0.479079 0.858354
v 0.480573 0.473458 0.856387
v 0.474617 0.465045 0.853442
v 0.472526 0.455122 0.849969
v 0.474617 0.445198 0.846496
v 0.480573 0.436785 0.843551
v 0.489486 0.431164 0.841584
v 0.500000 0.429190 0.840893
v 0.510514 0.431164 0.841584
v 0.519427 0.436785 0.843551
v 0.525383 0.445198 0.846496
v 0.527444 0.457941 0.841873
v 0.525355 0.467864 0.845313
v 0.519406 0.476277 0.848230
v 0.510502 0.481898 0.850178
v 0.500000 0.483871 0.850862
v 0.489498 0.481898 0.850178
v 0.480594 0.476277 0.848230
v 0.474645 0.467864 0.845313
v 0.472556 0.457941 0.841873
v 0.474645 0.448019 0.838433
v 0.480594 0.439606 0.835517
v 0.489498 0.433985 0.833569
v 0.500000 0.432012 0.832884
v 0.510502 0.433985 0.833569
v 0.519406 0.439606 0.835517
v 0.525355 0.448019 0.838433
v 0.527441 0.458157 0.841250
v 0.525353 0.468080 0.844688
v 0.519404 0.476492 0.847602
v 0.510501 0.482113 0.849549
v 0.500000 0.484087 0.850233
v 0.489499 0.482113 0.849549
v 0.480596 0.476492 0.847602
v 0.474647 0.468080 0.844688
v 0.472559 0.458157 0.841250
v 0.474647 0.448234 0.837813
v 0.480596 0.439822 0.834899
v 0.489499 0.434201 0.832952
v 0.500000 0.432228 0.832268
v 0.510501 0.434201 0.832952
v 0.519404 0.439822 0.834899
v 0.525353 0.448234 0.837813
v 0.527413 0.460734 0.833778
v 0.525327 0.470657 0.837184
v 0.519384 0.479068 0.840072
v 0.510491 0.484689 0.842002
v 0.500000 0.486662 0.842680
v 0.489509 0.484689 0.842002
v 0.480616 0.479068 0.840072
v 0.474673 0.470657 0.837184
v 0.472587 0.460734 0.833778
v 0.474673 0.450812 0.830371
v 0.480616 0.442401 0.827483
v 0.489509 0.436780 0.825554
v 0.500000 0.434807 0.824876
v 0.510491 0.436780 0.825554
v 0.519384 0.442401 0.827483
v 0.525327 0.450812 0.830371
v 0.527383 0.463500 0.825682
v 0.525299 0.473422 0.829056
v 0.519363 0.481833 0.831915
v 0.510479 0.487452 0.833826
v 0.500000 0.489426 0.834497
v 0.489521 0.487452 0.833826
v 0.480637 0.481833 0.831915
v 0.474701 0.473422 0.829056
v 0.472617 0.463500 0.825682
v 0.474701 0.453579 0.822309
v 0.480637 0.445168 0.819449
v 0.489521 0.439548 0.817539
v 0.500000 0.437575 0.816868
v 0.510479 0.439548 0.817539
v 0.519363 0.445168 0.819449
v 0.525299 0.453579 0.822309
v 0.527353 0.466239 0.817587
v 0.525271 0.476160 0.820927
v 0.519341 0.484570 0.823758
v 0.510467 0.490189 0.825650
v 0.500000 0.492162 0.826314
v 0.489533 0.490189 0.825650
v 0.480659 0.484570 0.823758
v 0.474729 0.476160 0.820927
v 0.472647 0.466239 0.817587
v 0.474729 0.456319 0.814247
v 0.480659 0.447909 0.811416
v 0.489533 0.442290 0.809524
v 0.500000 0.440316 0.808859
v 0.510467 0.442290 0.809524
v 0.519341 0.447909 0.811416
v 0.525271 0.456319 0.814247
v 0.527322 0.468951 0.809491
v 0.525243 0.478871 0.812798
v 0.519320 0.487280 0.815601
v 0.510456 0.492899 0.817474
v 0.500000 0.494872 0.818131
v 0.489544 0.492899 0.817474
v 0.480680 0.487280 0.815601
v 0.474757 0.478871 0.812798
v 0.472678 0.468951 0.809491
v 0.474757 0.459032 0.806185
v 0.480680 0.450623 0.803382
v 0.489544 0.445004 0.801509
v 0.500000 0.443031 0.800851
v 0.510456 0.445004 0.801509
v 0.519320 0.450623 0.803382
v 0.525243 0.459032 0.806185
v 0.527292 0.471636 0.801396
v 0.525215 0.481554 0.804669
v 0.519298 0.489963 0.807443
v 0.510444 0.495581 0.809297
v 0.500000 0.497554 0.809949
v 0.489556 0.495581 0.809297
v 0.480702 0.489963 0.807443
v 0.474785 0.481554 0.804669
v 0.472708 0.471636 0.801396
v 0.474785 0.461718 0.798123
v 0.480702 0.453310 0.795348
v 0.489556 0.447692 0.793494
v 0.500000 0.445719 0.792843
v 0.510444 0.447692 0.793494
v 0.519298 0.453310 0.795348
v 0.525215 0.461718 0.798123
v 0.527262 0.474294 0.793300
v 0.525186 0.484211 0.796540
v 0.519277 0.492618 0.799286
v 0.510433 0.498236 0.801121
v 0.500000 0.500208 0.801766
v 0.489567 0.498236 0.801121
v 0.480723 0.492618 0.799286
v 0.474814 0.484211 0.796540
v 0.472738 0.474294 0.793300
v 0.474814 0.464378 0.790061
v 0.480723 0.455970 0.787314
v 0.489567 0.450353 0.785479
v 0.500000 0.448380 0.784835
v 0.510433 0.450353 0.785479
v 0.519277 0.455970 0.787314
v 0.525186 0.464378 0.790061
v 0.527231 0.476925 0.785205
v 0.525158 0.486841 0.788411
v 0.519255 0.495247 0.791129
v 0.510421 0.500864 0.792945
v 0.500000 0.502836 0.793583
v 0.489579 0.500864 0.792945
v 0.480745 0.495247 0.791129
v 0.474842 0.486841 0.788411
v 0.472769 0.476925 0.785205
v 0.474842 0.467010 0.781999
v 0.480745 0.458604 0.779281
v 0.489579 0.452987 0.777465
v 0.500000 0.451015 0.776827
v 0.510421 0.452987 0.777465
v 0.519255 0.458604 0.779281
v 0.525158 0.467010 0.781999
v 0.527201 0.479529 0.777109
v 0.525130 0.489444 0.780282
v 0.519234 0.497848 0.782971
v 0.510409 0.503464 0.784768
v 0.500000 0.505436 0.785399
v 0.489591 0.503464 0.784768
v 0.480766 0.497848 0.782971
v 0.474870 0.489444 0.780282
v 0.472799 0.479529 0.777109
v 0.474870 0.469615 0.773937
v 0.480766 0.461211 0.771247
v 0.489591 0.455595 0.769450
v 0.500000 0.453623 0.768819
v 0.510409 0.455595 0.769450
v 0.519234 0.461211 0.771247
v 0.525130 0.469615 0.773937
v 0.527171 0.482107 0.769014
v 0.525102 0.492019 0.772153
v 0.519212 0.500423 0.774814
v 0.510398 0.506038 0.776592
v 0.500000 0.508009 0.777216
v 0.489602 0.506038 0.776592
v 0.480788 0.500423 0.774814
v 0.474898 0.492019 0.772153
v 0.472829 0.482107 0.769014
v 0.474898 0.472194 0.765875
v 0.480788 0.463790 0.763214
v 0.489602 0.458175 0.761436
v 0.500000 0.456204 0.760811
v 0.510398 0.458175 0.761436
v 0.519212 0.463790 0.763214
v 0.525102 0.472194 0.765875
v 0.527140 0.484657 0.760918
v 0.525074 0.494568 0.764024
v 0.519191 0.502970 0.766656
v 0.510386 0.508584 0.768415
v 0.500000 0.510555 0.769033
v 0.489614 0.508584 0.768415
v 0.480809 0.502970 0.766656
v 0.474926 0.494568 0.764024
v 0.472860 0.484657 0.760918
v 0.474926 0.474746 0.757813
v 0.480809 0.466344 0.755180
v 0.489614 0.460729 0.753421
v 0.500000 0.458758 0.752803
v 0.510386 0.460729 0.753421
v 0.519191 0.466344 0.755180
v 0.525074 0.474746 0.757813
v 0.527110 0.487180 0.752823
v 0.525046 0.497089 0.755895
v 0.519170 0.505490 0.758499
v 0.510374 0.511103 0.760239
v 0.500000 0.513074 0.760850
v 0.489626 0.511103 0.760239
v 0.480830 0.505490 0.758499
v 0.474954 0.497089 0.755895
v 0.472890 0.487180 0.752823
v 0.474954 0.477270 0.749751
v 0.480830 0.468870 0.747147
v 0.489626 0.463257 0.745407
v 0.500000 0.461286 0.744796
v 0.510374 0.463257 0.745407
v 0.519170 0.468870 0.747147
v 0.525046 0.477270 0.749751
v 0.527079 0.489676 0.744727
v 0.525018 0.499583 0.747766
v 0.519148 0.507982 0.750341
v 0.510363 0.513595 0.752062
v 0.500000 0.515565 0.752667
v 0.489637 0.513595 0.752062
v 0.480852 0.507982 0.750341
v 0.474982 0.499583 0.747766
v 0.472921 0.489676 0.744727
v 0.474982 0.479768 0.741689
v 0.480852 0.471369 0.739113
v 0.489637 0.465757 0.737392
v 0.500000 0.463786 0.736788
v 0.510363 0.465757 0.737392
v 0.519148 0.471369 0.739113
v 0.525018 0.479768 0.741689
v 0.527049 0.492145 0.736632
v 0.524990 0.502051 0.739636
v 0.519127 0.510448 0.742184
v 0.510351 0.516059 0.743886
v 0.500000 0.518030 0.744483
v 0.489649 0.516059 0.743886
v 0.480873 0.510448 0.742184
v 0.475010 0.502051 0.739636
v 0.472951 0.492145 0.736632
v 0.475010 0.482239 0.733627
v 0.480873 0.473842 0.731080
v 0.489649 0.468231 0.729378
v 0.500000 0.466260 0.728780
v 0.510351 0.468231 0.729378
v 0.519127 0.473842 0.731080
v 0.524990 0.482239 0.733627
v 0.527019 0.494587 0.728536
v 0.524962 0.504491 0.731507
v 0.519105 0.512887 0.734026
v 0.510340 0.518496 0.735709
v 0.500000 0.520466 0.736300
v 0.489660 0.518496 0.735709
v 0.480895 0.512887 0.734026
v 0.475038 0.504491 0.731507
v 0.472981 0.494587 0.728536
v 0.475038 0.484684 0.725565
v 0.480895 0.476288 0.723046
v 0.489660 0.470678 0.721363
v 0.500000 0.468708 0.720772
v 0.510340 0.470678 0.721363
v 0.519105 0.476288 0.723046
v 0.524962 0.484684 0.725565
v 0.526988 0.497002 0.720441
v 0.524934 0.506904 0.723378
v 0.519084 0.515298 0.725868
v 0.510328 0.520907 0.727532
v 0.500000 0.522876 0.728117
v 0.489672 0.520907 0.727532
v 0.480916 0.515298 0.725868
v 0.475066 0.506904 0.723378
v 0.473012 0.497002 0.720441
v 0.475066 0.487101 0.717503
v 0.480916 0.478707 0.715013
v 0.489672 0.473098 0.713349
v 0.500000 0.471128 0.712765
v 0.510328 0.473098 0.713349
v 0.519084 0.478707 0.715013
v 0.524934 0.487101 0.717503
v 0.526958 0.499390 0.712345
v 0.524906 0.509290 0.715249
v 0.519062 0.517682 0.717711
v 0.510316 0.523290 0.719356
v 0.500000 0.525259 0.719933
v 0.489684 0.523290 0.719356
v 0.480938 0.517682 0.717711
v 0.475094 0.509290 0.715249
v 0.473042 0.499390 0.712345
v 0.475094 0.489491 0.709441
v 0.480938 0.481099 0.706980
v 0.489684 0.475491 0.705335
v 0.500000 0.473522 0.704757
v 0.510316 0.475491 0.705335
v 0.519062 0.481099 0.706980
v 0.524906 0.489491 0.709441
v 0.526928 0.501752 0.704250
v 0.524878 0.511649 0.707120
v 0.519041 0.520039 0.709553
v 0.510305 0.525645 0.711179
v 0.500000 0.527614 0.711750
v 0.489695 0.525645 0.711179
v 0.480959 0.520039 0.709553
v 0.475122 0.511649 0.707120
v 0.473072 0.501752 0.704250
v 0.475122 0.491855 0.701380
v 0.480959 0.483464 0.698946
v 0.489695 0.477858 0.697321
v 0.500000 0.475890 0.696750
v 0.510305 0.477858 0.697321
v 0.519041 0.483464 0.698946
v 0.524878 0.491855 0.701380
v 0.526897 0.504086 0.696154
v 0.524850 0.513981 0.698991
v 0.519019 0.522369 0.701395
v 0.510293 0.527974 0.703002
v 0.500000 0.529942 0.703566
v 0.489707 0.527974 0.703002
v 0.480981 0.522369 0.701395
v 0.475150 0.513981 0.698991
v 0.473103 0.504086 0.696154
v 0.475150 0.494191 0.693318
v 0.480981 0.485803 0.690913
v 0.489707 0.480198 0.689306
v 0.500000 0.478230 0.688742
v 0.510293 0.480198 0.689306
v 0.519019 0.485803 0.690913
v 0.524850 0.494191 0.693318
v 0.526867 0.506393 0.688059
v 0.524822 0.516285 0.690861
v 0.518998 0.524671 0.693237
v 0.510282 0.530275 0.694825
v 0.500000 0.532243 0.695383
v 0.489718 0.530275 0.694825
v 0.481002 0.524671 0.693237
v 0.475178 0.516285 0.690861
v 0.473133 0.506393 0.688059
v 0.475178 0.496501 0.685256
v 0.481002 0.488115 0.682880
v 0.489718 0.482511 0.681292
v 0.500000 0.480544 0.680735
v 0.510282 0.482511 0.681292
v 0.518998 0.488115 0.682880
v 0.524822 0.496501 0.685256
v 0.526837 0.508673 0.679963
v 0.524794 0.518563 0.682732
v 0.518976 0.526947 0.685080
v 0.510270 0.532549 0.686648
v 0.500000 0.534516 0.687199
v 0.489730 0.532549 0.686648
v 0.481024 0.526947 0.685080
v 0.475206 0.518563 0.682732
v 0.473163 0.508673 0.679963
v 0.475206 0.498784 0.677194
v 0.481024 0.490400 0.674847
v 0.489730 0.484798 0.673278
v 0.500000 0.482831 0.672727
v 0.510270 0.484798 0.673278
v 0.518976 0.490400 0.674847
v 0.524794 0.498784 0.677194
v 0.526806 0.510927 0.671868
v 0.524766 0.520813 0.674603
v 0.518955 0.529195 0.676922
v 0.510258 0.534796 0.678471
v 0.500000 0.536762 0.679015
v 0.489742 0.534796 0.678471
v 0.481045 0.529195 0.676922
v 0.475234 0.520813 0.674603
v 0.473194 0.510927 0.671868
v 0.475234 0.501040 0.669132
v 0.481045 0.492658 0.666813
v 0.489742 0.487058 0.665264
v 0.500000 0.485091 0.664720
v 0.510258 0.487058 0.665264
v 0.518955 0.492658 0.666813
v 0.524766 0.501040 0.669132
v 0.526776 0.513153 0.663772
v 0.524738 0.523037 0.666474
v 0.518933 0.531416 0.668764
v 0.510247 0.537015 0.670294
v 0.500000 0.538981 0.670832
v 0.489753 0.537015 0.670294
v 0.481067 0.531416 0.668764
v 0.475262 0.523037 0.666474
v 0.473224 0.513153 0.663772
v 0.475262 0.503269 0.661070
v 0.481067 0.494889 0.658780
v 0.489753 0.489290 0.657250
v 0.500000 0.487324 0.656712
v 0.510247 0.489290 0.657250
v 0.518933 0.494889 0.658780
v 0.524738 0.503269 0.661070
v 0.526746 0.515352 0.655677
v 0.524710 0.525233 0.658345
v 0.518912 0.533610 0.660606
v 0.510235 0.539208 0.662118
v 0.500000 0.541173 0.662648
v 0.489765 0.539208 0.662118
v 0.481088 0.533610 0.660606
v 0.475290 0.525233 0.658345
v 0.473254 0.515352 0.655677
v 0.475290 0.505471 0.653009
v 0.481088 0.497094 0.650747
v 0.489765 0.491497 0.649236
v 0.500000 0.489531 0.648705
v 0.510235 0.491497 0.649236
v 0.518912 0.497094 0.650747
v 0.524710 0.505471 0.653009
v 0.526715 0.517524 0.647581
v 0.524682 0.527403 0.650215
v 0.518890 0.535777 0.652448
v 0.510223 0.541373 0.653941
v 0.500000 0.543338 0.654465
v 0.489777 0.541373 0.653941
v 0.481110 0.535777 0.652448
v 0.475318 0.527403 0.650215
v 0.473285 0.517524 0.647581
v 0.475318 0.507646 0.644947
v 0.481110 0.499272 0.642714
v 0.489777 0.493676 0.641222
v 0.500000 0.491711 0.640698
v 0.510223 0.493676 0.641222
v 0.518890 0.499272 0.642714
v 0.524682 0.507646 0.644947
v 0.526685 0.519670 0.639486
v 0.524654 0.529545 0.642086
v 0.518869 0.537917 0.644291
v 0.510212 0.543511 0.645764
v 0.500000 0.545475 0.646281
v 0.489788 0.543511 0.645764
v 0.481131 0.537917 0.644291
v 0.475346 0.529545 0.642086
v 0.473315 0.519670 0.639486
v 0.475346 0.509795 0.636885
v 0.481131 0.501423 0.634681
v 0.489788 0.495829 0.633207
v 0.500000 0.493865 0.632690
v 0.510212 0.495829 0.633207
v 0.518869 0.501423 0.634681
v 0.524654 0.509795 0.636885
v 0.526654 0.521788 0.631390
v 0.524626 0.531660 0.633957
v 0.518848 0.540029 0.636133
v 0.510200 0.545621 0.637587
v 0.500000 0.547585 0.638097
v 0.489800 0.545621 0.637587
v 0.481152 0.540029 0.636133
v 0.475374 0.531660 0.633957
v 0.473346 0.521788 0.631390
v 0.475374 0.511916 0.628823
v 0.481152 0.503547 0.626647
v 0.489800 0.497955 0.625193
v 0.500000 0.495991 0.624683
v 0.510200 0.497955 0.625193
v 0.518848 0.503547 0.626647
v 0.524626 0.511916 0.628823
v 0.526624 0.523879 0.623295
v 0.524597 0.533748 0.625827
v 0.518826 0.542114 0.627975
v 0.510189 0.547705 0.629410
v 0.500000 0.549668 0.629913
v 0.489811 0.547705 0.629410
v 0.481174 0.542114 0.627975
v 0.475403 0.533748 0.625827
v 0.473376 0.523879 0.623295
v 0.475403 0.514011 0.620762
v 0.481174 0.505644 0.618614
v 0.489811 0.500054 0.617179
v 0.500000 0.498091 0.616676
v 0.510189 0.500054 0.617179
v 0.518826 0.505644 0.618614
v 0.524597 0.514011 0.620762
v 0.526594 0.525944 0.615199
v 0.524569 0.535809 0.617698
v 0.518805 0.544173 0.619817
v 0.510177 0.549761 0.621233
v 0.500000 0.551723 0.621730
v 0.489823 0.549761 0.621233
v 0.481195 0.544173 0.619817
v 0.475431 0.535809 0.617698
v 0.473406 0.525944 0.615199
v 0.475431 0.516078 0.612700
v 0.481195 0.507715 0.610581
v 0.489823 0.502127 0.609165
v 0.500000 0.500164 0.608668
v 0.510177 0.502127 0.609165
v 0.518805 0.507715 0.610581
v 0.524569 0.516078 0.612700
v 0.526563 0.527981 0.607103
v 0.524541 0.537843 0.609569
v 0.518783 0.546203 0.611659
v 0.510165 0.551790 0.613056
v 0.500000 0.553751 0.613546
v 0.489835 0.551790 0.613056
v 0.481217 0.546203 0.611659
v 0.475459 0.537843 0.609569
v 0.473437 0.527981 0.607103
v 0.475459 0.518119 0.604638
v 0.481217 0.509759 0.602548
v 0.489835 0.504172 0.601151
v 0.500000 0.502211 0.600661
v 0.510165 0.504172 0.601151
v 0.518783 0.509759 0.602548
v 0.524541 0.518119 0.604638
v 0.526533 0.529992 0.599008
v 0.524513 0.539850 0.601440
v 0.518762 0.548207 0.603501
v 0.510154 0.553792 0.604879
v 0.500000 0.555752 0.605362
v 0.489846 0.553792 0.604879
v 0.481238 0.548207 0.603501
v 0.475487 0.539850 0.601440
v 0.473467 0.529992 0.599008
v 0.475487 0.520133 0.596576
v 0.481238 0.511776 0.594515
v 0.489846 0.506192 0.593137
v 0.500000 0.504231 0.592654
v 0.510154 0.506192 0.593137
v 0.518762 0.511776 0.594515
v 0.524513 0.520133 0.596576
v 0.526503 0.531975 0.590912
v 0.524485 0.541830 0.593310
v 0.518740 0.550184 0.595343
v 0.510142 0.555766 0.596702
v 0.500000 0.557726 0.597179
v 0.489858 0.555766 0.596702
v 0.481260 0.550184 0.595343
v 0.475515 0.541830 0.593310
v 0.473497 0.531975 0.590912
v 0.475515 0.522120 0.588515
v 0.481260 0.513766 0.586482
v 0.489858 0.508184 0.585123
v 0.500000 0.506224 0.584646
v 0.510142 0.508184 0.585123
v 0.518740 0.513766 0.586482
v 0.524485 0.522120 0.588515
v 0.526472 0.533931 0.582817
v 0.524457 0.543782 0.585181
v 0.518719 0.552133 0.587185
v 0.510131 0.557713 0.588525
v 0.500000 0.559673 0.588995
v 0.489869 0.557713 0.588525
v 0.481281 0.552133 0.587185
v 0.475543 0.543782 0.585181
v 0.473528 0.533931 0.582817
v 0.475543 0.524081 0.580453
v 0.481281 0.515729 0.578448
v 0.489869 0.510149 0.577109
v 0.500000 0.508190 0.576639
v 0.510131 0.510149 0.577109
v 0.518719 0.515729 0.578448
v 0.524457 0.524081 0.580453
v 0.526442 0.535861 0.574721
v 0.524429 0.545708 0.577052
v 0.518697 0.554055 0.579027
v 0.510119 0.559633 0.580348
v 0.500000 0.561592 0.580811
v 0.489881 0.559633 0.580348
v 0.481303 0.554055 0.579027
v 0.475571 0.545708 0.577052
v 0.473558 0.535861 0.574721
v 0.475571 0.526014 0.572391
v 0.481303 0.517666 0.570415
v 0.489881 0.512088 0.569095
v 0.500000 0.510130 0.568632
v 0.510119 0.512088 0.569095
v 0.518697 0.517666 0.570415
v 0.524429 0.526014 0.572391
v 0.526412 0.537763 0.566626
v 0.524401 0.547606 0.568923
v 0.518676 0.555951 0.570870
v 0.510107 0.561526 0.572171
v 0.500000 0.563484 0.572627
v 0.489893 0.561526 0.572171
v 0.481324 0.555951 0.570870
v 0.475599 0.547606 0.568923
v 0.473588 0.537763 0.566626
v 0.475599 0.527920 0.564329
v 0.481324 0.519576 0.562382
v 0.489893 0.514000 0.561081
v 0.500000 0.512043 0.560624
v 0.510107 0.514000 0.561081
v 0.518676 0.519576 0.562382
v 0.524401 0.527920 0.564329
v 0.526381 0.539639 0.558530
v 0.524373 0.549477 0.560793
v 0.518654 0.557818 0.562712
v 0.510096 0.563392 0.563994
v 0.500000 0.565349 0.564444
v 0.489904 0.563392 0.563994
v 0.481346 0.557818 0.562712
v 0.475627 0.549477 0.560793
v 0.473619 0.539639 0.558530
v 0.475627 0.529800 0.556267
v 0.481346 0.521459 0.554349
v 0.489904 0.515886 0.553067
v 0.500000 0.513929 0.552617
v 0.510096 0.515886 0.553067
v 0.518654 0.521459 0.554349
v 0.524373 0.529800 0.556267
v 0.526351 0.541487 0.550435
v 0.524345 0.551322 0.552664
v 0.518633 0.559659 0.554554
v 0.510084 0.565230 0.555817
v 0.500000 0.567186 0.556260
v 0.489916 0.565230 0.555817
v 0.481367 0.559659 0.554554
v 0.475655 0.551322 0.552664
v 0.473649 0.541487 0.550435
v 0.475655 0.531653 0.548206
v 0.481367 0.523315 0.546316
v 0.489916 0.517744 0.545053
v 0.500000 0.515788 0.544610
v 0.510084 0.517744 0.545053
v 0.518633 0.523315 0.546316
v 0.524345 0.531653 0.548206
v 0.526321 0.543309 0.542339
v 0.524317 0.553139 0.544535
v 0.518611 0.561473 0.546396
v 0.510072 0.567041 0.547640
v 0.500000 0.568996 0.548076
v 0.489928 0.567041 0.547640
v 0.481389 0.561473 0.546396
v 0.475683 0.553139 0.544535
v 0.473679 0.543309 0.542339
v 0.475683 0.533478 0.540144
v 0.481389 0.525145 0.538283
v 0.489928 0.519576 0.537039
v 0.500000 0.517621 0.536602
v 0.510072 0.519576 0.537039
v 0.518611 0.525145 0.538283
v 0.524317 0.533478 0.540144
v 0.526290 0.545103 0.534244
v 0.524289 0.554929 0.536406
v 0.518590 0.563259 0.538238
v 0.510061 0.568825 0.539463
v 0.500000 0.570779 0.539893
v 0.489939 0.568825 0.539463
v 0.481410 0.563259 0.538238
v 0.475711 0.554929 0.536406
v 0.473710 0.545103 0.534244
v 0.475711 0.535277 0.532082
v 0.481410 0.526947 0.530250
v 0.489939 0.521381 0.529025
v 0.500000 0.519427 0.528595
v 0.510061 0.521381 0.529025
v 0.518590 0.526947 0.530250
v 0.524289 0.535277 0.532082
v 0.526260 0.546871 0.526148
v 0.524261 0.556692 0.528276
v 0.518569 0.565018 0.530080
v 0.510049 0.570581 0.531286
v 0.500000 0.572535 0.531709
v 0.489951 0.570581 0.531286
v 0.481431 0.565018 0.530080
v 0.475739 0.556692 0.528276
v 0.473740 0.546871 0.526148
v 0.475739 0.537049 0.524020
v 0.481431 0.528723 0.522216
v 0.489951 0.523160 0.521011
v 0.500000 0.521206 0.520588
v 0.510049 0.523160 0.521011
v 0.518569 0.528723 0.522216
v 0.524261 0.537049 0.524020
v 0.526229 0.548611 0.518053
v 0.524233 0.558428 0.520147
v 0.518547 0.566750 0.521922
v 0.510038 0.572311 0.523109
v 0.500000 0.574263 0.523525
v 0.489962 0.572311 0.523109
v 0.481453 0.566750 0.521922
v 0.475767 0.558428 0.520147
v 0.473771 0.548611 0.518053
v 0.475767 0.538795 0.515959
v 0.481453 0.530472 0.514183
v 0.489962 0.524912 0.512997
v 0.500000 0.522959 0.512580
v 0.510038 0.524912 0.512997
v 0.518547 0.530472 0.514183
v 0.524233 0.538795 0.515959
v 0.526199 0.550325 0.509957
v 0.524205 0.560137 0.512018
v 0.518526 0.568455 0.513765
v 0.510026 0.574013 0.514932
v 0.500000 0.575965 0.515342
v 0.489974 0.574013 0.514932
v 0.481474 0.568455 0.513765
v 0.475795 0.560137 0.512018
v 0.473801 0.550325 0.509957
v 0.475795 0.540513 0.507897
v 0.481474 0.532195 0.506150
v 0.489974 0.526637 0.504983
v 0.500000 0.524685 0.504573
v 0.510026 0.526637 0.504983
v 0.518526 0.532195 0.506150
v 0.524205 0.540513 0.507897
v 0.526169 0.552011 0.501862
v 0.524177 0.561818 0.503889
v 0.518504 0.570132 0.505607
v 0.510014 0.575688 0.506755
v 0.500000 0.577639 0.507158
v 0.489986 0.575688 0.506755
v 0.481496 0.570132 0.505607
v 0.475823 0.561818 0.503889
v 0.473831 0.552011 0.501862
v 0.475823 0.542204 0.499835
v 0.481496 0.533890 0.498117
v 0.489986 0.528335 0.496969
v 0.500000 0.526384 0.496566
v 0.510014 0.528335 0.496969
v 0.518504 0.533890 0.498117
v 0.524177 0.542204 0.499835
v 0.526138 0.553671 0.493766
v 0.524149 0.563473 0.495759
v 0.518483 0.571783 0.497449
v 0.510003 0.577335 0.498578
v 0.500000 0.579285 0.498975
v 0.489997 0.577335 0.498578
v 0.481517 0.571783 0.497449
v 0.475851 0.563473 0.495759
v 0.473862 0.553671 0.493766
v 0.475851 0.543869 0.491773
v 0.481517 0.535559 0.490084
v 0.489997 0.530006 0.488954
v 0.500000 0.528057 0.488558
v 0.510003 0.530006 0.488954
v 0.518483 0.535559 0.490084
v 0.524149 0.543869 0.491773
v 0.526108 0.555304 0.485671
v 0.524121 0.565101 0.487630
v 0.518461 0.573406 0.489291
v 0.509991 0.578956 0.490401
v 0.500000 0.580905 0.490791
v 0.490009 0.578956 0.490401
v 0.481539 0.573406 0.489291
v 0.475879 0.565101 0.487630
v 0.473892 0.555304 0.485671
v 0.475879 0.545506 0.483711
v 0.481539 0.537201 0.482050
v 0.490009 0.531651 0.480940
v 0.500000 0.529702 0.480551
v 0.509991 0.531651 0.480940
v 0.518461 0.537201 0.482050
v 0.524121 0.545506 0.483711
v 0.526078 0.556909 0.477575
v 0.524093 0.566701 0.479501
v 0.518440 0.575002 0.481134
v 0.509979 0.580549 0.482224
v 0.500000 0.582497 0.482607
v 0.490021 0.580549 0.482224
v 0.481560 0.575002 0.481134
v 0.475907 0.566701 0.479501
v 0.473922 0.556909 0.477575
v 0.475907 0.547117 0.475650
v 0.481560 0.538816 0.474017
v 0.490021 0.533269 0.472926
v 0.500000 0.531322 0.472543
v 0.509979 0.533269 0.472926
v 0.518440 0.538816 0.474017
v 0.524093 0.547117 0.475650
v 0.526047 0.558488 0.469480
v 0.524065 0.568274 0.471372
v 0.518418 0.576571 0.472976
v 0.509968 0.582115 0.474048
v 0.500000 0.584061 0.474424
v 0.490032 0.582115 0.474048
v 0.481582 0.576571 0.472976
v 0.475935 0.568274 0.471372
v 0.473953 0.558488 0.469480
v 0.475935 0.548701 0.467588
v 0.481582 0.540404 0.465984
v 0.490032 0.534861 0.464912
v 0.500000 0.532914 0.464535
v 0.509968 0.534861 0.464912
v 0.518418 0.540404 0.465984
v 0.524065 0.548701 0.467588
v 0.526017 0.560039 0.461384
v 0.524037 0.569821 0.463243
v 0.518397 0.578113 0.464818
v 0.509956 0.583653 0.465871
v 0.500000 0.585599 0.466241
v 0.490044 0.583653 0.465871
v 0.481603 0.578113 0.464818
v 0.475963 0.569821 0.463243
v 0.473983 0.560039 0.461384
v 0.475963 0.550258 0.459526
v 0.481603 0.541966 0.457950
v 0.490044 0.536425 0.456898
v 0.500000 0.534480 0.456528
v 0.509956 0.536425 0.456898
v 0.518397 0.541966 0.457950
v 0.524037 0.550258 0.459526
v 0.525987 0.561564 0.453289
v 0.524008 0.571340 0.455114
v 0.518375 0.579627 0.456661
v 0.509945 0.585165 0.457694
v 0.500000 0.587109 0.458057
v 0.490055 0.585165 0.457694
v 0.481625 0.579627 0.456661
v 0.475992 0.571340 0.455114
v 0.474013 0.561564 0.453289
v 0.475992 0.551788 0.451464
v 0.481625 0.543501 0.449917
v 0.490055 0.537963 0.448883
v 0.500000 0.536019 0.448520
v 0.509945 0.537963 0.448883
v 0.518375 0.543501 0.449917
v 0.524008 0.551788 0.451464
v 0.525956 0.563062 0.445193
v 0.523980 0.572832 0.446984
v 0.518354 0.581115 0.448503
v 0.509933 0.586649 0.449518
v 0.500000 0.588592 0.449874
v 0.490067 0.586649 0.449518
v 0.481646 0.581115 0.448503
v 0.476020 0.572832 0.446984
v 0.474044 0.563062 0.445193
v 0.476020 0.553292 0.443402
v 0.481646 0.545009 0.441883
v 0.490067 0.539474 0.440869
v 0.500000 0.537531 0.440513
v 0.509933 0.539474 0.440869
v 0.518354 0.545009 0.441883
v 0.523980 0.553292 0.443402
v 0.525926 0.564532 0.437098
v 0.523952 0.574297 0.438855
v 0.518332 0.582575 0.440345
v 0.509921 0.588106 0.441341
v 0.500000 0.590048 0.441691
v 0.490079 0.588106 0.441341
v 0.481668 0.582575 0.440345
v 0.476048 0.574297 0.438855
v 0.474074 0.564532 0.437098
v 0.476048 0.554768 0.435340
v 0.481668 0.546490 0.433850
v 0.490079 0.540959 0.432854
v 0.500000 0.539017 0.432505
v 0.509921 0.540959 0.432854
v 0.518332 0.546490 0.433850
v 0.523952 0.554768 0.435340
v 0.525896 0.565976 0.429002
v 0.523924 0.575735 0.430726
v 0.518311 0.584008 0.432188
v 0.509910 0.589536 0.433164
v 0.500000 0.591477 0.433507
v 0.490090 0.589536 0.433164
v 0.481689 0.584008 0.432188
v 0.476076 0.575735 0.430726
v 0.474104 0.565976 0.429002
v 0.476076 0.556217 0.427278
v 0.481689 0.547944 0.425817
v 0.490090 0.542417 0.424840
v 0.500000 0.540475 0.424497
v 0.509910 0.542417 0.424840
v 0.518311 0.547944 0.425817
v 0.523924 0.556217 0.427278
v 0.525865 0.567393 0.420907
v 0.523896 0.577146 0.422597
v 0.518289 0.585414 0.424030
v 0.509898 0.590938 0.424988
v 0.500000 0.592878 0.425324
v 0.490102 0.590938 0.424988
v 0.481711 0.585414 0.424030
v 0.476104 0.577146 0.422597
v 0.474135 0.567393 0.420907
v 0.476104 0.557640 0.419216
v 0.481711 0.549372 0.417783
v 0.490102 0.543848 0.416825
v 0.500000 0.541908 0.416489
v 0.509898 0.543848 0.416825
v 0.518289 0.549372 0.417783
v 0.523896 0.557640 0.419216
v 0.525835 0.568783 0.412811
v 0.523868 0.578529 0.414468
v 0.518268 0.586792 0.415873
v 0.509887 0.592313 0.416811
v 0.500000 0.594252 0.417141
v 0.490113 0.592313 0.416811
v 0.481732 0.586792 0.415873
v 0.476132 0.578529 0.414468
v 0.474165 0.568783 0.412811
v 0.476132 0.559036 0.411154
v 0.481732 0.550773 0.409750
v 0.490113 0.545252 0.408811
v 0.500000 0.543313 0.408481
v 0.509887 0.545252 0.408811
v 0.518268 0.550773 0.409750
v 0.523868 0.559036 0.411154
v 0.525804 0.570145 0.404716
v 0.523840 0.579886 0.406339
v 0.518247 0.588144 0.407715
v 0.509875 0.593661 0.408635
v 0.500000 0.595599 0.408958
v 0.490125 0.593661 0.408635
v 0.481753 0.588144 0.407715
v 0.476160 0.579886 0.406339
v 0.474196 0.570145 0.404716
v 0.476160 0.560405 0.403092
v 0.481753 0.552147 0.401716
v 0.490125 0.546629 0.400796
v 0.500000 0.544692 0.400473
v 0.509875 0.546629 0.400796
v 0.518247 0.552147 0.401716
v 0.523840 0.560405 0.403092
v 0.525774 0.571481 0.396620
v 0.523812 0.581215 0.398210
v 0.518225 0.589468 0.399558
v 0.509863 0.594982 0.400459
v 0.500000 0.596918 0.400775
v 0.490137 0.594982 0.400459
v 0.481775 0.589468 0.399558
v 0.476188 0.581215 0.398210
v 0.474226 0.571481 0.396620
v 0.476188 0.561747 0.395030
v 0.481775 0.553494 0.393682
v 0.490137 0.547980 0.392782
v 0.500000 0.546044 0.392465
v 0.509863 0.547980 0.392782
v 0.518225 0.553494 0.393682
v 0.523812 0.561747 0.395030
v 0.525744 0.572790 0.388525
v 0.523784 0.582518 0.390081
v 0.518204 0.590765 0.391401
v 0.509852 0.596275 0.392282
v 0.500000 0.598210 0.392592
v 0.490148 0.596275 0.392282
v 0.481796 0.590765 0.391401
v 0.476216 0.582518 0.390081
v 0.474256 0.572790 0.388525
v 0.476216 0.563062 0.386968
v 0.481796 0.554815 0.385649
v 0.490148 0.549304 0.384767
v 0.500000 0.547369 0.384457
v 0.509852 0.549304 0.384767
v 0.518204 0.554815 0.385649
v 0.523784 0.563062 0.386968
v 0.525713 0.574072 0.380429
v 0.523756 0.583793 0.381952
v 0.518182 0.592035 0.383243
v 0.509840 0.597541 0.384106
v 0.500000 0.599475 0.384409
v 0.490160 0.597541 0.384106
v 0.481818 0.592035 0.383243
v 0.476244 0.583793 0.381952
v 0.474287 0.574072 0.380429
v 0.476244 0.564350 0.378906
v 0.481818 0.556109 0.377615
v 0.490160 0.550602 0.376752
v 0.500000 0.548668 0.376449
v 0.509840 0.550602 0.376752
v 0.518182 0.556109 0.377615
v 0.523756 0.564350 0.378906
v 0.525683 0.575326 0.372334
v 0.523728 0.585041 0.373823
v 0.518161 0.593277 0.375086
v 0.509828 0.598780 0.375930
v 0.500000 0.600713 0.376226
v 0.490172 0.598780 0.375930
v 0.481839 0.593277 0.375086
v 0.476272 0.585041 0.373823
v 0.474317 0.575326 0.372334
v 0.476272 0.565611 0.370844
v 0.481839 0.557376 0.369581
v 0.490172 0.551873 0.368737
v 0.500000 0.549940 0.368441
v 0.509828 0.551873 0.368737
v 0.518161 0.557376 0.369581
v 0.523728 0.565611 0.370844
v 0.525653 0.576554 0.364238
v 0.523700 0.586262 0.365694
v 0.518139 0.594493 0.366929
v 0.509817 0.599992 0.367754
v 0.500000 0.601923 0.368043
v 0.490183 0.599992 0.367754
v 0.481861 0.594493 0.366929
v 0.476300 0.586262 0.365694
v 0.474347 0.576554 0.364238
v 0.476300 0.566846 0.362782
v 0.481861 0.558616 0.361547
v 0.490183 0.553116 0.360722
v 0.500000 0.551185 0.360433
v 0.509817 0.553116 0.360722
v 0.518139 0.558616 0.361547
v 0.523700 0.566846 0.362782
v 0.525622 0.577755 0.356143
v 0.523672 0.587457 0.357565
v 0.518118 0.595681 0.358772
v 0.509805 0.601176 0.359578
v 0.500000 0.603106 0.359861
v 0.490195 0.601176 0.359578
v 0.481882 0.595681 0.358772
v 0.476328 0.587457 0.357565
v 0.474378 0.577755 0.356143
v 0.476328 0.568054 0.354720
v 0.481882 0.559829 0.353513
v 0.490195 0.554334 0.352707
v 0.500000 0.552404 0.352424
v 0.509805 0.554334 0.352707
v 0.518118 0.559829 0.353513
v 0.523672 0.568054 0.354720
v 0.525592 0.578929 0.348047
v 0.523644 0.588623 0.349437
v 0.518096 0.596842 0.350615
v 0.509794 0.602334 0.351402
v 0.500000 0.604262 0.351678
v 0.490206 0.602334 0.351402
v 0.481904 0.596842 0.350615
v 0.476356 0.588623 0.349437
v 0.474408 0.578929 0.348047
v 0.476356 0.569234 0.346657
v 0.481904 0.561016 0.345479
v 0.490206 0.555524 0.344692
v 0.500000 0.553596 0.344416
v 0.509794 0.555524 0.344692
v 0.518096 0.561016 0.345479
v 0.523644 0.569234 0.346657
v 0.525562 0.580076 0.339952
v 0.523616 0.589763 0.341308
v 0.518075 0.597976 0.342458
v 0.509782 0.603464 0.343226
v 0.500000 0.605390 0.343496
v 0.490218 0.603464 0.343226
v 0.481925 0.597976 0.342458
v 0.476384 0.589763 0.341308
v 0.474438 0.580076 0.339952
v 0.476384 0.570388 0.338595
v 0.481925 0.562176 0.337445
v 0.490218 0.556688 0.336677
v 0.500000 0.554761 0.336407
v 0.509782 0.556688 0.336677
v 0.518075 0.562176 0.337445
v 0.523616 0.570388 0.338595
v 0.525531 0.581196 0.331856
v 0.523588 0.590876 0.333179
v 0.518053 0.599083 0.334301
v 0.509770 0.604566 0.335050
v 0.500000 0.606492 0.335313
v 0.490230 0.604566 0.335050
v 0.481947 0.599083 0.334301
v 0.476412 0.590876 0.333179
v 0.474469 0.581196 0.331856
v 0.476412 0.571515 0.330533
v 0.481947 0.563309 0.329411
v 0.490230 0.557825 0.328662
v 0.500000 0.555900 0.328399
v 0.509770 0.557825 0.328662
v 0.518053 0.563309 0.329411
v 0.523588 0.571515 0.330533
v 0.525501 0.582289 0.323760
v 0.523560 0.591962 0.325050
v 0.518032 0.600162 0.326144
v 0.509759 0.605642 0.326874
v 0.500000 0.607566 0.327131
v 0.490241 0.605642 0.326874
v 0.481968 0.600162 0.326144
v 0.476440 0.591962 0.325050
v 0.474499 0.582289 0.323760
v 0.476440 0.572615 0.322471
v 0.481968 0.564415 0.321377
v 0.490241 0.558935 0.320647
v 0.500000 0.557011 0.320390
v 0.509759 0.558935 0.320647
v 0.518032 0.564415 0.321377
v 0.523560 0.572615 0.322471
v 0.525471 0.583354 0.315665
v 0.523532 0.593020 0.316922
v 0.518010 0.601215 0.317987
v 0.509747 0.606690 0.318699
v 0.500000 0.608612 0.318948
v 0.490253 0.606690 0.318699
v 0.481990 0.601215 0.317987
v 0.476468 0.593020 0.316922
v 0.474529 0.583354 0.315665
v 0.476468 0.573689 0.314408
v 0.481990 0.565494 0.313343
v 0.490253 0.560019 0.312631
v 0.500000 0.558096 0.312381
v 0.509747 0.560019 0.312631
v 0.518010 0.565494 0.313343
v 0.523532 0.573689 0.314408
v 0.525440 0.584393 0.307569
v 0.523504 0.594052 0.308793
v 0.517989 0.602240 0.309830
v 0.509736 0.607711 0.310523
v 0.500000 0.609632 0.310766
v 0.490264 0.607711 0.310523
v 0.482011 0.602240 0.309830
v 0.476496 0.594052 0.308793
v 0.474560 0.584393 0.307569
v 0.476496 0.574735 0.306346
v 0.482011 0.566547 0.305309
v 0.490264 0.561076 0.304616
v 0.500000 0.559155 0.304373
v 0.509736 0.561076 0.304616
v 0.517989 0.566547 0.305309
v 0.523504 0.574735 0.306346
v 0.525410 0.585405 0.299474
v 0.523476 0.595056 0.300664
v 0.517967 0.603238 0.301673
v 0.509724 0.608704 0.302347
v 0.500000 0.610624 0.302584
v 0.490276 0.608704 0.302347
v 0.482033 0.603238 0.301673
v 0.476524 0.595056 0.300664
v 0.474590 0.585405 0.299474
v 0.476524 0.575755 0.298284
v 0.482033 0.567573 0.297275
v 0.490276 0.562106 0.296600
v 0.500000 0.560187 0.296364
v 0.509724 0.562106 0.296600
v 0.517967 0.567573 0.297275
v 0.523476 0.575755 0.298284
v 0.525379 0.586390 0.291378
v 0.523448 0.596033 0.292536
v 0.517946 0.604208 0.293517
v 0.509712 0.609671 0.294172
v 0.500000 0.611589 0.294402
v 0.490288 0.609671 0.294172
v 0.482054 0.604208 0.293517
v 0.476552 0.596033 0.292536
v 0.474621 0.586390 0.291378
v 0.476552 0.576747 0.290221
v 0.482054 0.568572 0.289240
v 0.490288 0.563110 0.288585
v 0.500000 0.561192 0.288355
v 0.509712 0.563110 0.288585
v 0.517946 0.568572 0.289240
v 0.523448 0.576747 0.290221
v 0.525349 0.587348 0.283283
v 0.523419 0.596984 0.284407
v 0.517925 0.605152 0.285360
v 0.509701 0.610610 0.285997
v 0.500000 0.612527 0.286220
v 0.490299 0.610610 0.285997
v 0.482075 0.605152 0.285360
v 0.476581 0.596984 0.284407
v 0.474651 0.587348 0.283283
v 0.476581 0.577713 0.282159
v 0.482075 0.569544 0.281206
v 0.490299 0.564087 0.280569
v 0.500000 0.562170 0.280345
v 0.509701 0.564087 0.280569
v 0.517925 0.569544 0.281206
v 0.523419 0.577713 0.282159
v 0.525319 0.588279 0.275187
v 0.523391 0.597907 0.276278
v 0.517903 0.606068 0.277203
v 0.509689 0.611522 0.277822
v 0.500000 0.613437 0.278039
v 0.490311 0.611522 0.277822
v 0.482097 0.606068 0.277203
v 0.476609 0.597907 0.276278
v 0.474681 0.588279 0.275187
v 0.476609 0.578652 0.274096
v 0.482097 0.570490 0.273171
v 0.490311 0.565037 0.272553
v 0.500000 0.563122 0.272336
v 0.509689 0.565037 0.272553
v 0.517903 0.570490 0.273171
v 0.523391 0.578652 0.274096
v 0.525288 0.589183 0.267092
v 0.523363 0.598803 0.268150
v 0.517882 0.606958 0.269047
v 0.509677 0.612407 0.269646
v 0.500000 0.614320 0.269857
v 0.490323 0.612407 0.269646
v 0.482118 0.606958 0.269047
v 0.476637 0.598803 0.268150
v 0.474712 0.589183 0.267092
v 0.476637 0.579564 0.266034
v 0.482118 0.571409 0.265137
v 0.490323 0.565960 0.264537
v 0.500000 0.564046 0.264327
v 0.509677 0.565960 0.264537
v 0.517882 0.571409 0.265137
v 0.523363 0.579564 0.266034
v 0.525258 0.590060 0.258996
v 0.523335 0.599672 0.260022
v 0.517860 0.607820 0.260891
v 0.509666 0.613264 0.261471
v 0.500000 0.615176 0.261675
v 0.490334 0.613264 0.261471
v 0.482140 0.607820 0.260891
v 0.476665 0.599672 0.260022
v 0.474742 0.590060 0.258996
v 0.476665 0.580449 0.257971
v 0.482140 0.572301 0.257102
v 0.490334 0.566857 0.256521
v 0.500000 0.564945 0.256317
v 0.509666 0.566857 0.256521
v 0.517860 0.572301 0.257102
v 0.523335 0.580449 0.257971
v 0.525228 0.590910 0.250901
v 0.523307 0.600513 0.251893
v 0.517839 0.608654 0.252734
v 0.509654 0.614094 0.253297
v 0.500000 0.616004 0.253494
v 0.490346 0.614094 0.253297
v 0.482161 0.608654 0.252734
v 0.476693 0.600513 0.251893
v 0.474772 0.590910 0.250901
v 0.476693 0.581307 0.249909
v 0.482161 0.573166 0.249067
v 0.490346 0.567726 0.248505
v 0.500000 0.565816 0.248308
v 0.509654 0.567726 0.248505
v 0.517839 0.573166 0.249067
v 0.523307 0.581307 0.249909
v 0.525197 0.591733 0.242805
v 0.523279 0.601328 0.243765
v 0.517817 0.609462 0.244578
v 0.509643 0.614897 0.245122
v 0.500000 0.616806 0.245313
v 0.490357 0.614897 0.245122
v 0.482183 0.609462 0.244578
v 0.476721 0.601328 0.243765
v 0.474803 0.591733 0.242805
v 0.476721 0.582139 0.241846
v 0.482183 0.574005 0.241032
v 0.490357 0.568570 0.240489
v 0.500000 0.566661 0.240298
v 0.509643 0.568570 0.240489
v 0.517817 0.574005 0.241032
v 0.523279 0.582139 0.241846
v 0.525167 0.592529 0.234710
v 0.523251 0.602116 0.235636
v 0.517796 0.610243 0.236422
v 0.509631 0.615673 0.236947
v 0.500000 0.617580 0.237131
v 0.490369 0.615673 0.236947
v 0.482204 0.610243 0.236422
v 0.476749 0.602116 0.235636
v 0.474833 0.592529 0.234710
v 0.476749 0.582943 0.233783
v 0.482204 0.574816 0.232998
v 0.490369 0.569386 0.232473
v 0.500000 0.567479 0.232288
v 0.509631 0.569386 0.232473
v 0.517796 0.574816 0.232998
v 0.523251 0.582943 0.233783
v 0.525137 0.593298 0.226614
v 0.523223 0.602876 0.227508
v 0.517774 0.610996 0.228266
v 0.509619 0.616421 0.228772
v 0.500000 0.618326 0.228950
v 0.490381 0.616421 0.228772
v 0.482226 0.610996 0.228266
v 0.476777 0.602876 0.227508
v 0.474863 0.593298 0.226614
v 0.476777 0.583721 0.225720
v 0.482226 0.575601 0.224963
v 0.490381 0.570176 0.224456
v 0.500000 0.568271 0.224278
v 0.509619 0.570176 0.224456
v 0.517774 0.575601 0.224963
v 0.523223 0.583721 0.225720
v 0.525106 0.594041 0.218519
v 0.523195 0.603610 0.219380
v 0.517753 0.611722 0.220110
v 0.509608 0.617142 0.220598
v 0.500000 0.619046 0.220769
v 0.490392 0.617142 0.220598
v 0.482247 0.611722 0.220110
v 0.476805 0.603610 0.219380
v 0.474894 0.594041 0.218519
v 0.476805 0.584471 0.217658
v 0.482247 0.576359 0.216927
v 0.490392 0.570939 0.216440
v 0.500000 0.569035 0.216268
v 0.509608 0.570939 0.216440
v 0.517753 0.576359 0.216927
v 0.523195 0.584471 0.217658
v 0.525076 0.594756 0.210423
v 0.523167 0.604316 0.211252
v 0.517731 0.612421 0.211954
v 0.509596 0.617836 0.212424
v 0.500000 0.619738 0.212588
v 0.490404 0.617836 0.212424
v 0.482269 0.612421 0.211954
v 0.476833 0.604316 0.211252
v 0.474924 0.594756 0.210423
v 0.476833 0.585195 0.209595
v 0.482269 0.577091 0.208892
v 0.490404 0.571675 0.208423
v 0.500000 0.569773 0.208258
v 0.509596 0.571675 0.208423
v 0.517731 0.577091 0.208892
v 0.523167 0.585195 0.209595
v 0.525045 0.595444 0.202328
v 0.523139 0.604995 0.203124
v 0.517710 0.613092 0.203798
v 0.509584 0.618503 0.204249
v 0.500000 0.620403 0.204408
v 0.490416 0.618503 0.204249
v 0.482290 0.613092 0.203798
v 0.476861 0.604995 0.203124
v 0.474955 0.595444 0.202328
v 0.476861 0.585892 0.201532
v 0.482290 0.577795 0.200857
v 0.490416 0.572385 0.200406
v 0.500000 0.570485 0.200248
v 0.509584 0.572385 0.200406
v 0.517710 0.577795 0.200857
v 0.523139 0.585892 0.201532
v 0.525015 0.596105 0.194232
v 0.523111 0.605647 0.194996
v 0.517688 0.613737 0.195643
v 0.509573 0.619142 0.196075
v 0.500000 0.621040 0.196227
v 0.490427 0.619142 0.196075
v 0.482312 0.613737 0.195643
v 0.476889 0.605647 0.194996
v 0.474985 0.596105 0.194232
v 0.476889 0.586563 0.193469
v 0.482312 0.578473 0.192822
v 0.490427 0.573068 0.192389
v 0.500000 0.571169 0.192237
v 0.509573 0.573068 0.192389
v 0.517688 0.578473 0.192822
v 0.523111 0.586563 0.193469
v 0.524985 0.596739 0.186137
v 0.523083 0.606272 0.186868
v 0.517667 0.614354 0.187487
v 0.509561 0.619754 0.187901
v 0.500000 0.621651 0.188047
v 0.490439 0.619754 0.187901
v 0.482333 0.614354 0.187487
v 0.476917 0.606272 0.186868
v 0.475015 0.596739 0.186137
v 0.476917 0.587206 0.185406
v 0.482333 0.579124 0.184786
v 0.490439 0.573724 0.184372
v 0.500000 0.571827 0.184227
v 0.509561 0.573724 0.184372
v 0.517667 0.579124 0.184786
v 0.523083 0.587206 0.185406
v 0.524954 0.597346 0.178041
v 0.523055 0.606870 0.178740
v 0.517645 0.614944 0.179332
v 0.509550 0.620339 0.179727
v 0.500000 0.622234 0.179866
v 0.490450 0.620339 0.179727
v 0.482355 0.614944 0.179332
v 0.476945 0.606870 0.178740
v 0.475046 0.597346 0.178041
v 0.476945 0.587822 0.177343
v 0.482355 0.579748 0.176751
v 0.490450 0.574353 0.176355
v 0.500000 0.572459 0.176216
v 0.509550 0.574353 0.176355
v 0.517645 0.579748 0.176751
v 0.523055 0.587822 0.177343
v 0.524924 0.597926 0.169946
v 0.523027 0.607441 0.170612
v 0.517624 0.615507 0.171176
v 0.509538 0.620897 0.171554
v 0.500000 0.622790 0.171686
v 0.490462 0.620897 0.171554
v 0.482376 0.615507 0.171176
v 0.476973 0.607441 0.170612
v 0.475076 0.597926 0.169946
v 0.476973 0.588412 0.169280
v 0.482376 0.580345 0.168715
v 0.490462 0.574956 0.168338
v 0.500000 0.573063 0.168205
v 0.509538 0.574956 0.168338
v 0.517624 0.580345 0.168715
v 0.523027 0.588412 0.169280
v 0.524894 0.598480 0.161850
v 0.522999 0.607985 0.162484
v 0.517603 0.616043 0.163021
v 0.509526 0.621427 0.163380
v 0.500000 0.623318 0.163506
v 0.490474 0.621427 0.163380
v 0.482397 0.616043 0.163021
v 0.477001 0.607985 0.162484
v 0.475106 0.598480 0.161850
v 0.477001 0.588974 0.161216
v 0.482397 0.580916 0.160679
v 0.490474 0.575532 0.160320
v 0.500000 0.573641 0.160194
v 0.509526 0.575532 0.160320
v 0.517603 0.580916 0.160679
v 0.522999 0.588974 0.161216
v 0.524863 0.599006 0.153755
v 0.522971 0.608502 0.154356
v 0.517581 0.616552 0.154866
v 0.509515 0.621931 0.155207
v 0.500000 0.623819 0.155326
v 0.490485 0.621931 0.155207
v 0.482419 0.616552 0.154866
v 0.477029 0.608502 0.154356
v 0.475137 0.599006 0.153755
v 0.477029 0.589510 0.153153
v 0.482419 0.581460 0.152643
v 0.490485 0.576081 0.152303
v 0.500000 0.574192 0.152183
v 0.509515 0.576081 0.152303
v 0.517581 0.581460 0.152643
v 0.522971 0.589510 0.153153
v 0.524833 0.599505 0.145659
v 0.522943 0.608991 0.146228
v 0.517560 0.617033 0.146711
v 0.509503 0.622407 0.147033
v 0.500000 0.624293 0.147146
v 0.490497 0.622407 0.147033
v 0.482440 0.617033 0.146711
v 0.477057 0.608991 0.146228
v 0.475167 0.599505 0.145659
v 0.477057 0.590019 0.145090
v 0.482440 0.581977 0.144607
v 0.490497 0.576604 0.144285
v 0.500000 0.574717 0.144172
v 0.509503 0.576604 0.144285
v 0.517560 0.581977 0.144607
v 0.522943 0.590019 0.145090
v 0.524803 0.599977 0.137564
v 0.522915 0.609454 0.138101
v 0.517538 0.617487 0.138556
v 0.509492 0.622855 0.138860
v 0.500000 0.624740 0.138967
v 0.490508 0.622855 0.138860
v 0.482462 0.617487 0.138556
v 0.477085 0.609454 0.138101
v 0.475197 0.599977 0.137564
v 0.477085 0.590501 0.137027
v 0.482462 0.582467 0.136571
v 0.490508 0.577099 0.136267
v 0.500000 0.575214 0.136160
v 0.509492 0.577099 0.136267
v 0.517538 0.582467 0.136571
v 0.522915 0.590501 0.137027
v 0.524772 0.600423 0.129468
v 0.522887 0.609889 0.129973
v 0.517517 0.617914 0.130401
v 0.509480 0.623277 0.130687
v 0.500000 0.625160 0.130787
v 0.490520 0.623277 0.130687
v 0.482483 0.617914 0.130401
v 0.477113 0.609889 0.129973
v 0.475228 0.600423 0.129468
v 0.477113 0.590956 0.128963
v 0.482483 0.582931 0.128535
v 0.490520 0.577568 0.128249
v 0.500000 0.575685 0.128149
v 0.509480 0.577568 0.128249
v 0.517517 0.582931 0.128535
v 0.522887 0.590956 0.128963
v 0.524742 0.600841 0.121373
v 0.522859 0.610297 0.121845
v 0.517495 0.618314 0.122246
v 0.509468 0.623671 0.122514
v 0.500000 0.625552 0.122608
v 0.490532 0.623671 0.122514
v 0.482505 0.618314 0.122246
v 0.477141 0.610297 0.121845
v 0.475258 0.600841 0.121373
v 0.477141 0.591384 0.120900
v 0.482505 0.583367 0.120499
v 0.490532 0.578011 0.120231
v 0.500000 0.576130 0.120137
v 0.509468 0.578011 0.120231
v 0.517495 0.583367 0.120499
v 0.522859 0.591384 0.120900
v 0.524712 0.601232 0.113277
v 0.522831 0.610678 0.113718
v 0.517474 0.618687 0.114092
v 0.509457 0.624038 0.114341
v 0.500000 0.625917 0.114429
v 0.490543 0.624038 0.114341
v 0.482526 0.618687 0.114092
v 0.477169 0.610678 0.113718
v 0.475288 0.601232 0.113277
v 0.477169 0.591786 0.112836
v 0.482526 0.583777 0.112463
v 0.490543 0.578426 0.112213
v 0.500000 0.576547 0.112125
v 0.509457 0.578426 0.112213
v 0.517474 0.583777 0.112463
v 0.522831 0.591786 0.112836
v 0.524681 0.601596 0.105182
v 0.522802 0.611033 0.105590
v 0.517452 0.619032 0.105937
v 0.509445 0.624377 0.106169
v 0.500000 0.626254 0.106250
v 0.490555 0.624377 0.106169
v 0.482548 0.619032 0.105937
v 0.477198 0.611033 0.105590
v 0.475319 0.601596 0.105182
v 0.477198 0.592160 0.104773
v 0.482548 0.584160 0.104426
v 0.490555 0.578815 0.104194
v 0.500000 0.576938 0.104113
v 0.509445 0.578815 0.104194
v 0.517452 0.584160 0.104426
v 0.522802 0.592160 0.104773
v 0.524651 0.601934 0.097086
v 0.522774 0.611360 0.097463
v 0.517431 0.619351 0.097783
v 0.509433 0.624690 0.097996
v 0.500000 0.626565 0.098071
v 0.490567 0.624690 0.097996
v 0.482569 0.619351 0.097783
v 0.477226 0.611360 0.097463
v 0.475349 0.601934 0.097086
v 0.477226 0.592508 0.096709
v 0.482569 0.584517 0.096389
v 0.490567 0.579177 0.096176
v 0.500000 0.577303 0.096101
v 0.509433 0.579177 0.096176
v 0.517431 0.584517 0.096389
v 0.522774 0.592508 0.096709
v 0.524620 0.602244 0.088991
v 0.522746 0.611660 0.089336
v 0.517409 0.619642 0.089628
v 0.509422 0.624975 0.089824
v 0.500000 0.626848 0.089893
v 0.490578 0.624975 0.089824
v 0.482591 0.619642 0.089628
v 0.477254 0.611660 0.089336
v 0.475380 0.602244 0.088991
v 0.477254 0.592828 0.088645
v 0.482591 0.584846 0.088353
v 0.490578 0.579513 0.088157
v 0.500000 0.577640 0.088088
v 0.509422 0.579513 0.088157
v 0.517409 0.584846 0.088353
v 0.522746 0.592828 0.088645
v 0.524590 0.602527 0.080895
v 0.522718 0.611932 0.081209
v 0.517388 0.619906 0.081474
v 0.509410 0.625233 0.081652
v 0.500000 0.627104 0.081714
v 0.490590 0.625233 0.081652
v 0.482612 0.619906 0.081474
v 0.477282 0.611932 0.081209
v 0.475410 0.602527 0.080895
v 0.477282 0.593122 0.080582
v 0.482612 0.585149 0.080316
v 0.490590 0.579822 0.080138
v 0.500000 0.577951 0.080076
v 0.509410 0.579822 0.080138
v 0.517388 0.585149 0.080316
v 0.522718 0.593122 0.080582
v 0.524560 0.602784 0.072800
v 0.522690 0.612178 0.073081
v 0.517366 0.620142 0.073320
v 0.509399 0.625464 0.073480
v 0.500000 0.627332 0.073536
v 0.490601 0.625464 0.073480
v 0.482634 0.620142 0.073320
v 0.477310 0.612178 0.073081
v 0.475440 0.602784 0.072800
v 0.477310 0.593389 0.072518
v 0.482634 0.585425 0.072279
v 0.490601 0.580104 0.072119
v 0.500000 0.578235 0.072063
v 0.509399 0.580104 0.072119
v 0.517366 0.585425 0.072279
v 0.522690 0.593389 0.072518
v 0.524529 0.603013 0.064704
v 0.522662 0.612397 0.064954
v 0.517345 0.620352 0.065166
v 0.509387 0.625667 0.065308
v 0.500000 0.627534 0.065358
v 0.490613 0.625667 0.065308
v 0.482655 0.620352 0.065166
v 0.477338 0.612397 0.064954
v 0.475471 0.603013 0.064704
v 0.477338 0.593629 0.064454
v 0.482655 0.585674 0.064242
v 0.490613 0.580359 0.064100
v 0.500000 0.578492 0.064050
v 0.509387 0.580359 0.064100
v 0.517345 0.585674 0.064242
v 0.522662 0.593629 0.064454
v 0.524499 0.603215 0.056608
v 0.522634 0.612588 0.056827
v 0.517323 0.620534 0.057013
v 0.509375 0.625843 0.057136
v 0.500000 0.627708 0.057180
v 0.490625 0.625843 0.057136
v 0.482677 0.620534 0.057013
v 0.477366 0.612588 0.056827
v 0.475501 0.603215 0.056608
v 0.477366 0.593843 0.056390
v 0.482677 0.585897 0.056204
v 0.490625 0.580587 0.056081
v 0.500000 0.578723 0.056037
v 0.509375 0.580587 0.056081
v 0.517323 0.585897 0.056204
v 0.522634 0.593843 0.056390
v 0.524469 0.603391 0.048513
v 0.522606 0.612753 0.048700
v 0.517302 0.620689 0.048859
v 0.509364 0.625992 0.048965
v 0.500000 0.627855 0.049002
v 0.490636 0.625992 0.048965
v 0.482698 0.620689 0.048859
v 0.477394 0.612753 0.048700
v 0.475531 0.603391 0.048513
v 0.477394 0.594029 0.048326
v 0.482698 0.586092 0.048167
v 0.490636 0.580789 0.048061
v 0.500000 0.578927 0.048024
v 0.509364 0.580789 0.048061
v 0.517302 0.586092 0.048167
v 0.522606 0.594029 0.048326
v 0.524438 0.603539 0.040417
v 0.522578 0.612890 0.040573
v 0.517281 0.620817 0.040705
v 0.509352 0.626114 0.040794
v 0.500000 0.627974 0.040825
v 0.490648 0.626114 0.040794
v 0.482719 0.620817 0.040705
v 0.477422 0.612890 0.040573
v 0.475562 0.603539 0.040417
v 0.477422 0.594188 0.040262
v 0.482719 0.586261 0.040129
v 0.490648 0.580964 0.040041
v 0.500000 0.579104 0.040010
v 0.509352 0.580964 0.040041
v 0.517281 0.586261 0.040129
v 0.522578 0.594188 0.040262
v 0.524408 0.603661 0.032322
v 0.522550 0.613000 0.032446
v 0.517259 0.620918 0.032552
v 0.509341 0.626209 0.032623
v 0.500000 0.628067 0.032647
v 0.490659 0.626209 0.032623
v 0.482741 0.620918 0.032552
v 0.477450 0.613000 0.032446
v 0.475592 0.603661 0.032322
v 0.477450 0.594321 0.032197
v 0.482741 0.586403 0.032092
v 0.490659 0.581113 0.032021
v 0.500000 0.579255 0.031997
v 0.509341 0.581113 0.032021
v 0.517259 0.586403 0.032092
v 0.522550 0.594321 0.032197
v 0.524378 0.603755 0.024226
v 0.522522 0.613084 0.024320
v 0.517238 0.620992 0.024399
v 0.509329 0.626276 0.024452
v 0.500000 0.628132 0.024470
v 0.490671 0.626276 0.024452
v 0.482762 0.620992 0.024399
v 0.477478 0.613084 0.024320
v 0.475622 0.603755 0.024226
v 0.477478 0.594427 0.024133
v 0.482762 0.586518 0.024054
v 0.490671 0.581234 0.024001
v 0.500000 0.579379 0.023983
v 0.509329 0.581234 0.024001
v 0.517238 0.586518 0.024054
v 0.522522 0.594427 0.024133
v 0.524347 0.603823 0.016131
v 0.522494 0.613140 0.016193
v 0.517216 0.621038 0.016246
v 0.509317 0.626316 0.016281
v 0.500000 0.628169 0.016293
v 0.490683 0.626316 0.016281
v 0.482784 0.621038 0.016246
v 0.477506 0.613140 0.016193
v 0.475653 0.603823 0.016131
v 0.477506 0.594506 0.016069
v 0.482784 0.586607 0.016016
v 0.490683 0.581329 0.015981
v 0.500000 0.579476 0.015969
v 0.509317 0.581329 0.015981
v 0.517216 0.586607 0.016016
v 0.522494 0.594506 0.016069
v 0.524317 0.603863 0.008035
v 0.522466 0.613169 0.008066
v 0.517195 0.621058 0.008093
v 0.509306 0.626329 0.008110
v 0.500000 0.628180 0.008116
v 0.490694 0.626329 0.008110
v 0.482805 0.621058 0.008093
v 0.477534 0.613169 0.008066
v 0.475683 0.603863 0.008035
v 0.477534 0.594557 0.008004
v 0.482805 0.586669 0.007978
v 0.490694 0.581397 0.007961
v 0.500000 0.579546 0.007954
v 0.509306 0.581397 0.007961
v 0.517195 0.586669 0.007978
v 0.522466 0.594557 0.008004
v 0.524287 0.603877 0.000001
v 0.522438 0.613171 0.000001
v 0.517173 0.621050 0.000001
v 0.509294 0.626315 0.000001
v 0.500000 0.628163 0.000001
v 0.490706 0.626315 0.000001
v 0.482827 0.621050 0.000001
v 0.477562 0.613171 0.000001
v 0.475713 0.603877 0.000001
v 0.477562 0.594582 0.000000
v 0.482827 0.586703 0.000000
v 0.490706 0.581439 0.000000
v 0.500000 0.579590 0.000000
v 0.509294 0.581439 0.000000
v 0.517173 0.586703 0.000000
v 0.522438 0.594582 0.000000
v 0.500000 0.603877 0.000001
vt 0.500000 0.500000
vt 0.700000 0.500000
vt 0.684776 0.423463
vt 0.641421 0.358579
vt 0.576537 0.315224
vt 0.500000 0.300000
vt 0.423463 0.315224
vt 0.358579 0.358579
vt 0.315224 0.423463
vt 0.300000 0.500000
vt 0.315224 0.576537
vt 0.358579 0.641421
vt 0.423463 0.684776
vt 0.500000 0.700000
vt 0.576537 0.684776
vt 0.641421 0.641421
vt 0.684776 0.576537
vt 0.250000 0.750000
vt 0.250000 0.745239
vt 0.281250 0.745239
vt 0.281250 0.750000
vt 0.312500 0.745239
vt 0.312500 0.750000
vt 0.343750 0.745239
vt 0.343750 0.750000
vt 0.375000 0.745239
vt 0.375000 0.750000
vt 0.406250 0.745239
vt 0.406250 0.750000
vt 0.437500 0.745239
vt 0.437500 0.750000
vt 0.468750 0.745239
vt 0.468750 0.750000
vt 0.500000 0.745239
vt 0.500000 0.750000
vt 0.531250 0.745239
vt 0.531250 0.750000
vt 0.562500 0.745239
vt 0.562500 0.750000
vt 0.593750 0.745239
vt 0.593750 0.750000
vt 0.625000 0.745239
vt 0.625000 0.750000
vt 0.656250 0.745239
vt 0.656250 0.750000
vt 0.687500 0.745239
vt 0.687500 0.750000
vt 0.718750 0.745239
vt 0.718750 0.750000
vt 0.750000 0.745239
vt 0.750000 0.750000
vt 0.250000 0.700389
vt 0.281250 0.700389
vt 0.312500 0.700389
vt 0.343750 0.700389
vt 0.375000 0.700389
vt 0.406250 0.700389
vt 0.437500 0.700389
vt 0.468750 0.700389
vt 0.500000 0.700389
vt 0.531250 0.700389
vt 0.562500 0.700389
vt 0.593750 0.700389
vt 0.625000 0.700389
vt 0.656250 0.700389
vt 0.687500 0.700389
vt 0.718750 0.700389
vt 0.750000 0.700389
vt 0.250000 0.655589
vt 0.281250 0.655589
vt 0.312500 0.655589
vt 0.343750 0.655589
vt 0.375000 0.655589
vt 0.406250 0.655589
vt 0.437500 0.655589
vt 0.468750 0.655589
vt 0.500000 0.655589
vt 0.531250 0.655589
vt 0.562500 0.655589
vt 0.593750 0.655589
vt 0.625000 0.655589
vt 0.656250 0.655589
vt 0.687500 0.655589
vt 0.718750 0.655589
vt 0.750000 0.655589
vt 0.250000 0.610841
vt 0.281250 0.610841
vt 0.312500 0.610841
vt 0.343750 0.610841
vt 0.375000 0.610841
vt 0.406250 0.610841
vt 0.437500 0.610841
vt 0.468750 0.610841
vt 0.500000 0.610841
vt 0.531250 0.610841
vt 0.562500 0.610841
vt 0.593750 0.610841
vt 0.625000 0.610841
vt 0.656250 0.610841
vt 0.687500 0.610841
vt 0.718750 0.610841
vt 0.750000 0.610841
vt 0.250000 0.566143
vt 0.281250 0.566143
vt 0.312500 0.566143
vt 0.343750 0.566143
vt 0.375000 0.566143
vt 0.406250 0.566143
vt 0.437500 0.566143
vt 0.468750 0.566143
vt 0.500000 0.566143
vt 0.531250 0.566143
vt 0.562500 0.566143
vt 0.593750 0.566143
vt 0.625000 0.566143
vt 0.656250 0.566143
vt 0.687500 0.566143
vt 0.718750 0.566143
vt 0.750000 0.566143
vt 0.250000 0.521495
vt 0.281250 0.521495
vt 0.312500 0.521495
vt 0.343750 0.521495
vt 0.375000 0.521495
vt 0.406250 0.521495
vt 0.437500 0.521495
vt 0.468750 0.521495
vt 0.500000 0.521495
vt 0.531250 0.521495
vt 0.562500 0.521495
vt 0.593750 0.521495
vt 0.625000 0.521495
vt 0.656250 0.521495
vt 0.687500 0.521495
vt 0.718750 0.521495
vt 0.750000 0.521495
vt 0.250000 0.476896
vt 0.281250 0.476896
vt 0.312500 0.476896
vt 0.343750 0.476896
vt 0.375000 0.476896
vt 0.406250 0.476896
vt 0.437500 0.476896
vt 0.468750 0.476896
vt 0.500000 0.476896
vt 0.531250 0.476896
vt 0.562500 0.476896
vt 0.593750 0.476896
vt 0.625000 0.476896
vt 0.656250 0.476896
vt 0.687500 0.476896
vt 0.718750 0.476896
vt 0.750000 0.476896
vt 0.250000 0.432347
vt 0.281250 0.432347
vt 0.312500 0.432347
vt 0.343750 0.432347
vt 0.375000 0.432347
vt 0.406250 0.432347
vt 0.437500 0.432347
vt 0.468750 0.432347
vt 0.500000 0.432347
vt 0.531250 0.432347
vt 0.562500 0.432347
vt 0.593750 0.432347
vt 0.625000 0.432347
vt 0.656250 0.432347
vt 0.687500 0.432347
vt 0.718750 0.432347
vt 0.750000 0.432347
vt 0.250000 0.387847
vt 0.281250 0.387847
vt 0.312500 0.387847
vt 0.343750 0.387847
vt 0.375000 0.387847
vt 0.406250 0.387847
vt 0.437500 0.387847
vt 0.468750 0.387847
vt 0.500000 0.387847
vt 0.531250 0.387847
vt 0.562500 0.387847
vt 0.593750 0.387847
vt 0.625000 0.387847
vt 0.656250 0.387847
vt 0.687500 0.387847
vt 0.718750 0.387847
vt 0.750000 0.387847
vt 0.250000 0.343396
vt 0.281250 0.343396
vt 0.312500 0.343396
vt 0.343750 0.343396
vt 0.375000 0.343396
vt 0.406250 0.343396
vt 0.437500 0.343396
vt 0.468750 0.343396
vt 0.500000 0.343396
vt 0.531250 0.343396
vt 0.562500 0.343396
vt 0.593750 0.343396
vt 0.625000 0.343396
vt 0.656250 0.343396
vt 0.687500 0.343396
vt 0.718750 0.343396
vt 0.750000 0.343396
vt 0.250000 0.298993
vt 0.281250 0.298993
vt 0.312500 0.298993
vt 0.343750 0.298993
vt 0.375000 0.298993
vt 0.406250 0.298993
vt 0.437500 0.298993
vt 0.468750 0.298993
vt 0.500000 0.298993
vt 0.531250 0.298993
vt 0.562500 0.298993
vt 0.593750 0.298993
vt 0.625000 0.298993
vt 0.656250 0.298993
vt 0.687500 0.298993
vt 0.718750 0.298993
vt 0.750000 0.298993
vt 0.250000 0.254637
vt 0.281250 0.254637
vt 0.312500 0.254637
vt 0.343750 0.254637
vt 0.375000 0.254637
vt 0.406250 0.254637
vt 0.437500 0.254637
vt 0.468750 0.254637
vt 0.500000 0.254637
vt 0.531250 0.254637
vt 0.562500 0.254637
vt 0.593750 0.254637
vt 0.625000 0.254637
vt 0.656250 0.254637
vt 0.687500 0.254637
vt 0.718750 0.254637
vt 0.750000 0.254637
vt 0.250000 0.289671
vt 0.281250 0.289671
vt 0.312500 0.289671
vt 0.343750 0.289671
vt 0.375000 0.289671
vt 0.406250 0.289671
vt 0.437500 0.289671
vt 0.468750 0.289671
vt 0.500000 0.289671
vt 0.531250 0.289671
vt 0.562500 0.289671
vt 0.593750 0.289671
vt 0.625000 0.289671
vt 0.656250 0.289671
vt 0.687500 0.289671
vt 0.718750 0.289671
vt 0.750000 0.289671
vt 0.250000 0.333932
vt 0.281250 0.333932
vt 0.312500 0.333932
vt 0.343750 0.333932
vt 0.375000 0.333932
vt 0.406250 0.333932
vt 0.437500 0.333932
vt 0.468750 0.333932
vt 0.500000 0.333932
vt 0.531250 0.333932
vt 0.562500 0.333932
vt 0.593750 0.333932
vt 0.625000 0.333932
vt 0.656250 0.333932
vt 0.687500 0.333932
vt 0.718750 0.333932
vt 0.750000 0.333932
vt 0.250000 0.378146
vt 0.281250 0.378146
vt 0.312500 0.378146
vt 0.343750 0.378146
vt 0.375000 0.378146
vt 0.406250 0.378146
vt 0.437500 0.378146
vt 0.468750 0.378146
vt 0.500000 0.378146
vt 0.531250 0.378146
vt 0.562500 0.378146
vt 0.593750 0.378146
vt 0.625000 0.378146
vt 0.656250 0.378146
vt 0.687500 0.378146
vt 0.718750 0.378146
vt 0.750000 0.378146
vt 0.250000 0.422314
vt 0.281250 0.422314
vt 0.312500 0.422314
vt 0.343750 0.422314
vt 0.375000 0.422314
vt 0.406250 0.422314
vt 0.437500 0.422314
vt 0.468750 0.422314
vt 0.500000 0.422314
vt 0.531250 0.422314
vt 0.562500 0.422314
vt 0.593750 0.422314
vt 0.625000 0.422314
vt 0.656250 0.422314
vt 0.687500 0.422314
vt 0.718750 0.422314
vt 0.750000 0.422314
vt 0.250000 0.466436
vt 0.281250 0.466436
vt 0.312500 0.466436
vt 0.343750 0.466436
vt 0.375000 0.466436
vt 0.406250 0.466436
vt 0.437500 0.466436
vt 0.468750 0.466436
vt 0.500000 0.466436
vt 0.531250 0.466436
vt 0.562500 0.466436
vt 0.593750 0.466436
vt 0.625000 0.466436
vt 0.656250 0.466436
vt 0.687500 0.466436
vt 0.718750 0.466436
vt 0.750000 0.466436
vt 0.250000 0.469830
vt 0.281250 0.469830
vt 0.312500 0.469830
vt 0.343750 0.469830
vt 0.375000 0.469830
vt 0.406250 0.469830
vt 0.437500 0.469830
vt 0.468750 0.469830
vt 0.500000 0.469830
vt 0.531250 0.469830
vt 0.562500 0.469830
vt 0.593750 0.469830
vt 0.625000 0.469830
vt 0.656250 0.469830
vt 0.687500 0.469830
vt 0.718750 0.469830
vt 0.750000 0.469830
vt 0.250000 0.510513
vt 0.281250 0.510513
vt 0.312500 0.510513
vt 0.343750 0.510513
vt 0.375000 0.510513
vt 0.406250 0.510513
vt 0.437500 0.510513
vt 0.468750 0.510513
vt 0.500000 0.510513
vt 0.531250 0.510513
vt 0.562500 0.510513
vt 0.593750 0.510513
vt 0.625000 0.510513
vt 0.656250 0.510513
vt 0.687500 0.510513
vt 0.718750 0.510513
vt 0.750000 0.510513
vt 0.250000 0.554544
vt 0.281250 0.554544
vt 0.312500 0.554544
vt 0.343750 0.554544
vt 0.375000 0.554544
vt 0.406250 0.554544
vt 0.437500 0.554544
vt 0.468750 0.554544
vt 0.500000 0.554544
vt 0.531250 0.554544
vt 0.562500 0.554544
vt 0.593750 0.554544
vt 0.625000 0.554544
vt 0.656250 0.554544
vt 0.687500 0.554544
vt 0.718750 0.554544
vt 0.750000 0.554544
vt 0.250000 0.598531
vt 0.281250 0.598531
vt 0.312500 0.598531
vt 0.343750 0.598531
vt 0.375000 0.598531
vt 0.406250 0.598531
vt 0.437500 0.598531
vt 0.468750 0.598531
vt 0.500000 0.598531
vt 0.531250 0.598531
vt 0.562500 0.598531
vt 0.593750 0.598531
vt 0.625000 0.598531
vt 0.656250 0.598531
vt 0.687500 0.598531
vt 0.718750 0.598531
vt 0.750000 0.598531
vt 0.250000 0.642474
vt 0.281250 0.642474
vt 0.312500 0.642474
vt 0.343750 0.642474
vt 0.375000 0.642474
vt 0.406250 0.642474
vt 0.437500 0.642474
vt 0.468750 0.642474
vt 0.500000 0.642474
vt 0.531250 0.642474
vt 0.562500 0.642474
vt 0.593750 0.642474
vt 0.625000 0.642474
vt 0.656250 0.642474
vt 0.687500 0.642474
vt 0.718750 0.642474
vt 0.750000 0.642474
vt 0.250000 0.686372
vt 0.281250 0.686372
vt 0.312500 0.686372
vt 0.343750 0.686372
vt 0.375000 0.686372
vt 0.406250 0.686372
vt 0.437500 0.686372
vt 0.468750 0.686372
vt 0.500000 0.686372
vt 0.531250 0.686372
vt 0.562500 0.686372
vt 0.593750 0.686372
vt 0.625000 0.686372
vt 0.656250 0.686372
vt 0.687500 0.686372
vt 0.718750 0.686372
vt 0.750000 0.686372
vt 0.250000 0.730228
vt 0.281250 0.730228
vt 0.312500 0.730228
vt 0.343750 0.730228
vt 0.375000 0.730228
vt 0.406250 0.730228
vt 0.437500 0.730228
vt 0.468750 0.730228
vt 0.500000 0.730228
vt 0.531250 0.730228
vt 0.562500 0.730228
vt 0.593750 0.730228
vt 0.625000 0.730228
vt 0.656250 0.730228
vt 0.687500 0.730228
vt 0.718750 0.730228
vt 0.750000 0.730228
vt 0.250000 0.725960
vt 0.281250 0.725960
vt 0.312500 0.725960
vt 0.343750 0.725960
vt 0.375000 0.725960
vt 0.406250 0.725960
vt 0.437500 0.725960
vt 0.468750 0.725960
vt 0.500000 0.725960
vt 0.531250 0.725960
vt 0.562500 0.725960
vt 0.593750 0.725960
vt 0.625000 0.725960
vt 0.656250 0.725960
vt 0.687500 0.725960
vt 0.718750 0.725960
vt 0.750000 0.725960
vt 0.250000 0.682191
vt 0.281250 0.682191
vt 0.312500 0.682191
vt 0.343750 0.682191
vt 0.375000 0.682191
vt 0.406250 0.682191
vt 0.437500 0.682191
vt 0.468750 0.682191
vt 0.500000 0.682191
vt 0.531250 0.682191
vt 0.562500 0.682191
vt 0.593750 0.682191
vt 0.625000 0.682191
vt 0.656250 0.682191
vt 0.687500 0.682191
vt 0.718750 0.682191
vt 0.750000 0.682191
vt 0.250000 0.638464
vt 0.281250 0.638464
vt 0.312500 0.638464
vt 0.343750 0.638464
vt 0.375000 0.638464
vt 0.406250 0.638464
vt 0.437500 0.638464
vt 0.468750 0.638464
vt 0.500000 0.638464
vt 0.531250 0.638464
vt 0.562500 0.638464
vt 0.593750 0.638464
vt 0.625000 0.638464
vt 0.656250 0.638464
vt 0.687500 0.638464
vt 0.718750 0.638464
vt 0.750000 0.638464
vt 0.250000 0.594779
vt 0.281250 0.594779
vt 0.312500 0.594779
vt 0.343750 0.594779
vt 0.375000 0.594779
vt 0.406250 0.594779
vt 0.437500 0.594779
vt 0.468750 0.594779
vt 0.500000 0.594779
vt 0.531250 0.594779
vt 0.562500 0.594779
vt 0.593750 0.594779
vt 0.625000 0.594779
vt 0.656250 0.594779
vt 0.687500 0.594779
vt 0.718750 0.594779
vt 0.750000 0.594779
vt 0.250000 0.551136
vt 0.281250 0.551136
vt 0.312500 0.551136
vt 0.343750 0.551136
vt 0.375000 0.551136
vt 0.406250 0.551136
vt 0.437500 0.551136
vt 0.468750 0.551136
vt 0.500000 0.551136
vt 0.531250 0.551136
vt 0.562500 0.551136
vt 0.593750 0.551136
vt 0.625000 0.551136
vt 0.656250 0.551136
vt 0.687500 0.551136
vt 0.718750 0.551136
vt 0.750000 0.551136
vt 0.250000 0.507534
vt 0.281250 0.507534
vt 0.312500 0.507534
vt 0.343750 0.507534
vt 0.375000 0.507534
vt 0.406250 0.507534
vt 0.437500 0.507534
vt 0.468750 0.507534
vt 0.500000 0.507534
vt 0.531250 0.507534
vt 0.562500 0.507534
vt 0.593750 0.507534
vt 0.625000 0.507534
vt 0.656250 0.507534
vt 0.687500 0.507534
vt 0.718750 0.507534
vt 0.750000 0.507534
vt 0.250000 0.463972
vt 0.281250 0.463972
vt 0.312500 0.463972
vt 0.343750 0.463972
vt 0.375000 0.463972
vt 0.406250 0.463972
vt 0.437500 0.463972
vt 0.468750 0.463972
vt 0.500000 0.463972
vt 0.531250 0.463972
vt 0.562500 0.463972
vt 0.593750 0.463972
vt 0.625000 0.463972
vt 0.656250 0.463972
vt 0.687500 0.463972
vt 0.718750 0.463972
vt 0.750000 0.463972
vt 0.250000 0.420451
vt 0.281250 0.420451
vt 0.312500 0.420451
vt 0.343750 0.420451
vt 0.375000 0.420451
vt 0.406250 0.420451
vt 0.437500 0.420451
vt 0.468750 0.420451
vt 0.500000 0.420451
vt 0.531250 0.420451
vt 0.562500 0.420451
vt 0.593750 0.420451
vt 0.625000 0.420451
vt 0.656250 0.420451
vt 0.687500 0.420451
vt 0.718750 0.420451
vt 0.750000 0.420451
vt 0.250000 0.376969
vt 0.281250 0.376969
vt 0.312500 0.376969
vt 0.343750 0.376969
vt 0.375000 0.376969
vt 0.406250 0.376969
vt 0.437500 0.376969
vt 0.468750 0.376969
vt 0.500000 0.376969
vt 0.531250 0.376969
vt 0.562500 0.376969
vt 0.593750 0.376969
vt 0.625000 0.376969
vt 0.656250 0.376969
vt 0.687500 0.376969
vt 0.718750 0.376969
vt 0.750000 0.376969
vt 0.250000 0.333528
vt 0.281250 0.333528
vt 0.312500 0.333528
vt 0.343750 0.333528
vt 0.375000 0.333528
vt 0.406250 0.333528
vt 0.437500 0.333528
vt 0.468750 0.333528
vt 0.500000 0.333528
vt 0.531250 0.333528
vt 0.562500 0.333528
vt 0.593750 0.333528
vt 0.625000 0.333528
vt 0.656250 0.333528
vt 0.687500 0.333528
vt 0.718750 0.333528
vt 0.750000 0.333528
vt 0.250000 0.290125
vt 0.281250 0.290125
vt 0.312500 0.290125
vt 0.343750 0.290125
vt 0.375000 0.290125
vt 0.406250 0.290125
vt 0.437500 0.290125
vt 0.468750 0.290125
vt 0.500000 0.290125
vt 0.531250 0.290125
vt 0.562500 0.290125
vt 0.593750 0.290125
vt 0.625000 0.290125
vt 0.656250 0.290125
vt 0.687500 0.290125
vt 0.718750 0.290125
vt 0.750000 0.290125
vt 0.250000 0.253239
vt 0.281250 0.253239
vt 0.312500 0.253239
vt 0.343750 0.253239
vt 0.375000 0.253239
vt 0.406250 0.253239
vt 0.437500 0.253239
vt 0.468750 0.253239
vt 0.500000 0.253239
vt 0.531250 0.253239
vt 0.562500 0.253239
vt 0.593750 0.253239
vt 0.625000 0.253239
vt 0.656250 0.253239
vt 0.687500 0.253239
vt 0.718750 0.253239
vt 0.750000 0.253239
vt 0.250000 0.296565
vt 0.281250 0.296565
vt 0.312500 0.296565
vt 0.343750 0.296565
vt 0.375000 0.296565
vt 0.406250 0.296565
vt 0.437500 0.296565
vt 0.468750 0.296565
vt 0.500000 0.296565
vt 0.531250 0.296565
vt 0.562500 0.296565
vt 0.593750 0.296565
vt 0.625000 0.296565
vt 0.656250 0.296565
vt 0.687500 0.296565
vt 0.718750 0.296565
vt 0.750000 0.296565
vt 0.250000 0.339853
vt 0.281250 0.339853
vt 0.312500 0.339853
vt 0.343750 0.339853
vt 0.375000 0.339853
vt 0.406250 0.339853
vt 0.437500 0.339853
vt 0.468750 0.339853
vt 0.500000 0.339853
vt 0.531250 0.339853
vt 0.562500 0.339853
vt 0.593750 0.339853
vt 0.625000 0.339853
vt 0.656250 0.339853
vt 0.687500 0.339853
vt 0.718750 0.339853
vt 0.750000 0.339853
vt 0.250000 0.383104
vt 0.281250 0.383104
vt 0.312500 0.383104
vt 0.343750 0.383104
vt 0.375000 0.383104
vt 0.406250 0.383104
vt 0.437500 0.383104
vt 0.468750 0.383104
vt 0.500000 0.383104
vt 0.531250 0.383104
vt 0.562500 0.383104
vt 0.593750 0.383104
vt 0.625000 0.383104
vt 0.656250 0.383104
vt 0.687500 0.383104
vt 0.718750 0.383104
vt 0.750000 0.383104
vt 0.250000 0.426317
vt 0.281250 0.426317
vt 0.312500 0.426317
vt 0.343750 0.426317
vt 0.375000 0.426317
vt 0.406250 0.426317
vt 0.437500 0.426317
vt 0.468750 0.426317
vt 0.500000 0.426317
vt 0.531250 0.426317
vt 0.562500 0.426317
vt 0.593750 0.426317
vt 0.625000 0.426317
vt 0.656250 0.426317
vt 0.687500 0.426317
vt 0.718750 0.426317
vt 0.750000 0.426317
vt 0.250000 0.469494
vt 0.281250 0.469494
vt 0.312500 0.469494
vt 0.343750 0.469494
vt 0.375000 0.469494
vt 0.406250 0.469494
vt 0.437500 0.469494
vt 0.468750 0.469494
vt 0.500000 0.469494
vt 0.531250 0.469494
vt 0.562500 0.469494
vt 0.593750 0.469494
vt 0.625000 0.469494
vt 0.656250 0.469494
vt 0.687500 0.469494
vt 0.718750 0.469494
vt 0.750000 0.469494
vt 0.250000 0.512635
vt 0.281250 0.512635
vt 0.312500 0.512635
vt 0.343750 0.512635
vt 0.375000 0.512635
vt 0.406250 0.512635
vt 0.437500 0.512635
vt 0.468750 0.512635
vt 0.500000 0.512635
vt 0.531250 0.512635
vt 0.562500 0.512635
vt 0.593750 0.512635
vt 0.625000 0.512635
vt 0.656250 0.512635
vt 0.687500 0.512635
vt 0.718750 0.512635
vt 0.750000 0.512635
vt 0.250000 0.555740
vt 0.281250 0.555740
vt 0.312500 0.555740
vt 0.343750 0.555740
vt 0.375000 0.555740
vt 0.406250 0.555740
vt 0.437500 0.555740
vt 0.468750 0.555740
vt 0.500000 0.555740
vt 0.531250 0.555740
vt 0.562500 0.555740
vt 0.593750 0.555740
vt 0.625000 0.555740
vt 0.656250 0.555740
vt 0.687500 0.555740
vt 0.718750 0.555740
vt 0.750000 0.555740
vt 0.250000 0.598809
vt 0.281250 0.598809
vt 0.312500 0.598809
vt 0.343750 0.598809
vt 0.375000 0.598809
vt 0.406250 0.598809
vt 0.437500 0.598809
vt 0.468750 0.598809
vt 0.500000 0.598809
vt 0.531250 0.598809
vt 0.562500 0.598809
vt 0.593750 0.598809
vt 0.625000 0.598809
vt 0.656250 0.598809
vt 0.687500 0.598809
vt 0.718750 0.598809
vt 0.750000 0.598809
vt 0.250000 0.641844
vt 0.281250 0.641844
vt 0.312500 0.641844
vt 0.343750 0.641844
vt 0.375000 0.641844
vt 0.406250 0.641844
vt 0.437500 0.641844
vt 0.468750 0.641844
vt 0.500000 0.641844
vt 0.531250 0.641844
vt 0.562500 0.641844
vt 0.593750 0.641844
vt 0.625000 0.641844
vt 0.656250 0.641844
vt 0.687500 0.641844
vt 0.718750 0.641844
vt 0.750000 0.641844
vt 0.250000 0.684844
vt 0.281250 0.684844
vt 0.312500 0.684844
vt 0.343750 0.684844
vt 0.375000 0.684844
vt 0.406250 0.684844
vt 0.437500 0.684844
vt 0.468750 0.684844
vt 0.500000 0.684844
vt 0.531250 0.684844
vt 0.562500 0.684844
vt 0.593750 0.684844
vt 0.625000 0.684844
vt 0.656250 0.684844
vt 0.687500 0.684844
vt 0.718750 0.684844
vt 0.750000 0.684844
vt 0.250000 0.727809
vt 0.281250 0.727809
vt 0.312500 0.727809
vt 0.343750 0.727809
vt 0.375000 0.727809
vt 0.406250 0.727809
vt 0.437500 0.727809
vt 0.468750 0.727809
vt 0.500000 0.727809
vt 0.531250 0.727809
vt 0.562500 0.727809
vt 0.593750 0.727809
vt 0.625000 0.727809
vt 0.656250 0.727809
vt 0.687500 0.727809
vt 0.718750 0.727809
vt 0.750000 0.727809
vt 0.250000 0.729258
vt 0.281250 0.729258
vt 0.312500 0.729258
vt 0.343750 0.729258
vt 0.375000 0.729258
vt 0.406250 0.729258
vt 0.437500 0.729258
vt 0.468750 0.729258
vt 0.500000 0.729258
vt 0.531250 0.729258
vt 0.562500 0.729258
vt 0.593750 0.729258
vt 0.625000 0.729258
vt 0.656250 0.729258
vt 0.687500 0.729258
vt 0.718750 0.729258
vt 0.750000 0.729258
vt 0.250000 0.686359
vt 0.281250 0.686359
vt 0.312500 0.686359
vt 0.343750 0.686359
vt 0.375000 0.686359
vt 0.406250 0.686359
vt 0.437500 0.686359
vt 0.468750 0.686359
vt 0.500000 0.686359
vt 0.531250 0.686359
vt 0.562500 0.686359
vt 0.593750 0.686359
vt 0.625000 0.686359
vt 0.656250 0.686359
vt 0.687500 0.686359
vt 0.718750 0.686359
vt 0.750000 0.686359
vt 0.250000 0.643493
vt 0.281250 0.643493
vt 0.312500 0.643493
vt 0.343750 0.643493
vt 0.375000 0.643493
vt 0.406250 0.643493
vt 0.437500 0.643493
vt 0.468750 0.643493
vt 0.500000 0.643493
vt 0.531250 0.643493
vt 0.562500 0.643493
vt 0.593750 0.643493
vt 0.625000 0.643493
vt 0.656250 0.643493
vt 0.687500 0.643493
vt 0.718750 0.643493
vt 0.750000 0.643493
vt 0.250000 0.600659
vt 0.281250 0.600659
vt 0.312500 0.600659
vt 0.343750 0.600659
vt 0.375000 0.600659
vt 0.406250 0.600659
vt 0.437500 0.600659
vt 0.468750 0.600659
vt 0.500000 0.600659
vt 0.531250 0.600659
vt 0.562500 0.600659
vt 0.593750 0.600659
vt 0.625000 0.600659
vt 0.656250 0.600659
vt 0.687500 0.600659
vt 0.718750 0.600659
vt 0.750000 0.600659
vt 0.250000 0.557858
vt 0.281250 0.557858
vt 0.312500 0.557858
vt 0.343750 0.557858
vt 0.375000 0.557858
vt 0.406250 0.557858
vt 0.437500 0.557858
vt 0.468750 0.557858
vt 0.500000 0.557858
vt 0.531250 0.557858
vt 0.562500 0.557858
vt 0.593750 0.557858
vt 0.625000 0.557858
vt 0.656250 0.557858
vt 0.687500 0.557858
vt 0.718750 0.557858
vt 0.750000 0.557858
vt 0.250000 0.515088
vt 0.281250 0.515088
vt 0.312500 0.515088
vt 0.343750 0.515088
vt 0.375000 0.515088
vt 0.406250 0.515088
vt 0.437500 0.515088
vt 0.468750 0.515088
vt 0.500000 0.515088
vt 0.531250 0.515088
vt 0.562500 0.515088
vt 0.593750 0.515088
vt 0.625000 0.515088
vt 0.656250 0.515088
vt 0.687500 0.515088
vt 0.718750 0.515088
vt 0.750000 0.515088
vt 0.250000 0.472349
vt 0.281250 0.472349
vt 0.312500 0.472349
vt 0.343750 0.472349
vt 0.375000 0.472349
vt 0.406250 0.472349
vt 0.437500 0.472349
vt 0.468750 0.472349
vt 0.500000 0.472349
vt 0.531250 0.472349
vt 0.562500 0.472349
vt 0.593750 0.472349
vt 0.625000 0.472349
vt 0.656250 0.472349
vt 0.687500 0.472349
vt 0.718750 0.472349
vt 0.750000 0.472349
vt 0.250000 0.429640
vt 0.281250 0.429640
vt 0.312500 0.429640
vt 0.343750 0.429640
vt 0.375000 0.429640
vt 0.406250 0.429640
vt 0.437500 0.429640
vt 0.468750 0.429640
vt 0.500000 0.429640
vt 0.531250 0.429640
vt 0.562500 0.429640
vt 0.593750 0.429640
vt 0.625000 0.429640
vt 0.656250 0.429640
vt 0.687500 0.429640
vt 0.718750 0.429640
vt 0.750000 0.429640
vt 0.250000 0.386962
vt 0.281250 0.386962
vt 0.312500 0.386962
vt 0.343750 0.386962
vt 0.375000 0.386962
vt 0.406250 0.386962
vt 0.437500 0.386962
vt 0.468750 0.386962
vt 0.500000 0.386962
vt 0.531250 0.386962
vt 0.562500 0.386962
vt 0.593750 0.386962
vt 0.625000 0.386962
vt 0.656250 0.386962
vt 0.687500 0.386962
vt 0.718750 0.386962
vt 0.750000 0.386962
vt 0.250000 0.344314
vt 0.281250 0.344314
vt 0.312500 0.344314
vt 0.343750 0.344314
vt 0.375000 0.344314
vt 0.406250 0.344314
vt 0.437500 0.344314
vt 0.468750 0.344314
vt 0.500000 0.344314
vt 0.531250 0.344314
vt 0.562500 0.344314
vt 0.593750 0.344314
vt 0.625000 0.344314
vt 0.656250 0.344314
vt 0.687500 0.344314
vt 0.718750 0.344314
vt 0.750000 0.344314
vt 0.250000 0.301695
vt 0.281250 0.301695
vt 0.312500 0.301695
vt 0.343750 0.301695
vt 0.375000 0.301695
vt 0.406250 0.301695
vt 0.437500 0.301695
vt 0.468750 0.301695
vt 0.500000 0.301695
vt 0.531250 0.301695
vt 0.562500 0.301695
vt 0.593750 0.301695
vt 0.625000 0.301695
vt 0.656250 0.301695
vt 0.687500 0.301695
vt 0.718750 0.301695
vt 0.750000 0.301695
vt 0.250000 0.259105
vt 0.281250 0.259105
vt 0.312500 0.259105
vt 0.343750 0.259105
vt 0.375000 0.259105
vt 0.406250 0.259105
vt 0.437500 0.259105
vt 0.468750 0.259105
vt 0.500000 0.259105
vt 0.531250 0.259105
vt 0.562500 0.259105
vt 0.593750 0.259105
vt 0.625000 0.259105
vt 0.656250 0.259105
vt 0.687500 0.259105
vt 0.718750 0.259105
vt 0.750000 0.259105
vt 0.250000 0.283456
vt 0.281250 0.283456
vt 0.312500 0.283456
vt 0.343750 0.283456
vt 0.375000 0.283456
vt 0.406250 0.283456
vt 0.437500 0.283456
vt 0.468750 0.283456
vt 0.500000 0.283456
vt 0.531250 0.283456
vt 0.562500 0.283456
vt 0.593750 0.283456
vt 0.625000 0.283456
vt 0.656250 0.283456
vt 0.687500 0.283456
vt 0.718750 0.283456
vt 0.750000 0.283456
vt 0.250000 0.325989
vt 0.281250 0.325989
vt 0.312500 0.325989
vt 0.343750 0.325989
vt 0.375000 0.325989
vt 0.406250 0.325989
vt 0.437500 0.325989
vt 0.468750 0.325989
vt 0.500000 0.325989
vt 0.531250 0.325989
vt 0.562500 0.325989
vt 0.593750 0.325989
vt 0.625000 0.325989
vt 0.656250 0.325989
vt 0.687500 0.325989
vt 0.718750 0.325989
vt 0.750000 0.325989
vt 0.250000 0.368495
vt 0.281250 0.368495
vt 0.312500 0.368495
vt 0.343750 0.368495
vt 0.375000 0.368495
vt 0.406250 0.368495
vt 0.437500 0.368495
vt 0.468750 0.368495
vt 0.500000 0.368495
vt 0.531250 0.368495
vt 0.562500 0.368495
vt 0.593750 0.368495
vt 0.625000 0.368495
vt 0.656250 0.368495
vt 0.687500 0.368495
vt 0.718750 0.368495
vt 0.750000 0.368495
vt 0.250000 0.410973
vt 0.281250 0.410973
vt 0.312500 0.410973
vt 0.343750 0.410973
vt 0.375000 0.410973
vt 0.406250 0.410973
vt 0.437500 0.410973
vt 0.468750 0.410973
vt 0.500000 0.410973
vt 0.531250 0.410973
vt 0.562500 0.410973
vt 0.593750 0.410973
vt 0.625000 0.410973
vt 0.656250 0.410973
vt 0.687500 0.410973
vt 0.718750 0.410973
vt 0.750000 0.410973
vt 0.250000 0.453424
vt 0.281250 0.453424
vt 0.312500 0.453424
vt 0.343750 0.453424
vt 0.375000 0.453424
vt 0.406250 0.453424
vt 0.437500 0.453424
vt 0.468750 0.453424
vt 0.500000 0.453424
vt 0.531250 0.453424
vt 0.562500 0.453424
vt 0.593750 0.453424
vt 0.625000 0.453424
vt 0.656250 0.453424
vt 0.687500 0.453424
vt 0.718750 0.453424
vt 0.750000 0.453424
vt 0.250000 0.495849
vt 0.281250 0.495849
vt 0.312500 0.495849
vt 0.343750 0.495849
vt 0.375000 0.495849
vt 0.406250 0.495849
vt 0.437500 0.495849
vt 0.468750 0.495849
vt 0.500000 0.495849
vt 0.531250 0.495849
vt 0.562500 0.495849
vt 0.593750 0.495849
vt 0.625000 0.495849
vt 0.656250 0.495849
vt 0.687500 0.495849
vt 0.718750 0.495849
vt 0.750000 0.495849
vt 0.250000 0.538249
vt 0.281250 0.538249
vt 0.312500 0.538249
vt 0.343750 0.538249
vt 0.375000 0.538249
vt 0.406250 0.538249
vt 0.437500 0.538249
vt 0.468750 0.538249
vt 0.500000 0.538249
vt 0.531250 0.538249
vt 0.562500 0.538249
vt 0.593750 0.538249
vt 0.625000 0.538249
vt 0.656250 0.538249
vt 0.687500 0.538249
vt 0.718750 0.538249
vt 0.750000 0.538249
vt 0.250000 0.580622
vt 0.281250 0.580622
vt 0.312500 0.580622
vt 0.343750 0.580622
vt 0.375000 0.580622
vt 0.406250 0.580622
vt 0.437500 0.580622
vt 0.468750 0.580622
vt 0.500000 0.580622
vt 0.531250 0.580622
vt 0.562500 0.580622
vt 0.593750 0.580622
vt 0.625000 0.580622
vt 0.656250 0.580622
vt 0.687500 0.580622
vt 0.718750 0.580622
vt 0.750000 0.580622
vt 0.250000 0.622971
vt 0.281250 0.622971
vt 0.312500 0.622971
vt 0.343750 0.622971
vt 0.375000 0.622971
vt 0.406250 0.622971
vt 0.437500 0.622971
vt 0.468750 0.622971
vt 0.500000 0.622971
vt 0.531250 0.622971
vt 0.562500 0.622971
vt 0.593750 0.622971
vt 0.625000 0.622971
vt 0.656250 0.622971
vt 0.687500 0.622971
vt 0.718750 0.622971
vt 0.750000 0.622971
vt 0.250000 0.665295
vt 0.281250 0.665295
vt 0.312500 0.665295
vt 0.343750 0.665295
vt 0.375000 0.665295
vt 0.406250 0.665295
vt 0.437500 0.665295
vt 0.468750 0.665295
vt 0.500000 0.665295
vt 0.531250 0.665295
vt 0.562500 0.665295
vt 0.593750 0.665295
vt 0.625000 0.665295
vt 0.656250 0.665295
vt 0.687500 0.665295
vt 0.718750 0.665295
vt 0.750000 0.665295
vt 0.250000 0.707595
vt 0.281250 0.707595
vt 0.312500 0.707595
vt 0.343750 0.707595
vt 0.375000 0.707595
vt 0.406250 0.707595
vt 0.437500 0.707595
vt 0.468750 0.707595
vt 0.500000 0.707595
vt 0.531250 0.707595
vt 0.562500 0.707595
vt 0.593750 0.707595
vt 0.625000 0.707595
vt 0.656250 0.707595
vt 0.687500 0.707595
vt 0.718750 0.707595
vt 0.750000 0.707595
vt 0.250000 0.749871
vt 0.281250 0.749871
vt 0.312500 0.749871
vt 0.343750 0.749871
vt 0.375000 0.749871
vt 0.406250 0.749871
vt 0.437500 0.749871
vt 0.468750 0.749871
vt 0.500000 0.749871
vt 0.531250 0.749871
vt 0.562500 0.749871
vt 0.593750 0.749871
vt 0.625000 0.749871
vt 0.656250 0.749871
vt 0.687500 0.749871
vt 0.718750 0.749871
vt 0.750000 0.749871
vt 0.250000 0.707876
vt 0.281250 0.707876
vt 0.312500 0.707876
vt 0.343750 0.707876
vt 0.375000 0.707876
vt 0.406250 0.707876
vt 0.437500 0.707876
vt 0.468750 0.707876
vt 0.500000 0.707876
vt 0.531250 0.707876
vt 0.562500 0.707876
vt 0.593750 0.707876
vt 0.625000 0.707876
vt 0.656250 0.707876
vt 0.687500 0.707876
vt 0.718750 0.707876
vt 0.750000 0.707876
vt 0.250000 0.665646
vt 0.281250 0.665646
vt 0.312500 0.665646
vt 0.343750 0.665646
vt 0.375000 0.665646
vt 0.406250 0.665646
vt 0.437500 0.665646
vt 0.468750 0.665646
vt 0.500000 0.665646
vt 0.531250 0.665646
vt 0.562500 0.665646
vt 0.593750 0.665646
vt 0.625000 0.665646
vt 0.656250 0.665646
vt 0.687500 0.665646
vt 0.718750 0.665646
vt 0.750000 0.665646
vt 0.250000 0.623438
vt 0.281250 0.623438
vt 0.312500 0.623438
vt 0.343750 0.623438
vt 0.375000 0.623438
vt 0.406250 0.623438
vt 0.437500 0.623438
vt 0.468750 0.623438
vt 0.500000 0.623438
vt 0.531250 0.623438
vt 0.562500 0.623438
vt 0.593750 0.623438
vt 0.625000 0.623438
vt 0.656250 0.623438
vt 0.687500 0.623438
vt 0.718750 0.623438
vt 0.750000 0.623438
vt 0.250000 0.581253
vt 0.281250 0.581253
vt 0.312500 0.581253
vt 0.343750 0.581253
vt 0.375000 0.581253
vt 0.406250 0.581253
vt 0.437500 0.581253
vt 0.468750 0.581253
vt 0.500000 0.581253
vt 0.531250 0.581253
vt 0.562500 0.581253
vt 0.593750 0.581253
vt 0.625000 0.581253
vt 0.656250 0.581253
vt 0.687500 0.581253
vt 0.718750 0.581253
vt 0.750000 0.581253
vt 0.250000 0.539088
vt 0.281250 0.539088
vt 0.312500 0.539088
vt 0.343750 0.539088
vt 0.375000 0.539088
vt 0.406250 0.539088
vt 0.437500 0.539088
vt 0.468750 0.539088
vt 0.500000 0.539088
vt 0.531250 0.539088
vt 0.562500 0.539088
vt 0.593750 0.539088
vt 0.625000 0.539088
vt 0.656250 0.539088
vt 0.687500 0.539088
vt 0.718750 0.539088
vt 0.750000 0.539088
vt 0.250000 0.496945
vt 0.281250 0.496945
vt 0.312500 0.496945
vt 0.343750 0.496945
vt 0.375000 0.496945
vt 0.406250 0.496945
vt 0.437500 0.496945
vt 0.468750 0.496945
vt 0.500000 0.496945
vt 0.531250 0.496945
vt 0.562500 0.496945
vt 0.593750 0.496945
vt 0.625000 0.496945
vt 0.656250 0.496945
vt 0.687500 0.496945
vt 0.718750 0.496945
vt 0.750000 0.496945
vt 0.250000 0.454823
vt 0.281250 0.454823
vt 0.312500 0.454823
vt 0.343750 0.454823
vt 0.375000 0.454823
vt 0.406250 0.454823
vt 0.437500 0.454823
vt 0.468750 0.454823
vt 0.500000 0.454823
vt 0.531250 0.454823
vt 0.562500 0.454823
vt 0.593750 0.454823
vt 0.625000 0.454823
vt 0.656250 0.454823
vt 0.687500 0.454823
vt 0.718750 0.454823
vt 0.750000 0.454823
vt 0.250000 0.412720
vt 0.281250 0.412720
vt 0.312500 0.412720
vt 0.343750 0.412720
vt 0.375000 0.412720
vt 0.406250 0.412720
vt 0.437500 0.412720
vt 0.468750 0.412720
vt 0.500000 0.412720
vt 0.531250 0.412720
vt 0.562500 0.412720
vt 0.593750 0.412720
vt 0.625000 0.412720
vt 0.656250 0.412720
vt 0.687500 0.412720
vt 0.718750 0.412720
vt 0.750000 0.412720
vt 0.250000 0.370638
vt 0.281250 0.370638
vt 0.312500 0.370638
vt 0.343750 0.370638
vt 0.375000 0.370638
vt 0.406250 0.370638
vt 0.437500 0.370638
vt 0.468750 0.370638
vt 0.500000 0.370638
vt 0.531250 0.370638
vt 0.562500 0.370638
vt 0.593750 0.370638
vt 0.625000 0.370638
vt 0.656250 0.370638
vt 0.687500 0.370638
vt 0.718750 0.370638
vt 0.750000 0.370638
vt 0.250000 0.328574
vt 0.281250 0.328574
vt 0.312500 0.328574
vt 0.343750 0.328574
vt 0.375000 0.328574
vt 0.406250 0.328574
vt 0.437500 0.328574
vt 0.468750 0.328574
vt 0.500000 0.328574
vt 0.531250 0.328574
vt 0.562500 0.328574
vt 0.593750 0.328574
vt 0.625000 0.328574
vt 0.656250 0.328574
vt 0.687500 0.328574
vt 0.718750 0.328574
vt 0.750000 0.328574
vt 0.250000 0.286529
vt 0.281250 0.286529
vt 0.312500 0.286529
vt 0.343750 0.286529
vt 0.375000 0.286529
vt 0.406250 0.286529
vt 0.437500 0.286529
vt 0.468750 0.286529
vt 0.500000 0.286529
vt 0.531250 0.286529
vt 0.562500 0.286529
vt 0.593750 0.286529
vt 0.625000 0.286529
vt 0.656250 0.286529
vt 0.687500 0.286529
vt 0.718750 0.286529
vt 0.750000 0.286529
vt 0.250000 0.255497
vt 0.281250 0.255497
vt 0.312500 0.255497
vt 0.343750 0.255497
vt 0.375000 0.255497
vt 0.406250 0.255497
vt 0.437500 0.255497
vt 0.468750 0.255497
vt 0.500000 0.255497
vt 0.531250 0.255497
vt 0.562500 0.255497
vt 0.593750 0.255497
vt 0.625000 0.255497
vt 0.656250 0.255497
vt 0.687500 0.255497
vt 0.718750 0.255497
vt 0.750000 0.255497
vt 0.250000 0.297505
vt 0.281250 0.297505
vt 0.312500 0.297505
vt 0.343750 0.297505
vt 0.375000 0.297505
vt 0.406250 0.297505
vt 0.437500 0.297505
vt 0.468750 0.297505
vt 0.500000 0.297505
vt 0.531250 0.297505
vt 0.562500 0.297505
vt 0.593750 0.297505
vt 0.625000 0.297505
vt 0.656250 0.297505
vt 0.687500 0.297505
vt 0.718750 0.297505
vt 0.750000 0.297505
vt 0.250000 0.339496
vt 0.281250 0.339496
vt 0.312500 0.339496
vt 0.343750 0.339496
vt 0.375000 0.339496
vt 0.406250 0.339496
vt 0.437500 0.339496
vt 0.468750 0.339496
vt 0.500000 0.339496
vt 0.531250 0.339496
vt 0.562500 0.339496
vt 0.593750 0.339496
vt 0.625000 0.339496
vt 0.656250 0.339496
vt 0.687500 0.339496
vt 0.718750 0.339496
vt 0.750000 0.339496
vt 0.250000 0.381470
vt 0.281250 0.381470
vt 0.312500 0.381470
vt 0.343750 0.381470
vt 0.375000 0.381470
vt 0.406250 0.381470
vt 0.437500 0.381470
vt 0.468750 0.381470
vt 0.500000 0.381470
vt 0.531250 0.381470
vt 0.562500 0.381470
vt 0.593750 0.381470
vt 0.625000 0.381470
vt 0.656250 0.381470
vt 0.687500 0.381470
vt 0.718750 0.381470
vt 0.750000 0.381470
vt 0.250000 0.423427
vt 0.281250 0.423427
vt 0.312500 0.423427
vt 0.343750 0.423427
vt 0.375000 0.423427
vt 0.406250 0.423427
vt 0.437500 0.423427
vt 0.468750 0.423427
vt 0.500000 0.423427
vt 0.531250 0.423427
vt 0.562500 0.423427
vt 0.593750 0.423427
vt 0.625000 0.423427
vt 0.656250 0.423427
vt 0.687500 0.423427
vt 0.718750 0.423427
vt 0.750000 0.423427
vt 0.250000 0.465369
vt 0.281250 0.465369
vt 0.312500 0.465369
vt 0.343750 0.465369
vt 0.375000 0.465369
vt 0.406250 0.465369
vt 0.437500 0.465369
vt 0.468750 0.465369
vt 0.500000 0.465369
vt 0.531250 0.465369
vt 0.562500 0.465369
vt 0.593750 0.465369
vt 0.625000 0.465369
vt 0.656250 0.465369
vt 0.687500 0.465369
vt 0.718750 0.465369
vt 0.750000 0.465369
vt 0.250000 0.507294
vt 0.281250 0.507294
vt 0.312500 0.507294
vt 0.343750 0.507294
vt 0.375000 0.507294
vt 0.406250 0.507294
vt 0.437500 0.507294
vt 0.468750 0.507294
vt 0.500000 0.507294
vt 0.531250 0.507294
vt 0.562500 0.507294
vt 0.593750 0.507294
vt 0.625000 0.507294
vt 0.656250 0.507294
vt 0.687500 0.507294
vt 0.718750 0.507294
vt 0.750000 0.507294
vt 0.250000 0.549205
vt 0.281250 0.549205
vt 0.312500 0.549205
vt 0.343750 0.549205
vt 0.375000 0.549205
vt 0.406250 0.549205
vt 0.437500 0.549205
vt 0.468750 0.549205
vt 0.500000 0.549205
vt 0.531250 0.549205
vt 0.562500 0.549205
vt 0.593750 0.549205
vt 0.625000 0.549205
vt 0.656250 0.549205
vt 0.687500 0.549205
vt 0.718750 0.549205
vt 0.750000 0.549205
vt 0.250000 0.591101
vt 0.281250 0.591101
vt 0.312500 0.591101
vt 0.343750 0.591101
vt 0.375000 0.591101
vt 0.406250 0.591101
vt 0.437500 0.591101
vt 0.468750 0.591101
vt 0.500000 0.591101
vt 0.531250 0.591101
vt 0.562500 0.591101
vt 0.593750 0.591101
vt 0.625000 0.591101
vt 0.656250 0.591101
vt 0.687500 0.591101
vt 0.718750 0.591101
vt 0.750000 0.591101
vt 0.250000 0.632982
vt 0.281250 0.632982
vt 0.312500 0.632982
vt 0.343750 0.632982
vt 0.375000 0.632982
vt 0.406250 0.632982
vt 0.437500 0.632982
vt 0.468750 0.632982
vt 0.500000 0.632982
vt 0.531250 0.632982
vt 0.562500 0.632982
vt 0.593750 0.632982
vt 0.625000 0.632982
vt 0.656250 0.632982
vt 0.687500 0.632982
vt 0.718750 0.632982
vt 0.750000 0.632982
vt 0.250000 0.674850
vt 0.281250 0.674850
vt 0.312500 0.674850
vt 0.343750 0.674850
vt 0.375000 0.674850
vt 0.406250 0.674850
vt 0.437500 0.674850
vt 0.468750 0.674850
vt 0.500000 0.674850
vt 0.531250 0.674850
vt 0.562500 0.674850
vt 0.593750 0.674850
vt 0.625000 0.674850
vt 0.656250 0.674850
vt 0.687500 0.674850
vt 0.718750 0.674850
vt 0.750000 0.674850
vt 0.250000 0.716704
vt 0.281250 0.716704
vt 0.312500 0.716704
vt 0.343750 0.716704
vt 0.375000 0.716704
vt 0.406250 0.716704
vt 0.437500 0.716704
vt 0.468750 0.716704
vt 0.500000 0.716704
vt 0.531250 0.716704
vt 0.562500 0.716704
vt 0.593750 0.716704
vt 0.625000 0.716704
vt 0.656250 0.716704
vt 0.687500 0.716704
vt 0.718750 0.716704
vt 0.750000 0.716704
vt 0.250000 0.741455
vt 0.281250 0.741455
vt 0.312500 0.741455
vt 0.343750 0.741455
vt 0.375000 0.741455
vt 0.406250 0.741455
vt 0.437500 0.741455
vt 0.468750 0.741455
vt 0.500000 0.741455
vt 0.531250 0.741455
vt 0.562500 0.741455
vt 0.593750 0.741455
vt 0.625000 0.741455
vt 0.656250 0.741455
vt 0.687500 0.741455
vt 0.718750 0.741455
vt 0.750000 0.741455
vt 0.250000 0.699626
vt 0.281250 0.699626
vt 0.312500 0.699626
vt 0.343750 0.699626
vt 0.375000 0.699626
vt 0.406250 0.699626
vt 0.437500 0.699626
vt 0.468750 0.699626
vt 0.500000 0.699626
vt 0.531250 0.699626
vt 0.562500 0.699626
vt 0.593750 0.699626
vt 0.625000 0.699626
vt 0.656250 0.699626
vt 0.687500 0.699626
vt 0.718750 0.699626
vt 0.750000 0.699626
vt 0.250000 0.657809
vt 0.281250 0.657809
vt 0.312500 0.657809
vt 0.343750 0.657809
vt 0.375000 0.657809
vt 0.406250 0.657809
vt 0.437500 0.657809
vt 0.468750 0.657809
vt 0.500000 0.657809
vt 0.531250 0.657809
vt 0.562500 0.657809
vt 0.593750 0.657809
vt 0.625000 0.657809
vt 0.656250 0.657809
vt 0.687500 0.657809
vt 0.718750 0.657809
vt 0.750000 0.657809
vt 0.250000 0.616004
vt 0.281250 0.616004
vt 0.312500 0.616004
vt 0.343750 0.616004
vt 0.375000 0.616004
vt 0.406250 0.616004
vt 0.437500 0.616004
vt 0.468750 0.616004
vt 0.500000 0.616004
vt 0.531250 0.616004
vt 0.562500 0.616004
vt 0.593750 0.616004
vt 0.625000 0.616004
vt 0.656250 0.616004
vt 0.687500 0.616004
vt 0.718750 0.616004
vt 0.750000 0.616004
vt 0.250000 0.574209
vt 0.281250 0.574209
vt 0.312500 0.574209
vt 0.343750 0.574209
vt 0.375000 0.574209
vt 0.406250 0.574209
vt 0.437500 0.574209
vt 0.468750 0.574209
vt 0.500000 0.574209
vt 0.531250 0.574209
vt 0.562500 0.574209
vt 0.593750 0.574209
vt 0.625000 0.574209
vt 0.656250 0.574209
vt 0.687500 0.574209
vt 0.718750 0.574209
vt 0.750000 0.574209
vt 0.250000 0.532426
vt 0.281250 0.532426
vt 0.312500 0.532426
vt 0.343750 0.532426
vt 0.375000 0.532426
vt 0.406250 0.532426
vt 0.437500 0.532426
vt 0.468750 0.532426
vt 0.500000 0.532426
vt 0.531250 0.532426
vt 0.562500 0.532426
vt 0.593750 0.532426
vt 0.625000 0.532426
vt 0.656250 0.532426
vt 0.687500 0.532426
vt 0.718750 0.532426
vt 0.750000 0.532426
vt 0.250000 0.490652
vt 0.281250 0.490652
vt 0.312500 0.490652
vt 0.343750 0.490652
vt 0.375000 0.490652
vt 0.406250 0.490652
vt 0.437500 0.490652
vt 0.468750 0.490652
vt 0.500000 0.490652
vt 0.531250 0.490652
vt 0.562500 0.490652
vt 0.593750 0.490652
vt 0.625000 0.490652
vt 0.656250 0.490652
vt 0.687500 0.490652
vt 0.718750 0.490652
vt 0.750000 0.490652
vt 0.250000 0.448888
vt 0.281250 0.448888
vt 0.312500 0.448888
vt 0.343750 0.448888
vt 0.375000 0.448888
vt 0.406250 0.448888
vt 0.437500 0.448888
vt 0.468750 0.448888
vt 0.500000 0.448888
vt 0.531250 0.448888
vt 0.562500 0.448888
vt 0.593750 0.448888
vt 0.625000 0.448888
vt 0.656250 0.448888
vt 0.687500 0.448888
vt 0.718750 0.448888
vt 0.750000 0.448888
vt 0.250000 0.407134
vt 0.281250 0.407134
vt 0.312500 0.407134
vt 0.343750 0.407134
vt 0.375000 0.407134
vt 0.406250 0.407134
vt 0.437500 0.407134
vt 0.468750 0.407134
vt 0.500000 0.407134
vt 0.531250 0.407134
vt 0.562500 0.407134
vt 0.593750 0.407134
vt 0.625000 0.407134
vt 0.656250 0.407134
vt 0.687500 0.407134
vt 0.718750 0.407134
vt 0.750000 0.407134
vt 0.250000 0.365388
vt 0.281250 0.365388
vt 0.312500 0.365388
vt 0.343750 0.365388
vt 0.375000 0.365388
vt 0.406250 0.365388
vt 0.437500 0.365388
vt 0.468750 0.365388
vt 0.500000 0.365388
vt 0.531250 0.365388
vt 0.562500 0.365388
vt 0.593750 0.365388
vt 0.625000 0.365388
vt 0.656250 0.365388
vt 0.687500 0.365388
vt 0.718750 0.365388
vt 0.750000 0.365388
vt 0.250000 0.323650
vt 0.281250 0.323650
vt 0.312500 0.323650
vt 0.343750 0.323650
vt 0.375000 0.323650
vt 0.406250 0.323650
vt 0.437500 0.323650
vt 0.468750 0.323650
vt 0.500000 0.323650
vt 0.531250 0.323650
vt 0.562500 0.323650
vt 0.593750 0.323650
vt 0.625000 0.323650
vt 0.656250 0.323650
vt 0.687500 0.323650
vt 0.718750 0.323650
vt 0.750000 0.323650
vt 0.250000 0.281921
vt 0.281250 0.281921
vt 0.312500 0.281921
vt 0.343750 0.281921
vt 0.375000 0.281921
vt 0.406250 0.281921
vt 0.437500 0.281921
vt 0.468750 0.281921
vt 0.500000 0.281921
vt 0.531250 0.281921
vt 0.562500 0.281921
vt 0.593750 0.281921
vt 0.625000 0.281921
vt 0.656250 0.281921
vt 0.687500 0.281921
vt 0.718750 0.281921
vt 0.750000 0.281921
vt 0.250000 0.259802
vt 0.281250 0.259802
vt 0.312500 0.259802
vt 0.343750 0.259802
vt 0.375000 0.259802
vt 0.406250 0.259802
vt 0.437500 0.259802
vt 0.468750 0.259802
vt 0.500000 0.259802
vt 0.531250 0.259802
vt 0.562500 0.259802
vt 0.593750 0.259802
vt 0.625000 0.259802
vt 0.656250 0.259802
vt 0.687500 0.259802
vt 0.718750 0.259802
vt 0.750000 0.259802
vt 0.250000 0.301517
vt 0.281250 0.301517
vt 0.312500 0.301517
vt 0.343750 0.301517
vt 0.375000 0.301517
vt 0.406250 0.301517
vt 0.437500 0.301517
vt 0.468750 0.301517
vt 0.500000 0.301517
vt 0.531250 0.301517
vt 0.562500 0.301517
vt 0.593750 0.301517
vt 0.625000 0.301517
vt 0.656250 0.301517
vt 0.687500 0.301517
vt 0.718750 0.301517
vt 0.750000 0.301517
vt 0.250000 0.343226
vt 0.281250 0.343226
vt 0.312500 0.343226
vt 0.343750 0.343226
vt 0.375000 0.343226
vt 0.406250 0.343226
vt 0.437500 0.343226
vt 0.468750 0.343226
vt 0.500000 0.343226
vt 0.531250 0.343226
vt 0.562500 0.343226
vt 0.593750 0.343226
vt 0.625000 0.343226
vt 0.656250 0.343226
vt 0.687500 0.343226
vt 0.718750 0.343226
vt 0.750000 0.343226
vt 0.250000 0.384929
vt 0.281250 0.384929
vt 0.312500 0.384929
vt 0.343750 0.384929
vt 0.375000 0.384929
vt 0.406250 0.384929
vt 0.437500 0.384929
vt 0.468750 0.384929
vt 0.500000 0.384929
vt 0.531250 0.384929
vt 0.562500 0.384929
vt 0.593750 0.384929
vt 0.625000 0.384929
vt 0.656250 0.384929
vt 0.687500 0.384929
vt 0.718750 0.384929
vt 0.750000 0.384929
vt 0.250000 0.426626
vt 0.281250 0.426626
vt 0.312500 0.426626
vt 0.343750 0.426626
vt 0.375000 0.426626
vt 0.406250 0.426626
vt 0.437500 0.426626
vt 0.468750 0.426626
vt 0.500000 0.426626
vt 0.531250 0.426626
vt 0.562500 0.426626
vt 0.593750 0.426626
vt 0.625000 0.426626
vt 0.656250 0.426626
vt 0.687500 0.426626
vt 0.718750 0.426626
vt 0.750000 0.426626
vt 0.250000 0.468318
vt 0.281250 0.468318
vt 0.312500 0.468318
vt 0.343750 0.468318
vt 0.375000 0.468318
vt 0.406250 0.468318
vt 0.437500 0.468318
vt 0.468750 0.468318
vt 0.500000 0.468318
vt 0.531250 0.468318
vt 0.562500 0.468318
vt 0.593750 0.468318
vt 0.625000 0.468318
vt 0.656250 0.468318
vt 0.687500 0.468318
vt 0.718750 0.468318
vt 0.750000 0.468318
vt 0.250000 0.510006
vt 0.281250 0.510006
vt 0.312500 0.510006
vt 0.343750 0.510006
vt 0.375000 0.510006
vt 0.406250 0.510006
vt 0.437500 0.510006
vt 0.468750 0.510006
vt 0.500000 0.510006
vt 0.531250 0.510006
vt 0.562500 0.510006
vt 0.593750 0.510006
vt 0.625000 0.510006
vt 0.656250 0.510006
vt 0.687500 0.510006
vt 0.718750 0.510006
vt 0.750000 0.510006
vt 0.250000 0.551689
vt 0.281250 0.551689
vt 0.312500 0.551689
vt 0.343750 0.551689
vt 0.375000 0.551689
vt 0.406250 0.551689
vt 0.437500 0.551689
vt 0.468750 0.551689
vt 0.500000 0.551689
vt 0.531250 0.551689
vt 0.562500 0.551689
vt 0.593750 0.551689
vt 0.625000 0.551689
vt 0.656250 0.551689
vt 0.687500 0.551689
vt 0.718750 0.551689
vt 0.750000 0.551689
vt 0.250000 0.593369
vt 0.281250 0.593369
vt 0.312500 0.593369
vt 0.343750 0.593369
vt 0.375000 0.593369
vt 0.406250 0.593369
vt 0.437500 0.593369
vt 0.468750 0.593369
vt 0.500000 0.593369
vt 0.531250 0.593369
vt 0.562500 0.593369
vt 0.593750 0.593369
vt 0.625000 0.593369
vt 0.656250 0.593369
vt 0.687500 0.593369
vt 0.718750 0.593369
vt 0.750000 0.593369
vt 0.250000 0.635045
vt 0.281250 0.635045
vt 0.312500 0.635045
vt 0.343750 0.635045
vt 0.375000 0.635045
vt 0.406250 0.635045
vt 0.437500 0.635045
vt 0.468750 0.635045
vt 0.500000 0.635045
vt 0.531250 0.635045
vt 0.562500 0.635045
vt 0.593750 0.635045
vt 0.625000 0.635045
vt 0.656250 0.635045
vt 0.687500 0.635045
vt 0.718750 0.635045
vt 0.750000 0.635045
vt 0.250000 0.676719
vt 0.281250 0.676719
vt 0.312500 0.676719
vt 0.343750 0.676719
vt 0.375000 0.676719
vt 0.406250 0.676719
vt 0.437500 0.676719
vt 0.468750 0.676719
vt 0.500000 0.676719
vt 0.531250 0.676719
vt 0.562500 0.676719
vt 0.593750 0.676719
vt 0.625000 0.676719
vt 0.656250 0.676719
vt 0.687500 0.676719
vt 0.718750 0.676719
vt 0.750000 0.676719
vt 0.250000 0.718390
vt 0.281250 0.718390
vt 0.312500 0.718390
vt 0.343750 0.718390
vt 0.375000 0.718390
vt 0.406250 0.718390
vt 0.437500 0.718390
vt 0.468750 0.718390
vt 0.500000 0.718390
vt 0.531250 0.718390
vt 0.562500 0.718390
vt 0.593750 0.718390
vt 0.625000 0.718390
vt 0.656250 0.718390
vt 0.687500 0.718390
vt 0.718750 0.718390
vt 0.750000 0.718390
vt 0.250000 0.739940
vt 0.281250 0.739940
vt 0.312500 0.739940
vt 0.343750 0.739940
vt 0.375000 0.739940
vt 0.406250 0.739940
vt 0.437500 0.739940
vt 0.468750 0.739940
vt 0.500000 0.739940
vt 0.531250 0.739940
vt 0.562500 0.739940
vt 0.593750 0.739940
vt 0.625000 0.739940
vt 0.656250 0.739940
vt 0.687500 0.739940
vt 0.718750 0.739940
vt 0.750000 0.739940
vt 0.250000 0.698272
vt 0.281250 0.698272
vt 0.312500 0.698272
vt 0.343750 0.698272
vt 0.375000 0.698272
vt 0.406250 0.698272
vt 0.437500 0.698272
vt 0.468750 0.698272
vt 0.500000 0.698272
vt 0.531250 0.698272
vt 0.562500 0.698272
vt 0.593750 0.698272
vt 0.625000 0.698272
vt 0.656250 0.698272
vt 0.687500 0.698272
vt 0.718750 0.698272
vt 0.750000 0.698272
vt 0.250000 0.656605
vt 0.281250 0.656605
vt 0.312500 0.656605
vt 0.343750 0.656605
vt 0.375000 0.656605
vt 0.406250 0.656605
vt 0.437500 0.656605
vt 0.468750 0.656605
vt 0.500000 0.656605
vt 0.531250 0.656605
vt 0.562500 0.656605
vt 0.593750 0.656605
vt 0.625000 0.656605
vt 0.656250 0.656605
vt 0.687500 0.656605
vt 0.718750 0.656605
vt 0.750000 0.656605
vt 0.250000 0.615251
vt 0.281250 0.615251
vt 0.312500 0.615251
vt 0.343750 0.615251
vt 0.375000 0.615251
vt 0.406250 0.615251
vt 0.437500 0.615251
vt 0.468750 0.615251
vt 0.500000 0.615251
vt 0.531250 0.615251
vt 0.562500 0.615251
vt 0.593750 0.615251
vt 0.625000 0.615251
vt 0.656250 0.615251
vt 0.687500 0.615251
vt 0.718750 0.615251
vt 0.750000 0.615251
vn 0.000000 0.000000 1.000000
vn 1.000000 0.000000 0.000000
vn 0.923880 0.355313 0.142125
vn 0.923880 0.354246 0.144763
vn 0.707107 0.656532 0.262613
vn 0.707107 0.655494 0.265193
vn 0.382683 0.857801 0.343120
vn 0.382683 0.857363 0.344213
vn 0.000000 0.928477 0.371391
vn 0.000000 0.928363 0.371674
vn -0.382683 0.857801 0.343120
vn -0.382683 0.857363 0.344213
vn -0.707107 0.656532 0.262613
vn -0.707107 0.655494 0.265193
vn -0.923880 0.355313 0.142125
vn -0.923880 0.354246 0.144763
vn -1.000000 0.000000 0.000000
vn -0.923880 -0.355313 -0.142125
vn -0.923880 -0.353791 -0.145871
vn -0.707107 -0.656532 -0.262613
vn -0.707107 -0.653959 -0.268957
vn -0.382683 -0.857801 -0.343120
vn -0.382683 -0.854766 -0.350611
vn -0.000000 -0.928477 -0.371391
vn -0.000000 -0.925332 -0.379158
vn 0.382683 -0.857801 -0.343120
vn 0.382683 -0.854766 -0.350611
vn 0.707107 -0.656532 -0.262613
vn 0.707107 -0.653959 -0.268957
vn 0.923880 -0.355313 -0.142125
vn 0.923880 -0.353791 -0.145871
vn 0.923880 0.355720 0.141102
vn 0.707107 0.657285 0.260723
vn 0.382683 0.858784 0.340651
vn 0.000000 0.929541 0.368718
vn -0.382683 0.858784 0.340651
vn -0.707107 0.657285 0.260723
vn -0.923880 0.355720 0.141102
vn -0.923880 -0.355720 -0.141102
vn -0.707107 -0.657285 -0.260723
vn -0.382683 -0.858784 -0.340651
vn -0.000000 -0.929541 -0.368718
vn 0.382683 -0.858784 -0.340651
vn 0.707107 -0.657285 -0.260723
vn 0.923880 -0.355720 -0.141102
vn 0.923880 0.356125 0.140076
vn 0.707107 0.658034 0.258827
vn 0.382683 0.859763 0.338173
vn 0.000000 0.930601 0.366036
vn -0.382683 0.859763 0.338173
vn -0.707107 0.658034 0.258827
vn -0.923880 0.356125 0.140076
vn -0.923880 -0.356125 -0.140076
vn -0.707107 -0.658034 -0.258827
vn -0.382683 -0.859763 -0.338173
vn -0.000000 -0.930601 -0.366036
vn 0.382683 -0.859763 -0.338173
vn 0.707107 -0.658034 -0.258827
vn 0.923880 -0.356125 -0.140076
vn 0.923880 0.356529 0.139046
vn 0.707107 0.658779 0.256924
vn 0.382683 0.860737 0.335687
vn 0.000000 0.931655 0.363345
vn -0.382683 0.860737 0.335687
vn -0.707107 0.658779 0.256924
vn -0.923880 0.356529 0.139046
vn -0.923880 -0.356529 -0.139046
vn -0.707107 -0.658779 -0.256924
vn -0.382683 -0.860737 -0.335687
vn -0.000000 -0.931655 -0.363345
vn 0.382683 -0.860737 -0.335687
vn 0.707107 -0.658779 -0.256924
vn 0.923880 -0.356529 -0.139046
vn 0.923880 0.356930 0.138013
vn 0.707107 0.659521 0.255015
vn 0.382683 0.861705 0.333193
vn 0.000000 0.932703 0.360645
vn -0.382683 0.861705 0.333193
vn -0.707107 0.659521 0.255015
vn -0.923880 0.356930 0.138013
vn -0.923880 -0.356930 -0.138013
vn -0.707107 -0.659521 -0.255015
vn -0.382683 -0.861705 -0.333193
vn -0.000000 -0.932703 -0.360645
vn 0.382683 -0.861705 -0.333193
vn 0.707107 -0.659521 -0.255015
vn 0.923880 -0.356930 -0.138013
vn 0.923880 0.357329 0.136976
vn 0.707107 0.660258 0.253099
vn 0.382683 0.862669 0.330690
vn 0.000000 0.933746 0.357936
vn -0.382683 0.862669 0.330690
vn -0.707107 0.660258 0.253099
vn -0.923880 0.357329 0.136976
vn -0.923880 -0.357329 -0.136976
vn -0.707107 -0.660258 -0.253099
vn -0.382683 -0.862669 -0.330690
vn -0.000000 -0.933746 -0.357936
vn 0.382683 -0.862669 -0.330690
vn 0.707107 -0.660258 -0.253099
vn 0.923880 -0.357329 -0.136976
vn 0.923880 0.357726 0.135936
vn 0.707107 0.660992 0.251177
vn 0.382683 0.863627 0.328178
vn 0.000000 0.934784 0.355218
vn -0.382683 0.863627 0.328178
vn -0.707107 0.660992 0.251177
vn -0.923880 0.357726 0.135936
vn -0.923880 -0.357726 -0.135936
vn -0.707107 -0.660992 -0.251177
vn -0.382683 -0.863627 -0.328178
vn -0.000000 -0.934784 -0.355218
vn 0.382683 -0.863627 -0.328178
vn 0.707107 -0.660992 -0.251177
vn 0.923880 -0.357726 -0.135936
vn 0.923880 0.358121 0.134892
vn 0.707107 0.661721 0.249248
vn 0.382683 0.864581 0.325659
vn 0.000000 0.935815 0.352490
vn -0.382683 0.864581 0.325659
vn -0.707107 0.661721 0.249248
vn -0.923880 0.358121 0.134892
vn -0.923880 -0.358121 -0.134892
vn -0.707107 -0.661721 -0.249248
vn -0.382683 -0.864581 -0.325659
vn -0.000000 -0.935815 -0.352490
vn 0.382683 -0.864581 -0.325659
vn 0.707107 -0.661721 -0.249248
vn 0.923880 -0.358121 -0.134892
vn 0.923880 0.358514 0.133845
vn 0.707107 0.662447 0.247314
vn 0.382683 0.865529 0.323131
vn 0.000000 0.936842 0.349754
vn -0.382683 0.865529 0.323131
vn -0.707107 0.662447 0.247314
vn -0.923880 0.358514 0.133845
vn -0.923880 -0.358514 -0.133845
vn -0.707107 -0.662447 -0.247314
vn -0.382683 -0.865529 -0.323131
vn -0.000000 -0.936842 -0.349754
vn 0.382683 -0.865529 -0.323131
vn 0.707107 -0.662447 -0.247314
vn 0.923880 -0.358514 -0.133845
vn 0.923880 0.358904 0.132795
vn 0.707107 0.663168 0.245372
vn 0.382683 0.866471 0.320594
vn 0.000000 0.937862 0.347009
vn -0.382683 0.866471 0.320594
vn -0.707107 0.663168 0.245372
vn -0.923880 0.358904 0.132795
vn -0.923880 -0.358904 -0.132795
vn -0.707107 -0.663168 -0.245372
vn -0.382683 -0.866471 -0.320594
vn -0.000000 -0.937862 -0.347009
vn 0.382683 -0.866471 -0.320594
vn 0.707107 -0.663168 -0.245372
vn 0.923880 -0.358904 -0.132795
vn 0.923880 0.359292 0.131741
vn 0.707107 0.663886 0.243425
vn 0.382683 0.867409 0.318050
vn 0.000000 0.938876 0.344255
vn -0.382683 0.867409 0.318050
vn -0.707107 0.663886 0.243425
vn -0.923880 0.359292 0.131741
vn -0.923880 -0.359292 -0.131741
vn -0.707107 -0.663886 -0.243425
vn -0.382683 -0.867409 -0.318050
vn -0.000000 -0.938876 -0.344255
vn 0.382683 -0.867409 -0.318050
vn 0.707107 -0.663886 -0.243425
vn 0.923880 -0.359292 -0.131741
vn 0.923880 0.359678 0.130683
vn 0.707107 0.664599 0.241471
vn 0.382683 0.868340 0.315497
vn 0.000000 0.939885 0.341492
vn -0.382683 0.868340 0.315497
vn -0.707107 0.664599 0.241471
vn -0.923880 0.359678 0.130683
vn -0.923880 -0.359678 -0.130683
vn -0.707107 -0.664599 -0.241471
vn -0.382683 -0.868340 -0.315497
vn -0.000000 -0.939885 -0.341492
vn 0.382683 -0.868340 -0.315497
vn 0.707107 -0.664599 -0.241471
vn 0.923880 -0.359678 -0.130683
vn 0.923880 0.360062 0.129622
vn 0.707107 0.665308 0.239511
vn 0.382683 0.869267 0.312936
vn 0.000000 0.940887 0.338719
vn -0.382683 0.869267 0.312936
vn -0.707107 0.665308 0.239511
vn -0.923880 0.360062 0.129622
vn -0.923880 -0.360062 -0.129622
vn -0.707107 -0.665308 -0.239511
vn -0.382683 -0.869267 -0.312936
vn -0.000000 -0.940887 -0.338719
vn 0.382683 -0.869267 -0.312936
vn 0.707107 -0.665308 -0.239511
vn 0.923880 -0.360062 -0.129622
vn 0.923880 0.360443 0.128558
vn 0.707107 0.666012 0.237544
vn 0.382683 0.870187 0.310367
vn 0.000000 0.941884 0.335939
vn -0.382683 0.870187 0.310367
vn -0.707107 0.666012 0.237544
vn -0.923880 0.360443 0.128558
vn -0.923880 -0.360443 -0.128558
vn -0.707107 -0.666012 -0.237544
vn -0.382683 -0.870187 -0.310367
vn -0.000000 -0.941884 -0.335939
vn 0.382683 -0.870187 -0.310367
vn 0.707107 -0.666012 -0.237544
vn 0.923880 -0.360443 -0.128558
vn 0.923880 0.360822 0.127491
vn 0.707107 0.666713 0.235572
vn 0.382683 0.871102 0.307789
vn 0.000000 0.942874 0.333149
vn -0.382683 0.871102 0.307789
vn -0.707107 0.666713 0.235572
vn -0.923880 0.360822 0.127491
vn -0.923880 -0.360822 -0.127491
vn -0.707107 -0.666713 -0.235572
vn -0.382683 -0.871102 -0.307789
vn -0.000000 -0.942874 -0.333149
vn 0.382683 -0.871102 -0.307789
vn 0.707107 -0.666713 -0.235572
vn 0.923880 -0.360822 -0.127491
vn 0.923880 0.361199 0.126420
vn 0.707107 0.667409 0.233593
vn 0.382683 0.872011 0.305204
vn 0.000000 0.943858 0.330350
vn -0.382683 0.872011 0.305204
vn -0.707107 0.667409 0.233593
vn -0.923880 0.361199 0.126420
vn -0.923880 -0.361199 -0.126420
vn -0.707107 -0.667409 -0.233593
vn -0.382683 -0.872011 -0.305204
vn -0.000000 -0.943858 -0.330350
vn 0.382683 -0.872011 -0.305204
vn 0.707107 -0.667409 -0.233593
vn 0.923880 -0.361199 -0.126420
vn 0.923880 0.361573 0.125345
vn 0.707107 0.668100 0.231608
vn 0.382683 0.872915 0.302610
vn 0.000000 0.944836 0.327543
vn -0.382683 0.872915 0.302610
vn -0.707107 0.668100 0.231608
vn -0.923880 0.361573 0.125345
vn -0.923880 -0.361573 -0.125345
vn -0.707107 -0.668100 -0.231608
vn -0.382683 -0.872915 -0.302610
vn -0.000000 -0.944836 -0.327543
vn 0.382683 -0.872915 -0.302610
vn 0.707107 -0.668100 -0.231608
vn 0.923880 -0.361573 -0.125345
vn 0.923880 0.361602 0.125263
vn 0.707107 0.668153 0.231455
vn 0.382683 0.872984 0.302411
vn 0.000000 0.944911 0.327327
vn -0.382683 0.872984 0.302411
vn -0.707107 0.668153 0.231455
vn -0.923880 0.361602 0.125263
vn -0.923880 -0.361602 -0.125263
vn -0.707107 -0.668153 -0.231455
vn -0.382683 -0.872984 -0.302411
vn -0.000000 -0.944911 -0.327327
vn 0.382683 -0.872984 -0.302411
vn 0.707107 -0.668153 -0.231455
vn 0.923880 -0.361602 -0.125263
vn 0.923880 0.361945 0.124268
vn 0.707107 0.668787 0.229617
vn 0.382683 0.873812 0.300009
vn 0.000000 0.945808 0.324727
vn -0.382683 0.873812 0.300009
vn -0.707107 0.668787 0.229617
vn -0.923880 0.361945 0.124268
vn -0.923880 -0.361945 -0.124268
vn -0.707107 -0.668787 -0.229617
vn -0.382683 -0.873812 -0.300009
vn -0.000000 -0.945808 -0.324727
vn 0.382683 -0.873812 -0.300009
vn 0.707107 -0.668787 -0.229617
vn 0.923880 -0.361945 -0.124268
vn 0.923880 0.362314 0.123187
vn 0.707107 0.669469 0.227620
vn 0.382683 0.874704 0.297399
vn 0.000000 0.946773 0.321903
vn -0.382683 0.874704 0.297399
vn -0.707107 0.669469 0.227620
vn -0.923880 0.362314 0.123187
vn -0.923880 -0.362314 -0.123187
vn -0.707107 -0.669469 -0.227620
vn -0.382683 -0.874704 -0.297399
vn -0.000000 -0.946773 -0.321903
vn 0.382683 -0.874704 -0.297399
vn 0.707107 -0.669469 -0.227620
vn 0.923880 -0.362314 -0.123187
vn 0.923880 0.362681 0.122103
vn 0.707107 0.670147 0.225616
vn 0.382683 0.875590 0.294782
vn 0.000000 0.947731 0.319070
vn -0.382683 0.875590 0.294782
vn -0.707107 0.670147 0.225616
vn -0.923880 0.362681 0.122103
vn -0.923880 -0.362681 -0.122103
vn -0.707107 -0.670147 -0.225616
vn -0.382683 -0.875590 -0.294782
vn -0.000000 -0.947731 -0.319070
vn 0.382683 -0.875590 -0.294782
vn 0.707107 -0.670147 -0.225616
vn 0.923880 -0.362681 -0.122103
vn 0.923880 0.363045 0.121015
vn 0.707107 0.670820 0.223607
vn 0.382683 0.876469 0.292156
vn 0.000000 0.948683 0.316228
vn -0.382683 0.876469 0.292156
vn -0.707107 0.670820 0.223607
vn -0.923880 0.363045 0.121015
vn -0.923880 -0.363045 -0.121015
vn -0.707107 -0.670820 -0.223607
vn -0.382683 -0.876469 -0.292156
vn -0.000000 -0.948683 -0.316228
vn 0.382683 -0.876469 -0.292156
vn 0.707107 -0.670820 -0.223607
vn 0.923880 -0.363045 -0.121015
vn 0.923880 0.363407 0.119924
vn 0.707107 0.671489 0.221591
vn 0.382683 0.877342 0.289523
vn 0.000000 0.949629 0.313377
vn -0.382683 0.877342 0.289523
vn -0.707107 0.671489 0.221591
vn -0.923880 0.363407 0.119924
vn -0.923880 -0.363407 -0.119924
vn -0.707107 -0.671489 -0.221591
vn -0.382683 -0.877342 -0.289523
vn -0.000000 -0.949629 -0.313377
vn 0.382683 -0.877342 -0.289523
vn 0.707107 -0.671489 -0.221591
vn 0.923880 -0.363407 -0.119924
vn 0.923880 0.363766 0.118830
vn 0.707107 0.672153 0.219570
vn 0.382683 0.878210 0.286882
vn 0.000000 0.950567 0.310519
vn -0.382683 0.878210 0.286882
vn -0.707107 0.672153 0.219570
vn -0.923880 0.363766 0.118830
vn -0.923880 -0.363766 -0.118830
vn -0.707107 -0.672153 -0.219570
vn -0.382683 -0.878210 -0.286882
vn -0.000000 -0.950567 -0.310519
vn 0.382683 -0.878210 -0.286882
vn 0.707107 -0.672153 -0.219570
vn 0.923880 -0.363766 -0.118830
vn 0.923880 0.364123 0.117733
vn 0.707107 0.672811 0.217542
vn 0.382683 0.879071 0.284233
vn 0.000000 0.951499 0.307651
vn -0.382683 0.879071 0.284233
vn -0.707107 0.672811 0.217542
vn -0.923880 0.364123 0.117733
vn -0.923880 -0.364123 -0.117733
vn -0.707107 -0.672811 -0.217542
vn -0.382683 -0.879071 -0.284233
vn -0.000000 -0.951499 -0.307651
vn 0.382683 -0.879071 -0.284233
vn 0.707107 -0.672811 -0.217542
vn 0.923880 -0.364123 -0.117733
vn 0.923880 0.364477 0.116633
vn 0.707107 0.673466 0.215509
vn 0.382683 0.879925 0.281576
vn 0.000000 0.952424 0.304776
vn -0.382683 0.879925 0.281576
vn -0.707107 0.673466 0.215509
vn -0.923880 0.364477 0.116633
vn -0.923880 -0.364477 -0.116633
vn -0.707107 -0.673466 -0.215509
vn -0.382683 -0.879925 -0.281576
vn -0.000000 -0.952424 -0.304776
vn 0.382683 -0.879925 -0.281576
vn 0.707107 -0.673466 -0.215509
vn 0.923880 -0.364477 -0.116633
vn 0.923880 0.364828 0.115529
vn 0.707107 0.674115 0.213470
vn 0.382683 0.880773 0.278912
vn 0.000000 0.953342 0.301892
vn -0.382683 0.880773 0.278912
vn -0.707107 0.674115 0.213470
vn -0.923880 0.364828 0.115529
vn -0.923880 -0.364828 -0.115529
vn -0.707107 -0.674115 -0.213470
vn -0.382683 -0.880773 -0.278912
vn -0.000000 -0.953342 -0.301892
vn 0.382683 -0.880773 -0.278912
vn 0.707107 -0.674115 -0.213470
vn 0.923880 -0.364828 -0.115529
vn 0.923880 0.365177 0.114422
vn 0.707107 0.674759 0.211424
vn 0.382683 0.881615 0.276239
vn 0.000000 0.954253 0.298999
vn -0.382683 0.881615 0.276239
vn -0.707107 0.674759 0.211424
vn -0.923880 0.365177 0.114422
vn -0.923880 -0.365177 -0.114422
vn -0.707107 -0.674759 -0.211424
vn -0.382683 -0.881615 -0.276239
vn -0.000000 -0.954253 -0.298999
vn 0.382683 -0.881615 -0.276239
vn 0.707107 -0.674759 -0.211424
vn 0.923880 -0.365177 -0.114422
vn 0.923880 0.365523 0.113312
vn 0.707107 0.675398 0.209373
vn 0.382683 0.882450 0.273560
vn 0.000000 0.955157 0.296099
vn -0.382683 0.882450 0.273560
vn -0.707107 0.675398 0.209373
vn -0.923880 0.365523 0.113312
vn -0.923880 -0.365523 -0.113312
vn -0.707107 -0.675398 -0.209373
vn -0.382683 -0.882450 -0.273560
vn -0.000000 -0.955157 -0.296099
vn 0.382683 -0.882450 -0.273560
vn 0.707107 -0.675398 -0.209373
vn 0.923880 -0.365523 -0.113312
vn 0.923880 0.365866 0.112199
vn 0.707107 0.676032 0.207317
vn 0.382683 0.883279 0.270872
vn 0.000000 0.956054 0.293190
vn -0.382683 0.883279 0.270872
vn -0.707107 0.676032 0.207317
vn -0.923880 0.365866 0.112199
vn -0.923880 -0.365866 -0.112199
vn -0.707107 -0.676032 -0.207317
vn -0.382683 -0.883279 -0.270872
vn -0.000000 -0.956054 -0.293190
vn 0.382683 -0.883279 -0.270872
vn 0.707107 -0.676032 -0.207317
vn 0.923880 -0.365866 -0.112199
vn 0.923880 0.366207 0.111083
vn 0.707107 0.676662 0.205254
vn 0.382683 0.884101 0.268177
vn 0.000000 0.956944 0.290273
vn -0.382683 0.884101 0.268177
vn -0.707107 0.676662 0.205254
vn -0.923880 0.366207 0.111083
vn -0.923880 -0.366207 -0.111083
vn -0.707107 -0.676662 -0.205254
vn -0.382683 -0.884101 -0.268177
vn -0.000000 -0.956944 -0.290273
vn 0.382683 -0.884101 -0.268177
vn 0.707107 -0.676662 -0.205254
vn 0.923880 -0.366207 -0.111083
vn 0.923880 0.366544 0.109963
vn 0.707107 0.677285 0.203186
vn 0.382683 0.884916 0.265475
vn 0.000000 0.957826 0.287348
vn -0.382683 0.884916 0.265475
vn -0.707107 0.677285 0.203186
vn -0.923880 0.366544 0.109963
vn -0.923880 -0.366544 -0.109963
vn -0.707107 -0.677285 -0.203186
vn -0.382683 -0.884916 -0.265475
vn -0.000000 -0.957826 -0.287348
vn 0.382683 -0.884916 -0.265475
vn 0.707107 -0.677285 -0.203186
vn 0.923880 -0.366544 -0.109963
vn 0.923880 0.366879 0.108841
vn 0.707107 0.677904 0.201112
vn 0.382683 0.885725 0.262765
vn 0.000000 0.958701 0.284415
vn -0.382683 0.885725 0.262765
vn -0.707107 0.677904 0.201112
vn -0.923880 0.366879 0.108841
vn -0.923880 -0.366879 -0.108841
vn -0.707107 -0.677904 -0.201112
vn -0.382683 -0.885725 -0.262765
vn -0.000000 -0.958701 -0.284415
vn 0.382683 -0.885725 -0.262765
vn 0.707107 -0.677904 -0.201112
vn 0.923880 -0.366879 -0.108841
vn 0.923880 0.367211 0.107715
vn 0.707107 0.678518 0.199032
vn 0.382683 0.886526 0.260048
vn 0.000000 0.959569 0.281474
vn -0.382683 0.886526 0.260048
vn -0.707107 0.678518 0.199032
vn -0.923880 0.367211 0.107715
vn -0.923880 -0.367211 -0.107715
vn -0.707107 -0.678518 -0.199032
vn -0.382683 -0.886526 -0.260048
vn -0.000000 -0.959569 -0.281474
vn 0.382683 -0.886526 -0.260048
vn 0.707107 -0.678518 -0.199032
vn 0.923880 -0.367211 -0.107715
vn 0.923880 0.367540 0.106587
vn 0.707107 0.679126 0.196947
vn 0.382683 0.887321 0.257323
vn 0.000000 0.960429 0.278524
vn -0.382683 0.887321 0.257323
vn -0.707107 0.679126 0.196947
vn -0.923880 0.367540 0.106587
vn -0.923880 -0.367540 -0.106587
vn -0.707107 -0.679126 -0.196947
vn -0.382683 -0.887321 -0.257323
vn -0.000000 -0.960429 -0.278524
vn 0.382683 -0.887321 -0.257323
vn 0.707107 -0.679126 -0.196947
vn 0.923880 -0.367540 -0.106587
vn 0.923880 0.367867 0.105455
vn 0.707107 0.679729 0.194856
vn 0.382683 0.888109 0.254591
vn 0.000000 0.961282 0.275567
vn -0.382683 0.888109 0.254591
vn -0.707107 0.679729 0.194856
vn -0.923880 0.367867 0.105455
vn -0.923880 -0.367867 -0.105455
vn -0.707107 -0.679729 -0.194856
vn -0.382683 -0.888109 -0.254591
vn -0.000000 -0.961282 -0.275567
vn 0.382683 -0.888109 -0.254591
vn 0.707107 -0.679729 -0.194856
vn 0.923880 -0.367867 -0.105455
vn 0.923880 0.368190 0.104320
vn 0.707107 0.680326 0.192759
vn 0.382683 0.888889 0.251852
vn 0.000000 0.962127 0.272603
vn -0.382683 0.888889 0.251852
vn -0.707107 0.680326 0.192759
vn -0.923880 0.368190 0.104320
vn -0.923880 -0.368190 -0.104320
vn -0.707107 -0.680326 -0.192759
vn -0.382683 -0.888889 -0.251852
vn -0.000000 -0.962127 -0.272603
vn 0.382683 -0.888889 -0.251852
vn 0.707107 -0.680326 -0.192759
vn 0.923880 -0.368190 -0.104320
vn 0.923880 0.368510 0.103183
vn 0.707107 0.680918 0.190657
vn 0.382683 0.889663 0.249106
vn 0.000000 0.962964 0.269630
vn -0.382683 0.889663 0.249106
vn -0.707107 0.680918 0.190657
vn -0.923880 0.368510 0.103183
vn -0.923880 -0.368510 -0.103183
vn -0.707107 -0.680918 -0.190657
vn -0.382683 -0.889663 -0.249106
vn -0.000000 -0.962964 -0.269630
vn 0.382683 -0.889663 -0.249106
vn 0.707107 -0.680918 -0.190657
vn 0.923880 -0.368510 -0.103183
vn 0.923880 0.368828 0.102042
vn 0.707107 0.681505 0.188550
vn 0.382683 0.890429 0.246352
vn 0.000000 0.963794 0.266650
vn -0.382683 0.890429 0.246352
vn -0.707107 0.681505 0.188550
vn -0.923880 0.368828 0.102042
vn -0.923880 -0.368828 -0.102042
vn -0.707107 -0.681505 -0.188550
vn -0.382683 -0.890429 -0.246352
vn -0.000000 -0.963794 -0.266650
vn 0.382683 -0.890429 -0.246352
vn 0.707107 -0.681505 -0.188550
vn 0.923880 -0.368828 -0.102042
vn 0.923880 0.369142 0.100899
vn 0.707107 0.682086 0.186437
vn 0.382683 0.891188 0.243591
vn 0.000000 0.964615 0.263662
vn -0.382683 0.891188 0.243591
vn -0.707107 0.682086 0.186437
vn -0.923880 0.369142 0.100899
vn -0.923880 -0.369142 -0.100899
vn -0.707107 -0.682086 -0.186437
vn -0.382683 -0.891188 -0.243591
vn -0.000000 -0.964615 -0.263662
vn 0.382683 -0.891188 -0.243591
vn 0.707107 -0.682086 -0.186437
vn 0.923880 -0.369142 -0.100899
vn 0.923880 0.369454 0.099753
vn 0.707107 0.682661 0.184319
vn 0.382683 0.891940 0.240824
vn 0.000000 0.965429 0.260666
vn -0.382683 0.891940 0.240824
vn -0.707107 0.682661 0.184319
vn -0.923880 0.369454 0.099753
vn -0.923880 -0.369454 -0.099753
vn -0.707107 -0.682661 -0.184319
vn -0.382683 -0.891940 -0.240824
vn -0.000000 -0.965429 -0.260666
vn 0.382683 -0.891940 -0.240824
vn 0.707107 -0.682661 -0.184319
vn 0.923880 -0.369454 -0.099753
vn 0.923880 0.369762 0.098603
vn 0.707107 0.683231 0.182195
vn 0.382683 0.892685 0.238049
vn 0.000000 0.966235 0.257663
vn -0.382683 0.892685 0.238049
vn -0.707107 0.683231 0.182195
vn -0.923880 0.369762 0.098603
vn -0.923880 -0.369762 -0.098603
vn -0.707107 -0.683231 -0.182195
vn -0.382683 -0.892685 -0.238049
vn -0.000000 -0.966235 -0.257663
vn 0.382683 -0.892685 -0.238049
vn 0.707107 -0.683231 -0.182195
vn 0.923880 -0.369762 -0.098603
vn 0.923880 0.370067 0.097451
vn 0.707107 0.683795 0.180066
vn 0.382683 0.893422 0.235268
vn 0.000000 0.967033 0.254652
vn -0.382683 0.893422 0.235268
vn -0.707107 0.683795 0.180066
vn -0.923880 0.370067 0.097451
vn -0.923880 -0.370067 -0.097451
vn -0.707107 -0.683795 -0.180066
vn -0.382683 -0.893422 -0.235268
vn -0.000000 -0.967033 -0.254652
vn 0.382683 -0.893422 -0.235268
vn 0.707107 -0.683795 -0.180066
vn 0.923880 -0.370067 -0.097451
vn 0.923880 0.370370 0.096296
vn 0.707107 0.684354 0.177932
vn 0.382683 0.894151 0.232479
vn 0.000000 0.967823 0.251634
vn -0.382683 0.894151 0.232479
vn -0.707107 0.684354 0.177932
vn -0.923880 0.370370 0.096296
vn -0.923880 -0.370370 -0.096296
vn -0.707107 -0.684354 -0.177932
vn -0.382683 -0.894151 -0.232479
vn -0.000000 -0.967823 -0.251634
vn 0.382683 -0.894151 -0.232479
vn 0.707107 -0.684354 -0.177932
vn 0.923880 -0.370370 -0.096296
vn 0.923880 0.370669 0.095138
vn 0.707107 0.684907 0.175793
vn 0.382683 0.894873 0.229684
vn 0.000000 0.968604 0.248608
vn -0.382683 0.894873 0.229684
vn -0.707107 0.684907 0.175793
vn -0.923880 0.370669 0.095138
vn -0.923880 -0.370669 -0.095138
vn -0.707107 -0.684907 -0.175793
vn -0.382683 -0.894873 -0.229684
vn -0.000000 -0.968604 -0.248608
vn 0.382683 -0.894873 -0.229684
vn 0.707107 -0.684907 -0.175793
vn 0.923880 -0.370669 -0.095138
vn 0.923880 0.370965 0.093978
vn 0.707107 0.685453 0.173648
vn 0.382683 0.895588 0.226882
vn 0.000000 0.969377 0.245576
vn -0.382683 0.895588 0.226882
vn -0.707107 0.685453 0.173648
vn -0.923880 0.370965 0.093978
vn -0.923880 -0.370965 -0.093978
vn -0.707107 -0.685453 -0.173648
vn -0.382683 -0.895588 -0.226882
vn -0.000000 -0.969377 -0.245576
vn 0.382683 -0.895588 -0.226882
vn 0.707107 -0.685453 -0.173648
vn 0.923880 -0.370965 -0.093978
vn 0.923880 0.371257 0.092814
vn 0.707107 0.685994 0.171499
vn 0.382683 0.896295 0.224074
vn 0.000000 0.970143 0.242536
vn -0.382683 0.896295 0.224074
vn -0.707107 0.685994 0.171499
vn -0.923880 0.371257 0.092814
vn -0.923880 -0.371257 -0.092814
vn -0.707107 -0.685994 -0.171499
vn -0.382683 -0.896295 -0.224074
vn -0.000000 -0.970143 -0.242536
vn 0.382683 -0.896295 -0.224074
vn 0.707107 -0.685994 -0.171499
vn 0.923880 -0.371257 -0.092814
vn 0.923880 0.371547 0.091648
vn 0.707107 0.686529 0.169344
vn 0.382683 0.896994 0.221258
vn 0.000000 0.970899 0.239488
vn -0.382683 0.896994 0.221258
vn -0.707107 0.686529 0.169344
vn -0.923880 0.371547 0.091648
vn -0.923880 -0.371547 -0.091648
vn -0.707107 -0.686529 -0.169344
vn -0.382683 -0.896994 -0.221258
vn -0.000000 -0.970899 -0.239488
vn 0.382683 -0.896994 -0.221258
vn 0.707107 -0.686529 -0.169344
vn 0.923880 -0.371547 -0.091648
vn 0.923880 0.371833 0.090479
vn 0.707107 0.687059 0.167184
vn 0.382683 0.897685 0.218437
vn 0.000000 0.971647 0.236434
vn -0.382683 0.897685 0.218437
vn -0.707107 0.687059 0.167184
vn -0.923880 0.371833 0.090479
vn -0.923880 -0.371833 -0.090479
vn -0.707107 -0.687059 -0.167184
vn -0.382683 -0.897685 -0.218437
vn -0.000000 -0.971647 -0.236434
vn 0.382683 -0.897685 -0.218437
vn 0.707107 -0.687059 -0.167184
vn 0.923880 -0.371833 -0.090479
vn 0.923880 0.372117 0.089308
vn 0.707107 0.687582 0.165020
vn 0.382683 0.898369 0.215608
vn 0.000000 0.972387 0.233373
vn -0.382683 0.898369 0.215608
vn -0.707107 0.687582 0.165020
vn -0.923880 0.372117 0.089308
vn -0.923880 -0.372117 -0.089308
vn -0.707107 -0.687582 -0.165020
vn -0.382683 -0.898369 -0.215608
vn -0.000000 -0.972387 -0.233373
vn 0.382683 -0.898369 -0.215608
vn 0.707107 -0.687582 -0.165020
vn 0.923880 -0.372117 -0.089308
vn 0.923880 0.372396 0.088134
vn 0.707107 0.688099 0.162850
vn 0.382683 0.899044 0.212774
vn 0.000000 0.973119 0.230305
vn -0.382683 0.899044 0.212774
vn -0.707107 0.688099 0.162850
vn -0.923880 0.372396 0.088134
vn -0.923880 -0.372396 -0.088134
vn -0.707107 -0.688099 -0.162850
vn -0.382683 -0.899044 -0.212774
vn -0.000000 -0.973119 -0.230305
vn 0.382683 -0.899044 -0.212774
vn 0.707107 -0.688099 -0.162850
vn 0.923880 -0.372396 -0.088134
vn 0.923880 0.372673 0.086957
vn 0.707107 0.688610 0.160676
vn 0.382683 0.899712 0.209933
vn 0.000000 0.973841 0.227230
vn -0.382683 0.899712 0.209933
vn -0.707107 0.688610 0.160676
vn -0.923880 0.372673 0.086957
vn -0.923880 -0.372673 -0.086957
vn -0.707107 -0.688610 -0.160676
vn -0.382683 -0.899712 -0.209933
vn -0.000000 -0.973841 -0.227230
vn 0.382683 -0.899712 -0.209933
vn 0.707107 -0.688610 -0.160676
vn 0.923880 -0.372673 -0.086957
vn 0.923880 0.372946 0.085778
vn 0.707107 0.689115 0.158496
vn 0.382683 0.900372 0.207085
vn 0.000000 0.974555 0.224148
vn -0.382683 0.900372 0.207085
vn -0.707107 0.689115 0.158496
vn -0.923880 0.372946 0.085778
vn -0.923880 -0.372946 -0.085778
vn -0.707107 -0.689115 -0.158496
vn -0.382683 -0.900372 -0.207085
vn -0.000000 -0.974555 -0.224148
vn 0.382683 -0.900372 -0.207085
vn 0.707107 -0.689115 -0.158496
vn 0.923880 -0.372946 -0.085778
vn 0.923880 0.373216 0.084596
vn 0.707107 0.689613 0.156312
vn 0.382683 0.901023 0.204232
vn 0.000000 0.975260 0.221059
vn -0.382683 0.901023 0.204232
vn -0.707107 0.689613 0.156312
vn -0.923880 0.373216 0.084596
vn -0.923880 -0.373216 -0.084596
vn -0.707107 -0.689613 -0.156312
vn -0.382683 -0.901023 -0.204232
vn -0.000000 -0.975260 -0.221059
vn 0.382683 -0.901023 -0.204232
vn 0.707107 -0.689613 -0.156312
vn 0.923880 -0.373216 -0.084596
vn 0.923880 0.373483 0.083411
vn 0.707107 0.690106 0.154124
vn 0.382683 0.901667 0.201372
vn 0.000000 0.975957 0.217964
vn -0.382683 0.901667 0.201372
vn -0.707107 0.690106 0.154124
vn -0.923880 0.373483 0.083411
vn -0.923880 -0.373483 -0.083411
vn -0.707107 -0.690106 -0.154124
vn -0.382683 -0.901667 -0.201372
vn -0.000000 -0.975957 -0.217964
vn 0.382683 -0.901667 -0.201372
vn 0.707107 -0.690106 -0.154124
vn 0.923880 -0.373483 -0.083411
vn 0.923880 0.373746 0.082224
vn 0.707107 0.690592 0.151930
vn 0.382683 0.902302 0.198506
vn 0.000000 0.976644 0.214862
vn -0.382683 0.902302 0.198506
vn -0.707107 0.690592 0.151930
vn -0.923880 0.373746 0.082224
vn -0.923880 -0.373746 -0.082224
vn -0.707107 -0.690592 -0.151930
vn -0.382683 -0.902302 -0.198506
vn -0.000000 -0.976644 -0.214862
vn 0.382683 -0.902302 -0.198506
vn 0.707107 -0.690592 -0.151930
vn 0.923880 -0.373746 -0.082224
vn 0.923880 0.374005 0.081034
vn 0.707107 0.691072 0.149732
vn 0.382683 0.902929 0.195635
vn 0.000000 0.977323 0.211753
vn -0.382683 0.902929 0.195635
vn -0.707107 0.691072 0.149732
vn -0.923880 0.374005 0.081034
vn -0.923880 -0.374005 -0.081034
vn -0.707107 -0.691072 -0.149732
vn -0.382683 -0.902929 -0.195635
vn -0.000000 -0.977323 -0.211753
vn 0.382683 -0.902929 -0.195635
vn 0.707107 -0.691072 -0.149732
vn 0.923880 -0.374005 -0.081034
vn 0.923880 0.374262 0.079842
vn 0.707107 0.691545 0.147530
vn 0.382683 0.903548 0.192757
vn 0.000000 0.977993 0.208638
vn -0.382683 0.903548 0.192757
vn -0.707107 0.691545 0.147530
vn -0.923880 0.374262 0.079842
vn -0.923880 -0.374262 -0.079842
vn -0.707107 -0.691545 -0.147530
vn -0.382683 -0.903548 -0.192757
vn -0.000000 -0.977993 -0.208638
vn 0.382683 -0.903548 -0.192757
vn 0.707107 -0.691545 -0.147530
vn 0.923880 -0.374262 -0.079842
vn 0.923880 0.374514 0.078648
vn 0.707107 0.692013 0.145323
vn 0.382683 0.904158 0.189873
vn 0.000000 0.978653 0.205517
vn -0.382683 0.904158 0.189873
vn -0.707107 0.692013 0.145323
vn -0.923880 0.374514 0.078648
vn -0.923880 -0.374514 -0.078648
vn -0.707107 -0.692013 -0.145323
vn -0.382683 -0.904158 -0.189873
vn -0.000000 -0.978653 -0.205517
vn 0.382683 -0.904158 -0.189873
vn 0.707107 -0.692013 -0.145323
vn 0.923880 -0.374514 -0.078648
vn 0.923880 0.374764 0.077451
vn 0.707107 0.692473 0.143111
vn 0.382683 0.904760 0.186984
vn 0.000000 0.979305 0.202390
vn -0.382683 0.904760 0.186984
vn -0.707107 0.692473 0.143111
vn -0.923880 0.374764 0.077451
vn -0.923880 -0.374764 -0.077451
vn -0.707107 -0.692473 -0.143111
vn -0.382683 -0.904760 -0.186984
vn -0.000000 -0.979305 -0.202390
vn 0.382683 -0.904760 -0.186984
vn 0.707107 -0.692473 -0.143111
vn 0.923880 -0.374764 -0.077451
vn 0.923880 0.375010 0.076252
vn 0.707107 0.692928 0.140895
vn 0.382683 0.905353 0.184089
vn 0.000000 0.979947 0.199256
vn -0.382683 0.905353 0.184089
vn -0.707107 0.692928 0.140895
vn -0.923880 0.375010 0.076252
vn -0.923880 -0.375010 -0.076252
vn -0.707107 -0.692928 -0.140895
vn -0.382683 -0.905353 -0.184089
vn -0.000000 -0.979947 -0.199256
vn 0.382683 -0.905353 -0.184089
vn 0.707107 -0.692928 -0.140895
vn 0.923880 -0.375010 -0.076252
vn 0.923880 0.375252 0.075050
vn 0.707107 0.693375 0.138675
vn 0.382683 0.905938 0.181188
vn 0.000000 0.980581 0.196116
vn -0.382683 0.905938 0.181188
vn -0.707107 0.693375 0.138675
vn -0.923880 0.375252 0.075050
vn -0.923880 -0.375252 -0.075050
vn -0.707107 -0.693375 -0.138675
vn -0.382683 -0.905938 -0.181188
vn -0.000000 -0.980581 -0.196116
vn 0.382683 -0.905938 -0.181188
vn 0.707107 -0.693375 -0.138675
vn 0.923880 -0.375252 -0.075050
vn 0.923880 0.375491 0.073847
vn 0.707107 0.693816 0.136451
vn 0.382683 0.906515 0.178281
vn 0.000000 0.981205 0.192970
vn -0.382683 0.906515 0.178281
vn -0.707107 0.693816 0.136451
vn -0.923880 0.375491 0.073847
vn -0.923880 -0.375491 -0.073847
vn -0.707107 -0.693816 -0.136451
vn -0.382683 -0.906515 -0.178281
vn -0.000000 -0.981205 -0.192970
vn 0.382683 -0.906515 -0.178281
vn 0.707107 -0.693816 -0.136451
vn 0.923880 -0.375491 -0.073847
vn 0.923880 0.375726 0.072640
vn 0.707107 0.694251 0.134222
vn 0.382683 0.907083 0.175369
vn 0.000000 0.981819 0.189818
vn -0.382683 0.907083 0.175369
vn -0.707107 0.694251 0.134222
vn -0.923880 0.375726 0.072640
vn -0.923880 -0.375726 -0.072640
vn -0.707107 -0.694251 -0.134222
vn -0.382683 -0.907083 -0.175369
vn -0.000000 -0.981819 -0.189818
vn 0.382683 -0.907083 -0.175369
vn 0.707107 -0.694251 -0.134222
vn 0.923880 -0.375726 -0.072640
vn 0.923880 0.375958 0.071432
vn 0.707107 0.694679 0.131989
vn 0.382683 0.907642 0.172452
vn 0.000000 0.982424 0.186661
vn -0.382683 0.907642 0.172452
vn -0.707107 0.694679 0.131989
vn -0.923880 0.375958 0.071432
vn -0.923880 -0.375958 -0.071432
vn -0.707107 -0.694679 -0.131989
vn -0.382683 -0.907642 -0.172452
vn -0.000000 -0.982424 -0.186661
vn 0.382683 -0.907642 -0.172452
vn 0.707107 -0.694679 -0.131989
vn 0.923880 -0.375958 -0.071432
vn 0.923880 0.376186 0.070221
vn 0.707107 0.695100 0.129752
vn 0.382683 0.908192 0.169529
vn 0.000000 0.983020 0.183497
vn -0.382683 0.908192 0.169529
vn -0.707107 0.695100 0.129752
vn -0.923880 0.376186 0.070221
vn -0.923880 -0.376186 -0.070221
vn -0.707107 -0.695100 -0.129752
vn -0.382683 -0.908192 -0.169529
vn -0.000000 -0.983020 -0.183497
vn 0.382683 -0.908192 -0.169529
vn 0.707107 -0.695100 -0.129752
vn 0.923880 -0.376186 -0.070221
vn 0.923880 0.376410 0.069008
vn 0.707107 0.695515 0.127511
vn 0.382683 0.908734 0.166601
vn 0.000000 0.983607 0.180328
vn -0.382683 0.908734 0.166601
vn -0.707107 0.695515 0.127511
vn -0.923880 0.376410 0.069008
vn -0.923880 -0.376410 -0.069008
vn -0.707107 -0.695515 -0.127511
vn -0.382683 -0.908734 -0.166601
vn -0.000000 -0.983607 -0.180328
vn 0.382683 -0.908734 -0.166601
vn 0.707107 -0.695515 -0.127511
vn 0.923880 -0.376410 -0.069008
vn 0.923880 0.376631 0.067794
vn 0.707107 0.695923 0.125266
vn 0.382683 0.909267 0.163668
vn 0.000000 0.984183 0.177153
vn -0.382683 0.909267 0.163668
vn -0.707107 0.695923 0.125266
vn -0.923880 0.376631 0.067794
vn -0.923880 -0.376631 -0.067794
vn -0.707107 -0.695923 -0.125266
vn -0.382683 -0.909267 -0.163668
vn -0.000000 -0.984183 -0.177153
vn 0.382683 -0.909267 -0.163668
vn 0.707107 -0.695923 -0.125266
vn 0.923880 -0.376631 -0.067794
vn 0.923880 0.376848 0.066576
vn 0.707107 0.696324 0.123017
vn 0.382683 0.909791 0.160730
vn 0.000000 0.984750 0.173973
vn -0.382683 0.909791 0.160730
vn -0.707107 0.696324 0.123017
vn -0.923880 0.376848 0.066576
vn -0.923880 -0.376848 -0.066576
vn -0.707107 -0.696324 -0.123017
vn -0.382683 -0.909791 -0.160730
vn -0.000000 -0.984750 -0.173973
vn 0.382683 -0.909791 -0.160730
vn 0.707107 -0.696324 -0.123017
vn 0.923880 -0.376848 -0.066576
vn 0.923880 0.377061 0.065357
vn 0.707107 0.696718 0.120764
vn 0.382683 0.910306 0.157786
vn 0.000000 0.985308 0.170787
vn -0.382683 0.910306 0.157786
vn -0.707107 0.696718 0.120764
vn -0.923880 0.377061 0.065357
vn -0.923880 -0.377061 -0.065357
vn -0.707107 -0.696718 -0.120764
vn -0.382683 -0.910306 -0.157786
vn -0.000000 -0.985308 -0.170787
vn 0.382683 -0.910306 -0.157786
vn 0.707107 -0.696718 -0.120764
vn 0.923880 -0.377061 -0.065357
vn 0.923880 0.377271 0.064136
vn 0.707107 0.697105 0.118508
vn 0.382683 0.910812 0.154838
vn 0.000000 0.985856 0.167595
vn -0.382683 0.910812 0.154838
vn -0.707107 0.697105 0.118508
vn -0.923880 0.377271 0.064136
vn -0.923880 -0.377271 -0.064136
vn -0.707107 -0.697105 -0.118508
vn -0.382683 -0.910812 -0.154838
vn -0.000000 -0.985856 -0.167595
vn 0.382683 -0.910812 -0.154838
vn 0.707107 -0.697105 -0.118508
vn 0.923880 -0.377271 -0.064136
vn 0.923880 0.377477 0.062913
vn 0.707107 0.697486 0.116248
vn 0.382683 0.911309 0.151885
vn 0.000000 0.986394 0.164399
vn -0.382683 0.911309 0.151885
vn -0.707107 0.697486 0.116248
vn -0.923880 0.377477 0.062913
vn -0.923880 -0.377477 -0.062913
vn -0.707107 -0.697486 -0.116248
vn -0.382683 -0.911309 -0.151885
vn -0.000000 -0.986394 -0.164399
vn 0.382683 -0.911309 -0.151885
vn 0.707107 -0.697486 -0.116248
vn 0.923880 -0.377477 -0.062913
vn 0.923880 0.377679 0.061688
vn 0.707107 0.697859 0.113984
vn 0.382683 0.911797 0.148927
vn 0.000000 0.986922 0.161197
vn -0.382683 0.911797 0.148927
vn -0.707107 0.697859 0.113984
vn -0.923880 0.377679 0.061688
vn -0.923880 -0.377679 -0.061688
vn -0.707107 -0.697859 -0.113984
vn -0.382683 -0.911797 -0.148927
vn -0.000000 -0.986922 -0.161197
vn 0.382683 -0.911797 -0.148927
vn 0.707107 -0.697859 -0.113984
vn 0.923880 -0.377679 -0.061688
vn 0.923880 0.377877 0.060460
vn 0.707107 0.698226 0.111716
vn 0.382683 0.912276 0.145964
vn 0.000000 0.987441 0.157991
vn -0.382683 0.912276 0.145964
vn -0.707107 0.698226 0.111716
vn -0.923880 0.377877 0.060460
vn -0.923880 -0.377877 -0.060460
vn -0.707107 -0.698226 -0.111716
vn -0.382683 -0.912276 -0.145964
vn -0.000000 -0.987441 -0.157991
vn 0.382683 -0.912276 -0.145964
vn 0.707107 -0.698226 -0.111716
vn 0.923880 -0.377877 -0.060460
vn 0.923880 0.378072 0.059231
vn 0.707107 0.698586 0.109445
vn 0.382683 0.912746 0.142997
vn 0.000000 0.987949 0.154779
vn -0.382683 0.912746 0.142997
vn -0.707107 0.698586 0.109445
vn -0.923880 0.378072 0.059231
vn -0.923880 -0.378072 -0.059231
vn -0.707107 -0.698586 -0.109445
vn -0.382683 -0.912746 -0.142997
vn -0.000000 -0.987949 -0.154779
vn 0.382683 -0.912746 -0.142997
vn 0.707107 -0.698586 -0.109445
vn 0.923880 -0.378072 -0.059231
vn 0.923880 0.378263 0.058000
vn 0.707107 0.698938 0.107171
vn 0.382683 0.913207 0.140025
vn 0.000000 0.988448 0.151562
vn -0.382683 0.913207 0.140025
vn -0.707107 0.698938 0.107171
vn -0.923880 0.378263 0.058000
vn -0.923880 -0.378263 -0.058000
vn -0.707107 -0.698938 -0.107171
vn -0.382683 -0.913207 -0.140025
vn -0.000000 -0.988448 -0.151562
vn 0.382683 -0.913207 -0.140025
vn 0.707107 -0.698938 -0.107171
vn 0.923880 -0.378263 -0.058000
vn 0.923880 0.378450 0.056767
vn 0.707107 0.699284 0.104893
vn 0.382683 0.913658 0.137049
vn 0.000000 0.988936 0.148340
vn -0.382683 0.913658 0.137049
vn -0.707107 0.699284 0.104893
vn -0.923880 0.378450 0.056767
vn -0.923880 -0.378450 -0.056767
vn -0.707107 -0.699284 -0.104893
vn -0.382683 -0.913658 -0.137049
vn -0.000000 -0.988936 -0.148340
vn 0.382683 -0.913658 -0.137049
vn 0.707107 -0.699284 -0.104893
vn 0.923880 -0.378450 -0.056767
vn 0.923880 0.378633 0.055533
vn 0.707107 0.699622 0.102611
vn 0.382683 0.914100 0.134068
vn 0.000000 0.989415 0.145114
vn -0.382683 0.914100 0.134068
vn -0.707107 0.699622 0.102611
vn -0.923880 0.378633 0.055533
vn -0.923880 -0.378633 -0.055533
vn -0.707107 -0.699622 -0.102611
vn -0.382683 -0.914100 -0.134068
vn -0.000000 -0.989415 -0.145114
vn 0.382683 -0.914100 -0.134068
vn 0.707107 -0.699622 -0.102611
vn 0.923880 -0.378633 -0.055533
vn 0.923880 0.378812 0.054296
vn 0.707107 0.699953 0.100327
vn 0.382683 0.914533 0.131083
vn 0.000000 0.989883 0.141883
vn -0.382683 0.914533 0.131083
vn -0.707107 0.699953 0.100327
vn -0.923880 0.378812 0.054296
vn -0.923880 -0.378812 -0.054296
vn -0.707107 -0.699953 -0.100327
vn -0.382683 -0.914533 -0.131083
vn -0.000000 -0.989883 -0.141883
vn 0.382683 -0.914533 -0.131083
vn 0.707107 -0.699953 -0.100327
vn 0.923880 -0.378812 -0.054296
vn 0.923880 0.378987 0.053058
vn 0.707107 0.700277 0.098039
vn 0.382683 0.914956 0.128094
vn 0.000000 0.990342 0.138648
vn -0.382683 0.914956 0.128094
vn -0.707107 0.700277 0.098039
vn -0.923880 0.378987 0.053058
vn -0.923880 -0.378987 -0.053058
vn -0.707107 -0.700277 -0.098039
vn -0.382683 -0.914956 -0.128094
vn -0.000000 -0.990342 -0.138648
vn 0.382683 -0.914956 -0.128094
vn 0.707107 -0.700277 -0.098039
vn 0.923880 -0.378987 -0.053058
vn 0.923880 0.379159 0.051818
vn 0.707107 0.700594 0.095748
vn 0.382683 0.915371 0.125101
vn 0.000000 0.990790 0.135408
vn -0.382683 0.915371 0.125101
vn -0.707107 0.700594 0.095748
vn -0.923880 0.379159 0.051818
vn -0.923880 -0.379159 -0.051818
vn -0.707107 -0.700594 -0.095748
vn -0.382683 -0.915371 -0.125101
vn -0.000000 -0.990790 -0.135408
vn 0.382683 -0.915371 -0.125101
vn 0.707107 -0.700594 -0.095748
vn 0.923880 -0.379159 -0.051818
vn 0.923880 0.379326 0.050577
vn 0.707107 0.700904 0.093454
vn 0.382683 0.915775 0.122103
vn 0.000000 0.991228 0.132164
vn -0.382683 0.915775 0.122103
vn -0.707107 0.700904 0.093454
vn -0.923880 0.379326 0.050577
vn -0.923880 -0.379326 -0.050577
vn -0.707107 -0.700904 -0.093454
vn -0.382683 -0.915775 -0.122103
vn -0.000000 -0.991228 -0.132164
vn 0.382683 -0.915775 -0.122103
vn 0.707107 -0.700904 -0.093454
vn 0.923880 -0.379326 -0.050577
vn 0.923880 0.379490 0.049334
vn 0.707107 0.701206 0.091157
vn 0.382683 0.916170 0.119102
vn 0.000000 0.991656 0.128915
vn -0.382683 0.916170 0.119102
vn -0.707107 0.701206 0.091157
vn -0.923880 0.379490 0.049334
vn -0.923880 -0.379490 -0.049334
vn -0.707107 -0.701206 -0.091157
vn -0.382683 -0.916170 -0.119102
vn -0.000000 -0.991656 -0.128915
vn 0.382683 -0.916170 -0.119102
vn 0.707107 -0.701206 -0.091157
vn 0.923880 -0.379490 -0.049334
vn 0.923880 0.379650 0.048089
vn 0.707107 0.701502 0.088857
vn 0.382683 0.916556 0.116097
vn 0.000000 0.992073 0.125663
vn -0.382683 0.916556 0.116097
vn -0.707107 0.701502 0.088857
vn -0.923880 0.379650 0.048089
vn -0.923880 -0.379650 -0.048089
vn -0.707107 -0.701502 -0.088857
vn -0.382683 -0.916556 -0.116097
vn -0.000000 -0.992073 -0.125663
vn 0.382683 -0.916556 -0.116097
vn 0.707107 -0.701502 -0.088857
vn 0.923880 -0.379650 -0.048089
vn 0.923880 0.379806 0.046843
vn 0.707107 0.701789 0.086554
vn 0.382683 0.916932 0.113088
vn 0.000000 0.992480 0.122406
vn -0.382683 0.916932 0.113088
vn -0.707107 0.701789 0.086554
vn -0.923880 0.379806 0.046843
vn -0.923880 -0.379806 -0.046843
vn -0.707107 -0.701789 -0.086554
vn -0.382683 -0.916932 -0.113088
vn -0.000000 -0.992480 -0.122406
vn 0.382683 -0.916932 -0.113088
vn 0.707107 -0.701789 -0.086554
vn 0.923880 -0.379806 -0.046843
vn 0.923880 0.379958 0.045595
vn 0.707107 0.702070 0.084248
vn 0.382683 0.917299 0.110076
vn 0.000000 0.992877 0.119145
vn -0.382683 0.917299 0.110076
vn -0.707107 0.702070 0.084248
vn -0.923880 0.379958 0.045595
vn -0.923880 -0.379958 -0.045595
vn -0.707107 -0.702070 -0.084248
vn -0.382683 -0.917299 -0.110076
vn -0.000000 -0.992877 -0.119145
vn 0.382683 -0.917299 -0.110076
vn 0.707107 -0.702070 -0.084248
vn 0.923880 -0.379958 -0.045595
vn 0.923880 0.380105 0.044346
vn 0.707107 0.702343 0.081940
vn 0.382683 0.917655 0.107060
vn 0.000000 0.993263 0.115881
vn -0.382683 0.917655 0.107060
vn -0.707107 0.702343 0.081940
vn -0.923880 0.380105 0.044346
vn -0.923880 -0.380105 -0.044346
vn -0.707107 -0.702343 -0.081940
vn -0.382683 -0.917655 -0.107060
vn -0.000000 -0.993263 -0.115881
vn 0.382683 -0.917655 -0.107060
vn 0.707107 -0.702343 -0.081940
vn 0.923880 -0.380105 -0.044346
vn 0.923880 0.380249 0.043095
vn 0.707107 0.702609 0.079629
vn 0.382683 0.918003 0.104040
vn 0.000000 0.993639 0.112612
vn -0.382683 0.918003 0.104040
vn -0.707107 0.702609 0.079629
vn -0.923880 0.380249 0.043095
vn -0.923880 -0.380249 -0.043095
vn -0.707107 -0.702609 -0.079629
vn -0.382683 -0.918003 -0.104040
vn -0.000000 -0.993639 -0.112612
vn 0.382683 -0.918003 -0.104040
vn 0.707107 -0.702609 -0.079629
vn 0.923880 -0.380249 -0.043095
vn 0.923880 0.380389 0.041843
vn 0.707107 0.702867 0.077315
vn 0.382683 0.918340 0.101017
vn 0.000000 0.994004 0.109340
vn -0.382683 0.918340 0.101017
vn -0.707107 0.702867 0.077315
vn -0.923880 0.380389 0.041843
vn -0.923880 -0.380389 -0.041843
vn -0.707107 -0.702867 -0.077315
vn -0.382683 -0.918340 -0.101017
vn -0.000000 -0.994004 -0.109340
vn 0.382683 -0.918340 -0.101017
vn 0.707107 -0.702867 -0.077315
vn 0.923880 -0.380389 -0.041843
vn 0.923880 0.380525 0.040589
vn 0.707107 0.703118 0.074999
vn 0.382683 0.918668 0.097991
vn 0.000000 0.994359 0.106065
vn -0.382683 0.918668 0.097991
vn -0.707107 0.703118 0.074999
vn -0.923880 0.380525 0.040589
vn -0.923880 -0.380525 -0.040589
vn -0.707107 -0.703118 -0.074999
vn -0.382683 -0.918668 -0.097991
vn -0.000000 -0.994359 -0.106065
vn 0.382683 -0.918668 -0.097991
vn 0.707107 -0.703118 -0.074999
vn 0.923880 -0.380525 -0.040589
vn 0.923880 0.380657 0.039335
vn 0.707107 0.703362 0.072681
vn 0.382683 0.918986 0.094962
vn 0.000000 0.994703 0.102786
vn -0.382683 0.918986 0.094962
vn -0.707107 0.703362 0.072681
vn -0.923880 0.380657 0.039335
vn -0.923880 -0.380657 -0.039335
vn -0.707107 -0.703362 -0.072681
vn -0.382683 -0.918986 -0.094962
vn -0.000000 -0.994703 -0.102786
vn 0.382683 -0.918986 -0.094962
vn 0.707107 -0.703362 -0.072681
vn 0.923880 -0.380657 -0.039335
vn 0.923880 0.380784 0.038078
vn 0.707107 0.703598 0.070360
vn 0.382683 0.919294 0.091929
vn 0.000000 0.995037 0.099504
vn -0.382683 0.919294 0.091929
vn -0.707107 0.703598 0.070360
vn -0.923880 0.380784 0.038078
vn -0.923880 -0.380784 -0.038078
vn -0.707107 -0.703598 -0.070360
vn -0.382683 -0.919294 -0.091929
vn -0.000000 -0.995037 -0.099504
vn 0.382683 -0.919294 -0.091929
vn 0.707107 -0.703598 -0.070360
vn 0.923880 -0.380784 -0.038078
vn 0.923880 0.380908 0.036821
vn 0.707107 0.703826 0.068037
vn 0.382683 0.919593 0.088894
vn 0.000000 0.995360 0.096218
vn -0.382683 0.919593 0.088894
vn -0.707107 0.703826 0.068037
vn -0.923880 0.380908 0.036821
vn -0.923880 -0.380908 -0.036821
vn -0.707107 -0.703826 -0.068037
vn -0.382683 -0.919593 -0.088894
vn -0.000000 -0.995360 -0.096218
vn 0.382683 -0.919593 -0.088894
vn 0.707107 -0.703826 -0.068037
vn 0.923880 -0.380908 -0.036821
vn 0.923880 0.381027 0.035563
vn 0.707107 0.704047 0.065711
vn 0.382683 0.919882 0.085856
vn 0.000000 0.995673 0.092929
vn -0.382683 0.919882 0.085856
vn -0.707107 0.704047 0.065711
vn -0.923880 0.381027 0.035563
vn -0.923880 -0.381027 -0.035563
vn -0.707107 -0.704047 -0.065711
vn -0.382683 -0.919882 -0.085856
vn -0.000000 -0.995673 -0.092929
vn 0.382683 -0.919882 -0.085856
vn 0.707107 -0.704047 -0.065711
vn 0.923880 -0.381027 -0.035563
vn 0.923880 0.381143 0.034303
vn 0.707107 0.704260 0.063383
vn 0.382683 0.920160 0.082814
vn 0.000000 0.995974 0.089638
vn -0.382683 0.920160 0.082814
vn -0.707107 0.704260 0.063383
vn -0.923880 0.381143 0.034303
vn -0.923880 -0.381143 -0.034303
vn -0.707107 -0.704260 -0.063383
vn -0.382683 -0.920160 -0.082814
vn -0.000000 -0.995974 -0.089638
vn 0.382683 -0.920160 -0.082814
vn 0.707107 -0.704260 -0.063383
vn 0.923880 -0.381143 -0.034303
vn 0.923880 0.381254 0.033042
vn 0.707107 0.704466 0.061054
vn 0.382683 0.920429 0.079771
vn 0.000000 0.996265 0.086343
vn -0.382683 0.920429 0.079771
vn -0.707107 0.704466 0.061054
vn -0.923880 0.381254 0.033042
vn -0.923880 -0.381254 -0.033042
vn -0.707107 -0.704466 -0.061054
vn -0.382683 -0.920429 -0.079771
vn -0.000000 -0.996265 -0.086343
vn 0.382683 -0.920429 -0.079771
vn 0.707107 -0.704466 -0.061054
vn 0.923880 -0.381254 -0.033042
vn 0.923880 0.381362 0.031780
vn 0.707107 0.704664 0.058722
vn 0.382683 0.920688 0.076724
vn 0.000000 0.996546 0.083045
vn -0.382683 0.920688 0.076724
vn -0.707107 0.704664 0.058722
vn -0.923880 0.381362 0.031780
vn -0.923880 -0.381362 -0.031780
vn -0.707107 -0.704664 -0.058722
vn -0.382683 -0.920688 -0.076724
vn -0.000000 -0.996546 -0.083045
vn 0.382683 -0.920688 -0.076724
vn 0.707107 -0.704664 -0.058722
vn 0.923880 -0.381362 -0.031780
vn 0.923880 0.381465 0.030517
vn 0.707107 0.704855 0.056388
vn 0.382683 0.920937 0.073675
vn 0.000000 0.996815 0.079745
vn -0.382683 0.920937 0.073675
vn -0.707107 0.704855 0.056388
vn -0.923880 0.381465 0.030517
vn -0.923880 -0.381465 -0.030517
vn -0.707107 -0.704855 -0.056388
vn -0.382683 -0.920937 -0.073675
vn -0.000000 -0.996815 -0.079745
vn 0.382683 -0.920937 -0.073675
vn 0.707107 -0.704855 -0.056388
vn 0.923880 -0.381465 -0.030517
vn 0.923880 0.381564 0.029253
vn 0.707107 0.705038 0.054053
vn 0.382683 0.921176 0.070624
vn 0.000000 0.997074 0.076442
vn -0.382683 0.921176 0.070624
vn -0.707107 0.705038 0.054053
vn -0.923880 0.381564 0.029253
vn -0.923880 -0.381564 -0.029253
vn -0.707107 -0.705038 -0.054053
vn -0.382683 -0.921176 -0.070624
vn -0.000000 -0.997074 -0.076442
vn 0.382683 -0.921176 -0.070624
vn 0.707107 -0.705038 -0.054053
vn 0.923880 -0.381564 -0.029253
vn 0.923880 0.381659 0.027988
vn 0.707107 0.705213 0.051716
vn 0.382683 0.921405 0.067570
vn 0.000000 0.997322 0.073137
vn -0.382683 0.921405 0.067570
vn -0.707107 0.705213 0.051716
vn -0.923880 0.381659 0.027988
vn -0.923880 -0.381659 -0.027988
vn -0.707107 -0.705213 -0.051716
vn -0.382683 -0.921405 -0.067570
vn -0.000000 -0.997322 -0.073137
vn 0.382683 -0.921405 -0.067570
vn 0.707107 -0.705213 -0.051716
vn 0.923880 -0.381659 -0.027988
vn 0.923880 0.381749 0.026722
vn 0.707107 0.705381 0.049377
vn 0.382683 0.921624 0.064514
vn 0.000000 0.997559 0.069829
vn -0.382683 0.921624 0.064514
vn -0.707107 0.705381 0.049377
vn -0.923880 0.381749 0.026722
vn -0.923880 -0.381749 -0.026722
vn -0.707107 -0.705381 -0.049377
vn -0.382683 -0.921624 -0.064514
vn -0.000000 -0.997559 -0.069829
vn 0.382683 -0.921624 -0.064514
vn 0.707107 -0.705381 -0.049377
vn 0.923880 -0.381749 -0.026722
vn 0.923880 0.381836 0.025456
vn 0.707107 0.705541 0.047036
vn 0.382683 0.921833 0.061456
vn 0.000000 0.997785 0.066519
vn -0.382683 0.921833 0.061456
vn -0.707107 0.705541 0.047036
vn -0.923880 0.381836 0.025456
vn -0.923880 -0.381836 -0.025456
vn -0.707107 -0.705541 -0.047036
vn -0.382683 -0.921833 -0.061456
vn -0.000000 -0.997785 -0.066519
vn 0.382683 -0.921833 -0.061456
vn 0.707107 -0.705541 -0.047036
vn 0.923880 -0.381836 -0.025456
vn 0.923880 0.381918 0.024188
vn 0.707107 0.705693 0.044694
vn 0.382683 0.922032 0.058395
vn 0.000000 0.998000 0.063207
vn -0.382683 0.922032 0.058395
vn -0.707107 0.705693 0.044694
vn -0.923880 0.381918 0.024188
vn -0.923880 -0.381918 -0.024188
vn -0.707107 -0.705693 -0.044694
vn -0.382683 -0.922032 -0.058395
vn -0.000000 -0.998000 -0.063207
vn 0.382683 -0.922032 -0.058395
vn 0.707107 -0.705693 -0.044694
vn 0.923880 -0.381918 -0.024188
vn 0.923880 0.381996 0.022920
vn 0.707107 0.705837 0.042350
vn 0.382683 0.922221 0.055333
vn 0.000000 0.998205 0.059892
vn -0.382683 0.922221 0.055333
vn -0.707107 0.705837 0.042350
vn -0.923880 0.381996 0.022920
vn -0.923880 -0.381996 -0.022920
vn -0.707107 -0.705837 -0.042350
vn -0.382683 -0.922221 -0.055333
vn -0.000000 -0.998205 -0.059892
vn 0.382683 -0.922221 -0.055333
vn 0.707107 -0.705837 -0.042350
vn 0.923880 -0.381996 -0.022920
vn 0.923880 0.382070 0.021651
vn 0.707107 0.705974 0.040005
vn 0.382683 0.922400 0.052269
vn 0.000000 0.998398 0.056576
vn -0.382683 0.922400 0.052269
vn -0.707107 0.705974 0.040005
vn -0.923880 0.382070 0.021651
vn -0.923880 -0.382070 -0.021651
vn -0.707107 -0.705974 -0.040005
vn -0.382683 -0.922400 -0.052269
vn -0.000000 -0.998398 -0.056576
vn 0.382683 -0.922400 -0.052269
vn 0.707107 -0.705974 -0.040005
vn 0.923880 -0.382070 -0.021651
vn 0.923880 0.382140 0.020381
vn 0.707107 0.706103 0.037659
vn 0.382683 0.922568 0.049204
vn 0.000000 0.998581 0.053258
vn -0.382683 0.922568 0.049204
vn -0.707107 0.706103 0.037659
vn -0.923880 0.382140 0.020381
vn -0.923880 -0.382140 -0.020381
vn -0.707107 -0.706103 -0.037659
vn -0.382683 -0.922568 -0.049204
vn -0.000000 -0.998581 -0.053258
vn 0.382683 -0.922568 -0.049204
vn 0.707107 -0.706103 -0.037659
vn 0.923880 -0.382140 -0.020381
vn 0.923880 0.382206 0.019110
vn 0.707107 0.706225 0.035311
vn 0.382683 0.922727 0.046136
vn 0.000000 0.998752 0.049938
vn -0.382683 0.922727 0.046136
vn -0.707107 0.706225 0.035311
vn -0.923880 0.382206 0.019110
vn -0.923880 -0.382206 -0.019110
vn -0.707107 -0.706225 -0.035311
vn -0.382683 -0.922727 -0.046136
vn -0.000000 -0.998752 -0.049938
vn 0.382683 -0.922727 -0.046136
vn 0.707107 -0.706225 -0.035311
vn 0.923880 -0.382206 -0.019110
vn 0.923880 0.382267 0.017839
vn 0.707107 0.706338 0.032962
vn 0.382683 0.922875 0.043068
vn 0.000000 0.998913 0.046616
vn -0.382683 0.922875 0.043068
vn -0.707107 0.706338 0.032962
vn -0.923880 0.382267 0.017839
vn -0.923880 -0.382267 -0.017839
vn -0.707107 -0.706338 -0.032962
vn -0.382683 -0.922875 -0.043068
vn -0.000000 -0.998913 -0.046616
vn 0.382683 -0.922875 -0.043068
vn 0.707107 -0.706338 -0.032962
vn 0.923880 -0.382267 -0.017839
vn 0.923880 0.382325 0.016567
vn 0.707107 0.706444 0.030613
vn 0.382683 0.923013 0.039997
vn 0.000000 0.999062 0.043293
vn -0.382683 0.923013 0.039997
vn -0.707107 0.706444 0.030613
vn -0.923880 0.382325 0.016567
vn -0.923880 -0.382325 -0.016567
vn -0.707107 -0.706444 -0.030613
vn -0.382683 -0.923013 -0.039997
vn -0.000000 -0.999062 -0.043293
vn 0.382683 -0.923013 -0.039997
vn 0.707107 -0.706444 -0.030613
vn 0.923880 -0.382325 -0.016567
vn 0.923880 0.382378 0.015295
vn 0.707107 0.706542 0.028262
vn 0.382683 0.923141 0.036926
vn 0.000000 0.999201 0.039968
vn -0.382683 0.923141 0.036926
vn -0.707107 0.706542 0.028262
vn -0.923880 0.382378 0.015295
vn -0.923880 -0.382378 -0.015295
vn -0.707107 -0.706542 -0.028262
vn -0.382683 -0.923141 -0.036926
vn -0.000000 -0.999201 -0.039968
vn 0.382683 -0.923141 -0.036926
vn 0.707107 -0.706542 -0.028262
vn 0.923880 -0.382378 -0.015295
vn 0.923880 0.382426 0.014022
vn 0.707107 0.706632 0.025910
vn 0.382683 0.923259 0.033853
vn 0.000000 0.999328 0.036642
vn -0.382683 0.923259 0.033853
vn -0.707107 0.706632 0.025910
vn -0.923880 0.382426 0.014022
vn -0.923880 -0.382426 -0.014022
vn -0.707107 -0.706632 -0.025910
vn -0.382683 -0.923259 -0.033853
vn -0.000000 -0.999328 -0.036642
vn 0.382683 -0.923259 -0.033853
vn 0.707107 -0.706632 -0.025910
vn 0.923880 -0.382426 -0.014022
vn 0.923880 0.382471 0.012749
vn 0.707107 0.706714 0.023557
vn 0.382683 0.923367 0.030779
vn 0.000000 0.999445 0.033315
vn -0.382683 0.923367 0.030779
vn -0.707107 0.706714 0.023557
vn -0.923880 0.382471 0.012749
vn -0.923880 -0.382471 -0.012749
vn -0.707107 -0.706714 -0.023557
vn -0.382683 -0.923367 -0.030779
vn -0.000000 -0.999445 -0.033315
vn 0.382683 -0.923367 -0.030779
vn 0.707107 -0.706714 -0.023557
vn 0.923880 -0.382471 -0.012749
vn 0.923880 0.382511 0.011475
vn 0.707107 0.706789 0.021204
vn 0.382683 0.923464 0.027704
vn 0.000000 0.999550 0.029987
vn -0.382683 0.923464 0.027704
vn -0.707107 0.706789 0.021204
vn -0.923880 0.382511 0.011475
vn -0.923880 -0.382511 -0.011475
vn -0.707107 -0.706789 -0.021204
vn -0.382683 -0.923464 -0.027704
vn -0.000000 -0.999550 -0.029987
vn 0.382683 -0.923464 -0.027704
vn 0.707107 -0.706789 -0.021204
vn 0.923880 -0.382511 -0.011475
vn 0.923880 0.382547 0.010201
vn 0.707107 0.706855 0.018849
vn 0.382683 0.923551 0.024628
vn 0.000000 0.999645 0.026657
vn -0.382683 0.923551 0.024628
vn -0.707107 0.706855 0.018849
vn -0.923880 0.382547 0.010201
vn -0.923880 -0.382547 -0.010201
vn -0.707107 -0.706855 -0.018849
vn -0.382683 -0.923551 -0.024628
vn -0.000000 -0.999645 -0.026657
vn 0.382683 -0.923551 -0.024628
vn 0.707107 -0.706855 -0.018849
vn 0.923880 -0.382547 -0.010201
vn 0.923880 0.382579 0.008927
vn 0.707107 0.706914 0.016495
vn 0.382683 0.923628 0.021551
vn 0.000000 0.999728 0.023327
vn -0.382683 0.923628 0.021551
vn -0.707107 0.706914 0.016495
vn -0.923880 0.382579 0.008927
vn -0.923880 -0.382579 -0.008927
vn -0.707107 -0.706914 -0.016495
vn -0.382683 -0.923628 -0.021551
vn -0.000000 -0.999728 -0.023327
vn 0.382683 -0.923628 -0.021551
vn 0.707107 -0.706914 -0.016495
vn 0.923880 -0.382579 -0.008927
vn 0.923880 0.382607 0.007652
vn 0.707107 0.706965 0.014139
vn 0.382683 0.923695 0.018474
vn 0.000000 0.999800 0.019996
vn -0.382683 0.923695 0.018474
vn -0.707107 0.706965 0.014139
vn -0.923880 0.382607 0.007652
vn -0.923880 -0.382607 -0.007652
vn -0.707107 -0.706965 -0.014139
vn -0.382683 -0.923695 -0.018474
vn -0.000000 -0.999800 -0.019996
vn 0.382683 -0.923695 -0.018474
vn 0.707107 -0.706965 -0.014139
vn 0.923880 -0.382607 -0.007652
vn 0.923880 0.382630 0.006377
vn 0.707107 0.707009 0.011783
vn 0.382683 0.923751 0.015396
vn 0.000000 0.999861 0.016664
vn -0.382683 0.923751 0.015396
vn -0.707107 0.707009 0.011783
vn -0.923880 0.382630 0.006377
vn -0.923880 -0.382630 -0.006377
vn -0.707107 -0.707009 -0.011783
vn -0.382683 -0.923751 -0.015396
vn -0.000000 -0.999861 -0.016664
vn 0.382683 -0.923751 -0.015396
vn 0.707107 -0.707009 -0.011783
vn 0.923880 -0.382630 -0.006377
vn 0.923880 0.382649 0.005102
vn 0.707107 0.707044 0.009427
vn 0.382683 0.923797 0.012317
vn 0.000000 0.999911 0.013332
vn -0.382683 0.923797 0.012317
vn -0.707107 0.707044 0.009427
vn -0.923880 0.382649 0.005102
vn -0.923880 -0.382649 -0.005102
vn -0.707107 -0.707044 -0.009427
vn -0.382683 -0.923797 -0.012317
vn -0.000000 -0.999911 -0.013332
vn 0.382683 -0.923797 -0.012317
vn 0.707107 -0.707044 -0.009427
vn 0.923880 -0.382649 -0.005102
vn 0.923880 0.382664 0.003827
vn 0.707107 0.707071 0.007071
vn 0.382683 0.923833 0.009238
vn 0.000000 0.999950 0.010000
vn -0.382683 0.923833 0.009238
vn -0.707107 0.707071 0.007071
vn -0.923880 0.382664 0.003827
vn -0.923880 -0.382664 -0.003827
vn -0.707107 -0.707071 -0.007071
vn -0.382683 -0.923833 -0.009238
vn -0.000000 -0.999950 -0.010000
vn 0.382683 -0.923833 -0.009238
vn 0.707107 -0.707071 -0.007071
vn 0.923880 -0.382664 -0.003827
vn 0.923880 0.382675 0.002551
vn 0.707107 0.707091 0.004714
vn 0.382683 0.923859 0.006159
vn 0.000000 0.999978 0.006667
vn -0.382683 0.923859 0.006159
vn -0.707107 0.707091 0.004714
vn -0.923880 0.382675 0.002551
vn -0.923880 -0.382675 -0.002551
vn -0.707107 -0.707091 -0.004714
vn -0.382683 -0.923859 -0.006159
vn -0.000000 -0.999978 -0.006667
vn 0.382683 -0.923859 -0.006159
vn 0.707107 -0.707091 -0.004714
vn 0.923880 -0.382675 -0.002551
vn 0.923880 0.382681 0.001276
vn 0.707107 0.707103 0.002357
vn 0.382683 0.923874 0.003080
vn 0.000000 0.999994 0.003333
vn -0.382683 0.923874 0.003080
vn -0.707107 0.707103 0.002357
vn -0.923880 0.382681 0.001276
vn -0.923880 -0.382681 -0.001276
vn -0.707107 -0.707103 -0.002357
vn -0.382683 -0.923874 -0.003080
vn -0.000000 -0.999994 -0.003333
vn 0.382683 -0.923874 -0.003080
vn 0.707107 -0.707103 -0.002357
vn 0.923880 -0.382681 -0.001276
vn 0.923880 0.382683 0.000010
vn 0.707107 0.707107 0.000018
vn 0.382683 0.923880 0.000023
vn 0.000000 1.000000 0.000025
vn -0.382683 0.923880 0.000023
vn -0.707107 0.707107 0.000018
vn -0.923880 0.382683 0.000010
vn -0.923880 -0.382683 -0.000010
vn -0.707107 -0.707107 -0.000018
vn -0.382683 -0.923880 -0.000023
vn -0.000000 -1.000000 -0.000025
vn 0.382683 -0.923880 -0.000023
vn 0.707107 -0.707107 -0.000018
vn 0.923880 -0.382683 -0.000010
vn 0.000000 0.000000 -1.000000
usemtl body
f 1/1/1 2/2/1 3/3/1
f 1/1/1 3/3/1 4/4/1
f 1/1/1 4/4/1 5/5/1
f 1/1/1 5/5/1 6/6/1
f 1/1/1 6/6/1 7/7/1
f 1/1/1 7/7/1 8/8/1
f 1/1/1 8/8/1 9/9/1
f 1/1/1 9/9/1 10/10/1
f 1/1/1 10/10/1 11/11/1
f 1/1/1 11/11/1 12/12/1
f 1/1/1 12/12/1 13/13/1
f 1/1/1 13/13/1 14/14/1
f 1/1/1 14/14/1 15/15/1
f 1/1/1 15/15/1 16/16/1
f 1/1/1 16/16/1 17/17/1
f 1/1/1 17/17/1 2/2/1
f 2/18/2 18/19/2 19/20/3
f 2/18/2 19/20/3 3/21/4
f 3/21/4 19/20/3 20/22/5
f 3/21/4 20/22/5 4/23/6
f 4/23/6 20/22/5 21/24/7
f 4/23/6 21/24/7 5/25/8
f 5/25/8 21/24/7 22/26/9
f 5/25/8 22/26/9 6/27/10
f 6/27/10 22/26/9 23/28/11
f 6/27/10 23/28/11 7/29/12
f 7/29/12 23/28/11 24/30/13
f 7/29/12 24/30/13 8/31/14
f 8/31/14 24/30/13 25/32/15
f 8/31/14 25/32/15 9/33/16
f 9/33/16 25/32/15 26/34/17
f 9/33/16 26/34/17 10/35/17
f 10/35/17 26/34/17 27/36/18
f 10/35/17 27/36/18 11/37/19
f 11/37/19 27/36/18 28/38/20
f 11/37/19 28/38/20 12/39/21
f 12/39/21 28/38/20 29/40/22
f 12/39/21 29/40/22 13/41/23
f 13/41/23 29/40/22 30/42/24
f 13/41/23 30/42/24 14/43/25
f 14/43/25 30/42/24 31/44/26
f 14/43/25 31/44/26 15/45/27
f 15/45/27 31/44/26 32/46/28
f 15/45/27 32/46/28 16/47/29
f 16/47/29 32/46/28 33/48/30
f 16/47/29 33/48/30 17/49/31
f 17/49/31 33/48/30 18/50/2
f 17/49/31 18/50/2 2/51/2
f 18/19/2 34/52/2 35/53/32
f 18/19/2 35/53/32 19/20/3
f 19/20/3 35/53/32 36/54/33
f 19/20/3 36/54/33 20/22/5
f 20/22/5 36/54/33 37/55/34
f 20/22/5 37/55/34 21/24/7
f 21/24/7 37/55/34 38/56/35
f 21/24/7 38/56/35 22/26/9
f 22/26/9 38/56/35 39/57/36
f 22/26/9 39/57/36 23/28/11
f 23/28/11 39/57/36 40/58/37
f 23/28/11 40/58/37 24/30/13
f 24/30/13 40/58/37 41/59/38
f 24/30/13 41/59/38 25/32/15
f 25/32/15 41/59/38 42/60/17
f 25/32/15 42/60/17 26/34/17
f 26/34/17 42/60/17 43/61/39
f 26/34/17 43/61/39 27/36/18
f 27/36/18 43/61/39 44/62/40
f 27/36/18 44/62/40 28/38/20
f 28/38/20 44/62/40 45/63/41
f 28/38/20 45/63/41 29/40/22
f 29/40/22 45/63/41 46/64/42
f 29/40/22 46/64/42 30/42/24
f 30/42/24 46/64/42 47/65/43
f 30/42/24 47/65/43 31/44/26
f 31/44/26 47/65/43 48/66/44
f 31/44/26 48/66/44 32/46/28
f 32/46/28 48/66/44 49/67/45
f 32/46/28 49/67/45 33/48/30
f 33/48/30 49/67/45 34/68/2
f 33/48/30 34/68/2 18/50/2
f 34/52/2 50/69/2 51/70/46
f 34/52/2 51/70/46 35/53/32
f 35/53/32 51/70/46 52/71/47
f 35/53/32 52/71/47 36/54/33
f 36/54/33 52/71/47 53/72/48
f 36/54/33 53/72/48 37/55/34
f 37/55/34 53/72/48 54/73/49
f 37/55/34 54/73/49 38/56/35
f 38/56/35 54/73/49 55/74/50
f 38/56/35 55/74/50 39/57/36
f 39/57/36 55/74/50 56/75/51
f 39/57/36 56/75/51 40/58/37
f 40/58/37 56/75/51 57/76/52
f 40/58/37 57/76/52 41/59/38
f 41/59/38 57/76/52 58/77/17
f 41/59/38 58/77/17 42/60/17
f 42/60/17 58/77/17 59/78/53
f 42/60/17 59/78/53 43/61/39
f 43/61/39 59/78/53 60/79/54
f 43/61/39 60/79/54 44/62/40
f 44/62/40 60/79/54 61/80/55
f 44/62/40 61/80/55 45/63/41
f 45/63/41 61/80/55 62/81/56
f 45/63/41 62/81/56 46/64/42
f 46/64/42 62/81/56 63/82/57
f 46/64/42 63/82/57 47/65/43
f 47/65/43 63/82/57 64/83/58
f 47/65/43 64/83/58 48/66/44
f 48/66/44 64/83/58 65/84/59
f 48/66/44 65/84/59 49/67/45
f 49/67/45 65/84/59 50/85/2
f 49/67/45 50/85/2 34/68/2
f 50/69/2 66/86/2 67/87/60
f 50/69/2 67/87/60 51/70/46
f 51/70/46 67/87/60 68/88/61
f 51/70/46 68/88/61 52/71/47
f 52/71/47 68/88/61 69/89/62
f 52/71/47 69/89/62 53/72/48
f 53/72/48 69/89/62 70/90/63
f 53/72/48 70/90/63 54/73/49
f 54/73/49 70/90/63 71/91/64
f 54/73/49 71/91/64 55/74/50
f 55/74/50 71/91/64 72/92/65
f 55/74/50 72/92/65 56/75/51
f 56/75/51 72/92/65 73/93/66
f 56/75/51 73/93/66 57/76/52
f 57/76/52 73/93/66 74/94/17
f 57/76/52 74/94/17 58/77/17
f 58/77/17 74/94/17 75/95/67
f 58/77/17 75/95/67 59/78/53
f 59/78/53 75/95/67 76/96/68
f 59/78/53 76/96/68 60/79/54
f 60/79/54 76/96/68 77/97/69
f 60/79/54 77/97/69 61/80/55
f 61/80/55 77/97/69 78/98/70
f 61/80/55 78/98/70 62/81/56
f 62/81/56 78/98/70 79/99/71
f 62/81/56 79/99/71 63/82/57
f 63/82/57 79/99/71 80/100/72
f 63/82/57 80/100/72 64/83/58
f 64/83/58 80/100/72 81/101/73
f 64/83/58 81/101/73 65/84/59
f 65/84/59 81/101/73 66/102/2
f 65/84/59 66/102/2 50/85/2
f 66/86/2 82/103/2 83/104/74
f 66/86/2 83/104/74 67/87/60
f 67/87/60 83/104/74 84/105/75
f 67/87/60 84/105/75 68/88/61
f 68/88/61 84/105/75 85/106/76
f 68/88/61 85/106/76 69/89/62
f 69/89/62 85/106/76 86/107/77
f 69/89/62 86/107/77 70/90/63
f 70/90/63 86/107/77 87/108/78
f 70/90/63 87/108/78 71/91/64
f 71/91/64 87/108/78 88/109/79
f 71/91/64 88/109/79 72/92/65
f 72/92/65 88/109/79 89/110/80
f 72/92/65 89/110/80 73/93/66
f 73/93/66 89/110/80 90/111/17
f 73/93/66 90/111/17 74/94/17
f 74/94/17 90/111/17 91/112/81
f 74/94/17 91/112/81 75/95/67
f 75/95/67 91/112/81 92/113/82
f 75/95/67 92/113/82 76/96/68
f 76/96/68 92/113/82 93/114/83
f 76/96/68 93/114/83 77/97/69
f 77/97/69 93/114/83 94/115/84
f 77/97/69 94/115/84 78/98/70
f 78/98/70 94/115/84 95/116/85
f 78/98/70 95/116/85 79/99/71
f 79/99/71 95/116/85 96/117/86
f 79/99/71 96/117/86 80/100/72
f 80/100/72 96/117/86 97/118/87
f 80/100/72 97/118/87 81/101/73
f 81/101/73 97/118/87 82/119/2
f 81/101/73 82/119/2 66/102/2
f 82/103/2 98/120/2 99/121/88
f 82/103/2 99/121/88 83/104/74
f 83/104/74 99/121/88 100/122/89
f 83/104/74 100/122/89 84/105/75
f 84/105/75 100/122/89 101/123/90
f 84/105/75 101/123/90 85/106/76
f 85/106/76 101/123/90 102/124/91
f 85/106/76 102/124/91 86/107/77
f 86/107/77 102/124/91 103/125/92
f 86/107/77 103/125/92 87/108/78
f 87/108/78 103/125/92 104/126/93
f 87/108/78 104/126/93 88/109/79
f 88/109/79 104/126/93 105/127/94
f 88/109/79 105/127/94 89/110/80
f 89/110/80 105/127/94 106/128/17
f 89/110/80 106/128/17 90/111/17
f 90/111/17 106/128/17 107/129/95
f 90/111/17 107/129/95 91/112/81
f 91/112/81 107/129/95 108/130/96
f 91/112/81 108/130/96 92/113/82
f 92/113/82 108/130/96 109/131/97
f 92/113/82 109/131/97 93/114/83
f 93/114/83 109/131/97 110/132/98
f 93/114/83 110/132/98 94/115/84
f 94/115/84 110/132/98 111/133/99
f 94/115/84 111/133/99 95/116/85
f 95/116/85 111/133/99 112/134/100
f 95/116/85 112/134/100 96/117/86
f 96/117/86 112/134/100 113/135/101
f 96/117/86 113/135/101 97/118/87
f 97/118/87 113/135/101 98/136/2
f 97/118/87 98/136/2 82/119/2
f 98/120/2 114/137/2 115/138/102
f 98/120/2 115/138/102 99/121/88
f 99/121/88 115/138/102 116/139/103
f 99/121/88 116/139/103 100/122/89
f 100/122/89 116/139/103 117/140/104
f 100/122/89 117/140/104 101/123/90
f 101/123/90 117/140/104 118/141/105
f 101/123/90 118/141/105 102/124/91
f 102/124/91 118/141/105 119/142/106
f 102/124/91 119/142/106 103/125/92
f 103/125/92 119/142/106 120/143/107
f 103/125/92 120/143/107 104/126/93
f 104/126/93 120/143/107 121/144/108
f 104/126/93 121/144/108 105/127/94
f 105/127/94 121/144/108 122/145/17
f 105/127/94 122/145/17 106/128/17
f 106/128/17 122/145/17 123/146/109
f 106/128/17 123/146/109 107/129/95
f 107/129/95 123/146/109 124/147/110
f 107/129/95 124/147/110 108/130/96
f 108/130/96 124/147/110 125/148/111
f 108/130/96 125/148/111 109/131/97
f 109/131/97 125/148/111 126/149/112
f 109/131/97 126/149/112 110/132/98
f 110/132/98 126/149/112 127/150/113
f 110/132/98 127/150/113 111/133/99
f 111/133/99 127/150/113 128/151/114
f 111/133/99 128/151/114 112/134/100
f 112/134/100 128/151/114 129/152/115
f 112/134/100 129/152/115 113/135/101
f 113/135/101 129/152/115 114/153/2
f 113/135/101 114/153/2 98/136/2
f 114/137/2 130/154/2 131/155/116
f 114/137/2 131/155/116 115/138/102
f 115/138/102 131/155/116 132/156/117
f 115/138/102 132/156/117 116/139/103
f 116/139/103 132/156/117 133/157/118
f 116/139/103 133/157/118 117/140/104
f 117/140/104 133/157/118 134/158/119
f 117/140/104 134/158/119 118/141/105
f 118/141/105 134/158/119 135/159/120
f 118/141/105 135/159/120 119/142/106
f 119/142/106 135/159/120 136/160/121
f 119/142/106 136/160/121 120/143/107
f 120/143/107 136/160/121 137/161/122
f 120/143/107 137/161/122 121/144/108
f 121/144/108 137/161/122 138/162/17
f 121/144/108 138/162/17 122/145/17
f 122/145/17 138/162/17 139/163/123
f 122/145/17 139/163/123 123/146/109
f 123/146/109 139/163/123 140/164/124
f 123/146/109 140/164/124 124/147/110
f 124/147/110 140/164/124 141/165/125
f 124/147/110 141/165/125 125/148/111
f 125/148/111 141/165/125 142/166/126
f 125/148/111 142/166/126 126/149/112
f 126/149/112 142/166/126 143/167/127
f 126/149/112 143/167/127 127/150/113
f 127/150/113 143/167/127 144/168/128
f 127/150/113 144/168/128 128/151/114
f 128/151/114 144/168/128 145/169/129
f 128/151/114 145/169/129 129/152/115
f 129/152/115 145/169/129 130/170/2
f 129/152/115 130/170/2 114/153/2
f 130/154/2 146/171/2 147/172/130
f 130/154/2 147/172/130 131/155/116
f 131/155/116 147/172/130 148/173/131
f 131/155/116 148/173/131 132/156/117
f 132/156/117 148/173/131 149/174/132
f 132/156/117 149/174/132 133/157/118
f 133/157/118 149/174/132 150/175/133
f 133/157/118 150/175/133 134/158/119
f 134/158/119 150/175/133 151/176/134
f 134/158/119 151/176/134 135/159/120
f 135/159/120 151/176/134 152/177/135
f 135/159/120 152/177/135 136/160/121
f 136/160/121 152/177/135 153/178/136
f 136/160/121 153/178/136 137/161/122
f 137/161/122 153/178/136 154/179/17
f 137/161/122 154/179/17 138/162/17
f 138/162/17 154/179/17 155/180/137
f 138/162/17 155/180/137 139/163/123
f 139/163/123 155/180/137 156/181/138
f 139/163/123 156/181/138 140/164/124
f 140/164/124 156/181/138 157/182/139
f 140/164/124 157/182/139 141/165/125
f 141/165/125 157/182/139 158/183/140
f 141/165/125 158/183/140 142/166/126
f 142/166/126 158/183/140 159/184/141
f 142/166/126 159/184/141 143/167/127
f 143/167/127 159/184/141 160/185/142
f 143/167/127 160/185/142 144/168/128
f 144/168/128 160/185/142 161/186/143
f 144/168/128 161/186/143 145/169/129
f 145/169/129 161/186/143 146/187/2
f 145/169/129 146/187/2 130/170/2
f 146/171/2 162/188/2 163/189/144
f 146/171/2 163/189/144 147/172/130
f 147/172/130 163/189/144 164/190/145
f 147/172/130 164/190/145 148/173/131
f 148/173/131 164/190/145 165/191/146
f 148/173/131 165/191/146 149/174/132
f 149/174/132 165/191/146 166/192/147
f 149/174/132 166/192/147 150/175/133
f 150/175/133 166/192/147 167/193/148
f 150/175/133 167/193/148 151/176/134
f 151/176/134 167/193/148 168/194/149
f 151/176/134 168/194/149 152/177/135
f 152/177/135 168/194/149 169/195/150
f 152/177/135 169/195/150 153/178/136
f 153/178/136 169/195/150 170/196/17
f 153/178/136 170/196/17 154/179/17
f 154/179/17 170/196/17 171/197/151
f 154/179/17 171/197/151 155/180/137
f 155/180/137 171/197/151 172/198/152
f 155/180/137 172/198/152 156/181/138
f 156/181/138 172/198/152 173/199/153
f 156/181/138 173/199/153 157/182/139
f 157/182/139 173/199/153 174/200/154
f 157/182/139 174/200/154 158/183/140
f 158/183/140 174/200/154 175/201/155
f 158/183/140 175/201/155 159/184/141
f 159/184/141 175/201/155 176/202/156
f 159/184/141 176/202/156 160/185/142
f 160/185/142 176/202/156 177/203/157
f 160/185/142 177/203/157 161/186/143
f 161/186/143 177/203/157 162/204/2
f 161/186/143 162/204/2 146/187/2
f 162/188/2 178/205/2 179/206/158
f 162/188/2 179/206/158 163/189/144
f 163/189/144 179/206/158 180/207/159
f 163/189/144 180/207/159 164/190/145
f 164/190/145 180/207/159 181/208/160
f 164/190/145 181/208/160 165/191/146
f 165/191/146 181/208/160 182/209/161
f 165/191/146 182/209/161 166/192/147
f 166/192/147 182/209/161 183/210/162
f 166/192/147 183/210/162 167/193/148
f 167/193/148 183/210/162 184/211/163
f 167/193/148 184/211/163 168/194/149
f 168/194/149 184/211/163 185/212/164
f 168/194/149 185/212/164 169/195/150
f 169/195/150 185/212/164 186/213/17
f 169/195/150 186/213/17 170/196/17
f 170/196/17 186/213/17 187/214/165
f 170/196/17 187/214/165 171/197/151
f 171/197/151 187/214/165 188/215/166
f 171/197/151 188/215/166 172/198/152
f 172/198/152 188/215/166 189/216/167
f 172/198/152 189/216/167 173/199/153
f 173/199/153 189/216/167 190/217/168
f 173/199/153 190/217/168 174/200/154
f 174/200/154 190/217/168 191/218/169
f 174/200/154 191/218/169 175/201/155
f 175/201/155 191/218/169 192/219/170
f 175/201/155 192/219/170 176/202/156
f 176/202/156 192/219/170 193/220/171
f 176/202/156 193/220/171 177/203/157
f 177/203/157 193/220/171 178/221/2
f 177/203/157 178/221/2 162/204/2
f 178/205/2 194/222/2 195/223/172
f 178/205/2 195/223/172 179/206/158
f 179/206/158 195/223/172 196/224/173
f 179/206/158 196/224/173 180/207/159
f 180/207/159 196/224/173 197/225/174
f 180/207/159 197/225/174 181/208/160
f 181/208/160 197/225/174 198/226/175
f 181/208/160 198/226/175 182/209/161
f 182/209/161 198/226/175 199/227/176
f 182/209/161 199/227/176 183/210/162
f 183/210/162 199/227/176 200/228/177
f 183/210/162 200/228/177 184/211/163
f 184/211/163 200/228/177 201/229/178
f 184/211/163 201/229/178 185/212/164
f 185/212/164 201/229/178 202/230/17
f 185/212/164 202/230/17 186/213/17
f 186/213/17 202/230/17 203/231/179
f 186/213/17 203/231/179 187/214/165
f 187/214/165 203/231/179 204/232/180
f 187/214/165 204/232/180 188/215/166
f 188/215/166 204/232/180 205/233/181
f 188/215/166 205/233/181 189/216/167
f 189/216/167 205/233/181 206/234/182
f 189/216/167 206/234/182 190/217/168
f 190/217/168 206/234/182 207/235/183
f 190/217/168 207/235/183 191/218/169
f 191/218/169 207/235/183 208/236/184
f 191/218/169 208/236/184 192/219/170
f 192/219/170 208/236/184 209/237/185
f 192/219/170 209/237/185 193/220/171
f 193/220/171 209/237/185 194/238/2
f 193/220/171 194/238/2 178/221/2
f 194/222/2 210/239/2 211/240/186
f 194/222/2 211/240/186 195/223/172
f 195/223/172 211/240/186 212/241/187
f 195/223/172 212/241/187 196/224/173
f 196/224/173 212/241/187 213/242/188
f 196/224/173 213/242/188 197/225/174
f 197/225/174 213/242/188 214/243/189
f 197/225/174 214/243/189 198/226/175
f 198/226/175 214/243/189 215/244/190
f 198/226/175 215/244/190 199/227/176
f 199/227/176 215/244/190 216/245/191
f 199/227/176 216/245/191 200/228/177
f 200/228/177 216/245/191 217/246/192
f 200/228/177 217/246/192 201/229/178
f 201/229/178 217/246/192 218/247/17
f 201/229/178 218/247/17 202/230/17
f 202/230/17 218/247/17 219/248/193
f 202/230/17 219/248/193 203/231/179
f 203/231/179 219/248/193 220/249/194
f 203/231/179 220/249/194 204/232/180
f 204/232/180 220/249/194 221/250/195
f 204/232/180 221/250/195 205/233/181
f 205/233/181 221/250/195 222/251/196
f 205/233/181 222/251/196 206/234/182
f 206/234/182 222/251/196 223/252/197
f 206/234/182 223/252/197 207/235/183
f 207/235/183 223/252/197 224/253/198
f 207/235/183 224/253/198 208/236/184
f 208/236/184 224/253/198 225/254/199
f 208/236/184 225/254/199 209/237/185
f 209/237/185 225/254/199 210/255/2
f 209/237/185 210/255/2 194/238/2
f 210/239/2 226/256/2 227/257/200
f 210/239/2 227/257/200 211/240/186
f 211/240/186 227/257/200 228/258/201
f 211/240/186 228/258/201 212/241/187
f 212/241/187 228/258/201 229/259/202
f 212/241/187 229/259/202 213/242/188
f 213/242/188 229/259/202 230/260/203
f 213/242/188 230/260/203 214/243/189
f 214/243/189 230/260/203 231/261/204
f 214/243/189 231/261/204 215/244/190
f 215/244/190 231/261/204 232/262/205
f 215/244/190 232/262/205 216/245/191
f 216/245/191 232/262/205 233/263/206
f 216/245/191 233/263/206 217/246/192
f 217/246/192 233/263/206 234/264/17
f 217/246/192 234/264/17 218/247/17
f 218/247/17 234/264/17 235/265/207
f 218/247/17 235/265/207 219/248/193
f 219/248/193 235/265/207 236/266/208
f 219/248/193 236/266/208 220/249/194
f 220/249/194 236/266/208 237/267/209
f 220/249/194 237/267/209 221/250/195
f 221/250/195 237/267/209 238/268/210
f 221/250/195 238/268/210 222/251/196
f 222/251/196 238/268/210 239/269/211
f 222/251/196 239/269/211 223/252/197
f 223/252/197 239/269/211 240/270/212
f 223/252/197 240/270/212 224/253/198
f 224/253/198 240/270/212 241/271/213
f 224/253/198 241/271/213 225/254/199
f 225/254/199 241/271/213 226/272/2
f 225/254/199 226/272/2 210/255/2
f 226/256/2 242/273/2 243/274/214
f 226/256/2 243/274/214 227/257/200
f 227/257/200 243/274/214 244/275/215
f 227/257/200 244/275/215 228/258/201
f 228/258/201 244/275/215 245/276/216
f 228/258/201 245/276/216 229/259/202
f 229/259/202 245/276/216 246/277/217
f 229/259/202 246/277/217 230/260/203
f 230/260/203 246/277/217 247/278/218
f 230/260/203 247/278/218 231/261/204
f 231/261/204 247/278/218 248/279/219
f 231/261/204 248/279/219 232/262/205
f 232/262/205 248/279/219 249/280/220
f 232/262/205 249/280/220 233/263/206
f 233/263/206 249/280/220 250/281/17
f 233/263/206 250/281/17 234/264/17
f 234/264/17 250/281/17 251/282/221
f 234/264/17 251/282/221 235/265/207
f 235/265/207 251/282/221 252/283/222
f 235/265/207 252/283/222 236/266/208
f 236/266/208 252/283/222 253/284/223
f 236/266/208 253/284/223 237/267/209
f 237/267/209 253/284/223 254/285/224
f 237/267/209 254/285/224 238/268/210
f 238/268/210 254/285/224 255/286/225
f 238/268/210 255/286/225 239/269/211
f 239/269/211 255/286/225 256/287/226
f 239/269/211 256/287/226 240/270/212
f 240/270/212 256/287/226 257/288/227
f 240/270/212 257/288/227 241/271/213
f 241/271/213 257/288/227 242/289/2
f 241/271/213 242/289/2 226/272/2
f 242/273/2 258/290/2 259/291/228
f 242/273/2 259/291/228 243/274/214
f 243/274/214 259/291/228 260/292/229
f 243/274/214 260/292/229 244/275/215
f 244/275/215 260/292/229 261/293/230
f 244/275/215 261/293/230 245/276/216
f 245/276/216 261/293/230 262/294/231
f 245/276/216 262/294/231 246/277/217
f 246/277/217 262/294/231 263/295/232
f 246/277/217 263/295/232 247/278/218
f 247/278/218 263/295/232 264/296/233
f 247/278/218 264/296/233 248/279/219
f 248/279/219 264/296/233 265/297/234
f 248/279/219 265/297/234 249/280/220
f 249/280/220 265/297/234 266/298/17
f 249/280/220 266/298/17 250/281/17
f 250/281/17 266/298/17 267/299/235
f 250/281/17 267/299/235 251/282/221
f 251/282/221 267/299/235 268/300/236
f 251/282/221 268/300/236 252/283/222
f 252/283/222 268/300/236 269/301/237
f 252/283/222 269/301/237 253/284/223
f 253/284/223 269/301/237 270/302/238
f 253/284/223 270/302/238 254/285/224
f 254/285/224 270/302/238 271/303/239
f 254/285/224 271/303/239 255/286/225
f 255/286/225 271/303/239 272/304/240
f 255/286/225 272/304/240 256/287/226
f 256/287/226 272/304/240 273/305/241
f 256/287/226 273/305/241 257/288/227
f 257/288/227 273/305/241 258/306/2
f 257/288/227 258/306/2 242/289/2
f 258/290/2 274/307/2 275/308/242
f 258/290/2 275/308/242 259/291/228
f 259/291/228 275/308/242 276/309/243
f 259/291/228 276/309/243 260/292/229
f 260/292/229 276/309/243 277/310/244
f 260/292/229 277/310/244 261/293/230
f 261/293/230 277/310/244 278/311/245
f 261/293/230 278/311/245 262/294/231
f 262/294/231 278/311/245 279/312/246
f 262/294/231 279/312/246 263/295/232
f 263/295/232 279/312/246 280/313/247
f 263/295/232 280/313/247 264/296/233
f 264/296/233 280/313/247 281/314/248
f 264/296/233 281/314/248 265/297/234
f 265/297/234 281/314/248 282/315/17
f 265/297/234 282/315/17 266/298/17
f 266/298/17 282/315/17 283/316/249
f 266/298/17 283/316/249 267/299/235
f 267/299/235 283/316/249 284/317/250
f 267/299/235 284/317/250 268/300/236
f 268/300/236 284/317/250 285/318/251
f 268/300/236 285/318/251 269/301/237
f 269/301/237 285/318/251 286/319/252
f 269/301/237 286/319/252 270/302/238
f 270/302/238 286/319/252 287/320/253
f 270/302/238 287/320/253 271/303/239
f 271/303/239 287/320/253 288/321/254
f 271/303/239 288/321/254 272/304/240
f 272/304/240 288/321/254 289/322/255
f 272/304/240 289/322/255 273/305/241
f 273/305/241 289/322/255 274/323/2
f 273/305/241 274/323/2 258/306/2
f 274/307/2 290/324/2 291/325/256
f 274/307/2 291/325/256 275/308/242
f 275/308/242 291/325/256 292/326/257
f 275/308/242 292/326/257 276/309/243
f 276/309/243 292/326/257 293/327/258
f 276/309/243 293/327/258 277/310/244
f 277/310/244 293/327/258 294/328/259
f 277/310/244 294/328/259 278/311/245
f 278/311/245 294/328/259 295/329/260
f 278/311/245 295/329/260 279/312/246
f 279/312/246 295/329/260 296/330/261
f 279/312/246 296/330/261 280/313/247
f 280/313/247 296/330/261 297/331/262
f 280/313/247 297/331/262 281/314/248
f 281/314/248 297/331/262 298/332/17
f 281/314/248 298/332/17 282/315/17
f 282/315/17 298/332/17 299/333/263
f 282/315/17 299/333/263 283/316/249
f 283/316/249 299/333/263 300/334/264
f 283/316/249 300/334/264 284/317/250
f 284/317/250 300/334/264 301/335/265
f 284/317/250 301/335/265 285/318/251
f 285/318/251 301/335/265 302/336/266
f 285/318/251 302/336/266 286/319/252
f 286/319/252 302/336/266 303/337/267
f 286/319/252 303/337/267 287/320/253
f 287/320/253 303/337/267 304/338/268
f 287/320/253 304/338/268 288/321/254
f 288/321/254 304/338/268 305/339/269
f 288/321/254 305/339/269 289/322/255
f 289/322/255 305/339/269 290/340/2
f 289/322/255 290/340/2 274/323/2
f 290/324/2 306/341/2 307/342/270
f 290/324/2 307/342/270 291/325/256
f 291/325/256 307/342/270 308/343/271
f 291/325/256 308/343/271 292/326/257
f 292/326/257 308/343/271 309/344/272
f 292/326/257 309/344/272 293/327/258
f 293/327/258 309/344/272 310/345/273
f 293/327/258 310/345/273 294/328/259
f 294/328/259 310/345/273 311/346/274
f 294/328/259 311/346/274 295/329/260
f 295/329/260 311/346/274 312/347/275
f 295/329/260 312/347/275 296/330/261
f 296/330/261 312/347/275 313/348/276
f 296/330/261 313/348/276 297/331/262
f 297/331/262 313/348/276 314/349/17
f 297/331/262 314/349/17 298/332/17
f 298/332/17 314/349/17 315/350/277
f 298/332/17 315/350/277 299/333/263
f 299/333/263 315/350/277 316/351/278
f 299/333/263 316/351/278 300/334/264
f 300/334/264 316/351/278 317/352/279
f 300/334/264 317/352/279 301/335/265
f 301/335/265 317/352/279 318/353/280
f 301/335/265 318/353/280 302/336/266
f 302/336/266 318/353/280 319/354/281
f 302/336/266 319/354/281 303/337/267
f 303/337/267 319/354/281 320/355/282
f 303/337/267 320/355/282 304/338/268
f 304/338/268 320/355/282 321/356/283
f 304/338/268 321/356/283 305/339/269
f 305/339/269 321/356/283 306/357/2
f 305/339/269 306/357/2 290/340/2
f 306/341/2 322/358/2 323/359/284
f 306/341/2 323/359/284 307/342/270
f 307/342/270 323/359/284 324/360/285
f 307/342/270 324/360/285 308/343/271
f 308/343/271 324/360/285 325/361/286
f 308/343/271 325/361/286 309/344/272
f 309/344/272 325/361/286 326/362/287
f 309/344/272 326/362/287 310/345/273
f 310/345/273 326/362/287 327/363/288
f 310/345/273 327/363/288 311/346/274
f 311/346/274 327/363/288 328/364/289
f 311/346/274 328/364/289 312/347/275
f 312/347/275 328/364/289 329/365/290
f 312/347/275 329/365/290 313/348/276
f 313/348/276 329/365/290 330/366/17
f 313/348/276 330/366/17 314/349/17
f 314/349/17 330/366/17 331/367/291
f 314/349/17 331/367/291 315/350/277
f 315/350/277 331/367/291 332/368/292
f 315/350/277 332/368/292 316/351/278
f 316/351/278 332/368/292 333/369/293
f 316/351/278 333/369/293 317/352/279
f 317/352/279 333/369/293 334/370/294
f 317/352/279 334/370/294 318/353/280
f 318/353/280 334/370/294 335/371/295
f 318/353/280 335/371/295 319/354/281
f 319/354/281 335/371/295 336/372/296
f 319/354/281 336/372/296 320/355/282
f 320/355/282 336/372/296 337/373/297
f 320/355/282 337/373/297 321/356/283
f 321/356/283 337/373/297 322/374/2
f 321/356/283 322/374/2 306/357/2
f 322/358/2 338/375/2 339/376/298
f 322/358/2 339/376/298 323/359/284
f 323/359/284 339/376/298 340/377/299
f 323/359/284 340/377/299 324/360/285
f 324/360/285 340/377/299 341/378/300
f 324/360/285 341/378/300 325/361/286
f 325/361/286 341/378/300 342/379/301
f 325/361/286 342/379/301 326/362/287
f 326/362/287 342/379/301 343/380/302
f 326/362/287 343/380/302 327/363/288
f 327/363/288 343/380/302 344/381/303
f 327/363/288 344/381/303 328/364/289
f 328/364/289 344/381/303 345/382/304
f 328/364/289 345/382/304 329/365/290
f 329/365/290 345/382/304 346/383/17
f 329/365/290 346/383/17 330/366/17
f 330/366/17 346/383/17 347/384/305
f 330/366/17 347/384/305 331/367/291
f 331/367/291 347/384/305 348/385/306
f 331/367/291 348/385/306 332/368/292
f 332/368/292 348/385/306 349/386/307
f 332/368/292 349/386/307 333/369/293
f 333/369/293 349/386/307 350/387/308
f 333/369/293 350/387/308 334/370/294
f 334/370/294 350/387/308 351/388/309
f 334/370/294 351/388/309 335/371/295
f 335/371/295 351/388/309 352/389/310
f 335/371/295 352/389/310 336/372/296
f 336/372/296 352/389/310 353/390/311
f 336/372/296 353/390/311 337/373/297
f 337/373/297 353/390/311 338/391/2
f 337/373/297 338/391/2 322/374/2
f 338/375/2 354/392/2 355/393/312
f 338/375/2 355/393/312 339/376/298
f 339/376/298 355/393/312 356/394/313
f 339/376/298 356/394/313 340/377/299
f 340/377/299 356/394/313 357/395/314
f 340/377/299 357/395/314 341/378/300
f 341/378/300 357/395/314 358/396/315
f 341/378/300 358/396/315 342/379/301
f 342/379/301 358/396/315 359/397/316
f 342/379/301 359/397/316 343/380/302
f 343/380/302 359/397/316 360/398/317
f 343/380/302 360/398/317 344/381/303
f 344/381/303 360/398/317 361/399/318
f 344/381/303 361/399/318 345/382/304
f 345/382/304 361/399/318 362/400/17
f 345/382/304 362/400/17 346/383/17
f 346/383/17 362/400/17 363/401/319
f 346/383/17 363/401/319 347/384/305
f 347/384/305 363/401/319 364/402/320
f 347/384/305 364/402/320 348/385/306
f 348/385/306 364/402/320 365/403/321
f 348/385/306 365/403/321 349/386/307
f 349/386/307 365/403/321 366/404/322
f 349/386/307 366/404/322 350/387/308
f 350/387/308 366/404/322 367/405/323
f 350/387/308 367/405/323 351/388/309
f 351/388/309 367/405/323 368/406/324
f 351/388/309 368/406/324 352/389/310
f 352/389/310 368/406/324 369/407/325
f 352/389/310 369/407/325 353/390/311
f 353/390/311 369/407/325 354/408/2
f 353/390/311 354/408/2 338/391/2
f 354/392/2 370/409/2 371/410/326
f 354/392/2 371/410/326 355/393/312
f 355/393/312 371/410/326 372/411/327
f 355/393/312 372/411/327 356/394/313
f 356/394/313 372/411/327 373/412/328
f 356/394/313 373/412/328 357/395/314
f 357/395/314 373/412/328 374/413/329
f 357/395/314 374/413/329 358/396/315
f 358/396/315 374/413/329 375/414/330
f 358/396/315 375/414/330 359/397/316
f 359/397/316 375/414/330 376/415/331
f 359/397/316 376/415/331 360/398/317
f 360/398/317 376/415/331 377/416/332
f 360/398/317 377/416/332 361/399/318
f 361/399/318 377/416/332 378/417/17
f 361/399/318 378/417/17 362/400/17
f 362/400/17 378/417/17 379/418/333
f 362/400/17 379/418/333 363/401/319
f 363/401/319 379/418/333 380/419/334
f 363/401/319 380/419/334 364/402/320
f 364/402/320 380/419/334 381/420/335
f 364/402/320 381/420/335 365/403/321
f 365/403/321 381/420/335 382/421/336
f 365/403/321 382/421/336 366/404/322
f 366/404/322 382/421/336 383/422/337
f 366/404/322 383/422/337 367/405/323
f 367/405/323 383/422/337 384/423/338
f 367/405/323 384/423/338 368/406/324
f 368/406/324 384/423/338 385/424/339
f 368/406/324 385/424/339 369/407/325
f 369/407/325 385/424/339 370/425/2
f 369/407/325 370/425/2 354/408/2
f 370/409/2 386/426/2 387/427/340
f 370/409/2 387/427/340 371/410/326
f 371/410/326 387/427/340 388/428/341
f 371/410/326 388/428/341 372/411/327
f 372/411/327 388/428/341 389/429/342
f 372/411/327 389/429/342 373/412/328
f 373/412/328 389/429/342 390/430/343
f 373/412/328 390/430/343 374/413/329
f 374/413/329 390/430/343 391/431/344
f 374/413/329 391/431/344 375/414/330
f 375/414/330 391/431/344 392/432/345
f 375/414/330 392/432/345 376/415/331
f 376/415/331 392/432/345 393/433/346
f 376/415/331 393/433/346 377/416/332
f 377/416/332 393/433/346 394/434/17
f 377/416/332 394/434/17 378/417/17
f 378/417/17 394/434/17 395/435/347
f 378/417/17 395/435/347 379/418/333
f 379/418/333 395/435/347 396/436/348
f 379/418/333 396/436/348 380/419/334
f 380/419/334 396/436/348 397/437/349
f 380/419/334 397/437/349 381/420/335
f 381/420/335 397/437/349 398/438/350
f 381/420/335 398/438/350 382/421/336
f 382/421/336 398/438/350 399/439/351
f 382/421/336 399/439/351 383/422/337
f 383/422/337 399/439/351 400/440/352
f 383/422/337 400/440/352 384/423/338
f 384/423/338 400/440/352 401/441/353
f 384/423/338 401/441/353 385/424/339
f 385/424/339 401/441/353 386/442/2
f 385/424/339 386/442/2 370/425/2
f 386/426/2 402/443/2 403/444/354
f 386/426/2 403/444/354 387/427/340
f 387/427/340 403/444/354 404/445/355
f 387/427/340 404/445/355 388/428/341
f 388/428/341 404/445/355 405/446/356
f 388/428/341 405/446/356 389/429/342
f 389/429/342 405/446/356 406/447/357
f 389/429/342 406/447/357 390/430/343
f 390/430/343 406/447/357 407/448/358
f 390/430/343 407/448/358 391/431/344
f 391/431/344 407/448/358 408/449/359
f 391/431/344 408/449/359 392/432/345
f 392/432/345 408/449/359 409/450/360
f 392/432/345 409/450/360 393/433/346
f 393/433/346 409/450/360 410/451/17
f 393/433/346 410/451/17 394/434/17
f 394/434/17 410/451/17 411/452/361
f 394/434/17 411/452/361 395/435/347
f 395/435/347 411/452/361 412/453/362
f 395/435/347 412/453/362 396/436/348
f 396/436/348 412/453/362 413/454/363
f 396/436/348 413/454/363 397/437/349
f 397/437/349 413/454/363 414/455/364
f 397/437/349 414/455/364 398/438/350
f 398/438/350 414/455/364 415/456/365
f 398/438/350 415/456/365 399/439/351
f 399/439/351 415/456/365 416/457/366
f 399/439/351 416/457/366 400/440/352
f 400/440/352 416/457/366 417/458/367
f 400/440/352 417/458/367 401/441/353
f 401/441/353 417/458/367 402/459/2
f 401/441/353 402/459/2 386/442/2
f 402/443/2 418/460/2 419/461/368
f 402/443/2 419/461/368 403/444/354
f 403/444/354 419/461/368 420/462/369
f 403/444/354 420/462/369 404/445/355
f 404/445/355 420/462/369 421/463/370
f 404/445/355 421/463/370 405/446/356
f 405/446/356 421/463/370 422/464/371
f 405/446/356 422/464/371 406/447/357
f 406/447/357 422/464/371 423/465/372
f 406/447/357 423/465/372 407/448/358
f 407/448/358 423/465/372 424/466/373
f 407/448/358 424/466/373 408/449/359
f 408/449/359 424/466/373 425/467/374
f 408/449/359 425/467/374 409/450/360
f 409/450/360 425/467/374 426/468/17
f 409/450/360 426/468/17 410/451/17
f 410/451/17 426/468/17 427/469/375
f 410/451/17 427/469/375 411/452/361
f 411/452/361 427/469/375 428/470/376
f 411/452/361 428/470/376 412/453/362
f 412/453/362 428/470/376 429/471/377
f 412/453/362 429/471/377 413/454/363
f 413/454/363 429/471/377 430/472/378
f 413/454/363 430/472/378 414/455/364
f 414/455/364 430/472/378 431/473/379
f 414/455/364 431/473/379 415/456/365
f 415/456/365 431/473/379 432/474/380
f 415/456/365 432/474/380 416/457/366
f 416/457/366 432/474/380 433/475/381
f 416/457/366 433/475/381 417/458/367
f 417/458/367 433/475/381 418/476/2
f 417/458/367 418/476/2 402/459/2
f 418/460/2 434/477/2 435/478/382
f 418/460/2 435/478/382 419/461/368
f 419/461/368 435/478/382 436/479/383
f 419/461/368 436/479/383 420/462/369
f 420/462/369 436/479/383 437/480/384
f 420/462/369 437/480/384 421/463/370
f 421/463/370 437/480/384 438/481/385
f 421/463/370 438/481/385 422/464/371
f 422/464/371 438/481/385 439/482/386
f 422/464/371 439/482/386 423/465/372
f 423/465/372 439/482/386 440/483/387
f 423/465/372 440/483/387 424/466/373
f 424/466/373 440/483/387 441/484/388
f 424/466/373 441/484/388 425/467/374
f 425/467/374 441/484/388 442/485/17
f 425/467/374 442/485/17 426/468/17
f 426/468/17 442/485/17 443/486/389
f 426/468/17 443/486/389 427/469/375
f 427/469/375 443/486/389 444/487/390
f 427/469/375 444/487/390 428/470/376
f 428/470/376 444/487/390 445/488/391
f 428/470/376 445/488/391 429/471/377
f 429/471/377 445/488/391 446/489/392
f 429/471/377 446/489/392 430/472/378
f 430/472/378 446/489/392 447/490/393
f 430/472/378 447/490/393 431/473/379
f 431/473/379 447/490/393 448/491/394
f 431/473/379 448/491/394 432/474/380
f 432/474/380 448/491/394 449/492/395
f 432/474/380 449/492/395 433/475/381
f 433/475/381 449/492/395 434/493/2
f 433/475/381 434/493/2 418/476/2
f 434/477/2 450/494/2 451/495/396
f 434/477/2 451/495/396 435/478/382
f 435/478/382 451/495/396 452/496/397
f 435/478/382 452/496/397 436/479/383
f 436/479/383 452/496/397 453/497/398
f 436/479/383 453/497/398 437/480/384
f 437/480/384 453/497/398 454/498/399
f 437/480/384 454/498/399 438/481/385
f 438/481/385 454/498/399 455/499/400
f 438/481/385 455/499/400 439/482/386
f 439/482/386 455/499/400 456/500/401
f 439/482/386 456/500/401 440/483/387
f 440/483/387 456/500/401 457/501/402
f 440/483/387 457/501/402 441/484/388
f 441/484/388 457/501/402 458/502/17
f 441/484/388 458/502/17 442/485/17
f 442/485/17 458/502/17 459/503/403
f 442/485/17 459/503/403 443/486/389
f 443/486/389 459/503/403 460/504/404
f 443/486/389 460/504/404 444/487/390
f 444/487/390 460/504/404 461/505/405
f 444/487/390 461/505/405 445/488/391
f 445/488/391 461/505/405 462/506/406
f 445/488/391 462/506/406 446/489/392
f 446/489/392 462/506/406 463/507/407
f 446/489/392 463/507/407 447/490/393
f 447/490/393 463/507/407 464/508/408
f 447/490/393 464/508/408 448/491/394
f 448/491/394 464/508/408 465/509/409
f 448/491/394 465/509/409 449/492/395
f 449/492/395 465/509/409 450/510/2
f 449/492/395 450/510/2 434/493/2
f 450/494/2 466/511/2 467/512/410
f 450/494/2 467/512/410 451/495/396
f 451/495/396 467/512/410 468/513/411
f 451/495/396 468/513/411 452/496/397
f 452/496/397 468/513/411 469/514/412
f 452/496/397 469/514/412 453/497/398
f 453/497/398 469/514/412 470/515/413
f 453/497/398 470/515/413 454/498/399
f 454/498/399 470/515/413 471/516/414
f 454/498/399 471/516/414 455/499/400
f 455/499/400 471/516/414 472/517/415
f 455/499/400 472/517/415 456/500/401
f 456/500/401 472/517/415 473/518/416
f 456/500/401 473/518/416 457/501/402
f 457/501/402 473/518/416 474/519/17
f 457/501/402 474/519/17 458/502/17
f 458/502/17 474/519/17 475/520/417
f 458/502/17 475/520/417 459/503/403
f 459/503/403 475/520/417 476/521/418
f 459/503/403 476/521/418 460/504/404
f 460/504/404 476/521/418 477/522/419
f 460/504/404 477/522/419 461/505/405
f 461/505/405 477/522/419 478/523/420
f 461/505/405 478/523/420 462/506/406
f 462/506/406 478/523/420 479/524/421
f 462/506/406 479/524/421 463/507/407
f 463/507/407 479/524/421 480/525/422
f 463/507/407 480/525/422 464/508/408
f 464/508/408 480/525/422 481/526/423
f 464/508/408 481/526/423 465/509/409
f 465/509/409 481/526/423 466/527/2
f 465/509/409 466/527/2 450/510/2
f 466/511/2 482/528/2 483/529/424
f 466/511/2 483/529/424 467/512/410
f 467/512/410 483/529/424 484/530/425
f 467/512/410 484/530/425 468/513/411
f 468/513/411 484/530/425 485/531/426
f 468/513/411 485/531/426 469/514/412
f 469/514/412 485/531/426 486/532/427
f 469/514/412 486/532/427 470/515/413
f 470/515/413 486/532/427 487/533/428
f 470/515/413 487/533/428 471/516/414
f 471/516/414 487/533/428 488/534/429
f 471/516/414 488/534/429 472/517/415
f 472/517/415 488/534/429 489/535/430
f 472/517/415 489/535/430 473/518/416
f 473/518/416 489/535/430 490/536/17
f 473/518/416 490/536/17 474/519/17
f 474/519/17 490/536/17 491/537/431
f 474/519/17 491/537/431 475/520/417
f 475/520/417 491/537/431 492/538/432
f 475/520/417 492/538/432 476/521/418
f 476/521/418 492/538/432 493/539/433
f 476/521/418 493/539/433 477/522/419
f 477/522/419 493/539/433 494/540/434
f 477/522/419 494/540/434 478/523/420
f 478/523/420 494/540/434 495/541/435
f 478/523/420 495/541/435 479/524/421
f 479/524/421 495/541/435 496/542/436
f 479/524/421 496/542/436 480/525/422
f 480/525/422 496/542/436 497/543/437
f 480/525/422 497/543/437 481/526/423
f 481/526/423 497/543/437 482/544/2
f 481/526/423 482/544/2 466/527/2
f 482/528/2 498/545/2 499/546/438
f 482/528/2 499/546/438 483/529/424
f 483/529/424 499/546/438 500/547/439
f 483/529/424 500/547/439 484/530/425
f 484/530/425 500/547/439 501/548/440
f 484/530/425 501/548/440 485/531/426
f 485/531/426 501/548/440 502/549/441
f 485/531/426 502/549/441 486/532/427
f 486/532/427 502/549/441 503/550/442
f 486/532/427 503/550/442 487/533/428
f 487/533/428 503/550/442 504/551/443
f 487/533/428 504/551/443 488/534/429
f 488/534/429 504/551/443 505/552/444
f 488/534/429 505/552/444 489/535/430
f 489/535/430 505/552/444 506/553/17
f 489/535/430 506/553/17 490/536/17
f 490/536/17 506/553/17 507/554/445
f 490/536/17 507/554/445 491/537/431
f 491/537/431 507/554/445 508/555/446
f 491/537/431 508/555/446 492/538/432
f 492/538/432 508/555/446 509/556/447
f 492/538/432 509/556/447 493/539/433
f 493/539/433 509/556/447 510/557/448
f 493/539/433 510/557/448 494/540/434
f 494/540/434 510/557/448 511/558/449
f 494/540/434 511/558/449 495/541/435
f 495/541/435 511/558/449 512/559/450
f 495/541/435 512/559/450 496/542/436
f 496/542/436 512/559/450 513/560/451
f 496/542/436 513/560/451 497/543/437
f 497/543/437 513/560/451 498/561/2
f 497/543/437 498/561/2 482/544/2
f 498/545/2 514/562/2 515/563/452
f 498/545/2 515/563/452 499/546/438
f 499/546/438 515/563/452 516/564/453
f 499/546/438 516/564/453 500/547/439
f 500/547/439 516/564/453 517/565/454
f 500/547/439 517/565/454 501/548/440
f 501/548/440 517/565/454 518/566/455
f 501/548/440 518/566/455 502/549/441
f 502/549/441 518/566/455 519/567/456
f 502/549/441 519/567/456 503/550/442
f 503/550/442 519/567/456 520/568/457
f 503/550/442 520/568/457 504/551/443
f 504/551/443 520/568/457 521/569/458
f 504/551/443 521/569/458 505/552/444
f 505/552/444 521/569/458 522/570/17
f 505/552/444 522/570/17 506/553/17
f 506/553/17 522/570/17 523/571/459
f 506/553/17 523/571/459 507/554/445
f 507/554/445 523/571/459 524/572/460
f 507/554/445 524/572/460 508/555/446
f 508/555/446 524/572/460 525/573/461
f 508/555/446 525/573/461 509/556/447
f 509/556/447 525/573/461 526/574/462
f 509/556/447 526/574/462 510/557/448
f 510/557/448 526/574/462 527/575/463
f 510/557/448 527/575/463 511/558/449
f 511/558/449 527/575/463 528/576/464
f 511/558/449 528/576/464 512/559/450
f 512/559/450 528/576/464 529/577/465
f 512/559/450 529/577/465 513/560/451
f 513/560/451 529/577/465 514/578/2
f 513/560/451 514/578/2 498/561/2
f 514/562/2 530/579/2 531/580/466
f 514/562/2 531/580/466 515/563/452
f 515/563/452 531/580/466 532/581/467
f 515/563/452 532/581/467 516/564/453
f 516/564/453 532/581/467 533/582/468
f 516/564/453 533/582/468 517/565/454
f 517/565/454 533/582/468 534/583/469
f 517/565/454 534/583/469 518/566/455
f 518/566/455 534/583/469 535/584/470
f 518/566/455 535/584/470 519/567/456
f 519/567/456 535/584/470 536/585/471
f 519/567/456 536/585/471 520/568/457
f 520/568/457 536/585/471 537/586/472
f 520/568/457 537/586/472 521/569/458
f 521/569/458 537/586/472 538/587/17
f 521/569/458 538/587/17 522/570/17
f 522/570/17 538/587/17 539/588/473
f 522/570/17 539/588/473 523/571/459
f 523/571/459 539/588/473 540/589/474
f 523/571/459 540/589/474 524/572/460
f 524/572/460 540/589/474 541/590/475
f 524/572/460 541/590/475 525/573/461
f 525/573/461 541/590/475 542/591/476
f 525/573/461 542/591/476 526/574/462
f 526/574/462 542/591/476 543/592/477
f 526/574/462 543/592/477 527/575/463
f 527/575/463 543/592/477 544/593/478
f 527/575/463 544/593/478 528/576/464
f 528/576/464 544/593/478 545/594/479
f 528/576/464 545/594/479 529/577/465
f 529/577/465 545/594/479 530/595/2
f 529/577/465 530/595/2 514/578/2
f 530/579/2 546/596/2 547/597/480
f 530/579/2 547/597/480 531/580/466
f 531/580/466 547/597/480 548/598/481
f 531/580/466 548/598/481 532/581/467
f 532/581/467 548/598/481 549/599/482
f 532/581/467 549/599/482 533/582/468
f 533/582/468 549/599/482 550/600/483
f 533/582/468 550/600/483 534/583/469
f 534/583/469 550/600/483 551/601/484
f 534/583/469 551/601/484 535/584/470
f 535/584/470 551/601/484 552/602/485
f 535/584/470 552/602/485 536/585/471
f 536/585/471 552/602/485 553/603/486
f 536/585/471 553/603/486 537/586/472
f 537/586/472 553/603/486 554/604/17
f 537/586/472 554/604/17 538/587/17
f 538/587/17 554/604/17 555/605/487
f 538/587/17 555/605/487 539/588/473
f 539/588/473 555/605/487 556/606/488
f 539/588/473 556/606/488 540/589/474
f 540/589/474 556/606/488 557/607/489
f 540/589/474 557/607/489 541/590/475
f 541/590/475 557/607/489 558/608/490
f 541/590/475 558/608/490 542/591/476
f 542/591/476 558/608/490 559/609/491
f 542/591/476 559/609/491 543/592/477
f 543/592/477 559/609/491 560/610/492
f 543/592/477 560/610/492 544/593/478
f 544/593/478 560/610/492 561/611/493
f 544/593/478 561/611/493 545/594/479
f 545/594/479 561/611/493 546/612/2
f 545/594/479 546/612/2 530/595/2
f 546/596/2 562/613/2 563/614/494
f 546/596/2 563/614/494 547/597/480
f 547/597/480 563/614/494 564/615/495
f 547/597/480 564/615/495 548/598/481
f 548/598/481 564/615/495 565/616/496
f 548/598/481 565/616/496 549/599/482
f 549/599/482 565/616/496 566/617/497
f 549/599/482 566/617/497 550/600/483
f 550/600/483 566/617/497 567/618/498
f 550/600/483 567/618/498 551/601/484
f 551/601/484 567/618/498 568/619/499
f 551/601/484 568/619/499 552/602/485
f 552/602/485 568/619/499 569/620/500
f 552/602/485 569/620/500 553/603/486
f 553/603/486 569/620/500 570/621/17
f 553/603/486 570/621/17 554/604/17
f 554/604/17 570/621/17 571/622/501
f 554/604/17 571/622/501 555/605/487
f 555/605/487 571/622/501 572/623/502
f 555/605/487 572/623/502 556/606/488
f 556/606/488 572/623/502 573/624/503
f 556/606/488 573/624/503 557/607/489
f 557/607/489 573/624/503 574/625/504
f 557/607/489 574/625/504 558/608/490
f 558/608/490 574/625/504 575/626/505
f 558/608/490 575/626/505 559/609/491
f 559/609/491 575/626/505 576/627/506
f 559/609/491 576/627/506 560/610/492
f 560/610/492 576/627/506 577/628/507
f 560/610/492 577/628/507 561/611/493
f 561/611/493 577/628/507 562/629/2
f 561/611/493 562/629/2 546/612/2
f 562/613/2 578/630/2 579/631/508
f 562/613/2 579/631/508 563/614/494
f 563/614/494 579/631/508 580/632/509
f 563/614/494 580/632/509 564/615/495
f 564/615/495 580/632/509 581/633/510
f 564/615/495 581/633/510 565/616/496
f 565/616/496 581/633/510 582/634/511
f 565/616/496 582/634/511 566/617/497
f 566/617/497 582/634/511 583/635/512
f 566/617/497 583/635/512 567/618/498
f 567/618/498 583/635/512 584/636/513
f 567/618/498 584/636/513 568/619/499
f 568/619/499 584/636/513 585/637/514
f 568/619/499 585/637/514 569/620/500
f 569/620/500 585/637/514 586/638/17
f 569/620/500 586/638/17 570/621/17
f 570/621/17 586/638/17 587/639/515
f 570/621/17 587/639/515 571/622/501
f 571/622/501 587/639/515 588/640/516
f 571/622/501 588/640/516 572/623/502
f 572/623/502 588/640/516 589/641/517
f 572/623/502 589/641/517 573/624/503
f 573/624/503 589/641/517 590/642/518
f 573/624/503 590/642/518 574/625/504
f 574/625/504 590/642/518 591/643/519
f 574/625/504 591/643/519 575/626/505
f 575/626/505 591/643/519 592/644/520
f 575/626/505 592/644/520 576/627/506
f 576/627/506 592/644/520 593/645/521
f 576/627/506 593/645/521 577/628/507
f 577/628/507 593/645/521 578/646/2
f 577/628/507 578/646/2 562/629/2
f 578/630/2 594/647/2 595/648/522
f 578/630/2 595/648/522 579/631/508
f 579/631/508 595/648/522 596/649/523
f 579/631/508 596/649/523 580/632/509
f 580/632/509 596/649/523 597/650/524
f 580/632/509 597/650/524 581/633/510
f 581/633/510 597/650/524 598/651/525
f 581/633/510 598/651/525 582/634/511
f 582/634/511 598/651/525 599/652/526
f 582/634/511 599/652/526 583/635/512
f 583/635/512 599/652/526 600/653/527
f 583/635/512 600/653/527 584/636/513
f 584/636/513 600/653/527 601/654/528
f 584/636/513 601/654/528 585/637/514
f 585/637/514 601/654/528 602/655/17
f 585/637/514 602/655/17 586/638/17
f 586/638/17 602/655/17 603/656/529
f 586/638/17 603/656/529 587/639/515
f 587/639/515 603/656/529 604/657/530
f 587/639/515 604/657/530 588/640/516
f 588/640/516 604/657/530 605/658/531
f 588/640/516 605/658/531 589/641/517
f 589/641/517 605/658/531 606/659/532
f 589/641/517 606/659/532 590/642/518
f 590/642/518 606/659/532 607/660/533
f 590/642/518 607/660/533 591/643/519
f 591/643/519 607/660/533 608/661/534
f 591/643/519 608/661/534 592/644/520
f 592/644/520 608/661/534 609/662/535
f 592/644/520 609/662/535 593/645/521
f 593/645/521 609/662/535 594/663/2
f 593/645/521 594/663/2 578/646/2
f 594/647/2 610/664/2 611/665/536
f 594/647/2 611/665/536 595/648/522
f 595/648/522 611/665/536 612/666/537
f 595/648/522 612/666/537 596/649/523
f 596/649/523 612/666/537 613/667/538
f 596/649/523 613/667/538 597/650/524
f 597/650/524 613/667/538 614/668/539
f 597/650/524 614/668/539 598/651/525
f 598/651/525 614/668/539 615/669/540
f 598/651/525 615/669/540 599/652/526
f 599/652/526 615/669/540 616/670/541
f 599/652/526 616/670/541 600/653/527
f 600/653/527 616/670/541 617/671/542
f 600/653/527 617/671/542 601/654/528
f 601/654/528 617/671/542 618/672/17
f 601/654/528 618/672/17 602/655/17
f 602/655/17 618/672/17 619/673/543
f 602/655/17 619/673/543 603/656/529
f 603/656/529 619/673/543 620/674/544
f 603/656/529 620/674/544 604/657/530
f 604/657/530 620/674/544 621/675/545
f 604/657/530 621/675/545 605/658/531
f 605/658/531 621/675/545 622/676/546
f 605/658/531 622/676/546 606/659/532
f 606/659/532 622/676/546 623/677/547
f 606/659/532 623/677/547 607/660/533
f 607/660/533 623/677/547 624/678/548
f 607/660/533 624/678/548 608/661/534
f 608/661/534 624/678/548 625/679/549
f 608/661/534 625/679/549 609/662/535
f 609/662/535 625/679/549 610/680/2
f 609/662/535 610/680/2 594/663/2
f 610/664/2 626/681/2 627/682/550
f 610/664/2 627/682/550 611/665/536
f 611/665/536 627/682/550 628/683/551
f 611/665/536 628/683/551 612/666/537
f 612/666/537 628/683/551 629/684/552
f 612/666/537 629/684/552 613/667/538
f 613/667/538 629/684/552 630/685/553
f 613/667/538 630/685/553 614/668/539
f 614/668/539 630/685/553 631/686/554
f 614/668/539 631/686/554 615/669/540
f 615/669/540 631/686/554 632/687/555
f 615/669/540 632/687/555 616/670/541
f 616/670/541 632/687/555 633/688/556
f 616/670/541 633/688/556 617/671/542
f 617/671/542 633/688/556 634/689/17
f 617/671/542 634/689/17 618/672/17
f 618/672/17 634/689/17 635/690/557
f 618/672/17 635/690/557 619/673/543
f 619/673/543 635/690/557 636/691/558
f 619/673/543 636/691/558 620/674/544
f 620/674/544 636/691/558 637/692/559
f 620/674/544 637/692/559 621/675/545
f 621/675/545 637/692/559 638/693/560
f 621/675/545 638/693/560 622/676/546
f 622/676/546 638/693/560 639/694/561
f 622/676/546 639/694/561 623/677/547
f 623/677/547 639/694/561 640/695/562
f 623/677/547 640/695/562 624/678/548
f 624/678/548 640/695/562 641/696/563
f 624/678/548 641/696/563 625/679/549
f 625/679/549 641/696/563 626/697/2
f 625/679/549 626/697/2 610/680/2
f 626/681/2 642/698/2 643/699/564
f 626/681/2 643/699/564 627/682/550
f 627/682/550 643/699/564 644/700/565
f 627/682/550 644/700/565 628/683/551
f 628/683/551 644/700/565 645/701/566
f 628/683/551 645/701/566 629/684/552
f 629/684/552 645/701/566 646/702/567
f 629/684/552 646/702/567 630/685/553
f 630/685/553 646/702/567 647/703/568
f 630/685/553 647/703/568 631/686/554
f 631/686/554 647/703/568 648/704/569
f 631/686/554 648/704/569 632/687/555
f 632/687/555 648/704/569 649/705/570
f 632/687/555 649/705/570 633/688/556
f 633/688/556 649/705/570 650/706/17
f 633/688/556 650/706/17 634/689/17
f 634/689/17 650/706/17 651/707/571
f 634/689/17 651/707/571 635/690/557
f 635/690/557 651/707/571 652/708/572
f 635/690/557 652/708/572 636/691/558
f 636/691/558 652/708/572 653/709/573
f 636/691/558 653/709/573 637/692/559
f 637/692/559 653/709/573 654/710/574
f 637/692/559 654/710/574 638/693/560
f 638/693/560 654/710/574 655/711/575
f 638/693/560 655/711/575 639/694/561
f 639/694/561 655/711/575 656/712/576
f 639/694/561 656/712/576 640/695/562
f 640/695/562 656/712/576 657/713/577
f 640/695/562 657/713/577 641/696/563
f 641/696/563 657/713/577 642/714/2
f 641/696/563 642/714/2 626/697/2
f 642/698/2 658/715/2 659/716/578
f 642/698/2 659/716/578 643/699/564
f 643/699/564 659/716/578 660/717/579
f 643/699/564 660/717/579 644/700/565
f 644/700/565 660/717/579 661/718/580
f 644/700/565 661/718/580 645/701/566
f 645/701/566 661/718/580 662/719/581
f 645/701/566 662/719/581 646/702/567
f 646/702/567 662/719/581 663/720/582
f 646/702/567 663/720/582 647/703/568
f 647/703/568 663/720/582 664/721/583
f 647/703/568 664/721/583 648/704/569
f 648/704/569 664/721/583 665/722/584
f 648/704/569 665/722/584 649/705/570
f 649/705/570 665/722/584 666/723/17
f 649/705/570 666/723/17 650/706/17
f 650/706/17 666/723/17 667/724/585
f 650/706/17 667/724/585 651/707/571
f 651/707/571 667/724/585 668/725/586
f 651/707/571 668/725/586 652/708/572
f 652/708/572 668/725/586 669/726/587
f 652/708/572 669/726/587 653/709/573
f 653/709/573 669/726/587 670/727/588
f 653/709/573 670/727/588 654/710/574
f 654/710/574 670/727/588 671/728/589
f 654/710/574 671/728/589 655/711/575
f 655/711/575 671/728/589 672/729/590
f 655/711/575 672/729/590 656/712/576
f 656/712/576 672/729/590 673/730/591
f 656/712/576 673/730/591 657/713/577
f 657/713/577 673/730/591 658/731/2
f 657/713/577 658/731/2 642/714/2
f 658/715/2 674/732/2 675/733/592
f 658/715/2 675/733/592 659/716/578
f 659/716/578 675/733/592 676/734/593
f 659/716/578 676/734/593 660/717/579
f 660/717/579 676/734/593 677/735/594
f 660/717/579 677/735/594 661/718/580
f 661/718/580 677/735/594 678/736/595
f 661/718/580 678/736/595 662/719/581
f 662/719/581 678/736/595 679/737/596
f 662/719/581 679/737/596 663/720/582
f 663/720/582 679/737/596 680/738/597
f 663/720/582 680/738/597 664/721/583
f 664/721/583 680/738/597 681/739/598
f 664/721/583 681/739/598 665/722/584
f 665/722/584 681/739/598 682/740/17
f 665/722/584 682/740/17 666/723/17
f 666/723/17 682/740/17 683/741/599
f 666/723/17 683/741/599 667/724/585
f 667/724/585 683/741/599 684/742/600
f 667/724/585 684/742/600 668/725/586
f 668/725/586 684/742/600 685/743/601
f 668/725/586 685/743/601 669/726/587
f 669/726/587 685/743/601 686/744/602
f 669/726/587 686/744/602 670/727/588
f 670/727/588 686/744/602 687/745/603
f 670/727/588 687/745/603 671/728/589
f 671/728/589 687/745/603 688/746/604
f 671/728/589 688/746/604 672/729/590
f 672/729/590 688/746/604 689/747/605
f 672/729/590 689/747/605 673/730/591
f 673/730/591 689/747/605 674/748/2
f 673/730/591 674/748/2 658/731/2
f 674/732/2 690/749/2 691/750/606
f 674/732/2 691/750/606 675/733/592
f 675/733/592 691/750/606 692/751/607
f 675/733/592 692/751/607 676/734/593
f 676/734/593 692/751/607 693/752/608
f 676/734/593 693/752/608 677/735/594
f 677/735/594 693/752/608 694/753/609
f 677/735/594 694/753/609 678/736/595
f 678/736/595 694/753/609 695/754/610
f 678/736/595 695/754/610 679/737/596
f 679/737/596 695/754/610 696/755/611
f 679/737/596 696/755/611 680/738/597
f 680/738/597 696/755/611 697/756/612
f 680/738/597 697/756/612 681/739/598
f 681/739/598 697/756/612 698/757/17
f 681/739/598 698/757/17 682/740/17
f 682/740/17 698/757/17 699/758/613
f 682/740/17 699/758/613 683/741/599
f 683/741/599 699/758/613 700/759/614
f 683/741/599 700/759/614 684/742/600
f 684/742/600 700/759/614 701/760/615
f 684/742/600 701/760/615 685/743/601
f 685/743/601 701/760/615 702/761/616
f 685/743/601 702/761/616 686/744/602
f 686/744/602 702/761/616 703/762/617
f 686/744/602 703/762/617 687/745/603
f 687/745/603 703/762/617 704/763/618
f 687/745/603 704/763/618 688/746/604
f 688/746/604 704/763/618 705/764/619
f 688/746/604 705/764/619 689/747/605
f 689/747/605 705/764/619 690/765/2
f 689/747/605 690/765/2 674/748/2
f 690/749/2 706/766/2 707/767/620
f 690/749/2 707/767/620 691/750/606
f 691/750/606 707/767/620 708/768/621
f 691/750/606 708/768/621 692/751/607
f 692/751/607 708/768/621 709/769/622
f 692/751/607 709/769/622 693/752/608
f 693/752/608 709/769/622 710/770/623
f 693/752/608 710/770/623 694/753/609
f 694/753/609 710/770/623 711/771/624
f 694/753/609 711/771/624 695/754/610
f 695/754/610 711/771/624 712/772/625
f 695/754/610 712/772/625 696/755/611
f 696/755/611 712/772/625 713/773/626
f 696/755/611 713/773/626 697/756/612
f 697/756/612 713/773/626 714/774/17
f 697/756/612 714/774/17 698/757/17
f 698/757/17 714/774/17 715/775/627
f 698/757/17 715/775/627 699/758/613
f 699/758/613 715/775/627 716/776/628
f 699/758/613 716/776/628 700/759/614
f 700/759/614 716/776/628 717/777/629
f 700/759/614 717/777/629 701/760/615
f 701/760/615 717/777/629 718/778/630
f 701/760/615 718/778/630 702/761/616
f 702/761/616 718/778/630 719/779/631
f 702/761/616 719/779/631 703/762/617
f 703/762/617 719/779/631 720/780/632
f 703/762/617 720/780/632 704/763/618
f 704/763/618 720/780/632 721/781/633
f 704/763/618 721/781/633 705/764/619
f 705/764/619 721/781/633 706/782/2
f 705/764/619 706/782/2 690/765/2
f 706/766/2 722/783/2 723/784/634
f 706/766/2 723/784/634 707/767/620
f 707/767/620 723/784/634 724/785/635
f 707/767/620 724/785/635 708/768/621
f 708/768/621 724/785/635 725/786/636
f 708/768/621 725/786/636 709/769/622
f 709/769/622 725/786/636 726/787/637
f 709/769/622 726/787/637 710/770/623
f 710/770/623 726/787/637 727/788/638
f 710/770/623 727/788/638 711/771/624
f 711/771/624 727/788/638 728/789/639
f 711/771/624 728/789/639 712/772/625
f 712/772/625 728/789/639 729/790/640
f 712/772/625 729/790/640 713/773/626
f 713/773/626 729/790/640 730/791/17
f 713/773/626 730/791/17 714/774/17
f 714/774/17 730/791/17 731/792/641
f 714/774/17 731/792/641 715/775/627
f 715/775/627 731/792/641 732/793/642
f 715/775/627 732/793/642 716/776/628
f 716/776/628 732/793/642 733/794/643
f 716/776/628 733/794/643 717/777/629
f 717/777/629 733/794/643 734/795/644
f 717/777/629 734/795/644 718/778/630
f 718/778/630 734/795/644 735/796/645
f 718/778/630 735/796/645 719/779/631
f 719/779/631 735/796/645 736/797/646
f 719/779/631 736/797/646 720/780/632
f 720/780/632 736/797/646 737/798/647
f 720/780/632 737/798/647 721/781/633
f 721/781/633 737/798/647 722/799/2
f 721/781/633 722/799/2 706/782/2
f 722/783/2 738/800/2 739/801/648
f 722/783/2 739/801/648 723/784/634
f 723/784/634 739/801/648 740/802/649
f 723/784/634 740/802/649 724/785/635
f 724/785/635 740/802/649 741/803/650
f 724/785/635 741/803/650 725/786/636
f 725/786/636 741/803/650 742/804/651
f 725/786/636 742/804/651 726/787/637
f 726/787/637 742/804/651 743/805/652
f 726/787/637 743/805/652 727/788/638
f 727/788/638 743/805/652 744/806/653
f 727/788/638 744/806/653 728/789/639
f 728/789/639 744/806/653 745/807/654
f 728/789/639 745/807/654 729/790/640
f 729/790/640 745/807/654 746/808/17
f 729/790/640 746/808/17 730/791/17
f 730/791/17 746/808/17 747/809/655
f 730/791/17 747/809/655 731/792/641
f 731/792/641 747/809/655 748/810/656
f 731/792/641 748/810/656 732/793/642
f 732/793/642 748/810/656 749/811/657
f 732/793/642 749/811/657 733/794/643
f 733/794/643 749/811/657 750/812/658
f 733/794/643 750/812/658 734/795/644
f 734/795/644 750/812/658 751/813/659
f 734/795/644 751/813/659 735/796/645
f 735/796/645 751/813/659 752/814/660
f 735/796/645 752/814/660 736/797/646
f 736/797/646 752/814/660 753/815/661
f 736/797/646 753/815/661 737/798/647
f 737/798/647 753/815/661 738/816/2
f 737/798/647 738/816/2 722/799/2
f 738/800/2 754/817/2 755/818/662
f 738/800/2 755/818/662 739/801/648
f 739/801/648 755/818/662 756/819/663
f 739/801/648 756/819/663 740/802/649
f 740/802/649 756/819/663 757/820/664
f 740/802/649 757/820/664 741/803/650
f 741/803/650 757/820/664 758/821/665
f 741/803/650 758/821/665 742/804/651
f 742/804/651 758/821/665 759/822/666
f 742/804/651 759/822/666 743/805/652
f 743/805/652 759/822/666 760/823/667
f 743/805/652 760/823/667 744/806/653
f 744/806/653 760/823/667 761/824/668
f 744/806/653 761/824/668 745/807/654
f 745/807/654 761/824/668 762/825/17
f 745/807/654 762/825/17 746/808/17
f 746/808/17 762/825/17 763/826/669
f 746/808/17 763/826/669 747/809/655
f 747/809/655 763/826/669 764/827/670
f 747/809/655 764/827/670 748/810/656
f 748/810/656 764/827/670 765/828/671
f 748/810/656 765/828/671 749/811/657
f 749/811/657 765/828/671 766/829/672
f 749/811/657 766/829/672 750/812/658
f 750/812/658 766/829/672 767/830/673
f 750/812/658 767/830/673 751/813/659
f 751/813/659 767/830/673 768/831/674
f 751/813/659 768/831/674 752/814/660
f 752/814/660 768/831/674 769/832/675
f 752/814/660 769/832/675 753/815/661
f 753/815/661 769/832/675 754/833/2
f 753/815/661 754/833/2 738/816/2
f 754/817/2 770/834/2 771/835/676
f 754/817/2 771/835/676 755/818/662
f 755/818/662 771/835/676 772/836/677
f 755/818/662 772/836/677 756/819/663
f 756/819/663 772/836/677 773/837/678
f 756/819/663 773/837/678 757/820/664
f 757/820/664 773/837/678 774/838/679
f 757/820/664 774/838/679 758/821/665
f 758/821/665 774/838/679 775/839/680
f 758/821/665 775/839/680 759/822/666
f 759/822/666 775/839/680 776/840/681
f 759/822/666 776/840/681 760/823/667
f 760/823/667 776/840/681 777/841/682
f 760/823/667 777/841/682 761/824/668
f 761/824/668 777/841/682 778/842/17
f 761/824/668 778/842/17 762/825/17
f 762/825/17 778/842/17 779/843/683
f 762/825/17 779/843/683 763/826/669
f 763/826/669 779/843/683 780/844/684
f 763/826/669 780/844/684 764/827/670
f 764/827/670 780/844/684 781/845/685
f 764/827/670 781/845/685 765/828/671
f 765/828/671 781/845/685 782/846/686
f 765/828/671 782/846/686 766/829/672
f 766/829/672 782/846/686 783/847/687
f 766/829/672 783/847/687 767/830/673
f 767/830/673 783/847/687 784/848/688
f 767/830/673 784/848/688 768/831/674
f 768/831/674 784/848/688 785/849/689
f 768/831/674 785/849/689 769/832/675
f 769/832/675 785/849/689 770/850/2
f 769/832/675 770/850/2 754/833/2
f 770/834/2 786/851/2 787/852/690
f 770/834/2 787/852/690 771/835/676
f 771/835/676 787/852/690 788/853/691
f 771/835/676 788/853/691 772/836/677
f 772/836/677 788/853/691 789/854/692
f 772/836/677 789/854/692 773/837/678
f 773/837/678 789/854/692 790/855/693
f 773/837/678 790/855/693 774/838/679
f 774/838/679 790/855/693 791/856/694
f 774/838/679 791/856/694 775/839/680
f 775/839/680 791/856/694 792/857/695
f 775/839/680 792/857/695 776/840/681
f 776/840/681 792/857/695 793/858/696
f 776/840/681 793/858/696 777/841/682
f 777/841/682 793/858/696 794/859/17
f 777/841/682 794/859/17 778/842/17
f 778/842/17 794/859/17 795/860/697
f 778/842/17 795/860/697 779/843/683
f 779/843/683 795/860/697 796/861/698
f 779/843/683 796/861/698 780/844/684
f 780/844/684 796/861/698 797/862/699
f 780/844/684 797/862/699 781/845/685
f 781/845/685 797/862/699 798/863/700
f 781/845/685 798/863/700 782/846/686
f 782/846/686 798/863/700 799/864/701
f 782/846/686 799/864/701 783/847/687
f 783/847/687 799/864/701 800/865/702
f 783/847/687 800/865/702 784/848/688
f 784/848/688 800/865/702 801/866/703
f 784/848/688 801/866/703 785/849/689
f 785/849/689 801/866/703 786/867/2
f 785/849/689 786/867/2 770/850/2
f 786/851/2 802/868/2 803/869/704
f 786/851/2 803/869/704 787/852/690
f 787/852/690 803/869/704 804/870/705
f 787/852/690 804/870/705 788/853/691
f 788/853/691 804/870/705 805/871/706
f 788/853/691 805/871/706 789/854/692
f 789/854/692 805/871/706 806/872/707
f 789/854/692 806/872/707 790/855/693
f 790/855/693 806/872/707 807/873/708
f 790/855/693 807/873/708 791/856/694
f 791/856/694 807/873/708 808/874/709
f 791/856/694 808/874/709 792/857/695
f 792/857/695 808/874/709 809/875/710
f 792/857/695 809/875/710 793/858/696
f 793/858/696 809/875/710 810/876/17
f 793/858/696 810/876/17 794/859/17
f 794/859/17 810/876/17 811/877/711
f 794/859/17 811/877/711 795/860/697
f 795/860/697 811/877/711 812/878/712
f 795/860/697 812/878/712 796/861/698
f 796/861/698 812/878/712 813/879/713
f 796/861/698 813/879/713 797/862/699
f 797/862/699 813/879/713 814/880/714
f 797/862/699 814/880/714 798/863/700
f 798/863/700 814/880/714 815/881/715
f 798/863/700 815/881/715 799/864/701
f 799/864/701 815/881/715 816/882/716
f 799/864/701 816/882/716 800/865/702
f 800/865/702 816/882/716 817/883/717
f 800/865/702 817/883/717 801/866/703
f 801/866/703 817/883/717 802/884/2
f 801/866/703 802/884/2 786/867/2
f 802/868/2 818/885/2 819/886/718
f 802/868/2 819/886/718 803/869/704
f 803/869/704 819/886/718 820/887/719
f 803/869/704 820/887/719 804/870/705
f 804/870/705 820/887/719 821/888/720
f 804/870/705 821/888/720 805/871/706
f 805/871/706 821/888/720 822/889/721
f 805/871/706 822/889/721 806/872/707
f 806/872/707 822/889/721 823/890/722
f 806/872/707 823/890/722 807/873/708
f 807/873/708 823/890/722 824/891/723
f 807/873/708 824/891/723 808/874/709
f 808/874/709 824/891/723 825/892/724
f 808/874/709 825/892/724 809/875/710
f 809/875/710 825/892/724 826/893/17
f 809/875/710 826/893/17 810/876/17
f 810/876/17 826/893/17 827/894/725
f 810/876/17 827/894/725 811/877/711
f 811/877/711 827/894/725 828/895/726
f 811/877/711 828/895/726 812/878/712
f 812/878/712 828/895/726 829/896/727
f 812/878/712 829/896/727 813/879/713
f 813/879/713 829/896/727 830/897/728
f 813/879/713 830/897/728 814/880/714
f 814/880/714 830/897/728 831/898/729
f 814/880/714 831/898/729 815/881/715
f 815/881/715 831/898/729 832/899/730
f 815/881/715 832/899/730 816/882/716
f 816/882/716 832/899/730 833/900/731
f 816/882/716 833/900/731 817/883/717
f 817/883/717 833/900/731 818/901/2
f 817/883/717 818/901/2 802/884/2
f 818/885/2 834/902/2 835/903/732
f 818/885/2 835/903/732 819/886/718
f 819/886/718 835/903/732 836/904/733
f 819/886/718 836/904/733 820/887/719
f 820/887/719 836/904/733 837/905/734
f 820/887/719 837/905/734 821/888/720
f 821/888/720 837/905/734 838/906/735
f 821/888/720 838/906/735 822/889/721
f 822/889/721 838/906/735 839/907/736
f 822/889/721 839/907/736 823/890/722
f 823/890/722 839/907/736 840/908/737
f 823/890/722 840/908/737 824/891/723
f 824/891/723 840/908/737 841/909/738
f 824/891/723 841/909/738 825/892/724
f 825/892/724 841/909/738 842/910/17
f 825/892/724 842/910/17 826/893/17
f 826/893/17 842/910/17 843/911/739
f 826/893/17 843/911/739 827/894/725
f 827/894/725 843/911/739 844/912/740
f 827/894/725 844/912/740 828/895/726
f 828/895/726 844/912/740 845/913/741
f 828/895/726 845/913/741 829/896/727
f 829/896/727 845/913/741 846/914/742
f 829/896/727 846/914/742 830/897/728
f 830/897/728 846/914/742 847/915/743
f 830/897/728 847/915/743 831/898/729
f 831/898/729 847/915/743 848/916/744
f 831/898/729 848/916/744 832/899/730
f 832/899/730 848/916/744 849/917/745
f 832/899/730 849/917/745 833/900/731
f 833/900/731 849/917/745 834/918/2
f 833/900/731 834/918/2 818/901/2
f 834/902/2 850/919/2 851/920/746
f 834/902/2 851/920/746 835/903/732
f 835/903/732 851/920/746 852/921/747
f 835/903/732 852/921/747 836/904/733
f 836/904/733 852/921/747 853/922/748
f 836/904/733 853/922/748 837/905/734
f 837/905/734 853/922/748 854/923/749
f 837/905/734 854/923/749 838/906/735
f 838/906/735 854/923/749 855/924/750
f 838/906/735 855/924/750 839/907/736
f 839/907/736 855/924/750 856/925/751
f 839/907/736 856/925/751 840/908/737
f 840/908/737 856/925/751 857/926/752
f 840/908/737 857/926/752 841/909/738
f 841/909/738 857/926/752 858/927/17
f 841/909/738 858/927/17 842/910/17
f 842/910/17 858/927/17 859/928/753
f 842/910/17 859/928/753 843/911/739
f 843/911/739 859/928/753 860/929/754
f 843/911/739 860/929/754 844/912/740
f 844/912/740 860/929/754 861/930/755
f 844/912/740 861/930/755 845/913/741
f 845/913/741 861/930/755 862/931/756
f 845/913/741 862/931/756 846/914/742
f 846/914/742 862/931/756 863/932/757
f 846/914/742 863/932/757 847/915/743
f 847/915/743 863/932/757 864/933/758
f 847/915/743 864/933/758 848/916/744
f 848/916/744 864/933/758 865/934/759
f 848/916/744 865/934/759 849/917/745
f 849/917/745 865/934/759 850/935/2
f 849/917/745 850/935/2 834/918/2
f 850/919/2 866/936/2 867/937/760
f 850/919/2 867/937/760 851/920/746
f 851/920/746 867/937/760 868/938/761
f 851/920/746 868/938/761 852/921/747
f 852/921/747 868/938/761 869/939/762
f 852/921/747 869/939/762 853/922/748
f 853/922/748 869/939/762 870/940/763
f 853/922/748 870/940/763 854/923/749
f 854/923/749 870/940/763 871/941/764
f 854/923/749 871/941/764 855/924/750
f 855/924/750 871/941/764 872/942/765
f 855/924/750 872/942/765 856/925/751
f 856/925/751 872/942/765 873/943/766
f 856/925/751 873/943/766 857/926/752
f 857/926/752 873/943/766 874/944/17
f 857/926/752 874/944/17 858/927/17
f 858/927/17 874/944/17 875/945/767
f 858/927/17 875/945/767 859/928/753
f 859/928/753 875/945/767 876/946/768
f 859/928/753 876/946/768 860/929/754
f 860/929/754 876/946/768 877/947/769
f 860/929/754 877/947/769 861/930/755
f 861/930/755 877/947/769 878/948/770
f 861/930/755 878/948/770 862/931/756
f 862/931/756 878/948/770 879/949/771
f 862/931/756 879/949/771 863/932/757
f 863/932/757 879/949/771 880/950/772
f 863/932/757 880/950/772 864/933/758
f 864/933/758 880/950/772 881/951/773
f 864/933/758 881/951/773 865/934/759
f 865/934/759 881/951/773 866/952/2
f 865/934/759 866/952/2 850/935/2
f 866/936/2 882/953/2 883/954/774
f 866/936/2 883/954/774 867/937/760
f 867/937/760 883/954/774 884/955/775
f 867/937/760 884/955/775 868/938/761
f 868/938/761 884/955/775 885/956/776
f 868/938/761 885/956/776 869/939/762
f 869/939/762 885/956/776 886/957/777
f 869/939/762 886/957/777 870/940/763
f 870/940/763 886/957/777 887/958/778
f 870/940/763 887/958/778 871/941/764
f 871/941/764 887/958/778 888/959/779
f 871/941/764 888/959/779 872/942/765
f 872/942/765 888/959/779 889/960/780
f 872/942/765 889/960/780 873/943/766
f 873/943/766 889/960/780 890/961/17
f 873/943/766 890/961/17 874/944/17
f 874/944/17 890/961/17 891/962/781
f 874/944/17 891/962/781 875/945/767
f 875/945/767 891/962/781 892/963/782
f 875/945/767 892/963/782 876/946/768
f 876/946/768 892/963/782 893/964/783
f 876/946/768 893/964/783 877/947/769
f 877/947/769 893/964/783 894/965/784
f 877/947/769 894/965/784 878/948/770
f 878/948/770 894/965/784 895/966/785
f 878/948/770 895/966/785 879/949/771
f 879/949/771 895/966/785 896/967/786
f 879/949/771 896/967/786 880/950/772
f 880/950/772 896/967/786 897/968/787
f 880/950/772 897/968/787 881/951/773
f 881/951/773 897/968/787 882/969/2
f 881/951/773 882/969/2 866/952/2
f 882/953/2 898/970/2 899/971/788
f 882/953/2 899/971/788 883/954/774
f 883/954/774 899/971/788 900/972/789
f 883/954/774 900/972/789 884/955/775
f 884/955/775 900/972/789 901/973/790
f 884/955/775 901/973/790 885/956/776
f 885/956/776 901/973/790 902/974/791
f 885/956/776 902/974/791 886/957/777
f 886/957/777 902/974/791 903/975/792
f 886/957/777 903/975/792 887/958/778
f 887/958/778 903/975/792 904/976/793
f 887/958/778 904/976/793 888/959/779
f 888/959/779 904/976/793 905/977/794
f 888/959/779 905/977/794 889/960/780
f 889/960/780 905/977/794 906/978/17
f 889/960/780 906/978/17 890/961/17
f 890/961/17 906/978/17 907/979/795
f 890/961/17 907/979/795 891/962/781
f 891/962/781 907/979/795 908/980/796
f 891/962/781 908/980/796 892/963/782
f 892/963/782 908/980/796 909/981/797
f 892/963/782 909/981/797 893/964/783
f 893/964/783 909/981/797 910/982/798
f 893/964/783 910/982/798 894/965/784
f 894/965/784 910/982/798 911/983/799
f 894/965/784 911/983/799 895/966/785
f 895/966/785 911/983/799 912/984/800
f 895/966/785 912/984/800 896/967/786
f 896/967/786 912/984/800 913/985/801
f 896/967/786 913/985/801 897/968/787
f 897/968/787 913/985/801 898/986/2
f 897/968/787 898/986/2 882/969/2
f 898/970/2 914/987/2 915/988/802
f 898/970/2 915/988/802 899/971/788
f 899/971/788 915/988/802 916/989/803
f 899/971/788 916/989/803 900/972/789
f 900/972/789 916/989/803 917/990/804
f 900/972/789 917/990/804 901/973/790
f 901/973/790 917/990/804 918/991/805
f 901/973/790 918/991/805 902/974/791
f 902/974/791 918/991/805 919/992/806
f 902/974/791 919/992/806 903/975/792
f 903/975/792 919/992/806 920/993/807
f 903/975/792 920/993/807 904/976/793
f 904/976/793 920/993/807 921/994/808
f 904/976/793 921/994/808 905/977/794
f 905/977/794 921/994/808 922/995/17
f 905/977/794 922/995/17 906/978/17
f 906/978/17 922/995/17 923/996/809
f 906/978/17 923/996/809 907/979/795
f 907/979/795 923/996/809 924/997/810
f 907/979/795 924/997/810 908/980/796
f 908/980/796 924/997/810 925/998/811
f 908/980/796 925/998/811 909/981/797
f 909/981/797 925/998/811 926/999/812
f 909/981/797 926/999/812 910/982/798
f 910/982/798 926/999/812 927/1000/813
f 910/982/798 927/1000/813 911/983/799
f 911/983/799 927/1000/813 928/1001/814
f 911/983/799 928/1001/814 912/984/800
f 912/984/800 928/1001/814 929/1002/815
f 912/984/800 929/1002/815 913/985/801
f 913/985/801 929/1002/815 914/1003/2
f 913/985/801 914/1003/2 898/986/2
f 914/987/2 930/1004/2 931/1005/816
f 914/987/2 931/1005/816 915/988/802
f 915/988/802 931/1005/816 932/1006/817
f 915/988/802 932/1006/817 916/989/803
f 916/989/803 932/1006/817 933/1007/818
f 916/989/803 933/1007/818 917/990/804
f 917/990/804 933/1007/818 934/1008/819
f 917/990/804 934/1008/819 918/991/805
f 918/991/805 934/1008/819 935/1009/820
f 918/991/805 935/1009/820 919/992/806
f 919/992/806 935/1009/820 936/1010/821
f 919/992/806 936/1010/821 920/993/807
f 920/993/807 936/1010/821 937/1011/822
f 920/993/807 937/1011/822 921/994/808
f 921/994/808 937/1011/822 938/1012/17
f 921/994/808 938/1012/17 922/995/17
f 922/995/17 938/1012/17 939/1013/823
f 922/995/17 939/1013/823 923/996/809
f 923/996/809 939/1013/823 940/1014/824
f 923/996/809 940/1014/824 924/997/810
f 924/997/810 940/1014/824 941/1015/825
f 924/997/810 941/1015/825 925/998/811
f 925/998/811 941/1015/825 942/1016/826
f 925/998/811 942/1016/826 926/999/812
f 926/999/812 942/1016/826 943/1017/827
f 926/999/812 943/1017/827 927/1000/813
f 927/1000/813 943/1017/827 944/1018/828
f 927/1000/813 944/1018/828 928/1001/814
f 928/1001/814 944/1018/828 945/1019/829
f 928/1001/814 945/1019/829 929/1002/815
f 929/1002/815 945/1019/829 930/1020/2
f 929/1002/815 930/1020/2 914/1003/2
f 930/1004/2 946/1021/2 947/1022/830
f 930/1004/2 947/1022/830 931/1005/816
f 931/1005/816 947/1022/830 948/1023/831
f 931/1005/816 948/1023/831 932/1006/817
f 932/1006/817 948/1023/831 949/1024/832
f 932/1006/817 949/1024/832 933/1007/818
f 933/1007/818 949/1024/832 950/1025/833
f 933/1007/818 950/1025/833 934/1008/819
f 934/1008/819 950/1025/833 951/1026/834
f 934/1008/819 951/1026/834 935/1009/820
f 935/1009/820 951/1026/834 952/1027/835
f 935/1009/820 952/1027/835 936/1010/821
f 936/1010/821 952/1027/835 953/1028/836
f 936/1010/821 953/1028/836 937/1011/822
f 937/1011/822 953/1028/836 954/1029/17
f 937/1011/822 954/1029/17 938/1012/17
f 938/1012/17 954/1029/17 955/1030/837
f 938/1012/17 955/1030/837 939/1013/823
f 939/1013/823 955/1030/837 956/1031/838
f 939/1013/823 956/1031/838 940/1014/824
f 940/1014/824 956/1031/838 957/1032/839
f 940/1014/824 957/1032/839 941/1015/825
f 941/1015/825 957/1032/839 958/1033/840
f 941/1015/825 958/1033/840 942/1016/826
f 942/1016/826 958/1033/840 959/1034/841
f 942/1016/826 959/1034/841 943/1017/827
f 943/1017/827 959/1034/841 960/1035/842
f 943/1017/827 960/1035/842 944/1018/828
f 944/1018/828 960/1035/842 961/1036/843
f 944/1018/828 961/1036/843 945/1019/829
f 945/1019/829 961/1036/843 946/1037/2
f 945/1019/829 946/1037/2 930/1020/2
f 946/1021/2 962/1038/2 963/1039/844
f 946/1021/2 963/1039/844 947/1022/830
f 947/1022/830 963/1039/844 964/1040/845
f 947/1022/830 964/1040/845 948/1023/831
f 948/1023/831 964/1040/845 965/1041/846
f 948/1023/831 965/1041/846 949/1024/832
f 949/1024/832 965/1041/846 966/1042/847
f 949/1024/832 966/1042/847 950/1025/833
f 950/1025/833 966/1042/847 967/1043/848
f 950/1025/833 967/1043/848 951/1026/834
f 951/1026/834 967/1043/848 968/1044/849
f 951/1026/834 968/1044/849 952/1027/835
f 952/1027/835 968/1044/849 969/1045/850
f 952/1027/835 969/1045/850 953/1028/836
f 953/1028/836 969/1045/850 970/1046/17
f 953/1028/836 970/1046/17 954/1029/17
f 954/1029/17 970/1046/17 971/1047/851
f 954/1029/17 971/1047/851 955/1030/837
f 955/1030/837 971/1047/851 972/1048/852
f 955/1030/837 972/1048/852 956/1031/838
f 956/1031/838 972/1048/852 973/1049/853
f 956/1031/838 973/1049/853 957/1032/839
f 957/1032/839 973/1049/853 974/1050/854
f 957/1032/839 974/1050/854 958/1033/840
f 958/1033/840 974/1050/854 975/1051/855
f 958/1033/840 975/1051/855 959/1034/841
f 959/1034/841 975/1051/855 976/1052/856
f 959/1034/841 976/1052/856 960/1035/842
f 960/1035/842 976/1052/856 977/1053/857
f 960/1035/842 977/1053/857 961/1036/843
f 961/1036/843 977/1053/857 962/1054/2
f 961/1036/843 962/1054/2 946/1037/2
f 962/1038/2 978/1055/2 979/1056/858
f 962/1038/2 979/1056/858 963/1039/844
f 963/1039/844 979/1056/858 980/1057/859
f 963/1039/844 980/1057/859 964/1040/845
f 964/1040/845 980/1057/859 981/1058/860
f 964/1040/845 981/1058/860 965/1041/846
f 965/1041/846 981/1058/860 982/1059/861
f 965/1041/846 982/1059/861 966/1042/847
f 966/1042/847 982/1059/861 983/1060/862
f 966/1042/847 983/1060/862 967/1043/848
f 967/1043/848 983/1060/862 984/1061/863
f 967/1043/848 984/1061/863 968/1044/849
f 968/1044/849 984/1061/863 985/1062/864
f 968/1044/849 985/1062/864 969/1045/850
f 969/1045/850 985/1062/864 986/1063/17
f 969/1045/850 986/1063/17 970/1046/17
f 970/1046/17 986/1063/17 987/1064/865
f 970/1046/17 987/1064/865 971/1047/851
f 971/1047/851 987/1064/865 988/1065/866
f 971/1047/851 988/1065/866 972/1048/852
f 972/1048/852 988/1065/866 989/1066/867
f 972/1048/852 989/1066/867 973/1049/853
f 973/1049/853 989/1066/867 990/1067/868
f 973/1049/853 990/1067/868 974/1050/854
f 974/1050/854 990/1067/868 991/1068/869
f 974/1050/854 991/1068/869 975/1051/855
f 975/1051/855 991/1068/869 992/1069/870
f 975/1051/855 992/1069/870 976/1052/856
f 976/1052/856 992/1069/870 993/1070/871
f 976/1052/856 993/1070/871 977/1053/857
f 977/1053/857 993/1070/871 978/1071/2
f 977/1053/857 978/1071/2 962/1054/2
f 978/1055/2 994/1072/2 995/1073/872
f 978/1055/2 995/1073/872 979/1056/858
f 979/1056/858 995/1073/872 996/1074/873
f 979/1056/858 996/1074/873 980/1057/859
f 980/1057/859 996/1074/873 997/1075/874
f 980/1057/859 997/1075/874 981/1058/860
f 981/1058/860 997/1075/874 998/1076/875
f 981/1058/860 998/1076/875 982/1059/861
f 982/1059/861 998/1076/875 999/1077/876
f 982/1059/861 999/1077/876 983/1060/862
f 983/1060/862 999/1077/876 1000/1078/877
f 983/1060/862 1000/1078/877 984/1061/863
f 984/1061/863 1000/1078/877 1001/1079/878
f 984/1061/863 1001/1079/878 985/1062/864
f 985/1062/864 1001/1079/878 1002/1080/17
f 985/1062/864 1002/1080/17 986/1063/17
f 986/1063/17 1002/1080/17 1003/1081/879
f 986/1063/17 1003/1081/879 987/1064/865
f 987/1064/865 1003/1081/879 1004/1082/880
f 987/1064/865 1004/1082/880 988/1065/866
f 988/1065/866 1004/1082/880 1005/1083/881
f 988/1065/866 1005/1083/881 989/1066/867
f 989/1066/867 1005/1083/881 1006/1084/882
f 989/1066/867 1006/1084/882 990/1067/868
f 990/1067/868 1006/1084/882 1007/1085/883
f 990/1067/868 1007/1085/883 991/1068/869
f 991/1068/869 1007/1085/883 1008/1086/884
f 991/1068/869 1008/1086/884 992/1069/870
f 992/1069/870 1008/1086/884 1009/1087/885
f 992/1069/870 1009/1087/885 993/1070/871
f 993/1070/871 1009/1087/885 994/1088/2
f 993/1070/871 994/1088/2 978/1071/2
f 994/1072/2 1010/1089/2 1011/1090/886
f 994/1072/2 1011/1090/886 995/1073/872
f 995/1073/872 1011/1090/886 1012/1091/887
f 995/1073/872 1012/1091/887 996/1074/873
f 996/1074/873 1012/1091/887 1013/1092/888
f 996/1074/873 1013/1092/888 997/1075/874
f 997/1075/874 1013/1092/888 1014/1093/889
f 997/1075/874 1014/1093/889 998/1076/875
f 998/1076/875 1014/1093/889 1015/1094/890
f 998/1076/875 1015/1094/890 999/1077/876
f 999/1077/876 1015/1094/890 1016/1095/891
f 999/1077/876 1016/1095/891 1000/1078/877
f 1000/1078/877 1016/1095/891 1017/1096/892
f 1000/1078/877 1017/1096/892 1001/1079/878
f 1001/1079/878 1017/1096/892 1018/1097/17
f 1001/1079/878 1018/1097/17 1002/1080/17
f 1002/1080/17 1018/1097/17 1019/1098/893
f 1002/1080/17 1019/1098/893 1003/1081/879
f 1003/1081/879 1019/1098/893 1020/1099/894
f 1003/1081/879 1020/1099/894 1004/1082/880
f 1004/1082/880 1020/1099/894 1021/1100/895
f 1004/1082/880 1021/1100/895 1005/1083/881
f 1005/1083/881 1021/1100/895 1022/1101/896
f 1005/1083/881 1022/1101/896 1006/1084/882
f 1006/1084/882 1022/1101/896 1023/1102/897
f 1006/1084/882 1023/1102/897 1007/1085/883
f 1007/1085/883 1023/1102/897 1024/1103/898
f 1007/1085/883 1024/1103/898 1008/1086/884
f 1008/1086/884 1024/1103/898 1025/1104/899
f 1008/1086/884 1025/1104/899 1009/1087/885
f 1009/1087/885 1025/1104/899 1010/1105/2
f 1009/1087/885 1010/1105/2 994/1088/2
f 1010/1089/2 1026/1106/2 1027/1107/900
f 1010/1089/2 1027/1107/900 1011/1090/886
f 1011/1090/886 1027/1107/900 1028/1108/901
f 1011/1090/886 1028/1108/901 1012/1091/887
f 1012/1091/887 1028/1108/901 1029/1109/902
f 1012/1091/887 1029/1109/902 1013/1092/888
f 1013/1092/888 1029/1109/902 1030/1110/903
f 1013/1092/888 1030/1110/903 1014/1093/889
f 1014/1093/889 1030/1110/903 1031/1111/904
f 1014/1093/889 1031/1111/904 1015/1094/890
f 1015/1094/890 1031/1111/904 1032/1112/905
f 1015/1094/890 1032/1112/905 1016/1095/891
f 1016/1095/891 1032/1112/905 1033/1113/906
f 1016/1095/891 1033/1113/906 1017/1096/892
f 1017/1096/892 1033/1113/906 1034/1114/17
f 1017/1096/892 1034/1114/17 1018/1097/17
f 1018/1097/17 1034/1114/17 1035/1115/907
f 1018/1097/17 1035/1115/907 1019/1098/893
f 1019/1098/893 1035/1115/907 1036/1116/908
f 1019/1098/893 1036/1116/908 1020/1099/894
f 1020/1099/894 1036/1116/908 1037/1117/909
f 1020/1099/894 1037/1117/909 1021/1100/895
f 1021/1100/895 1037/1117/909 1038/1118/910
f 1021/1100/895 1038/1118/910 1022/1101/896
f 1022/1101/896 1038/1118/910 1039/1119/911
f 1022/1101/896 1039/1119/911 1023/1102/897
f 1023/1102/897 1039/1119/911 1040/1120/912
f 1023/1102/897 1040/1120/912 1024/1103/898
f 1024/1103/898 1040/1120/912 1041/1121/913
f 1024/1103/898 1041/1121/913 1025/1104/899
f 1025/1104/899 1041/1121/913 1026/1122/2
f 1025/1104/899 1026/1122/2 1010/1105/2
f 1026/1106/2 1042/1123/2 1043/1124/914
f 1026/1106/2 1043/1124/914 1027/1107/900
f 1027/1107/900 1043/1124/914 1044/1125/915
f 1027/1107/900 1044/1125/915 1028/1108/901
f 1028/1108/901 1044/1125/915 1045/1126/916
f 1028/1108/901 1045/1126/916 1029/1109/902
f 1029/1109/902 1045/1126/916 1046/1127/917
f 1029/1109/902 1046/1127/917 1030/1110/903
f 1030/1110/903 1046/1127/917 1047/1128/918
f 1030/1110/903 1047/1128/918 1031/1111/904
f 1031/1111/904 1047/1128/918 1048/1129/919
f 1031/1111/904 1048/1129/919 1032/1112/905
f 1032/1112/905 1048/1129/919 1049/1130/920
f 1032/1112/905 1049/1130/920 1033/1113/906
f 1033/1113/906 1049/1130/920 1050/1131/17
f 1033/1113/906 1050/1131/17 1034/1114/17
f 1034/1114/17 1050/1131/17 1051/1132/921
f 1034/1114/17 1051/1132/921 1035/1115/907
f 1035/1115/907 1051/1132/921 1052/1133/922
f 1035/1115/907 1052/1133/922 1036/1116/908
f 1036/1116/908 1052/1133/922 1053/1134/923
f 1036/1116/908 1053/1134/923 1037/1117/909
f 1037/1117/909 1053/1134/923 1054/1135/924
f 1037/1117/909 1054/1135/924 1038/1118/910
f 1038/1118/910 1054/1135/924 1055/1136/925
f 1038/1118/910 1055/1136/925 1039/1119/911
f 1039/1119/911 1055/1136/925 1056/1137/926
f 1039/1119/911 1056/1137/926 1040/1120/912
f 1040/1120/912 1056/1137/926 1057/1138/927
f 1040/1120/912 1057/1138/927 1041/1121/913
f 1041/1121/913 1057/1138/927 1042/1139/2
f 1041/1121/913 1042/1139/2 1026/1122/2
f 1042/1123/2 1058/1140/2 1059/1141/928
f 1042/1123/2 1059/1141/928 1043/1124/914
f 1043/1124/914 1059/1141/928 1060/1142/929
f 1043/1124/914 1060/1142/929 1044/1125/915
f 1044/1125/915 1060/1142/929 1061/1143/930
f 1044/1125/915 1061/1143/930 1045/1126/916
f 1045/1126/916 1061/1143/930 1062/1144/931
f 1045/1126/916 1062/1144/931 1046/1127/917
f 1046/1127/917 1062/1144/931 1063/1145/932
f 1046/1127/917 1063/1145/932 1047/1128/918
f 1047/1128/918 1063/1145/932 1064/1146/933
f 1047/1128/918 1064/1146/933 1048/1129/919
f 1048/1129/919 1064/1146/933 1065/1147/934
f 1048/1129/919 1065/1147/934 1049/1130/920
f 1049/1130/920 1065/1147/934 1066/1148/17
f 1049/1130/920 1066/1148/17 1050/1131/17
f 1050/1131/17 1066/1148/17 1067/1149/935
f 1050/1131/17 1067/1149/935 1051/1132/921
f 1051/1132/921 1067/1149/935 1068/1150/936
f 1051/1132/921 1068/1150/936 1052/1133/922
f 1052/1133/922 1068/1150/936 1069/1151/937
f 1052/1133/922 1069/1151/937 1053/1134/923
f 1053/1134/923 1069/1151/937 1070/1152/938
f 1053/1134/923 1070/1152/938 1054/1135/924
f 1054/1135/924 1070/1152/938 1071/1153/939
f 1054/1135/924 1071/1153/939 1055/1136/925
f 1055/1136/925 1071/1153/939 1072/1154/940
f 1055/1136/925 1072/1154/940 1056/1137/926
f 1056/1137/926 1072/1154/940 1073/1155/941
f 1056/1137/926 1073/1155/941 1057/1138/927
f 1057/1138/927 1073/1155/941 1058/1156/2
f 1057/1138/927 1058/1156/2 1042/1139/2
f 1058/1140/2 1074/1157/2 1075/1158/942
f 1058/1140/2 1075/1158/942 1059/1141/928
f 1059/1141/928 1075/1158/942 1076/1159/943
f 1059/1141/928 1076/1159/943 1060/1142/929
f 1060/1142/929 1076/1159/943 1077/1160/944
f 1060/1142/929 1077/1160/944 1061/1143/930
f 1061/1143/930 1077/1160/944 1078/1161/945
f 1061/1143/930 1078/1161/945 1062/1144/931
f 1062/1144/931 1078/1161/945 1079/1162/946
f 1062/1144/931 1079/1162/946 1063/1145/932
f 1063/1145/932 1079/1162/946 1080/1163/947
f 1063/1145/932 1080/1163/947 1064/1146/933
f 1064/1146/933 1080/1163/947 1081/1164/948
f 1064/1146/933 1081/1164/948 1065/1147/934
f 1065/1147/934 1081/1164/948 1082/1165/17
f 1065/1147/934 1082/1165/17 1066/1148/17
f 1066/1148/17 1082/1165/17 1083/1166/949
f 1066/1148/17 1083/1166/949 1067/1149/935
f 1067/1149/935 1083/1166/949 1084/1167/950
f 1067/1149/935 1084/1167/950 1068/1150/936
f 1068/1150/936 1084/1167/950 1085/1168/951
f 1068/1150/936 1085/1168/951 1069/1151/937
f 1069/1151/937 1085/1168/951 1086/1169/952
f 1069/1151/937 1086/1169/952 1070/1152/938
f 1070/1152/938 1086/1169/952 1087/1170/953
f 1070/1152/938 1087/1170/953 1071/1153/939
f 1071/1153/939 1087/1170/953 1088/1171/954
f 1071/1153/939 1088/1171/954 1072/1154/940
f 1072/1154/940 1088/1171/954 1089/1172/955
f 1072/1154/940 1089/1172/955 1073/1155/941
f 1073/1155/941 1089/1172/955 1074/1173/2
f 1073/1155/941 1074/1173/2 1058/1156/2
f 1074/1157/2 1090/1174/2 1091/1175/956
f 1074/1157/2 1091/1175/956 1075/1158/942
f 1075/1158/942 1091/1175/956 1092/1176/957
f 1075/1158/942 1092/1176/957 1076/1159/943
f 1076/1159/943 1092/1176/957 1093/1177/958
f 1076/1159/943 1093/1177/958 1077/1160/944
f 1077/1160/944 1093/1177/958 1094/1178/959
f 1077/1160/944 1094/1178/959 1078/1161/945
f 1078/1161/945 1094/1178/959 1095/1179/960
f 1078/1161/945 1095/1179/960 1079/1162/946
f 1079/1162/946 1095/1179/960 1096/1180/961
f 1079/1162/946 1096/1180/961 1080/1163/947
f 1080/1163/947 1096/1180/961 1097/1181/962
f 1080/1163/947 1097/1181/962 1081/1164/948
f 1081/1164/948 1097/1181/962 1098/1182/17
f 1081/1164/948 1098/1182/17 1082/1165/17
f 1082/1165/17 1098/1182/17 1099/1183/963
f 1082/1165/17 1099/1183/963 1083/1166/949
f 1083/1166/949 1099/1183/963 1100/1184/964
f 1083/1166/949 1100/1184/964 1084/1167/950
f 1084/1167/950 1100/1184/964 1101/1185/965
f 1084/1167/950 1101/1185/965 1085/1168/951
f 1085/1168/951 1101/1185/965 1102/1186/966
f 1085/1168/951 1102/1186/966 1086/1169/952
f 1086/1169/952 1102/1186/966 1103/1187/967
f 1086/1169/952 1103/1187/967 1087/1170/953
f 1087/1170/953 1103/1187/967 1104/1188/968
f 1087/1170/953 1104/1188/968 1088/1171/954
f 1088/1171/954 1104/1188/968 1105/1189/969
f 1088/1171/954 1105/1189/969 1089/1172/955
f 1089/1172/955 1105/1189/969 1090/1190/2
f 1089/1172/955 1090/1190/2 1074/1173/2
f 1090/1174/2 1106/1191/2 1107/1192/970
f 1090/1174/2 1107/1192/970 1091/1175/956
f 1091/1175/956 1107/1192/970 1108/1193/971
f 1091/1175/956 1108/1193/971 1092/1176/957
f 1092/1176/957 1108/1193/971 1109/1194/972
f 1092/1176/957 1109/1194/972 1093/1177/958
f 1093/1177/958 1109/1194/972 1110/1195/973
f 1093/1177/958 1110/1195/973 1094/1178/959
f 1094/1178/959 1110/1195/973 1111/1196/974
f 1094/1178/959 1111/1196/974 1095/1179/960
f 1095/1179/960 1111/1196/974 1112/1197/975
f 1095/1179/960 1112/1197/975 1096/1180/961
f 1096/1180/961 1112/1197/975 1113/1198/976
f 1096/1180/961 1113/1198/976 1097/1181/962
f 1097/1181/962 1113/1198/976 1114/1199/17
f 1097/1181/962 1114/1199/17 1098/1182/17
f 1098/1182/17 1114/1199/17 1115/1200/977
f 1098/1182/17 1115/1200/977 1099/1183/963
f 1099/1183/963 1115/1200/977 1116/1201/978
f 1099/1183/963 1116/1201/978 1100/1184/964
f 1100/1184/964 1116/1201/978 1117/1202/979
f 1100/1184/964 1117/1202/979 1101/1185/965
f 1101/1185/965 1117/1202/979 1118/1203/980
f 1101/1185/965 1118/1203/980 1102/1186/966
f 1102/1186/966 1118/1203/980 1119/1204/981
f 1102/1186/966 1119/1204/981 1103/1187/967
f 1103/1187/967 1119/1204/981 1120/1205/982
f 1103/1187/967 1120/1205/982 1104/1188/968
f 1104/1188/968 1120/1205/982 1121/1206/983
f 1104/1188/968 1121/1206/983 1105/1189/969
f 1105/1189/969 1121/1206/983 1106/1207/2
f 1105/1189/969 1106/1207/2 1090/1190/2
f 1106/1191/2 1122/1208/2 1123/1209/984
f 1106/1191/2 1123/1209/984 1107/1192/970
f 1107/1192/970 1123/1209/984 1124/1210/985
f 1107/1192/970 1124/1210/985 1108/1193/971
f 1108/1193/971 1124/1210/985 1125/1211/986
f 1108/1193/971 1125/1211/986 1109/1194/972
f 1109/1194/972 1125/1211/986 1126/1212/987
f 1109/1194/972 1126/1212/987 1110/1195/973
f 1110/1195/973 1126/1212/987 1127/1213/988
f 1110/1195/973 1127/1213/988 1111/1196/974
f 1111/1196/974 1127/1213/988 1128/1214/989
f 1111/1196/974 1128/1214/989 1112/1197/975
f 1112/1197/975 1128/1214/989 1129/1215/990
f 1112/1197/975 1129/1215/990 1113/1198/976
f 1113/1198/976 1129/1215/990 1130/1216/17
f 1113/1198/976 1130/1216/17 1114/1199/17
f 1114/1199/17 1130/1216/17 1131/1217/991
f 1114/1199/17 1131/1217/991 1115/1200/977
f 1115/1200/977 1131/1217/991 1132/1218/992
f 1115/1200/977 1132/1218/992 1116/1201/978
f 1116/1201/978 1132/1218/992 1133/1219/993
f 1116/1201/978 1133/1219/993 1117/1202/979
f 1117/1202/979 1133/1219/993 1134/1220/994
f 1117/1202/979 1134/1220/994 1118/1203/980
f 1118/1203/980 1134/1220/994 1135/1221/995
f 1118/1203/980 1135/1221/995 1119/1204/981
f 1119/1204/981 1135/1221/995 1136/1222/996
f 1119/1204/981 1136/1222/996 1120/1205/982
f 1120/1205/982 1136/1222/996 1137/1223/997
f 1120/1205/982 1137/1223/997 1121/1206/983
f 1121/1206/983 1137/1223/997 1122/1224/2
f 1121/1206/983 1122/1224/2 1106/1207/2
f 1122/1208/2 1138/1225/2 1139/1226/998
f 1122/1208/2 1139/1226/998 1123/1209/984
f 1123/1209/984 1139/1226/998 1140/1227/999
f 1123/1209/984 1140/1227/999 1124/1210/985
f 1124/1210/985 1140/1227/999 1141/1228/1000
f 1124/1210/985 1141/1228/1000 1125/1211/986
f 1125/1211/986 1141/1228/1000 1142/1229/1001
f 1125/1211/986 1142/1229/1001 1126/1212/987
f 1126/1212/987 1142/1229/1001 1143/1230/1002
f 1126/1212/987 1143/1230/1002 1127/1213/988
f 1127/1213/988 1143/1230/1002 1144/1231/1003
f 1127/1213/988 1144/1231/1003 1128/1214/989
f 1128/1214/989 1144/1231/1003 1145/1232/1004
f 1128/1214/989 1145/1232/1004 1129/1215/990
f 1129/1215/990 1145/1232/1004 1146/1233/17
f 1129/1215/990 1146/1233/17 1130/1216/17
f 1130/1216/17 1146/1233/17 1147/1234/1005
f 1130/1216/17 1147/1234/1005 1131/1217/991
f 1131/1217/991 1147/1234/1005 1148/1235/1006
f 1131/1217/991 1148/1235/1006 1132/1218/992
f 1132/1218/992 1148/1235/1006 1149/1236/1007
f 1132/1218/992 1149/1236/1007 1133/1219/993
f 1133/1219/993 1149/1236/1007 1150/1237/1008
f 1133/1219/993 1150/1237/1008 1134/1220/994
f 1134/1220/994 1150/1237/1008 1151/1238/1009
f 1134/1220/994 1151/1238/1009 1135/1221/995
f 1135/1221/995 1151/1238/1009 1152/1239/1010
f 1135/1221/995 1152/1239/1010 1136/1222/996
f 1136/1222/996 1152/1239/1010 1153/1240/1011
f 1136/1222/996 1153/1240/1011 1137/1223/997
f 1137/1223/997 1153/1240/1011 1138/1241/2
f 1137/1223/997 1138/1241/2 1122/1224/2
f 1138/1225/2 1154/1242/2 1155/1243/1012
f 1138/1225/2 1155/1243/1012 1139/1226/998
f 1139/1226/998 1155/1243/1012 1156/1244/1013
f 1139/1226/998 1156/1244/1013 1140/1227/999
f 1140/1227/999 1156/1244/1013 1157/1245/1014
f 1140/1227/999 1157/1245/1014 1141/1228/1000
f 1141/1228/1000 1157/1245/1014 1158/1246/1015
f 1141/1228/1000 1158/1246/1015 1142/1229/1001
f 1142/1229/1001 1158/1246/1015 1159/1247/1016
f 1142/1229/1001 1159/1247/1016 1143/1230/1002
f 1143/1230/1002 1159/1247/1016 1160/1248/1017
f 1143/1230/1002 1160/1248/1017 1144/1231/1003
f 1144/1231/1003 1160/1248/1017 1161/1249/1018
f 1144/1231/1003 1161/1249/1018 1145/1232/1004
f 1145/1232/1004 1161/1249/1018 1162/1250/17
f 1145/1232/1004 1162/1250/17 1146/1233/17
f 1146/1233/17 1162/1250/17 1163/1251/1019
f 1146/1233/17 1163/1251/1019 1147/1234/1005
f 1147/1234/1005 1163/1251/1019 1164/1252/1020
f 1147/1234/1005 1164/1252/1020 1148/1235/1006
f 1148/1235/1006 1164/1252/1020 1165/1253/1021
f 1148/1235/1006 1165/1253/1021 1149/1236/1007
f 1149/1236/1007 1165/1253/1021 1166/1254/1022
f 1149/1236/1007 1166/1254/1022 1150/1237/1008
f 1150/1237/1008 1166/1254/1022 1167/1255/1023
f 1150/1237/1008 1167/1255/1023 1151/1238/1009
f 1151/1238/1009 1167/1255/1023 1168/1256/1024
f 1151/1238/1009 1168/1256/1024 1152/1239/1010
f 1152/1239/1010 1168/1256/1024 1169/1257/1025
f 1152/1239/1010 1169/1257/1025 1153/1240/1011
f 1153/1240/1011 1169/1257/1025 1154/1258/2
f 1153/1240/1011 1154/1258/2 1138/1241/2
f 1154/1242/2 1170/1259/2 1171/1260/1026
f 1154/1242/2 1171/1260/1026 1155/1243/1012
f 1155/1243/1012 1171/1260/1026 1172/1261/1027
f 1155/1243/1012 1172/1261/1027 1156/1244/1013
f 1156/1244/1013 1172/1261/1027 1173/1262/1028
f 1156/1244/1013 1173/1262/1028 1157/1245/1014
f 1157/1245/1014 1173/1262/1028 1174/1263/1029
f 1157/1245/1014 1174/1263/1029 1158/1246/1015
f 1158/1246/1015 1174/1263/1029 1175/1264/1030
f 1158/1246/1015 1175/1264/1030 1159/1247/1016
f 1159/1247/1016 1175/1264/1030 1176/1265/1031
f 1159/1247/1016 1176/1265/1031 1160/1248/1017
f 1160/1248/1017 1176/1265/1031 1177/1266/1032
f 1160/1248/1017 1177/1266/1032 1161/1249/1018
f 1161/1249/1018 1177/1266/1032 1178/1267/17
f 1161/1249/1018 1178/1267/17 1162/1250/17
f 1162/1250/17 1178/1267/17 1179/1268/1033
f 1162/1250/17 1179/1268/1033 1163/1251/1019
f 1163/1251/1019 1179/1268/1033 1180/1269/1034
f 1163/1251/1019 1180/1269/1034 1164/1252/1020
f 1164/1252/1020 1180/1269/1034 1181/1270/1035
f 1164/1252/1020 1181/1270/1035 1165/1253/1021
f 1165/1253/1021 1181/1270/1035 1182/1271/1036
f 1165/1253/1021 1182/1271/1036 1166/1254/1022
f 1166/1254/1022 1182/1271/1036 1183/1272/1037
f 1166/1254/1022 1183/1272/1037 1167/1255/1023
f 1167/1255/1023 1183/1272/1037 1184/1273/1038
f 1167/1255/1023 1184/1273/1038 1168/1256/1024
f 1168/1256/1024 1184/1273/1038 1185/1274/1039
f 1168/1256/1024 1185/1274/1039 1169/1257/1025
f 1169/1257/1025 1185/1274/1039 1170/1275/2
f 1169/1257/1025 1170/1275/2 1154/1258/2
f 1170/1259/2 1186/1276/2 1187/1277/1040
f 1170/1259/2 1187/1277/1040 1171/1260/1026
f 1171/1260/1026 1187/1277/1040 1188/1278/1041
f 1171/1260/1026 1188/1278/1041 1172/1261/1027
f 1172/1261/1027 1188/1278/1041 1189/1279/1042
f 1172/1261/1027 1189/1279/1042 1173/1262/1028
f 1173/1262/1028 1189/1279/1042 1190/1280/1043
f 1173/1262/1028 1190/1280/1043 1174/1263/1029
f 1174/1263/1029 1190/1280/1043 1191/1281/1044
f 1174/1263/1029 1191/1281/1044 1175/1264/1030
f 1175/1264/1030 1191/1281/1044 1192/1282/1045
f 1175/1264/1030 1192/1282/1045 1176/1265/1031
f 1176/1265/1031 1192/1282/1045 1193/1283/1046
f 1176/1265/1031 1193/1283/1046 1177/1266/1032
f 1177/1266/1032 1193/1283/1046 1194/1284/17
f 1177/1266/1032 1194/1284/17 1178/1267/17
f 1178/1267/17 1194/1284/17 1195/1285/1047
f 1178/1267/17 1195/1285/1047 1179/1268/1033
f 1179/1268/1033 1195/1285/1047 1196/1286/1048
f 1179/1268/1033 1196/1286/1048 1180/1269/1034
f 1180/1269/1034 1196/1286/1048 1197/1287/1049
f 1180/1269/1034 1197/1287/1049 1181/1270/1035
f 1181/1270/1035 1197/1287/1049 1198/1288/1050
f 1181/1270/1035 1198/1288/1050 1182/1271/1036
f 1182/1271/1036 1198/1288/1050 1199/1289/1051
f 1182/1271/1036 1199/1289/1051 1183/1272/1037
f 1183/1272/1037 1199/1289/1051 1200/1290/1052
f 1183/1272/1037 1200/1290/1052 1184/1273/1038
f 1184/1273/1038 1200/1290/1052 1201/1291/1053
f 1184/1273/1038 1201/1291/1053 1185/1274/1039
f 1185/1274/1039 1201/1291/1053 1186/1292/2
f 1185/1274/1039 1186/1292/2 1170/1275/2
f 1186/1276/2 1202/1293/2 1203/1294/1054
f 1186/1276/2 1203/1294/1054 1187/1277/1040
f 1187/1277/1040 1203/1294/1054 1204/1295/1055
f 1187/1277/1040 1204/1295/1055 1188/1278/1041
f 1188/1278/1041 1204/1295/1055 1205/1296/1056
f 1188/1278/1041 1205/1296/1056 1189/1279/1042
f 1189/1279/1042 1205/1296/1056 1206/1297/1057
f 1189/1279/1042 1206/1297/1057 1190/1280/1043
f 1190/1280/1043 1206/1297/1057 1207/1298/1058
f 1190/1280/1043 1207/1298/1058 1191/1281/1044
f 1191/1281/1044 1207/1298/1058 1208/1299/1059
f 1191/1281/1044 1208/1299/1059 1192/1282/1045
f 1192/1282/1045 1208/1299/1059 1209/1300/1060
f 1192/1282/1045 1209/1300/1060 1193/1283/1046
f 1193/1283/1046 1209/1300/1060 1210/1301/17
f 1193/1283/1046 1210/1301/17 1194/1284/17
f 1194/1284/17 1210/1301/17 1211/1302/1061
f 1194/1284/17 1211/1302/1061 1195/1285/1047
f 1195/1285/1047 1211/1302/1061 1212/1303/1062
f 1195/1285/1047 1212/1303/1062 1196/1286/1048
f 1196/1286/1048 1212/1303/1062 1213/1304/1063
f 1196/1286/1048 1213/1304/1063 1197/1287/1049
f 1197/1287/1049 1213/1304/1063 1214/1305/1064
f 1197/1287/1049 1214/1305/1064 1198/1288/1050
f 1198/1288/1050 1214/1305/1064 1215/1306/1065
f 1198/1288/1050 1215/1306/1065 1199/1289/1051
f 1199/1289/1051 1215/1306/1065 1216/1307/1066
f 1199/1289/1051 1216/1307/1066 1200/1290/1052
f 1200/1290/1052 1216/1307/1066 1217/1308/1067
f 1200/1290/1052 1217/1308/1067 1201/1291/1053
f 1201/1291/1053 1217/1308/1067 1202/1309/2
f 1201/1291/1053 1202/1309/2 1186/1292/2
f 1202/1293/2 1218/1310/2 1219/1311/1068
f 1202/1293/2 1219/1311/1068 1203/1294/1054
f 1203/1294/1054 1219/1311/1068 1220/1312/1069
f 1203/1294/1054 1220/1312/1069 1204/1295/1055
f 1204/1295/1055 1220/1312/1069 1221/1313/1070
f 1204/1295/1055 1221/1313/1070 1205/1296/1056
f 1205/1296/1056 1221/1313/1070 1222/1314/1071
f 1205/1296/1056 1222/1314/1071 1206/1297/1057
f 1206/1297/1057 1222/1314/1071 1223/1315/1072
f 1206/1297/1057 1223/1315/1072 1207/1298/1058
f 1207/1298/1058 1223/1315/1072 1224/1316/1073
f 1207/1298/1058 1224/1316/1073 1208/1299/1059
f 1208/1299/1059 1224/1316/1073 1225/1317/1074
f 1208/1299/1059 1225/1317/1074 1209/1300/1060
f 1209/1300/1060 1225/1317/1074 1226/1318/17
f 1209/1300/1060 1226/1318/17 1210/1301/17
f 1210/1301/17 1226/1318/17 1227/1319/1075
f 1210/1301/17 1227/1319/1075 1211/1302/1061
f 1211/1302/1061 1227/1319/1075 1228/1320/1076
f 1211/1302/1061 1228/1320/1076 1212/1303/1062
f 1212/1303/1062 1228/1320/1076 1229/1321/1077
f 1212/1303/1062 1229/1321/1077 1213/1304/1063
f 1213/1304/1063 1229/1321/1077 1230/1322/1078
f 1213/1304/1063 1230/1322/1078 1214/1305/1064
f 1214/1305/1064 1230/1322/1078 1231/1323/1079
f 1214/1305/1064 1231/1323/1079 1215/1306/1065
f 1215/1306/1065 1231/1323/1079 1232/1324/1080
f 1215/1306/1065 1232/1324/1080 1216/1307/1066
f 1216/1307/1066 1232/1324/1080 1233/1325/1081
f 1216/1307/1066 1233/1325/1081 1217/1308/1067
f 1217/1308/1067 1233/1325/1081 1218/1326/2
f 1217/1308/1067 1218/1326/2 1202/1309/2
f 1218/1310/2 1234/1327/2 1235/1328/1082
f 1218/1310/2 1235/1328/1082 1219/1311/1068
f 1219/1311/1068 1235/1328/1082 1236/1329/1083
f 1219/1311/1068 1236/1329/1083 1220/1312/1069
f 1220/1312/1069 1236/1329/1083 1237/1330/1084
f 1220/1312/1069 1237/1330/1084 1221/1313/1070
f 1221/1313/1070 1237/1330/1084 1238/1331/1085
f 1221/1313/1070 1238/1331/1085 1222/1314/1071
f 1222/1314/1071 1238/1331/1085 1239/1332/1086
f 1222/1314/1071 1239/1332/1086 1223/1315/1072
f 1223/1315/1072 1239/1332/1086 1240/1333/1087
f 1223/1315/1072 1240/1333/1087 1224/1316/1073
f 1224/1316/1073 1240/1333/1087 1241/1334/1088
f 1224/1316/1073 1241/1334/1088 1225/1317/1074
f 1225/1317/1074 1241/1334/1088 1242/1335/17
f 1225/1317/1074 1242/1335/17 1226/1318/17
f 1226/1318/17 1242/1335/17 1243/1336/1089
f 1226/1318/17 1243/1336/1089 1227/1319/1075
f 1227/1319/1075 1243/1336/1089 1244/1337/1090
f 1227/1319/1075 1244/1337/1090 1228/1320/1076
f 1228/1320/1076 1244/1337/1090 1245/1338/1091
f 1228/1320/1076 1245/1338/1091 1229/1321/1077
f 1229/1321/1077 1245/1338/1091 1246/1339/1092
f 1229/1321/1077 1246/1339/1092 1230/1322/1078
f 1230/1322/1078 1246/1339/1092 1247/1340/1093
f 1230/1322/1078 1247/1340/1093 1231/1323/1079
f 1231/1323/1079 1247/1340/1093 1248/1341/1094
f 1231/1323/1079 1248/1341/1094 1232/1324/1080
f 1232/1324/1080 1248/1341/1094 1249/1342/1095
f 1232/1324/1080 1249/1342/1095 1233/1325/1081
f 1233/1325/1081 1249/1342/1095 1234/1343/2
f 1233/1325/1081 1234/1343/2 1218/1326/2
f 1234/1327/2 1250/1344/2 1251/1345/1096
f 1234/1327/2 1251/1345/1096 1235/1328/1082
f 1235/1328/1082 1251/1345/1096 1252/1346/1097
f 1235/1328/1082 1252/1346/1097 1236/1329/1083
f 1236/1329/1083 1252/1346/1097 1253/1347/1098
f 1236/1329/1083 1253/1347/1098 1237/1330/1084
f 1237/1330/1084 1253/1347/1098 1254/1348/1099
f 1237/1330/1084 1254/1348/1099 1238/1331/1085
f 1238/1331/1085 1254/1348/1099 1255/1349/1100
f 1238/1331/1085 1255/1349/1100 1239/1332/1086
f 1239/1332/1086 1255/1349/1100 1256/1350/1101
f 1239/1332/1086 1256/1350/1101 1240/1333/1087
f 1240/1333/1087 1256/1350/1101 1257/1351/1102
f 1240/1333/1087 1257/1351/1102 1241/1334/1088
f 1241/1334/1088 1257/1351/1102 1258/1352/17
f 1241/1334/1088 1258/1352/17 1242/1335/17
f 1242/1335/17 1258/1352/17 1259/1353/1103
f 1242/1335/17 1259/1353/1103 1243/1336/1089
f 1243/1336/1089 1259/1353/1103 1260/1354/1104
f 1243/1336/1089 1260/1354/1104 1244/1337/1090
f 1244/1337/1090 1260/1354/1104 1261/1355/1105
f 1244/1337/1090 1261/1355/1105 1245/1338/1091
f 1245/1338/1091 1261/1355/1105 1262/1356/1106
f 1245/1338/1091 1262/1356/1106 1246/1339/1092
f 1246/1339/1092 1262/1356/1106 1263/1357/1107
f 1246/1339/1092 1263/1357/1107 1247/1340/1093
f 1247/1340/1093 1263/1357/1107 1264/1358/1108
f 1247/1340/1093 1264/1358/1108 1248/1341/1094
f 1248/1341/1094 1264/1358/1108 1265/1359/1109
f 1248/1341/1094 1265/1359/1109 1249/1342/1095
f 1249/1342/1095 1265/1359/1109 1250/1360/2
f 1249/1342/1095 1250/1360/2 1234/1343/2
f 1250/1344/2 1266/1361/2 1267/1362/1110
f 1250/1344/2 1267/1362/1110 1251/1345/1096
f 1251/1345/1096 1267/1362/1110 1268/1363/1111
f 1251/1345/1096 1268/1363/1111 1252/1346/1097
f 1252/1346/1097 1268/1363/1111 1269/1364/1112
f 1252/1346/1097 1269/1364/1112 1253/1347/1098
f 1253/1347/1098 1269/1364/1112 1270/1365/1113
f 1253/1347/1098 1270/1365/1113 1254/1348/1099
f 1254/1348/1099 1270/1365/1113 1271/1366/1114
f 1254/1348/1099 1271/1366/1114 1255/1349/1100
f 1255/1349/1100 1271/1366/1114 1272/1367/1115
f 1255/1349/1100 1272/1367/1115 1256/1350/1101
f 1256/1350/1101 1272/1367/1115 1273/1368/1116
f 1256/1350/1101 1273/1368/1116 1257/1351/1102
f 1257/1351/1102 1273/1368/1116 1274/1369/17
f 1257/1351/1102 1274/1369/17 1258/1352/17
f 1258/1352/17 1274/1369/17 1275/1370/1117
f 1258/1352/17 1275/1370/1117 1259/1353/1103
f 1259/1353/1103 1275/1370/1117 1276/1371/1118
f 1259/1353/1103 1276/1371/1118 1260/1354/1104
f 1260/1354/1104 1276/1371/1118 1277/1372/1119
f 1260/1354/1104 1277/1372/1119 1261/1355/1105
f 1261/1355/1105 1277/1372/1119 1278/1373/1120
f 1261/1355/1105 1278/1373/1120 1262/1356/1106
f 1262/1356/1106 1278/1373/1120 1279/1374/1121
f 1262/1356/1106 1279/1374/1121 1263/1357/1107
f 1263/1357/1107 1279/1374/1121 1280/1375/1122
f 1263/1357/1107 1280/1375/1122 1264/1358/1108
f 1264/1358/1108 1280/1375/1122 1281/1376/1123
f 1264/1358/1108 1281/1376/1123 1265/1359/1109
f 1265/1359/1109 1281/1376/1123 1266/1377/2
f 1265/1359/1109 1266/1377/2 1250/1360/2
f 1266/1361/2 1282/1378/2 1283/1379/1124
f 1266/1361/2 1283/1379/1124 1267/1362/1110
f 1267/1362/1110 1283/1379/1124 1284/1380/1125
f 1267/1362/1110 1284/1380/1125 1268/1363/1111
f 1268/1363/1111 1284/1380/1125 1285/1381/1126
f 1268/1363/1111 1285/1381/1126 1269/1364/1112
f 1269/1364/1112 1285/1381/1126 1286/1382/1127
f 1269/1364/1112 1286/1382/1127 1270/1365/1113
f 1270/1365/1113 1286/1382/1127 1287/1383/1128
f 1270/1365/1113 1287/1383/1128 1271/1366/1114
f 1271/1366/1114 1287/1383/1128 1288/1384/1129
f 1271/1366/1114 1288/1384/1129 1272/1367/1115
f 1272/1367/1115 1288/1384/1129 1289/1385/1130
f 1272/1367/1115 1289/1385/1130 1273/1368/1116
f 1273/1368/1116 1289/1385/1130 1290/1386/17
f 1273/1368/1116 1290/1386/17 1274/1369/17
f 1274/1369/17 1290/1386/17 1291/1387/1131
f 1274/1369/17 1291/1387/1131 1275/1370/1117
f 1275/1370/1117 1291/1387/1131 1292/1388/1132
f 1275/1370/1117 1292/1388/1132 1276/1371/1118
f 1276/1371/1118 1292/1388/1132 1293/1389/1133
f 1276/1371/1118 1293/1389/1133 1277/1372/1119
f 1277/1372/1119 1293/1389/1133 1294/1390/1134
f 1277/1372/1119 1294/1390/1134 1278/1373/1120
f 1278/1373/1120 1294/1390/1134 1295/1391/1135
f 1278/1373/1120 1295/1391/1135 1279/1374/1121
f 1279/1374/1121 1295/1391/1135 1296/1392/1136
f 1279/1374/1121 1296/1392/1136 1280/1375/1122
f 1280/1375/1122 1296/1392/1136 1297/1393/1137
f 1280/1375/1122 1297/1393/1137 1281/1376/1123
f 1281/1376/1123 1297/1393/1137 1282/1394/2
f 1281/1376/1123 1282/1394/2 1266/1377/2
f 1282/1378/2 1298/1395/2 1299/1396/1138
f 1282/1378/2 1299/1396/1138 1283/1379/1124
f 1283/1379/1124 1299/1396/1138 1300/1397/1139
f 1283/1379/1124 1300/1397/1139 1284/1380/1125
f 1284/1380/1125 1300/1397/1139 1301/1398/1140
f 1284/1380/1125 1301/1398/1140 1285/1381/1126
f 1285/1381/1126 1301/1398/1140 1302/1399/1141
f 1285/1381/1126 1302/1399/1141 1286/1382/1127
f 1286/1382/1127 1302/1399/1141 1303/1400/1142
f 1286/1382/1127 1303/1400/1142 1287/1383/1128
f 1287/1383/1128 1303/1400/1142 1304/1401/1143
f 1287/1383/1128 1304/1401/1143 1288/1384/1129
f 1288/1384/1129 1304/1401/1143 1305/1402/1144
f 1288/1384/1129 1305/1402/1144 1289/1385/1130
f 1289/1385/1130 1305/1402/1144 1306/1403/17
f 1289/1385/1130 1306/1403/17 1290/1386/17
f 1290/1386/17 1306/1403/17 1307/1404/1145
f 1290/1386/17 1307/1404/1145 1291/1387/1131
f 1291/1387/1131 1307/1404/1145 1308/1405/1146
f 1291/1387/1131 1308/1405/1146 1292/1388/1132
f 1292/1388/1132 1308/1405/1146 1309/1406/1147
f 1292/1388/1132 1309/1406/1147 1293/1389/1133
f 1293/1389/1133 1309/1406/1147 1310/1407/1148
f 1293/1389/1133 1310/1407/1148 1294/1390/1134
f 1294/1390/1134 1310/1407/1148 1311/1408/1149
f 1294/1390/1134 1311/1408/1149 1295/1391/1135
f 1295/1391/1135 1311/1408/1149 1312/1409/1150
f 1295/1391/1135 1312/1409/1150 1296/1392/1136
f 1296/1392/1136 1312/1409/1150 1313/1410/1151
f 1296/1392/1136 1313/1410/1151 1297/1393/1137
f 1297/1393/1137 1313/1410/1151 1298/1411/2
f 1297/1393/1137 1298/1411/2 1282/1394/2
f 1298/1395/2 1314/1412/2 1315/1413/1152
f 1298/1395/2 1315/1413/1152 1299/1396/1138
f 1299/1396/1138 1315/1413/1152 1316/1414/1153
f 1299/1396/1138 1316/1414/1153 1300/1397/1139
f 1300/1397/1139 1316/1414/1153 1317/1415/1154
f 1300/1397/1139 1317/1415/1154 1301/1398/1140
f 1301/1398/1140 1317/1415/1154 1318/1416/1155
f 1301/1398/1140 1318/1416/1155 1302/1399/1141
f 1302/1399/1141 1318/1416/1155 1319/1417/1156
f 1302/1399/1141 1319/1417/1156 1303/1400/1142
f 1303/1400/1142 1319/1417/1156 1320/1418/1157
f 1303/1400/1142 1320/1418/1157 1304/1401/1143
f 1304/1401/1143 1320/1418/1157 1321/1419/1158
f 1304/1401/1143 1321/1419/1158 1305/1402/1144
f 1305/1402/1144 1321/1419/1158 1322/1420/17
f 1305/1402/1144 1322/1420/17 1306/1403/17
f 1306/1403/17 1322/1420/17 1323/1421/1159
f 1306/1403/17 1323/1421/1159 1307/1404/1145
f 1307/1404/1145 1323/1421/1159 1324/1422/1160
f 1307/1404/1145 1324/1422/1160 1308/1405/1146
f 1308/1405/1146 1324/1422/1160 1325/1423/1161
f 1308/1405/1146 1325/1423/1161 1309/1406/1147
f 1309/1406/1147 1325/1423/1161 1326/1424/1162
f 1309/1406/1147 1326/1424/1162 1310/1407/1148
f 1310/1407/1148 1326/1424/1162 1327/1425/1163
f 1310/1407/1148 1327/1425/1163 1311/1408/1149
f 1311/1408/1149 1327/1425/1163 1328/1426/1164
f 1311/1408/1149 1328/1426/1164 1312/1409/1150
f 1312/1409/1150 1328/1426/1164 1329/1427/1165
f 1312/1409/1150 1329/1427/1165 1313/1410/1151
f 1313/1410/1151 1329/1427/1165 1314/1428/2
f 1313/1410/1151 1314/1428/2 1298/1411/2
f 1314/1412/2 1330/1429/2 1331/1430/1166
f 1314/1412/2 1331/1430/1166 1315/1413/1152
f 1315/1413/1152 1331/1430/1166 1332/1431/1167
f 1315/1413/1152 1332/1431/1167 1316/1414/1153
f 1316/1414/1153 1332/1431/1167 1333/1432/1168
f 1316/1414/1153 1333/1432/1168 1317/1415/1154
f 1317/1415/1154 1333/1432/1168 1334/1433/1169
f 1317/1415/1154 1334/1433/1169 1318/1416/1155
f 1318/1416/1155 1334/1433/1169 1335/1434/1170
f 1318/1416/1155 1335/1434/1170 1319/1417/1156
f 1319/1417/1156 1335/1434/1170 1336/1435/1171
f 1319/1417/1156 1336/1435/1171 1320/1418/1157
f 1320/1418/1157 1336/1435/1171 1337/1436/1172
f 1320/1418/1157 1337/1436/1172 1321/1419/1158
f 1321/1419/1158 1337/1436/1172 1338/1437/17
f 1321/1419/1158 1338/1437/17 1322/1420/17
f 1322/1420/17 1338/1437/17 1339/1438/1173
f 1322/1420/17 1339/1438/1173 1323/1421/1159
f 1323/1421/1159 1339/1438/1173 1340/1439/1174
f 1323/1421/1159 1340/1439/1174 1324/1422/1160
f 1324/1422/1160 1340/1439/1174 1341/1440/1175
f 1324/1422/1160 1341/1440/1175 1325/1423/1161
f 1325/1423/1161 1341/1440/1175 1342/1441/1176
f 1325/1423/1161 1342/1441/1176 1326/1424/1162
f 1326/1424/1162 1342/1441/1176 1343/1442/1177
f 1326/1424/1162 1343/1442/1177 1327/1425/1163
f 1327/1425/1163 1343/1442/1177 1344/1443/1178
f 1327/1425/1163 1344/1443/1178 1328/1426/1164
f 1328/1426/1164 1344/1443/1178 1345/1444/1179
f 1328/1426/1164 1345/1444/1179 1329/1427/1165
f 1329/1427/1165 1345/1444/1179 1330/1445/2
f 1329/1427/1165 1330/1445/2 1314/1428/2
f 1330/1429/2 1346/1446/2 1347/1447/1180
f 1330/1429/2 1347/1447/1180 1331/1430/1166
f 1331/1430/1166 1347/1447/1180 1348/1448/1181
f 1331/1430/1166 1348/1448/1181 1332/1431/1167
f 1332/1431/1167 1348/1448/1181 1349/1449/1182
f 1332/1431/1167 1349/1449/1182 1333/1432/1168
f 1333/1432/1168 1349/1449/1182 1350/1450/1183
f 1333/1432/1168 1350/1450/1183 1334/1433/1169
f 1334/1433/1169 1350/1450/1183 1351/1451/1184
f 1334/1433/1169 1351/1451/1184 1335/1434/1170
f 1335/1434/1170 1351/1451/1184 1352/1452/1185
f 1335/1434/1170 1352/1452/1185 1336/1435/1171
f 1336/1435/1171 1352/1452/1185 1353/1453/1186
f 1336/1435/1171 1353/1453/1186 1337/1436/1172
f 1337/1436/1172 1353/1453/1186 1354/1454/17
f 1337/1436/1172 1354/1454/17 1338/1437/17
f 1338/1437/17 1354/1454/17 1355/1455/1187
f 1338/1437/17 1355/1455/1187 1339/1438/1173
f 1339/1438/1173 1355/1455/1187 1356/1456/1188
f 1339/1438/1173 1356/1456/1188 1340/1439/1174
f 1340/1439/1174 1356/1456/1188 1357/1457/1189
f 1340/1439/1174 1357/1457/1189 1341/1440/1175
f 1341/1440/1175 1357/1457/1189 1358/1458/1190
f 1341/1440/1175 1358/1458/1190 1342/1441/1176
f 1342/1441/1176 1358/1458/1190 1359/1459/1191
f 1342/1441/1176 1359/1459/1191 1343/1442/1177
f 1343/1442/1177 1359/1459/1191 1360/1460/1192
f 1343/1442/1177 1360/1460/1192 1344/1443/1178
f 1344/1443/1178 1360/1460/1192 1361/1461/1193
f 1344/1443/1178 1361/1461/1193 1345/1444/1179
f 1345/1444/1179 1361/1461/1193 1346/1462/2
f 1345/1444/1179 1346/1462/2 1330/1445/2
f 1346/1446/2 1362/1463/2 1363/1464/1194
f 1346/1446/2 1363/1464/1194 1347/1447/1180
f 1347/1447/1180 1363/1464/1194 1364/1465/1195
f 1347/1447/1180 1364/1465/1195 1348/1448/1181
f 1348/1448/1181 1364/1465/1195 1365/1466/1196
f 1348/1448/1181 1365/1466/1196 1349/1449/1182
f 1349/1449/1182 1365/1466/1196 1366/1467/1197
f 1349/1449/1182 1366/1467/1197 1350/1450/1183
f 1350/1450/1183 1366/1467/1197 1367/1468/1198
f 1350/1450/1183 1367/1468/1198 1351/1451/1184
f 1351/1451/1184 1367/1468/1198 1368/1469/1199
f 1351/1451/1184 1368/1469/1199 1352/1452/1185
f 1352/1452/1185 1368/1469/1199 1369/1470/1200
f 1352/1452/1185 1369/1470/1200 1353/1453/1186
f 1353/1453/1186 1369/1470/1200 1370/1471/17
f 1353/1453/1186 1370/1471/17 1354/1454/17
f 1354/1454/17 1370/1471/17 1371/1472/1201
f 1354/1454/17 1371/1472/1201 1355/1455/1187
f 1355/1455/1187 1371/1472/1201 1372/1473/1202
f 1355/1455/1187 1372/1473/1202 1356/1456/1188
f 1356/1456/1188 1372/1473/1202 1373/1474/1203
f 1356/1456/1188 1373/1474/1203 1357/1457/1189
f 1357/1457/1189 1373/1474/1203 1374/1475/1204
f 1357/1457/1189 1374/1475/1204 1358/1458/1190
f 1358/1458/1190 1374/1475/1204 1375/1476/1205
f 1358/1458/1190 1375/1476/1205 1359/1459/1191
f 1359/1459/1191 1375/1476/1205 1376/1477/1206
f 1359/1459/1191 1376/1477/1206 1360/1460/1192
f 1360/1460/1192 1376/1477/1206 1377/1478/1207
f 1360/1460/1192 1377/1478/1207 1361/1461/1193
f 1361/1461/1193 1377/1478/1207 1362/1479/2
f 1361/1461/1193 1362/1479/2 1346/1462/2
f 1362/1463/2 1378/1480/2 1379/1481/1208
f 1362/1463/2 1379/1481/1208 1363/1464/1194
f 1363/1464/1194 1379/1481/1208 1380/1482/1209
f 1363/1464/1194 1380/1482/1209 1364/1465/1195
f 1364/1465/1195 1380/1482/1209 1381/1483/1210
f 1364/1465/1195 1381/1483/1210 1365/1466/1196
f 1365/1466/1196 1381/1483/1210 1382/1484/1211
f 1365/1466/1196 1382/1484/1211 1366/1467/1197
f 1366/1467/1197 1382/1484/1211 1383/1485/1212
f 1366/1467/1197 1383/1485/1212 1367/1468/1198
f 1367/1468/1198 1383/1485/1212 1384/1486/1213
f 1367/1468/1198 1384/1486/1213 1368/1469/1199
f 1368/1469/1199 1384/1486/1213 1385/1487/1214
f 1368/1469/1199 1385/1487/1214 1369/1470/1200
f 1369/1470/1200 1385/1487/1214 1386/1488/17
f 1369/1470/1200 1386/1488/17 1370/1471/17
f 1370/1471/17 1386/1488/17 1387/1489/1215
f 1370/1471/17 1387/1489/1215 1371/1472/1201
f 1371/1472/1201 1387/1489/1215 1388/1490/1216
f 1371/1472/1201 1388/1490/1216 1372/1473/1202
f 1372/1473/1202 1388/1490/1216 1389/1491/1217
f 1372/1473/1202 1389/1491/1217 1373/1474/1203
f 1373/1474/1203 1389/1491/1217 1390/1492/1218
f 1373/1474/1203 1390/1492/1218 1374/1475/1204
f 1374/1475/1204 1390/1492/1218 1391/1493/1219
f 1374/1475/1204 1391/1493/1219 1375/1476/1205
f 1375/1476/1205 1391/1493/1219 1392/1494/1220
f 1375/1476/1205 1392/1494/1220 1376/1477/1206
f 1376/1477/1206 1392/1494/1220 1393/1495/1221
f 1376/1477/1206 1393/1495/1221 1377/1478/1207
f 1377/1478/1207 1393/1495/1221 1378/1496/2
f 1377/1478/1207 1378/1496/2 1362/1479/2
f 1378/1480/2 1394/1497/2 1395/1498/1222
f 1378/1480/2 1395/1498/1222 1379/1481/1208
f 1379/1481/1208 1395/1498/1222 1396/1499/1223
f 1379/1481/1208 1396/1499/1223 1380/1482/1209
f 1380/1482/1209 1396/1499/1223 1397/1500/1224
f 1380/1482/1209 1397/1500/1224 1381/1483/1210
f 1381/1483/1210 1397/1500/1224 1398/1501/1225
f 1381/1483/1210 1398/1501/1225 1382/1484/1211
f 1382/1484/1211 1398/1501/1225 1399/1502/1226
f 1382/1484/1211 1399/1502/1226 1383/1485/1212
f 1383/1485/1212 1399/1502/1226 1400/1503/1227
f 1383/1485/1212 1400/1503/1227 1384/1486/1213
f 1384/1486/1213 1400/1503/1227 1401/1504/1228
f 1384/1486/1213 1401/1504/1228 1385/1487/1214
f 1385/1487/1214 1401/1504/1228 1402/1505/17
f 1385/1487/1214 1402/1505/17 1386/1488/17
f 1386/1488/17 1402/1505/17 1403/1506/1229
f 1386/1488/17 1403/1506/1229 1387/1489/1215
f 1387/1489/1215 1403/1506/1229 1404/1507/1230
f 1387/1489/1215 1404/1507/1230 1388/1490/1216
f 1388/1490/1216 1404/1507/1230 1405/1508/1231
f 1388/1490/1216 1405/1508/1231 1389/1491/1217
f 1389/1491/1217 1405/1508/1231 1406/1509/1232
f 1389/1491/1217 1406/1509/1232 1390/1492/1218
f 1390/1492/1218 1406/1509/1232 1407/1510/1233
f 1390/1492/1218 1407/1510/1233 1391/1493/1219
f 1391/1493/1219 1407/1510/1233 1408/1511/1234
f 1391/1493/1219 1408/1511/1234 1392/1494/1220
f 1392/1494/1220 1408/1511/1234 1409/1512/1235
f 1392/1494/1220 1409/1512/1235 1393/1495/1221
f 1393/1495/1221 1409/1512/1235 1394/1513/2
f 1393/1495/1221 1394/1513/2 1378/1496/2
f 1394/1497/2 1410/1514/2 1411/1515/1236
f 1394/1497/2 1411/1515/1236 1395/1498/1222
f 1395/1498/1222 1411/1515/1236 1412/1516/1237
f 1395/1498/1222 1412/1516/1237 1396/1499/1223
f 1396/1499/1223 1412/1516/1237 1413/1517/1238
f 1396/1499/1223 1413/1517/1238 1397/1500/1224
f 1397/1500/1224 1413/1517/1238 1414/1518/1239
f 1397/1500/1224 1414/1518/1239 1398/1501/1225
f 1398/1501/1225 1414/1518/1239 1415/1519/1240
f 1398/1501/1225 1415/1519/1240 1399/1502/1226
f 1399/1502/1226 1415/1519/1240 1416/1520/1241
f 1399/1502/1226 1416/1520/1241 1400/1503/1227
f 1400/1503/1227 1416/1520/1241 1417/1521/1242
f 1400/1503/1227 1417/1521/1242 1401/1504/1228
f 1401/1504/1228 1417/1521/1242 1418/1522/17
f 1401/1504/1228 1418/1522/17 1402/1505/17
f 1402/1505/17 1418/1522/17 1419/1523/1243
f 1402/1505/17 1419/1523/1243 1403/1506/1229
f 1403/1506/1229 1419/1523/1243 1420/1524/1244
f 1403/1506/1229 1420/1524/1244 1404/1507/1230
f 1404/1507/1230 1420/1524/1244 1421/1525/1245
f 1404/1507/1230 1421/1525/1245 1405/1508/1231
f 1405/1508/1231 1421/1525/1245 1422/1526/1246
f 1405/1508/1231 1422/1526/1246 1406/1509/1232
f 1406/1509/1232 1422/1526/1246 1423/1527/1247
f 1406/1509/1232 1423/1527/1247 1407/1510/1233
f 1407/1510/1233 1423/1527/1247 1424/1528/1248
f 1407/1510/1233 1424/1528/1248 1408/1511/1234
f 1408/1511/1234 1424/1528/1248 1425/1529/1249
f 1408/1511/1234 1425/1529/1249 1409/1512/1235
f 1409/1512/1235 1425/1529/1249 1410/1530/2
f 1409/1512/1235 1410/1530/2 1394/1513/2
f 1410/1514/2 1426/1531/2 1427/1532/1250
f 1410/1514/2 1427/1532/1250 1411/1515/1236
f 1411/1515/1236 1427/1532/1250 1428/1533/1251
f 1411/1515/1236 1428/1533/1251 1412/1516/1237
f 1412/1516/1237 1428/1533/1251 1429/1534/1252
f 1412/1516/1237 1429/1534/1252 1413/1517/1238
f 1413/1517/1238 1429/1534/1252 1430/1535/1253
f 1413/1517/1238 1430/1535/1253 1414/1518/1239
f 1414/1518/1239 1430/1535/1253 1431/1536/1254
f 1414/1518/1239 1431/1536/1254 1415/1519/1240
f 1415/1519/1240 1431/1536/1254 1432/1537/1255
f 1415/1519/1240 1432/1537/1255 1416/1520/1241
f 1416/1520/1241 1432/1537/1255 1433/1538/1256
f 1416/1520/1241 1433/1538/1256 1417/1521/1242
f 1417/1521/1242 1433/1538/1256 1434/1539/17
f 1417/1521/1242 1434/1539/17 1418/1522/17
f 1418/1522/17 1434/1539/17 1435/1540/1257
f 1418/1522/17 1435/1540/1257 1419/1523/1243
f 1419/1523/1243 1435/1540/1257 1436/1541/1258
f 1419/1523/1243 1436/1541/1258 1420/1524/1244
f 1420/1524/1244 1436/1541/1258 1437/1542/1259
f 1420/1524/1244 1437/1542/1259 1421/1525/1245
f 1421/1525/1245 1437/1542/1259 1438/1543/1260
f 1421/1525/1245 1438/1543/1260 1422/1526/1246
f 1422/1526/1246 1438/1543/1260 1439/1544/1261
f 1422/1526/1246 1439/1544/1261 1423/1527/1247
f 1423/1527/1247 1439/1544/1261 1440/1545/1262
f 1423/1527/1247 1440/1545/1262 1424/1528/1248
f 1424/1528/1248 1440/1545/1262 1441/1546/1263
f 1424/1528/1248 1441/1546/1263 1425/1529/1249
f 1425/1529/1249 1441/1546/1263 1426/1547/2
f 1425/1529/1249 1426/1547/2 1410/1530/2
f 1426/1531/2 1442/1548/2 1443/1549/1264
f 1426/1531/2 1443/1549/1264 1427/1532/1250
f 1427/1532/1250 1443/1549/1264 1444/1550/1265
f 1427/1532/1250 1444/1550/1265 1428/1533/1251
f 1428/1533/1251 1444/1550/1265 1445/1551/1266
f 1428/1533/1251 1445/1551/1266 1429/1534/1252
f 1429/1534/1252 1445/1551/1266 1446/1552/1267
f 1429/1534/1252 1446/1552/1267 1430/1535/1253
f 1430/1535/1253 1446/1552/1267 1447/1553/1268
f 1430/1535/1253 1447/1553/1268 1431/1536/1254
f 1431/1536/1254 1447/1553/1268 1448/1554/1269
f 1431/1536/1254 1448/1554/1269 1432/1537/1255
f 1432/1537/1255 1448/1554/1269 1449/1555/1270
f 1432/1537/1255 1449/1555/1270 1433/1538/1256
f 1433/1538/1256 1449/1555/1270 1450/1556/17
f 1433/1538/1256 1450/1556/17 1434/1539/17
f 1434/1539/17 1450/1556/17 1451/1557/1271
f 1434/1539/17 1451/1557/1271 1435/1540/1257
f 1435/1540/1257 1451/1557/1271 1452/1558/1272
f 1435/1540/1257 1452/1558/1272 1436/1541/1258
f 1436/1541/1258 1452/1558/1272 1453/1559/1273
f 1436/1541/1258 1453/1559/1273 1437/1542/1259
f 1437/1542/1259 1453/1559/1273 1454/1560/1274
f 1437/1542/1259 1454/1560/1274 1438/1543/1260
f 1438/1543/1260 1454/1560/1274 1455/1561/1275
f 1438/1543/1260 1455/1561/1275 1439/1544/1261
f 1439/1544/1261 1455/1561/1275 1456/1562/1276
f 1439/1544/1261 1456/1562/1276 1440/1545/1262
f 1440/1545/1262 1456/1562/1276 1457/1563/1277
f 1440/1545/1262 1457/1563/1277 1441/1546/1263
f 1441/1546/1263 1457/1563/1277 1442/1564/2
f 1441/1546/1263 1442/1564/2 1426/1547/2
f 1442/1548/2 1458/1565/2 1459/1566/1278
f 1442/1548/2 1459/1566/1278 1443/1549/1264
f 1443/1549/1264 1459/1566/1278 1460/1567/1279
f 1443/1549/1264 1460/1567/1279 1444/1550/1265
f 1444/1550/1265 1460/1567/1279 1461/1568/1280
f 1444/1550/1265 1461/1568/1280 1445/1551/1266
f 1445/1551/1266 1461/1568/1280 1462/1569/1281
f 1445/1551/1266 1462/1569/1281 1446/1552/1267
f 1446/1552/1267 1462/1569/1281 1463/1570/1282
f 1446/1552/1267 1463/1570/1282 1447/1553/1268
f 1447/1553/1268 1463/1570/1282 1464/1571/1283
f 1447/1553/1268 1464/1571/1283 1448/1554/1269
f 1448/1554/1269 1464/1571/1283 1465/1572/1284
f 1448/1554/1269 1465/1572/1284 1449/1555/1270
f 1449/1555/1270 1465/1572/1284 1466/1573/17
f 1449/1555/1270 1466/1573/17 1450/1556/17
f 1450/1556/17 1466/1573/17 1467/1574/1285
f 1450/1556/17 1467/1574/1285 1451/1557/1271
f 1451/1557/1271 1467/1574/1285 1468/1575/1286
f 1451/1557/1271 1468/1575/1286 1452/1558/1272
f 1452/1558/1272 1468/1575/1286 1469/1576/1287
f 1452/1558/1272 1469/1576/1287 1453/1559/1273
f 1453/1559/1273 1469/1576/1287 1470/1577/1288
f 1453/1559/1273 1470/1577/1288 1454/1560/1274
f 1454/1560/1274 1470/1577/1288 1471/1578/1289
f 1454/1560/1274 1471/1578/1289 1455/1561/1275
f 1455/1561/1275 1471/1578/1289 1472/1579/1290
f 1455/1561/1275 1472/1579/1290 1456/1562/1276
f 1456/1562/1276 1472/1579/1290 1473/1580/1291
f 1456/1562/1276 1473/1580/1291 1457/1563/1277
f 1457/1563/1277 1473/1580/1291 1458/1581/2
f 1457/1563/1277 1458/1581/2 1442/1564/2
f 1458/1565/2 1474/1582/2 1475/1583/1292
f 1458/1565/2 1475/1583/1292 1459/1566/1278
f 1459/1566/1278 1475/1583/1292 1476/1584/1293
f 1459/1566/1278 1476/1584/1293 1460/1567/1279
f 1460/1567/1279 1476/1584/1293 1477/1585/1294
f 1460/1567/1279 1477/1585/1294 1461/1568/1280
f 1461/1568/1280 1477/1585/1294 1478/1586/1295
f 1461/1568/1280 1478/1586/1295 1462/1569/1281
f 1462/1569/1281 1478/1586/1295 1479/1587/1296
f 1462/1569/1281 1479/1587/1296 1463/1570/1282
f 1463/1570/1282 1479/1587/1296 1480/1588/1297
f 1463/1570/1282 1480/1588/1297 1464/1571/1283
f 1464/1571/1283 1480/1588/1297 1481/1589/1298
f 1464/1571/1283 1481/1589/1298 1465/1572/1284
f 1465/1572/1284 1481/1589/1298 1482/1590/17
f 1465/1572/1284 1482/1590/17 1466/1573/17
f 1466/1573/17 1482/1590/17 1483/1591/1299
f 1466/1573/17 1483/1591/1299 1467/1574/1285
f 1467/1574/1285 1483/1591/1299 1484/1592/1300
f 1467/1574/1285 1484/1592/1300 1468/1575/1286
f 1468/1575/1286 1484/1592/1300 1485/1593/1301
f 1468/1575/1286 1485/1593/1301 1469/1576/1287
f 1469/1576/1287 1485/1593/1301 1486/1594/1302
f 1469/1576/1287 1486/1594/1302 1470/1577/1288
f 1470/1577/1288 1486/1594/1302 1487/1595/1303
f 1470/1577/1288 1487/1595/1303 1471/1578/1289
f 1471/1578/1289 1487/1595/1303 1488/1596/1304
f 1471/1578/1289 1488/1596/1304 1472/1579/1290
f 1472/1579/1290 1488/1596/1304 1489/1597/1305
f 1472/1579/1290 1489/1597/1305 1473/1580/1291
f 1473/1580/1291 1489/1597/1305 1474/1598/2
f 1473/1580/1291 1474/1598/2 1458/1581/2
f 1474/1582/2 1490/1599/2 1491/1600/1306
f 1474/1582/2 1491/1600/1306 1475/1583/1292
f 1475/1583/1292 1491/1600/1306 1492/1601/1307
f 1475/1583/1292 1492/1601/1307 1476/1584/1293
f 1476/1584/1293 1492/1601/1307 1493/1602/1308
f 1476/1584/1293 1493/1602/1308 1477/1585/1294
f 1477/1585/1294 1493/1602/1308 1494/1603/1309
f 1477/1585/1294 1494/1603/1309 1478/1586/1295
f 1478/1586/1295 1494/1603/1309 1495/1604/1310
f 1478/1586/1295 1495/1604/1310 1479/1587/1296
f 1479/1587/1296 1495/1604/1310 1496/1605/1311
f 1479/1587/1296 1496/1605/1311 1480/1588/1297
f 1480/1588/1297 1496/1605/1311 1497/1606/1312
f 1480/1588/1297 1497/1606/1312 1481/1589/1298
f 1481/1589/1298 1497/1606/1312 1498/1607/17
f 1481/1589/1298 1498/1607/17 1482/1590/17
f 1482/1590/17 1498/1607/17 1499/1608/1313
f 1482/1590/17 1499/1608/1313 1483/1591/1299
f 1483/1591/1299 1499/1608/1313 1500/1609/1314
f 1483/1591/1299 1500/1609/1314 1484/1592/1300
f 1484/1592/1300 1500/1609/1314 1501/1610/1315
f 1484/1592/1300 1501/1610/1315 1485/1593/1301
f 1485/1593/1301 1501/1610/1315 1502/1611/1316
f 1485/1593/1301 1502/1611/1316 1486/1594/1302
f 1486/1594/1302 1502/1611/1316 1503/1612/1317
f 1486/1594/1302 1503/1612/1317 1487/1595/1303
f 1487/1595/1303 1503/1612/1317 1504/1613/1318
f 1487/1595/1303 1504/1613/1318 1488/1596/1304
f 1488/1596/1304 1504/1613/1318 1505/1614/1319
f 1488/1596/1304 1505/1614/1319 1489/1597/1305
f 1489/1597/1305 1505/1614/1319 1490/1615/2
f 1489/1597/1305 1490/1615/2 1474/1598/2
f 1490/1599/2 1506/1616/2 1507/1617/1320
f 1490/1599/2 1507/1617/1320 1491/1600/1306
f 1491/1600/1306 1507/1617/1320 1508/1618/1321
f 1491/1600/1306 1508/1618/1321 1492/1601/1307
f 1492/1601/1307 1508/1618/1321 1509/1619/1322
f 1492/1601/1307 1509/1619/1322 1493/1602/1308
f 1493/1602/1308 1509/1619/1322 1510/1620/1323
f 1493/1602/1308 1510/1620/1323 1494/1603/1309
f 1494/1603/1309 1510/1620/1323 1511/1621/1324
f 1494/1603/1309 1511/1621/1324 1495/1604/1310
f 1495/1604/1310 1511/1621/1324 1512/1622/1325
f 1495/1604/1310 1512/1622/1325 1496/1605/1311
f 1496/1605/1311 1512/1622/1325 1513/1623/1326
f 1496/1605/1311 1513/1623/1326 1497/1606/1312
f 1497/1606/1312 1513/1623/1326 1514/1624/17
f 1497/1606/1312 1514/1624/17 1498/1607/17
f 1498/1607/17 1514/1624/17 1515/1625/1327
f 1498/1607/17 1515/1625/1327 1499/1608/1313
f 1499/1608/1313 1515/1625/1327 1516/1626/1328
f 1499/1608/1313 1516/1626/1328 1500/1609/1314
f 1500/1609/1314 1516/1626/1328 1517/1627/1329
f 1500/1609/1314 1517/1627/1329 1501/1610/1315
f 1501/1610/1315 1517/1627/1329 1518/1628/1330
f 1501/1610/1315 1518/1628/1330 1502/1611/1316
f 1502/1611/1316 1518/1628/1330 1519/1629/1331
f 1502/1611/1316 1519/1629/1331 1503/1612/1317
f 1503/1612/1317 1519/1629/1331 1520/1630/1332
f 1503/1612/1317 1520/1630/1332 1504/1613/1318
f 1504/1613/1318 1520/1630/1332 1521/1631/1333
f 1504/1613/1318 1521/1631/1333 1505/1614/1319
f 1505/1614/1319 1521/1631/1333 1506/1632/2
f 1505/1614/1319 1506/1632/2 1490/1615/2
f 1506/1616/2 1522/1633/2 1523/1634/1334
f 1506/1616/2 1523/1634/1334 1507/1617/1320
f 1507/1617/1320 1523/1634/1334 1524/1635/1335
f 1507/1617/1320 1524/1635/1335 1508/1618/1321
f 1508/1618/1321 1524/1635/1335 1525/1636/1336
f 1508/1618/1321 1525/1636/1336 1509/1619/1322
f 1509/1619/1322 1525/1636/1336 1526/1637/1337
f 1509/1619/1322 1526/1637/1337 1510/1620/1323
f 1510/1620/1323 1526/1637/1337 1527/1638/1338
f 1510/1620/1323 1527/1638/1338 1511/1621/1324
f 1511/1621/1324 1527/1638/1338 1528/1639/1339
f 1511/1621/1324 1528/1639/1339 1512/1622/1325
f 1512/1622/1325 1528/1639/1339 1529/1640/1340
f 1512/1622/1325 1529/1640/1340 1513/1623/1326
f 1513/1623/1326 1529/1640/1340 1530/1641/17
f 1513/1623/1326 1530/1641/17 1514/1624/17
f 1514/1624/17 1530/1641/17 1531/1642/1341
f 1514/1624/17 1531/1642/1341 1515/1625/1327
f 1515/1625/1327 1531/1642/1341 1532/1643/1342
f 1515/1625/1327 1532/1643/1342 1516/1626/1328
f 1516/1626/1328 1532/1643/1342 1533/1644/1343
f 1516/1626/1328 1533/1644/1343 1517/1627/1329
f 1517/1627/1329 1533/1644/1343 1534/1645/1344
f 1517/1627/1329 1534/1645/1344 1518/1628/1330
f 1518/1628/1330 1534/1645/1344 1535/1646/1345
f 1518/1628/1330 1535/1646/1345 1519/1629/1331
f 1519/1629/1331 1535/1646/1345 1536/1647/1346
f 1519/1629/1331 1536/1647/1346 1520/1630/1332
f 1520/1630/1332 1536/1647/1346 1537/1648/1347
f 1520/1630/1332 1537/1648/1347 1521/1631/1333
f 1521/1631/1333 1537/1648/1347 1522/1649/2
f 1521/1631/1333 1522/1649/2 1506/1632/2
f 1522/1633/2 1538/1650/2 1539/1651/1348
f 1522/1633/2 1539/1651/1348 1523/1634/1334
f 1523/1634/1334 1539/1651/1348 1540/1652/1349
f 1523/1634/1334 1540/1652/1349 1524/1635/1335
f 1524/1635/1335 1540/1652/1349 1541/1653/1350
f 1524/1635/1335 1541/1653/1350 1525/1636/1336
f 1525/1636/1336 1541/1653/1350 1542/1654/1351
f 1525/1636/1336 1542/1654/1351 1526/1637/1337
f 1526/1637/1337 1542/1654/1351 1543/1655/1352
f 1526/1637/1337 1543/1655/1352 1527/1638/1338
f 1527/1638/1338 1543/1655/1352 1544/1656/1353
f 1527/1638/1338 1544/1656/1353 1528/1639/1339
f 1528/1639/1339 1544/1656/1353 1545/1657/1354
f 1528/1639/1339 1545/1657/1354 1529/1640/1340
f 1529/1640/1340 1545/1657/1354 1546/1658/17
f 1529/1640/1340 1546/1658/17 1530/1641/17
f 1530/1641/17 1546/1658/17 1547/1659/1355
f 1530/1641/17 1547/1659/1355 1531/1642/1341
f 1531/1642/1341 1547/1659/1355 1548/1660/1356
f 1531/1642/1341 1548/1660/1356 1532/1643/1342
f 1532/1643/1342 1548/1660/1356 1549/1661/1357
f 1532/1643/1342 1549/1661/1357 1533/1644/1343
f 1533/1644/1343 1549/1661/1357 1550/1662/1358
f 1533/1644/1343 1550/1662/1358 1534/1645/1344
f 1534/1645/1344 1550/1662/1358 1551/1663/1359
f 1534/1645/1344 1551/1663/1359 1535/1646/1345
f 1535/1646/1345 1551/1663/1359 1552/1664/1360
f 1535/1646/1345 1552/1664/1360 1536/1647/1346
f 1536/1647/1346 1552/1664/1360 1553/1665/1361
f 1536/1647/1346 1553/1665/1361 1537/1648/1347
f 1537/1648/1347 1553/1665/1361 1538/1666/2
f 1537/1648/1347 1538/1666/2 1522/1649/2
f 1538/1650/2 1554/1667/2 1555/1668/1362
f 1538/1650/2 1555/1668/1362 1539/1651/1348
f 1539/1651/1348 1555/1668/1362 1556/1669/1363
f 1539/1651/1348 1556/1669/1363 1540/1652/1349
f 1540/1652/1349 1556/1669/1363 1557/1670/1364
f 1540/1652/1349 1557/1670/1364 1541/1653/1350
f 1541/1653/1350 1557/1670/1364 1558/1671/1365
f 1541/1653/1350 1558/1671/1365 1542/1654/1351
f 1542/1654/1351 1558/1671/1365 1559/1672/1366
f 1542/1654/1351 1559/1672/1366 1543/1655/1352
f 1543/1655/1352 1559/1672/1366 1560/1673/1367
f 1543/1655/1352 1560/1673/1367 1544/1656/1353
f 1544/1656/1353 1560/1673/1367 1561/1674/1368
f 1544/1656/1353 1561/1674/1368 1545/1657/1354
f 1545/1657/1354 1561/1674/1368 1562/1675/17
f 1545/1657/1354 1562/1675/17 1546/1658/17
f 1546/1658/17 1562/1675/17 1563/1676/1369
f 1546/1658/17 1563/1676/1369 1547/1659/1355
f 1547/1659/1355 1563/1676/1369 1564/1677/1370
f 1547/1659/1355 1564/1677/1370 1548/1660/1356
f 1548/1660/1356 1564/1677/1370 1565/1678/1371
f 1548/1660/1356 1565/1678/1371 1549/1661/1357
f 1549/1661/1357 1565/1678/1371 1566/1679/1372
f 1549/1661/1357 1566/1679/1372 1550/1662/1358
f 1550/1662/1358 1566/1679/1372 1567/1680/1373
f 1550/1662/1358 1567/1680/1373 1551/1663/1359
f 1551/1663/1359 1567/1680/1373 1568/1681/1374
f 1551/1663/1359 1568/1681/1374 1552/1664/1360
f 1552/1664/1360 1568/1681/1374 1569/1682/1375
f 1552/1664/1360 1569/1682/1375 1553/1665/1361
f 1553/1665/1361 1569/1682/1375 1554/1683/2
f 1553/1665/1361 1554/1683/2 1538/1666/2
f 1554/1667/2 1570/1684/2 1571/1685/1376
f 1554/1667/2 1571/1685/1376 1555/1668/1362
f 1555/1668/1362 1571/1685/1376 1572/1686/1377
f 1555/1668/1362 1572/1686/1377 1556/1669/1363
f 1556/1669/1363 1572/1686/1377 1573/1687/1378
f 1556/1669/1363 1573/1687/1378 1557/1670/1364
f 1557/1670/1364 1573/1687/1378 1574/1688/1379
f 1557/1670/1364 1574/1688/1379 1558/1671/1365
f 1558/1671/1365 1574/1688/1379 1575/1689/1380
f 1558/1671/1365 1575/1689/1380 1559/1672/1366
f 1559/1672/1366 1575/1689/1380 1576/1690/1381
f 1559/1672/1366 1576/1690/1381 1560/1673/1367
f 1560/1673/1367 1576/1690/1381 1577/1691/1382
f 1560/1673/1367 1577/1691/1382 1561/1674/1368
f 1561/1674/1368 1577/1691/1382 1578/1692/17
f 1561/1674/1368 1578/1692/17 1562/1675/17
f 1562/1675/17 1578/1692/17 1579/1693/1383
f 1562/1675/17 1579/1693/1383 1563/1676/1369
f 1563/1676/1369 1579/1693/1383 1580/1694/1384
f 1563/1676/1369 1580/1694/1384 1564/1677/1370
f 1564/1677/1370 1580/1694/1384 1581/1695/1385
f 1564/1677/1370 1581/1695/1385 1565/1678/1371
f 1565/1678/1371 1581/1695/1385 1582/1696/1386
f 1565/1678/1371 1582/1696/1386 1566/1679/1372
f 1566/1679/1372 1582/1696/1386 1583/1697/1387
f 1566/1679/1372 1583/1697/1387 1567/1680/1373
f 1567/1680/1373 1583/1697/1387 1584/1698/1388
f 1567/1680/1373 1584/1698/1388 1568/1681/1374
f 1568/1681/1374 1584/1698/1388 1585/1699/1389
f 1568/1681/1374 1585/1699/1389 1569/1682/1375
f 1569/1682/1375 1585/1699/1389 1570/1700/2
f 1569/1682/1375 1570/1700/2 1554/1683/2
f 1570/1684/2 1586/1701/2 1587/1702/1390
f 1570/1684/2 1587/1702/1390 1571/1685/1376
f 1571/1685/1376 1587/1702/1390 1588/1703/1391
f 1571/1685/1376 1588/1703/1391 1572/1686/1377
f 1572/1686/1377 1588/1703/1391 1589/1704/1392
f 1572/1686/1377 1589/1704/1392 1573/1687/1378
f 1573/1687/1378 1589/1704/1392 1590/1705/1393
f 1573/1687/1378 1590/1705/1393 1574/1688/1379
f 1574/1688/1379 1590/1705/1393 1591/1706/1394
f 1574/1688/1379 1591/1706/1394 1575/1689/1380
f 1575/1689/1380 1591/1706/1394 1592/1707/1395
f 1575/1689/1380 1592/1707/1395 1576/1690/1381
f 1576/1690/1381 1592/1707/1395 1593/1708/1396
f 1576/1690/1381 1593/1708/1396 1577/1691/1382
f 1577/1691/1382 1593/1708/1396 1594/1709/17
f 1577/1691/1382 1594/1709/17 1578/1692/17
f 1578/1692/17 1594/1709/17 1595/1710/1397
f 1578/1692/17 1595/1710/1397 1579/1693/1383
f 1579/1693/1383 1595/1710/1397 1596/1711/1398
f 1579/1693/1383 1596/1711/1398 1580/1694/1384
f 1580/1694/1384 1596/1711/1398 1597/1712/1399
f 1580/1694/1384 1597/1712/1399 1581/1695/1385
f 1581/1695/1385 1597/1712/1399 1598/1713/1400
f 1581/1695/1385 1598/1713/1400 1582/1696/1386
f 1582/1696/1386 1598/1713/1400 1599/1714/1401
f 1582/1696/1386 1599/1714/1401 1583/1697/1387
f 1583/1697/1387 1599/1714/1401 1600/1715/1402
f 1583/1697/1387 1600/1715/1402 1584/1698/1388
f 1584/1698/1388 1600/1715/1402 1601/1716/1403
f 1584/1698/1388 1601/1716/1403 1585/1699/1389
f 1585/1699/1389 1601/1716/1403 1586/1717/2
f 1585/1699/1389 1586/1717/2 1570/1700/2
f 1586/1701/2 1602/1718/2 1603/1719/1404
f 1586/1701/2 1603/1719/1404 1587/1702/1390
f 1587/1702/1390 1603/1719/1404 1604/1720/1405
f 1587/1702/1390 1604/1720/1405 1588/1703/1391
f 1588/1703/1391 1604/1720/1405 1605/1721/1406
f 1588/1703/1391 1605/1721/1406 1589/1704/1392
f 1589/1704/1392 1605/1721/1406 1606/1722/1407
f 1589/1704/1392 1606/1722/1407 1590/1705/1393
f 1590/1705/1393 1606/1722/1407 1607/1723/1408
f 1590/1705/1393 1607/1723/1408 1591/1706/1394
f 1591/1706/1394 1607/1723/1408 1608/1724/1409
f 1591/1706/1394 1608/1724/1409 1592/1707/1395
f 1592/1707/1395 1608/1724/1409 1609/1725/1410
f 1592/1707/1395 1609/1725/1410 1593/1708/1396
f 1593/1708/1396 1609/1725/1410 1610/1726/17
f 1593/1708/1396 1610/1726/17 1594/1709/17
f 1594/1709/17 1610/1726/17 1611/1727/1411
f 1594/1709/17 1611/1727/1411 1595/1710/1397
f 1595/1710/1397 1611/1727/1411 1612/1728/1412
f 1595/1710/1397 1612/1728/1412 1596/1711/1398
f 1596/1711/1398 1612/1728/1412 1613/1729/1413
f 1596/1711/1398 1613/1729/1413 1597/1712/1399
f 1597/1712/1399 1613/1729/1413 1614/1730/1414
f 1597/1712/1399 1614/1730/1414 1598/1713/1400
f 1598/1713/1400 1614/1730/1414 1615/1731/1415
f 1598/1713/1400 1615/1731/1415 1599/1714/1401
f 1599/1714/1401 1615/1731/1415 1616/1732/1416
f 1599/1714/1401 1616/1732/1416 1600/1715/1402
f 1600/1715/1402 1616/1732/1416 1617/1733/1417
f 1600/1715/1402 1617/1733/1417 1601/1716/1403
f 1601/1716/1403 1617/1733/1417 1602/1734/2
f 1601/1716/1403 1602/1734/2 1586/1717/2
f 1602/1718/2 1618/1735/2 1619/1736/1418
f 1602/1718/2 1619/1736/1418 1603/1719/1404
f 1603/1719/1404 1619/1736/1418 1620/1737/1419
f 1603/1719/1404 1620/1737/1419 1604/1720/1405
f 1604/1720/1405 1620/1737/1419 1621/1738/1420
f 1604/1720/1405 1621/1738/1420 1605/1721/1406
f 1605/1721/1406 1621/1738/1420 1622/1739/1421
f 1605/1721/1406 1622/1739/1421 1606/1722/1407
f 1606/1722/1407 1622/1739/1421 1623/1740/1422
f 1606/1722/1407 1623/1740/1422 1607/1723/1408
f 1607/1723/1408 1623/1740/1422 1624/1741/1423
f 1607/1723/1408 1624/1741/1423 1608/1724/1409
f 1608/1724/1409 1624/1741/1423 1625/1742/1424
f 1608/1724/1409 1625/1742/1424 1609/1725/1410
f 1609/1725/1410 1625/1742/1424 1626/1743/17
f 1609/1725/1410 1626/1743/17 1610/1726/17
f 1610/1726/17 1626/1743/17 1627/1744/1425
f 1610/1726/17 1627/1744/1425 1611/1727/1411
f 1611/1727/1411 1627/1744/1425 1628/1745/1426
f 1611/1727/1411 1628/1745/1426 1612/1728/1412
f 1612/1728/1412 1628/1745/1426 1629/1746/1427
f 1612/1728/1412 1629/1746/1427 1613/1729/1413
f 1613/1729/1413 1629/1746/1427 1630/1747/1428
f 1613/1729/1413 1630/1747/1428 1614/1730/1414
f 1614/1730/1414 1630/1747/1428 1631/1748/1429
f 1614/1730/1414 1631/1748/1429 1615/1731/1415
f 1615/1731/1415 1631/1748/1429 1632/1749/1430
f 1615/1731/1415 1632/1749/1430 1616/1732/1416
f 1616/1732/1416 1632/1749/1430 1633/1750/1431
f 1616/1732/1416 1633/1750/1431 1617/1733/1417
f 1617/1733/1417 1633/1750/1431 1618/1751/2
f 1617/1733/1417 1618/1751/2 1602/1734/2
f 1618/1735/2 1634/1752/2 1635/1753/1432
f 1618/1735/2 1635/1753/1432 1619/1736/1418
f 1619/1736/1418 1635/1753/1432 1636/1754/1433
f 1619/1736/1418 1636/1754/1433 1620/1737/1419
f 1620/1737/1419 1636/1754/1433 1637/1755/1434
f 1620/1737/1419 1637/1755/1434 1621/1738/1420
f 1621/1738/1420 1637/1755/1434 1638/1756/1435
f 1621/1738/1420 1638/1756/1435 1622/1739/1421
f 1622/1739/1421 1638/1756/1435 1639/1757/1436
f 1622/1739/1421 1639/1757/1436 1623/1740/1422
f 1623/1740/1422 1639/1757/1436 1640/1758/1437
f 1623/1740/1422 1640/1758/1437 1624/1741/1423
f 1624/1741/1423 1640/1758/1437 1641/1759/1438
f 1624/1741/1423 1641/1759/1438 1625/1742/1424
f 1625/1742/1424 1641/1759/1438 1642/1760/17
f 1625/1742/1424 1642/1760/17 1626/1743/17
f 1626/1743/17 1642/1760/17 1643/1761/1439
f 1626/1743/17 1643/1761/1439 1627/1744/1425
f 1627/1744/1425 1643/1761/1439 1644/1762/1440
f 1627/1744/1425 1644/1762/1440 1628/1745/1426
f 1628/1745/1426 1644/1762/1440 1645/1763/1441
f 1628/1745/1426 1645/1763/1441 1629/1746/1427
f 1629/1746/1427 1645/1763/1441 1646/1764/1442
f 1629/1746/1427 1646/1764/1442 1630/1747/1428
f 1630/1747/1428 1646/1764/1442 1647/1765/1443
f 1630/1747/1428 1647/1765/1443 1631/1748/1429
f 1631/1748/1429 1647/1765/1443 1648/1766/1444
f 1631/1748/1429 1648/1766/1444 1632/1749/1430
f 1632/1749/1430 1648/1766/1444 1649/1767/1445
f 1632/1749/1430 1649/1767/1445 1633/1750/1431
f 1633/1750/1431 1649/1767/1445 1634/1768/2
f 1633/1750/1431 1634/1768/2 1618/1751/2
f 1634/1752/2 1650/1769/2 1651/1770/1446
f 1634/1752/2 1651/1770/1446 1635/1753/1432
f 1635/1753/1432 1651/1770/1446 1652/1771/1447
f 1635/1753/1432 1652/1771/1447 1636/1754/1433
f 1636/1754/1433 1652/1771/1447 1653/1772/1448
f 1636/1754/1433 1653/1772/1448 1637/1755/1434
f 1637/1755/1434 1653/1772/1448 1654/1773/1449
f 1637/1755/1434 1654/1773/1449 1638/1756/1435
f 1638/1756/1435 1654/1773/1449 1655/1774/1450
f 1638/1756/1435 1655/1774/1450 1639/1757/1436
f 1639/1757/1436 1655/1774/1450 1656/1775/1451
f 1639/1757/1436 1656/1775/1451 1640/1758/1437
f 1640/1758/1437 1656/1775/1451 1657/1776/1452
f 1640/1758/1437 1657/1776/1452 1641/1759/1438
f 1641/1759/1438 1657/1776/1452 1658/1777/17
f 1641/1759/1438 1658/1777/17 1642/1760/17
f 1642/1760/17 1658/1777/17 1659/1778/1453
f 1642/1760/17 1659/1778/1453 1643/1761/1439
f 1643/1761/1439 1659/1778/1453 1660/1779/1454
f 1643/1761/1439 1660/1779/1454 1644/1762/1440
f 1644/1762/1440 1660/1779/1454 1661/1780/1455
f 1644/1762/1440 1661/1780/1455 1645/1763/1441
f 1645/1763/1441 1661/1780/1455 1662/1781/1456
f 1645/1763/1441 1662/1781/1456 1646/1764/1442
f 1646/1764/1442 1662/1781/1456 1663/1782/1457
f 1646/1764/1442 1663/1782/1457 1647/1765/1443
f 1647/1765/1443 1663/1782/1457 1664/1783/1458
f 1647/1765/1443 1664/1783/1458 1648/1766/1444
f 1648/1766/1444 1664/1783/1458 1665/1784/1459
f 1648/1766/1444 1665/1784/1459 1649/1767/1445
f 1649/1767/1445 1665/1784/1459 1650/1785/2
f 1649/1767/1445 1650/1785/2 1634/1768/2
f 1650/1769/2 1666/1786/2 1667/1787/1460
f 1650/1769/2 1667/1787/1460 1651/1770/1446
f 1651/1770/1446 1667/1787/1460 1668/1788/1461
f 1651/1770/1446 1668/1788/1461 1652/1771/1447
f 1652/1771/1447 1668/1788/1461 1669/1789/1462
f 1652/1771/1447 1669/1789/1462 1653/1772/1448
f 1653/1772/1448 1669/1789/1462 1670/1790/1463
f 1653/1772/1448 1670/1790/1463 1654/1773/1449
f 1654/1773/1449 1670/1790/1463 1671/1791/1464
f 1654/1773/1449 1671/1791/1464 1655/1774/1450
f 1655/1774/1450 1671/1791/1464 1672/1792/1465
f 1655/1774/1450 1672/1792/1465 1656/1775/1451
f 1656/1775/1451 1672/1792/1465 1673/1793/1466
f 1656/1775/1451 1673/1793/1466 1657/1776/1452
f 1657/1776/1452 1673/1793/1466 1674/1794/17
f 1657/1776/1452 1674/1794/17 1658/1777/17
f 1658/1777/17 1674/1794/17 1675/1795/1467
f 1658/1777/17 1675/1795/1467 1659/1778/1453
f 1659/1778/1453 1675/1795/1467 1676/1796/1468
f 1659/1778/1453 1676/1796/1468 1660/1779/1454
f 1660/1779/1454 1676/1796/1468 1677/1797/1469
f 1660/1779/1454 1677/1797/1469 1661/1780/1455
f 1661/1780/1455 1677/1797/1469 1678/1798/1470
f 1661/1780/1455 1678/1798/1470 1662/1781/1456
f 1662/1781/1456 1678/1798/1470 1679/1799/1471
f 1662/1781/1456 1679/1799/1471 1663/1782/1457
f 1663/1782/1457 1679/1799/1471 1680/1800/1472
f 1663/1782/1457 1680/1800/1472 1664/1783/1458
f 1664/1783/1458 1680/1800/1472 1681/1801/1473
f 1664/1783/1458 1681/1801/1473 1665/1784/1459
f 1665/1784/1459 1681/1801/1473 1666/1802/2
f 1665/1784/1459 1666/1802/2 1650/1785/2
f 1666/1786/2 1682/1803/2 1683/1804/1474
f 1666/1786/2 1683/1804/1474 1667/1787/1460
f 1667/1787/1460 1683/1804/1474 1684/1805/1475
f 1667/1787/1460 1684/1805/1475 1668/1788/1461
f 1668/1788/1461 1684/1805/1475 1685/1806/1476
f 1668/1788/1461 1685/1806/1476 1669/1789/1462
f 1669/1789/1462 1685/1806/1476 1686/1807/1477
f 1669/1789/1462 1686/1807/1477 1670/1790/1463
f 1670/1790/1463 1686/1807/1477 1687/1808/1478
f 1670/1790/1463 1687/1808/1478 1671/1791/1464
f 1671/1791/1464 1687/1808/1478 1688/1809/1479
f 1671/1791/1464 1688/1809/1479 1672/1792/1465
f 1672/1792/1465 1688/1809/1479 1689/1810/1480
f 1672/1792/1465 1689/1810/1480 1673/1793/1466
f 1673/1793/1466 1689/1810/1480 1690/1811/17
f 1673/1793/1466 1690/1811/17 1674/1794/17
f 1674/1794/17 1690/1811/17 1691/1812/1481
f 1674/1794/17 1691/1812/1481 1675/1795/1467
f 1675/1795/1467 1691/1812/1481 1692/1813/1482
f 1675/1795/1467 1692/1813/1482 1676/1796/1468
f 1676/1796/1468 1692/1813/1482 1693/1814/1483
f 1676/1796/1468 1693/1814/1483 1677/1797/1469
f 1677/1797/1469 1693/1814/1483 1694/1815/1484
f 1677/1797/1469 1694/1815/1484 1678/1798/1470
f 1678/1798/1470 1694/1815/1484 1695/1816/1485
f 1678/1798/1470 1695/1816/1485 1679/1799/1471
f 1679/1799/1471 1695/1816/1485 1696/1817/1486
f 1679/1799/1471 1696/1817/1486 1680/1800/1472
f 1680/1800/1472 1696/1817/1486 1697/1818/1487
f 1680/1800/1472 1697/1818/1487 1681/1801/1473
f 1681/1801/1473 1697/1818/1487 1682/1819/2
f 1681/1801/1473 1682/1819/2 1666/1802/2
f 1682/1803/2 1698/1820/2 1699/1821/1488
f 1682/1803/2 1699/1821/1488 1683/1804/1474
f 1683/1804/1474 1699/1821/1488 1700/1822/1489
f 1683/1804/1474 1700/1822/1489 1684/1805/1475
f 1684/1805/1475 1700/1822/1489 1701/1823/1490
f 1684/1805/1475 1701/1823/1490 1685/1806/1476
f 1685/1806/1476 1701/1823/1490 1702/1824/1491
f 1685/1806/1476 1702/1824/1491 1686/1807/1477
f 1686/1807/1477 1702/1824/1491 1703/1825/1492
f 1686/1807/1477 1703/1825/1492 1687/1808/1478
f 1687/1808/1478 1703/1825/1492 1704/1826/1493
f 1687/1808/1478 1704/1826/1493 1688/1809/1479
f 1688/1809/1479 1704/1826/1493 1705/1827/1494
f 1688/1809/1479 1705/1827/1494 1689/1810/1480
f 1689/1810/1480 1705/1827/1494 1706/1828/17
f 1689/1810/1480 1706/1828/17 1690/1811/17
f 1690/1811/17 1706/1828/17 1707/1829/1495
f 1690/1811/17 1707/1829/1495 1691/1812/1481
f 1691/1812/1481 1707/1829/1495 1708/1830/1496
f 1691/1812/1481 1708/1830/1496 1692/1813/1482
f 1692/1813/1482 1708/1830/1496 1709/1831/1497
f 1692/1813/1482 1709/1831/1497 1693/1814/1483
f 1693/1814/1483 1709/1831/1497 1710/1832/1498
f 1693/1814/1483 1710/1832/1498 1694/1815/1484
f 1694/1815/1484 1710/1832/1498 1711/1833/1499
f 1694/1815/1484 1711/1833/1499 1695/1816/1485
f 1695/1816/1485 1711/1833/1499 1712/1834/1500
f 1695/1816/1485 1712/1834/1500 1696/1817/1486
f 1696/1817/1486 1712/1834/1500 1713/1835/1501
f 1696/1817/1486 1713/1835/1501 1697/1818/1487
f 1697/1818/1487 1713/1835/1501 1698/1836/2
f 1697/1818/1487 1698/1836/2 1682/1819/2
f 1698/1820/2 1714/1837/2 1715/1838/1502
f 1698/1820/2 1715/1838/1502 1699/1821/1488
f 1699/1821/1488 1715/1838/1502 1716/1839/1503
f 1699/1821/1488 1716/1839/1503 1700/1822/1489
f 1700/1822/1489 1716/1839/1503 1717/1840/1504
f 1700/1822/1489 1717/1840/1504 1701/1823/1490
f 1701/1823/1490 1717/1840/1504 1718/1841/1505
f 1701/1823/1490 1718/1841/1505 1702/1824/1491
f 1702/1824/1491 1718/1841/1505 1719/1842/1506
f 1702/1824/1491 1719/1842/1506 1703/1825/1492
f 1703/1825/1492 1719/1842/1506 1720/1843/1507
f 1703/1825/1492 1720/1843/1507 1704/1826/1493
f 1704/1826/1493 1720/1843/1507 1721/1844/1508
f 1704/1826/1493 1721/1844/1508 1705/1827/1494
f 1705/1827/1494 1721/1844/1508 1722/1845/17
f 1705/1827/1494 1722/1845/17 1706/1828/17
f 1706/1828/17 1722/1845/17 1723/1846/1509
f 1706/1828/17 1723/1846/1509 1707/1829/1495
f 1707/1829/1495 1723/1846/1509 1724/1847/1510
f 1707/1829/1495 1724/1847/1510 1708/1830/1496
f 1708/1830/1496 1724/1847/1510 1725/1848/1511
f 1708/1830/1496 1725/1848/1511 1709/1831/1497
f 1709/1831/1497 1725/1848/1511 1726/1849/1512
f 1709/1831/1497 1726/1849/1512 1710/1832/1498
f 1710/1832/1498 1726/1849/1512 1727/1850/1513
f 1710/1832/1498 1727/1850/1513 1711/1833/1499
f 1711/1833/1499 1727/1850/1513 1728/1851/1514
f 1711/1833/1499 1728/1851/1514 1712/1834/1500
f 1712/1834/1500 1728/1851/1514 1729/1852/1515
f 1712/1834/1500 1729/1852/1515 1713/1835/1501
f 1713/1835/1501 1729/1852/1515 1714/1853/2
f 1713/1835/1501 1714/1853/2 1698/1836/2
f 1714/1837/2 1730/1854/2 1731/1855/1516
f 1714/1837/2 1731/1855/1516 1715/1838/1502
f 1715/1838/1502 1731/1855/1516 1732/1856/1517
f 1715/1838/1502 1732/1856/1517 1716/1839/1503
f 1716/1839/1503 1732/1856/1517 1733/1857/1518
f 1716/1839/1503 1733/1857/1518 1717/1840/1504
f 1717/1840/1504 1733/1857/1518 1734/1858/1519
f 1717/1840/1504 1734/1858/1519 1718/1841/1505
f 1718/1841/1505 1734/1858/1519 1735/1859/1520
f 1718/1841/1505 1735/1859/1520 1719/1842/1506
f 1719/1842/1506 1735/1859/1520 1736/1860/1521
f 1719/1842/1506 1736/1860/1521 1720/1843/1507
f 1720/1843/1507 1736/1860/1521 1737/1861/1522
f 1720/1843/1507 1737/1861/1522 1721/1844/1508
f 1721/1844/1508 1737/1861/1522 1738/1862/17
f 1721/1844/1508 1738/1862/17 1722/1845/17
f 1722/1845/17 1738/1862/17 1739/1863/1523
f 1722/1845/17 1739/1863/1523 1723/1846/1509
f 1723/1846/1509 1739/1863/1523 1740/1864/1524
f 1723/1846/1509 1740/1864/1524 1724/1847/1510
f 1724/1847/1510 1740/1864/1524 1741/1865/1525
f 1724/1847/1510 1741/1865/1525 1725/1848/1511
f 1725/1848/1511 1741/1865/1525 1742/1866/1526
f 1725/1848/1511 1742/1866/1526 1726/1849/1512
f 1726/1849/1512 1742/1866/1526 1743/1867/1527
f 1726/1849/1512 1743/1867/1527 1727/1850/1513
f 1727/1850/1513 1743/1867/1527 1744/1868/1528
f 1727/1850/1513 1744/1868/1528 1728/1851/1514
f 1728/1851/1514 1744/1868/1528 1745/1869/1529
f 1728/1851/1514 1745/1869/1529 1729/1852/1515
f 1729/1852/1515 1745/1869/1529 1730/1870/2
f 1729/1852/1515 1730/1870/2 1714/1853/2
f 1730/1854/2 1746/1871/2 1747/1872/1530
f 1730/1854/2 1747/1872/1530 1731/1855/1516
f 1731/1855/1516 1747/1872/1530 1748/1873/1531
f 1731/1855/1516 1748/1873/1531 1732/1856/1517
f 1732/1856/1517 1748/1873/1531 1749/1874/1532
f 1732/1856/1517 1749/1874/1532 1733/1857/1518
f 1733/1857/1518 1749/1874/1532 1750/1875/1533
f 1733/1857/1518 1750/1875/1533 1734/1858/1519
f 1734/1858/1519 1750/1875/1533 1751/1876/1534
f 1734/1858/1519 1751/1876/1534 1735/1859/1520
f 1735/1859/1520 1751/1876/1534 1752/1877/1535
f 1735/1859/1520 1752/1877/1535 1736/1860/1521
f 1736/1860/1521 1752/1877/1535 1753/1878/1536
f 1736/1860/1521 1753/1878/1536 1737/1861/1522
f 1737/1861/1522 1753/1878/1536 1754/1879/17
f 1737/1861/1522 1754/1879/17 1738/1862/17
f 1738/1862/17 1754/1879/17 1755/1880/1537
f 1738/1862/17 1755/1880/1537 1739/1863/1523
f 1739/1863/1523 1755/1880/1537 1756/1881/1538
f 1739/1863/1523 1756/1881/1538 1740/1864/1524
f 1740/1864/1524 1756/1881/1538 1757/1882/1539
f 1740/1864/1524 1757/1882/1539 1741/1865/1525
f 1741/1865/1525 1757/1882/1539 1758/1883/1540
f 1741/1865/1525 1758/1883/1540 1742/1866/1526
f 1742/1866/1526 1758/1883/1540 1759/1884/1541
f 1742/1866/1526 1759/1884/1541 1743/1867/1527
f 1743/1867/1527 1759/1884/1541 1760/1885/1542
f 1743/1867/1527 1760/1885/1542 1744/1868/1528
f 1744/1868/1528 1760/1885/1542 1761/1886/1543
f 1744/1868/1528 1761/1886/1543 1745/1869/1529
f 1745/1869/1529 1761/1886/1543 1746/1887/2
f 1745/1869/1529 1746/1887/2 1730/1870/2
f 1746/1871/2 1762/1888/2 1763/1889/1544
f 1746/1871/2 1763/1889/1544 1747/1872/1530
f 1747/1872/1530 1763/1889/1544 1764/1890/1545
f 1747/1872/1530 1764/1890/1545 1748/1873/1531
f 1748/1873/1531 1764/1890/1545 1765/1891/1546
f 1748/1873/1531 1765/1891/1546 1749/1874/1532
f 1749/1874/1532 1765/1891/1546 1766/1892/1547
f 1749/1874/1532 1766/1892/1547 1750/1875/1533
f 1750/1875/1533 1766/1892/1547 1767/1893/1548
f 1750/1875/1533 1767/1893/1548 1751/1876/1534
f 1751/1876/1534 1767/1893/1548 1768/1894/1549
f 1751/1876/1534 1768/1894/1549 1752/1877/1535
f 1752/1877/1535 1768/1894/1549 1769/1895/1550
f 1752/1877/1535 1769/1895/1550 1753/1878/1536
f 1753/1878/1536 1769/1895/1550 1770/1896/17
f 1753/1878/1536 1770/1896/17 1754/1879/17
f 1754/1879/17 1770/1896/17 1771/1897/1551
f 1754/1879/17 1771/1897/1551 1755/1880/1537
f 1755/1880/1537 1771/1897/1551 1772/1898/1552
f 1755/1880/1537 1772/1898/1552 1756/1881/1538
f 1756/1881/1538 1772/1898/1552 1773/1899/1553
f 1756/1881/1538 1773/1899/1553 1757/1882/1539
f 1757/1882/1539 1773/1899/1553 1774/1900/1554
f 1757/1882/1539 1774/1900/1554 1758/1883/1540
f 1758/1883/1540 1774/1900/1554 1775/1901/1555
f 1758/1883/1540 1775/1901/1555 1759/1884/1541
f 1759/1884/1541 1775/1901/1555 1776/1902/1556
f 1759/1884/1541 1776/1902/1556 1760/1885/1542
f 1760/1885/1542 1776/1902/1556 1777/1903/1557
f 1760/1885/1542 1777/1903/1557 1761/1886/1543
f 1761/1886/1543 1777/1903/1557 1762/1904/2
f 1761/1886/1543 1762/1904/2 1746/1887/2
f 1762/1888/2 1778/1905/2 1779/1906/1558
f 1762/1888/2 1779/1906/1558 1763/1889/1544
f 1763/1889/1544 1779/1906/1558 1780/1907/1559
f 1763/1889/1544 1780/1907/1559 1764/1890/1545
f 1764/1890/1545 1780/1907/1559 1781/1908/1560
f 1764/1890/1545 1781/1908/1560 1765/1891/1546
f 1765/1891/1546 1781/1908/1560 1782/1909/1561
f 1765/1891/1546 1782/1909/1561 1766/1892/1547
f 1766/1892/1547 1782/1909/1561 1783/1910/1562
f 1766/1892/1547 1783/1910/1562 1767/1893/1548
f 1767/1893/1548 1783/1910/1562 1784/1911/1563
f 1767/1893/1548 1784/1911/1563 1768/1894/1549
f 1768/1894/1549 1784/1911/1563 1785/1912/1564
f 1768/1894/1549 1785/1912/1564 1769/1895/1550
f 1769/1895/1550 1785/1912/1564 1786/1913/17
f 1769/1895/1550 1786/1913/17 1770/1896/17
f 1770/1896/17 1786/1913/17 1787/1914/1565
f 1770/1896/17 1787/1914/1565 1771/1897/1551
f 1771/1897/1551 1787/1914/1565 1788/1915/1566
f 1771/1897/1551 1788/1915/1566 1772/1898/1552
f 1772/1898/1552 1788/1915/1566 1789/1916/1567
f 1772/1898/1552 1789/1916/1567 1773/1899/1553
f 1773/1899/1553 1789/1916/1567 1790/1917/1568
f 1773/1899/1553 1790/1917/1568 1774/1900/1554
f 1774/1900/1554 1790/1917/1568 1791/1918/1569
f 1774/1900/1554 1791/1918/1569 1775/1901/1555
f 1775/1901/1555 1791/1918/1569 1792/1919/1570
f 1775/1901/1555 1792/1919/1570 1776/1902/1556
f 1776/1902/1556 1792/1919/1570 1793/1920/1571
f 1776/1902/1556 1793/1920/1571 1777/1903/1557
f 1777/1903/1557 1793/1920/1571 1778/1921/2
f 1777/1903/1557 1778/1921/2 1762/1904/2
f 1778/1905/2 1794/1922/2 1795/1923/1572
f 1778/1905/2 1795/1923/1572 1779/1906/1558
f 1779/1906/1558 1795/1923/1572 1796/1924/1573
f 1779/1906/1558 1796/1924/1573 1780/1907/1559
f 1780/1907/1559 1796/1924/1573 1797/1925/1574
f 1780/1907/1559 1797/1925/1574 1781/1908/1560
f 1781/1908/1560 1797/1925/1574 1798/1926/1575
f 1781/1908/1560 1798/1926/1575 1782/1909/1561
f 1782/1909/1561 1798/1926/1575 1799/1927/1576
f 1782/1909/1561 1799/1927/1576 1783/1910/1562
f 1783/1910/1562 1799/1927/1576 1800/1928/1577
f 1783/1910/1562 1800/1928/1577 1784/1911/1563
f 1784/1911/1563 1800/1928/1577 1801/1929/1578
f 1784/1911/1563 1801/1929/1578 1785/1912/1564
f 1785/1912/1564 1801/1929/1578 1802/1930/17
f 1785/1912/1564 1802/1930/17 1786/1913/17
f 1786/1913/17 1802/1930/17 1803/1931/1579
f 1786/1913/17 1803/1931/1579 1787/1914/1565
f 1787/1914/1565 1803/1931/1579 1804/1932/1580
f 1787/1914/1565 1804/1932/1580 1788/1915/1566
f 1788/1915/1566 1804/1932/1580 1805/1933/1581
f 1788/1915/1566 1805/1933/1581 1789/1916/1567
f 1789/1916/1567 1805/1933/1581 1806/1934/1582
f 1789/1916/1567 1806/1934/1582 1790/1917/1568
f 1790/1917/1568 1806/1934/1582 1807/1935/1583
f 1790/1917/1568 1807/1935/1583 1791/1918/1569
f 1791/1918/1569 1807/1935/1583 1808/1936/1584
f 1791/1918/1569 1808/1936/1584 1792/1919/1570
f 1792/1919/1570 1808/1936/1584 1809/1937/1585
f 1792/1919/1570 1809/1937/1585 1793/1920/1571
f 1793/1920/1571 1809/1937/1585 1794/1938/2
f 1793/1920/1571 1794/1938/2 1778/1921/2
f 1794/1922/2 1810/1939/2 1811/1940/1586
f 1794/1922/2 1811/1940/1586 1795/1923/1572
f 1795/1923/1572 1811/1940/1586 1812/1941/1587
f 1795/1923/1572 1812/1941/1587 1796/1924/1573
f 1796/1924/1573 1812/1941/1587 1813/1942/1588
f 1796/1924/1573 1813/1942/1588 1797/1925/1574
f 1797/1925/1574 1813/1942/1588 1814/1943/1589
f 1797/1925/1574 1814/1943/1589 1798/1926/1575
f 1798/1926/1575 1814/1943/1589 1815/1944/1590
f 1798/1926/1575 1815/1944/1590 1799/1927/1576
f 1799/1927/1576 1815/1944/1590 1816/1945/1591
f 1799/1927/1576 1816/1945/1591 1800/1928/1577
f 1800/1928/1577 1816/1945/1591 1817/1946/1592
f 1800/1928/1577 1817/1946/1592 1801/1929/1578
f 1801/1929/1578 1817/1946/1592 1818/1947/17
f 1801/1929/1578 1818/1947/17 1802/1930/17
f 1802/1930/17 1818/1947/17 1819/1948/1593
f 1802/1930/17 1819/1948/1593 1803/1931/1579
f 1803/1931/1579 1819/1948/1593 1820/1949/1594
f 1803/1931/1579 1820/1949/1594 1804/1932/1580
f 1804/1932/1580 1820/1949/1594 1821/1950/1595
f 1804/1932/1580 1821/1950/1595 1805/1933/1581
f 1805/1933/1581 1821/1950/1595 1822/1951/1596
f 1805/1933/1581 1822/1951/1596 1806/1934/1582
f 1806/1934/1582 1822/1951/1596 1823/1952/1597
f 1806/1934/1582 1823/1952/1597 1807/1935/1583
f 1807/1935/1583 1823/1952/1597 1824/1953/1598
f 1807/1935/1583 1824/1953/1598 1808/1936/1584
f 1808/1936/1584 1824/1953/1598 1825/1954/1599
f 1808/1936/1584 1825/1954/1599 1809/1937/1585
f 1809/1937/1585 1825/1954/1599 1810/1955/2
f 1809/1937/1585 1810/1955/2 1794/1938/2
f 1810/1939/2 1826/1956/2 1827/1957/1600
f 1810/1939/2 1827/1957/1600 1811/1940/1586
f 1811/1940/1586 1827/1957/1600 1828/1958/1601
f 1811/1940/1586 1828/1958/1601 1812/1941/1587
f 1812/1941/1587 1828/1958/1601 1829/1959/1602
f 1812/1941/1587 1829/1959/1602 1813/1942/1588
f 1813/1942/1588 1829/1959/1602 1830/1960/1603
f 1813/1942/1588 1830/1960/1603 1814/1943/1589
f 1814/1943/1589 1830/1960/1603 1831/1961/1604
f 1814/1943/1589 1831/1961/1604 1815/1944/1590
f 1815/1944/1590 1831/1961/1604 1832/1962/1605
f 1815/1944/1590 1832/1962/1605 1816/1945/1591
f 1816/1945/1591 1832/1962/1605 1833/1963/1606
f 1816/1945/1591 1833/1963/1606 1817/1946/1592
f 1817/1946/1592 1833/1963/1606 1834/1964/17
f 1817/1946/1592 1834/1964/17 1818/1947/17
f 1818/1947/17 1834/1964/17 1835/1965/1607
f 1818/1947/17 1835/1965/1607 1819/1948/1593
f 1819/1948/1593 1835/1965/1607 1836/1966/1608
f 1819/1948/1593 1836/1966/1608 1820/1949/1594
f 1820/1949/1594 1836/1966/1608 1837/1967/1609
f 1820/1949/1594 1837/1967/1609 1821/1950/1595
f 1821/1950/1595 1837/1967/1609 1838/1968/1610
f 1821/1950/1595 1838/1968/1610 1822/1951/1596
f 1822/1951/1596 1838/1968/1610 1839/1969/1611
f 1822/1951/1596 1839/1969/1611 1823/1952/1597
f 1823/1952/1597 1839/1969/1611 1840/1970/1612
f 1823/1952/1597 1840/1970/1612 1824/1953/1598
f 1824/1953/1598 1840/1970/1612 1841/1971/1613
f 1824/1953/1598 1841/1971/1613 1825/1954/1599
f 1825/1954/1599 1841/1971/1613 1826/1972/2
f 1825/1954/1599 1826/1972/2 1810/1955/2
f 1826/1956/2 1842/1973/2 1843/1974/1614
f 1826/1956/2 1843/1974/1614 1827/1957/1600
f 1827/1957/1600 1843/1974/1614 1844/1975/1615
f 1827/1957/1600 1844/1975/1615 1828/1958/1601
f 1828/1958/1601 1844/1975/1615 1845/1976/1616
f 1828/1958/1601 1845/1976/1616 1829/1959/1602
f 1829/1959/1602 1845/1976/1616 1846/1977/1617
f 1829/1959/1602 1846/1977/1617 1830/1960/1603
f 1830/1960/1603 1846/1977/1617 1847/1978/1618
f 1830/1960/1603 1847/1978/1618 1831/1961/1604
f 1831/1961/1604 1847/1978/1618 1848/1979/1619
f 1831/1961/1604 1848/1979/1619 1832/1962/1605
f 1832/1962/1605 1848/1979/1619 1849/1980/1620
f 1832/1962/1605 1849/1980/1620 1833/1963/1606
f 1833/1963/1606 1849/1980/1620 1850/1981/17
f 1833/1963/1606 1850/1981/17 1834/1964/17
f 1834/1964/17 1850/1981/17 1851/1982/1621
f 1834/1964/17 1851/1982/1621 1835/1965/1607
f 1835/1965/1607 1851/1982/1621 1852/1983/1622
f 1835/1965/1607 1852/1983/1622 1836/1966/1608
f 1836/1966/1608 1852/1983/1622 1853/1984/1623
f 1836/1966/1608 1853/1984/1623 1837/1967/1609
f 1837/1967/1609 1853/1984/1623 1854/1985/1624
f 1837/1967/1609 1854/1985/1624 1838/1968/1610
f 1838/1968/1610 1854/1985/1624 1855/1986/1625
f 1838/1968/1610 1855/1986/1625 1839/1969/1611
f 1839/1969/1611 1855/1986/1625 1856/1987/1626
f 1839/1969/1611 1856/1987/1626 1840/1970/1612
f 1840/1970/1612 1856/1987/1626 1857/1988/1627
f 1840/1970/1612 1857/1988/1627 1841/1971/1613
f 1841/1971/1613 1857/1988/1627 1842/1989/2
f 1841/1971/1613 1842/1989/2 1826/1972/2
f 1842/1973/2 1858/1990/2 1859/1991/1628
f 1842/1973/2 1859/1991/1628 1843/1974/1614
f 1843/1974/1614 1859/1991/1628 1860/1992/1629
f 1843/1974/1614 1860/1992/1629 1844/1975/1615
f 1844/1975/1615 1860/1992/1629 1861/1993/1630
f 1844/1975/1615 1861/1993/1630 1845/1976/1616
f 1845/1976/1616 1861/1993/1630 1862/1994/1631
f 1845/1976/1616 1862/1994/1631 1846/1977/1617
f 1846/1977/1617 1862/1994/1631 1863/1995/1632
f 1846/1977/1617 1863/1995/1632 1847/1978/1618
f 1847/1978/1618 1863/1995/1632 1864/1996/1633
f 1847/1978/1618 1864/1996/1633 1848/1979/1619
f 1848/1979/1619 1864/1996/1633 1865/1997/1634
f 1848/1979/1619 1865/1997/1634 1849/1980/1620
f 1849/1980/1620 1865/1997/1634 1866/1998/17
f 1849/1980/1620 1866/1998/17 1850/1981/17
f 1850/1981/17 1866/1998/17 1867/1999/1635
f 1850/1981/17 1867/1999/1635 1851/1982/1621
f 1851/1982/1621 1867/1999/1635 1868/2000/1636
f 1851/1982/1621 1868/2000/1636 1852/1983/1622
f 1852/1983/1622 1868/2000/1636 1869/2001/1637
f 1852/1983/1622 1869/2001/1637 1853/1984/1623
f 1853/1984/1623 1869/2001/1637 1870/2002/1638
f 1853/1984/1623 1870/2002/1638 1854/1985/1624
f 1854/1985/1624 1870/2002/1638 1871/2003/1639
f 1854/1985/1624 1871/2003/1639 1855/1986/1625
f 1855/1986/1625 1871/2003/1639 1872/2004/1640
f 1855/1986/1625 1872/2004/1640 1856/1987/1626
f 1856/1987/1626 1872/2004/1640 1873/2005/1641
f 1856/1987/1626 1873/2005/1641 1857/1988/1627
f 1857/1988/1627 1873/2005/1641 1858/2006/2
f 1857/1988/1627 1858/2006/2 1842/1989/2
f 1858/1990/2 1874/2007/2 1875/2008/1642
f 1858/1990/2 1875/2008/1642 1859/1991/1628
f 1859/1991/1628 1875/2008/1642 1876/2009/1643
f 1859/1991/1628 1876/2009/1643 1860/1992/1629
f 1860/1992/1629 1876/2009/1643 1877/2010/1644
f 1860/1992/1629 1877/2010/1644 1861/1993/1630
f 1861/1993/1630 1877/2010/1644 1878/2011/1645
f 1861/1993/1630 1878/2011/1645 1862/1994/1631
f 1862/1994/1631 1878/2011/1645 1879/2012/1646
f 1862/1994/1631 1879/2012/1646 1863/1995/1632
f 1863/1995/1632 1879/2012/1646 1880/2013/1647
f 1863/1995/1632 1880/2013/1647 1864/1996/1633
f 1864/1996/1633 1880/2013/1647 1881/2014/1648
f 1864/1996/1633 1881/2014/1648 1865/1997/1634
f 1865/1997/1634 1881/2014/1648 1882/2015/17
f 1865/1997/1634 1882/2015/17 1866/1998/17
f 1866/1998/17 1882/2015/17 1883/2016/1649
f 1866/1998/17 1883/2016/1649 1867/1999/1635
f 1867/1999/1635 1883/2016/1649 1884/2017/1650
f 1867/1999/1635 1884/2017/1650 1868/2000/1636
f 1868/2000/1636 1884/2017/1650 1885/2018/1651
f 1868/2000/1636 1885/2018/1651 1869/2001/1637
f 1869/2001/1637 1885/2018/1651 1886/2019/1652
f 1869/2001/1637 1886/2019/1652 1870/2002/1638
f 1870/2002/1638 1886/2019/1652 1887/2020/1653
f 1870/2002/1638 1887/2020/1653 1871/2003/1639
f 1871/2003/1639 1887/2020/1653 1888/2021/1654
f 1871/2003/1639 1888/2021/1654 1872/2004/1640
f 1872/2004/1640 1888/2021/1654 1889/2022/1655
f 1872/2004/1640 1889/2022/1655 1873/2005/1641
f 1873/2005/1641 1889/2022/1655 1874/2023/2
f 1873/2005/1641 1874/2023/2 1858/2006/2
f 1874/2007/2 1890/2024/2 1891/2025/1656
f 1874/2007/2 1891/2025/1656 1875/2008/1642
f 1875/2008/1642 1891/2025/1656 1892/2026/1657
f 1875/2008/1642 1892/2026/1657 1876/2009/1643
f 1876/2009/1643 1892/2026/1657 1893/2027/1658
f 1876/2009/1643 1893/2027/1658 1877/2010/1644
f 1877/2010/1644 1893/2027/1658 1894/2028/1659
f 1877/2010/1644 1894/2028/1659 1878/2011/1645
f 1878/2011/1645 1894/2028/1659 1895/2029/1660
f 1878/2011/1645 1895/2029/1660 1879/2012/1646
f 1879/2012/1646 1895/2029/1660 1896/2030/1661
f 1879/2012/1646 1896/2030/1661 1880/2013/1647
f 1880/2013/1647 1896/2030/1661 1897/2031/1662
f 1880/2013/1647 1897/2031/1662 1881/2014/1648
f 1881/2014/1648 1897/2031/1662 1898/2032/17
f 1881/2014/1648 1898/2032/17 1882/2015/17
f 1882/2015/17 1898/2032/17 1899/2033/1663
f 1882/2015/17 1899/2033/1663 1883/2016/1649
f 1883/2016/1649 1899/2033/1663 1900/2034/1664
f 1883/2016/1649 1900/2034/1664 1884/2017/1650
f 1884/2017/1650 1900/2034/1664 1901/2035/1665
f 1884/2017/1650 1901/2035/1665 1885/2018/1651
f 1885/2018/1651 1901/2035/1665 1902/2036/1666
f 1885/2018/1651 1902/2036/1666 1886/2019/1652
f 1886/2019/1652 1902/2036/1666 1903/2037/1667
f 1886/2019/1652 1903/2037/1667 1887/2020/1653
f 1887/2020/1653 1903/2037/1667 1904/2038/1668
f 1887/2020/1653 1904/2038/1668 1888/2021/1654
f 1888/2021/1654 1904/2038/1668 1905/2039/1669
f 1888/2021/1654 1905/2039/1669 1889/2022/1655
f 1889/2022/1655 1905/2039/1669 1890/2040/2
f 1889/2022/1655 1890/2040/2 1874/2023/2
f 1890/2024/2 1906/2041/2 1907/2042/1670
f 1890/2024/2 1907/2042/1670 1891/2025/1656
f 1891/2025/1656 1907/2042/1670 1908/2043/1671
f 1891/2025/1656 1908/2043/1671 1892/2026/1657
f 1892/2026/1657 1908/2043/1671 1909/2044/1672
f 1892/2026/1657 1909/2044/1672 1893/2027/1658
f 1893/2027/1658 1909/2044/1672 1910/2045/1673
f 1893/2027/1658 1910/2045/1673 1894/2028/1659
f 1894/2028/1659 1910/2045/1673 1911/2046/1674
f 1894/2028/1659 1911/2046/1674 1895/2029/1660
f 1895/2029/1660 1911/2046/1674 1912/2047/1675
f 1895/2029/1660 1912/2047/1675 1896/2030/1661
f 1896/2030/1661 1912/2047/1675 1913/2048/1676
f 1896/2030/1661 1913/2048/1676 1897/2031/1662
f 1897/2031/1662 1913/2048/1676 1914/2049/17
f 1897/2031/1662 1914/2049/17 1898/2032/17
f 1898/2032/17 1914/2049/17 1915/2050/1677
f 1898/2032/17 1915/2050/1677 1899/2033/1663
f 1899/2033/1663 1915/2050/1677 1916/2051/1678
f 1899/2033/1663 1916/2051/1678 1900/2034/1664
f 1900/2034/1664 1916/2051/1678 1917/2052/1679
f 1900/2034/1664 1917/2052/1679 1901/2035/1665
f 1901/2035/1665 1917/2052/1679 1918/2053/1680
f 1901/2035/1665 1918/2053/1680 1902/2036/1666
f 1902/2036/1666 1918/2053/1680 1919/2054/1681
f 1902/2036/1666 1919/2054/1681 1903/2037/1667
f 1903/2037/1667 1919/2054/1681 1920/2055/1682
f 1903/2037/1667 1920/2055/1682 1904/2038/1668
f 1904/2038/1668 1920/2055/1682 1921/2056/1683
f 1904/2038/1668 1921/2056/1683 1905/2039/1669
f 1905/2039/1669 1921/2056/1683 1906/2057/2
f 1905/2039/1669 1906/2057/2 1890/2040/2
f 1906/2041/2 1922/2058/2 1923/2059/1684
f 1906/2041/2 1923/2059/1684 1907/2042/1670
f 1907/2042/1670 1923/2059/1684 1924/2060/1685
f 1907/2042/1670 1924/2060/1685 1908/2043/1671
f 1908/2043/1671 1924/2060/1685 1925/2061/1686
f 1908/2043/1671 1925/2061/1686 1909/2044/1672
f 1909/2044/1672 1925/2061/1686 1926/2062/1687
f 1909/2044/1672 1926/2062/1687 1910/2045/1673
f 1910/2045/1673 1926/2062/1687 1927/2063/1688
f 1910/2045/1673 1927/2063/1688 1911/2046/1674
f 1911/2046/1674 1927/2063/1688 1928/2064/1689
f 1911/2046/1674 1928/2064/1689 1912/2047/1675
f 1912/2047/1675 1928/2064/1689 1929/2065/1690
f 1912/2047/1675 1929/2065/1690 1913/2048/1676
f 1913/2048/1676 1929/2065/1690 1930/2066/17
f 1913/2048/1676 1930/2066/17 1914/2049/17
f 1914/2049/17 1930/2066/17 1931/2067/1691
f 1914/2049/17 1931/2067/1691 1915/2050/1677
f 1915/2050/1677 1931/2067/1691 1932/2068/1692
f 1915/2050/1677 1932/2068/1692 1916/2051/1678
f 1916/2051/1678 1932/2068/1692 1933/2069/1693
f 1916/2051/1678 1933/2069/1693 1917/2052/1679
f 1917/2052/1679 1933/2069/1693 1934/2070/1694
f 1917/2052/1679 1934/2070/1694 1918/2053/1680
f 1918/2053/1680 1934/2070/1694 1935/2071/1695
f 1918/2053/1680 1935/2071/1695 1919/2054/1681
f 1919/2054/1681 1935/2071/1695 1936/2072/1696
f 1919/2054/1681 1936/2072/1696 1920/2055/1682
f 1920/2055/1682 1936/2072/1696 1937/2073/1697
f 1920/2055/1682 1937/2073/1697 1921/2056/1683
f 1921/2056/1683 1937/2073/1697 1922/2074/2
f 1921/2056/1683 1922/2074/2 1906/2057/2
f 1922/2058/2 1938/2075/2 1939/2076/1698
f 1922/2058/2 1939/2076/1698 1923/2059/1684
f 1923/2059/1684 1939/2076/1698 1940/2077/1699
f 1923/2059/1684 1940/2077/1699 1924/2060/1685
f 1924/2060/1685 1940/2077/1699 1941/2078/1700
f 1924/2060/1685 1941/2078/1700 1925/2061/1686
f 1925/2061/1686 1941/2078/1700 1942/2079/1701
f 1925/2061/1686 1942/2079/1701 1926/2062/1687
f 1926/2062/1687 1942/2079/1701 1943/2080/1702
f 1926/2062/1687 1943/2080/1702 1927/2063/1688
f 1927/2063/1688 1943/2080/1702 1944/2081/1703
f 1927/2063/1688 1944/2081/1703 1928/2064/1689
f 1928/2064/1689 1944/2081/1703 1945/2082/1704
f 1928/2064/1689 1945/2082/1704 1929/2065/1690
f 1929/2065/1690 1945/2082/1704 1946/2083/17
f 1929/2065/1690 1946/2083/17 1930/2066/17
f 1930/2066/17 1946/2083/17 1947/2084/1705
f 1930/2066/17 1947/2084/1705 1931/2067/1691
f 1931/2067/1691 1947/2084/1705 1948/2085/1706
f 1931/2067/1691 1948/2085/1706 1932/2068/1692
f 1932/2068/1692 1948/2085/1706 1949/2086/1707
f 1932/2068/1692 1949/2086/1707 1933/2069/1693
f 1933/2069/1693 1949/2086/1707 1950/2087/1708
f 1933/2069/1693 1950/2087/1708 1934/2070/1694
f 1934/2070/1694 1950/2087/1708 1951/2088/1709
f 1934/2070/1694 1951/2088/1709 1935/2071/1695
f 1935/2071/1695 1951/2088/1709 1952/2089/1710
f 1935/2071/1695 1952/2089/1710 1936/2072/1696
f 1936/2072/1696 1952/2089/1710 1953/2090/1711
f 1936/2072/1696 1953/2090/1711 1937/2073/1697
f 1937/2073/1697 1953/2090/1711 1938/2091/2
f 1937/2073/1697 1938/2091/2 1922/2074/2
f 1938/2075/2 1954/2092/2 1955/2093/1712
f 1938/2075/2 1955/2093/1712 1939/2076/1698
f 1939/2076/1698 1955/2093/1712 1956/2094/1713
f 1939/2076/1698 1956/2094/1713 1940/2077/1699
f 1940/2077/1699 1956/2094/1713 1957/2095/1714
f 1940/2077/1699 1957/2095/1714 1941/2078/1700
f 1941/2078/1700 1957/2095/1714 1958/2096/1715
f 1941/2078/1700 1958/2096/1715 1942/2079/1701
f 1942/2079/1701 1958/2096/1715 1959/2097/1716
f 1942/2079/1701 1959/2097/1716 1943/2080/1702
f 1943/2080/1702 1959/2097/1716 1960/2098/1717
f 1943/2080/1702 1960/2098/1717 1944/2081/1703
f 1944/2081/1703 1960/2098/1717 1961/2099/1718
f 1944/2081/1703 1961/2099/1718 1945/2082/1704
f 1945/2082/1704 1961/2099/1718 1962/2100/17
f 1945/2082/1704 1962/2100/17 1946/2083/17
f 1946/2083/17 1962/2100/17 1963/2101/1719
f 1946/2083/17 1963/2101/1719 1947/2084/1705
f 1947/2084/1705 1963/2101/1719 1964/2102/1720
f 1947/2084/1705 1964/2102/1720 1948/2085/1706
f 1948/2085/1706 1964/2102/1720 1965/2103/1721
f 1948/2085/1706 1965/2103/1721 1949/2086/1707
f 1949/2086/1707 1965/2103/1721 1966/2104/1722
f 1949/2086/1707 1966/2104/1722 1950/2087/1708
f 1950/2087/1708 1966/2104/1722 1967/2105/1723
f 1950/2087/1708 1967/2105/1723 1951/2088/1709
f 1951/2088/1709 1967/2105/1723 1968/2106/1724
f 1951/2088/1709 1968/2106/1724 1952/2089/1710
f 1952/2089/1710 1968/2106/1724 1969/2107/1725
f 1952/2089/1710 1969/2107/1725 1953/2090/1711
f 1953/2090/1711 1969/2107/1725 1954/2108/2
f 1953/2090/1711 1954/2108/2 1938/2091/2
f 1970/1/1726 1955/3/1726 1954/2/1726
f 1970/1/1726 1956/4/1726 1955/3/1726
f 1970/1/1726 1957/5/1726 1956/4/1726
f 1970/1/1726 1958/6/1726 1957/5/1726
f 1970/1/1726 1959/7/1726 1958/6/1726
f 1970/1/1726 1960/8/1726 1959/7/1726
f 1970/1/1726 1961/9/1726 1960/8/1726
f 1970/1/1726 1962/10/1726 1961/9/1726
f 1970/1/1726 1963/11/1726 1962/10/1726
f 1970/1/1726 1964/12/1726 1963/11/1726
f 1970/1/1726 1965/13/1726 1964/12/1726
f 1970/1/1726 1966/14/1726 1965/13/1726
f 1970/1/1726 1967/15/1726 1966/14/1726
f 1970/1/1726 1968/16/1726 1967/15/1726
f 1970/1/1726 1969/17/1726 1968/16/1726
f 1970/1/1726 1954/2/1726 1969/17/1726
