# Procedurally generated by dev-env-utils/scripts/gen_firealarm_obj.py
# System Sensor SpectrAlert Classic horn strobe
mtllib systemsensor_spectralert_classic_hornstrobe.mtl
o spectralert_classic_hornstrobe
v 0.505498 0.509394 0.906250
v 0.553313 0.980220 0.906250
v 0.610326 0.980469 0.906250
v 0.505498 0.509394 0.906250
v 0.500154 0.980152 0.906250
v 0.553313 0.980220 0.906250
v 0.505498 0.509394 0.906250
v 0.446990 0.980253 0.906250
v 0.500154 0.980152 0.906250
v 0.505498 0.509394 0.906250
v 0.393765 0.980511 0.906250
v 0.446990 0.980253 0.906250
v 0.505498 0.509394 0.906250
v 0.344281 0.977016 0.906250
v 0.393765 0.980511 0.906250
v 0.505498 0.509394 0.906250
v 0.298593 0.965888 0.906250
v 0.344281 0.977016 0.906250
v 0.505498 0.509394 0.906250
v 0.252750 0.961247 0.906250
v 0.298593 0.965888 0.906250
v 0.505498 0.509394 0.906250
v 0.210553 0.963763 0.906250
v 0.252750 0.961247 0.906250
v 0.505498 0.509394 0.906250
v 0.164518 0.957498 0.906250
v 0.210553 0.963763 0.906250
v 0.505498 0.509394 0.906250
v 0.118560 0.935727 0.906250
v 0.164518 0.957498 0.906250
v 0.505498 0.509394 0.906250
v 0.097040 0.891686 0.906250
v 0.118560 0.935727 0.906250
v 0.505498 0.509394 0.906250
v 0.096604 0.838367 0.906250
v 0.097040 0.891686 0.906250
v 0.505498 0.509394 0.906250
v 0.097291 0.785193 0.906250
v 0.096604 0.838367 0.906250
v 0.505498 0.509394 0.906250
v 0.097971 0.732200 0.906250
v 0.097291 0.785193 0.906250
v 0.505498 0.509394 0.906250
v 0.098604 0.679403 0.906250
v 0.097971 0.732200 0.906250
v 0.505498 0.509394 0.906250
v 0.101700 0.630526 0.906250
v 0.098604 0.679403 0.906250
v 0.505498 0.509394 0.906250
v 0.103348 0.585558 0.906250
v 0.101700 0.630526 0.906250
v 0.505498 0.509394 0.906250
v 0.104119 0.536952 0.906250
v 0.103348 0.585558 0.906250
v 0.505498 0.509394 0.906250
v 0.107473 0.484662 0.906250
v 0.104119 0.536952 0.906250
v 0.505498 0.509394 0.906250
v 0.107244 0.432335 0.906250
v 0.107473 0.484662 0.906250
v 0.505498 0.509394 0.906250
v 0.106813 0.379883 0.906250
v 0.107244 0.432335 0.906250
v 0.505498 0.509394 0.906250
v 0.106236 0.327251 0.906250
v 0.106813 0.379883 0.906250
v 0.505498 0.509394 0.906250
v 0.105571 0.274416 0.906250
v 0.106236 0.327251 0.906250
v 0.505498 0.509394 0.906250
v 0.104872 0.221381 0.906250
v 0.105571 0.274416 0.906250
v 0.505498 0.509394 0.906250
v 0.104176 0.168166 0.906250
v 0.104872 0.221381 0.906250
v 0.505498 0.509394 0.906250
v 0.106818 0.114835 0.906250
v 0.104176 0.168166 0.906250
v 0.505498 0.509394 0.906250
v 0.130006 0.073077 0.906250
v 0.106818 0.114835 0.906250
v 0.505498 0.509394 0.906250
v 0.172081 0.050037 0.906250
v 0.130006 0.073077 0.906250
v 0.505498 0.509394 0.906250
v 0.225813 0.047347 0.906250
v 0.172081 0.050037 0.906250
v 0.505498 0.509394 0.906250
v 0.279433 0.047917 0.906250
v 0.225813 0.047347 0.906250
v 0.505498 0.509394 0.906250
v 0.332880 0.046231 0.906250
v 0.279433 0.047917 0.906250
v 0.505498 0.509394 0.906250
v 0.382341 0.037257 0.906250
v 0.332880 0.046231 0.906250
v 0.505498 0.509394 0.906250
v 0.431771 0.033668 0.906250
v 0.382341 0.037257 0.906250
v 0.505498 0.509394 0.906250
v 0.484962 0.033812 0.906250
v 0.431771 0.033668 0.906250
v 0.505498 0.509394 0.906250
v 0.538132 0.033794 0.906250
v 0.484962 0.033812 0.906250
v 0.505498 0.509394 0.906250
v 0.591335 0.033613 0.906250
v 0.538132 0.033794 0.906250
v 0.505498 0.509394 0.906250
v 0.644547 0.043203 0.906250
v 0.591335 0.033613 0.906250
v 0.505498 0.509394 0.906250
v 0.693990 0.055982 0.906250
v 0.644547 0.043203 0.906250
v 0.505498 0.509394 0.906250
v 0.743667 0.055476 0.906250
v 0.693990 0.055982 0.906250
v 0.505498 0.509394 0.906250
v 0.797317 0.054885 0.906250
v 0.743667 0.055476 0.906250
v 0.505498 0.509394 0.906250
v 0.847197 0.060706 0.906250
v 0.797317 0.054885 0.906250
v 0.505498 0.509394 0.906250
v 0.890518 0.088261 0.906250
v 0.847197 0.060706 0.906250
v 0.505498 0.509394 0.906250
v 0.909255 0.133849 0.906250
v 0.890518 0.088261 0.906250
v 0.505498 0.509394 0.906250
v 0.911204 0.183330 0.906250
v 0.909255 0.133849 0.906250
v 0.505498 0.509394 0.906250
v 0.910512 0.236495 0.906250
v 0.911204 0.183330 0.906250
v 0.505498 0.509394 0.906250
v 0.909827 0.289476 0.906250
v 0.910512 0.236495 0.906250
v 0.505498 0.509394 0.906250
v 0.909192 0.342259 0.906250
v 0.909827 0.289476 0.906250
v 0.505498 0.509394 0.906250
v 0.908627 0.398597 0.906250
v 0.909192 0.342259 0.906250
v 0.505498 0.509394 0.906250
v 0.908253 0.454752 0.906250
v 0.908627 0.398597 0.906250
v 0.505498 0.509394 0.906250
v 0.908125 0.507068 0.906250
v 0.908253 0.454752 0.906250
v 0.505498 0.509394 0.906250
v 0.908232 0.559380 0.906250
v 0.908125 0.507068 0.906250
v 0.505498 0.509394 0.906250
v 0.908557 0.611775 0.906250
v 0.908232 0.559380 0.906250
v 0.505498 0.509394 0.906250
v 0.909057 0.664321 0.906250
v 0.908557 0.611775 0.906250
v 0.505498 0.509394 0.906250
v 0.909673 0.717058 0.906250
v 0.909057 0.664321 0.906250
v 0.505498 0.509394 0.906250
v 0.910351 0.769994 0.906250
v 0.909673 0.717058 0.906250
v 0.505498 0.509394 0.906250
v 0.911045 0.823118 0.906250
v 0.910351 0.769994 0.906250
v 0.505498 0.509394 0.906250
v 0.911723 0.876409 0.906250
v 0.911045 0.823118 0.906250
v 0.505498 0.509394 0.906250
v 0.899929 0.922057 0.906250
v 0.911723 0.876409 0.906250
v 0.505498 0.509394 0.906250
v 0.866385 0.953350 0.906250
v 0.899929 0.922057 0.906250
v 0.505498 0.509394 0.906250
v 0.816548 0.967012 0.906250
v 0.866385 0.953350 0.906250
v 0.505498 0.509394 0.906250
v 0.766673 0.966458 0.906250
v 0.816548 0.967012 0.906250
v 0.505498 0.509394 0.906250
v 0.713110 0.965896 0.906250
v 0.766673 0.966458 0.906250
v 0.505498 0.509394 0.906250
v 0.659774 0.974207 0.906250
v 0.713110 0.965896 0.906250
v 0.505498 0.509394 0.906250
v 0.610326 0.980469 0.906250
v 0.659774 0.974207 0.906250
v 0.610326 0.980469 0.906250
v 0.553313 0.980220 0.906250
v 0.553313 0.980220 1.000000
v 0.610326 0.980469 0.906250
v 0.553313 0.980220 1.000000
v 0.610326 0.980469 1.000000
v 0.553313 0.980220 0.906250
v 0.500154 0.980152 0.906250
v 0.500154 0.980152 1.000000
v 0.553313 0.980220 0.906250
v 0.500154 0.980152 1.000000
v 0.553313 0.980220 1.000000
v 0.500154 0.980152 0.906250
v 0.446990 0.980253 0.906250
v 0.446990 0.980253 1.000000
v 0.500154 0.980152 0.906250
v 0.446990 0.980253 1.000000
v 0.500154 0.980152 1.000000
v 0.446990 0.980253 0.906250
v 0.393765 0.980511 0.906250
v 0.393765 0.980511 1.000000
v 0.446990 0.980253 0.906250
v 0.393765 0.980511 1.000000
v 0.446990 0.980253 1.000000
v 0.393765 0.980511 0.906250
v 0.344281 0.977016 0.906250
v 0.344281 0.977016 1.000000
v 0.393765 0.980511 0.906250
v 0.344281 0.977016 1.000000
v 0.393765 0.980511 1.000000
v 0.344281 0.977016 0.906250
v 0.298593 0.965888 0.906250
v 0.298593 0.965888 1.000000
v 0.344281 0.977016 0.906250
v 0.298593 0.965888 1.000000
v 0.344281 0.977016 1.000000
v 0.298593 0.965888 0.906250
v 0.252750 0.961247 0.906250
v 0.252750 0.961247 1.000000
v 0.298593 0.965888 0.906250
v 0.252750 0.961247 1.000000
v 0.298593 0.965888 1.000000
v 0.252750 0.961247 0.906250
v 0.210553 0.963763 0.906250
v 0.210553 0.963763 1.000000
v 0.252750 0.961247 0.906250
v 0.210553 0.963763 1.000000
v 0.252750 0.961247 1.000000
v 0.210553 0.963763 0.906250
v 0.164518 0.957498 0.906250
v 0.164518 0.957498 1.000000
v 0.210553 0.963763 0.906250
v 0.164518 0.957498 1.000000
v 0.210553 0.963763 1.000000
v 0.164518 0.957498 0.906250
v 0.118560 0.935727 0.906250
v 0.118560 0.935727 1.000000
v 0.164518 0.957498 0.906250
v 0.118560 0.935727 1.000000
v 0.164518 0.957498 1.000000
v 0.118560 0.935727 0.906250
v 0.097040 0.891686 0.906250
v 0.097040 0.891686 1.000000
v 0.118560 0.935727 0.906250
v 0.097040 0.891686 1.000000
v 0.118560 0.935727 1.000000
v 0.097040 0.891686 0.906250
v 0.096604 0.838367 0.906250
v 0.096604 0.838367 1.000000
v 0.097040 0.891686 0.906250
v 0.096604 0.838367 1.000000
v 0.097040 0.891686 1.000000
v 0.096604 0.838367 0.906250
v 0.097291 0.785193 0.906250
v 0.097291 0.785193 1.000000
v 0.096604 0.838367 0.906250
v 0.097291 0.785193 1.000000
v 0.096604 0.838367 1.000000
v 0.097291 0.785193 0.906250
v 0.097971 0.732200 0.906250
v 0.097971 0.732200 1.000000
v 0.097291 0.785193 0.906250
v 0.097971 0.732200 1.000000
v 0.097291 0.785193 1.000000
v 0.097971 0.732200 0.906250
v 0.098604 0.679403 0.906250
v 0.098604 0.679403 1.000000
v 0.097971 0.732200 0.906250
v 0.098604 0.679403 1.000000
v 0.097971 0.732200 1.000000
v 0.098604 0.679403 0.906250
v 0.101700 0.630526 0.906250
v 0.101700 0.630526 1.000000
v 0.098604 0.679403 0.906250
v 0.101700 0.630526 1.000000
v 0.098604 0.679403 1.000000
v 0.101700 0.630526 0.906250
v 0.103348 0.585558 0.906250
v 0.103348 0.585558 1.000000
v 0.101700 0.630526 0.906250
v 0.103348 0.585558 1.000000
v 0.101700 0.630526 1.000000
v 0.103348 0.585558 0.906250
v 0.104119 0.536952 0.906250
v 0.104119 0.536952 1.000000
v 0.103348 0.585558 0.906250
v 0.104119 0.536952 1.000000
v 0.103348 0.585558 1.000000
v 0.104119 0.536952 0.906250
v 0.107473 0.484662 0.906250
v 0.107473 0.484662 1.000000
v 0.104119 0.536952 0.906250
v 0.107473 0.484662 1.000000
v 0.104119 0.536952 1.000000
v 0.107473 0.484662 0.906250
v 0.107244 0.432335 0.906250
v 0.107244 0.432335 1.000000
v 0.107473 0.484662 0.906250
v 0.107244 0.432335 1.000000
v 0.107473 0.484662 1.000000
v 0.107244 0.432335 0.906250
v 0.106813 0.379883 0.906250
v 0.106813 0.379883 1.000000
v 0.107244 0.432335 0.906250
v 0.106813 0.379883 1.000000
v 0.107244 0.432335 1.000000
v 0.106813 0.379883 0.906250
v 0.106236 0.327251 0.906250
v 0.106236 0.327251 1.000000
v 0.106813 0.379883 0.906250
v 0.106236 0.327251 1.000000
v 0.106813 0.379883 1.000000
v 0.106236 0.327251 0.906250
v 0.105571 0.274416 0.906250
v 0.105571 0.274416 1.000000
v 0.106236 0.327251 0.906250
v 0.105571 0.274416 1.000000
v 0.106236 0.327251 1.000000
v 0.105571 0.274416 0.906250
v 0.104872 0.221381 0.906250
v 0.104872 0.221381 1.000000
v 0.105571 0.274416 0.906250
v 0.104872 0.221381 1.000000
v 0.105571 0.274416 1.000000
v 0.104872 0.221381 0.906250
v 0.104176 0.168166 0.906250
v 0.104176 0.168166 1.000000
v 0.104872 0.221381 0.906250
v 0.104176 0.168166 1.000000
v 0.104872 0.221381 1.000000
v 0.104176 0.168166 0.906250
v 0.106818 0.114835 0.906250
v 0.106818 0.114835 1.000000
v 0.104176 0.168166 0.906250
v 0.106818 0.114835 1.000000
v 0.104176 0.168166 1.000000
v 0.106818 0.114835 0.906250
v 0.130006 0.073077 0.906250
v 0.130006 0.073077 1.000000
v 0.106818 0.114835 0.906250
v 0.130006 0.073077 1.000000
v 0.106818 0.114835 1.000000
v 0.130006 0.073077 0.906250
v 0.172081 0.050037 0.906250
v 0.172081 0.050037 1.000000
v 0.130006 0.073077 0.906250
v 0.172081 0.050037 1.000000
v 0.130006 0.073077 1.000000
v 0.172081 0.050037 0.906250
v 0.225813 0.047347 0.906250
v 0.225813 0.047347 1.000000
v 0.172081 0.050037 0.906250
v 0.225813 0.047347 1.000000
v 0.172081 0.050037 1.000000
v 0.225813 0.047347 0.906250
v 0.279433 0.047917 0.906250
v 0.279433 0.047917 1.000000
v 0.225813 0.047347 0.906250
v 0.279433 0.047917 1.000000
v 0.225813 0.047347 1.000000
v 0.279433 0.047917 0.906250
v 0.332880 0.046231 0.906250
v 0.332880 0.046231 1.000000
v 0.279433 0.047917 0.906250
v 0.332880 0.046231 1.000000
v 0.279433 0.047917 1.000000
v 0.332880 0.046231 0.906250
v 0.382341 0.037257 0.906250
v 0.382341 0.037257 1.000000
v 0.332880 0.046231 0.906250
v 0.382341 0.037257 1.000000
v 0.332880 0.046231 1.000000
v 0.382341 0.037257 0.906250
v 0.431771 0.033668 0.906250
v 0.431771 0.033668 1.000000
v 0.382341 0.037257 0.906250
v 0.431771 0.033668 1.000000
v 0.382341 0.037257 1.000000
v 0.431771 0.033668 0.906250
v 0.484962 0.033812 0.906250
v 0.484962 0.033812 1.000000
v 0.431771 0.033668 0.906250
v 0.484962 0.033812 1.000000
v 0.431771 0.033668 1.000000
v 0.484962 0.033812 0.906250
v 0.538132 0.033794 0.906250
v 0.538132 0.033794 1.000000
v 0.484962 0.033812 0.906250
v 0.538132 0.033794 1.000000
v 0.484962 0.033812 1.000000
v 0.538132 0.033794 0.906250
v 0.591335 0.033613 0.906250
v 0.591335 0.033613 1.000000
v 0.538132 0.033794 0.906250
v 0.591335 0.033613 1.000000
v 0.538132 0.033794 1.000000
v 0.591335 0.033613 0.906250
v 0.644547 0.043203 0.906250
v 0.644547 0.043203 1.000000
v 0.591335 0.033613 0.906250
v 0.644547 0.043203 1.000000
v 0.591335 0.033613 1.000000
v 0.644547 0.043203 0.906250
v 0.693990 0.055982 0.906250
v 0.693990 0.055982 1.000000
v 0.644547 0.043203 0.906250
v 0.693990 0.055982 1.000000
v 0.644547 0.043203 1.000000
v 0.693990 0.055982 0.906250
v 0.743667 0.055476 0.906250
v 0.743667 0.055476 1.000000
v 0.693990 0.055982 0.906250
v 0.743667 0.055476 1.000000
v 0.693990 0.055982 1.000000
v 0.743667 0.055476 0.906250
v 0.797317 0.054885 0.906250
v 0.797317 0.054885 1.000000
v 0.743667 0.055476 0.906250
v 0.797317 0.054885 1.000000
v 0.743667 0.055476 1.000000
v 0.797317 0.054885 0.906250
v 0.847197 0.060706 0.906250
v 0.847197 0.060706 1.000000
v 0.797317 0.054885 0.906250
v 0.847197 0.060706 1.000000
v 0.797317 0.054885 1.000000
v 0.847197 0.060706 0.906250
v 0.890518 0.088261 0.906250
v 0.890518 0.088261 1.000000
v 0.847197 0.060706 0.906250
v 0.890518 0.088261 1.000000
v 0.847197 0.060706 1.000000
v 0.890518 0.088261 0.906250
v 0.909255 0.133849 0.906250
v 0.909255 0.133849 1.000000
v 0.890518 0.088261 0.906250
v 0.909255 0.133849 1.000000
v 0.890518 0.088261 1.000000
v 0.909255 0.133849 0.906250
v 0.911204 0.183330 0.906250
v 0.911204 0.183330 1.000000
v 0.909255 0.133849 0.906250
v 0.911204 0.183330 1.000000
v 0.909255 0.133849 1.000000
v 0.911204 0.183330 0.906250
v 0.910512 0.236495 0.906250
v 0.910512 0.236495 1.000000
v 0.911204 0.183330 0.906250
v 0.910512 0.236495 1.000000
v 0.911204 0.183330 1.000000
v 0.910512 0.236495 0.906250
v 0.909827 0.289476 0.906250
v 0.909827 0.289476 1.000000
v 0.910512 0.236495 0.906250
v 0.909827 0.289476 1.000000
v 0.910512 0.236495 1.000000
v 0.909827 0.289476 0.906250
v 0.909192 0.342259 0.906250
v 0.909192 0.342259 1.000000
v 0.909827 0.289476 0.906250
v 0.909192 0.342259 1.000000
v 0.909827 0.289476 1.000000
v 0.909192 0.342259 0.906250
v 0.908627 0.398597 0.906250
v 0.908627 0.398597 1.000000
v 0.909192 0.342259 0.906250
v 0.908627 0.398597 1.000000
v 0.909192 0.342259 1.000000
v 0.908627 0.398597 0.906250
v 0.908253 0.454752 0.906250
v 0.908253 0.454752 1.000000
v 0.908627 0.398597 0.906250
v 0.908253 0.454752 1.000000
v 0.908627 0.398597 1.000000
v 0.908253 0.454752 0.906250
v 0.908125 0.507068 0.906250
v 0.908125 0.507068 1.000000
v 0.908253 0.454752 0.906250
v 0.908125 0.507068 1.000000
v 0.908253 0.454752 1.000000
v 0.908125 0.507068 0.906250
v 0.908232 0.559380 0.906250
v 0.908232 0.559380 1.000000
v 0.908125 0.507068 0.906250
v 0.908232 0.559380 1.000000
v 0.908125 0.507068 1.000000
v 0.908232 0.559380 0.906250
v 0.908557 0.611775 0.906250
v 0.908557 0.611775 1.000000
v 0.908232 0.559380 0.906250
v 0.908557 0.611775 1.000000
v 0.908232 0.559380 1.000000
v 0.908557 0.611775 0.906250
v 0.909057 0.664321 0.906250
v 0.909057 0.664321 1.000000
v 0.908557 0.611775 0.906250
v 0.909057 0.664321 1.000000
v 0.908557 0.611775 1.000000
v 0.909057 0.664321 0.906250
v 0.909673 0.717058 0.906250
v 0.909673 0.717058 1.000000
v 0.909057 0.664321 0.906250
v 0.909673 0.717058 1.000000
v 0.909057 0.664321 1.000000
v 0.909673 0.717058 0.906250
v 0.910351 0.769994 0.906250
v 0.910351 0.769994 1.000000
v 0.909673 0.717058 0.906250
v 0.910351 0.769994 1.000000
v 0.909673 0.717058 1.000000
v 0.910351 0.769994 0.906250
v 0.911045 0.823118 0.906250
v 0.911045 0.823118 1.000000
v 0.910351 0.769994 0.906250
v 0.911045 0.823118 1.000000
v 0.910351 0.769994 1.000000
v 0.911045 0.823118 0.906250
v 0.911723 0.876409 0.906250
v 0.911723 0.876409 1.000000
v 0.911045 0.823118 0.906250
v 0.911723 0.876409 1.000000
v 0.911045 0.823118 1.000000
v 0.911723 0.876409 0.906250
v 0.899929 0.922057 0.906250
v 0.899929 0.922057 1.000000
v 0.911723 0.876409 0.906250
v 0.899929 0.922057 1.000000
v 0.911723 0.876409 1.000000
v 0.899929 0.922057 0.906250
v 0.866385 0.953350 0.906250
v 0.866385 0.953350 1.000000
v 0.899929 0.922057 0.906250
v 0.866385 0.953350 1.000000
v 0.899929 0.922057 1.000000
v 0.866385 0.953350 0.906250
v 0.816548 0.967012 0.906250
v 0.816548 0.967012 1.000000
v 0.866385 0.953350 0.906250
v 0.816548 0.967012 1.000000
v 0.866385 0.953350 1.000000
v 0.816548 0.967012 0.906250
v 0.766673 0.966458 0.906250
v 0.766673 0.966458 1.000000
v 0.816548 0.967012 0.906250
v 0.766673 0.966458 1.000000
v 0.816548 0.967012 1.000000
v 0.766673 0.966458 0.906250
v 0.713110 0.965896 0.906250
v 0.713110 0.965896 1.000000
v 0.766673 0.966458 0.906250
v 0.713110 0.965896 1.000000
v 0.766673 0.966458 1.000000
v 0.713110 0.965896 0.906250
v 0.659774 0.974207 0.906250
v 0.659774 0.974207 1.000000
v 0.713110 0.965896 0.906250
v 0.659774 0.974207 1.000000
v 0.713110 0.965896 1.000000
v 0.659774 0.974207 0.906250
v 0.610326 0.980469 0.906250
v 0.610326 0.980469 1.000000
v 0.659774 0.974207 0.906250
v 0.610326 0.980469 1.000000
v 0.659774 0.974207 1.000000
v 0.505498 0.509394 1.000000
v 0.610326 0.980469 1.000000
v 0.553313 0.980220 1.000000
v 0.505498 0.509394 1.000000
v 0.553313 0.980220 1.000000
v 0.500154 0.980152 1.000000
v 0.505498 0.509394 1.000000
v 0.500154 0.980152 1.000000
v 0.446990 0.980253 1.000000
v 0.505498 0.509394 1.000000
v 0.446990 0.980253 1.000000
v 0.393765 0.980511 1.000000
v 0.505498 0.509394 1.000000
v 0.393765 0.980511 1.000000
v 0.344281 0.977016 1.000000
v 0.505498 0.509394 1.000000
v 0.344281 0.977016 1.000000
v 0.298593 0.965888 1.000000
v 0.505498 0.509394 1.000000
v 0.298593 0.965888 1.000000
v 0.252750 0.961247 1.000000
v 0.505498 0.509394 1.000000
v 0.252750 0.961247 1.000000
v 0.210553 0.963763 1.000000
v 0.505498 0.509394 1.000000
v 0.210553 0.963763 1.000000
v 0.164518 0.957498 1.000000
v 0.505498 0.509394 1.000000
v 0.164518 0.957498 1.000000
v 0.118560 0.935727 1.000000
v 0.505498 0.509394 1.000000
v 0.118560 0.935727 1.000000
v 0.097040 0.891686 1.000000
v 0.505498 0.509394 1.000000
v 0.097040 0.891686 1.000000
v 0.096604 0.838367 1.000000
v 0.505498 0.509394 1.000000
v 0.096604 0.838367 1.000000
v 0.097291 0.785193 1.000000
v 0.505498 0.509394 1.000000
v 0.097291 0.785193 1.000000
v 0.097971 0.732200 1.000000
v 0.505498 0.509394 1.000000
v 0.097971 0.732200 1.000000
v 0.098604 0.679403 1.000000
v 0.505498 0.509394 1.000000
v 0.098604 0.679403 1.000000
v 0.101700 0.630526 1.000000
v 0.505498 0.509394 1.000000
v 0.101700 0.630526 1.000000
v 0.103348 0.585558 1.000000
v 0.505498 0.509394 1.000000
v 0.103348 0.585558 1.000000
v 0.104119 0.536952 1.000000
v 0.505498 0.509394 1.000000
v 0.104119 0.536952 1.000000
v 0.107473 0.484662 1.000000
v 0.505498 0.509394 1.000000
v 0.107473 0.484662 1.000000
v 0.107244 0.432335 1.000000
v 0.505498 0.509394 1.000000
v 0.107244 0.432335 1.000000
v 0.106813 0.379883 1.000000
v 0.505498 0.509394 1.000000
v 0.106813 0.379883 1.000000
v 0.106236 0.327251 1.000000
v 0.505498 0.509394 1.000000
v 0.106236 0.327251 1.000000
v 0.105571 0.274416 1.000000
v 0.505498 0.509394 1.000000
v 0.105571 0.274416 1.000000
v 0.104872 0.221381 1.000000
v 0.505498 0.509394 1.000000
v 0.104872 0.221381 1.000000
v 0.104176 0.168166 1.000000
v 0.505498 0.509394 1.000000
v 0.104176 0.168166 1.000000
v 0.106818 0.114835 1.000000
v 0.505498 0.509394 1.000000
v 0.106818 0.114835 1.000000
v 0.130006 0.073077 1.000000
v 0.505498 0.509394 1.000000
v 0.130006 0.073077 1.000000
v 0.172081 0.050037 1.000000
v 0.505498 0.509394 1.000000
v 0.172081 0.050037 1.000000
v 0.225813 0.047347 1.000000
v 0.505498 0.509394 1.000000
v 0.225813 0.047347 1.000000
v 0.279433 0.047917 1.000000
v 0.505498 0.509394 1.000000
v 0.279433 0.047917 1.000000
v 0.332880 0.046231 1.000000
v 0.505498 0.509394 1.000000
v 0.332880 0.046231 1.000000
v 0.382341 0.037257 1.000000
v 0.505498 0.509394 1.000000
v 0.382341 0.037257 1.000000
v 0.431771 0.033668 1.000000
v 0.505498 0.509394 1.000000
v 0.431771 0.033668 1.000000
v 0.484962 0.033812 1.000000
v 0.505498 0.509394 1.000000
v 0.484962 0.033812 1.000000
v 0.538132 0.033794 1.000000
v 0.505498 0.509394 1.000000
v 0.538132 0.033794 1.000000
v 0.591335 0.033613 1.000000
v 0.505498 0.509394 1.000000
v 0.591335 0.033613 1.000000
v 0.644547 0.043203 1.000000
v 0.505498 0.509394 1.000000
v 0.644547 0.043203 1.000000
v 0.693990 0.055982 1.000000
v 0.505498 0.509394 1.000000
v 0.693990 0.055982 1.000000
v 0.743667 0.055476 1.000000
v 0.505498 0.509394 1.000000
v 0.743667 0.055476 1.000000
v 0.797317 0.054885 1.000000
v 0.505498 0.509394 1.000000
v 0.797317 0.054885 1.000000
v 0.847197 0.060706 1.000000
v 0.505498 0.509394 1.000000
v 0.847197 0.060706 1.000000
v 0.890518 0.088261 1.000000
v 0.505498 0.509394 1.000000
v 0.890518 0.088261 1.000000
v 0.909255 0.133849 1.000000
v 0.505498 0.509394 1.000000
v 0.909255 0.133849 1.000000
v 0.911204 0.183330 1.000000
v 0.505498 0.509394 1.000000
v 0.911204 0.183330 1.000000
v 0.910512 0.236495 1.000000
v 0.505498 0.509394 1.000000
v 0.910512 0.236495 1.000000
v 0.909827 0.289476 1.000000
v 0.505498 0.509394 1.000000
v 0.909827 0.289476 1.000000
v 0.909192 0.342259 1.000000
v 0.505498 0.509394 1.000000
v 0.909192 0.342259 1.000000
v 0.908627 0.398597 1.000000
v 0.505498 0.509394 1.000000
v 0.908627 0.398597 1.000000
v 0.908253 0.454752 1.000000
v 0.505498 0.509394 1.000000
v 0.908253 0.454752 1.000000
v 0.908125 0.507068 1.000000
v 0.505498 0.509394 1.000000
v 0.908125 0.507068 1.000000
v 0.908232 0.559380 1.000000
v 0.505498 0.509394 1.000000
v 0.908232 0.559380 1.000000
v 0.908557 0.611775 1.000000
v 0.505498 0.509394 1.000000
v 0.908557 0.611775 1.000000
v 0.909057 0.664321 1.000000
v 0.505498 0.509394 1.000000
v 0.909057 0.664321 1.000000
v 0.909673 0.717058 1.000000
v 0.505498 0.509394 1.000000
v 0.909673 0.717058 1.000000
v 0.910351 0.769994 1.000000
v 0.505498 0.509394 1.000000
v 0.910351 0.769994 1.000000
v 0.911045 0.823118 1.000000
v 0.505498 0.509394 1.000000
v 0.911045 0.823118 1.000000
v 0.911723 0.876409 1.000000
v 0.505498 0.509394 1.000000
v 0.911723 0.876409 1.000000
v 0.899929 0.922057 1.000000
v 0.505498 0.509394 1.000000
v 0.899929 0.922057 1.000000
v 0.866385 0.953350 1.000000
v 0.505498 0.509394 1.000000
v 0.866385 0.953350 1.000000
v 0.816548 0.967012 1.000000
v 0.505498 0.509394 1.000000
v 0.816548 0.967012 1.000000
v 0.766673 0.966458 1.000000
v 0.505498 0.509394 1.000000
v 0.766673 0.966458 1.000000
v 0.713110 0.965896 1.000000
v 0.505498 0.509394 1.000000
v 0.713110 0.965896 1.000000
v 0.659774 0.974207 1.000000
v 0.505498 0.509394 1.000000
v 0.659774 0.974207 1.000000
v 0.610326 0.980469 1.000000
v 0.735000 0.465000 0.906250
v 0.753603 0.467449 0.834375
v 0.753603 0.467449 0.906250
v 0.735000 0.465000 0.906250
v 0.735000 0.465000 0.834375
v 0.753603 0.467449 0.834375
v 0.753603 0.467449 0.906250
v 0.770937 0.474629 0.834375
v 0.770937 0.474629 0.906250
v 0.753603 0.467449 0.906250
v 0.753603 0.467449 0.834375
v 0.770937 0.474629 0.834375
v 0.770937 0.474629 0.906250
v 0.785823 0.486052 0.834375
v 0.785823 0.486052 0.906250
v 0.770937 0.474629 0.906250
v 0.770937 0.474629 0.834375
v 0.785823 0.486052 0.834375
v 0.785823 0.486052 0.906250
v 0.797246 0.500938 0.834375
v 0.797246 0.500938 0.906250
v 0.785823 0.486052 0.906250
v 0.785823 0.486052 0.834375
v 0.797246 0.500938 0.834375
v 0.797246 0.500938 0.906250
v 0.804426 0.518272 0.834375
v 0.804426 0.518272 0.906250
v 0.797246 0.500938 0.906250
v 0.797246 0.500938 0.834375
v 0.804426 0.518272 0.834375
v 0.804426 0.518272 0.906250
v 0.806875 0.536875 0.834375
v 0.806875 0.536875 0.906250
v 0.804426 0.518272 0.906250
v 0.804426 0.518272 0.834375
v 0.806875 0.536875 0.834375
v 0.806875 0.536875 0.906250
v 0.806875 0.883750 0.834375
v 0.806875 0.883750 0.906250
v 0.806875 0.536875 0.906250
v 0.806875 0.536875 0.834375
v 0.806875 0.883750 0.834375
v 0.806875 0.883750 0.906250
v 0.804426 0.902353 0.834375
v 0.804426 0.902353 0.906250
v 0.806875 0.883750 0.906250
v 0.806875 0.883750 0.834375
v 0.804426 0.902353 0.834375
v 0.804426 0.902353 0.906250
v 0.797246 0.919687 0.834375
v 0.797246 0.919687 0.906250
v 0.804426 0.902353 0.906250
v 0.804426 0.902353 0.834375
v 0.797246 0.919687 0.834375
v 0.797246 0.919687 0.906250
v 0.785823 0.934573 0.834375
v 0.785823 0.934573 0.906250
v 0.797246 0.919687 0.906250
v 0.797246 0.919687 0.834375
v 0.785823 0.934573 0.834375
v 0.785823 0.934573 0.906250
v 0.770937 0.945996 0.834375
v 0.770937 0.945996 0.906250
v 0.785823 0.934573 0.906250
v 0.785823 0.934573 0.834375
v 0.770937 0.945996 0.834375
v 0.770937 0.945996 0.906250
v 0.753603 0.953176 0.834375
v 0.753603 0.953176 0.906250
v 0.770937 0.945996 0.906250
v 0.770937 0.945996 0.834375
v 0.753603 0.953176 0.834375
v 0.753603 0.953176 0.906250
v 0.735000 0.955625 0.834375
v 0.735000 0.955625 0.906250
v 0.753603 0.953176 0.906250
v 0.753603 0.953176 0.834375
v 0.735000 0.955625 0.834375
v 0.735000 0.955625 0.906250
v 0.280625 0.955625 0.834375
v 0.280625 0.955625 0.906250
v 0.735000 0.955625 0.906250
v 0.735000 0.955625 0.834375
v 0.280625 0.955625 0.834375
v 0.280625 0.955625 0.906250
v 0.262022 0.953176 0.834375
v 0.262022 0.953176 0.906250
v 0.280625 0.955625 0.906250
v 0.280625 0.955625 0.834375
v 0.262022 0.953176 0.834375
v 0.262022 0.953176 0.906250
v 0.244688 0.945996 0.834375
v 0.244688 0.945996 0.906250
v 0.262022 0.953176 0.906250
v 0.262022 0.953176 0.834375
v 0.244688 0.945996 0.834375
v 0.244688 0.945996 0.906250
v 0.229802 0.934573 0.834375
v 0.229802 0.934573 0.906250
v 0.244688 0.945996 0.906250
v 0.244688 0.945996 0.834375
v 0.229802 0.934573 0.834375
v 0.229802 0.934573 0.906250
v 0.218379 0.919687 0.834375
v 0.218379 0.919687 0.906250
v 0.229802 0.934573 0.906250
v 0.229802 0.934573 0.834375
v 0.218379 0.919687 0.834375
v 0.218379 0.919687 0.906250
v 0.211199 0.902353 0.834375
v 0.211199 0.902353 0.906250
v 0.218379 0.919687 0.906250
v 0.218379 0.919687 0.834375
v 0.211199 0.902353 0.834375
v 0.211199 0.902353 0.906250
v 0.208750 0.883750 0.834375
v 0.208750 0.883750 0.906250
v 0.211199 0.902353 0.906250
v 0.211199 0.902353 0.834375
v 0.208750 0.883750 0.834375
v 0.208750 0.883750 0.906250
v 0.208750 0.536875 0.834375
v 0.208750 0.536875 0.906250
v 0.208750 0.883750 0.906250
v 0.208750 0.883750 0.834375
v 0.208750 0.536875 0.834375
v 0.208750 0.536875 0.906250
v 0.211199 0.518272 0.834375
v 0.211199 0.518272 0.906250
v 0.208750 0.536875 0.906250
v 0.208750 0.536875 0.834375
v 0.211199 0.518272 0.834375
v 0.211199 0.518272 0.906250
v 0.218379 0.500938 0.834375
v 0.218379 0.500938 0.906250
v 0.211199 0.518272 0.906250
v 0.211199 0.518272 0.834375
v 0.218379 0.500938 0.834375
v 0.218379 0.500938 0.906250
v 0.229802 0.486052 0.834375
v 0.229802 0.486052 0.906250
v 0.218379 0.500938 0.906250
v 0.218379 0.500938 0.834375
v 0.229802 0.486052 0.834375
v 0.229802 0.486052 0.906250
v 0.244687 0.474629 0.834375
v 0.244687 0.474629 0.906250
v 0.229802 0.486052 0.906250
v 0.229802 0.486052 0.834375
v 0.244687 0.474629 0.834375
v 0.244687 0.474629 0.906250
v 0.262022 0.467449 0.834375
v 0.262022 0.467449 0.906250
v 0.244687 0.474629 0.906250
v 0.244687 0.474629 0.834375
v 0.262022 0.467449 0.834375
v 0.262022 0.467449 0.906250
v 0.280625 0.465000 0.834375
v 0.280625 0.465000 0.906250
v 0.262022 0.467449 0.906250
v 0.262022 0.467449 0.834375
v 0.280625 0.465000 0.834375
v 0.280625 0.465000 0.906250
v 0.735000 0.465000 0.834375
v 0.735000 0.465000 0.906250
v 0.280625 0.465000 0.906250
v 0.280625 0.465000 0.834375
v 0.735000 0.465000 0.834375
v 0.735000 0.465000 0.834375
v 0.740265 0.480628 0.812500
v 0.753603 0.467449 0.834375
v 0.735000 0.465000 0.834375
v 0.722260 0.478757 0.812500
v 0.740265 0.480628 0.812500
v 0.753603 0.467449 0.834375
v 0.756971 0.487139 0.812500
v 0.770937 0.474629 0.834375
v 0.753603 0.467449 0.834375
v 0.740265 0.480628 0.812500
v 0.756971 0.487139 0.812500
v 0.770937 0.474629 0.834375
v 0.771230 0.497824 0.812500
v 0.785823 0.486052 0.834375
v 0.770937 0.474629 0.834375
v 0.756971 0.487139 0.812500
v 0.771230 0.497824 0.812500
v 0.785823 0.486052 0.834375
v 0.782054 0.511927 0.812500
v 0.797246 0.500938 0.834375
v 0.785823 0.486052 0.834375
v 0.771230 0.497824 0.812500
v 0.782054 0.511927 0.812500
v 0.797246 0.500938 0.834375
v 0.788687 0.528463 0.812500
v 0.804426 0.518272 0.834375
v 0.797246 0.500938 0.834375
v 0.782054 0.511927 0.812500
v 0.788687 0.528463 0.812500
v 0.804426 0.518272 0.834375
v 0.790655 0.546281 0.812500
v 0.806875 0.536875 0.834375
v 0.804426 0.518272 0.834375
v 0.788687 0.528463 0.812500
v 0.790655 0.546281 0.812500
v 0.806875 0.536875 0.834375
v 0.790655 0.874344 0.812500
v 0.806875 0.883750 0.834375
v 0.806875 0.536875 0.834375
v 0.790655 0.546281 0.812500
v 0.790655 0.874344 0.812500
v 0.806875 0.883750 0.834375
v 0.788687 0.892162 0.812500
v 0.804426 0.902353 0.834375
v 0.806875 0.883750 0.834375
v 0.790655 0.874344 0.812500
v 0.788687 0.892162 0.812500
v 0.804426 0.902353 0.834375
v 0.782054 0.908698 0.812500
v 0.797246 0.919687 0.834375
v 0.804426 0.902353 0.834375
v 0.788687 0.892162 0.812500
v 0.782054 0.908698 0.812500
v 0.797246 0.919687 0.834375
v 0.771230 0.922801 0.812500
v 0.785823 0.934573 0.834375
v 0.797246 0.919687 0.834375
v 0.782054 0.908698 0.812500
v 0.771230 0.922801 0.812500
v 0.785823 0.934573 0.834375
v 0.756971 0.933486 0.812500
v 0.770937 0.945996 0.834375
v 0.785823 0.934573 0.834375
v 0.771230 0.922801 0.812500
v 0.756971 0.933486 0.812500
v 0.770937 0.945996 0.834375
v 0.740265 0.939997 0.812500
v 0.753603 0.953176 0.834375
v 0.770937 0.945996 0.834375
v 0.756971 0.933486 0.812500
v 0.740265 0.939997 0.812500
v 0.753603 0.953176 0.834375
v 0.722260 0.941868 0.812500
v 0.735000 0.955625 0.834375
v 0.753603 0.953176 0.834375
v 0.740265 0.939997 0.812500
v 0.722260 0.941868 0.812500
v 0.735000 0.955625 0.834375
v 0.293365 0.941868 0.812500
v 0.280625 0.955625 0.834375
v 0.735000 0.955625 0.834375
v 0.722260 0.941868 0.812500
v 0.293365 0.941868 0.812500
v 0.280625 0.955625 0.834375
v 0.275360 0.939997 0.812500
v 0.262022 0.953176 0.834375
v 0.280625 0.955625 0.834375
v 0.293365 0.941868 0.812500
v 0.275360 0.939997 0.812500
v 0.262022 0.953176 0.834375
v 0.258654 0.933486 0.812500
v 0.244688 0.945996 0.834375
v 0.262022 0.953176 0.834375
v 0.275360 0.939997 0.812500
v 0.258654 0.933486 0.812500
v 0.244688 0.945996 0.834375
v 0.244395 0.922801 0.812500
v 0.229802 0.934573 0.834375
v 0.244688 0.945996 0.834375
v 0.258654 0.933486 0.812500
v 0.244395 0.922801 0.812500
v 0.229802 0.934573 0.834375
v 0.233571 0.908698 0.812500
v 0.218379 0.919687 0.834375
v 0.229802 0.934573 0.834375
v 0.244395 0.922801 0.812500
v 0.233571 0.908698 0.812500
v 0.218379 0.919687 0.834375
v 0.226938 0.892162 0.812500
v 0.211199 0.902353 0.834375
v 0.218379 0.919687 0.834375
v 0.233571 0.908698 0.812500
v 0.226938 0.892162 0.812500
v 0.211199 0.902353 0.834375
v 0.224970 0.874344 0.812500
v 0.208750 0.883750 0.834375
v 0.211199 0.902353 0.834375
v 0.226938 0.892162 0.812500
v 0.224970 0.874344 0.812500
v 0.208750 0.883750 0.834375
v 0.224970 0.546281 0.812500
v 0.208750 0.536875 0.834375
v 0.208750 0.883750 0.834375
v 0.224970 0.874344 0.812500
v 0.224970 0.546281 0.812500
v 0.208750 0.536875 0.834375
v 0.226938 0.528463 0.812500
v 0.211199 0.518272 0.834375
v 0.208750 0.536875 0.834375
v 0.224970 0.546281 0.812500
v 0.226938 0.528463 0.812500
v 0.211199 0.518272 0.834375
v 0.233571 0.511927 0.812500
v 0.218379 0.500938 0.834375
v 0.211199 0.518272 0.834375
v 0.226938 0.528463 0.812500
v 0.233571 0.511927 0.812500
v 0.218379 0.500938 0.834375
v 0.244395 0.497824 0.812500
v 0.229802 0.486052 0.834375
v 0.218379 0.500938 0.834375
v 0.233571 0.511927 0.812500
v 0.244395 0.497824 0.812500
v 0.229802 0.486052 0.834375
v 0.258654 0.487139 0.812500
v 0.244687 0.474629 0.834375
v 0.229802 0.486052 0.834375
v 0.244395 0.497824 0.812500
v 0.258654 0.487139 0.812500
v 0.244687 0.474629 0.834375
v 0.275360 0.480628 0.812500
v 0.262022 0.467449 0.834375
v 0.244687 0.474629 0.834375
v 0.258654 0.487139 0.812500
v 0.275360 0.480628 0.812500
v 0.262022 0.467449 0.834375
v 0.293365 0.478757 0.812500
v 0.280625 0.465000 0.834375
v 0.262022 0.467449 0.834375
v 0.275360 0.480628 0.812500
v 0.293365 0.478757 0.812500
v 0.280625 0.465000 0.834375
v 0.722260 0.478757 0.812500
v 0.735000 0.465000 0.834375
v 0.280625 0.465000 0.834375
v 0.293365 0.478757 0.812500
v 0.722260 0.478757 0.812500
v 0.507812 0.710312 0.812500
v 0.740265 0.480628 0.812500
v 0.722260 0.478757 0.812500
v 0.507812 0.710312 0.812500
v 0.756971 0.487139 0.812500
v 0.740265 0.480628 0.812500
v 0.507812 0.710312 0.812500
v 0.771230 0.497824 0.812500
v 0.756971 0.487139 0.812500
v 0.507812 0.710312 0.812500
v 0.782054 0.511927 0.812500
v 0.771230 0.497824 0.812500
v 0.507812 0.710312 0.812500
v 0.788687 0.528463 0.812500
v 0.782054 0.511927 0.812500
v 0.507812 0.710312 0.812500
v 0.790655 0.546281 0.812500
v 0.788687 0.528463 0.812500
v 0.507812 0.710312 0.812500
v 0.790655 0.874344 0.812500
v 0.790655 0.546281 0.812500
v 0.507812 0.710312 0.812500
v 0.788687 0.892162 0.812500
v 0.790655 0.874344 0.812500
v 0.507812 0.710312 0.812500
v 0.782054 0.908698 0.812500
v 0.788687 0.892162 0.812500
v 0.507812 0.710312 0.812500
v 0.771230 0.922801 0.812500
v 0.782054 0.908698 0.812500
v 0.507812 0.710312 0.812500
v 0.756971 0.933486 0.812500
v 0.771230 0.922801 0.812500
v 0.507812 0.710312 0.812500
v 0.740265 0.939997 0.812500
v 0.756971 0.933486 0.812500
v 0.507812 0.710312 0.812500
v 0.722260 0.941868 0.812500
v 0.740265 0.939997 0.812500
v 0.507812 0.710312 0.812500
v 0.293365 0.941868 0.812500
v 0.722260 0.941868 0.812500
v 0.507812 0.710312 0.812500
v 0.275360 0.939997 0.812500
v 0.293365 0.941868 0.812500
v 0.507812 0.710312 0.812500
v 0.258654 0.933486 0.812500
v 0.275360 0.939997 0.812500
v 0.507812 0.710312 0.812500
v 0.244395 0.922801 0.812500
v 0.258654 0.933486 0.812500
v 0.507812 0.710312 0.812500
v 0.233571 0.908698 0.812500
v 0.244395 0.922801 0.812500
v 0.507812 0.710312 0.812500
v 0.226938 0.892162 0.812500
v 0.233571 0.908698 0.812500
v 0.507812 0.710312 0.812500
v 0.224970 0.874344 0.812500
v 0.226938 0.892162 0.812500
v 0.507812 0.710312 0.812500
v 0.224970 0.546281 0.812500
v 0.224970 0.874344 0.812500
v 0.507812 0.710312 0.812500
v 0.226938 0.528463 0.812500
v 0.224970 0.546281 0.812500
v 0.507812 0.710312 0.812500
v 0.233571 0.511927 0.812500
v 0.226938 0.528463 0.812500
v 0.507812 0.710312 0.812500
v 0.244395 0.497824 0.812500
v 0.233571 0.511927 0.812500
v 0.507812 0.710312 0.812500
v 0.258654 0.487139 0.812500
v 0.244395 0.497824 0.812500
v 0.507812 0.710312 0.812500
v 0.275360 0.480628 0.812500
v 0.258654 0.487139 0.812500
v 0.507812 0.710312 0.812500
v 0.293365 0.478757 0.812500
v 0.275360 0.480628 0.812500
v 0.507812 0.710312 0.812500
v 0.722260 0.478757 0.812500
v 0.293365 0.478757 0.812500
v 0.657500 0.043125 0.906250
v 0.688235 0.047171 0.746875
v 0.688235 0.047171 0.906250
v 0.657500 0.043125 0.906250
v 0.657500 0.043125 0.746875
v 0.688235 0.047171 0.746875
v 0.688235 0.047171 0.906250
v 0.716875 0.059034 0.746875
v 0.716875 0.059034 0.906250
v 0.688235 0.047171 0.906250
v 0.688235 0.047171 0.746875
v 0.716875 0.059034 0.746875
v 0.716875 0.059034 0.906250
v 0.741469 0.077906 0.746875
v 0.741469 0.077906 0.906250
v 0.716875 0.059034 0.906250
v 0.716875 0.059034 0.746875
v 0.741469 0.077906 0.746875
v 0.741469 0.077906 0.906250
v 0.760341 0.102500 0.746875
v 0.760341 0.102500 0.906250
v 0.741469 0.077906 0.906250
v 0.741469 0.077906 0.746875
v 0.760341 0.102500 0.746875
v 0.760341 0.102500 0.906250
v 0.772204 0.131140 0.746875
v 0.772204 0.131140 0.906250
v 0.760341 0.102500 0.906250
v 0.760341 0.102500 0.746875
v 0.772204 0.131140 0.746875
v 0.772204 0.131140 0.906250
v 0.776250 0.161875 0.746875
v 0.776250 0.161875 0.906250
v 0.772204 0.131140 0.906250
v 0.772204 0.131140 0.746875
v 0.776250 0.161875 0.746875
v 0.776250 0.161875 0.906250
v 0.776250 0.346250 0.746875
v 0.776250 0.346250 0.906250
v 0.776250 0.161875 0.906250
v 0.776250 0.161875 0.746875
v 0.776250 0.346250 0.746875
v 0.776250 0.346250 0.906250
v 0.772204 0.376985 0.746875
v 0.772204 0.376985 0.906250
v 0.776250 0.346250 0.906250
v 0.776250 0.346250 0.746875
v 0.772204 0.376985 0.746875
v 0.772204 0.376985 0.906250
v 0.760341 0.405625 0.746875
v 0.760341 0.405625 0.906250
v 0.772204 0.376985 0.906250
v 0.772204 0.376985 0.746875
v 0.760341 0.405625 0.746875
v 0.760341 0.405625 0.906250
v 0.741469 0.430219 0.746875
v 0.741469 0.430219 0.906250
v 0.760341 0.405625 0.906250
v 0.760341 0.405625 0.746875
v 0.741469 0.430219 0.746875
v 0.741469 0.430219 0.906250
v 0.716875 0.449091 0.746875
v 0.716875 0.449091 0.906250
v 0.741469 0.430219 0.906250
v 0.741469 0.430219 0.746875
v 0.716875 0.449091 0.746875
v 0.716875 0.449091 0.906250
v 0.688235 0.460954 0.746875
v 0.688235 0.460954 0.906250
v 0.716875 0.449091 0.906250
v 0.716875 0.449091 0.746875
v 0.688235 0.460954 0.746875
v 0.688235 0.460954 0.906250
v 0.657500 0.465000 0.746875
v 0.657500 0.465000 0.906250
v 0.688235 0.460954 0.906250
v 0.688235 0.460954 0.746875
v 0.657500 0.465000 0.746875
v 0.657500 0.465000 0.906250
v 0.358125 0.465000 0.746875
v 0.358125 0.465000 0.906250
v 0.657500 0.465000 0.906250
v 0.657500 0.465000 0.746875
v 0.358125 0.465000 0.746875
v 0.358125 0.465000 0.906250
v 0.327390 0.460954 0.746875
v 0.327390 0.460954 0.906250
v 0.358125 0.465000 0.906250
v 0.358125 0.465000 0.746875
v 0.327390 0.460954 0.746875
v 0.327390 0.460954 0.906250
v 0.298750 0.449091 0.746875
v 0.298750 0.449091 0.906250
v 0.327390 0.460954 0.906250
v 0.327390 0.460954 0.746875
v 0.298750 0.449091 0.746875
v 0.298750 0.449091 0.906250
v 0.274156 0.430219 0.746875
v 0.274156 0.430219 0.906250
v 0.298750 0.449091 0.906250
v 0.298750 0.449091 0.746875
v 0.274156 0.430219 0.746875
v 0.274156 0.430219 0.906250
v 0.255284 0.405625 0.746875
v 0.255284 0.405625 0.906250
v 0.274156 0.430219 0.906250
v 0.274156 0.430219 0.746875
v 0.255284 0.405625 0.746875
v 0.255284 0.405625 0.906250
v 0.243421 0.376985 0.746875
v 0.243421 0.376985 0.906250
v 0.255284 0.405625 0.906250
v 0.255284 0.405625 0.746875
v 0.243421 0.376985 0.746875
v 0.243421 0.376985 0.906250
v 0.239375 0.346250 0.746875
v 0.239375 0.346250 0.906250
v 0.243421 0.376985 0.906250
v 0.243421 0.376985 0.746875
v 0.239375 0.346250 0.746875
v 0.239375 0.346250 0.906250
v 0.239375 0.161875 0.746875
v 0.239375 0.161875 0.906250
v 0.239375 0.346250 0.906250
v 0.239375 0.346250 0.746875
v 0.239375 0.161875 0.746875
v 0.239375 0.161875 0.906250
v 0.243421 0.131140 0.746875
v 0.243421 0.131140 0.906250
v 0.239375 0.161875 0.906250
v 0.239375 0.161875 0.746875
v 0.243421 0.131140 0.746875
v 0.243421 0.131140 0.906250
v 0.255284 0.102500 0.746875
v 0.255284 0.102500 0.906250
v 0.243421 0.131140 0.906250
v 0.243421 0.131140 0.746875
v 0.255284 0.102500 0.746875
v 0.255284 0.102500 0.906250
v 0.274156 0.077906 0.746875
v 0.274156 0.077906 0.906250
v 0.255284 0.102500 0.906250
v 0.255284 0.102500 0.746875
v 0.274156 0.077906 0.746875
v 0.274156 0.077906 0.906250
v 0.298750 0.059034 0.746875
v 0.298750 0.059034 0.906250
v 0.274156 0.077906 0.906250
v 0.274156 0.077906 0.746875
v 0.298750 0.059034 0.746875
v 0.298750 0.059034 0.906250
v 0.327390 0.047171 0.746875
v 0.327390 0.047171 0.906250
v 0.298750 0.059034 0.906250
v 0.298750 0.059034 0.746875
v 0.327390 0.047171 0.746875
v 0.327390 0.047171 0.906250
v 0.358125 0.043125 0.746875
v 0.358125 0.043125 0.906250
v 0.327390 0.047171 0.906250
v 0.327390 0.047171 0.746875
v 0.358125 0.043125 0.746875
v 0.358125 0.043125 0.906250
v 0.657500 0.043125 0.746875
v 0.657500 0.043125 0.906250
v 0.358125 0.043125 0.906250
v 0.358125 0.043125 0.746875
v 0.657500 0.043125 0.746875
v 0.657500 0.043125 0.746875
v 0.669750 0.068368 0.725000
v 0.688235 0.047171 0.746875
v 0.657500 0.043125 0.746875
v 0.641223 0.066062 0.725000
v 0.669750 0.068368 0.725000
v 0.688235 0.047171 0.746875
v 0.696309 0.078220 0.725000
v 0.716875 0.059034 0.746875
v 0.688235 0.047171 0.746875
v 0.669750 0.068368 0.725000
v 0.696309 0.078220 0.725000
v 0.716875 0.059034 0.746875
v 0.719011 0.094837 0.725000
v 0.741469 0.077906 0.746875
v 0.716875 0.059034 0.746875
v 0.696309 0.078220 0.725000
v 0.719011 0.094837 0.725000
v 0.741469 0.077906 0.746875
v 0.736225 0.116973 0.725000
v 0.760341 0.102500 0.746875
v 0.741469 0.077906 0.746875
v 0.719011 0.094837 0.725000
v 0.736225 0.116973 0.725000
v 0.760341 0.102500 0.746875
v 0.746700 0.142997 0.725000
v 0.772204 0.131140 0.746875
v 0.760341 0.102500 0.746875
v 0.736225 0.116973 0.725000
v 0.746700 0.142997 0.725000
v 0.772204 0.131140 0.746875
v 0.749650 0.171010 0.725000
v 0.776250 0.161875 0.746875
v 0.772204 0.131140 0.746875
v 0.746700 0.142997 0.725000
v 0.749650 0.171010 0.725000
v 0.776250 0.161875 0.746875
v 0.749650 0.337115 0.725000
v 0.776250 0.346250 0.746875
v 0.776250 0.161875 0.746875
v 0.749650 0.171010 0.725000
v 0.749650 0.337115 0.725000
v 0.776250 0.346250 0.746875
v 0.746700 0.365128 0.725000
v 0.772204 0.376985 0.746875
v 0.776250 0.346250 0.746875
v 0.749650 0.337115 0.725000
v 0.746700 0.365128 0.725000
v 0.772204 0.376985 0.746875
v 0.736225 0.391152 0.725000
v 0.760341 0.405625 0.746875
v 0.772204 0.376985 0.746875
v 0.746700 0.365128 0.725000
v 0.736225 0.391152 0.725000
v 0.760341 0.405625 0.746875
v 0.719011 0.413288 0.725000
v 0.741469 0.430219 0.746875
v 0.760341 0.405625 0.746875
v 0.736225 0.391152 0.725000
v 0.719011 0.413288 0.725000
v 0.741469 0.430219 0.746875
v 0.696309 0.429905 0.725000
v 0.716875 0.449091 0.746875
v 0.741469 0.430219 0.746875
v 0.719011 0.413288 0.725000
v 0.696309 0.429905 0.725000
v 0.716875 0.449091 0.746875
v 0.669750 0.439757 0.725000
v 0.688235 0.460954 0.746875
v 0.716875 0.449091 0.746875
v 0.696309 0.429905 0.725000
v 0.669750 0.439757 0.725000
v 0.688235 0.460954 0.746875
v 0.641223 0.442063 0.725000
v 0.657500 0.465000 0.746875
v 0.688235 0.460954 0.746875
v 0.669750 0.439757 0.725000
v 0.641223 0.442063 0.725000
v 0.657500 0.465000 0.746875
v 0.374402 0.442063 0.725000
v 0.358125 0.465000 0.746875
v 0.657500 0.465000 0.746875
v 0.641223 0.442063 0.725000
v 0.374402 0.442063 0.725000
v 0.358125 0.465000 0.746875
v 0.345875 0.439757 0.725000
v 0.327390 0.460954 0.746875
v 0.358125 0.465000 0.746875
v 0.374402 0.442063 0.725000
v 0.345875 0.439757 0.725000
v 0.327390 0.460954 0.746875
v 0.319316 0.429905 0.725000
v 0.298750 0.449091 0.746875
v 0.327390 0.460954 0.746875
v 0.345875 0.439757 0.725000
v 0.319316 0.429905 0.725000
v 0.298750 0.449091 0.746875
v 0.296614 0.413288 0.725000
v 0.274156 0.430219 0.746875
v 0.298750 0.449091 0.746875
v 0.319316 0.429905 0.725000
v 0.296614 0.413288 0.725000
v 0.274156 0.430219 0.746875
v 0.279400 0.391152 0.725000
v 0.255284 0.405625 0.746875
v 0.274156 0.430219 0.746875
v 0.296614 0.413288 0.725000
v 0.279400 0.391152 0.725000
v 0.255284 0.405625 0.746875
v 0.268925 0.365128 0.725000
v 0.243421 0.376985 0.746875
v 0.255284 0.405625 0.746875
v 0.279400 0.391152 0.725000
v 0.268925 0.365128 0.725000
v 0.243421 0.376985 0.746875
v 0.265975 0.337115 0.725000
v 0.239375 0.346250 0.746875
v 0.243421 0.376985 0.746875
v 0.268925 0.365128 0.725000
v 0.265975 0.337115 0.725000
v 0.239375 0.346250 0.746875
v 0.265975 0.171010 0.725000
v 0.239375 0.161875 0.746875
v 0.239375 0.346250 0.746875
v 0.265975 0.337115 0.725000
v 0.265975 0.171010 0.725000
v 0.239375 0.161875 0.746875
v 0.268925 0.142997 0.725000
v 0.243421 0.131140 0.746875
v 0.239375 0.161875 0.746875
v 0.265975 0.171010 0.725000
v 0.268925 0.142997 0.725000
v 0.243421 0.131140 0.746875
v 0.279400 0.116973 0.725000
v 0.255284 0.102500 0.746875
v 0.243421 0.131140 0.746875
v 0.268925 0.142997 0.725000
v 0.279400 0.116973 0.725000
v 0.255284 0.102500 0.746875
v 0.296614 0.094837 0.725000
v 0.274156 0.077906 0.746875
v 0.255284 0.102500 0.746875
v 0.279400 0.116973 0.725000
v 0.296614 0.094837 0.725000
v 0.274156 0.077906 0.746875
v 0.319316 0.078220 0.725000
v 0.298750 0.059034 0.746875
v 0.274156 0.077906 0.746875
v 0.296614 0.094837 0.725000
v 0.319316 0.078220 0.725000
v 0.298750 0.059034 0.746875
v 0.345875 0.068368 0.725000
v 0.327390 0.047171 0.746875
v 0.298750 0.059034 0.746875
v 0.319316 0.078220 0.725000
v 0.345875 0.068368 0.725000
v 0.327390 0.047171 0.746875
v 0.374402 0.066062 0.725000
v 0.358125 0.043125 0.746875
v 0.327390 0.047171 0.746875
v 0.345875 0.068368 0.725000
v 0.374402 0.066062 0.725000
v 0.358125 0.043125 0.746875
v 0.641223 0.066062 0.725000
v 0.657500 0.043125 0.746875
v 0.358125 0.043125 0.746875
v 0.374402 0.066062 0.725000
v 0.641223 0.066062 0.725000
v 0.507812 0.254063 0.725000
v 0.669750 0.068368 0.725000
v 0.641223 0.066062 0.725000
v 0.507812 0.254063 0.725000
v 0.696309 0.078220 0.725000
v 0.669750 0.068368 0.725000
v 0.507812 0.254063 0.725000
v 0.719011 0.094837 0.725000
v 0.696309 0.078220 0.725000
v 0.507812 0.254063 0.725000
v 0.736225 0.116973 0.725000
v 0.719011 0.094837 0.725000
v 0.507812 0.254063 0.725000
v 0.746700 0.142997 0.725000
v 0.736225 0.116973 0.725000
v 0.507812 0.254063 0.725000
v 0.749650 0.171010 0.725000
v 0.746700 0.142997 0.725000
v 0.507812 0.254063 0.725000
v 0.749650 0.337115 0.725000
v 0.749650 0.171010 0.725000
v 0.507812 0.254063 0.725000
v 0.746700 0.365128 0.725000
v 0.749650 0.337115 0.725000
v 0.507812 0.254063 0.725000
v 0.736225 0.391152 0.725000
v 0.746700 0.365128 0.725000
v 0.507812 0.254063 0.725000
v 0.719011 0.413288 0.725000
v 0.736225 0.391152 0.725000
v 0.507812 0.254063 0.725000
v 0.696309 0.429905 0.725000
v 0.719011 0.413288 0.725000
v 0.507812 0.254063 0.725000
v 0.669750 0.439757 0.725000
v 0.696309 0.429905 0.725000
v 0.507812 0.254063 0.725000
v 0.641223 0.442063 0.725000
v 0.669750 0.439757 0.725000
v 0.507812 0.254063 0.725000
v 0.374402 0.442063 0.725000
v 0.641223 0.442063 0.725000
v 0.507812 0.254063 0.725000
v 0.345875 0.439757 0.725000
v 0.374402 0.442063 0.725000
v 0.507812 0.254063 0.725000
v 0.319316 0.429905 0.725000
v 0.345875 0.439757 0.725000
v 0.507812 0.254063 0.725000
v 0.296614 0.413288 0.725000
v 0.319316 0.429905 0.725000
v 0.507812 0.254063 0.725000
v 0.279400 0.391152 0.725000
v 0.296614 0.413288 0.725000
v 0.507812 0.254063 0.725000
v 0.268925 0.365128 0.725000
v 0.279400 0.391152 0.725000
v 0.507812 0.254063 0.725000
v 0.265975 0.337115 0.725000
v 0.268925 0.365128 0.725000
v 0.507812 0.254063 0.725000
v 0.265975 0.171010 0.725000
v 0.265975 0.337115 0.725000
v 0.507812 0.254063 0.725000
v 0.268925 0.142997 0.725000
v 0.265975 0.171010 0.725000
v 0.507812 0.254063 0.725000
v 0.279400 0.116973 0.725000
v 0.268925 0.142997 0.725000
v 0.507812 0.254063 0.725000
v 0.296614 0.094837 0.725000
v 0.279400 0.116973 0.725000
v 0.507812 0.254063 0.725000
v 0.319316 0.078220 0.725000
v 0.296614 0.094837 0.725000
v 0.507812 0.254063 0.725000
v 0.345875 0.068368 0.725000
v 0.319316 0.078220 0.725000
v 0.507812 0.254063 0.725000
v 0.374402 0.066062 0.725000
v 0.345875 0.068368 0.725000
v 0.507812 0.254063 0.725000
v 0.641223 0.066062 0.725000
v 0.374402 0.066062 0.725000
vt 0.502314 0.502433
vt 0.454499 0.978506
vt 0.397487 0.978759
vt 0.502314 0.502433
vt 0.507658 0.978438
vt 0.454499 0.978506
vt 0.502314 0.502433
vt 0.560823 0.978540
vt 0.507658 0.978438
vt 0.502314 0.502433
vt 0.614048 0.978801
vt 0.560823 0.978540
vt 0.502314 0.502433
vt 0.663531 0.975267
vt 0.614048 0.978801
vt 0.502314 0.502433
vt 0.709219 0.964015
vt 0.663531 0.975267
vt 0.502314 0.502433
vt 0.755063 0.959322
vt 0.709219 0.964015
vt 0.502314 0.502433
vt 0.797259 0.961867
vt 0.755063 0.959322
vt 0.502314 0.502433
vt 0.843295 0.955531
vt 0.797259 0.961867
vt 0.502314 0.502433
vt 0.889253 0.933517
vt 0.843295 0.955531
vt 0.502314 0.502433
vt 0.910772 0.888986
vt 0.889253 0.933517
vt 0.502314 0.502433
vt 0.911209 0.835073
vt 0.910772 0.888986
vt 0.502314 0.502433
vt 0.910522 0.781306
vt 0.911209 0.835073
vt 0.502314 0.502433
vt 0.909841 0.727723
vt 0.910522 0.781306
vt 0.502314 0.502433
vt 0.909209 0.674336
vt 0.909841 0.727723
vt 0.502314 0.502433
vt 0.906113 0.624915
vt 0.909209 0.674336
vt 0.502314 0.502433
vt 0.904464 0.579445
vt 0.906113 0.624915
vt 0.502314 0.502433
vt 0.903694 0.530298
vt 0.904464 0.579445
vt 0.502314 0.502433
vt 0.900340 0.477425
vt 0.903694 0.530298
vt 0.502314 0.502433
vt 0.900568 0.424515
vt 0.900340 0.477425
vt 0.502314 0.502433
vt 0.900999 0.371478
vt 0.900568 0.424515
vt 0.502314 0.502433
vt 0.901577 0.318259
vt 0.900999 0.371478
vt 0.502314 0.502433
vt 0.902241 0.264835
vt 0.901577 0.318259
vt 0.502314 0.502433
vt 0.902941 0.211210
vt 0.902241 0.264835
vt 0.502314 0.502433
vt 0.903636 0.157401
vt 0.902941 0.211210
vt 0.502314 0.502433
vt 0.900995 0.103476
vt 0.903636 0.157401
vt 0.502314 0.502433
vt 0.877807 0.061252
vt 0.900995 0.103476
vt 0.502314 0.502433
vt 0.835732 0.037956
vt 0.877807 0.061252
vt 0.502314 0.502433
vt 0.782000 0.035235
vt 0.835732 0.037956
vt 0.502314 0.502433
vt 0.728380 0.035812
vt 0.782000 0.035235
vt 0.502314 0.502433
vt 0.674932 0.034107
vt 0.728380 0.035812
vt 0.502314 0.502433
vt 0.625472 0.025033
vt 0.674932 0.034107
vt 0.502314 0.502433
vt 0.576042 0.021404
vt 0.625472 0.025033
vt 0.502314 0.502433
vt 0.522851 0.021550
vt 0.576042 0.021404
vt 0.502314 0.502433
vt 0.469681 0.021531
vt 0.522851 0.021550
vt 0.502314 0.502433
vt 0.416478 0.021349
vt 0.469681 0.021531
vt 0.502314 0.502433
vt 0.363265 0.031045
vt 0.416478 0.021349
vt 0.502314 0.502433
vt 0.313822 0.043967
vt 0.363265 0.031045
vt 0.502314 0.502433
vt 0.264146 0.043455
vt 0.313822 0.043967
vt 0.502314 0.502433
vt 0.210496 0.042858
vt 0.264146 0.043455
vt 0.502314 0.502433
vt 0.160616 0.048744
vt 0.210496 0.042858
vt 0.502314 0.502433
vt 0.117295 0.076605
vt 0.160616 0.048744
vt 0.502314 0.502433
vt 0.098558 0.122701
vt 0.117295 0.076605
vt 0.502314 0.502433
vt 0.096608 0.172734
vt 0.098558 0.122701
vt 0.502314 0.502433
vt 0.097301 0.226492
vt 0.096608 0.172734
vt 0.502314 0.502433
vt 0.097986 0.280064
vt 0.097301 0.226492
vt 0.502314 0.502433
vt 0.098621 0.333435
vt 0.097986 0.280064
vt 0.502314 0.502433
vt 0.099185 0.390400
vt 0.098621 0.333435
vt 0.502314 0.502433
vt 0.099560 0.447181
vt 0.099185 0.390400
vt 0.502314 0.502433
vt 0.099687 0.500080
vt 0.099560 0.447181
vt 0.502314 0.502433
vt 0.099580 0.552975
vt 0.099687 0.500080
vt 0.502314 0.502433
vt 0.099255 0.605954
vt 0.099580 0.552975
vt 0.502314 0.502433
vt 0.098756 0.659087
vt 0.099255 0.605954
vt 0.502314 0.502433
vt 0.098139 0.712411
vt 0.098756 0.659087
vt 0.502314 0.502433
vt 0.097462 0.765937
vt 0.098139 0.712411
vt 0.502314 0.502433
vt 0.096768 0.819653
vt 0.097462 0.765937
vt 0.502314 0.502433
vt 0.096089 0.873539
vt 0.096768 0.819653
vt 0.502314 0.502433
vt 0.107883 0.919695
vt 0.096089 0.873539
vt 0.502314 0.502433
vt 0.141428 0.951337
vt 0.107883 0.919695
vt 0.502314 0.502433
vt 0.191265 0.965151
vt 0.141428 0.951337
vt 0.502314 0.502433
vt 0.241140 0.964592
vt 0.191265 0.965151
vt 0.502314 0.502433
vt 0.294703 0.964023
vt 0.241140 0.964592
vt 0.502314 0.502433
vt 0.348038 0.972427
vt 0.294703 0.964023
vt 0.502314 0.502433
vt 0.397487 0.978759
vt 0.348038 0.972427
vt 0.162500 0.931250
vt 0.200000 0.931250
vt 0.162500 0.893750
vt 0.162500 0.931250
vt 0.162500 0.893750
vt 0.200000 0.893750
vt 0.162500 0.931250
vt 0.200000 0.931250
vt 0.162500 0.893750
vt 0.162500 0.931250
vt 0.162500 0.893750
vt 0.200000 0.893750
vt 0.162500 0.931250
vt 0.200000 0.931250
vt 0.162500 0.893750
vt 0.162500 0.931250
vt 0.162500 0.893750
vt 0.200000 0.893750
vt 0.162500 0.931250
vt 0.200000 0.931250
vt 0.162500 0.893750
vt 0.162500 0.931250
vt 0.162500 0.893750
vt 0.200000 0.893750
vt 0.162500 0.931250
vt 0.200000 0.931250
vt 0.162500 0.893750
vt 0.162500 0.931250
vt 0.162500 0.893750
vt 0.200000 0.893750
vt 0.162500 0.931250
vt 0.200000 0.931250
vt 0.162500 0.893750
vt 0.162500 0.931250
vt 0.162500 0.893750
vt 0.200000 0.893750
vt 0.162500 0.931250
vt 0.200000 0.931250
vt 0.162500 0.893750
vt 0.162500 0.931250
vt 0.162500 0.893750
vt 0.200000 0.893750
vt 0.162500 0.931250
vt 0.200000 0.931250
vt 0.162500 0.893750
vt 0.162500 0.931250
vt 0.162500 0.893750
vt 0.200000 0.893750
vt 0.162500 0.931250
vt 0.200000 0.931250
vt 0.162500 0.893750
vt 0.162500 0.931250
vt 0.162500 0.893750
vt 0.200000 0.893750
vt 0.162500 0.931250
vt 0.200000 0.931250
vt 0.162500 0.893750
vt 0.162500 0.931250
vt 0.162500 0.893750
vt 0.200000 0.893750
vt 0.162500 0.931250
vt 0.200000 0.931250
vt 0.162500 0.893750
vt 0.162500 0.931250
vt 0.162500 0.893750
vt 0.200000 0.893750
vt 0.162500 0.931250
vt 0.200000 0.931250
vt 0.162500 0.893750
vt 0.162500 0.931250
vt 0.162500 0.893750
vt 0.200000 0.893750
vt 0.162500 0.931250
vt 0.200000 0.931250
vt 0.162500 0.893750
vt 0.162500 0.931250
vt 0.162500 0.893750
vt 0.200000 0.893750
vt 0.162500 0.931250
vt 0.200000 0.931250
vt 0.162500 0.893750
vt 0.162500 0.931250
vt 0.162500 0.893750
vt 0.200000 0.893750
vt 0.162500 0.931250
vt 0.200000 0.931250
vt 0.162500 0.893750
vt 0.162500 0.931250
vt 0.162500 0.893750
vt 0.200000 0.893750
vt 0.162500 0.931250
vt 0.200000 0.931250
vt 0.162500 0.893750
vt 0.162500 0.931250
vt 0.162500 0.893750
vt 0.200000 0.893750
vt 0.162500 0.931250
vt 0.200000 0.931250
vt 0.162500 0.893750
vt 0.162500 0.931250
vt 0.162500 0.893750
vt 0.200000 0.893750
vt 0.162500 0.931250
vt 0.200000 0.931250
vt 0.162500 0.893750
vt 0.162500 0.931250
vt 0.162500 0.893750
vt 0.200000 0.893750
vt 0.162500 0.931250
vt 0.200000 0.931250
vt 0.162500 0.893750
vt 0.162500 0.931250
vt 0.162500 0.893750
vt 0.200000 0.893750
vt 0.162500 0.931250
vt 0.200000 0.931250
vt 0.162500 0.893750
vt 0.162500 0.931250
vt 0.162500 0.893750
vt 0.200000 0.893750
vt 0.162500 0.931250
vt 0.200000 0.931250
vt 0.162500 0.893750
vt 0.162500 0.931250
vt 0.162500 0.893750
vt 0.200000 0.893750
vt 0.162500 0.931250
vt 0.200000 0.931250
vt 0.162500 0.893750
vt 0.162500 0.931250
vt 0.162500 0.893750
vt 0.200000 0.893750
vt 0.162500 0.931250
vt 0.200000 0.931250
vt 0.162500 0.893750
vt 0.162500 0.931250
vt 0.162500 0.893750
vt 0.200000 0.893750
vt 0.162500 0.931250
vt 0.200000 0.931250
vt 0.162500 0.893750
vt 0.162500 0.931250
vt 0.162500 0.893750
vt 0.200000 0.893750
vt 0.162500 0.931250
vt 0.200000 0.931250
vt 0.162500 0.893750
vt 0.162500 0.931250
vt 0.162500 0.893750
vt 0.200000 0.893750
vt 0.162500 0.931250
vt 0.200000 0.931250
vt 0.162500 0.893750
vt 0.162500 0.931250
vt 0.162500 0.893750
vt 0.200000 0.893750
vt 0.162500 0.931250
vt 0.200000 0.931250
vt 0.162500 0.893750
vt 0.162500 0.931250
vt 0.162500 0.893750
vt 0.200000 0.893750
vt 0.162500 0.931250
vt 0.200000 0.931250
vt 0.162500 0.893750
vt 0.162500 0.931250
vt 0.162500 0.893750
vt 0.200000 0.893750
vt 0.162500 0.931250
vt 0.200000 0.931250
vt 0.162500 0.893750
vt 0.162500 0.931250
vt 0.162500 0.893750
vt 0.200000 0.893750
vt 0.162500 0.931250
vt 0.200000 0.931250
vt 0.162500 0.893750
vt 0.162500 0.931250
vt 0.162500 0.893750
vt 0.200000 0.893750
vt 0.162500 0.931250
vt 0.200000 0.931250
vt 0.162500 0.893750
vt 0.162500 0.931250
vt 0.162500 0.893750
vt 0.200000 0.893750
vt 0.162500 0.931250
vt 0.200000 0.931250
vt 0.162500 0.893750
vt 0.162500 0.931250
vt 0.162500 0.893750
vt 0.200000 0.893750
vt 0.162500 0.931250
vt 0.200000 0.931250
vt 0.162500 0.893750
vt 0.162500 0.931250
vt 0.162500 0.893750
vt 0.200000 0.893750
vt 0.162500 0.931250
vt 0.200000 0.931250
vt 0.162500 0.893750
vt 0.162500 0.931250
vt 0.162500 0.893750
vt 0.200000 0.893750
vt 0.162500 0.931250
vt 0.200000 0.931250
vt 0.162500 0.893750
vt 0.162500 0.931250
vt 0.162500 0.893750
vt 0.200000 0.893750
vt 0.162500 0.931250
vt 0.200000 0.931250
vt 0.162500 0.893750
vt 0.162500 0.931250
vt 0.162500 0.893750
vt 0.200000 0.893750
vt 0.162500 0.931250
vt 0.200000 0.931250
vt 0.162500 0.893750
vt 0.162500 0.931250
vt 0.162500 0.893750
vt 0.200000 0.893750
vt 0.162500 0.931250
vt 0.200000 0.931250
vt 0.162500 0.893750
vt 0.162500 0.931250
vt 0.162500 0.893750
vt 0.200000 0.893750
vt 0.162500 0.931250
vt 0.200000 0.931250
vt 0.162500 0.893750
vt 0.162500 0.931250
vt 0.162500 0.893750
vt 0.200000 0.893750
vt 0.162500 0.931250
vt 0.200000 0.931250
vt 0.162500 0.893750
vt 0.162500 0.931250
vt 0.162500 0.893750
vt 0.200000 0.893750
vt 0.162500 0.931250
vt 0.200000 0.931250
vt 0.162500 0.893750
vt 0.162500 0.931250
vt 0.162500 0.893750
vt 0.200000 0.893750
vt 0.162500 0.931250
vt 0.200000 0.931250
vt 0.162500 0.893750
vt 0.162500 0.931250
vt 0.162500 0.893750
vt 0.200000 0.893750
vt 0.162500 0.931250
vt 0.200000 0.931250
vt 0.162500 0.893750
vt 0.162500 0.931250
vt 0.162500 0.893750
vt 0.200000 0.893750
vt 0.162500 0.931250
vt 0.200000 0.931250
vt 0.162500 0.893750
vt 0.162500 0.931250
vt 0.162500 0.893750
vt 0.200000 0.893750
vt 0.162500 0.931250
vt 0.200000 0.931250
vt 0.162500 0.893750
vt 0.162500 0.931250
vt 0.162500 0.893750
vt 0.200000 0.893750
vt 0.162500 0.931250
vt 0.200000 0.931250
vt 0.162500 0.893750
vt 0.162500 0.931250
vt 0.162500 0.893750
vt 0.200000 0.893750
vt 0.162500 0.931250
vt 0.200000 0.931250
vt 0.162500 0.893750
vt 0.162500 0.931250
vt 0.162500 0.893750
vt 0.200000 0.893750
vt 0.162500 0.931250
vt 0.200000 0.931250
vt 0.162500 0.893750
vt 0.162500 0.931250
vt 0.162500 0.893750
vt 0.200000 0.893750
vt 0.162500 0.931250
vt 0.200000 0.931250
vt 0.162500 0.893750
vt 0.162500 0.931250
vt 0.162500 0.893750
vt 0.200000 0.893750
vt 0.162500 0.931250
vt 0.200000 0.931250
vt 0.162500 0.893750
vt 0.162500 0.931250
vt 0.162500 0.893750
vt 0.200000 0.893750
vt 0.162500 0.931250
vt 0.200000 0.931250
vt 0.162500 0.893750
vt 0.162500 0.931250
vt 0.162500 0.893750
vt 0.200000 0.893750
vt 0.162500 0.931250
vt 0.200000 0.931250
vt 0.162500 0.893750
vt 0.162500 0.931250
vt 0.162500 0.893750
vt 0.200000 0.893750
vt 0.162500 0.931250
vt 0.200000 0.931250
vt 0.162500 0.893750
vt 0.162500 0.931250
vt 0.162500 0.893750
vt 0.200000 0.893750
vt 0.162500 0.931250
vt 0.200000 0.931250
vt 0.162500 0.893750
vt 0.162500 0.931250
vt 0.162500 0.893750
vt 0.200000 0.893750
vt 0.162500 0.931250
vt 0.200000 0.931250
vt 0.162500 0.893750
vt 0.162500 0.931250
vt 0.162500 0.893750
vt 0.200000 0.893750
vt 0.162500 0.931250
vt 0.200000 0.931250
vt 0.162500 0.893750
vt 0.162500 0.931250
vt 0.162500 0.893750
vt 0.200000 0.893750
vt 0.162500 0.931250
vt 0.200000 0.931250
vt 0.162500 0.893750
vt 0.162500 0.931250
vt 0.162500 0.893750
vt 0.200000 0.893750
vt 0.162500 0.931250
vt 0.200000 0.931250
vt 0.162500 0.893750
vt 0.162500 0.931250
vt 0.162500 0.893750
vt 0.200000 0.893750
vt 0.162500 0.931250
vt 0.200000 0.931250
vt 0.162500 0.893750
vt 0.162500 0.931250
vt 0.162500 0.893750
vt 0.200000 0.893750
vt 0.162500 0.931250
vt 0.200000 0.931250
vt 0.162500 0.893750
vt 0.162500 0.931250
vt 0.162500 0.893750
vt 0.200000 0.893750
vt 0.162500 0.931250
vt 0.200000 0.931250
vt 0.162500 0.893750
vt 0.162500 0.931250
vt 0.162500 0.893750
vt 0.200000 0.893750
vt 0.162500 0.931250
vt 0.200000 0.931250
vt 0.162500 0.893750
vt 0.162500 0.931250
vt 0.162500 0.893750
vt 0.200000 0.893750
vt 0.162500 0.931250
vt 0.200000 0.931250
vt 0.162500 0.893750
vt 0.162500 0.931250
vt 0.162500 0.893750
vt 0.200000 0.893750
vt 0.162500 0.931250
vt 0.200000 0.931250
vt 0.162500 0.893750
vt 0.162500 0.931250
vt 0.162500 0.893750
vt 0.200000 0.893750
vt 0.162500 0.931250
vt 0.200000 0.931250
vt 0.200000 0.893750
vt 0.162500 0.931250
vt 0.200000 0.931250
vt 0.200000 0.893750
vt 0.162500 0.931250
vt 0.200000 0.931250
vt 0.200000 0.893750
vt 0.162500 0.931250
vt 0.200000 0.931250
vt 0.200000 0.893750
vt 0.162500 0.931250
vt 0.200000 0.931250
vt 0.200000 0.893750
vt 0.162500 0.931250
vt 0.200000 0.931250
vt 0.200000 0.893750
vt 0.162500 0.931250
vt 0.200000 0.931250
vt 0.200000 0.893750
vt 0.162500 0.931250
vt 0.200000 0.931250
vt 0.200000 0.893750
vt 0.162500 0.931250
vt 0.200000 0.931250
vt 0.200000 0.893750
vt 0.162500 0.931250
vt 0.200000 0.931250
vt 0.200000 0.893750
vt 0.162500 0.931250
vt 0.200000 0.931250
vt 0.200000 0.893750
vt 0.162500 0.931250
vt 0.200000 0.931250
vt 0.200000 0.893750
vt 0.162500 0.931250
vt 0.200000 0.931250
vt 0.200000 0.893750
vt 0.162500 0.931250
vt 0.200000 0.931250
vt 0.200000 0.893750
vt 0.162500 0.931250
vt 0.200000 0.931250
vt 0.200000 0.893750
vt 0.162500 0.931250
vt 0.200000 0.931250
vt 0.200000 0.893750
vt 0.162500 0.931250
vt 0.200000 0.931250
vt 0.200000 0.893750
vt 0.162500 0.931250
vt 0.200000 0.931250
vt 0.200000 0.893750
vt 0.162500 0.931250
vt 0.200000 0.931250
vt 0.200000 0.893750
vt 0.162500 0.931250
vt 0.200000 0.931250
vt 0.200000 0.893750
vt 0.162500 0.931250
vt 0.200000 0.931250
vt 0.200000 0.893750
vt 0.162500 0.931250
vt 0.200000 0.931250
vt 0.200000 0.893750
vt 0.162500 0.931250
vt 0.200000 0.931250
vt 0.200000 0.893750
vt 0.162500 0.931250
vt 0.200000 0.931250
vt 0.200000 0.893750
vt 0.162500 0.931250
vt 0.200000 0.931250
vt 0.200000 0.893750
vt 0.162500 0.931250
vt 0.200000 0.931250
vt 0.200000 0.893750
vt 0.162500 0.931250
vt 0.200000 0.931250
vt 0.200000 0.893750
vt 0.162500 0.931250
vt 0.200000 0.931250
vt 0.200000 0.893750
vt 0.162500 0.931250
vt 0.200000 0.931250
vt 0.200000 0.893750
vt 0.162500 0.931250
vt 0.200000 0.931250
vt 0.200000 0.893750
vt 0.162500 0.931250
vt 0.200000 0.931250
vt 0.200000 0.893750
vt 0.162500 0.931250
vt 0.200000 0.931250
vt 0.200000 0.893750
vt 0.162500 0.931250
vt 0.200000 0.931250
vt 0.200000 0.893750
vt 0.162500 0.931250
vt 0.200000 0.931250
vt 0.200000 0.893750
vt 0.162500 0.931250
vt 0.200000 0.931250
vt 0.200000 0.893750
vt 0.162500 0.931250
vt 0.200000 0.931250
vt 0.200000 0.893750
vt 0.162500 0.931250
vt 0.200000 0.931250
vt 0.200000 0.893750
vt 0.162500 0.931250
vt 0.200000 0.931250
vt 0.200000 0.893750
vt 0.162500 0.931250
vt 0.200000 0.931250
vt 0.200000 0.893750
vt 0.162500 0.931250
vt 0.200000 0.931250
vt 0.200000 0.893750
vt 0.162500 0.931250
vt 0.200000 0.931250
vt 0.200000 0.893750
vt 0.162500 0.931250
vt 0.200000 0.931250
vt 0.200000 0.893750
vt 0.162500 0.931250
vt 0.200000 0.931250
vt 0.200000 0.893750
vt 0.162500 0.931250
vt 0.200000 0.931250
vt 0.200000 0.893750
vt 0.162500 0.931250
vt 0.200000 0.931250
vt 0.200000 0.893750
vt 0.162500 0.931250
vt 0.200000 0.931250
vt 0.200000 0.893750
vt 0.162500 0.931250
vt 0.200000 0.931250
vt 0.200000 0.893750
vt 0.162500 0.931250
vt 0.200000 0.931250
vt 0.200000 0.893750
vt 0.162500 0.931250
vt 0.200000 0.931250
vt 0.200000 0.893750
vt 0.162500 0.931250
vt 0.200000 0.931250
vt 0.200000 0.893750
vt 0.162500 0.931250
vt 0.200000 0.931250
vt 0.200000 0.893750
vt 0.162500 0.931250
vt 0.200000 0.931250
vt 0.200000 0.893750
vt 0.162500 0.931250
vt 0.200000 0.931250
vt 0.200000 0.893750
vt 0.162500 0.931250
vt 0.200000 0.931250
vt 0.200000 0.893750
vt 0.162500 0.931250
vt 0.200000 0.931250
vt 0.200000 0.893750
vt 0.162500 0.931250
vt 0.200000 0.931250
vt 0.200000 0.893750
vt 0.162500 0.931250
vt 0.200000 0.931250
vt 0.200000 0.893750
vt 0.162500 0.931250
vt 0.200000 0.931250
vt 0.200000 0.893750
vt 0.162500 0.931250
vt 0.200000 0.931250
vt 0.200000 0.893750
vt 0.162500 0.931250
vt 0.200000 0.931250
vt 0.200000 0.893750
vt 0.162500 0.931250
vt 0.200000 0.931250
vt 0.200000 0.893750
vt 0.162500 0.931250
vt 0.200000 0.931250
vt 0.200000 0.893750
vt 0.162500 0.931250
vt 0.200000 0.931250
vt 0.200000 0.893750
vt 0.162500 0.931250
vt 0.200000 0.931250
vt 0.200000 0.893750
vt 0.308910 0.496956
vt 0.267547 0.473346
vt 0.291999 0.497776
vt 0.308910 0.496956
vt 0.285553 0.471454
vt 0.267547 0.473346
vt 0.291999 0.497776
vt 0.250842 0.479930
vt 0.276447 0.503120
vt 0.291999 0.497776
vt 0.267547 0.473346
vt 0.250842 0.479930
vt 0.276447 0.503120
vt 0.236583 0.490734
vt 0.263338 0.512557
vt 0.276447 0.503120
vt 0.250842 0.479930
vt 0.236583 0.490734
vt 0.263338 0.512557
vt 0.225759 0.504994
vt 0.253610 0.525366
vt 0.263338 0.512557
vt 0.236583 0.490734
vt 0.225759 0.504994
vt 0.253610 0.525366
vt 0.219126 0.521714
vt 0.247981 0.540604
vt 0.253610 0.525366
vt 0.225759 0.504994
vt 0.219126 0.521714
vt 0.247981 0.540604
vt 0.217157 0.539731
vt 0.246894 0.557169
vt 0.247981 0.540604
vt 0.219126 0.521714
vt 0.217157 0.539731
vt 0.246894 0.557169
vt 0.217157 0.871450
vt 0.246894 0.854013
vt 0.246894 0.557169
vt 0.217157 0.539731
vt 0.217157 0.871450
vt 0.246894 0.854013
vt 0.219126 0.889468
vt 0.247981 0.870577
vt 0.246894 0.854013
vt 0.217157 0.871450
vt 0.219126 0.889468
vt 0.247981 0.870577
vt 0.225759 0.906187
vt 0.253610 0.885815
vt 0.247981 0.870577
vt 0.219126 0.889468
vt 0.225759 0.906187
vt 0.253610 0.885815
vt 0.236583 0.920448
vt 0.263338 0.898625
vt 0.253610 0.885815
vt 0.225759 0.906187
vt 0.236583 0.920448
vt 0.263338 0.898625
vt 0.250842 0.931251
vt 0.276447 0.908061
vt 0.263338 0.898625
vt 0.236583 0.920448
vt 0.250842 0.931251
vt 0.276447 0.908061
vt 0.267547 0.937836
vt 0.291999 0.913406
vt 0.276447 0.908061
vt 0.250842 0.931251
vt 0.267547 0.937836
vt 0.291999 0.913406
vt 0.285553 0.939727
vt 0.308910 0.914226
vt 0.291999 0.913406
vt 0.267547 0.937836
vt 0.285553 0.939727
vt 0.308910 0.914226
vt 0.714447 0.939727
vt 0.691090 0.914226
vt 0.308910 0.914226
vt 0.285553 0.939727
vt 0.714447 0.939727
vt 0.691090 0.914226
vt 0.732453 0.937836
vt 0.708001 0.913406
vt 0.691090 0.914226
vt 0.714447 0.939727
vt 0.732453 0.937836
vt 0.708001 0.913406
vt 0.749158 0.931251
vt 0.723553 0.908061
vt 0.708001 0.913406
vt 0.732453 0.937836
vt 0.749158 0.931251
vt 0.723553 0.908061
vt 0.763417 0.920448
vt 0.736662 0.898625
vt 0.723553 0.908061
vt 0.749158 0.931251
vt 0.763417 0.920448
vt 0.736662 0.898625
vt 0.774241 0.906187
vt 0.746390 0.885815
vt 0.736662 0.898625
vt 0.763417 0.920448
vt 0.774241 0.906187
vt 0.746390 0.885815
vt 0.780874 0.889468
vt 0.752019 0.870577
vt 0.746390 0.885815
vt 0.774241 0.906187
vt 0.780874 0.889468
vt 0.752019 0.870577
vt 0.782843 0.871450
vt 0.753106 0.854013
vt 0.752019 0.870577
vt 0.780874 0.889468
vt 0.782843 0.871450
vt 0.753106 0.854013
vt 0.782843 0.539731
vt 0.753106 0.557169
vt 0.753106 0.854013
vt 0.782843 0.871450
vt 0.782843 0.539731
vt 0.753106 0.557169
vt 0.780874 0.521714
vt 0.752019 0.540604
vt 0.753106 0.557169
vt 0.782843 0.539731
vt 0.780874 0.521714
vt 0.752019 0.540604
vt 0.774241 0.504994
vt 0.746390 0.525366
vt 0.752019 0.540604
vt 0.780874 0.521714
vt 0.774241 0.504994
vt 0.746390 0.525366
vt 0.763417 0.490734
vt 0.736662 0.512557
vt 0.746390 0.525366
vt 0.774241 0.504994
vt 0.763417 0.490734
vt 0.736662 0.512557
vt 0.749158 0.479930
vt 0.723553 0.503120
vt 0.736662 0.512557
vt 0.763417 0.490734
vt 0.749158 0.479930
vt 0.723553 0.503120
vt 0.732453 0.473346
vt 0.708001 0.497776
vt 0.723553 0.503120
vt 0.749158 0.479930
vt 0.732453 0.473346
vt 0.708001 0.497776
vt 0.714447 0.471454
vt 0.691090 0.496956
vt 0.708001 0.497776
vt 0.732453 0.473346
vt 0.714447 0.471454
vt 0.691090 0.496956
vt 0.285553 0.471454
vt 0.308910 0.496956
vt 0.691090 0.496956
vt 0.714447 0.471454
vt 0.285553 0.471454
vt 0.285553 0.471454
vt 0.256433 0.462241
vt 0.267547 0.473346
vt 0.285553 0.471454
vt 0.274936 0.459862
vt 0.256433 0.462241
vt 0.267547 0.473346
vt 0.239203 0.469389
vt 0.250842 0.479930
vt 0.267547 0.473346
vt 0.256433 0.462241
vt 0.239203 0.469389
vt 0.250842 0.479930
vt 0.224421 0.480814
vt 0.236583 0.490734
vt 0.250842 0.479930
vt 0.239203 0.469389
vt 0.224421 0.480814
vt 0.236583 0.490734
vt 0.213099 0.495734
vt 0.225759 0.504994
vt 0.236583 0.490734
vt 0.224421 0.480814
vt 0.213099 0.495734
vt 0.225759 0.504994
vt 0.206010 0.513127
vt 0.219126 0.521714
vt 0.225759 0.504994
vt 0.213099 0.495734
vt 0.206010 0.513127
vt 0.219126 0.521714
vt 0.203641 0.531805
vt 0.217157 0.539731
vt 0.219126 0.521714
vt 0.206010 0.513127
vt 0.203641 0.531805
vt 0.217157 0.539731
vt 0.203641 0.879376
vt 0.217157 0.871450
vt 0.217157 0.539731
vt 0.203641 0.531805
vt 0.203641 0.879376
vt 0.217157 0.871450
vt 0.206010 0.898054
vt 0.219126 0.889468
vt 0.217157 0.871450
vt 0.203641 0.879376
vt 0.206010 0.898054
vt 0.219126 0.889468
vt 0.213099 0.915447
vt 0.225759 0.906187
vt 0.219126 0.889468
vt 0.206010 0.898054
vt 0.213099 0.915447
vt 0.225759 0.906187
vt 0.224421 0.930367
vt 0.236583 0.920448
vt 0.225759 0.906187
vt 0.213099 0.915447
vt 0.224421 0.930367
vt 0.236583 0.920448
vt 0.239203 0.941793
vt 0.250842 0.931251
vt 0.236583 0.920448
vt 0.224421 0.930367
vt 0.239203 0.941793
vt 0.250842 0.931251
vt 0.256433 0.948940
vt 0.267547 0.937836
vt 0.250842 0.931251
vt 0.239203 0.941793
vt 0.256433 0.948940
vt 0.267547 0.937836
vt 0.274936 0.951319
vt 0.285553 0.939727
vt 0.267547 0.937836
vt 0.256433 0.948940
vt 0.274936 0.951319
vt 0.285553 0.939727
vt 0.725064 0.951319
vt 0.714447 0.939727
vt 0.285553 0.939727
vt 0.274936 0.951319
vt 0.725064 0.951319
vt 0.714447 0.939727
vt 0.743567 0.948940
vt 0.732453 0.937836
vt 0.714447 0.939727
vt 0.725064 0.951319
vt 0.743567 0.948940
vt 0.732453 0.937836
vt 0.760797 0.941793
vt 0.749158 0.931251
vt 0.732453 0.937836
vt 0.743567 0.948940
vt 0.760797 0.941793
vt 0.749158 0.931251
vt 0.775579 0.930367
vt 0.763417 0.920448
vt 0.749158 0.931251
vt 0.760797 0.941793
vt 0.775579 0.930367
vt 0.763417 0.920448
vt 0.786901 0.915447
vt 0.774241 0.906187
vt 0.763417 0.920448
vt 0.775579 0.930367
vt 0.786901 0.915447
vt 0.774241 0.906187
vt 0.793990 0.898054
vt 0.780874 0.889468
vt 0.774241 0.906187
vt 0.786901 0.915447
vt 0.793990 0.898054
vt 0.780874 0.889468
vt 0.796359 0.879376
vt 0.782843 0.871450
vt 0.780874 0.889468
vt 0.793990 0.898054
vt 0.796359 0.879376
vt 0.782843 0.871450
vt 0.796359 0.531805
vt 0.782843 0.539731
vt 0.782843 0.871450
vt 0.796359 0.879376
vt 0.796359 0.531805
vt 0.782843 0.539731
vt 0.793990 0.513127
vt 0.780874 0.521714
vt 0.782843 0.539731
vt 0.796359 0.531805
vt 0.793990 0.513127
vt 0.780874 0.521714
vt 0.786901 0.495734
vt 0.774241 0.504994
vt 0.780874 0.521714
vt 0.793990 0.513127
vt 0.786901 0.495734
vt 0.774241 0.504994
vt 0.775579 0.480814
vt 0.763417 0.490734
vt 0.774241 0.504994
vt 0.786901 0.495734
vt 0.775579 0.480814
vt 0.763417 0.490734
vt 0.760797 0.469389
vt 0.749158 0.479930
vt 0.763417 0.490734
vt 0.775579 0.480814
vt 0.760797 0.469389
vt 0.749158 0.479930
vt 0.743567 0.462241
vt 0.732453 0.473346
vt 0.749158 0.479930
vt 0.760797 0.469389
vt 0.743567 0.462241
vt 0.732453 0.473346
vt 0.725064 0.459862
vt 0.714447 0.471454
vt 0.732453 0.473346
vt 0.743567 0.462241
vt 0.725064 0.459862
vt 0.714447 0.471454
vt 0.274936 0.459862
vt 0.285553 0.471454
vt 0.714447 0.471454
vt 0.725064 0.459862
vt 0.274936 0.459862
vt 0.500000 0.705591
vt 0.254210 0.460020
vt 0.272813 0.457544
vt 0.500000 0.705591
vt 0.236875 0.467281
vt 0.254210 0.460020
vt 0.500000 0.705591
vt 0.221989 0.478830
vt 0.236875 0.467281
vt 0.500000 0.705591
vt 0.210567 0.493882
vt 0.221989 0.478830
vt 0.500000 0.705591
vt 0.203387 0.511410
vt 0.210567 0.493882
vt 0.500000 0.705591
vt 0.200937 0.530220
vt 0.203387 0.511410
vt 0.500000 0.705591
vt 0.200937 0.880961
vt 0.200937 0.530220
vt 0.500000 0.705591
vt 0.203387 0.899771
vt 0.200937 0.880961
vt 0.500000 0.705591
vt 0.210567 0.917299
vt 0.203387 0.899771
vt 0.500000 0.705591
vt 0.221989 0.932351
vt 0.210567 0.917299
vt 0.500000 0.705591
vt 0.236875 0.943901
vt 0.221989 0.932351
vt 0.500000 0.705591
vt 0.254210 0.951161
vt 0.236875 0.943901
vt 0.500000 0.705591
vt 0.272813 0.953638
vt 0.254210 0.951161
vt 0.500000 0.705591
vt 0.727187 0.953638
vt 0.272813 0.953638
vt 0.500000 0.705591
vt 0.745790 0.951161
vt 0.727187 0.953638
vt 0.500000 0.705591
vt 0.763125 0.943901
vt 0.745790 0.951161
vt 0.500000 0.705591
vt 0.778011 0.932351
vt 0.763125 0.943901
vt 0.500000 0.705591
vt 0.789433 0.917299
vt 0.778011 0.932351
vt 0.500000 0.705591
vt 0.796613 0.899771
vt 0.789433 0.917299
vt 0.500000 0.705591
vt 0.799063 0.880961
vt 0.796613 0.899771
vt 0.500000 0.705591
vt 0.799063 0.530220
vt 0.799063 0.880961
vt 0.500000 0.705591
vt 0.796613 0.511410
vt 0.799063 0.530220
vt 0.500000 0.705591
vt 0.789433 0.493882
vt 0.796613 0.511410
vt 0.500000 0.705591
vt 0.778011 0.478830
vt 0.789433 0.493882
vt 0.500000 0.705591
vt 0.763125 0.467281
vt 0.778011 0.478830
vt 0.500000 0.705591
vt 0.745790 0.460020
vt 0.763125 0.467281
vt 0.500000 0.705591
vt 0.727187 0.457544
vt 0.745790 0.460020
vt 0.500000 0.705591
vt 0.272813 0.457544
vt 0.727187 0.457544
vt 0.390100 0.087659
vt 0.336009 0.054110
vt 0.364764 0.087450
vt 0.390100 0.087659
vt 0.364781 0.051582
vt 0.336009 0.054110
vt 0.364764 0.087450
vt 0.309218 0.064297
vt 0.341209 0.094473
vt 0.364764 0.087450
vt 0.336009 0.054110
vt 0.309218 0.064297
vt 0.341209 0.094473
vt 0.286306 0.081353
vt 0.321240 0.107984
vt 0.341209 0.094473
vt 0.309218 0.064297
vt 0.286306 0.081353
vt 0.321240 0.107984
vt 0.268908 0.104012
vt 0.306420 0.126777
vt 0.321240 0.107984
vt 0.286306 0.081353
vt 0.268908 0.104012
vt 0.306420 0.126777
vt 0.258278 0.130620
vt 0.297950 0.149270
vt 0.306420 0.126777
vt 0.268908 0.104012
vt 0.258278 0.130620
vt 0.297950 0.149270
vt 0.255207 0.159251
vt 0.296585 0.173619
vt 0.297950 0.149270
vt 0.258278 0.130620
vt 0.255207 0.159251
vt 0.296585 0.173619
vt 0.255207 0.329260
vt 0.296585 0.314891
vt 0.296585 0.173619
vt 0.255207 0.159251
vt 0.255207 0.329260
vt 0.296585 0.314891
vt 0.258278 0.357890
vt 0.297950 0.339240
vt 0.296585 0.314891
vt 0.255207 0.329260
vt 0.258278 0.357890
vt 0.297950 0.339240
vt 0.268908 0.384498
vt 0.306420 0.361733
vt 0.297950 0.339240
vt 0.258278 0.357890
vt 0.268908 0.384498
vt 0.306420 0.361733
vt 0.286306 0.407157
vt 0.321240 0.380526
vt 0.306420 0.361733
vt 0.268908 0.384498
vt 0.286306 0.407157
vt 0.321240 0.380526
vt 0.309218 0.424213
vt 0.341209 0.394037
vt 0.321240 0.380526
vt 0.286306 0.407157
vt 0.309218 0.424213
vt 0.341209 0.394037
vt 0.336009 0.434401
vt 0.364764 0.401060
vt 0.341209 0.394037
vt 0.309218 0.424213
vt 0.336009 0.434401
vt 0.364764 0.401060
vt 0.364781 0.436928
vt 0.390100 0.400851
vt 0.364764 0.401060
vt 0.336009 0.434401
vt 0.364781 0.436928
vt 0.390100 0.400851
vt 0.635219 0.436928
vt 0.609900 0.400851
vt 0.390100 0.400851
vt 0.364781 0.436928
vt 0.635219 0.436928
vt 0.609900 0.400851
vt 0.663991 0.434401
vt 0.635236 0.401060
vt 0.609900 0.400851
vt 0.635219 0.436928
vt 0.663991 0.434401
vt 0.635236 0.401060
vt 0.690782 0.424213
vt 0.658791 0.394037
vt 0.635236 0.401060
vt 0.663991 0.434401
vt 0.690782 0.424213
vt 0.658791 0.394037
vt 0.713694 0.407157
vt 0.678760 0.380526
vt 0.658791 0.394037
vt 0.690782 0.424213
vt 0.713694 0.407157
vt 0.678760 0.380526
vt 0.731092 0.384498
vt 0.693580 0.361733
vt 0.678760 0.380526
vt 0.713694 0.407157
vt 0.731092 0.384498
vt 0.693580 0.361733
vt 0.741722 0.357890
vt 0.702050 0.339240
vt 0.693580 0.361733
vt 0.731092 0.384498
vt 0.741722 0.357890
vt 0.702050 0.339240
vt 0.744793 0.329260
vt 0.703415 0.314891
vt 0.702050 0.339240
vt 0.741722 0.357890
vt 0.744793 0.329260
vt 0.703415 0.314891
vt 0.744793 0.159251
vt 0.703415 0.173619
vt 0.703415 0.314891
vt 0.744793 0.329260
vt 0.744793 0.159251
vt 0.703415 0.173619
vt 0.741722 0.130620
vt 0.702050 0.149270
vt 0.703415 0.173619
vt 0.744793 0.159251
vt 0.741722 0.130620
vt 0.702050 0.149270
vt 0.731092 0.104012
vt 0.693580 0.126777
vt 0.702050 0.149270
vt 0.741722 0.130620
vt 0.731092 0.104012
vt 0.693580 0.126777
vt 0.713694 0.081353
vt 0.678760 0.107984
vt 0.693580 0.126777
vt 0.731092 0.104012
vt 0.713694 0.081353
vt 0.678760 0.107984
vt 0.690782 0.064297
vt 0.658791 0.094473
vt 0.678760 0.107984
vt 0.713694 0.081353
vt 0.690782 0.064297
vt 0.658791 0.094473
vt 0.663991 0.054110
vt 0.635236 0.087450
vt 0.658791 0.094473
vt 0.690782 0.064297
vt 0.663991 0.054110
vt 0.635236 0.087450
vt 0.635219 0.051582
vt 0.609900 0.087659
vt 0.635236 0.087450
vt 0.663991 0.054110
vt 0.635219 0.051582
vt 0.609900 0.087659
vt 0.364781 0.051582
vt 0.390100 0.087659
vt 0.609900 0.087659
vt 0.635219 0.051582
vt 0.364781 0.051582
vt 0.364781 0.051582
vt 0.321632 0.037439
vt 0.336009 0.054110
vt 0.364781 0.051582
vt 0.352121 0.033543
vt 0.321632 0.037439
vt 0.336009 0.054110
vt 0.293223 0.049209
vt 0.309218 0.064297
vt 0.336009 0.054110
vt 0.321632 0.037439
vt 0.293223 0.049209
vt 0.309218 0.064297
vt 0.268839 0.068037
vt 0.286306 0.081353
vt 0.309218 0.064297
vt 0.293223 0.049209
vt 0.268839 0.068037
vt 0.286306 0.081353
vt 0.250151 0.092629
vt 0.268908 0.104012
vt 0.286306 0.081353
vt 0.268839 0.068037
vt 0.250151 0.092629
vt 0.268908 0.104012
vt 0.238443 0.121295
vt 0.258278 0.130620
vt 0.268908 0.104012
vt 0.250151 0.092629
vt 0.238443 0.121295
vt 0.258278 0.130620
vt 0.234518 0.152066
vt 0.255207 0.159251
vt 0.258278 0.130620
vt 0.238443 0.121295
vt 0.234518 0.152066
vt 0.255207 0.159251
vt 0.234518 0.336444
vt 0.255207 0.329260
vt 0.255207 0.159251
vt 0.234518 0.152066
vt 0.234518 0.336444
vt 0.255207 0.329260
vt 0.238443 0.367215
vt 0.258278 0.357890
vt 0.255207 0.329260
vt 0.234518 0.336444
vt 0.238443 0.367215
vt 0.258278 0.357890
vt 0.250151 0.395881
vt 0.268908 0.384498
vt 0.258278 0.357890
vt 0.238443 0.367215
vt 0.250151 0.395881
vt 0.268908 0.384498
vt 0.268839 0.420473
vt 0.286306 0.407157
vt 0.268908 0.384498
vt 0.250151 0.395881
vt 0.268839 0.420473
vt 0.286306 0.407157
vt 0.293223 0.439302
vt 0.309218 0.424213
vt 0.286306 0.407157
vt 0.268839 0.420473
vt 0.293223 0.439302
vt 0.309218 0.424213
vt 0.321632 0.451071
vt 0.336009 0.434401
vt 0.309218 0.424213
vt 0.293223 0.439302
vt 0.321632 0.451071
vt 0.336009 0.434401
vt 0.352121 0.454967
vt 0.364781 0.436928
vt 0.336009 0.434401
vt 0.321632 0.451071
vt 0.352121 0.454967
vt 0.364781 0.436928
vt 0.647879 0.454967
vt 0.635219 0.436928
vt 0.364781 0.436928
vt 0.352121 0.454967
vt 0.647879 0.454967
vt 0.635219 0.436928
vt 0.678368 0.451071
vt 0.663991 0.434401
vt 0.635219 0.436928
vt 0.647879 0.454967
vt 0.678368 0.451071
vt 0.663991 0.434401
vt 0.706777 0.439302
vt 0.690782 0.424213
vt 0.663991 0.434401
vt 0.678368 0.451071
vt 0.706777 0.439302
vt 0.690782 0.424213
vt 0.731161 0.420473
vt 0.713694 0.407157
vt 0.690782 0.424213
vt 0.706777 0.439302
vt 0.731161 0.420473
vt 0.713694 0.407157
vt 0.749849 0.395881
vt 0.731092 0.384498
vt 0.713694 0.407157
vt 0.731161 0.420473
vt 0.749849 0.395881
vt 0.731092 0.384498
vt 0.761557 0.367215
vt 0.741722 0.357890
vt 0.731092 0.384498
vt 0.749849 0.395881
vt 0.761557 0.367215
vt 0.741722 0.357890
vt 0.765482 0.336444
vt 0.744793 0.329260
vt 0.741722 0.357890
vt 0.761557 0.367215
vt 0.765482 0.336444
vt 0.744793 0.329260
vt 0.765482 0.152066
vt 0.744793 0.159251
vt 0.744793 0.329260
vt 0.765482 0.336444
vt 0.765482 0.152066
vt 0.744793 0.159251
vt 0.761557 0.121295
vt 0.741722 0.130620
vt 0.744793 0.159251
vt 0.765482 0.152066
vt 0.761557 0.121295
vt 0.741722 0.130620
vt 0.749849 0.092629
vt 0.731092 0.104012
vt 0.741722 0.130620
vt 0.761557 0.121295
vt 0.749849 0.092629
vt 0.731092 0.104012
vt 0.731161 0.068037
vt 0.713694 0.081353
vt 0.731092 0.104012
vt 0.749849 0.092629
vt 0.731161 0.068037
vt 0.713694 0.081353
vt 0.706777 0.049209
vt 0.690782 0.064297
vt 0.713694 0.081353
vt 0.731161 0.068037
vt 0.706777 0.049209
vt 0.690782 0.064297
vt 0.678368 0.037439
vt 0.663991 0.054110
vt 0.690782 0.064297
vt 0.706777 0.049209
vt 0.678368 0.037439
vt 0.663991 0.054110
vt 0.647879 0.033543
vt 0.635219 0.051582
vt 0.663991 0.054110
vt 0.678368 0.037439
vt 0.647879 0.033543
vt 0.635219 0.051582
vt 0.352121 0.033543
vt 0.364781 0.051582
vt 0.635219 0.051582
vt 0.647879 0.033543
vt 0.352121 0.033543
vt 0.500000 0.244255
vt 0.319578 0.035058
vt 0.350313 0.030966
vt 0.500000 0.244255
vt 0.290938 0.047053
vt 0.319578 0.035058
vt 0.500000 0.244255
vt 0.266344 0.066135
vt 0.290938 0.047053
vt 0.500000 0.244255
vt 0.247472 0.091003
vt 0.266344 0.066135
vt 0.500000 0.244255
vt 0.235609 0.119963
vt 0.247472 0.091003
vt 0.500000 0.244255
vt 0.231563 0.151040
vt 0.235609 0.119963
vt 0.500000 0.244255
vt 0.231563 0.337470
vt 0.231563 0.151040
vt 0.500000 0.244255
vt 0.235609 0.368547
vt 0.231563 0.337470
vt 0.500000 0.244255
vt 0.247472 0.397507
vt 0.235609 0.368547
vt 0.500000 0.244255
vt 0.266344 0.422375
vt 0.247472 0.397507
vt 0.500000 0.244255
vt 0.290938 0.441457
vt 0.266344 0.422375
vt 0.500000 0.244255
vt 0.319578 0.453452
vt 0.290938 0.441457
vt 0.500000 0.244255
vt 0.350313 0.457544
vt 0.319578 0.453452
vt 0.500000 0.244255
vt 0.649687 0.457544
vt 0.350313 0.457544
vt 0.500000 0.244255
vt 0.680422 0.453452
vt 0.649687 0.457544
vt 0.500000 0.244255
vt 0.709062 0.441457
vt 0.680422 0.453452
vt 0.500000 0.244255
vt 0.733656 0.422375
vt 0.709062 0.441457
vt 0.500000 0.244255
vt 0.752528 0.397507
vt 0.733656 0.422375
vt 0.500000 0.244255
vt 0.764391 0.368547
vt 0.752528 0.397507
vt 0.500000 0.244255
vt 0.768437 0.337470
vt 0.764391 0.368547
vt 0.500000 0.244255
vt 0.768437 0.151040
vt 0.768437 0.337470
vt 0.500000 0.244255
vt 0.764391 0.119963
vt 0.768437 0.151040
vt 0.500000 0.244255
vt 0.752528 0.091003
vt 0.764391 0.119963
vt 0.500000 0.244255
vt 0.733656 0.066135
vt 0.752528 0.091003
vt 0.500000 0.244255
vt 0.709063 0.047053
vt 0.733656 0.066135
vt 0.500000 0.244255
vt 0.680422 0.035058
vt 0.709063 0.047053
vt 0.500000 0.244255
vt 0.649687 0.030966
vt 0.680422 0.035058
vt 0.500000 0.244255
vt 0.350313 0.030966
vt 0.649687 0.030966
vn 0.000000 0.000000 -1.000000
vn 0.000000 0.000000 -1.000000
vn 0.000000 0.000000 -1.000000
vn 0.000000 0.000000 -1.000000
vn 0.000000 0.000000 -1.000000
vn 0.000000 0.000000 -1.000000
vn 0.000000 0.000000 -1.000000
vn 0.000000 0.000000 -1.000000
vn 0.000000 0.000000 -1.000000
vn 0.000000 0.000000 -1.000000
vn 0.000000 0.000000 -1.000000
vn 0.000000 0.000000 -1.000000
vn 0.000000 0.000000 -1.000000
vn 0.000000 0.000000 -1.000000
vn 0.000000 0.000000 -1.000000
vn 0.000000 0.000000 -1.000000
vn 0.000000 0.000000 -1.000000
vn 0.000000 0.000000 -1.000000
vn -0.000000 0.000000 -1.000000
vn 0.000000 0.000000 -1.000000
vn 0.000000 0.000000 -1.000000
vn 0.000000 0.000000 -1.000000
vn 0.000000 0.000000 -1.000000
vn 0.000000 0.000000 -1.000000
vn 0.000000 0.000000 -1.000000
vn 0.000000 0.000000 -1.000000
vn 0.000000 0.000000 -1.000000
vn 0.000000 0.000000 -1.000000
vn 0.000000 0.000000 -1.000000
vn 0.000000 0.000000 -1.000000
vn 0.000000 0.000000 -1.000000
vn 0.000000 0.000000 -1.000000
vn 0.000000 0.000000 -1.000000
vn 0.000000 0.000000 -1.000000
vn 0.000000 -0.000000 -1.000000
vn 0.000000 0.000000 -1.000000
vn 0.000000 0.000000 -1.000000
vn 0.000000 0.000000 -1.000000
vn 0.000000 0.000000 -1.000000
vn 0.000000 0.000000 -1.000000
vn 0.000000 0.000000 -1.000000
vn 0.000000 0.000000 -1.000000
vn 0.000000 0.000000 -1.000000
vn 0.000000 0.000000 -1.000000
vn 0.000000 0.000000 -1.000000
vn 0.000000 0.000000 -1.000000
vn 0.000000 0.000000 -1.000000
vn 0.000000 0.000000 -1.000000
vn 0.000000 0.000000 -1.000000
vn 0.000000 0.000000 -1.000000
vn 0.000000 0.000000 -1.000000
vn 0.000000 0.000000 -1.000000
vn 0.000000 0.000000 -1.000000
vn 0.000000 0.000000 -1.000000
vn 0.000000 0.000000 -1.000000
vn 0.000000 0.000000 -1.000000
vn 0.000000 0.000000 -1.000000
vn 0.000000 0.000000 -1.000000
vn 0.000000 0.000000 -1.000000
vn 0.000000 0.000000 -1.000000
vn 0.000000 0.000000 -1.000000
vn 0.000000 0.000000 -1.000000
vn 0.000000 0.000000 -1.000000
vn 0.000000 0.000000 -1.000000
vn -0.004380 0.999990 0.000000
vn -0.004380 0.999990 0.000000
vn -0.001264 0.999999 0.000000
vn -0.001264 0.999999 0.000000
vn 0.001894 0.999998 0.000000
vn 0.001894 0.999998 -0.000000
vn 0.004843 0.999988 0.000000
vn 0.004843 0.999988 -0.000000
vn -0.070452 0.997515 0.000000
vn -0.070452 0.997515 0.000000
vn -0.236637 0.971598 0.000000
vn -0.236637 0.971598 0.000000
vn -0.100725 0.994914 0.000000
vn -0.100725 0.994914 0.000000
vn 0.059524 0.998227 0.000000
vn 0.059524 0.998227 -0.000000
vn -0.134859 0.990865 0.000000
vn -0.134859 0.990865 0.000000
vn -0.428110 0.903727 0.000000
vn -0.428110 0.903727 0.000000
vn -0.898477 0.439020 0.000000
vn -0.898477 0.439020 0.000000
vn -0.999966 0.008188 0.000000
vn -0.999966 0.008188 0.000000
vn -0.999916 -0.012923 0.000000
vn -0.999916 -0.012923 0.000000
vn -0.999918 -0.012833 0.000000
vn -0.999918 -0.012833 0.000000
vn -0.999928 -0.011977 0.000000
vn -0.999928 -0.011977 0.000000
vn -0.998000 -0.063220 0.000000
vn -0.998000 -0.063220 0.000000
vn -0.999329 -0.036638 0.000000
vn -0.999329 -0.036638 0.000000
vn -0.999874 -0.015848 0.000000
vn -0.999874 -0.015848 0.000000
vn -0.997949 -0.064014 0.000000
vn -0.997949 -0.064014 0.000000
vn -0.999990 0.004372 0.000000
vn -0.999990 0.004372 0.000000
vn -0.999966 0.008213 0.000000
vn -0.999966 0.008213 0.000000
vn -0.999940 0.010975 0.000000
vn -0.999940 0.010975 0.000000
vn -0.999921 0.012575 0.000000
vn -0.999921 0.012575 0.000000
vn -0.999913 0.013182 0.000000
vn -0.999913 0.013182 0.000000
vn -0.999915 0.013070 0.000000
vn -0.999915 0.013070 0.000000
vn -0.998776 -0.049463 0.000000
vn -0.998776 -0.049463 0.000000
vn -0.874255 -0.485466 0.000000
vn -0.874255 -0.485466 0.000000
vn -0.480290 -0.877110 0.000000
vn -0.480290 -0.877110 0.000000
vn -0.050014 -0.998749 0.000000
vn -0.050014 -0.998749 0.000000
vn 0.010636 -0.999943 0.000000
vn 0.010636 -0.999943 0.000000
vn -0.031531 -0.999503 0.000000
vn -0.031531 -0.999503 0.000000
vn -0.178523 -0.983936 0.000000
vn -0.178523 -0.983936 0.000000
vn -0.072419 -0.997374 0.000000
vn -0.072419 -0.997374 0.000000
vn 0.002718 -0.999996 0.000000
vn 0.002718 -0.999996 0.000000
vn -0.000354 -1.000000 0.000000
vn -0.000354 -1.000000 0.000000
vn -0.003387 -0.999994 0.000000
vn -0.003387 -0.999994 0.000000
vn 0.177359 -0.984146 0.000000
vn 0.177359 -0.984146 0.000000
vn 0.250243 -0.968183 0.000000
vn 0.250243 -0.968183 0.000000
vn -0.010202 -0.999948 0.000000
vn -0.010202 -0.999948 0.000000
vn -0.011005 -0.999939 0.000000
vn -0.011005 -0.999939 0.000000
vn 0.115919 -0.993259 0.000000
vn 0.115919 -0.993259 0.000000
vn 0.536687 -0.843781 0.000000
vn 0.536687 -0.843781 0.000000
vn 0.924925 -0.380149 0.000000
vn 0.924925 -0.380149 0.000000
vn 0.999225 -0.039369 0.000000
vn 0.999225 -0.039369 0.000000
vn 0.999915 0.013025 0.000000
vn 0.999915 0.013025 -0.000000
vn 0.999916 0.012925 0.000000
vn 0.999916 0.012925 -0.000000
vn 0.999928 0.012036 0.000000
vn 0.999928 0.012036 -0.000000
vn 0.999950 0.010019 0.000000
vn 0.999950 0.010019 -0.000000
vn 0.999978 0.006669 0.000000
vn 0.999978 0.006669 -0.000000
vn 0.999997 0.002434 0.000000
vn 0.999997 0.002434 -0.000000
vn 0.999998 -0.002041 0.000000
vn 0.999998 -0.002041 0.000000
vn 0.999981 -0.006207 0.000000
vn 0.999981 -0.006207 0.000000
vn 0.999955 -0.009508 0.000000
vn 0.999955 -0.009508 0.000000
vn 0.999932 -0.011690 0.000000
vn 0.999932 -0.011690 0.000000
vn 0.999918 -0.012799 0.000000
vn 0.999918 -0.012799 0.000000
vn 0.999915 -0.013058 0.000000
vn 0.999915 -0.013058 0.000000
vn 0.999919 -0.012734 0.000000
vn 0.999919 -0.012734 0.000000
vn 0.968207 0.250152 0.000000
vn 0.968207 0.250152 -0.000000
vn 0.682140 0.731221 0.000000
vn 0.682140 0.731221 -0.000000
vn 0.264374 0.964420 0.000000
vn 0.264374 0.964420 -0.000000
vn -0.011092 0.999938 0.000000
vn -0.011092 0.999938 0.000000
vn -0.010510 0.999945 0.000000
vn -0.010510 0.999945 0.000000
vn 0.153979 0.988074 0.000000
vn 0.153979 0.988074 -0.000000
vn 0.125637 0.992076 0.000000
vn 0.125637 0.992076 -0.000000
vn 0.000000 0.000000 1.000000
vn 0.000000 -0.000000 1.000000
vn 0.000000 0.000000 1.000000
vn 0.000000 0.000000 1.000000
vn 0.000000 0.000000 1.000000
vn 0.000000 0.000000 1.000000
vn 0.000000 0.000000 1.000000
vn 0.000000 0.000000 1.000000
vn 0.000000 0.000000 1.000000
vn 0.000000 0.000000 1.000000
vn 0.000000 0.000000 1.000000
vn 0.000000 0.000000 1.000000
vn 0.000000 0.000000 1.000000
vn 0.000000 0.000000 1.000000
vn 0.000000 0.000000 1.000000
vn 0.000000 0.000000 1.000000
vn 0.000000 0.000000 1.000000
vn 0.000000 0.000000 1.000000
vn 0.000000 0.000000 1.000000
vn 0.000000 0.000000 1.000000
vn 0.000000 0.000000 1.000000
vn 0.000000 0.000000 1.000000
vn 0.000000 0.000000 1.000000
vn 0.000000 0.000000 1.000000
vn 0.000000 0.000000 1.000000
vn 0.000000 0.000000 1.000000
vn 0.000000 0.000000 1.000000
vn 0.000000 0.000000 1.000000
vn 0.000000 0.000000 1.000000
vn 0.000000 0.000000 1.000000
vn 0.000000 0.000000 1.000000
vn 0.000000 0.000000 1.000000
vn 0.000000 0.000000 1.000000
vn 0.000000 0.000000 1.000000
vn 0.000000 0.000000 1.000000
vn 0.000000 0.000000 1.000000
vn 0.000000 0.000000 1.000000
vn 0.000000 0.000000 1.000000
vn 0.000000 0.000000 1.000000
vn 0.000000 0.000000 1.000000
vn 0.000000 0.000000 1.000000
vn 0.000000 0.000000 1.000000
vn 0.000000 0.000000 1.000000
vn 0.000000 0.000000 1.000000
vn 0.000000 0.000000 1.000000
vn 0.000000 0.000000 1.000000
vn 0.000000 0.000000 1.000000
vn 0.000000 0.000000 1.000000
vn 0.000000 0.000000 1.000000
vn 0.000000 0.000000 1.000000
vn -0.000000 0.000000 1.000000
vn 0.000000 0.000000 1.000000
vn 0.000000 0.000000 1.000000
vn 0.000000 0.000000 1.000000
vn 0.000000 0.000000 1.000000
vn 0.000000 0.000000 1.000000
vn 0.000000 0.000000 1.000000
vn 0.000000 0.000000 1.000000
vn 0.000000 0.000000 1.000000
vn 0.000000 0.000000 1.000000
vn 0.000000 0.000000 1.000000
vn 0.000000 0.000000 1.000000
vn 0.000000 0.000000 1.000000
vn 0.000000 0.000000 1.000000
vn 0.130526 -0.991445 0.000000
vn 0.130526 -0.991445 0.000000
vn 0.382683 -0.923880 0.000000
vn 0.382683 -0.923880 0.000000
vn 0.608761 -0.793353 0.000000
vn 0.608761 -0.793353 0.000000
vn 0.793353 -0.608761 0.000000
vn 0.793353 -0.608761 0.000000
vn 0.923880 -0.382683 0.000000
vn 0.923880 -0.382683 0.000000
vn 0.991445 -0.130526 0.000000
vn 0.991445 -0.130526 0.000000
vn 1.000000 -0.000000 0.000000
vn 1.000000 0.000000 0.000000
vn 0.991445 0.130526 0.000000
vn 0.991445 0.130526 0.000000
vn 0.923880 0.382683 0.000000
vn 0.923880 0.382683 0.000000
vn 0.793353 0.608761 0.000000
vn 0.793353 0.608761 0.000000
vn 0.608761 0.793353 0.000000
vn 0.608761 0.793353 0.000000
vn 0.382683 0.923880 0.000000
vn 0.382683 0.923880 0.000000
vn 0.130526 0.991445 0.000000
vn 0.130526 0.991445 0.000000
vn 0.000000 1.000000 0.000000
vn 0.000000 1.000000 0.000000
vn -0.130526 0.991445 0.000000
vn -0.130526 0.991445 0.000000
vn -0.382683 0.923880 0.000000
vn -0.382683 0.923880 0.000000
vn -0.608761 0.793353 0.000000
vn -0.608761 0.793353 0.000000
vn -0.793353 0.608761 0.000000
vn -0.793353 0.608761 0.000000
vn -0.923880 0.382683 0.000000
vn -0.923880 0.382683 0.000000
vn -0.991445 0.130526 0.000000
vn -0.991445 0.130526 0.000000
vn -1.000000 -0.000000 0.000000
vn -1.000000 0.000000 -0.000000
vn -0.991445 -0.130526 0.000000
vn -0.991445 -0.130526 -0.000000
vn -0.923880 -0.382683 0.000000
vn -0.923880 -0.382683 -0.000000
vn -0.793353 -0.608761 0.000000
vn -0.793353 -0.608761 -0.000000
vn -0.608761 -0.793353 0.000000
vn -0.608761 -0.793353 -0.000000
vn -0.382683 -0.923880 0.000000
vn -0.382683 -0.923880 -0.000000
vn -0.130526 -0.991445 0.000000
vn -0.130526 -0.991445 -0.000000
vn 0.000000 -1.000000 0.000000
vn 0.000000 -1.000000 0.000000
vn 0.108092 -0.821041 -0.560542
vn 0.085240 -0.820315 -0.565524
vn 0.302818 -0.731068 -0.611425
vn 0.285981 -0.733687 -0.616375
vn 0.467722 -0.609547 -0.640070
vn 0.459048 -0.612601 -0.643424
vn 0.602461 -0.462284 -0.650642
vn 0.602383 -0.462329 -0.650682
vn 0.706372 -0.292589 -0.644538
vn 0.713607 -0.286252 -0.639395
vn 0.777492 -0.102359 -0.620507
vn 0.788945 -0.087157 -0.608251
vn 0.803275 0.000000 -0.595609
vn 0.803275 0.000000 -0.595609
vn 0.783974 0.103212 -0.612154
vn 0.782135 0.086404 -0.617089
vn 0.709556 0.293908 -0.640428
vn 0.710236 0.284900 -0.643736
vn 0.602434 0.462264 -0.650681
vn 0.602411 0.462351 -0.650641
vn 0.465585 0.606762 -0.644259
vn 0.461265 0.615560 -0.638999
vn 0.300297 0.724980 -0.619859
vn 0.288488 0.740119 -0.607452
vn 0.106955 0.812407 -0.573198
vn 0.086172 0.829284 -0.552143
vn 0.000000 0.846519 -0.532358
vn 0.000000 0.846519 -0.532358
vn -0.108092 0.821041 -0.560542
vn -0.085240 0.820315 -0.565524
vn -0.302818 0.731068 -0.611425
vn -0.285981 0.733687 -0.616375
vn -0.467722 0.609547 -0.640070
vn -0.459048 0.612601 -0.643424
vn -0.602461 0.462284 -0.650642
vn -0.602383 0.462329 -0.650682
vn -0.706372 0.292589 -0.644538
vn -0.713607 0.286252 -0.639395
vn -0.777492 0.102359 -0.620507
vn -0.788945 0.087157 -0.608251
vn -0.803275 -0.000000 -0.595609
vn -0.803275 0.000000 -0.595609
vn -0.783974 -0.103212 -0.612154
vn -0.782135 -0.086404 -0.617089
vn -0.709556 -0.293908 -0.640428
vn -0.710236 -0.284900 -0.643736
vn -0.602434 -0.462264 -0.650681
vn -0.602411 -0.462351 -0.650641
vn -0.465585 -0.606762 -0.644259
vn -0.461265 -0.615560 -0.638999
vn -0.300297 -0.724980 -0.619859
vn -0.288488 -0.740119 -0.607452
vn -0.106955 -0.812407 -0.573198
vn -0.086172 -0.829284 -0.552143
vn 0.000000 -0.846519 -0.532358
vn 0.000000 -0.846519 -0.532358
vn 0.000000 0.000000 -1.000000
vn 0.000000 0.000000 -1.000000
vn 0.000000 0.000000 -1.000000
vn 0.000000 0.000000 -1.000000
vn 0.000000 0.000000 -1.000000
vn 0.000000 0.000000 -1.000000
vn 0.000000 0.000000 -1.000000
vn 0.000000 0.000000 -1.000000
vn 0.000000 0.000000 -1.000000
vn 0.000000 0.000000 -1.000000
vn 0.000000 0.000000 -1.000000
vn 0.000000 0.000000 -1.000000
vn 0.000000 0.000000 -1.000000
vn 0.000000 0.000000 -1.000000
vn 0.000000 0.000000 -1.000000
vn 0.000000 0.000000 -1.000000
vn 0.000000 0.000000 -1.000000
vn 0.000000 0.000000 -1.000000
vn 0.000000 0.000000 -1.000000
vn 0.000000 0.000000 -1.000000
vn -0.000000 0.000000 -1.000000
vn 0.000000 0.000000 -1.000000
vn 0.000000 0.000000 -1.000000
vn 0.000000 0.000000 -1.000000
vn 0.000000 0.000000 -1.000000
vn 0.000000 0.000000 -1.000000
vn 0.000000 0.000000 -1.000000
vn 0.000000 -0.000000 -1.000000
vn 0.130526 -0.991445 0.000000
vn 0.130526 -0.991445 0.000000
vn 0.382683 -0.923880 0.000000
vn 0.382683 -0.923880 0.000000
vn 0.608761 -0.793353 0.000000
vn 0.608761 -0.793353 0.000000
vn 0.793353 -0.608761 0.000000
vn 0.793353 -0.608761 0.000000
vn 0.923880 -0.382683 0.000000
vn 0.923880 -0.382683 0.000000
vn 0.991445 -0.130526 0.000000
vn 0.991445 -0.130526 0.000000
vn 1.000000 -0.000000 0.000000
vn 1.000000 0.000000 0.000000
vn 0.991445 0.130526 0.000000
vn 0.991445 0.130526 0.000000
vn 0.923880 0.382683 0.000000
vn 0.923880 0.382683 0.000000
vn 0.793353 0.608761 0.000000
vn 0.793353 0.608761 0.000000
vn 0.608761 0.793353 0.000000
vn 0.608761 0.793353 0.000000
vn 0.382683 0.923880 0.000000
vn 0.382683 0.923880 0.000000
vn 0.130526 0.991445 0.000000
vn 0.130526 0.991445 0.000000
vn 0.000000 1.000000 0.000000
vn 0.000000 1.000000 0.000000
vn -0.130526 0.991445 0.000000
vn -0.130526 0.991445 0.000000
vn -0.382683 0.923880 0.000000
vn -0.382683 0.923880 0.000000
vn -0.608761 0.793353 0.000000
vn -0.608761 0.793353 0.000000
vn -0.793353 0.608761 0.000000
vn -0.793353 0.608761 0.000000
vn -0.923880 0.382683 0.000000
vn -0.923880 0.382683 0.000000
vn -0.991445 0.130526 0.000000
vn -0.991445 0.130526 0.000000
vn -1.000000 -0.000000 0.000000
vn -1.000000 0.000000 -0.000000
vn -0.991445 -0.130526 0.000000
vn -0.991445 -0.130526 -0.000000
vn -0.923880 -0.382683 0.000000
vn -0.923880 -0.382683 -0.000000
vn -0.793353 -0.608761 0.000000
vn -0.793353 -0.608761 -0.000000
vn -0.608761 -0.793353 0.000000
vn -0.608761 -0.793353 -0.000000
vn -0.382683 -0.923880 0.000000
vn -0.382683 -0.923880 -0.000000
vn -0.130526 -0.991445 0.000000
vn -0.130526 -0.991445 -0.000000
vn 0.000000 -1.000000 0.000000
vn 0.000000 -1.000000 0.000000
vn 0.089079 -0.676620 -0.730924
vn 0.054080 -0.668787 -0.741484
vn 0.248631 -0.600248 -0.760187
vn 0.222368 -0.599520 -0.768848
vn 0.382332 -0.498265 -0.778173
vn 0.366653 -0.500895 -0.784009
vn 0.489045 -0.375258 -0.787411
vn 0.484678 -0.376912 -0.789319
vn 0.567526 -0.235077 -0.789083
vn 0.573974 -0.231028 -0.785608
vn 0.616306 -0.081138 -0.783315
vn 0.631613 -0.066505 -0.772426
vn 0.635171 0.000000 -0.772371
vn 0.635171 0.000000 -0.772371
vn 0.626461 0.082475 -0.775077
vn 0.620337 0.065318 -0.781611
vn 0.571081 0.236550 -0.786073
vn 0.570026 0.229439 -0.788941
vn 0.487083 0.373752 -0.789341
vn 0.486838 0.378592 -0.787183
vn 0.376949 0.491249 -0.785229
vn 0.372434 0.508792 -0.776159
vn 0.242757 0.586067 -0.773042
vn 0.228278 0.615456 -0.754390
vn 0.086216 0.654872 -0.750806
vn 0.056033 0.692940 -0.718814
vn 0.000000 0.690161 -0.723656
vn 0.000000 0.690161 -0.723656
vn -0.089079 0.676620 -0.730924
vn -0.054080 0.668787 -0.741484
vn -0.248631 0.600248 -0.760187
vn -0.222368 0.599520 -0.768848
vn -0.382332 0.498265 -0.778173
vn -0.366653 0.500895 -0.784009
vn -0.489045 0.375258 -0.787411
vn -0.484678 0.376912 -0.789319
vn -0.567526 0.235077 -0.789083
vn -0.573974 0.231028 -0.785608
vn -0.616306 0.081138 -0.783315
vn -0.631613 0.066505 -0.772426
vn -0.635171 -0.000000 -0.772371
vn -0.635171 0.000000 -0.772371
vn -0.626461 -0.082475 -0.775077
vn -0.620337 -0.065318 -0.781611
vn -0.571081 -0.236550 -0.786073
vn -0.570026 -0.229439 -0.788941
vn -0.487083 -0.373752 -0.789341
vn -0.486838 -0.378592 -0.787183
vn -0.376949 -0.491249 -0.785229
vn -0.372434 -0.508792 -0.776159
vn -0.242757 -0.586067 -0.773042
vn -0.228278 -0.615456 -0.754390
vn -0.086216 -0.654872 -0.750806
vn -0.056033 -0.692940 -0.718814
vn 0.000000 -0.690161 -0.723656
vn 0.000000 -0.690161 -0.723656
vn 0.000000 0.000000 -1.000000
vn 0.000000 0.000000 -1.000000
vn 0.000000 0.000000 -1.000000
vn 0.000000 0.000000 -1.000000
vn 0.000000 0.000000 -1.000000
vn 0.000000 0.000000 -1.000000
vn 0.000000 0.000000 -1.000000
vn 0.000000 0.000000 -1.000000
vn 0.000000 0.000000 -1.000000
vn 0.000000 0.000000 -1.000000
vn 0.000000 0.000000 -1.000000
vn 0.000000 0.000000 -1.000000
vn 0.000000 0.000000 -1.000000
vn 0.000000 0.000000 -1.000000
vn 0.000000 0.000000 -1.000000
vn 0.000000 0.000000 -1.000000
vn 0.000000 0.000000 -1.000000
vn 0.000000 0.000000 -1.000000
vn 0.000000 0.000000 -1.000000
vn 0.000000 0.000000 -1.000000
vn -0.000000 0.000000 -1.000000
vn 0.000000 0.000000 -1.000000
vn 0.000000 0.000000 -1.000000
vn 0.000000 0.000000 -1.000000
vn 0.000000 0.000000 -1.000000
vn 0.000000 0.000000 -1.000000
vn 0.000000 0.000000 -1.000000
vn 0.000000 -0.000000 -1.000000
usemtl body
f 1/1/1 2/2/1 3/3/1
f 4/4/2 5/5/2 6/6/2
f 7/7/3 8/8/3 9/9/3
f 10/10/4 11/11/4 12/12/4
f 13/13/5 14/14/5 15/15/5
f 16/16/6 17/17/6 18/18/6
f 19/19/7 20/20/7 21/21/7
f 22/22/8 23/23/8 24/24/8
f 25/25/9 26/26/9 27/27/9
f 28/28/10 29/29/10 30/30/10
f 31/31/11 32/32/11 33/33/11
f 34/34/12 35/35/12 36/36/12
f 37/37/13 38/38/13 39/39/13
f 40/40/14 41/41/14 42/42/14
f 43/43/15 44/44/15 45/45/15
f 46/46/16 47/47/16 48/48/16
f 49/49/17 50/50/17 51/51/17
f 52/52/18 53/53/18 54/54/18
f 55/55/19 56/56/19 57/57/19
f 58/58/20 59/59/20 60/60/20
f 61/61/21 62/62/21 63/63/21
f 64/64/22 65/65/22 66/66/22
f 67/67/23 68/68/23 69/69/23
f 70/70/24 71/71/24 72/72/24
f 73/73/25 74/74/25 75/75/25
f 76/76/26 77/77/26 78/78/26
f 79/79/27 80/80/27 81/81/27
f 82/82/28 83/83/28 84/84/28
f 85/85/29 86/86/29 87/87/29
f 88/88/30 89/89/30 90/90/30
f 91/91/31 92/92/31 93/93/31
f 94/94/32 95/95/32 96/96/32
f 97/97/33 98/98/33 99/99/33
f 100/100/34 101/101/34 102/102/34
f 103/103/35 104/104/35 105/105/35
f 106/106/36 107/107/36 108/108/36
f 109/109/37 110/110/37 111/111/37
f 112/112/38 113/113/38 114/114/38
f 115/115/39 116/116/39 117/117/39
f 118/118/40 119/119/40 120/120/40
f 121/121/41 122/122/41 123/123/41
f 124/124/42 125/125/42 126/126/42
f 127/127/43 128/128/43 129/129/43
f 130/130/44 131/131/44 132/132/44
f 133/133/45 134/134/45 135/135/45
f 136/136/46 137/137/46 138/138/46
f 139/139/47 140/140/47 141/141/47
f 142/142/48 143/143/48 144/144/48
f 145/145/49 146/146/49 147/147/49
f 148/148/50 149/149/50 150/150/50
f 151/151/51 152/152/51 153/153/51
f 154/154/52 155/155/52 156/156/52
f 157/157/53 158/158/53 159/159/53
f 160/160/54 161/161/54 162/162/54
f 163/163/55 164/164/55 165/165/55
f 166/166/56 167/167/56 168/168/56
f 169/169/57 170/170/57 171/171/57
f 172/172/58 173/173/58 174/174/58
f 175/175/59 176/176/59 177/177/59
f 178/178/60 179/179/60 180/180/60
f 181/181/61 182/182/61 183/183/61
f 184/184/62 185/185/62 186/186/62
f 187/187/63 188/188/63 189/189/63
f 190/190/64 191/191/64 192/192/64
f 193/193/65 194/194/65 195/195/65
f 196/196/66 197/197/66 198/198/66
f 199/199/67 200/200/67 201/201/67
f 202/202/68 203/203/68 204/204/68
f 205/205/69 206/206/69 207/207/69
f 208/208/70 209/209/70 210/210/70
f 211/211/71 212/212/71 213/213/71
f 214/214/72 215/215/72 216/216/72
f 217/217/73 218/218/73 219/219/73
f 220/220/74 221/221/74 222/222/74
f 223/223/75 224/224/75 225/225/75
f 226/226/76 227/227/76 228/228/76
f 229/229/77 230/230/77 231/231/77
f 232/232/78 233/233/78 234/234/78
f 235/235/79 236/236/79 237/237/79
f 238/238/80 239/239/80 240/240/80
f 241/241/81 242/242/81 243/243/81
f 244/244/82 245/245/82 246/246/82
f 247/247/83 248/248/83 249/249/83
f 250/250/84 251/251/84 252/252/84
f 253/253/85 254/254/85 255/255/85
f 256/256/86 257/257/86 258/258/86
f 259/259/87 260/260/87 261/261/87
f 262/262/88 263/263/88 264/264/88
f 265/265/89 266/266/89 267/267/89
f 268/268/90 269/269/90 270/270/90
f 271/271/91 272/272/91 273/273/91
f 274/274/92 275/275/92 276/276/92
f 277/277/93 278/278/93 279/279/93
f 280/280/94 281/281/94 282/282/94
f 283/283/95 284/284/95 285/285/95
f 286/286/96 287/287/96 288/288/96
f 289/289/97 290/290/97 291/291/97
f 292/292/98 293/293/98 294/294/98
f 295/295/99 296/296/99 297/297/99
f 298/298/100 299/299/100 300/300/100
f 301/301/101 302/302/101 303/303/101
f 304/304/102 305/305/102 306/306/102
f 307/307/103 308/308/103 309/309/103
f 310/310/104 311/311/104 312/312/104
f 313/313/105 314/314/105 315/315/105
f 316/316/106 317/317/106 318/318/106
f 319/319/107 320/320/107 321/321/107
f 322/322/108 323/323/108 324/324/108
f 325/325/109 326/326/109 327/327/109
f 328/328/110 329/329/110 330/330/110
f 331/331/111 332/332/111 333/333/111
f 334/334/112 335/335/112 336/336/112
f 337/337/113 338/338/113 339/339/113
f 340/340/114 341/341/114 342/342/114
f 343/343/115 344/344/115 345/345/115
f 346/346/116 347/347/116 348/348/116
f 349/349/117 350/350/117 351/351/117
f 352/352/118 353/353/118 354/354/118
f 355/355/119 356/356/119 357/357/119
f 358/358/120 359/359/120 360/360/120
f 361/361/121 362/362/121 363/363/121
f 364/364/122 365/365/122 366/366/122
f 367/367/123 368/368/123 369/369/123
f 370/370/124 371/371/124 372/372/124
f 373/373/125 374/374/125 375/375/125
f 376/376/126 377/377/126 378/378/126
f 379/379/127 380/380/127 381/381/127
f 382/382/128 383/383/128 384/384/128
f 385/385/129 386/386/129 387/387/129
f 388/388/130 389/389/130 390/390/130
f 391/391/131 392/392/131 393/393/131
f 394/394/132 395/395/132 396/396/132
f 397/397/133 398/398/133 399/399/133
f 400/400/134 401/401/134 402/402/134
f 403/403/135 404/404/135 405/405/135
f 406/406/136 407/407/136 408/408/136
f 409/409/137 410/410/137 411/411/137
f 412/412/138 413/413/138 414/414/138
f 415/415/139 416/416/139 417/417/139
f 418/418/140 419/419/140 420/420/140
f 421/421/141 422/422/141 423/423/141
f 424/424/142 425/425/142 426/426/142
f 427/427/143 428/428/143 429/429/143
f 430/430/144 431/431/144 432/432/144
f 433/433/145 434/434/145 435/435/145
f 436/436/146 437/437/146 438/438/146
f 439/439/147 440/440/147 441/441/147
f 442/442/148 443/443/148 444/444/148
f 445/445/149 446/446/149 447/447/149
f 448/448/150 449/449/150 450/450/150
f 451/451/151 452/452/151 453/453/151
f 454/454/152 455/455/152 456/456/152
f 457/457/153 458/458/153 459/459/153
f 460/460/154 461/461/154 462/462/154
f 463/463/155 464/464/155 465/465/155
f 466/466/156 467/467/156 468/468/156
f 469/469/157 470/470/157 471/471/157
f 472/472/158 473/473/158 474/474/158
f 475/475/159 476/476/159 477/477/159
f 478/478/160 479/479/160 480/480/160
f 481/481/161 482/482/161 483/483/161
f 484/484/162 485/485/162 486/486/162
f 487/487/163 488/488/163 489/489/163
f 490/490/164 491/491/164 492/492/164
f 493/493/165 494/494/165 495/495/165
f 496/496/166 497/497/166 498/498/166
f 499/499/167 500/500/167 501/501/167
f 502/502/168 503/503/168 504/504/168
f 505/505/169 506/506/169 507/507/169
f 508/508/170 509/509/170 510/510/170
f 511/511/171 512/512/171 513/513/171
f 514/514/172 515/515/172 516/516/172
f 517/517/173 518/518/173 519/519/173
f 520/520/174 521/521/174 522/522/174
f 523/523/175 524/524/175 525/525/175
f 526/526/176 527/527/176 528/528/176
f 529/529/177 530/530/177 531/531/177
f 532/532/178 533/533/178 534/534/178
f 535/535/179 536/536/179 537/537/179
f 538/538/180 539/539/180 540/540/180
f 541/541/181 542/542/181 543/543/181
f 544/544/182 545/545/182 546/546/182
f 547/547/183 548/548/183 549/549/183
f 550/550/184 551/551/184 552/552/184
f 553/553/185 554/554/185 555/555/185
f 556/556/186 557/557/186 558/558/186
f 559/559/187 560/560/187 561/561/187
f 562/562/188 563/563/188 564/564/188
f 565/565/189 566/566/189 567/567/189
f 568/568/190 569/569/190 570/570/190
f 571/571/191 572/572/191 573/573/191
f 574/574/192 575/575/192 576/576/192
f 577/577/193 578/578/193 579/579/193
f 580/580/194 581/581/194 582/582/194
f 583/583/195 584/584/195 585/585/195
f 586/586/196 587/587/196 588/588/196
f 589/589/197 590/590/197 591/591/197
f 592/592/198 593/593/198 594/594/198
f 595/595/199 596/596/199 597/597/199
f 598/598/200 599/599/200 600/600/200
f 601/601/201 602/602/201 603/603/201
f 604/604/202 605/605/202 606/606/202
f 607/607/203 608/608/203 609/609/203
f 610/610/204 611/611/204 612/612/204
f 613/613/205 614/614/205 615/615/205
f 616/616/206 617/617/206 618/618/206
f 619/619/207 620/620/207 621/621/207
f 622/622/208 623/623/208 624/624/208
f 625/625/209 626/626/209 627/627/209
f 628/628/210 629/629/210 630/630/210
f 631/631/211 632/632/211 633/633/211
f 634/634/212 635/635/212 636/636/212
f 637/637/213 638/638/213 639/639/213
f 640/640/214 641/641/214 642/642/214
f 643/643/215 644/644/215 645/645/215
f 646/646/216 647/647/216 648/648/216
f 649/649/217 650/650/217 651/651/217
f 652/652/218 653/653/218 654/654/218
f 655/655/219 656/656/219 657/657/219
f 658/658/220 659/659/220 660/660/220
f 661/661/221 662/662/221 663/663/221
f 664/664/222 665/665/222 666/666/222
f 667/667/223 668/668/223 669/669/223
f 670/670/224 671/671/224 672/672/224
f 673/673/225 674/674/225 675/675/225
f 676/676/226 677/677/226 678/678/226
f 679/679/227 680/680/227 681/681/227
f 682/682/228 683/683/228 684/684/228
f 685/685/229 686/686/229 687/687/229
f 688/688/230 689/689/230 690/690/230
f 691/691/231 692/692/231 693/693/231
f 694/694/232 695/695/232 696/696/232
f 697/697/233 698/698/233 699/699/233
f 700/700/234 701/701/234 702/702/234
f 703/703/235 704/704/235 705/705/235
f 706/706/236 707/707/236 708/708/236
f 709/709/237 710/710/237 711/711/237
f 712/712/238 713/713/238 714/714/238
f 715/715/239 716/716/239 717/717/239
f 718/718/240 719/719/240 720/720/240
f 721/721/241 722/722/241 723/723/241
f 724/724/242 725/725/242 726/726/242
f 727/727/243 728/728/243 729/729/243
f 730/730/244 731/731/244 732/732/244
f 733/733/245 734/734/245 735/735/245
f 736/736/246 737/737/246 738/738/246
f 739/739/247 740/740/247 741/741/247
f 742/742/248 743/743/248 744/744/248
f 745/745/249 746/746/249 747/747/249
f 748/748/250 749/749/250 750/750/250
f 751/751/251 752/752/251 753/753/251
f 754/754/252 755/755/252 756/756/252
f 757/757/253 758/758/253 759/759/253
f 760/760/254 761/761/254 762/762/254
f 763/763/255 764/764/255 765/765/255
f 766/766/256 767/767/256 768/768/256
f 769/769/257 770/770/257 771/771/257
f 772/772/258 773/773/258 774/774/258
f 775/775/259 776/776/259 777/777/259
f 778/778/260 779/779/260 780/780/260
f 781/781/261 782/782/261 783/783/261
f 784/784/262 785/785/262 786/786/262
f 787/787/263 788/788/263 789/789/263
f 790/790/264 791/791/264 792/792/264
f 793/793/265 794/794/265 795/795/265
f 796/796/266 797/797/266 798/798/266
f 799/799/267 800/800/267 801/801/267
f 802/802/268 803/803/268 804/804/268
f 805/805/269 806/806/269 807/807/269
f 808/808/270 809/809/270 810/810/270
f 811/811/271 812/812/271 813/813/271
f 814/814/272 815/815/272 816/816/272
f 817/817/273 818/818/273 819/819/273
f 820/820/274 821/821/274 822/822/274
f 823/823/275 824/824/275 825/825/275
f 826/826/276 827/827/276 828/828/276
f 829/829/277 830/830/277 831/831/277
f 832/832/278 833/833/278 834/834/278
f 835/835/279 836/836/279 837/837/279
f 838/838/280 839/839/280 840/840/280
f 841/841/281 842/842/281 843/843/281
f 844/844/282 845/845/282 846/846/282
f 847/847/283 848/848/283 849/849/283
f 850/850/284 851/851/284 852/852/284
f 853/853/285 854/854/285 855/855/285
f 856/856/286 857/857/286 858/858/286
f 859/859/287 860/860/287 861/861/287
f 862/862/288 863/863/288 864/864/288
f 865/865/289 866/866/289 867/867/289
f 868/868/290 869/869/290 870/870/290
f 871/871/291 872/872/291 873/873/291
f 874/874/292 875/875/292 876/876/292
f 877/877/293 878/878/293 879/879/293
f 880/880/294 881/881/294 882/882/294
f 883/883/295 884/884/295 885/885/295
f 886/886/296 887/887/296 888/888/296
f 889/889/297 890/890/297 891/891/297
f 892/892/298 893/893/298 894/894/298
f 895/895/299 896/896/299 897/897/299
f 898/898/300 899/899/300 900/900/300
f 901/901/301 902/902/301 903/903/301
f 904/904/302 905/905/302 906/906/302
f 907/907/303 908/908/303 909/909/303
f 910/910/304 911/911/304 912/912/304
f 913/913/305 914/914/305 915/915/305
f 916/916/306 917/917/306 918/918/306
f 919/919/307 920/920/307 921/921/307
f 922/922/308 923/923/308 924/924/308
f 925/925/309 926/926/309 927/927/309
f 928/928/310 929/929/310 930/930/310
f 931/931/311 932/932/311 933/933/311
f 934/934/312 935/935/312 936/936/312
f 937/937/313 938/938/313 939/939/313
f 940/940/314 941/941/314 942/942/314
f 943/943/315 944/944/315 945/945/315
f 946/946/316 947/947/316 948/948/316
f 949/949/317 950/950/317 951/951/317
f 952/952/318 953/953/318 954/954/318
f 955/955/319 956/956/319 957/957/319
f 958/958/320 959/959/320 960/960/320
f 961/961/321 962/962/321 963/963/321
f 964/964/322 965/965/322 966/966/322
f 967/967/323 968/968/323 969/969/323
f 970/970/324 971/971/324 972/972/324
f 973/973/325 974/974/325 975/975/325
f 976/976/326 977/977/326 978/978/326
f 979/979/327 980/980/327 981/981/327
f 982/982/328 983/983/328 984/984/328
f 985/985/329 986/986/329 987/987/329
f 988/988/330 989/989/330 990/990/330
f 991/991/331 992/992/331 993/993/331
f 994/994/332 995/995/332 996/996/332
f 997/997/333 998/998/333 999/999/333
f 1000/1000/334 1001/1001/334 1002/1002/334
f 1003/1003/335 1004/1004/335 1005/1005/335
f 1006/1006/336 1007/1007/336 1008/1008/336
f 1009/1009/337 1010/1010/337 1011/1011/337
f 1012/1012/338 1013/1013/338 1014/1014/338
f 1015/1015/339 1016/1016/339 1017/1017/339
f 1018/1018/340 1019/1019/340 1020/1020/340
f 1021/1021/341 1022/1022/341 1023/1023/341
f 1024/1024/342 1025/1025/342 1026/1026/342
f 1027/1027/343 1028/1028/343 1029/1029/343
f 1030/1030/344 1031/1031/344 1032/1032/344
f 1033/1033/345 1034/1034/345 1035/1035/345
f 1036/1036/346 1037/1037/346 1038/1038/346
f 1039/1039/347 1040/1040/347 1041/1041/347
f 1042/1042/348 1043/1043/348 1044/1044/348
f 1045/1045/349 1046/1046/349 1047/1047/349
f 1048/1048/350 1049/1049/350 1050/1050/350
f 1051/1051/351 1052/1052/351 1053/1053/351
f 1054/1054/352 1055/1055/352 1056/1056/352
f 1057/1057/353 1058/1058/353 1059/1059/353
f 1060/1060/354 1061/1061/354 1062/1062/354
f 1063/1063/355 1064/1064/355 1065/1065/355
f 1066/1066/356 1067/1067/356 1068/1068/356
f 1069/1069/357 1070/1070/357 1071/1071/357
f 1072/1072/358 1073/1073/358 1074/1074/358
f 1075/1075/359 1076/1076/359 1077/1077/359
f 1078/1078/360 1079/1079/360 1080/1080/360
f 1081/1081/361 1082/1082/361 1083/1083/361
f 1084/1084/362 1085/1085/362 1086/1086/362
f 1087/1087/363 1088/1088/363 1089/1089/363
f 1090/1090/364 1091/1091/364 1092/1092/364
f 1093/1093/365 1094/1094/365 1095/1095/365
f 1096/1096/366 1097/1097/366 1098/1098/366
f 1099/1099/367 1100/1100/367 1101/1101/367
f 1102/1102/368 1103/1103/368 1104/1104/368
f 1105/1105/369 1106/1106/369 1107/1107/369
f 1108/1108/370 1109/1109/370 1110/1110/370
f 1111/1111/371 1112/1112/371 1113/1113/371
f 1114/1114/372 1115/1115/372 1116/1116/372
f 1117/1117/373 1118/1118/373 1119/1119/373
f 1120/1120/374 1121/1121/374 1122/1122/374
f 1123/1123/375 1124/1124/375 1125/1125/375
f 1126/1126/376 1127/1127/376 1128/1128/376
f 1129/1129/377 1130/1130/377 1131/1131/377
f 1132/1132/378 1133/1133/378 1134/1134/378
f 1135/1135/379 1136/1136/379 1137/1137/379
f 1138/1138/380 1139/1139/380 1140/1140/380
f 1141/1141/381 1142/1142/381 1143/1143/381
f 1144/1144/382 1145/1145/382 1146/1146/382
f 1147/1147/383 1148/1148/383 1149/1149/383
f 1150/1150/384 1151/1151/384 1152/1152/384
f 1153/1153/385 1154/1154/385 1155/1155/385
f 1156/1156/386 1157/1157/386 1158/1158/386
f 1159/1159/387 1160/1160/387 1161/1161/387
f 1162/1162/388 1163/1163/388 1164/1164/388
f 1165/1165/389 1166/1166/389 1167/1167/389
f 1168/1168/390 1169/1169/390 1170/1170/390
f 1171/1171/391 1172/1172/391 1173/1173/391
f 1174/1174/392 1175/1175/392 1176/1176/392
f 1177/1177/393 1178/1178/393 1179/1179/393
f 1180/1180/394 1181/1181/394 1182/1182/394
f 1183/1183/395 1184/1184/395 1185/1185/395
f 1186/1186/396 1187/1187/396 1188/1188/396
f 1189/1189/397 1190/1190/397 1191/1191/397
f 1192/1192/398 1193/1193/398 1194/1194/398
f 1195/1195/399 1196/1196/399 1197/1197/399
f 1198/1198/400 1199/1199/400 1200/1200/400
f 1201/1201/401 1202/1202/401 1203/1203/401
f 1204/1204/402 1205/1205/402 1206/1206/402
f 1207/1207/403 1208/1208/403 1209/1209/403
f 1210/1210/404 1211/1211/404 1212/1212/404
f 1213/1213/405 1214/1214/405 1215/1215/405
f 1216/1216/406 1217/1217/406 1218/1218/406
f 1219/1219/407 1220/1220/407 1221/1221/407
f 1222/1222/408 1223/1223/408 1224/1224/408
f 1225/1225/409 1226/1226/409 1227/1227/409
f 1228/1228/410 1229/1229/410 1230/1230/410
f 1231/1231/411 1232/1232/411 1233/1233/411
f 1234/1234/412 1235/1235/412 1236/1236/412
f 1237/1237/413 1238/1238/413 1239/1239/413
f 1240/1240/414 1241/1241/414 1242/1242/414
f 1243/1243/415 1244/1244/415 1245/1245/415
f 1246/1246/416 1247/1247/416 1248/1248/416
f 1249/1249/417 1250/1250/417 1251/1251/417
f 1252/1252/418 1253/1253/418 1254/1254/418
f 1255/1255/419 1256/1256/419 1257/1257/419
f 1258/1258/420 1259/1259/420 1260/1260/420
f 1261/1261/421 1262/1262/421 1263/1263/421
f 1264/1264/422 1265/1265/422 1266/1266/422
f 1267/1267/423 1268/1268/423 1269/1269/423
f 1270/1270/424 1271/1271/424 1272/1272/424
f 1273/1273/425 1274/1274/425 1275/1275/425
f 1276/1276/426 1277/1277/426 1278/1278/426
f 1279/1279/427 1280/1280/427 1281/1281/427
f 1282/1282/428 1283/1283/428 1284/1284/428
f 1285/1285/429 1286/1286/429 1287/1287/429
f 1288/1288/430 1289/1289/430 1290/1290/430
f 1291/1291/431 1292/1292/431 1293/1293/431
f 1294/1294/432 1295/1295/432 1296/1296/432
f 1297/1297/433 1298/1298/433 1299/1299/433
f 1300/1300/434 1301/1301/434 1302/1302/434
f 1303/1303/435 1304/1304/435 1305/1305/435
f 1306/1306/436 1307/1307/436 1308/1308/436
f 1309/1309/437 1310/1310/437 1311/1311/437
f 1312/1312/438 1313/1313/438 1314/1314/438
f 1315/1315/439 1316/1316/439 1317/1317/439
f 1318/1318/440 1319/1319/440 1320/1320/440
f 1321/1321/441 1322/1322/441 1323/1323/441
f 1324/1324/442 1325/1325/442 1326/1326/442
f 1327/1327/443 1328/1328/443 1329/1329/443
f 1330/1330/444 1331/1331/444 1332/1332/444
f 1333/1333/445 1334/1334/445 1335/1335/445
f 1336/1336/446 1337/1337/446 1338/1338/446
f 1339/1339/447 1340/1340/447 1341/1341/447
f 1342/1342/448 1343/1343/448 1344/1344/448
f 1345/1345/449 1346/1346/449 1347/1347/449
f 1348/1348/450 1349/1349/450 1350/1350/450
f 1351/1351/451 1352/1352/451 1353/1353/451
f 1354/1354/452 1355/1355/452 1356/1356/452
f 1357/1357/453 1358/1358/453 1359/1359/453
f 1360/1360/454 1361/1361/454 1362/1362/454
f 1363/1363/455 1364/1364/455 1365/1365/455
f 1366/1366/456 1367/1367/456 1368/1368/456
f 1369/1369/457 1370/1370/457 1371/1371/457
f 1372/1372/458 1373/1373/458 1374/1374/458
f 1375/1375/459 1376/1376/459 1377/1377/459
f 1378/1378/460 1379/1379/460 1380/1380/460
f 1381/1381/461 1382/1382/461 1383/1383/461
f 1384/1384/462 1385/1385/462 1386/1386/462
f 1387/1387/463 1388/1388/463 1389/1389/463
f 1390/1390/464 1391/1391/464 1392/1392/464
f 1393/1393/465 1394/1394/465 1395/1395/465
f 1396/1396/466 1397/1397/466 1398/1398/466
f 1399/1399/467 1400/1400/467 1401/1401/467
f 1402/1402/468 1403/1403/468 1404/1404/468
f 1405/1405/469 1406/1406/469 1407/1407/469
f 1408/1408/470 1409/1409/470 1410/1410/470
f 1411/1411/471 1412/1412/471 1413/1413/471
f 1414/1414/472 1415/1415/472 1416/1416/472
f 1417/1417/473 1418/1418/473 1419/1419/473
f 1420/1420/474 1421/1421/474 1422/1422/474
f 1423/1423/475 1424/1424/475 1425/1425/475
f 1426/1426/476 1427/1427/476 1428/1428/476
f 1429/1429/477 1430/1430/477 1431/1431/477
f 1432/1432/478 1433/1433/478 1434/1434/478
f 1435/1435/479 1436/1436/479 1437/1437/479
f 1438/1438/480 1439/1439/480 1440/1440/480
f 1441/1441/481 1442/1442/481 1443/1443/481
f 1444/1444/482 1445/1445/482 1446/1446/482
f 1447/1447/483 1448/1448/483 1449/1449/483
f 1450/1450/484 1451/1451/484 1452/1452/484
f 1453/1453/485 1454/1454/485 1455/1455/485
f 1456/1456/486 1457/1457/486 1458/1458/486
f 1459/1459/487 1460/1460/487 1461/1461/487
f 1462/1462/488 1463/1463/488 1464/1464/488
f 1465/1465/489 1466/1466/489 1467/1467/489
f 1468/1468/490 1469/1469/490 1470/1470/490
f 1471/1471/491 1472/1472/491 1473/1473/491
f 1474/1474/492 1475/1475/492 1476/1476/492
f 1477/1477/493 1478/1478/493 1479/1479/493
f 1480/1480/494 1481/1481/494 1482/1482/494
f 1483/1483/495 1484/1484/495 1485/1485/495
f 1486/1486/496 1487/1487/496 1488/1488/496
f 1489/1489/497 1490/1490/497 1491/1491/497
f 1492/1492/498 1493/1493/498 1494/1494/498
f 1495/1495/499 1496/1496/499 1497/1497/499
f 1498/1498/500 1499/1499/500 1500/1500/500
f 1501/1501/501 1502/1502/501 1503/1503/501
f 1504/1504/502 1505/1505/502 1506/1506/502
f 1507/1507/503 1508/1508/503 1509/1509/503
f 1510/1510/504 1511/1511/504 1512/1512/504
f 1513/1513/505 1514/1514/505 1515/1515/505
f 1516/1516/506 1517/1517/506 1518/1518/506
f 1519/1519/507 1520/1520/507 1521/1521/507
f 1522/1522/508 1523/1523/508 1524/1524/508
f 1525/1525/509 1526/1526/509 1527/1527/509
f 1528/1528/510 1529/1529/510 1530/1530/510
f 1531/1531/511 1532/1532/511 1533/1533/511
f 1534/1534/512 1535/1535/512 1536/1536/512
f 1537/1537/513 1538/1538/513 1539/1539/513
f 1540/1540/514 1541/1541/514 1542/1542/514
f 1543/1543/515 1544/1544/515 1545/1545/515
f 1546/1546/516 1547/1547/516 1548/1548/516
f 1549/1549/517 1550/1550/517 1551/1551/517
f 1552/1552/518 1553/1553/518 1554/1554/518
f 1555/1555/519 1556/1556/519 1557/1557/519
f 1558/1558/520 1559/1559/520 1560/1560/520
f 1561/1561/521 1562/1562/521 1563/1563/521
f 1564/1564/522 1565/1565/522 1566/1566/522
f 1567/1567/523 1568/1568/523 1569/1569/523
f 1570/1570/524 1571/1571/524 1572/1572/524
f 1573/1573/525 1574/1574/525 1575/1575/525
f 1576/1576/526 1577/1577/526 1578/1578/526
f 1579/1579/527 1580/1580/527 1581/1581/527
f 1582/1582/528 1583/1583/528 1584/1584/528
f 1585/1585/529 1586/1586/529 1587/1587/529
f 1588/1588/530 1589/1589/530 1590/1590/530
f 1591/1591/531 1592/1592/531 1593/1593/531
f 1594/1594/532 1595/1595/532 1596/1596/532
f 1597/1597/533 1598/1598/533 1599/1599/533
f 1600/1600/534 1601/1601/534 1602/1602/534
f 1603/1603/535 1604/1604/535 1605/1605/535
f 1606/1606/536 1607/1607/536 1608/1608/536
