# Procedurally generated by dev-env-utils/scripts/gen_furnishings_showpieces.py -- do not hand edit
mtllib cmastree.mtl
o cmastree
v 0.500000 0.001875 1.000000
v 0.654509 0.001875 0.975528
v 0.648714 0.018750 0.957696
v 0.500000 0.018750 0.981250
v 0.793893 0.001875 0.904509
v 0.782872 0.018750 0.889339
v 0.904509 0.001875 0.793893
v 0.889339 0.018750 0.782872
v 0.975528 0.001875 0.654509
v 0.957696 0.018750 0.648714
v 1.000000 0.001875 0.500000
v 0.981250 0.018750 0.500000
v 0.975528 0.001875 0.345491
v 0.957696 0.018750 0.351286
v 0.904509 0.001875 0.206107
v 0.889339 0.018750 0.217128
v 0.793893 0.001875 0.095491
v 0.782872 0.018750 0.110661
v 0.654509 0.001875 0.024472
v 0.648714 0.018750 0.042304
v 0.500000 0.001875 0.000000
v 0.500000 0.018750 0.018750
v 0.345491 0.001875 0.024472
v 0.351286 0.018750 0.042304
v 0.206107 0.001875 0.095491
v 0.217128 0.018750 0.110661
v 0.095491 0.001875 0.206107
v 0.110661 0.018750 0.217128
v 0.024472 0.001875 0.345491
v 0.042304 0.018750 0.351286
v 0.000000 0.001875 0.500000
v 0.018750 0.018750 0.500000
v 0.024472 0.001875 0.654509
v 0.042304 0.018750 0.648714
v 0.095491 0.001875 0.793893
v 0.110661 0.018750 0.782872
v 0.206107 0.001875 0.904509
v 0.217128 0.018750 0.889339
v 0.345491 0.001875 0.975528
v 0.351286 0.018750 0.957696
v 0.561803 0.031250 0.690211
v 0.500000 0.031250 0.700000
v 0.617557 0.031250 0.661803
v 0.661803 0.031250 0.617557
v 0.690211 0.031250 0.561803
v 0.700000 0.031250 0.500000
v 0.690211 0.031250 0.438197
v 0.661803 0.031250 0.382443
v 0.617557 0.031250 0.338197
v 0.561803 0.031250 0.309789
v 0.500000 0.031250 0.300000
v 0.438197 0.031250 0.309789
v 0.382443 0.031250 0.338197
v 0.338197 0.031250 0.382443
v 0.309789 0.031250 0.438197
v 0.300000 0.031250 0.500000
v 0.309789 0.031250 0.561803
v 0.338197 0.031250 0.617557
v 0.382443 0.031250 0.661803
v 0.438197 0.031250 0.690211
v 0.500000 0.001875 0.500000
v 0.500000 0.031250 0.500000
v 0.600000 0.031250 0.673205
v 0.609375 0.068750 0.689443
v 0.500000 0.068750 0.718750
v 0.673205 0.031250 0.600000
v 0.689443 0.068750 0.609375
v 0.718750 0.068750 0.500000
v 0.673205 0.031250 0.400000
v 0.689443 0.068750 0.390625
v 0.600000 0.031250 0.326795
v 0.609375 0.068750 0.310557
v 0.500000 0.068750 0.281250
v 0.400000 0.031250 0.326795
v 0.390625 0.068750 0.310557
v 0.326795 0.031250 0.400000
v 0.310557 0.068750 0.390625
v 0.281250 0.068750 0.500000
v 0.326795 0.031250 0.600000
v 0.310557 0.068750 0.609375
v 0.400000 0.031250 0.673205
v 0.390625 0.068750 0.689443
v 0.596875 0.137500 0.667793
v 0.500000 0.137500 0.693750
v 0.667793 0.137500 0.596875
v 0.693750 0.137500 0.500000
v 0.667793 0.137500 0.403125
v 0.596875 0.137500 0.332207
v 0.500000 0.137500 0.306250
v 0.403125 0.137500 0.332207
v 0.332207 0.137500 0.403125
v 0.306250 0.137500 0.500000
v 0.332207 0.137500 0.596875
v 0.403125 0.137500 0.667793
v 0.543750 0.150000 0.575778
v 0.500000 0.150000 0.587500
v 0.575778 0.150000 0.543750
v 0.587500 0.150000 0.500000
v 0.575778 0.150000 0.456250
v 0.543750 0.150000 0.424223
v 0.500000 0.150000 0.412500
v 0.456250 0.150000 0.424223
v 0.424223 0.150000 0.456250
v 0.412500 0.150000 0.500000
v 0.424223 0.150000 0.543750
v 0.456250 0.150000 0.575778
v 0.500000 0.150000 0.500000
v 0.500000 0.143750 0.556250
v 0.539775 0.143750 0.539775
v 0.535356 1.750000 0.535356
v 0.500000 1.750000 0.550000
v 0.556250 0.143750 0.500000
v 0.550000 1.750000 0.500000
v 0.539775 0.143750 0.460225
v 0.535356 1.750000 0.464644
v 0.500000 0.143750 0.443750
v 0.500000 1.750000 0.450000
v 0.460225 0.143750 0.460225
v 0.464644 1.750000 0.464644
v 0.443750 0.143750 0.500000
v 0.450000 1.750000 0.500000
v 0.460225 0.143750 0.539775
v 0.464644 1.750000 0.535356
v 0.500000 1.750000 0.500000
v 0.500000 0.387500 0.556250
v 0.514559 0.387500 0.554333
v 0.654424 0.293750 1.076321
v 0.500000 0.293750 1.239346
v 0.528125 0.387500 0.548714
v 0.887182 0.293750 1.170619
v 0.539775 0.387500 0.539775
v 0.951723 0.293750 0.951723
v 0.548714 0.387500 0.528125
v 1.165777 0.293750 0.884387
v 0.554333 0.387500 0.514559
v 1.084687 0.293750 0.656666
v 0.556250 0.387500 0.500000
v 1.228790 0.293750 0.500000
v 0.554333 0.387500 0.485441
v 1.117500 0.293750 0.334541
v 0.548714 0.387500 0.471875
v 1.135868 0.293750 0.132881
v 0.539775 0.387500 0.460225
v 0.920338 0.293750 0.079662
v 0.528125 0.387500 0.451286
v 0.872132 0.293750 -0.144552
v 0.514559 0.387500 0.445667
v 0.656849 0.293750 -0.085369
v 0.500000 0.387500 0.443750
v 0.500000 0.293750 -0.282855
v 0.485441 0.387500 0.445667
v 0.343936 0.293750 -0.082439
v 0.471875 0.387500 0.451286
v 0.115384 0.293750 -0.166175
v 0.460225 0.387500 0.460225
v 0.058549 0.293750 0.058549
v 0.451286 0.387500 0.471875
v -0.149296 0.293750 0.125129
v 0.445667 0.387500 0.485441
v -0.085163 0.293750 0.343206
v 0.443750 0.387500 0.500000
v -0.254491 0.293750 0.500000
v 0.445667 0.387500 0.514559
v -0.069831 0.293750 0.652686
v 0.451286 0.387500 0.528125
v -0.160753 0.293750 0.881486
v 0.460225 0.387500 0.539775
v 0.084189 0.293750 0.915811
v 0.471875 0.387500 0.548714
v 0.117651 0.293750 1.162249
v 0.485441 0.387500 0.554333
v 0.334632 0.293750 1.117159
v 0.590024 0.537500 0.835974
v 0.500000 0.537500 0.879219
v 0.693461 0.537500 0.835085
v 0.752512 0.537500 0.752512
v 0.834020 0.537500 0.692846
v 0.837814 0.537500 0.590517
v 0.876896 0.537500 0.500000
v 0.845033 0.537500 0.407549
v 0.827439 0.537500 0.310953
v 0.745607 0.537500 0.254393
v 0.690151 0.537500 0.170650
v 0.590557 0.537500 0.162036
v 0.500000 0.537500 0.111209
v 0.409616 0.537500 0.162680
v 0.307103 0.537500 0.165893
v 0.249748 0.537500 0.249748
v 0.169606 0.537500 0.309247
v 0.162081 0.537500 0.409455
v 0.117449 0.537500 0.500000
v 0.165454 0.537500 0.589641
v 0.167086 0.537500 0.692208
v 0.255389 0.537500 0.744611
v 0.307602 0.537500 0.833243
v 0.407569 0.537500 0.844958
v 0.523779 0.812500 0.588744
v 0.500000 0.812500 0.591875
v 0.545937 0.812500 0.579566
v 0.564966 0.812500 0.564966
v 0.579566 0.812500 0.545937
v 0.588744 0.812500 0.523779
v 0.591875 0.812500 0.500000
v 0.588744 0.812500 0.476221
v 0.579566 0.812500 0.454062
v 0.564966 0.812500 0.435034
v 0.545937 0.812500 0.420434
v 0.523779 0.812500 0.411256
v 0.500000 0.812500 0.408125
v 0.476221 0.812500 0.411256
v 0.454062 0.812500 0.420434
v 0.435034 0.812500 0.435034
v 0.420434 0.812500 0.454062
v 0.411256 0.812500 0.476221
v 0.408125 0.812500 0.500000
v 0.411256 0.812500 0.523779
v 0.420434 0.812500 0.545937
v 0.435034 0.812500 0.564966
v 0.454062 0.812500 0.579566
v 0.476221 0.812500 0.588744
v 0.500000 0.812500 0.500000
v 0.521905 0.700000 0.551809
v 0.534567 0.700000 0.544375
v 0.824914 0.606250 0.917096
v 0.759509 0.606250 1.113796
v 0.544875 0.700000 0.533916
v 1.003094 0.606250 0.880234
v 0.552124 0.700000 0.521146
v 0.992557 0.606250 0.699823
v 0.555821 0.700000 0.506935
v 1.133109 0.606250 0.578653
v 0.555714 0.700000 0.492251
v 1.025566 0.606250 0.426901
v 0.551809 0.700000 0.478095
v 1.126731 0.606250 0.235022
v 0.544375 0.700000 0.465433
v 0.918843 0.606250 0.173724
v 0.533916 0.700000 0.455125
v 0.877894 0.606250 0.000003
v 0.521146 0.700000 0.447876
v 0.691951 0.606250 0.026849
v 0.506935 0.700000 0.444179
v 0.583211 0.606250 -0.169801
v 0.492251 0.700000 0.444286
v 0.429836 0.606250 -0.004461
v 0.478095 0.700000 0.448191
v 0.248571 0.606250 -0.094686
v 0.465433 0.700000 0.455625
v 0.190821 0.606250 0.103104
v 0.455125 0.700000 0.466084
v -0.012595 0.606250 0.112585
v 0.447876 0.700000 0.478854
v 0.017254 0.606250 0.304157
v 0.444179 0.700000 0.493065
v -0.174311 0.606250 0.416229
v 0.444286 0.700000 0.507749
v -0.047977 0.606250 0.576217
v 0.448191 0.700000 0.521905
v -0.081053 0.606250 0.745665
v 0.455625 0.700000 0.534567
v 0.070758 0.606250 0.834376
v 0.466084 0.700000 0.544875
v 0.115014 0.606250 1.009381
v 0.478854 0.700000 0.552124
v 0.300384 0.606250 0.992046
v 0.493065 0.700000 0.555821
v 0.419446 0.606250 1.148413
v 0.507749 0.700000 0.555714
v 0.573308 0.606250 1.027064
v 0.685554 0.835938 0.738198
v 0.629378 0.835938 0.806007
v 0.758768 0.835938 0.695574
v 0.780372 0.835938 0.613742
v 0.823493 0.835938 0.540188
v 0.799480 0.835938 0.458346
v 0.808853 0.835938 0.369419
v 0.738583 0.835938 0.314146
v 0.695060 0.835938 0.241913
v 0.612011 0.835938 0.223897
v 0.541191 0.835938 0.168435
v 0.458992 0.835938 0.205163
v 0.372400 0.835938 0.198197
v 0.317908 0.835938 0.266246
v 0.239142 0.835938 0.302846
v 0.221787 0.835938 0.387133
v 0.167442 0.835938 0.458686
v 0.195590 0.835938 0.542339
v 0.201196 0.835938 0.626332
v 0.259129 0.835938 0.687636
v 0.303380 0.835938 0.760151
v 0.386303 0.835938 0.780259
v 0.459394 0.835938 0.826860
v 0.541699 0.835938 0.799809
v 0.548395 1.093750 0.562125
v 0.530667 1.093750 0.572534
v 0.562825 1.093750 0.547482
v 0.572974 1.093750 0.529604
v 0.578149 1.093750 0.509709
v 0.577999 1.093750 0.489151
v 0.572534 1.093750 0.469333
v 0.562125 1.093750 0.451605
v 0.547482 1.093750 0.437175
v 0.529604 1.093750 0.427026
v 0.509709 1.093750 0.421851
v 0.489151 1.093750 0.422001
v 0.469333 1.093750 0.427466
v 0.451605 1.093750 0.437875
v 0.437175 1.093750 0.452518
v 0.427026 1.093750 0.470396
v 0.421851 1.093750 0.490291
v 0.422001 1.093750 0.510849
v 0.427466 1.093750 0.530667
v 0.437875 1.093750 0.548395
v 0.452518 1.093750 0.562825
v 0.470396 1.093750 0.572974
v 0.490291 1.093750 0.578149
v 0.510849 1.093750 0.577999
v 0.500000 1.093750 0.500000
v 0.540351 1.012500 0.539190
v 0.549119 1.012500 0.527411
v 0.891471 0.918750 0.718457
v 0.893666 0.918750 0.882334
v 0.554540 1.012500 0.513764
v 1.003877 0.918750 0.627158
v 0.556244 1.012500 0.499179
v 0.952873 0.918750 0.493387
v 0.554115 1.012500 0.484649
v 1.030933 0.918750 0.349394
v 0.548298 1.012500 0.471167
v 0.886327 0.918750 0.269368
v 0.539190 1.012500 0.459649
v 0.880484 0.918750 0.108239
v 0.527411 1.012500 0.450881
v 0.722404 0.918750 0.101456
v 0.513764 1.012500 0.445460
v 0.634863 0.918750 -0.034411
v 0.499179 1.012500 0.443756
v 0.493381 0.918750 0.046723
v 0.484649 1.012500 0.445885
v 0.354624 0.918750 -0.012496
v 0.471167 1.012500 0.451702
v 0.287158 0.918750 0.143472
v 0.459649 1.012500 0.460810
v 0.098819 0.918750 0.110367
v 0.450881 1.012500 0.472589
v 0.110592 0.918750 0.282694
v 0.445460 1.012500 0.486236
v -0.041307 0.918750 0.363396
v 0.443756 1.012500 0.500821
v 0.050361 0.918750 0.506566
v 0.445885 1.012500 0.515351
v -0.037507 0.918750 0.652471
v 0.451702 1.012500 0.528833
v 0.117467 0.918750 0.728367
v 0.460810 1.012500 0.540351
v 0.139780 0.918750 0.870897
v 0.472589 1.012500 0.549119
v 0.282657 0.918750 0.889474
v 0.486236 1.012500 0.554540
v 0.369608 0.918750 1.016693
v 0.500821 1.012500 0.556244
v 0.506569 0.918750 0.949868
v 0.515351 1.012500 0.554115
v 0.641111 0.918750 0.997463
v 0.528833 1.012500 0.548298
v 0.724674 0.918750 0.876347
v 0.719401 1.134375 0.622435
v 0.696093 1.134375 0.690448
v 0.758838 1.134375 0.565320
v 0.752241 1.134375 0.496316
v 0.763637 1.134375 0.425216
v 0.716041 1.134375 0.371027
v 0.690041 1.134375 0.304326
v 0.623303 1.134375 0.279043
v 0.567016 1.134375 0.234444
v 0.496315 1.134375 0.247670
v 0.426367 1.134375 0.240419
v 0.374941 1.134375 0.290515
v 0.302254 1.134375 0.307946
v 0.281053 1.134375 0.377818
v 0.232927 1.134375 0.432602
v 0.248471 1.134375 0.503673
v 0.234916 1.134375 0.575194
v 0.284794 1.134375 0.628475
v 0.314417 1.134375 0.691084
v 0.377810 1.134375 0.718962
v 0.433968 1.134375 0.761658
v 0.503674 1.134375 0.751580
v 0.572695 1.134375 0.756274
v 0.627663 1.134375 0.713845
v 0.556542 1.375000 0.531552
v 0.546449 1.375000 0.545112
v 0.562782 1.375000 0.515844
v 0.564743 1.375000 0.499054
v 0.562292 1.375000 0.482330
v 0.555596 1.375000 0.466809
v 0.545112 1.375000 0.453551
v 0.531552 1.375000 0.443458
v 0.515844 1.375000 0.437218
v 0.499054 1.375000 0.435257
v 0.482330 1.375000 0.437708
v 0.466809 1.375000 0.444404
v 0.453551 1.375000 0.454888
v 0.443458 1.375000 0.468448
v 0.437218 1.375000 0.484156
v 0.435257 1.375000 0.500946
v 0.437708 1.375000 0.517670
v 0.444404 1.375000 0.533191
v 0.454888 1.375000 0.546449
v 0.468448 1.375000 0.556542
v 0.484156 1.375000 0.562782
v 0.500946 1.375000 0.564743
v 0.517670 1.375000 0.562292
v 0.533191 1.375000 0.555596
v 0.500000 1.375000 0.500000
v 0.552427 1.293750 0.520382
v 0.555916 1.293750 0.506119
v 0.826286 1.200000 0.535706
v 0.876723 1.200000 0.646462
v 0.555594 1.293750 0.491438
v 0.932497 1.200000 0.433394
v 0.551484 1.293750 0.477341
v 0.803559 1.200000 0.366400
v 0.543866 1.293750 0.464788
v 0.815983 1.200000 0.246353
v 0.533258 1.293750 0.454634
v 0.692962 1.200000 0.236786
v 0.520382 1.293750 0.447572
v 0.652721 1.200000 0.107177
v 0.506119 1.293750 0.444084
v 0.536648 1.200000 0.165101
v 0.491438 1.293750 0.444406
v 0.434761 1.200000 0.076376
v 0.477341 1.293750 0.448516
v 0.365084 1.200000 0.193452
v 0.464788 1.293750 0.456134
v 0.244452 1.200000 0.181650
v 0.454634 1.293750 0.466743
v 0.217182 1.200000 0.292667
v 0.447572 1.293750 0.479617
v 0.120087 1.200000 0.352298
v 0.444084 1.293750 0.493881
v 0.158834 1.200000 0.462666
v 0.444406 1.293750 0.508562
v 0.074288 1.200000 0.565561
v 0.448516 1.293750 0.522659
v 0.196687 1.200000 0.633492
v 0.456134 1.293750 0.535212
v 0.180505 1.200000 0.756467
v 0.466743 1.293750 0.545366
v 0.300515 1.200000 0.772112
v 0.479617 1.293750 0.552427
v 0.352631 1.200000 0.879056
v 0.493881 1.293750 0.555916
v 0.462447 1.200000 0.843166
v 0.508562 1.293750 0.555594
v 0.564462 1.200000 0.918580
v 0.522659 1.293750 0.551484
v 0.642348 1.200000 0.823435
v 0.535212 1.293750 0.543866
v 0.752925 1.200000 0.815083
v 0.545366 1.293750 0.533258
v 0.775816 1.200000 0.702201
v 0.690698 1.401563 0.520868
v 0.694374 1.401563 0.575569
v 0.713381 1.401563 0.467139
v 0.676273 1.401563 0.422420
v 0.662803 1.401563 0.369313
v 0.613179 1.401563 0.345616
v 0.576946 1.401563 0.302084
v 0.521076 1.401563 0.307408
v 0.467439 1.401563 0.288572
v 0.422131 1.401563 0.323069
v 0.368896 1.401563 0.336676
v 0.341303 1.401563 0.383659
v 0.304924 1.401563 0.424159
v 0.306028 1.401563 0.478774
v 0.288112 1.401563 0.532631
v 0.323781 1.401563 0.577556
v 0.336424 1.401563 0.631307
v 0.385386 1.401563 0.656342
v 0.424232 1.401563 0.694887
v 0.478726 1.401563 0.694412
v 0.532390 1.401563 0.710319
v 0.579504 1.401563 0.680646
v 0.630528 1.401563 0.662606
v 0.657157 1.401563 0.615211
v 0.550449 1.625000 0.505521
v 0.547301 1.625000 0.518389
v 0.550159 1.625000 0.492276
v 0.546450 1.625000 0.479557
v 0.539576 1.625000 0.468231
v 0.530006 1.625000 0.459071
v 0.518389 1.625000 0.452699
v 0.505521 1.625000 0.449551
v 0.492276 1.625000 0.449841
v 0.479557 1.625000 0.453550
v 0.468231 1.625000 0.460424
v 0.459071 1.625000 0.469994
v 0.452699 1.625000 0.481611
v 0.449551 1.625000 0.494479
v 0.449841 1.625000 0.507724
v 0.453550 1.625000 0.520443
v 0.460424 1.625000 0.531769
v 0.469994 1.625000 0.540929
v 0.481611 1.625000 0.547301
v 0.494479 1.625000 0.550449
v 0.507724 1.625000 0.550159
v 0.520443 1.625000 0.546450
v 0.531769 1.625000 0.539576
v 0.540929 1.625000 0.530006
v 0.500000 1.625000 0.500000
v 0.556226 1.543750 0.498358
v 0.553885 1.543750 0.483861
v 0.733181 1.450000 0.430161
v 0.813315 1.450000 0.490847
v 0.547872 1.543750 0.470464
v 0.764513 1.450000 0.336804
v 0.538596 1.543750 0.459081
v 0.665798 1.450000 0.324224
v 0.526691 1.543750 0.450486
v 0.643035 1.450000 0.234653
v 0.512966 1.543750 0.445265
v 0.559229 1.450000 0.249966
v 0.498358 1.543750 0.443774
v 0.491244 1.450000 0.200248
v 0.483861 1.543750 0.446115
v 0.426212 1.450000 0.253635
v 0.470464 1.543750 0.452128
v 0.344564 1.450000 0.248065
v 0.459081 1.543750 0.461404
v 0.323167 1.450000 0.333206
v 0.450486 1.543750 0.473309
v 0.241473 1.450000 0.360641
v 0.445265 1.543750 0.487034
v 0.267758 1.450000 0.444986
v 0.443774 1.543750 0.501642
v 0.191507 1.450000 0.509012
v 0.446115 1.543750 0.516139
v 0.260270 1.450000 0.571801
v 0.452128 1.543750 0.529536
v 0.243993 1.450000 0.657949
v 0.461404 1.543750 0.540919
v 0.335970 1.450000 0.673902
v 0.473309 1.543750 0.549514
v 0.349851 1.450000 0.778546
v 0.487034 1.543750 0.554735
v 0.444021 1.450000 0.736316
v 0.501642 1.543750 0.556226
v 0.508971 1.450000 0.807087
v 0.516139 1.543750 0.553885
v 0.573961 1.450000 0.746943
v 0.529536 1.543750 0.547872
v 0.666633 1.450000 0.770084
v 0.540919 1.543750 0.538596
v 0.679617 1.450000 0.669421
v 0.549514 1.543750 0.526691
v 0.769837 1.450000 0.645455
v 0.554735 1.543750 0.512966
v 0.736865 1.450000 0.556109
v 0.634282 1.637500 0.459782
v 0.655517 1.637500 0.495457
v 0.631916 1.637500 0.418612
v 0.595914 1.637500 0.398314
v 0.572571 1.637500 0.365371
v 0.532998 1.637500 0.360700
v 0.495544 1.637500 0.347466
v 0.458913 1.637500 0.362817
v 0.420319 1.637500 0.370852
v 0.398081 1.637500 0.403867
v 0.366872 1.637500 0.428237
v 0.364614 1.637500 0.467929
v 0.345544 1.637500 0.504512
v 0.364276 1.637500 0.540650
v 0.369956 1.637500 0.580233
v 0.404475 1.637500 0.601274
v 0.425864 1.637500 0.637532
v 0.467717 1.637500 0.636282
v 0.504503 1.637500 0.654147
v 0.541125 1.637500 0.637311
v 0.582144 1.637500 0.633141
v 0.602531 1.637500 0.596711
v 0.635616 1.637500 0.573104
v 0.636402 1.637500 0.532311
v 0.535205 1.843750 0.489456
v 0.536734 1.843750 0.498927
v 0.531276 1.843750 0.480704
v 0.525216 1.843750 0.473266
v 0.517438 1.843750 0.467651
v 0.508471 1.843750 0.464239
v 0.498927 1.843750 0.463266
v 0.489456 1.843750 0.464795
v 0.480704 1.843750 0.468724
v 0.473266 1.843750 0.474784
v 0.467651 1.843750 0.482562
v 0.464239 1.843750 0.491529
v 0.463266 1.843750 0.501073
v 0.464795 1.843750 0.510544
v 0.468724 1.843750 0.519296
v 0.474784 1.843750 0.526734
v 0.482562 1.843750 0.532349
v 0.491529 1.843750 0.535761
v 0.501073 1.843750 0.536734
v 0.510544 1.843750 0.535205
v 0.519296 1.843750 0.531276
v 0.526734 1.843750 0.525216
v 0.532349 1.843750 0.517438
v 0.535761 1.843750 0.508471
v 0.500000 1.843750 0.500000
v 0.551148 1.762500 0.476592
v 0.543347 1.762500 0.464151
v 0.611547 1.668750 0.407748
v 0.675540 1.668750 0.419663
v 0.532591 1.762500 0.454154
v 0.607409 1.668750 0.348909
v 0.519615 1.762500 0.447281
v 0.552879 1.668750 0.357876
v 0.505302 1.762500 0.444001
v 0.517462 1.668750 0.315563
v 0.490627 1.762500 0.444536
v 0.473260 1.668750 0.341761
v 0.476592 1.762500 0.448852
v 0.420074 1.668750 0.325359
v 0.464151 1.762500 0.456653
v 0.399694 1.668750 0.378715
v 0.454154 1.762500 0.467409
v 0.341871 1.668750 0.387589
v 0.447281 1.762500 0.480385
v 0.358237 1.668750 0.447255
v 0.444001 1.762500 0.494698
v 0.318739 1.668750 0.482839
v 0.444536 1.762500 0.509373
v 0.343079 1.668750 0.526517
v 0.448852 1.762500 0.523408
v 0.329245 1.668750 0.578148
v 0.456653 1.762500 0.535849
v 0.384667 1.668750 0.595383
v 0.467409 1.762500 0.545846
v 0.393782 1.668750 0.649416
v 0.480385 1.762500 0.552719
v 0.444522 1.668750 0.649108
v 0.494698 1.762500 0.555999
v 0.481950 1.668750 0.690646
v 0.509373 1.762500 0.555464
v 0.525189 1.668750 0.649062
v 0.523408 1.762500 0.551148
v 0.578752 1.668750 0.672076
v 0.535849 1.762500 0.543347
v 0.597579 1.668750 0.617988
v 0.545846 1.762500 0.532591
v 0.653460 1.668750 0.609093
v 0.552719 1.762500 0.519615
v 0.641585 1.668750 0.552679
v 0.555999 1.762500 0.505302
v 0.685133 1.668750 0.517528
v 0.555464 1.762500 0.490627
v 0.649549 1.668750 0.474728
v 0.565864 1.828125 0.445529
v 0.587380 1.828125 0.460010
v 0.554700 1.828125 0.423053
v 0.530333 1.828125 0.418474
v 0.508896 1.828125 0.406037
v 0.485182 1.828125 0.412312
v 0.460101 1.828125 0.412818
v 0.443757 1.828125 0.431994
v 0.421505 1.828125 0.444199
v 0.418553 1.828125 0.469697
v 0.406736 1.828125 0.491170
v 0.412602 1.828125 0.514769
v 0.413672 1.828125 0.539508
v 0.433303 1.828125 0.555160
v 0.445562 1.828125 0.576578
v 0.469095 1.828125 0.583063
v 0.490974 1.828125 0.595328
v 0.514477 1.828125 0.585669
v 0.539641 1.828125 0.586618
v 0.555643 1.828125 0.567281
v 0.577468 1.828125 0.555071
v 0.581407 1.828125 0.530289
v 0.594116 1.828125 0.508911
v 0.585776 1.828125 0.485505
v 0.500000 2.000000 0.500000
v 1.070474 0.209135 0.417455
v 1.090423 0.220889 0.437404
v 1.070474 0.220889 0.445666
v 1.098686 0.220889 0.417455
v 1.090423 0.220889 0.397507
v 1.070474 0.220889 0.389244
v 1.050526 0.220889 0.397507
v 1.042263 0.220889 0.417455
v 1.050526 0.220889 0.437404
v 1.098181 0.248317 0.445161
v 1.070474 0.248317 0.456637
v 1.109657 0.248317 0.417455
v 1.098181 0.248317 0.389749
v 1.070474 0.248317 0.378273
v 1.042768 0.248317 0.389749
v 1.031292 0.248317 0.417455
v 1.042768 0.248317 0.445161
v 1.090423 0.275745 0.437404
v 1.070474 0.275745 0.445666
v 1.098686 0.275745 0.417455
v 1.090423 0.275745 0.397507
v 1.070474 0.275745 0.389244
v 1.050526 0.275745 0.397507
v 1.042263 0.275745 0.417455
v 1.050526 0.275745 0.437404
v 1.070474 0.287500 0.417455
v 1.061099 0.281250 0.408080
v 1.061099 0.281250 0.426830
v 1.061099 0.312500 0.426830
v 1.061099 0.312500 0.408080
v 1.079849 0.281250 0.426830
v 1.079849 0.281250 0.408080
v 1.079849 0.312500 0.408080
v 1.079849 0.312500 0.426830
v 0.854392 0.222653 0.880260
v 0.870899 0.232379 0.896767
v 0.854392 0.232379 0.903605
v 0.877737 0.232379 0.880260
v 0.870899 0.232379 0.863753
v 0.854392 0.232379 0.856914
v 0.837884 0.232379 0.863753
v 0.831047 0.232379 0.880260
v 0.837884 0.232379 0.896767
v 0.877319 0.255076 0.903187
v 0.854392 0.255076 0.912684
v 0.886816 0.255076 0.880260
v 0.877319 0.255076 0.857333
v 0.854392 0.255076 0.847836
v 0.831464 0.255076 0.857333
v 0.821968 0.255076 0.880260
v 0.831464 0.255076 0.903187
v 0.870899 0.277773 0.896767
v 0.854392 0.277773 0.903605
v 0.877737 0.277773 0.880260
v 0.870899 0.277773 0.863753
v 0.854392 0.277773 0.856914
v 0.837884 0.277773 0.863753
v 0.831047 0.277773 0.880260
v 0.837884 0.277773 0.896767
v 0.854392 0.287500 0.880260
v 0.845017 0.281250 0.870885
v 0.845017 0.281250 0.889635
v 0.845017 0.312500 0.889635
v 0.845017 0.312500 0.870885
v 0.863767 0.281250 0.889635
v 0.863767 0.281250 0.870885
v 0.863767 0.312500 0.870885
v 0.863767 0.312500 0.889635
v 0.522412 0.214072 1.046005
v 0.541104 0.225086 1.064696
v 0.522412 0.225086 1.072439
v 0.548846 0.225086 1.046005
v 0.541104 0.225086 1.027313
v 0.522412 0.225086 1.019571
v 0.503721 0.225086 1.027313
v 0.495978 0.225086 1.046005
v 0.503721 0.225086 1.064696
v 0.548373 0.250786 1.071966
v 0.522412 0.250786 1.082719
v 0.559126 0.250786 1.046005
v 0.548373 0.250786 1.020044
v 0.522412 0.250786 1.009291
v 0.496452 0.250786 1.020044
v 0.485698 0.250786 1.046005
v 0.496452 0.250786 1.071966
v 0.541104 0.276486 1.064696
v 0.522412 0.276486 1.072439
v 0.548846 0.276486 1.046005
v 0.541104 0.276486 1.027313
v 0.522412 0.276486 1.019571
v 0.503721 0.276486 1.027313
v 0.495978 0.276486 1.046005
v 0.503721 0.276486 1.064696
v 0.522412 0.287500 1.046005
v 0.513038 0.281250 1.036630
v 0.513038 0.281250 1.055380
v 0.513038 0.312500 1.055380
v 0.513038 0.312500 1.036630
v 0.531787 0.281250 1.055380
v 0.531787 0.281250 1.036630
v 0.531787 0.312500 1.036630
v 0.531787 0.312500 1.055380
v 0.065229 0.204065 0.863744
v 0.086469 0.216580 0.884983
v 0.065229 0.216580 0.893781
v 0.095266 0.216580 0.863744
v 0.086469 0.216580 0.842505
v 0.065229 0.216580 0.833708
v 0.043991 0.216580 0.842505
v 0.035193 0.216580 0.863744
v 0.043991 0.216580 0.884983
v 0.094728 0.245782 0.893243
v 0.065229 0.245782 0.905462
v 0.106947 0.245782 0.863744
v 0.094728 0.245782 0.834246
v 0.065229 0.245782 0.822027
v 0.035731 0.245782 0.834246
v 0.023512 0.245782 0.863744
v 0.035731 0.245782 0.893243
v 0.086469 0.274985 0.884983
v 0.065229 0.274985 0.893781
v 0.095266 0.274985 0.863744
v 0.086469 0.274985 0.842505
v 0.065229 0.274985 0.833708
v 0.043991 0.274985 0.842505
v 0.035193 0.274985 0.863744
v 0.043991 0.274985 0.884983
v 0.065229 0.287500 0.863744
v 0.055854 0.281250 0.854369
v 0.055854 0.281250 0.873119
v 0.055854 0.312500 0.873119
v 0.055854 0.312500 0.854369
v 0.074604 0.281250 0.873119
v 0.074604 0.281250 0.854369
v 0.074604 0.312500 0.854369
v 0.074604 0.312500 0.873119
v -0.052629 0.211880 0.543124
v -0.033380 0.223223 0.562373
v -0.052629 0.223223 0.570347
v -0.025406 0.223223 0.543124
v -0.033380 0.223223 0.523874
v -0.052629 0.223223 0.515901
v -0.071879 0.223223 0.523874
v -0.079853 0.223223 0.543124
v -0.071879 0.223223 0.562373
v -0.025894 0.249690 0.569859
v -0.052629 0.249690 0.580934
v -0.014820 0.249690 0.543124
v -0.025894 0.249690 0.516388
v -0.052629 0.249690 0.505314
v -0.079365 0.249690 0.516388
v -0.090439 0.249690 0.543124
v -0.079365 0.249690 0.569859
v -0.033380 0.276157 0.562373
v -0.052629 0.276157 0.570347
v -0.025406 0.276157 0.543124
v -0.033380 0.276157 0.523874
v -0.052629 0.276157 0.515901
v -0.071879 0.276157 0.523874
v -0.079853 0.276157 0.543124
v -0.071879 0.276157 0.562373
v -0.052629 0.287500 0.543124
v -0.062004 0.281250 0.533749
v -0.062004 0.281250 0.552499
v -0.062004 0.312500 0.552499
v -0.062004 0.312500 0.533749
v -0.043254 0.281250 0.552499
v -0.043254 0.281250 0.533749
v -0.043254 0.312500 0.533749
v -0.043254 0.312500 0.552499
v 0.156098 0.212680 0.068201
v 0.175144 0.223903 0.087246
v 0.156098 0.223903 0.095136
v 0.183032 0.223903 0.068201
v 0.175144 0.223903 0.049154
v 0.156098 0.223903 0.041265
v 0.137051 0.223903 0.049154
v 0.129163 0.223903 0.068201
v 0.137051 0.223903 0.087246
v 0.182551 0.250090 0.094653
v 0.156098 0.250090 0.105611
v 0.193507 0.250090 0.068201
v 0.182551 0.250090 0.041747
v 0.156098 0.250090 0.030791
v 0.129645 0.250090 0.041747
v 0.118688 0.250090 0.068201
v 0.129645 0.250090 0.094653
v 0.175144 0.276277 0.087246
v 0.156098 0.276277 0.095136
v 0.183032 0.276277 0.068201
v 0.175144 0.276277 0.049154
v 0.156098 0.276277 0.041265
v 0.137051 0.276277 0.049154
v 0.129163 0.276277 0.068201
v 0.137051 0.276277 0.087246
v 0.156098 0.287500 0.068201
v 0.146723 0.281250 0.058826
v 0.146723 0.281250 0.077576
v 0.146723 0.312500 0.077576
v 0.146723 0.312500 0.058826
v 0.165472 0.281250 0.077576
v 0.165472 0.281250 0.058826
v 0.165472 0.312500 0.058826
v 0.165472 0.312500 0.077576
v 0.569451 0.215182 -0.013639
v 0.587860 0.226029 0.004770
v 0.569451 0.226029 0.012395
v 0.595486 0.226029 -0.013639
v 0.587860 0.226029 -0.032049
v 0.569451 0.226029 -0.039674
v 0.551042 0.226029 -0.032049
v 0.543416 0.226029 -0.013639
v 0.551042 0.226029 0.004770
v 0.595019 0.251341 0.011929
v 0.569451 0.251341 0.022520
v 0.605610 0.251341 -0.013639
v 0.595019 0.251341 -0.039207
v 0.569451 0.251341 -0.049799
v 0.543883 0.251341 -0.039207
v 0.533292 0.251341 -0.013639
v 0.543883 0.251341 0.011929
v 0.587860 0.276653 0.004770
v 0.569451 0.276653 0.012395
v 0.595486 0.276653 -0.013639
v 0.587860 0.276653 -0.032049
v 0.569451 0.276653 -0.039674
v 0.551042 0.276653 -0.032049
v 0.543416 0.276653 -0.013639
v 0.551042 0.276653 0.004770
v 0.569451 0.287500 -0.013639
v 0.560076 0.281250 -0.023014
v 0.560076 0.281250 -0.004264
v 0.560076 0.312500 -0.004264
v 0.560076 0.312500 -0.023014
v 0.578826 0.281250 -0.004264
v 0.578826 0.281250 -0.023014
v 0.578826 0.312500 -0.023014
v 0.578826 0.312500 -0.004264
v 0.851409 0.218957 0.094849
v 0.868857 0.229239 0.112297
v 0.851409 0.229239 0.119525
v 0.876084 0.229239 0.094849
v 0.868857 0.229239 0.077401
v 0.851409 0.229239 0.070174
v 0.833961 0.229239 0.077401
v 0.826734 0.229239 0.094849
v 0.833961 0.229239 0.112297
v 0.875642 0.253229 0.119083
v 0.851409 0.253229 0.129121
v 0.885681 0.253229 0.094849
v 0.875642 0.253229 0.070616
v 0.851409 0.253229 0.060578
v 0.827176 0.253229 0.070616
v 0.817138 0.253229 0.094849
v 0.827176 0.253229 0.119083
v 0.868857 0.277219 0.112297
v 0.851409 0.277219 0.119525
v 0.876084 0.277219 0.094849
v 0.868857 0.277219 0.077401
v 0.851409 0.277219 0.070174
v 0.833961 0.277219 0.077401
v 0.826734 0.277219 0.094849
v 0.833961 0.277219 0.112297
v 0.851409 0.287500 0.094849
v 0.842034 0.281250 0.085474
v 0.842034 0.281250 0.104224
v 0.842034 0.312500 0.104224
v 0.842034 0.312500 0.085474
v 0.860784 0.281250 0.104224
v 0.860784 0.281250 0.085474
v 0.860784 0.312500 0.085474
v 0.860784 0.312500 0.104224
v 0.878977 0.377676 0.878977
v 0.896543 0.388028 0.896543
v 0.878977 0.388028 0.903819
v 0.903819 0.388028 0.878977
v 0.896543 0.388028 0.861411
v 0.878977 0.388028 0.854135
v 0.861411 0.388028 0.861411
v 0.854135 0.388028 0.878977
v 0.861411 0.388028 0.896543
v 0.903374 0.412179 0.903374
v 0.878977 0.412179 0.913479
v 0.913479 0.412179 0.878977
v 0.903374 0.412179 0.854580
v 0.878977 0.412179 0.844474
v 0.854580 0.412179 0.854580
v 0.844474 0.412179 0.878977
v 0.854580 0.412179 0.903374
v 0.896543 0.436331 0.896543
v 0.878977 0.436331 0.903819
v 0.903819 0.436331 0.878977
v 0.896543 0.436331 0.861411
v 0.878977 0.436331 0.854135
v 0.861411 0.436331 0.861411
v 0.854135 0.436331 0.878977
v 0.861411 0.436331 0.896543
v 0.878977 0.446681 0.878977
v 0.112483 0.367762 0.887517
v 0.130775 0.378541 0.905808
v 0.112483 0.378541 0.913385
v 0.138352 0.378541 0.887517
v 0.130775 0.378541 0.869225
v 0.112483 0.378541 0.861648
v 0.094192 0.378541 0.869225
v 0.086615 0.378541 0.887517
v 0.094192 0.378541 0.905808
v 0.137889 0.403690 0.912922
v 0.112483 0.403690 0.923445
v 0.148412 0.403690 0.887517
v 0.137889 0.403690 0.862111
v 0.112483 0.403690 0.851588
v 0.087078 0.403690 0.862111
v 0.076555 0.403690 0.887517
v 0.087078 0.403690 0.912922
v 0.130775 0.428840 0.905808
v 0.112483 0.428840 0.913385
v 0.138352 0.428840 0.887517
v 0.130775 0.428840 0.869225
v 0.112483 0.428840 0.861648
v 0.094192 0.428840 0.869225
v 0.086615 0.428840 0.887517
v 0.094192 0.428840 0.905808
v 0.112483 0.439619 0.887517
v 0.112874 0.368057 0.112874
v 0.131295 0.378911 0.131295
v 0.112874 0.378911 0.138925
v 0.138925 0.378911 0.112874
v 0.131295 0.378911 0.094454
v 0.112874 0.378911 0.086824
v 0.094454 0.378911 0.094454
v 0.086824 0.378911 0.112874
v 0.094454 0.378911 0.131295
v 0.138458 0.404238 0.138458
v 0.112874 0.404238 0.149056
v 0.149056 0.404238 0.112874
v 0.138458 0.404238 0.087291
v 0.112874 0.404238 0.076693
v 0.087291 0.404238 0.087291
v 0.076693 0.404238 0.112874
v 0.087291 0.404238 0.138458
v 0.131295 0.429565 0.131295
v 0.112874 0.429565 0.138925
v 0.138925 0.429565 0.112874
v 0.131295 0.429565 0.094454
v 0.112874 0.429565 0.086824
v 0.094454 0.429565 0.094454
v 0.086824 0.429565 0.112874
v 0.094454 0.429565 0.131295
v 0.112874 0.440419 0.112874
v 0.882412 0.372488 0.117588
v 0.901493 0.383731 0.136668
v 0.882412 0.383731 0.144571
v 0.909396 0.383731 0.117588
v 0.901493 0.383731 0.098507
v 0.882412 0.383731 0.090604
v 0.863332 0.383731 0.098507
v 0.855429 0.383731 0.117588
v 0.863332 0.383731 0.136668
v 0.908913 0.409964 0.144088
v 0.882412 0.409964 0.155064
v 0.919889 0.409964 0.117588
v 0.908913 0.409964 0.091088
v 0.882412 0.409964 0.080111
v 0.855912 0.409964 0.091088
v 0.844936 0.409964 0.117588
v 0.855912 0.409964 0.144088
v 0.901493 0.436198 0.136668
v 0.882412 0.436198 0.144571
v 0.909396 0.436198 0.117588
v 0.901493 0.436198 0.098507
v 0.882412 0.436198 0.090604
v 0.863332 0.436198 0.098507
v 0.855429 0.436198 0.117588
v 0.863332 0.436198 0.136668
v 0.882412 0.447441 0.117588
v 0.752484 0.532226 0.883616
v 0.769736 0.542393 0.900869
v 0.752484 0.542393 0.908015
v 0.776883 0.542393 0.883616
v 0.769736 0.542393 0.866364
v 0.752484 0.542393 0.859218
v 0.735231 0.542393 0.866364
v 0.728086 0.542393 0.883616
v 0.735231 0.542393 0.900869
v 0.776446 0.566113 0.907578
v 0.752484 0.566113 0.917503
v 0.786371 0.566113 0.883616
v 0.776446 0.566113 0.859655
v 0.752484 0.566113 0.849729
v 0.728522 0.566113 0.859655
v 0.718597 0.566113 0.883616
v 0.728522 0.566113 0.907578
v 0.769736 0.589834 0.900869
v 0.752484 0.589834 0.908015
v 0.776883 0.589834 0.883616
v 0.769736 0.589834 0.866364
v 0.752484 0.589834 0.859218
v 0.735231 0.589834 0.866364
v 0.728086 0.589834 0.883616
v 0.735231 0.589834 0.900869
v 0.752484 0.600000 0.883616
v 0.743109 0.593750 0.874241
v 0.743109 0.593750 0.892991
v 0.743109 0.625000 0.892991
v 0.743109 0.625000 0.874241
v 0.761859 0.593750 0.892991
v 0.761859 0.593750 0.874241
v 0.761859 0.625000 0.874241
v 0.761859 0.625000 0.892991
v 0.356209 0.525757 0.923343
v 0.375108 0.536893 0.942242
v 0.356209 0.536893 0.950071
v 0.382936 0.536893 0.923343
v 0.375108 0.536893 0.904444
v 0.356209 0.536893 0.896616
v 0.337310 0.536893 0.904444
v 0.329481 0.536893 0.923343
v 0.337310 0.536893 0.942242
v 0.382458 0.562879 0.949592
v 0.356209 0.562879 0.960465
v 0.393331 0.562879 0.923343
v 0.382458 0.562879 0.897094
v 0.356209 0.562879 0.886222
v 0.329960 0.562879 0.897094
v 0.319088 0.562879 0.923343
v 0.329960 0.562879 0.949592
v 0.375108 0.588864 0.942242
v 0.356209 0.588864 0.950071
v 0.382936 0.588864 0.923343
v 0.375108 0.588864 0.904444
v 0.356209 0.588864 0.896616
v 0.337310 0.588864 0.904444
v 0.329481 0.588864 0.923343
v 0.337310 0.588864 0.942242
v 0.356209 0.600000 0.923343
v 0.346834 0.593750 0.913968
v 0.346834 0.593750 0.932718
v 0.346834 0.625000 0.932718
v 0.346834 0.625000 0.913968
v 0.365584 0.593750 0.932718
v 0.365584 0.593750 0.913968
v 0.365584 0.625000 0.913968
v 0.365584 0.625000 0.932718
v 0.099945 0.526044 0.728306
v 0.118771 0.537138 0.747132
v 0.099945 0.537138 0.754930
v 0.126569 0.537138 0.728306
v 0.118771 0.537138 0.709480
v 0.099945 0.537138 0.701682
v 0.081119 0.537138 0.709480
v 0.073321 0.537138 0.728306
v 0.081119 0.537138 0.747132
v 0.126092 0.563022 0.754453
v 0.099945 0.563022 0.765284
v 0.136923 0.563022 0.728306
v 0.126092 0.563022 0.702159
v 0.099945 0.563022 0.691328
v 0.073798 0.563022 0.702159
v 0.062967 0.563022 0.728306
v 0.073798 0.563022 0.754453
v 0.118771 0.588907 0.747132
v 0.099945 0.588907 0.754930
v 0.126569 0.588907 0.728306
v 0.118771 0.588907 0.709480
v 0.099945 0.588907 0.701682
v 0.081119 0.588907 0.709480
v 0.073321 0.588907 0.728306
v 0.081119 0.588907 0.747132
v 0.099945 0.600000 0.728306
v 0.090570 0.593750 0.718931
v 0.090570 0.593750 0.737681
v 0.090570 0.625000 0.737681
v 0.090570 0.625000 0.718931
v 0.109320 0.593750 0.737681
v 0.109320 0.593750 0.718931
v 0.109320 0.625000 0.718931
v 0.109320 0.625000 0.737681
v 0.088644 0.519496 0.280445
v 0.109137 0.531571 0.300938
v 0.088644 0.531571 0.309426
v 0.117626 0.531571 0.280445
v 0.109137 0.531571 0.259952
v 0.088644 0.531571 0.251463
v 0.068151 0.531571 0.259952
v 0.059663 0.531571 0.280445
v 0.068151 0.531571 0.300938
v 0.117107 0.559748 0.308908
v 0.088644 0.559748 0.320697
v 0.128896 0.559748 0.280445
v 0.117107 0.559748 0.251982
v 0.088644 0.559748 0.240193
v 0.060182 0.559748 0.251982
v 0.048392 0.559748 0.280445
v 0.060182 0.559748 0.308908
v 0.109137 0.587924 0.300938
v 0.088644 0.587924 0.309426
v 0.117626 0.587924 0.280445
v 0.109137 0.587924 0.259952
v 0.088644 0.587924 0.251463
v 0.068151 0.587924 0.259952
v 0.059663 0.587924 0.280445
v 0.068151 0.587924 0.300938
v 0.088644 0.600000 0.280445
v 0.079269 0.593750 0.271070
v 0.079269 0.593750 0.289820
v 0.079269 0.625000 0.289820
v 0.079269 0.625000 0.271070
v 0.098019 0.593750 0.289820
v 0.098019 0.593750 0.271070
v 0.098019 0.625000 0.271070
v 0.098019 0.625000 0.289820
v 0.397780 0.536054 0.031696
v 0.414058 0.545646 0.047974
v 0.397780 0.545646 0.054717
v 0.420801 0.545646 0.031696
v 0.414058 0.545646 0.015419
v 0.397780 0.545646 0.008676
v 0.381502 0.545646 0.015419
v 0.374759 0.545646 0.031696
v 0.381502 0.545646 0.047974
v 0.420388 0.568027 0.054305
v 0.397780 0.568027 0.063669
v 0.429752 0.568027 0.031696
v 0.420388 0.568027 0.009088
v 0.397780 0.568027 -0.000276
v 0.375172 0.568027 0.009088
v 0.365807 0.568027 0.031696
v 0.375172 0.568027 0.054305
v 0.414058 0.590408 0.047974
v 0.397780 0.590408 0.054717
v 0.420801 0.590408 0.031696
v 0.414058 0.590408 0.015419
v 0.397780 0.590408 0.008676
v 0.381502 0.590408 0.015419
v 0.374759 0.590408 0.031696
v 0.381502 0.590408 0.047974
v 0.397780 0.600000 0.031696
v 0.388405 0.593750 0.022321
v 0.388405 0.593750 0.041071
v 0.388405 0.625000 0.041071
v 0.388405 0.625000 0.022321
v 0.407155 0.593750 0.041071
v 0.407155 0.593750 0.022321
v 0.407155 0.625000 0.022321
v 0.407155 0.625000 0.041071
v 0.786109 0.531563 0.123456
v 0.803529 0.541829 0.140877
v 0.786109 0.541829 0.148094
v 0.810746 0.541829 0.123456
v 0.803529 0.541829 0.106035
v 0.786109 0.541829 0.098819
v 0.768687 0.541829 0.106035
v 0.761471 0.541829 0.123456
v 0.768687 0.541829 0.140877
v 0.810304 0.565782 0.147652
v 0.786109 0.565782 0.157675
v 0.820327 0.565782 0.123456
v 0.810304 0.565782 0.099260
v 0.786109 0.565782 0.089238
v 0.761912 0.565782 0.099260
v 0.751890 0.565782 0.123456
v 0.761912 0.565782 0.147652
v 0.803529 0.589734 0.140877
v 0.786109 0.589734 0.148094
v 0.810746 0.589734 0.123456
v 0.803529 0.589734 0.106035
v 0.786109 0.589734 0.098819
v 0.768687 0.589734 0.106035
v 0.761471 0.589734 0.123456
v 0.768687 0.589734 0.140877
v 0.786109 0.600000 0.123456
v 0.776734 0.593750 0.114081
v 0.776734 0.593750 0.132831
v 0.776734 0.625000 0.132831
v 0.776734 0.625000 0.114081
v 0.795484 0.593750 0.132831
v 0.795484 0.593750 0.114081
v 0.795484 0.625000 0.114081
v 0.795484 0.625000 0.132831
v 0.955699 0.523047 0.556937
v 0.975288 0.534589 0.576526
v 0.955699 0.534589 0.584641
v 0.983402 0.534589 0.556937
v 0.975288 0.534589 0.537348
v 0.955699 0.534589 0.529234
v 0.936110 0.534589 0.537348
v 0.927996 0.534589 0.556937
v 0.936110 0.534589 0.576526
v 0.982906 0.561523 0.584144
v 0.955699 0.561523 0.595414
v 0.994176 0.561523 0.556937
v 0.982906 0.561523 0.529730
v 0.955699 0.561523 0.518461
v 0.928492 0.561523 0.529730
v 0.917223 0.561523 0.556937
v 0.928492 0.561523 0.584144
v 0.975288 0.588457 0.576526
v 0.955699 0.588457 0.584641
v 0.983402 0.588457 0.556937
v 0.975288 0.588457 0.537348
v 0.955699 0.588457 0.529234
v 0.936110 0.588457 0.537348
v 0.927996 0.588457 0.556937
v 0.936110 0.588457 0.576526
v 0.955699 0.600000 0.556937
v 0.946324 0.593750 0.547562
v 0.946324 0.593750 0.566312
v 0.946324 0.625000 0.566312
v 0.946324 0.625000 0.547562
v 0.965074 0.593750 0.566312
v 0.965074 0.593750 0.547562
v 0.965074 0.625000 0.547562
v 0.965074 0.625000 0.566312
v 0.104336 0.710777 0.664676
v 0.122156 0.721278 0.682496
v 0.104336 0.721278 0.689878
v 0.129538 0.721278 0.664676
v 0.122156 0.721278 0.646856
v 0.104336 0.721278 0.639474
v 0.086516 0.721278 0.646856
v 0.079134 0.721278 0.664676
v 0.086516 0.721278 0.682496
v 0.129086 0.745780 0.689427
v 0.104336 0.745780 0.699679
v 0.139339 0.745780 0.664676
v 0.129086 0.745780 0.639926
v 0.104336 0.745780 0.629674
v 0.079586 0.745780 0.639926
v 0.069333 0.745780 0.664676
v 0.079586 0.745780 0.689427
v 0.122156 0.770282 0.682496
v 0.104336 0.770282 0.689878
v 0.129538 0.770282 0.664676
v 0.122156 0.770282 0.646856
v 0.104336 0.770282 0.639474
v 0.086516 0.770282 0.646856
v 0.079134 0.770282 0.664676
v 0.086516 0.770282 0.682496
v 0.104336 0.780783 0.664676
v 0.554489 0.716500 0.080619
v 0.571285 0.726397 0.097415
v 0.554489 0.726397 0.104372
v 0.578242 0.726397 0.080619
v 0.571285 0.726397 0.063823
v 0.554489 0.726397 0.056866
v 0.537693 0.726397 0.063823
v 0.530736 0.726397 0.080619
v 0.537693 0.726397 0.097415
v 0.577817 0.749490 0.103947
v 0.554489 0.749490 0.113609
v 0.587479 0.749490 0.080619
v 0.577817 0.749490 0.057291
v 0.554489 0.749490 0.047629
v 0.531161 0.749490 0.057291
v 0.521499 0.749490 0.080619
v 0.531161 0.749490 0.103947
v 0.571285 0.772584 0.097415
v 0.554489 0.772584 0.104372
v 0.578242 0.772584 0.080619
v 0.571285 0.772584 0.063823
v 0.554489 0.772584 0.056866
v 0.537693 0.772584 0.063823
v 0.530736 0.772584 0.080619
v 0.537693 0.772584 0.097415
v 0.554489 0.782481 0.080619
v 0.849641 0.700175 0.767348
v 0.868436 0.711249 0.786142
v 0.849641 0.711249 0.793928
v 0.876220 0.711249 0.767348
v 0.868436 0.711249 0.748554
v 0.849641 0.711249 0.740769
v 0.830847 0.711249 0.748554
v 0.823063 0.711249 0.767348
v 0.830847 0.711249 0.786142
v 0.875744 0.737090 0.793451
v 0.849641 0.737090 0.804264
v 0.886557 0.737090 0.767348
v 0.875744 0.737090 0.741245
v 0.849641 0.737090 0.730433
v 0.823538 0.737090 0.741245
v 0.812726 0.737090 0.767348
v 0.823538 0.737090 0.793451
v 0.868436 0.762931 0.786142
v 0.849641 0.762931 0.793928
v 0.876220 0.762931 0.767348
v 0.868436 0.762931 0.748554
v 0.849641 0.762931 0.740769
v 0.830847 0.762931 0.748554
v 0.823063 0.762931 0.767348
v 0.830847 0.762931 0.786142
v 0.849641 0.774006 0.767348
v 0.367041 0.829845 0.874595
v 0.388081 0.842243 0.895636
v 0.367041 0.842243 0.904351
v 0.396796 0.842243 0.874595
v 0.388081 0.842243 0.853554
v 0.367041 0.842243 0.844839
v 0.346000 0.842243 0.853554
v 0.337284 0.842243 0.874595
v 0.346000 0.842243 0.895636
v 0.396263 0.871173 0.903818
v 0.367041 0.871173 0.915922
v 0.408368 0.871173 0.874595
v 0.396263 0.871173 0.845372
v 0.367041 0.871173 0.833268
v 0.337817 0.871173 0.845372
v 0.325713 0.871173 0.874595
v 0.337817 0.871173 0.903818
v 0.388081 0.900102 0.895636
v 0.367041 0.900102 0.904351
v 0.396796 0.900102 0.874595
v 0.388081 0.900102 0.853554
v 0.367041 0.900102 0.844839
v 0.346000 0.900102 0.853554
v 0.337284 0.900102 0.874595
v 0.346000 0.900102 0.895636
v 0.367041 0.912500 0.874595
v 0.357666 0.906250 0.865220
v 0.357666 0.906250 0.883970
v 0.357666 0.937500 0.883970
v 0.357666 0.937500 0.865220
v 0.376416 0.906250 0.883970
v 0.376416 0.906250 0.865220
v 0.376416 0.937500 0.865220
v 0.376416 0.937500 0.883970
v 0.126797 0.836190 0.533879
v 0.146223 0.847636 0.553304
v 0.126797 0.847636 0.561350
v 0.154269 0.847636 0.533879
v 0.146223 0.847636 0.514453
v 0.126797 0.847636 0.506407
v 0.107372 0.847636 0.514453
v 0.099326 0.847636 0.533879
v 0.107372 0.847636 0.553304
v 0.153777 0.874345 0.560858
v 0.126797 0.874345 0.572034
v 0.164952 0.874345 0.533879
v 0.153777 0.874345 0.506899
v 0.126797 0.874345 0.495724
v 0.099818 0.874345 0.506899
v 0.088642 0.874345 0.533879
v 0.099818 0.874345 0.560858
v 0.146223 0.901054 0.553304
v 0.126797 0.901054 0.561350
v 0.154269 0.901054 0.533879
v 0.146223 0.901054 0.514453
v 0.126797 0.901054 0.506407
v 0.107372 0.901054 0.514453
v 0.099326 0.901054 0.533879
v 0.107372 0.901054 0.553304
v 0.126797 0.912500 0.533879
v 0.117422 0.906250 0.524504
v 0.117422 0.906250 0.543254
v 0.117422 0.937500 0.543254
v 0.117422 0.937500 0.524504
v 0.136172 0.906250 0.543254
v 0.136172 0.906250 0.524504
v 0.136172 0.937500 0.524504
v 0.136172 0.937500 0.543254
v 0.208529 0.846392 0.230964
v 0.225357 0.856309 0.247792
v 0.208529 0.856309 0.254763
v 0.232327 0.856309 0.230964
v 0.225357 0.856309 0.214136
v 0.208529 0.856309 0.207166
v 0.191701 0.856309 0.214136
v 0.184730 0.856309 0.230964
v 0.191701 0.856309 0.247792
v 0.231901 0.879446 0.254337
v 0.208529 0.879446 0.264018
v 0.241582 0.879446 0.230964
v 0.231901 0.879446 0.207592
v 0.208529 0.879446 0.197911
v 0.185156 0.879446 0.207592
v 0.175475 0.879446 0.230964
v 0.185156 0.879446 0.254337
v 0.225357 0.902584 0.247792
v 0.208529 0.902584 0.254763
v 0.232327 0.902584 0.230964
v 0.225357 0.902584 0.214136
v 0.208529 0.902584 0.207166
v 0.191701 0.902584 0.214136
v 0.184730 0.902584 0.230964
v 0.191701 0.902584 0.247792
v 0.208529 0.912500 0.230964
v 0.199154 0.906250 0.221589
v 0.199154 0.906250 0.240339
v 0.199154 0.937500 0.240339
v 0.199154 0.937500 0.221589
v 0.217904 0.906250 0.240339
v 0.217904 0.906250 0.221589
v 0.217904 0.937500 0.221589
v 0.217904 0.937500 0.240339
v 0.574489 0.838277 0.138854
v 0.593383 0.849411 0.157748
v 0.574489 0.849411 0.165574
v 0.601209 0.849411 0.138854
v 0.593383 0.849411 0.119960
v 0.574489 0.849411 0.112134
v 0.555595 0.849411 0.119960
v 0.547769 0.849411 0.138854
v 0.555595 0.849411 0.157748
v 0.600731 0.875389 0.165096
v 0.574489 0.875389 0.175966
v 0.611600 0.875389 0.138854
v 0.600731 0.875389 0.112613
v 0.574489 0.875389 0.101743
v 0.548247 0.875389 0.112613
v 0.537377 0.875389 0.138854
v 0.548247 0.875389 0.165096
v 0.593383 0.901366 0.157748
v 0.574489 0.901366 0.165574
v 0.601209 0.901366 0.138854
v 0.593383 0.901366 0.119960
v 0.574489 0.901366 0.112134
v 0.555595 0.901366 0.119960
v 0.547769 0.901366 0.138854
v 0.555595 0.901366 0.157748
v 0.574489 0.912500 0.138854
v 0.565114 0.906250 0.129479
v 0.565114 0.906250 0.148229
v 0.565114 0.937500 0.148229
v 0.565114 0.937500 0.129479
v 0.583864 0.906250 0.148229
v 0.583864 0.906250 0.129479
v 0.583864 0.937500 0.129479
v 0.583864 0.937500 0.148229
v 0.873211 0.830357 0.414631
v 0.894121 0.842679 0.435542
v 0.873211 0.842679 0.444203
v 0.902783 0.842679 0.414631
v 0.894121 0.842679 0.393721
v 0.873211 0.842679 0.385060
v 0.852301 0.842679 0.393721
v 0.843640 0.842679 0.414631
v 0.852301 0.842679 0.435542
v 0.902253 0.871429 0.443673
v 0.873211 0.871429 0.455703
v 0.914282 0.871429 0.414631
v 0.902253 0.871429 0.385590
v 0.873211 0.871429 0.373560
v 0.844169 0.871429 0.385590
v 0.832140 0.871429 0.414631
v 0.844169 0.871429 0.443673
v 0.894121 0.900179 0.435542
v 0.873211 0.900179 0.444203
v 0.902783 0.900179 0.414631
v 0.894121 0.900179 0.393721
v 0.873211 0.900179 0.385060
v 0.852301 0.900179 0.393721
v 0.843640 0.900179 0.414631
v 0.852301 0.900179 0.435542
v 0.873211 0.912500 0.414631
v 0.863836 0.906250 0.405256
v 0.863836 0.906250 0.424006
v 0.863836 0.937500 0.424006
v 0.863836 0.937500 0.405256
v 0.882586 0.906250 0.424006
v 0.882586 0.906250 0.405256
v 0.882586 0.937500 0.405256
v 0.882586 0.937500 0.424006
v 0.809781 0.828008 0.733892
v 0.831290 0.840681 0.755400
v 0.809781 0.840681 0.764309
v 0.840199 0.840681 0.733892
v 0.831290 0.840681 0.712384
v 0.809781 0.840681 0.703475
v 0.788273 0.840681 0.712384
v 0.779364 0.840681 0.733892
v 0.788273 0.840681 0.755400
v 0.839654 0.870254 0.763764
v 0.809781 0.870254 0.776138
v 0.852028 0.870254 0.733892
v 0.839654 0.870254 0.704019
v 0.809781 0.870254 0.691646
v 0.779909 0.870254 0.704019
v 0.767536 0.870254 0.733892
v 0.779909 0.870254 0.763764
v 0.831290 0.899826 0.755400
v 0.809781 0.899826 0.764309
v 0.840199 0.899826 0.733892
v 0.831290 0.899826 0.712384
v 0.809781 0.899826 0.703475
v 0.788273 0.899826 0.712384
v 0.779364 0.899826 0.733892
v 0.788273 0.899826 0.755400
v 0.809781 0.912500 0.733892
v 0.800406 0.906250 0.724517
v 0.800406 0.906250 0.743267
v 0.800406 0.937500 0.743267
v 0.800406 0.937500 0.724517
v 0.819156 0.906250 0.743267
v 0.819156 0.906250 0.724517
v 0.819156 0.937500 0.724517
v 0.819156 0.937500 0.743267
v 0.398332 0.984589 0.125656
v 0.415183 0.994518 0.142506
v 0.398332 0.994518 0.149485
v 0.422162 0.994518 0.125656
v 0.415183 0.994518 0.108805
v 0.398332 0.994518 0.101826
v 0.381483 0.994518 0.108805
v 0.374503 0.994518 0.125656
v 0.381483 0.994518 0.142506
v 0.421736 1.017686 0.149058
v 0.398332 1.017686 0.158752
v 0.431429 1.017686 0.125656
v 0.421736 1.017686 0.102252
v 0.398332 1.017686 0.092559
v 0.374929 1.017686 0.102252
v 0.365236 1.017686 0.125656
v 0.374929 1.017686 0.149058
v 0.415183 1.040853 0.142506
v 0.398332 1.040853 0.149485
v 0.422162 1.040853 0.125656
v 0.415183 1.040853 0.108805
v 0.398332 1.040853 0.101826
v 0.381483 1.040853 0.108805
v 0.374503 1.040853 0.125656
v 0.381483 1.040853 0.142506
v 0.398332 1.050782 0.125656
v 0.884381 0.975714 0.601599
v 0.900948 0.985476 0.618165
v 0.884381 0.985476 0.625027
v 0.907809 0.985476 0.601599
v 0.900948 0.985476 0.585032
v 0.884381 0.985476 0.578170
v 0.867815 0.985476 0.585032
v 0.860953 0.985476 0.601599
v 0.867815 0.985476 0.618165
v 0.907390 1.008253 0.624607
v 0.884381 1.008253 0.634138
v 0.916921 1.008253 0.601599
v 0.907390 1.008253 0.578589
v 0.884381 1.008253 0.569059
v 0.861372 1.008253 0.578589
v 0.851842 1.008253 0.601599
v 0.861372 1.008253 0.624607
v 0.900948 1.031031 0.618165
v 0.884381 1.031031 0.625027
v 0.907809 1.031031 0.601599
v 0.900948 1.031031 0.585032
v 0.884381 1.031031 0.578170
v 0.867815 1.031031 0.585032
v 0.860953 1.031031 0.601599
v 0.867815 1.031031 0.618165
v 0.884381 1.040793 0.601599
v 0.265908 1.036480 0.735686
v 0.283589 1.046899 0.753367
v 0.265908 1.046899 0.760691
v 0.290913 1.046899 0.735686
v 0.283589 1.046899 0.718004
v 0.265908 1.046899 0.710680
v 0.248226 1.046899 0.718004
v 0.240902 1.046899 0.735686
v 0.248226 1.046899 0.753367
v 0.290466 1.071210 0.760244
v 0.265908 1.071210 0.770416
v 0.300638 1.071210 0.735686
v 0.290466 1.071210 0.711128
v 0.265908 1.071210 0.700956
v 0.241350 1.071210 0.711128
v 0.231178 1.071210 0.735686
v 0.241350 1.071210 0.760244
v 0.283589 1.095521 0.753367
v 0.265908 1.095521 0.760691
v 0.290913 1.095521 0.735686
v 0.283589 1.095521 0.718004
v 0.265908 1.095521 0.710680
v 0.248226 1.095521 0.718004
v 0.240902 1.095521 0.735686
v 0.248226 1.095521 0.753367
v 0.265908 1.105940 0.735686
v 0.211251 1.127764 0.558517
v 0.228049 1.137662 0.575314
v 0.211251 1.137662 0.582272
v 0.235006 1.137662 0.558517
v 0.228049 1.137662 0.541719
v 0.211251 1.137662 0.534762
v 0.194454 1.137662 0.541719
v 0.187496 1.137662 0.558517
v 0.194454 1.137662 0.575314
v 0.234581 1.160757 0.581847
v 0.211251 1.160757 0.591510
v 0.244244 1.160757 0.558517
v 0.234581 1.160757 0.535188
v 0.211251 1.160757 0.525524
v 0.187921 1.160757 0.535188
v 0.178258 1.160757 0.558517
v 0.187921 1.160757 0.581847
v 0.228049 1.183852 0.575314
v 0.211251 1.183852 0.582272
v 0.235006 1.183852 0.558517
v 0.228049 1.183852 0.541719
v 0.211251 1.183852 0.534762
v 0.194454 1.183852 0.541719
v 0.187496 1.183852 0.558517
v 0.194454 1.183852 0.575314
v 0.211251 1.193750 0.558517
v 0.201876 1.187500 0.549142
v 0.201876 1.187500 0.567892
v 0.201876 1.218750 0.567892
v 0.201876 1.218750 0.549142
v 0.220626 1.187500 0.567892
v 0.220626 1.187500 0.549142
v 0.220626 1.218750 0.549142
v 0.220626 1.218750 0.567892
v 0.373817 1.121612 0.224913
v 0.392180 1.132433 0.243276
v 0.373817 1.132433 0.250883
v 0.399786 1.132433 0.224913
v 0.392180 1.132433 0.206550
v 0.373817 1.132433 0.198944
v 0.355454 1.132433 0.206550
v 0.347847 1.132433 0.224913
v 0.355454 1.132433 0.243276
v 0.399321 1.157681 0.250418
v 0.373817 1.157681 0.260982
v 0.409886 1.157681 0.224913
v 0.399321 1.157681 0.199409
v 0.373817 1.157681 0.188844
v 0.348313 1.157681 0.199409
v 0.337748 1.157681 0.224913
v 0.348313 1.157681 0.250418
v 0.392180 1.182929 0.243276
v 0.373817 1.182929 0.250883
v 0.399786 1.182929 0.224913
v 0.392180 1.182929 0.206550
v 0.373817 1.182929 0.198944
v 0.355454 1.182929 0.206550
v 0.347847 1.182929 0.224913
v 0.355454 1.182929 0.243276
v 0.373817 1.193750 0.224913
v 0.364442 1.187500 0.215538
v 0.364442 1.187500 0.234288
v 0.364442 1.218750 0.234288
v 0.364442 1.218750 0.215538
v 0.383192 1.187500 0.234288
v 0.383192 1.187500 0.215538
v 0.383192 1.218750 0.215538
v 0.383192 1.218750 0.234288
v 0.751347 1.113025 0.369017
v 0.771897 1.125134 0.389567
v 0.751347 1.125134 0.398079
v 0.780409 1.125134 0.369017
v 0.771897 1.125134 0.348468
v 0.751347 1.125134 0.339957
v 0.730798 1.125134 0.348468
v 0.722287 1.125134 0.369017
v 0.730798 1.125134 0.389567
v 0.779888 1.153388 0.397558
v 0.751347 1.153388 0.409380
v 0.791710 1.153388 0.369017
v 0.779888 1.153388 0.340477
v 0.751347 1.153388 0.328655
v 0.722807 1.153388 0.340477
v 0.710985 1.153388 0.369017
v 0.722807 1.153388 0.397558
v 0.771897 1.181641 0.389567
v 0.751347 1.181641 0.398079
v 0.780409 1.181641 0.369017
v 0.771897 1.181641 0.348468
v 0.751347 1.181641 0.339957
v 0.730798 1.181641 0.348468
v 0.722287 1.181641 0.369017
v 0.730798 1.181641 0.389567
v 0.751347 1.193750 0.369017
v 0.741973 1.187500 0.359642
v 0.741973 1.187500 0.378393
v 0.741973 1.218750 0.378393
v 0.741973 1.218750 0.359642
v 0.760722 1.187500 0.378393
v 0.760722 1.187500 0.359642
v 0.760722 1.218750 0.359642
v 0.760722 1.218750 0.378393
v 0.629811 1.129768 0.783534
v 0.646099 1.139365 0.799821
v 0.629811 1.139365 0.806567
v 0.652845 1.139365 0.783534
v 0.646099 1.139365 0.767246
v 0.629811 1.139365 0.760500
v 0.613524 1.139365 0.767246
v 0.606777 1.139365 0.783534
v 0.613524 1.139365 0.799821
v 0.652432 1.161759 0.806155
v 0.629811 1.161759 0.815525
v 0.661802 1.161759 0.783534
v 0.652432 1.161759 0.760912
v 0.629811 1.161759 0.751543
v 0.607190 1.161759 0.760912
v 0.597820 1.161759 0.783534
v 0.607190 1.161759 0.806155
v 0.646099 1.184152 0.799821
v 0.629811 1.184152 0.806567
v 0.652845 1.184152 0.783534
v 0.646099 1.184152 0.767246
v 0.629811 1.184152 0.760500
v 0.613524 1.184152 0.767246
v 0.606777 1.184152 0.783534
v 0.613524 1.184152 0.799821
v 0.629811 1.193750 0.783534
v 0.620436 1.187500 0.774159
v 0.620436 1.187500 0.792909
v 0.620436 1.218750 0.792909
v 0.620436 1.218750 0.774159
v 0.639186 1.187500 0.792909
v 0.639186 1.187500 0.774159
v 0.639186 1.218750 0.774159
v 0.639186 1.218750 0.792909
v 0.758763 1.288701 0.605644
v 0.777424 1.299698 0.624306
v 0.758763 1.299698 0.632036
v 0.785154 1.299698 0.605644
v 0.777424 1.299698 0.586982
v 0.758763 1.299698 0.579252
v 0.740101 1.299698 0.586982
v 0.732371 1.299698 0.605644
v 0.740101 1.299698 0.624306
v 0.784682 1.325357 0.631563
v 0.758763 1.325357 0.642299
v 0.795418 1.325357 0.605644
v 0.784682 1.325357 0.579724
v 0.758763 1.325357 0.568988
v 0.732843 1.325357 0.579724
v 0.722107 1.325357 0.605644
v 0.732843 1.325357 0.631563
v 0.777424 1.351016 0.624306
v 0.758763 1.351016 0.632036
v 0.785154 1.351016 0.605644
v 0.777424 1.351016 0.586982
v 0.758763 1.351016 0.579252
v 0.740101 1.351016 0.586982
v 0.732371 1.351016 0.605644
v 0.740101 1.351016 0.624306
v 0.758763 1.362013 0.605644
v 0.240241 1.288898 0.393949
v 0.257473 1.299052 0.411182
v 0.240241 1.299052 0.418320
v 0.264611 1.299052 0.393949
v 0.257473 1.299052 0.376716
v 0.240241 1.299052 0.369578
v 0.223007 1.299052 0.376716
v 0.215869 1.299052 0.393949
v 0.223007 1.299052 0.411182
v 0.264175 1.322746 0.417884
v 0.240241 1.322746 0.427797
v 0.274089 1.322746 0.393949
v 0.264175 1.322746 0.370015
v 0.240241 1.322746 0.360101
v 0.216306 1.322746 0.370015
v 0.206392 1.322746 0.393949
v 0.216306 1.322746 0.417884
v 0.257473 1.346440 0.411182
v 0.240241 1.346440 0.418320
v 0.264611 1.346440 0.393949
v 0.257473 1.346440 0.376716
v 0.240241 1.346440 0.369578
v 0.223007 1.346440 0.376716
v 0.215869 1.346440 0.393949
v 0.223007 1.346440 0.411182
v 0.240241 1.356594 0.393949
v 0.308262 1.380451 0.398744
v 0.324376 1.389946 0.414857
v 0.308262 1.389946 0.421531
v 0.331051 1.389946 0.398744
v 0.324376 1.389946 0.382630
v 0.308262 1.389946 0.375956
v 0.292149 1.389946 0.382630
v 0.285475 1.389946 0.398744
v 0.292149 1.389946 0.414857
v 0.330643 1.412101 0.421123
v 0.308262 1.412101 0.430393
v 0.339913 1.412101 0.398744
v 0.330643 1.412101 0.376364
v 0.308262 1.412101 0.367094
v 0.285883 1.412101 0.376364
v 0.276613 1.412101 0.398744
v 0.285883 1.412101 0.421123
v 0.324376 1.434255 0.414857
v 0.308262 1.434255 0.421531
v 0.331051 1.434255 0.398744
v 0.324376 1.434255 0.382630
v 0.308262 1.434255 0.375956
v 0.292149 1.434255 0.382630
v 0.285475 1.434255 0.398744
v 0.292149 1.434255 0.414857
v 0.308262 1.443750 0.398744
v 0.298887 1.437500 0.389369
v 0.298887 1.437500 0.408119
v 0.298887 1.468750 0.408119
v 0.298887 1.468750 0.389369
v 0.317638 1.437500 0.408119
v 0.317638 1.437500 0.389369
v 0.317638 1.468750 0.389369
v 0.317638 1.468750 0.408119
v 0.640723 1.380225 0.349792
v 0.656894 1.389754 0.365963
v 0.640723 1.389754 0.372661
v 0.663592 1.389754 0.349792
v 0.656894 1.389754 0.333621
v 0.640723 1.389754 0.326923
v 0.624552 1.389754 0.333621
v 0.617854 1.389754 0.349792
v 0.624552 1.389754 0.365963
v 0.663183 1.411987 0.372251
v 0.640723 1.411987 0.381554
v 0.672486 1.411987 0.349792
v 0.663183 1.411987 0.327333
v 0.640723 1.411987 0.318029
v 0.618264 1.411987 0.327333
v 0.608961 1.411987 0.349792
v 0.618264 1.411987 0.372251
v 0.656894 1.434221 0.365963
v 0.640723 1.434221 0.372661
v 0.663592 1.434221 0.349792
v 0.656894 1.434221 0.333621
v 0.640723 1.434221 0.326923
v 0.624552 1.434221 0.333621
v 0.617854 1.434221 0.349792
v 0.624552 1.434221 0.365963
v 0.640723 1.443750 0.349792
v 0.631348 1.437500 0.340417
v 0.631348 1.437500 0.359167
v 0.631348 1.468750 0.359167
v 0.631348 1.468750 0.340417
v 0.650098 1.437500 0.359167
v 0.650098 1.437500 0.340417
v 0.650098 1.468750 0.340417
v 0.650098 1.468750 0.359167
v 0.593169 1.372202 0.688601
v 0.611383 1.382934 0.706813
v 0.593169 1.382934 0.714357
v 0.618926 1.382934 0.688601
v 0.611383 1.382934 0.670388
v 0.593169 1.382934 0.662843
v 0.574956 1.382934 0.670388
v 0.567412 1.382934 0.688601
v 0.574956 1.382934 0.706813
v 0.618465 1.407976 0.713896
v 0.593169 1.407976 0.724374
v 0.628943 1.407976 0.688601
v 0.618465 1.407976 0.663304
v 0.593169 1.407976 0.652827
v 0.567874 1.407976 0.663304
v 0.557396 1.407976 0.688601
v 0.567874 1.407976 0.713896
v 0.611383 1.433018 0.706813
v 0.593169 1.433018 0.714357
v 0.618926 1.433018 0.688601
v 0.611383 1.433018 0.670388
v 0.593169 1.433018 0.662843
v 0.574956 1.433018 0.670388
v 0.567412 1.433018 0.688601
v 0.574956 1.433018 0.706813
v 0.593169 1.443750 0.688601
v 0.583794 1.437500 0.679226
v 0.583794 1.437500 0.697976
v 0.583794 1.468750 0.697976
v 0.583794 1.468750 0.679226
v 0.602544 1.437500 0.697976
v 0.602544 1.437500 0.679226
v 0.602544 1.468750 0.679226
v 0.602544 1.468750 0.697976
v 0.386886 1.499928 0.699026
v 0.403070 1.509465 0.715211
v 0.386886 1.509465 0.721915
v 0.409774 1.509465 0.699026
v 0.403070 1.509465 0.682841
v 0.386886 1.509465 0.676137
v 0.370701 1.509465 0.682841
v 0.363997 1.509465 0.699026
v 0.370701 1.509465 0.715211
v 0.409364 1.531718 0.721505
v 0.386886 1.531718 0.730816
v 0.418676 1.531718 0.699026
v 0.409364 1.531718 0.676547
v 0.386886 1.531718 0.667236
v 0.364407 1.531718 0.676547
v 0.355096 1.531718 0.699026
v 0.364407 1.531718 0.721505
v 0.403070 1.553971 0.715211
v 0.386886 1.553971 0.721915
v 0.409774 1.553971 0.699026
v 0.403070 1.553971 0.682841
v 0.386886 1.553971 0.676137
v 0.370701 1.553971 0.682841
v 0.363997 1.553971 0.699026
v 0.370701 1.553971 0.715211
v 0.386886 1.563508 0.699026
v 0.608356 1.511278 0.309346
v 0.626991 1.522259 0.327980
v 0.608356 1.522259 0.335699
v 0.634709 1.522259 0.309346
v 0.626991 1.522259 0.290711
v 0.608356 1.522259 0.282992
v 0.589723 1.522259 0.290711
v 0.582004 1.522259 0.309346
v 0.589723 1.522259 0.327980
v 0.634238 1.547879 0.335227
v 0.608356 1.547879 0.345947
v 0.644957 1.547879 0.309346
v 0.634238 1.547879 0.283464
v 0.608356 1.547879 0.272744
v 0.582476 1.547879 0.283464
v 0.571756 1.547879 0.309346
v 0.582476 1.547879 0.335227
v 0.626991 1.573500 0.327980
v 0.608356 1.573500 0.335699
v 0.634709 1.573500 0.309346
v 0.626991 1.573500 0.290711
v 0.608356 1.573500 0.282992
v 0.589723 1.573500 0.290711
v 0.582004 1.573500 0.309346
v 0.589723 1.573500 0.327980
v 0.608356 1.584481 0.309346
v 1.095781 0.348750 0.500000
v 1.108281 0.361250 0.500000
v 1.123293 0.345751 0.579198
v 1.110642 0.333436 0.578287
v 1.095781 0.373750 0.500000
v 1.111062 0.358066 0.582553
v 1.083281 0.361250 0.500000
v 1.098413 0.345751 0.581643
v 1.124234 0.332215 0.664999
v 1.111534 0.320225 0.662273
v 1.112040 0.344999 0.665583
v 1.099339 0.333009 0.662856
v 1.107736 0.323102 0.750437
v 1.095362 0.311386 0.745733
v 1.096242 0.336281 0.747845
v 1.083868 0.324564 0.743141
v 1.072793 0.319839 0.830702
v 1.061208 0.308283 0.824014
v 1.062785 0.333217 0.824924
v 1.051200 0.321661 0.818236
v 1.020738 0.322946 0.901097
v 1.010378 0.311396 0.892626
v 1.012875 0.336270 0.892544
v 1.002516 0.324720 0.884073
v 0.954973 0.331931 0.958114
v 0.946136 0.320238 0.948233
v 0.949582 0.344987 0.947485
v 0.940745 0.333293 0.937604
v 0.880173 0.345386 1.000209
v 0.872968 0.333442 0.989349
v 0.877176 0.358061 0.988258
v 0.869971 0.346117 0.977398
v 0.804134 0.360662 1.026775
v 0.797597 0.348764 1.015453
v 0.798184 0.373736 1.016470
v 0.791647 0.361837 1.005148
v 0.743134 0.345168 1.079315
v 0.737175 0.333450 1.067496
v 0.734386 0.358052 1.070952
v 0.728427 0.346335 1.059133
v 0.669279 0.331637 1.123041
v 0.664987 0.320257 1.110214
v 0.662869 0.344967 1.113360
v 0.658577 0.333587 1.100532
v 0.587012 0.322535 1.151479
v 0.584741 0.311432 1.137912
v 0.583609 0.336234 1.140837
v 0.581339 0.325131 1.127269
v 0.500000 0.319286 1.161351
v 0.500000 0.308336 1.147474
v 0.500000 0.333164 1.150401
v 0.500000 0.322214 1.136524
v 0.412982 0.322408 1.151463
v 0.415288 0.311446 1.137787
v 0.416361 0.336220 1.140961
v 0.418667 0.325259 1.127285
v 0.330703 0.331407 1.123010
v 0.335114 0.320277 1.110004
v 0.337031 0.344947 1.113570
v 0.341442 0.333817 1.100564
v 0.256835 0.344873 1.079271
v 0.263002 0.333467 1.067254
v 0.265438 0.358035 1.071193
v 0.271604 0.346630 1.059177
v 0.195884 0.360138 1.026744
v 0.202665 0.348799 1.014999
v 0.201554 0.373701 1.016924
v 0.208334 0.362362 1.005179
v 0.119962 0.344647 1.000222
v 0.127334 0.333486 0.988664
v 0.122521 0.358017 0.988943
v 0.129893 0.346856 0.977385
v 0.045154 0.331124 0.958117
v 0.054326 0.320308 0.947562
v 0.049956 0.344916 0.948156
v 0.059127 0.334100 0.937601
v -0.020621 0.322031 0.901077
v -0.009709 0.311495 0.891997
v -0.013544 0.336171 0.893172
v -0.002632 0.325634 0.884093
v -0.072689 0.318795 0.830642
v -0.060303 0.308404 0.823491
v -0.063689 0.333096 0.825446
v -0.051304 0.322705 0.818296
v -0.107641 0.321929 0.750321
v -0.094237 0.311510 0.745394
v -0.097366 0.336156 0.748185
v -0.083963 0.325736 0.743258
v -0.124143 0.330942 0.664823
v -0.110254 0.320331 0.662171
v -0.113320 0.344892 0.665684
v -0.099431 0.334282 0.663033
v -0.123196 0.344417 0.578974
v -0.109296 0.333509 0.578433
v -0.112408 0.357994 0.582407
v -0.098508 0.347085 0.581867
v -0.108181 0.359674 0.500000
v -0.094206 0.348850 0.500000
v -0.097357 0.373650 0.500000
v -0.083381 0.362826 0.500000
v -0.123165 0.344187 0.421064
v -0.109064 0.333536 0.421539
v -0.112641 0.357966 0.417620
v -0.098539 0.347316 0.418096
v -0.124106 0.330671 0.335216
v -0.109982 0.320371 0.337848
v -0.113592 0.344853 0.334296
v -0.099468 0.334553 0.336929
v -0.107592 0.321588 0.249719
v -0.093908 0.311567 0.254704
v -0.097696 0.336098 0.251717
v -0.084011 0.326078 0.256703
v -0.072623 0.318362 0.169396
v -0.059929 0.308480 0.176725
v -0.064064 0.333020 0.174338
v -0.051371 0.323138 0.181666
v -0.020531 0.321509 0.098956
v -0.009329 0.311582 0.108363
v -0.013924 0.336084 0.106468
v -0.002722 0.326156 0.115874
v 0.045268 0.330533 0.041909
v 0.054660 0.320394 0.052933
v 0.049622 0.344830 0.051349
v 0.059014 0.334692 0.062372
v 0.120093 0.344016 -0.000199
v 0.127587 0.333559 0.011924
v 0.122269 0.357944 0.010469
v 0.129763 0.347486 0.022593
v 0.195939 0.359266 -0.026650
v 0.203101 0.348909 -0.014244
v 0.201118 0.373591 -0.017680
v 0.208280 0.363234 -0.005274
v 0.256756 0.343782 -0.079056
v 0.263664 0.333595 -0.066367
v 0.264776 0.357908 -0.072080
v 0.271684 0.347720 -0.059392
v 0.330637 0.330274 -0.122798
v 0.335613 0.320441 -0.108976
v 0.336531 0.344783 -0.114598
v 0.341508 0.334951 -0.100776
v 0.412944 0.321199 -0.151249
v 0.415570 0.311646 -0.136608
v 0.416080 0.336021 -0.142140
v 0.418706 0.326468 -0.127499
v 0.500000 0.317984 -0.161128
v 0.500000 0.308560 -0.146171
v 0.500000 0.332940 -0.151704
v 0.500000 0.323516 -0.136747
v 0.587058 0.321141 -0.151236
v 0.584417 0.311658 -0.136552
v 0.583934 0.336008 -0.142196
v 0.581293 0.326524 -0.127513
v 0.669367 0.330174 -0.122774
v 0.664342 0.320461 -0.108885
v 0.663514 0.344764 -0.114689
v 0.658489 0.335051 -0.100799
v 0.743249 0.343665 -0.079028
v 0.736264 0.333614 -0.066272
v 0.735297 0.357888 -0.072175
v 0.728311 0.347838 -0.059420
v 0.804030 0.358909 -0.026596
v 0.796720 0.348971 -0.013934
v 0.799061 0.373529 -0.017989
v 0.791751 0.363591 -0.005328
v 0.879772 0.343429 -0.000151
v 0.872182 0.333657 0.012474
v 0.877962 0.357846 0.009919
v 0.870372 0.348073 0.022544
v 0.954598 0.329926 0.041961
v 0.945001 0.320513 0.053441
v 0.950717 0.344711 0.050841
v 0.941120 0.335298 0.062321
v 1.020396 0.320859 0.099018
v 1.008858 0.311724 0.108812
v 1.014395 0.335942 0.106018
v 1.002857 0.326807 0.115812
v 1.072484 0.317653 0.169476
v 1.059314 0.308639 0.177079
v 1.064678 0.332861 0.173983
v 1.051509 0.323847 0.181586
v 1.107450 0.320820 0.249820
v 1.093170 0.311733 0.254921
v 1.098434 0.335933 0.251501
v 1.084154 0.326846 0.256601
v 1.123958 0.329861 0.335336
v 1.109166 0.320528 0.337901
v 1.114408 0.344697 0.334243
v 1.099616 0.335364 0.336808
v 1.123014 0.343357 0.421194
v 1.108229 0.333671 0.421434
v 1.113476 0.357831 0.417726
v 1.098690 0.348145 0.417966
v 1.107996 0.358597 0.500000
v 1.093128 0.349035 0.500000
v 1.098434 0.373465 0.500000
v 1.083566 0.363903 0.500000
v 1.014687 0.657031 0.500000
v 1.027187 0.669531 0.500000
v 1.037277 0.657327 0.568261
v 1.024670 0.644992 0.567069
v 1.014687 0.682031 0.500000
v 1.024939 0.669661 0.571115
v 1.002188 0.669531 0.500000
v 1.012333 0.657327 0.569922
v 1.036379 0.646085 0.641588
v 1.023774 0.634035 0.638687
v 1.024109 0.658800 0.642092
v 1.011504 0.646750 0.639191
v 1.022521 0.637332 0.714862
v 1.010225 0.625532 0.710164
v 1.010794 0.650391 0.712756
v 0.998498 0.638591 0.708058
v 0.994972 0.632014 0.784985
v 0.983341 0.620396 0.778483
v 0.984351 0.645316 0.780214
v 0.972721 0.633698 0.773713
v 0.954182 0.630711 0.848724
v 0.943581 0.619179 0.840529
v 0.945216 0.644108 0.841469
v 0.934616 0.632577 0.833274
v 0.901776 0.633565 0.903208
v 0.892517 0.622010 0.893550
v 0.894891 0.646895 0.893858
v 0.885633 0.635341 0.884201
v 0.840317 0.640264 0.946369
v 0.832612 0.628583 0.935567
v 0.835738 0.653387 0.935445
v 0.828034 0.641705 0.924643
v 0.772898 0.650080 0.977239
v 0.766846 0.638192 0.965639
v 0.770623 0.662902 0.965284
v 0.764571 0.651014 0.953684
v 0.703697 0.661788 0.995764
v 0.699084 0.649689 0.983729
v 0.701644 0.674558 0.983714
v 0.697031 0.662460 0.971679
v 0.638957 0.664149 1.014657
v 0.635376 0.652109 1.002219
v 0.634124 0.677041 1.003570
v 0.630544 0.665001 0.991131
v 0.573761 0.652294 1.042115
v 0.571484 0.640393 1.029244
v 0.568137 0.665084 1.031284
v 0.565860 0.653182 1.018412
v 0.501876 0.641919 1.059240
v 0.501362 0.630296 1.045930
v 0.498638 0.655071 1.047881
v 0.498124 0.643448 1.034571
v 0.427038 0.634449 1.063248
v 0.428454 0.623055 1.049806
v 0.426518 0.647901 1.051791
v 0.427934 0.636508 1.038349
v 0.352217 0.630696 1.052889
v 0.355641 0.619448 1.039688
v 0.354554 0.644328 1.041879
v 0.357978 0.633079 1.028678
v 0.280696 0.631070 1.028077
v 0.286079 0.619859 1.015514
v 0.285795 0.644726 1.018076
v 0.291178 0.633514 1.005513
v 0.215575 0.635531 0.989951
v 0.222735 0.624244 0.978382
v 0.223119 0.649055 0.981427
v 0.230279 0.637768 0.969858
v 0.159301 0.643591 0.940696
v 0.167956 0.632131 0.930387
v 0.168824 0.656863 0.933938
v 0.177479 0.645403 0.923629
v 0.113328 0.654376 0.883169
v 0.123156 0.642674 0.874281
v 0.124308 0.667329 0.878255
v 0.134136 0.655627 0.869367
v 0.079103 0.666367 0.822324
v 0.089633 0.654573 0.814416
v 0.088981 0.679523 0.815856
v 0.099511 0.667729 0.807948
v 0.034436 0.658994 0.771192
v 0.045646 0.647333 0.764060
v 0.042464 0.672076 0.762420
v 0.053673 0.660414 0.755288
v -0.009369 0.647538 0.713414
v 0.002810 0.636094 0.707650
v -0.000601 0.660779 0.705649
v 0.011577 0.649336 0.699885
v -0.043551 0.638209 0.647351
v -0.030469 0.627032 0.643295
v -0.033661 0.651785 0.641838
v -0.020580 0.640608 0.637782
v -0.065227 0.632155 0.575296
v -0.051532 0.621177 0.573192
v -0.054587 0.645978 0.572431
v -0.040892 0.635000 0.570327
v -0.072656 0.630034 0.500000
v -0.058722 0.619156 0.500000
v -0.061778 0.643969 0.500000
v -0.047844 0.633091 0.500000
v -0.065218 0.632080 0.424701
v -0.051458 0.621186 0.426822
v -0.054661 0.645969 0.427554
v -0.040901 0.635075 0.429676
v -0.043532 0.638068 0.352641
v -0.030339 0.627047 0.356759
v -0.033793 0.651771 0.358108
v -0.020599 0.640749 0.362226
v -0.009341 0.647347 0.286571
v 0.002972 0.636110 0.292454
v -0.000763 0.660764 0.294247
v 0.011550 0.649526 0.300130
v 0.034459 0.658829 0.228798
v 0.045774 0.647344 0.236046
v 0.042336 0.672065 0.237474
v 0.053651 0.660579 0.244722
v 0.079115 0.666044 0.177697
v 0.089896 0.654595 0.185770
v 0.088718 0.679501 0.183958
v 0.099499 0.668052 0.192031
v 0.113316 0.654011 0.116893
v 0.123464 0.642698 0.125922
v 0.124000 0.667305 0.121541
v 0.134148 0.655992 0.130571
v 0.159291 0.643187 0.059367
v 0.168253 0.632167 0.069891
v 0.168527 0.656826 0.065784
v 0.177489 0.645806 0.076308
v 0.215573 0.635069 0.010112
v 0.223009 0.624294 0.021992
v 0.222845 0.649004 0.018199
v 0.230281 0.638230 0.030079
v 0.280706 0.630536 -0.028011
v 0.286304 0.619923 -0.015029
v 0.285569 0.644661 -0.018560
v 0.291167 0.634048 -0.005578
v 0.352247 0.630085 -0.052820
v 0.355782 0.619521 -0.039094
v 0.354413 0.644254 -0.042473
v 0.357948 0.633689 -0.028747
v 0.427092 0.633766 -0.063174
v 0.428477 0.623131 -0.049121
v 0.426495 0.647826 -0.052476
v 0.427879 0.637191 -0.038422
v 0.501955 0.641176 -0.059159
v 0.501247 0.630364 -0.045191
v 0.498753 0.655002 -0.048619
v 0.498045 0.644191 -0.034651
v 0.573859 0.651511 -0.042026
v 0.571229 0.640446 -0.028493
v 0.568391 0.665031 -0.032035
v 0.565762 0.653966 -0.018501
v 0.638988 0.663379 -0.014593
v 0.635115 0.652159 -0.001492
v 0.634385 0.676991 -0.004296
v 0.630513 0.665772 0.008804
v 0.703592 0.660863 0.004269
v 0.698839 0.649749 0.017168
v 0.701889 0.674499 0.015389
v 0.697135 0.663385 0.028288
v 0.772753 0.649206 0.022778
v 0.766556 0.638256 0.035195
v 0.770913 0.662838 0.033882
v 0.764716 0.651887 0.046299
v 0.840183 0.639341 0.053656
v 0.832159 0.628671 0.065244
v 0.836192 0.653298 0.063744
v 0.828168 0.642629 0.075332
v 0.901655 0.632574 0.096835
v 0.891876 0.622121 0.107208
v 0.895532 0.646784 0.105383
v 0.885753 0.636331 0.115757
v 0.954076 0.629643 0.151345
v 0.942744 0.619306 0.160133
v 0.946054 0.643982 0.157869
v 0.934723 0.633644 0.166657
v 0.994877 0.630869 0.215119
v 0.982318 0.620528 0.222032
v 0.985374 0.645186 0.219270
v 0.972814 0.634844 0.226184
v 1.022436 0.636118 0.285281
v 1.009050 0.625653 0.290162
v 1.011969 0.650269 0.286917
v 0.998583 0.639805 0.291799
v 1.036297 0.644818 0.358592
v 1.022501 0.634134 0.361426
v 1.025382 0.658701 0.357794
v 1.011586 0.648016 0.360628
v 1.037193 0.656027 0.431947
v 1.023357 0.645061 0.432833
v 1.026252 0.669593 0.428984
v 1.012416 0.658626 0.429869
v 1.027101 0.668066 0.500000
v 1.013222 0.657118 0.500000
v 1.016153 0.681945 0.500000
v 1.002274 0.670996 0.500000
v 0.928188 0.965313 0.500000
v 0.940688 0.977812 0.500000
v 0.951183 0.964251 0.556591
v 0.938495 0.952023 0.555178
v 0.928188 0.990313 0.500000
v 0.938981 0.976479 0.560344
v 0.915687 0.977812 0.500000
v 0.926292 0.964251 0.558931
v 0.951628 0.952277 0.618767
v 0.938888 0.940421 0.615669
v 0.939482 0.965088 0.619689
v 0.926741 0.953231 0.616592
v 0.939495 0.944192 0.680748
v 0.927044 0.932649 0.675822
v 0.928096 0.957496 0.678388
v 0.915645 0.945953 0.673462
v 0.914048 0.941276 0.739051
v 0.902313 0.929923 0.732276
v 0.904217 0.954827 0.733374
v 0.892481 0.943474 0.726599
v 0.876258 0.944002 0.790241
v 0.865649 0.932664 0.781790
v 0.868676 0.957481 0.781678
v 0.858067 0.946143 0.773226
v 0.828614 0.951934 0.831755
v 0.819418 0.940439 0.821967
v 0.823594 0.965070 0.821043
v 0.814397 0.953575 0.811256
v 0.774513 0.963811 0.862472
v 0.766848 0.952031 0.851749
v 0.771936 0.976471 0.850407
v 0.764270 0.964692 0.839684
v 0.720334 0.977107 0.881629
v 0.713741 0.965333 0.870210
v 0.714447 0.990293 0.871433
v 0.707854 0.978518 0.860013
v 0.676692 0.963549 0.918929
v 0.671043 0.952043 0.906754
v 0.667650 0.976459 0.910922
v 0.662001 0.964953 0.898749
v 0.623041 0.951582 0.950416
v 0.618971 0.940468 0.937286
v 0.616387 0.965042 0.941084
v 0.612318 0.953927 0.927954
v 0.563257 0.943507 0.970909
v 0.561099 0.932717 0.957072
v 0.559716 0.957427 0.960606
v 0.557557 0.946639 0.946769
v 0.500000 0.940606 0.978024
v 0.500000 0.930001 0.963881
v 0.500000 0.954749 0.967419
v 0.500000 0.944144 0.953276
v 0.436734 0.943350 0.970885
v 0.438937 0.932738 0.956920
v 0.440249 0.957407 0.960758
v 0.442451 0.946795 0.946793
v 0.376931 0.951301 0.950369
v 0.381153 0.940497 0.937029
v 0.383489 0.965011 0.941341
v 0.387711 0.954208 0.928001
v 0.323262 0.963193 0.918863
v 0.329172 0.952069 0.906460
v 0.332134 0.976433 0.911217
v 0.338045 0.965310 0.898814
v 0.279693 0.976466 0.881584
v 0.286579 0.965385 0.869656
v 0.285233 0.990240 0.871987
v 0.292120 0.979159 0.860059
v 0.225688 0.962914 0.862491
v 0.233522 0.952097 0.850910
v 0.227695 0.976406 0.851246
v 0.235529 0.965588 0.839665
v 0.171576 0.950954 0.831759
v 0.181143 0.940543 0.821149
v 0.175846 0.964966 0.821862
v 0.185414 0.954554 0.811252
v 0.123915 0.942890 0.790212
v 0.135162 0.932811 0.781024
v 0.130512 0.957334 0.782443
v 0.141759 0.947255 0.773256
v 0.086106 0.940004 0.738961
v 0.098788 0.930102 0.731639
v 0.094682 0.954648 0.734011
v 0.107364 0.944746 0.726689
v 0.060645 0.942766 0.680576
v 0.074326 0.932834 0.675411
v 0.070534 0.957311 0.678799
v 0.084215 0.947379 0.673634
v 0.048508 0.950732 0.618506
v 0.062673 0.940578 0.615549
v 0.058958 0.964931 0.619810
v 0.073123 0.954776 0.616853
v 0.048958 0.962638 0.556261
v 0.063145 0.952130 0.555356
v 0.059379 0.976372 0.560166
v 0.073566 0.965865 0.559261
v 0.059461 0.975893 0.500000
v 0.073732 0.965461 0.500000
v 0.069893 0.990164 0.500000
v 0.084164 0.979732 0.500000
v 0.049006 0.962347 0.443797
v 0.063440 0.952172 0.444608
v 0.059084 0.976330 0.439870
v 0.073517 0.966155 0.440681
v 0.048564 0.950395 0.381554
v 0.063014 0.940639 0.384474
v 0.058617 0.964870 0.380168
v 0.073067 0.955114 0.383088
v 0.060718 0.942342 0.319485
v 0.074735 0.932922 0.324709
v 0.070125 0.957224 0.321081
v 0.084142 0.947804 0.326304
v 0.086206 0.939470 0.261096
v 0.099251 0.930218 0.268628
v 0.094219 0.954533 0.265722
v 0.107264 0.945280 0.273254
v 0.124050 0.942247 0.209837
v 0.135629 0.932943 0.219421
v 0.130045 0.957202 0.217111
v 0.141624 0.947898 0.226696
v 0.171746 0.950228 0.168281
v 0.181551 0.940673 0.179462
v 0.175437 0.964836 0.177526
v 0.185243 0.955281 0.188709
v 0.225883 0.962144 0.137543
v 0.233829 0.952206 0.149816
v 0.227388 0.976296 0.148029
v 0.235334 0.966359 0.160301
v 0.279775 0.975386 0.118559
v 0.287120 0.965551 0.131281
v 0.284693 0.990074 0.127077
v 0.292038 0.980239 0.139798
v 0.323143 0.961846 0.081463
v 0.330003 0.952263 0.094639
v 0.331304 0.976240 0.087684
v 0.338164 0.966657 0.100859
v 0.376833 0.949901 0.049953
v 0.381780 0.940746 0.064242
v 0.382862 0.964763 0.057388
v 0.387809 0.955608 0.071678
v 0.436675 0.941858 0.029439
v 0.439291 0.933041 0.044536
v 0.439895 0.957104 0.037786
v 0.442510 0.948287 0.052883
v 0.500000 0.938999 0.022314
v 0.500000 0.930339 0.037726
v 0.500000 0.954411 0.030974
v 0.500000 0.945751 0.046386
v 0.563326 0.941791 0.029458
v 0.560693 0.933059 0.044601
v 0.560122 0.957086 0.037721
v 0.557488 0.948354 0.052864
v 0.623173 0.949784 0.049987
v 0.618166 0.940774 0.064349
v 0.617192 0.964734 0.057282
v 0.612186 0.955725 0.071644
v 0.676864 0.961708 0.081504
v 0.669911 0.952291 0.094750
v 0.668782 0.976212 0.087573
v 0.661829 0.966794 0.100819
v 0.720176 0.974939 0.118643
v 0.712657 0.965647 0.131667
v 0.715531 0.989977 0.126690
v 0.708011 0.980686 0.139714
v 0.773909 0.961405 0.137620
v 0.765886 0.952359 0.150516
v 0.772897 0.976143 0.147329
v 0.764874 0.967097 0.160224
v 0.828047 0.949469 0.168362
v 0.818028 0.940857 0.180108
v 0.824983 0.964652 0.176881
v 0.814964 0.956040 0.188627
v 0.875741 0.941435 0.209934
v 0.863784 0.933161 0.219987
v 0.870541 0.956984 0.216545
v 0.858584 0.948710 0.226598
v 0.913581 0.938588 0.261219
v 0.899985 0.930462 0.269068
v 0.906544 0.954287 0.265282
v 0.892948 0.946162 0.273131
v 0.939063 0.941391 0.319639
v 0.924347 0.933175 0.324972
v 0.930793 0.956970 0.320817
v 0.916077 0.948754 0.326151
v 0.951211 0.949395 0.381736
v 0.935974 0.940878 0.384530
v 0.942395 0.964631 0.380112
v 0.927159 0.956114 0.382906
v 0.950764 0.961327 0.443993
v 0.935526 0.952378 0.444467
v 0.941950 0.976124 0.440011
v 0.926712 0.967176 0.440486
v 0.940254 0.974548 0.500000
v 0.924923 0.965746 0.500000
v 0.931452 0.989879 0.500000
v 0.916121 0.981077 0.500000
v 0.841688 1.242344 0.500000
v 0.854187 1.254844 0.500000
v 0.860599 1.244266 0.545070
v 0.847962 1.232046 0.543209
v 0.841688 1.267344 0.500000
v 0.848282 1.256487 0.548453
v 0.829187 1.254844 0.500000
v 0.835645 1.244266 0.546592
v 0.859743 1.234386 0.594286
v 0.847108 1.222511 0.590849
v 0.847514 1.247113 0.595274
v 0.834878 1.235237 0.591837
v 0.850236 1.226674 0.643499
v 0.837876 1.215102 0.638414
v 0.838591 1.239864 0.641787
v 0.826232 1.228293 0.636702
v 0.831584 1.221972 0.690646
v 0.819826 1.210626 0.683900
v 0.821119 1.235491 0.686149
v 0.809361 1.224145 0.679403
v 0.804087 1.220803 0.733555
v 0.793266 1.209567 0.725237
v 0.795381 1.234448 0.726449
v 0.784561 1.223214 0.718131
v 0.768840 1.223296 0.770287
v 0.759249 1.212039 0.760601
v 0.762334 1.236846 0.760983
v 0.752743 1.225589 0.751296
v 0.727572 1.229175 0.799449
v 0.719415 1.217770 0.788684
v 0.723476 1.242438 0.788502
v 0.715318 1.231032 0.777737
v 0.682360 1.237790 0.820391
v 0.675736 1.226135 0.808868
v 0.680633 1.250646 0.808381
v 0.674009 1.238991 0.796857
v 0.636302 1.247993 0.833005
v 0.631288 1.236035 0.820990
v 0.634613 1.260813 0.820951
v 0.629599 1.248855 0.808936
v 0.593621 1.250004 0.845509
v 0.590244 1.238106 0.832880
v 0.588611 1.262992 0.834614
v 0.585233 1.251092 0.821984
v 0.550225 1.239722 0.863492
v 0.548472 1.228051 0.850331
v 0.544116 1.252529 0.852948
v 0.542364 1.240857 0.839788
v 0.501886 1.230594 0.874768
v 0.501777 1.219266 0.861197
v 0.498223 1.243885 0.863703
v 0.498114 1.232557 0.850132
v 0.451538 1.224006 0.877296
v 0.453226 1.212961 0.863597
v 0.450701 1.237701 0.866150
v 0.452389 1.226656 0.852451
v 0.401167 1.220681 0.870234
v 0.404736 1.209819 0.856751
v 0.403324 1.234619 0.859577
v 0.406894 1.223757 0.846094
v 0.352984 1.220991 0.853524
v 0.358399 1.210181 0.840627
v 0.358044 1.234958 0.843941
v 0.363458 1.224148 0.831044
v 0.309086 1.224903 0.827934
v 0.316181 1.214006 0.815959
v 0.316703 1.238687 0.819905
v 0.323798 1.227789 0.807929
v 0.271117 1.231981 0.794938
v 0.279633 1.220874 0.784138
v 0.280784 1.245420 0.788738
v 0.289299 1.234314 0.777939
v 0.240049 1.241447 0.756449
v 0.249685 1.230042 0.746985
v 0.251205 1.254461 0.752125
v 0.260841 1.243056 0.742661
v 0.217205 1.251814 0.716358
v 0.227816 1.240233 0.708246
v 0.226979 1.265150 0.710104
v 0.237590 1.253569 0.701993
v 0.187907 1.245412 0.682594
v 0.199568 1.234044 0.675717
v 0.195449 1.258609 0.673570
v 0.207111 1.247243 0.666693
v 0.158811 1.235404 0.643777
v 0.171457 1.224328 0.638308
v 0.167044 1.248796 0.635694
v 0.179691 1.237721 0.630224
v 0.136020 1.227189 0.599273
v 0.149520 1.216446 0.595419
v 0.145388 1.241029 0.593509
v 0.158888 1.230286 0.589656
v 0.121562 1.221844 0.550732
v 0.135648 1.211351 0.548729
v 0.131691 1.236016 0.547728
v 0.145777 1.225524 0.545724
v 0.116608 1.219958 0.500000
v 0.130929 1.209595 0.500000
v 0.126971 1.234280 0.500000
v 0.141292 1.223917 0.500000
v 0.121578 1.221744 0.449264
v 0.135744 1.211367 0.451291
v 0.131594 1.236001 0.452252
v 0.145761 1.225623 0.454279
v 0.136052 1.227004 0.400713
v 0.149692 1.216471 0.404653
v 0.145216 1.241004 0.406418
v 0.158856 1.230470 0.410358
v 0.158858 1.235156 0.356198
v 0.171668 1.224354 0.361829
v 0.166833 1.248770 0.364169
v 0.179644 1.237968 0.369801
v 0.187944 1.245196 0.317388
v 0.199736 1.234063 0.324423
v 0.195281 1.258591 0.326291
v 0.207072 1.247458 0.333325
v 0.217225 1.251388 0.283678
v 0.228164 1.240271 0.291999
v 0.226631 1.265113 0.289651
v 0.237570 1.253995 0.297971
v 0.240028 1.240966 0.243657
v 0.250096 1.230083 0.253285
v 0.250794 1.254419 0.247605
v 0.260862 1.243536 0.257232
v 0.271101 1.231451 0.205170
v 0.280027 1.220936 0.216227
v 0.280389 1.245358 0.210896
v 0.289316 1.234844 0.221954
v 0.309082 1.224296 0.172175
v 0.316544 1.214092 0.184532
v 0.316340 1.238601 0.179604
v 0.323802 1.228396 0.191961
v 0.353003 1.220289 0.146588
v 0.358696 1.210291 0.160009
v 0.357746 1.234848 0.155422
v 0.363439 1.224851 0.168843
v 0.401219 1.219877 0.129883
v 0.404921 1.209946 0.144031
v 0.403140 1.234492 0.139641
v 0.406842 1.224561 0.153788
v 0.451631 1.223108 0.122831
v 0.453254 1.213090 0.137305
v 0.450672 1.237572 0.132948
v 0.452296 1.227554 0.147423
v 0.502021 1.229621 0.125371
v 0.501621 1.219383 0.139776
v 0.498379 1.243768 0.135324
v 0.497979 1.233530 0.149730
v 0.550393 1.238699 0.136659
v 0.548135 1.228141 0.150656
v 0.544453 1.252438 0.146064
v 0.542195 1.241881 0.160061
v 0.593674 1.248989 0.154601
v 0.589898 1.238192 0.168079
v 0.588956 1.262906 0.164428
v 0.585181 1.252108 0.177906
v 0.636122 1.246776 0.167052
v 0.630966 1.236137 0.180195
v 0.634934 1.260711 0.177864
v 0.629779 1.250072 0.191007
v 0.682112 1.236643 0.179638
v 0.675354 1.226246 0.192237
v 0.681014 1.250536 0.190514
v 0.674257 1.240138 0.203113
v 0.727343 1.227963 0.200596
v 0.718820 1.217922 0.212388
v 0.724070 1.242286 0.210427
v 0.715548 1.232244 0.222219
v 0.768633 1.221994 0.229786
v 0.758409 1.212229 0.240399
v 0.763173 1.236656 0.238017
v 0.752951 1.226890 0.248631
v 0.803904 1.219399 0.266564
v 0.792166 1.209784 0.275634
v 0.796482 1.234231 0.272681
v 0.784744 1.224617 0.281751
v 0.831422 1.220468 0.309532
v 0.818479 1.210851 0.316776
v 0.822466 1.235267 0.313175
v 0.809522 1.225649 0.320418
v 0.850089 1.225083 0.356747
v 0.836330 1.215311 0.362010
v 0.840137 1.239656 0.357787
v 0.826378 1.229884 0.363051
v 0.859602 1.232731 0.406023
v 0.845432 1.222681 0.409296
v 0.849189 1.246943 0.404581
v 0.835019 1.236892 0.407854
v 0.860456 1.242574 0.455286
v 0.846235 1.232163 0.456661
v 0.850009 1.256369 0.451678
v 0.835788 1.245959 0.453052
v 0.854038 1.252919 0.500000
v 0.839762 1.242493 0.500000
v 0.843612 1.267194 0.500000
v 0.829337 1.256769 0.500000
v 0.755188 1.488125 0.500000
v 0.767687 1.500625 0.500000
v 0.773528 1.489001 0.533331
v 0.760767 1.477048 0.530725
v 0.755188 1.513125 0.500000
v 0.761376 1.500954 0.538017
v 0.742687 1.500625 0.500000
v 0.748615 1.489001 0.535411
v 0.773448 1.478491 0.571050
v 0.760629 1.466984 0.567078
v 0.761401 1.491309 0.572799
v 0.748581 1.479802 0.568828
v 0.765814 1.471335 0.608787
v 0.753194 1.460218 0.603342
v 0.754628 1.484906 0.607005
v 0.742008 1.473789 0.601560
v 0.750155 1.468706 0.644427
v 0.738076 1.457846 0.637453
v 0.740750 1.482654 0.638997
v 0.728670 1.471794 0.632023
v 0.727074 1.471059 0.675813
v 0.715891 1.460249 0.667411
v 0.720186 1.484876 0.667202
v 0.709004 1.474066 0.658801
v 0.698142 1.478001 0.701324
v 0.688119 1.467021 0.691760
v 0.694033 1.491273 0.690392
v 0.684010 1.480292 0.680829
v 0.665452 1.488386 0.720283
v 0.656722 1.477064 0.709885
v 0.663881 1.500938 0.707933
v 0.655151 1.489616 0.697536
v 0.633824 1.499639 0.731791
v 0.627101 1.488164 0.720145
v 0.628087 1.513086 0.721853
v 0.621363 1.501611 0.710207
v 0.608121 1.488021 0.753342
v 0.603180 1.477089 0.740358
v 0.598359 1.500913 0.746202
v 0.593418 1.489981 0.733218
v 0.575360 1.477511 0.772158
v 0.571791 1.467077 0.758341
v 0.568086 1.491216 0.763688
v 0.564518 1.480783 0.749871
v 0.538784 1.470361 0.784436
v 0.536873 1.460354 0.769989
v 0.534872 1.484771 0.774972
v 0.532962 1.474764 0.760525
v 0.500000 1.467751 0.788698
v 0.500000 1.458003 0.773951
v 0.500000 1.482498 0.778949
v 0.500000 1.472749 0.764203
v 0.461198 1.470133 0.784387
v 0.463182 1.460398 0.769765
v 0.465073 1.484727 0.775196
v 0.467056 1.474992 0.760574
v 0.424581 1.477107 0.772062
v 0.428392 1.467139 0.757969
v 0.431731 1.491154 0.764060
v 0.435542 1.481186 0.749967
v 0.391783 1.487518 0.753209
v 0.397132 1.477141 0.739936
v 0.401328 1.500861 0.746624
v 0.406677 1.490484 0.733351
v 0.366231 1.498701 0.731695
v 0.373368 1.488274 0.719333
v 0.371444 1.512976 0.722665
v 0.378582 1.502549 0.710302
v 0.334967 1.487093 0.720321
v 0.343816 1.477202 0.708644
v 0.335581 1.500800 0.709175
v 0.344429 1.490909 0.697497
v 0.302254 1.476588 0.701333
v 0.312689 1.467239 0.690554
v 0.305159 1.491055 0.691598
v 0.315594 1.481706 0.680819
v 0.273288 1.469449 0.675752
v 0.285281 1.460554 0.666290
v 0.278643 1.484571 0.668324
v 0.290635 1.475675 0.658861
v 0.250167 1.466861 0.644241
v 0.263522 1.458218 0.636530
v 0.257652 1.482282 0.639920
v 0.271007 1.473639 0.632209
v 0.234477 1.469271 0.608426
v 0.248803 1.460602 0.602759
v 0.243375 1.484522 0.607588
v 0.257701 1.475853 0.601921
v 0.226833 1.476275 0.570507
v 0.241641 1.467310 0.566923
v 0.236329 1.490983 0.572954
v 0.251138 1.482019 0.569370
v 0.226761 1.486709 0.532651
v 0.241616 1.477270 0.530992
v 0.236241 1.500732 0.537749
v 0.251096 1.491293 0.536091
v 0.232628 1.497834 0.500000
v 0.247604 1.488441 0.500000
v 0.242021 1.512809 0.500000
v 0.256997 1.503416 0.500000
v 0.226879 1.486241 0.467483
v 0.242102 1.477372 0.468936
v 0.235755 1.500631 0.462322
v 0.250978 1.491762 0.463775
v 0.226965 1.475744 0.429629
v 0.242187 1.467452 0.433099
v 0.235784 1.490841 0.427023
v 0.251006 1.482549 0.430494
v 0.234643 1.468619 0.391711
v 0.249436 1.460800 0.397416
v 0.242742 1.484324 0.392237
v 0.257534 1.476504 0.397942
v 0.250391 1.466052 0.355888
v 0.264223 1.458476 0.363874
v 0.256952 1.482024 0.359676
v 0.270784 1.474447 0.367662
v 0.273584 1.468490 0.324357
v 0.285970 1.460844 0.334389
v 0.277952 1.484280 0.330998
v 0.290339 1.476634 0.341029
v 0.302622 1.475519 0.298756
v 0.313277 1.467519 0.310373
v 0.304570 1.490774 0.307474
v 0.315226 1.482774 0.319091
v 0.335383 1.485972 0.279757
v 0.344250 1.477439 0.292448
v 0.335147 1.500564 0.289734
v 0.344013 1.492029 0.302424
v 0.366418 1.497050 0.268628
v 0.374194 1.488647 0.282097
v 0.370619 1.512603 0.275905
v 0.378395 1.504200 0.289374
v 0.391532 1.485476 0.247524
v 0.398461 1.477580 0.261742
v 0.399999 1.500422 0.251698
v 0.406929 1.492526 0.265916
v 0.424371 1.474989 0.228661
v 0.429400 1.467698 0.243959
v 0.430723 1.490595 0.234011
v 0.435752 1.483304 0.249309
v 0.461072 1.467881 0.216339
v 0.463751 1.461074 0.232432
v 0.464503 1.484050 0.222607
v 0.467183 1.477244 0.238700
v 0.500000 1.465335 0.212057
v 0.500000 1.458757 0.228465
v 0.500000 1.481743 0.218635
v 0.500000 1.475165 0.235043
v 0.538930 1.467796 0.216376
v 0.536226 1.461109 0.232515
v 0.535519 1.484016 0.222525
v 0.532815 1.477328 0.238664
v 0.575638 1.474848 0.228724
v 0.570529 1.467751 0.244088
v 0.569348 1.490543 0.233882
v 0.564240 1.483446 0.249246
v 0.608478 1.485315 0.247596
v 0.601430 1.477631 0.261871
v 0.600109 1.500371 0.251569
v 0.593061 1.492687 0.265844
v 0.633468 1.496356 0.268826
v 0.625459 1.488876 0.282697
v 0.629728 1.512374 0.275304
v 0.621719 1.504894 0.289176
v 0.664127 1.484803 0.279956
v 0.655331 1.477810 0.293602
v 0.665272 1.500192 0.288579
v 0.656476 1.493199 0.302226
v 0.696890 1.474328 0.298963
v 0.686090 1.467960 0.311424
v 0.696063 1.490333 0.306424
v 0.685262 1.483965 0.318886
v 0.725927 1.467235 0.324592
v 0.713139 1.461359 0.335289
v 0.722938 1.483765 0.330097
v 0.710149 1.477889 0.340794
v 0.749116 1.464708 0.356173
v 0.734613 1.459046 0.364546
v 0.744212 1.481454 0.359004
v 0.729709 1.475792 0.367378
v 0.764853 1.467191 0.392057
v 0.749170 1.461381 0.397782
v 0.758652 1.483744 0.391871
v 0.742969 1.477934 0.397596
v 0.772519 1.474259 0.430026
v 0.756285 1.467991 0.433130
v 0.765745 1.490303 0.426993
v 0.749510 1.484034 0.430097
v 0.772601 1.484738 0.467901
v 0.756344 1.477834 0.468664
v 0.765799 1.500168 0.462594
v 0.749543 1.493264 0.463357
v 0.766699 1.495752 0.500000
v 0.750314 1.489114 0.500000
v 0.760061 1.512136 0.500000
v 0.743676 1.505498 0.500000
v 0.583018 0.393989 -0.021266
v 0.583018 0.393989 0.003734
v 0.583018 0.422114 0.003734
v 0.583018 0.422114 -0.021266
v 0.608018 0.393989 0.003734
v 0.608018 0.393989 -0.021266
v 0.608018 0.422114 -0.021266
v 0.608018 0.422114 0.003734
v 0.935223 0.657506 0.699474
v 0.935223 0.657506 0.724474
v 0.935223 0.685631 0.724474
v 0.935223 0.685631 0.699474
v 0.960223 0.657506 0.724474
v 0.960223 0.657506 0.699474
v 0.960223 0.685631 0.699474
v 0.960223 0.685631 0.724474
v 0.356981 0.950984 0.891525
v 0.356981 0.950984 0.916525
v 0.356981 0.979109 0.916525
v 0.356981 0.979109 0.891525
v 0.381981 0.950984 0.916525
v 0.381981 0.950984 0.891525
v 0.381981 0.979109 0.891525
v 0.381981 0.979109 0.916525
v 0.277620 1.283090 0.682637
v 0.277620 1.283090 0.707637
v 0.277620 1.311215 0.707637
v 0.277620 1.311215 0.682637
v 0.302620 1.283090 0.707637
v 0.302620 1.283090 0.682637
v 0.302620 1.311215 0.682637
v 0.302620 1.311215 0.707637
v 0.475003 1.477348 0.731161
v 0.475003 1.477348 0.756161
v 0.475003 1.505472 0.756161
v 0.475003 1.505472 0.731161
v 0.500003 1.477348 0.756161
v 0.500003 1.477348 0.731161
v 0.500003 1.505472 0.731161
v 0.500003 1.505472 0.756161
v 0.088173 0.471887 0.373018
v 0.088173 0.471887 0.398018
v 0.088173 0.500012 0.398018
v 0.088173 0.500012 0.373018
v 0.113172 0.471887 0.398018
v 0.113172 0.471887 0.373018
v 0.113172 0.500012 0.373018
v 0.113172 0.500012 0.398018
v 0.839997 0.774130 0.442024
v 0.839997 0.774130 0.467024
v 0.839997 0.802255 0.467024
v 0.839997 0.802255 0.442024
v 0.864997 0.774130 0.467024
v 0.864997 0.774130 0.442024
v 0.864997 0.802255 0.442024
v 0.864997 0.802255 0.467024
v 0.525682 1.043057 0.162484
v 0.525682 1.043057 0.187484
v 0.525682 1.071182 0.187484
v 0.525682 1.071182 0.162484
v 0.550682 1.043057 0.187484
v 0.550682 1.043057 0.162484
v 0.550682 1.071182 0.162484
v 0.550682 1.071182 0.187484
v 0.551454 1.310315 0.741870
v 0.551454 1.310315 0.766870
v 0.551454 1.338440 0.766870
v 0.551454 1.338440 0.741870
v 0.576454 1.310315 0.766870
v 0.576454 1.310315 0.741870
v 0.576454 1.338440 0.741870
v 0.576454 1.338440 0.766870
v 0.270249 1.479424 0.595306
v 0.270249 1.479424 0.620306
v 0.270249 1.507549 0.620306
v 0.270249 1.507549 0.595306
v 0.295249 1.479424 0.620306
v 0.295249 1.479424 0.595306
v 0.295249 1.507549 0.595306
v 0.295249 1.507549 0.620306
v 0.902494 0.372999 0.133908
v 0.902494 0.372999 0.158908
v 0.902494 0.401124 0.158908
v 0.902494 0.401124 0.133908
v 0.927494 0.372999 0.158908
v 0.927494 0.372999 0.133908
v 0.927494 0.401124 0.133908
v 0.927494 0.401124 0.158908
v 0.817963 0.751384 0.680540
v 0.817963 0.751384 0.705540
v 0.817963 0.779509 0.705540
v 0.817963 0.779509 0.680540
v 0.842963 0.751384 0.705540
v 0.842963 0.751384 0.680540
v 0.842963 0.779509 0.680540
v 0.842963 0.779509 0.705540
v 0.580599 0.948908 0.070999
v 0.580599 0.948908 0.095999
v 0.580599 0.977033 0.095999
v 0.580599 0.977033 0.070999
v 0.605599 0.948908 0.095999
v 0.605599 0.948908 0.070999
v 0.605599 0.977033 0.070999
v 0.605599 0.977033 0.095999
v 0.753463 1.249654 0.316089
v 0.753463 1.249654 0.341089
v 0.753463 1.277779 0.341089
v 0.753463 1.277779 0.316089
v 0.778463 1.249654 0.341089
v 0.778463 1.249654 0.316089
v 0.778463 1.277779 0.316089
v 0.778463 1.277779 0.341089
v 0.299564 1.550984 0.528872
v 0.299564 1.550984 0.553872
v 0.299564 1.579109 0.553872
v 0.299564 1.579109 0.528872
v 0.324564 1.550984 0.553872
v 0.324564 1.550984 0.528872
v 0.324564 1.579109 0.528872
v 0.324564 1.579109 0.553872
v 0.158030 0.390859 0.082918
v 0.158030 0.390859 0.107917
v 0.158030 0.418984 0.107917
v 0.158030 0.418984 0.082918
v 0.183030 0.390859 0.107917
v 0.183030 0.390859 0.082918
v 0.183030 0.418984 0.082918
v 0.183030 0.418984 0.107917
v 0.278989 0.729651 0.839117
v 0.278989 0.729651 0.864117
v 0.278989 0.757776 0.864117
v 0.278989 0.757776 0.839117
v 0.303989 0.729651 0.864117
v 0.303989 0.729651 0.839117
v 0.303989 0.757776 0.839117
v 0.303989 0.757776 0.864117
v 0.831327 1.013521 0.588924
v 0.831327 1.013521 0.613924
v 0.831327 1.041646 0.613924
v 0.831327 1.041646 0.588924
v 0.856328 1.013521 0.613924
v 0.856328 1.013521 0.588924
v 0.856328 1.041646 0.588924
v 0.856328 1.041646 0.613924
v 0.279027 1.330812 0.360719
v 0.279027 1.330812 0.385719
v 0.279027 1.358937 0.385719
v 0.279027 1.358937 0.360719
v 0.304027 1.330812 0.385719
v 0.304027 1.330812 0.360719
v 0.304027 1.358937 0.360719
v 0.304027 1.358937 0.385719
v 0.505564 1.487181 0.251091
v 0.505564 1.487181 0.276091
v 0.505564 1.515306 0.276091
v 0.505564 1.515306 0.251091
v 0.530564 1.487181 0.276091
v 0.530564 1.487181 0.251091
v 0.530564 1.515306 0.251091
v 0.530564 1.515306 0.276091
v 0.177906 0.471139 0.765954
v 0.177906 0.471139 0.790954
v 0.177906 0.499264 0.790954
v 0.177906 0.499264 0.765954
v 0.202906 0.471139 0.790954
v 0.202906 0.471139 0.765954
v 0.202906 0.499264 0.765954
v 0.202906 0.499264 0.790954
v 0.583847 0.719165 0.077286
v 0.583847 0.719165 0.102286
v 0.583847 0.747290 0.102286
v 0.583847 0.747290 0.077286
v 0.608847 0.719165 0.102286
v 0.608847 0.719165 0.077286
v 0.608847 0.747290 0.077286
v 0.608847 0.747290 0.102286
v 0.150482 1.012959 0.363610
v 0.150482 1.012959 0.388610
v 0.150482 1.041084 0.388610
v 0.150482 1.041084 0.363610
v 0.175483 1.012959 0.388610
v 0.175483 1.012959 0.363610
v 0.175483 1.041084 0.363610
v 0.175483 1.041084 0.388610
v 0.698491 1.341124 0.590514
v 0.698491 1.341124 0.615514
v 0.698491 1.369249 0.615514
v 0.698491 1.369249 0.590514
v 0.723491 1.341124 0.615514
v 0.723491 1.341124 0.590514
v 0.723491 1.369249 0.590514
v 0.723491 1.369249 0.615514
v 0.321958 1.484997 0.315631
v 0.321958 1.484997 0.340631
v 0.321958 1.513122 0.340631
v 0.321958 1.513122 0.315631
v 0.346958 1.484997 0.340631
v 0.346958 1.484997 0.315631
v 0.346958 1.513122 0.315631
v 0.346958 1.513122 0.340631
v 0.836370 0.467860 0.722612
v 0.836370 0.467860 0.747612
v 0.836370 0.495985 0.747612
v 0.836370 0.495985 0.722612
v 0.861370 0.467860 0.747612
v 0.861370 0.467860 0.722612
v 0.861370 0.495985 0.722612
v 0.861370 0.495985 0.747612
v 0.561046 0.689209 0.938871
v 0.561046 0.689209 0.963871
v 0.561046 0.717334 0.963871
v 0.561046 0.717334 0.938871
v 0.586046 0.689209 0.963871
v 0.586046 0.689209 0.938871
v 0.586046 0.717334 0.938871
v 0.586046 0.717334 0.963871
v 0.393062 1.003584 0.844189
v 0.393062 1.003584 0.869189
v 0.393062 1.031709 0.869189
v 0.393062 1.031709 0.844189
v 0.418062 1.003584 0.869189
v 0.418062 1.003584 0.844189
v 0.418062 1.031709 0.844189
v 0.418062 1.031709 0.869189
v 0.185014 1.226639 0.635951
v 0.185014 1.226639 0.660951
v 0.185014 1.254764 0.660951
v 0.185014 1.254764 0.635951
v 0.210014 1.226639 0.660951
v 0.210014 1.226639 0.635951
v 0.210014 1.254764 0.635951
v 0.210014 1.254764 0.660951
v 0.312553 1.526649 0.602703
v 0.312553 1.526649 0.627703
v 0.312553 1.554774 0.627703
v 0.312553 1.554774 0.602703
v 0.337553 1.526649 0.627703
v 0.337553 1.526649 0.602703
v 0.337553 1.554774 0.602703
v 0.337553 1.554774 0.627703
v 0.547204 0.466249 0.068923
v 0.547204 0.466249 0.093923
v 0.547204 0.494374 0.093923
v 0.547204 0.494374 0.068923
v 0.572204 0.466249 0.093923
v 0.572204 0.466249 0.068923
v 0.572204 0.494374 0.068923
v 0.572204 0.494374 0.093923
v 0.545727 0.636851 -0.029384
v 0.545727 0.636851 -0.004384
v 0.545727 0.664976 -0.004384
v 0.545727 0.664976 -0.029384
v 0.570727 0.636851 -0.004384
v 0.570727 0.636851 -0.029384
v 0.570727 0.664976 -0.029384
v 0.570727 0.664976 -0.004384
v 0.300769 1.030311 0.772500
v 0.300769 1.030311 0.797500
v 0.300769 1.058436 0.797500
v 0.300769 1.058436 0.772500
v 0.325769 1.030311 0.797500
v 0.325769 1.030311 0.772500
v 0.325769 1.058436 0.772500
v 0.325769 1.058436 0.797500
v 0.495541 1.304346 0.754991
v 0.495541 1.304346 0.779991
v 0.495541 1.332471 0.779991
v 0.495541 1.332471 0.754991
v 0.520541 1.304346 0.779991
v 0.520541 1.304346 0.754991
v 0.520541 1.332471 0.754991
v 0.520541 1.332471 0.779991
v 0.630032 1.467148 0.694253
v 0.630032 1.467148 0.719252
v 0.630032 1.495273 0.719252
v 0.630032 1.495273 0.694253
v 0.655033 1.467148 0.719252
v 0.655033 1.467148 0.694253
v 0.655033 1.495273 0.694253
v 0.655033 1.495273 0.719252
v 0.575022 0.321551 -0.118946
v 0.575022 0.321551 -0.093946
v 0.575022 0.349676 -0.093946
v 0.575022 0.349676 -0.118946
v 0.600022 0.321551 -0.093946
v 0.600022 0.321551 -0.118946
v 0.600022 0.349676 -0.118946
v 0.600022 0.349676 -0.093946
v 0.719959 0.775249 0.220419
v 0.719959 0.775249 0.245419
v 0.719959 0.803374 0.245419
v 0.719959 0.803374 0.220419
v 0.744959 0.775249 0.245419
v 0.744959 0.775249 0.220419
v 0.744959 0.803374 0.220419
v 0.744959 0.803374 0.245419
v 0.476680 1.026810 0.143244
v 0.476680 1.026810 0.168244
v 0.476680 1.054935 0.168244
v 0.476680 1.054935 0.143244
v 0.501680 1.026810 0.168244
v 0.501680 1.026810 0.143244
v 0.501680 1.054935 0.143244
v 0.501680 1.054935 0.168244
v 0.160916 1.237605 0.467993
v 0.160916 1.237605 0.492993
v 0.160916 1.265730 0.492993
v 0.160916 1.265730 0.467993
v 0.185916 1.237605 0.492993
v 0.185916 1.237605 0.467993
v 0.185916 1.265730 0.467993
v 0.185916 1.265730 0.492993
v 0.267667 1.471271 0.602799
v 0.267667 1.471271 0.627799
v 0.267667 1.499396 0.627799
v 0.267667 1.499396 0.602799
v 0.292667 1.471271 0.627799
v 0.292667 1.471271 0.602799
v 0.292667 1.499396 0.602799
v 0.292667 1.499396 0.627799
v 0.493759 0.358183 -0.077115
v 0.493759 0.358183 -0.052115
v 0.493759 0.386308 -0.052115
v 0.493759 0.386308 -0.077115
v 0.518759 0.358183 -0.052115
v 0.518759 0.358183 -0.077115
v 0.518759 0.386308 -0.077115
v 0.518759 0.386308 -0.052115
v 0.103563 0.750196 0.499997
v 0.103563 0.750196 0.524998
v 0.103563 0.778321 0.524998
v 0.103563 0.778321 0.499997
v 0.128563 0.750196 0.524998
v 0.128563 0.750196 0.499997
v 0.128563 0.778321 0.499997
v 0.128563 0.778321 0.524998
v 0.809303 1.037901 0.571957
v 0.809303 1.037901 0.596957
v 0.809303 1.066026 0.596957
v 0.809303 1.066026 0.571957
v 0.834302 1.037901 0.596957
v 0.834302 1.037901 0.571957
v 0.834302 1.066026 0.571957
v 0.834302 1.066026 0.596957
v 0.211763 1.295233 0.485597
v 0.211763 1.295233 0.510597
v 0.211763 1.323358 0.510597
v 0.211763 1.323358 0.485597
v 0.236763 1.295233 0.510597
v 0.236763 1.295233 0.485597
v 0.236763 1.323358 0.485597
v 0.236763 1.323358 0.510597
v 0.677243 1.516163 0.592402
v 0.677243 1.516163 0.617402
v 0.677243 1.544288 0.617402
v 0.677243 1.544288 0.592402
v 0.702243 1.516163 0.617402
v 0.702243 1.516163 0.592402
v 0.702243 1.544288 0.592402
v 0.702243 1.544288 0.617402
v 0.739529 0.445564 0.114742
v 0.739529 0.445564 0.139742
v 0.739529 0.473689 0.139742
v 0.739529 0.473689 0.114742
v 0.764529 0.445564 0.139742
v 0.764529 0.445564 0.114742
v 0.764529 0.473689 0.114742
v 0.764529 0.473689 0.139742
v 0.500000 1.937500 0.518750
v 0.516238 1.937500 0.509375
v 0.516238 2.012500 0.509375
v 0.500000 2.012500 0.518750
v 0.516238 1.937500 0.490625
v 0.516238 2.012500 0.490625
v 0.500000 1.937500 0.481250
v 0.500000 2.012500 0.481250
v 0.483762 1.937500 0.490625
v 0.483762 2.012500 0.490625
v 0.483762 1.937500 0.509375
v 0.483762 2.012500 0.509375
v 0.500000 2.012500 0.500000
v 0.468774 2.161729 0.500000
v 0.500000 2.250000 0.500000
v 0.500000 2.118750 0.450000
v 0.375174 2.159309 0.500000
v 0.449475 2.102334 0.500000
v 0.422853 2.012566 0.500000
v 0.500000 2.065625 0.500000
v 0.577147 2.012566 0.500000
v 0.550525 2.102334 0.500000
v 0.624826 2.159309 0.500000
v 0.531226 2.161729 0.500000
v 0.500000 2.118750 0.550000
vt 0.019530 0.207030
vt 0.031640 0.207030
vt 0.031640 0.226950
vt 0.019530 0.226950
vt 0.043750 0.207030
vt 0.043750 0.226950
vt 0.055860 0.207030
vt 0.055860 0.226950
vt 0.067970 0.207030
vt 0.067970 0.226950
vt 0.080080 0.207030
vt 0.080080 0.226950
vt 0.092190 0.207030
vt 0.092190 0.226950
vt 0.104300 0.207030
vt 0.104300 0.226950
vt 0.116410 0.207030
vt 0.116410 0.226950
vt 0.128520 0.207030
vt 0.128520 0.226950
vt 0.140620 0.207030
vt 0.140620 0.226950
vt 0.152730 0.207030
vt 0.152730 0.226950
vt 0.164840 0.207030
vt 0.164840 0.226950
vt 0.176950 0.207030
vt 0.176950 0.226950
vt 0.189060 0.207030
vt 0.189060 0.226950
vt 0.201170 0.207030
vt 0.201170 0.226950
vt 0.213280 0.207030
vt 0.213280 0.226950
vt 0.225390 0.207030
vt 0.225390 0.226950
vt 0.237500 0.207030
vt 0.237500 0.226950
vt 0.249610 0.207030
vt 0.249610 0.226950
vt 0.261720 0.207030
vt 0.261720 0.226950
vt 0.031640 0.449220
vt 0.019530 0.449220
vt 0.043750 0.449220
vt 0.055860 0.449220
vt 0.067970 0.449220
vt 0.080080 0.449220
vt 0.092190 0.449220
vt 0.104300 0.449220
vt 0.116410 0.449220
vt 0.128520 0.449220
vt 0.140620 0.449220
vt 0.152730 0.449220
vt 0.164840 0.449220
vt 0.176950 0.449220
vt 0.189060 0.449220
vt 0.201170 0.449220
vt 0.213280 0.449220
vt 0.225390 0.449220
vt 0.237500 0.449220
vt 0.249610 0.449220
vt 0.261720 0.449220
vt 0.415100 0.372520
vt 0.417970 0.390620
vt 0.359380 0.390620
vt 0.406780 0.356180
vt 0.393820 0.343220
vt 0.377480 0.334900
vt 0.359380 0.332030
vt 0.341270 0.334900
vt 0.324930 0.343220
vt 0.311970 0.356180
vt 0.303650 0.372520
vt 0.300780 0.390620
vt 0.303650 0.408730
vt 0.311970 0.425070
vt 0.324930 0.438030
vt 0.341270 0.446350
vt 0.359380 0.449220
vt 0.377480 0.446350
vt 0.393820 0.438030
vt 0.406780 0.425070
vt 0.415100 0.408730
vt 0.707030 0.863280
vt 0.716800 0.863280
vt 0.716800 0.885410
vt 0.707030 0.885410
vt 0.726560 0.863280
vt 0.726560 0.885410
vt 0.736330 0.863280
vt 0.736330 0.885410
vt 0.746090 0.863280
vt 0.746090 0.885410
vt 0.755860 0.863280
vt 0.755860 0.885410
vt 0.765620 0.863280
vt 0.765620 0.885410
vt 0.775390 0.863280
vt 0.775390 0.885410
vt 0.785160 0.863280
vt 0.785160 0.885410
vt 0.794920 0.863280
vt 0.794920 0.885410
vt 0.804690 0.863280
vt 0.804690 0.885410
vt 0.814450 0.863280
vt 0.814450 0.885410
vt 0.824220 0.863280
vt 0.824220 0.885410
vt 0.716800 0.924010
vt 0.707030 0.924010
vt 0.726560 0.924010
vt 0.736330 0.924010
vt 0.746090 0.924010
vt 0.755860 0.924010
vt 0.765620 0.924010
vt 0.775390 0.924010
vt 0.785160 0.924010
vt 0.794920 0.924010
vt 0.804690 0.924010
vt 0.814450 0.924010
vt 0.824220 0.924010
vt 0.716800 0.980470
vt 0.707030 0.980470
vt 0.726560 0.980470
vt 0.736330 0.980470
vt 0.746090 0.980470
vt 0.755860 0.980470
vt 0.765620 0.980470
vt 0.775390 0.980470
vt 0.785160 0.980470
vt 0.794920 0.980470
vt 0.804690 0.980470
vt 0.814450 0.980470
vt 0.824220 0.980470
vt 0.765620 0.921880
vt 0.824220 0.921880
vt 0.816370 0.892580
vt 0.794920 0.871130
vt 0.736330 0.871130
vt 0.714880 0.892580
vt 0.707030 0.921880
vt 0.714880 0.951170
vt 0.736330 0.972620
vt 0.794920 0.972620
vt 0.816370 0.951170
vt 0.550780 0.738280
vt 0.565430 0.738280
vt 0.565430 0.980470
vt 0.550780 0.980470
vt 0.580080 0.738280
vt 0.580080 0.980470
vt 0.594730 0.738280
vt 0.594730 0.980470
vt 0.609380 0.738280
vt 0.609380 0.980470
vt 0.624020 0.738280
vt 0.624020 0.980470
vt 0.638670 0.738280
vt 0.638670 0.980470
vt 0.653320 0.738280
vt 0.653320 0.980470
vt 0.667970 0.738280
vt 0.667970 0.980470
vt 0.609380 0.859380
vt 0.667970 0.859380
vt 0.650810 0.773750
vt 0.567940 0.773750
vt 0.550780 0.859380
vt 0.567940 0.945000
vt 0.650810 0.945000
vt 0.019530 0.488280
vt 0.040040 0.488280
vt 0.040040 0.705670
vt 0.019530 0.705670
vt 0.060550 0.488280
vt 0.060550 0.705670
vt 0.081060 0.488280
vt 0.081060 0.705670
vt 0.101560 0.488280
vt 0.101560 0.705670
vt 0.122070 0.488280
vt 0.122070 0.705670
vt 0.142580 0.488280
vt 0.142580 0.705670
vt 0.163090 0.488280
vt 0.163090 0.705670
vt 0.183590 0.488280
vt 0.183590 0.705670
vt 0.204100 0.488280
vt 0.204100 0.705670
vt 0.224610 0.488280
vt 0.224610 0.705670
vt 0.245120 0.488280
vt 0.245120 0.705670
vt 0.265620 0.488280
vt 0.265620 0.705670
vt 0.286130 0.488280
vt 0.286130 0.705670
vt 0.306640 0.488280
vt 0.306640 0.705670
vt 0.327150 0.488280
vt 0.327150 0.705670
vt 0.347660 0.488280
vt 0.347660 0.705670
vt 0.368160 0.488280
vt 0.368160 0.705670
vt 0.388670 0.488280
vt 0.388670 0.705670
vt 0.409180 0.488280
vt 0.409180 0.705670
vt 0.429690 0.488280
vt 0.429690 0.705670
vt 0.450200 0.488280
vt 0.450200 0.705670
vt 0.470700 0.488280
vt 0.470700 0.705670
vt 0.491210 0.488280
vt 0.491210 0.705670
vt 0.511720 0.488280
vt 0.511720 0.705670
vt 0.040040 0.842740
vt 0.019530 0.842740
vt 0.060550 0.842740
vt 0.081060 0.842740
vt 0.101560 0.842740
vt 0.122070 0.842740
vt 0.142580 0.842740
vt 0.163090 0.842740
vt 0.183590 0.842740
vt 0.204100 0.842740
vt 0.224610 0.842740
vt 0.245120 0.842740
vt 0.265620 0.842740
vt 0.286130 0.842740
vt 0.306640 0.842740
vt 0.327150 0.842740
vt 0.347660 0.842740
vt 0.368160 0.842740
vt 0.388670 0.842740
vt 0.409180 0.842740
vt 0.429690 0.842740
vt 0.450200 0.842740
vt 0.470700 0.842740
vt 0.491210 0.842740
vt 0.511720 0.842740
vt 0.040040 0.980470
vt 0.019530 0.980470
vt 0.060550 0.980470
vt 0.081060 0.980470
vt 0.101560 0.980470
vt 0.122070 0.980470
vt 0.142580 0.980470
vt 0.163090 0.980470
vt 0.183590 0.980470
vt 0.204100 0.980470
vt 0.224610 0.980470
vt 0.245120 0.980470
vt 0.265620 0.980470
vt 0.286130 0.980470
vt 0.306640 0.980470
vt 0.327150 0.980470
vt 0.347660 0.980470
vt 0.368160 0.980470
vt 0.388670 0.980470
vt 0.409180 0.980470
vt 0.429690 0.980470
vt 0.450200 0.980470
vt 0.470700 0.980470
vt 0.491210 0.980470
vt 0.511720 0.980470
vt 0.265620 0.734380
vt 0.511720 0.734380
vt 0.503330 0.670680
vt 0.478750 0.611330
vt 0.439640 0.560360
vt 0.388670 0.521250
vt 0.329320 0.496670
vt 0.201930 0.496670
vt 0.142580 0.521250
vt 0.091610 0.560360
vt 0.052500 0.611330
vt 0.027920 0.670680
vt 0.019530 0.734380
vt 0.027920 0.798070
vt 0.052500 0.857420
vt 0.091610 0.908390
vt 0.142580 0.947500
vt 0.201930 0.972080
vt 0.329320 0.972080
vt 0.388670 0.947500
vt 0.439640 0.908390
vt 0.478750 0.857420
vt 0.503330 0.798070
vt 0.040040 0.699000
vt 0.019530 0.699000
vt 0.060550 0.699000
vt 0.081060 0.699000
vt 0.101560 0.699000
vt 0.122070 0.699000
vt 0.142580 0.699000
vt 0.163090 0.699000
vt 0.183590 0.699000
vt 0.204100 0.699000
vt 0.224610 0.699000
vt 0.245120 0.699000
vt 0.265620 0.699000
vt 0.286130 0.699000
vt 0.306640 0.699000
vt 0.327150 0.699000
vt 0.347660 0.699000
vt 0.368160 0.699000
vt 0.388670 0.699000
vt 0.409180 0.699000
vt 0.429690 0.699000
vt 0.450200 0.699000
vt 0.470700 0.699000
vt 0.491210 0.699000
vt 0.511720 0.699000
vt 0.040040 0.838890
vt 0.019530 0.838890
vt 0.060550 0.838890
vt 0.081060 0.838890
vt 0.101560 0.838890
vt 0.122070 0.838890
vt 0.142580 0.838890
vt 0.163090 0.838890
vt 0.183590 0.838890
vt 0.204100 0.838890
vt 0.224610 0.838890
vt 0.245120 0.838890
vt 0.265620 0.838890
vt 0.286130 0.838890
vt 0.306640 0.838890
vt 0.327150 0.838890
vt 0.347660 0.838890
vt 0.368160 0.838890
vt 0.388670 0.838890
vt 0.409180 0.838890
vt 0.429690 0.838890
vt 0.450200 0.838890
vt 0.470700 0.838890
vt 0.491210 0.838890
vt 0.511720 0.838890
vt 0.492290 0.638540
vt 0.459760 0.583140
vt 0.414010 0.538050
vt 0.358140 0.506330
vt 0.295960 0.490160
vt 0.231720 0.490630
vt 0.169790 0.507710
vt 0.114390 0.540240
vt 0.069300 0.585990
vt 0.037580 0.641860
vt 0.021410 0.704030
vt 0.021880 0.768280
vt 0.038960 0.830210
vt 0.071490 0.885610
vt 0.117240 0.930700
vt 0.173110 0.962420
vt 0.235280 0.978590
vt 0.299530 0.978120
vt 0.361460 0.961040
vt 0.416860 0.928510
vt 0.461950 0.882760
vt 0.493670 0.826890
vt 0.509840 0.764720
vt 0.509370 0.700470
vt 0.040040 0.688880
vt 0.019530 0.688880
vt 0.060550 0.688880
vt 0.081060 0.688880
vt 0.101560 0.688880
vt 0.122070 0.688880
vt 0.142580 0.688880
vt 0.163090 0.688880
vt 0.183590 0.688880
vt 0.204100 0.688880
vt 0.224610 0.688880
vt 0.245120 0.688880
vt 0.265620 0.688880
vt 0.286130 0.688880
vt 0.306640 0.688880
vt 0.327150 0.688880
vt 0.347660 0.688880
vt 0.368160 0.688880
vt 0.388670 0.688880
vt 0.409180 0.688880
vt 0.429690 0.688880
vt 0.450200 0.688880
vt 0.470700 0.688880
vt 0.491210 0.688880
vt 0.511720 0.688880
vt 0.040040 0.833070
vt 0.019530 0.833070
vt 0.060550 0.833070
vt 0.081060 0.833070
vt 0.101560 0.833070
vt 0.122070 0.833070
vt 0.142580 0.833070
vt 0.163090 0.833070
vt 0.183590 0.833070
vt 0.204100 0.833070
vt 0.224610 0.833070
vt 0.245120 0.833070
vt 0.265620 0.833070
vt 0.286130 0.833070
vt 0.306640 0.833070
vt 0.327150 0.833070
vt 0.347660 0.833070
vt 0.368160 0.833070
vt 0.388670 0.833070
vt 0.409180 0.833070
vt 0.429690 0.833070
vt 0.450200 0.833070
vt 0.470700 0.833070
vt 0.491210 0.833070
vt 0.511720 0.833070
vt 0.437080 0.557840
vt 0.385550 0.519480
vt 0.325840 0.495760
vt 0.262030 0.488310
vt 0.198470 0.497620
vt 0.139480 0.523070
vt 0.089090 0.562920
vt 0.050730 0.614450
vt 0.027010 0.674160
vt 0.019560 0.737970
vt 0.028870 0.801530
vt 0.054320 0.860520
vt 0.094170 0.910910
vt 0.145700 0.949270
vt 0.205410 0.972990
vt 0.269220 0.980440
vt 0.332780 0.971130
vt 0.391770 0.945680
vt 0.442160 0.905830
vt 0.480520 0.854300
vt 0.504240 0.794590
vt 0.511690 0.730780
vt 0.502380 0.667220
vt 0.476930 0.608230
vt 0.040040 0.674190
vt 0.019530 0.674190
vt 0.060550 0.674190
vt 0.081060 0.674190
vt 0.101560 0.674190
vt 0.122070 0.674190
vt 0.142580 0.674190
vt 0.163090 0.674190
vt 0.183590 0.674190
vt 0.204100 0.674190
vt 0.224610 0.674190
vt 0.245120 0.674190
vt 0.265620 0.674190
vt 0.286130 0.674190
vt 0.306640 0.674190
vt 0.327150 0.674190
vt 0.347660 0.674190
vt 0.368160 0.674190
vt 0.388670 0.674190
vt 0.409180 0.674190
vt 0.429690 0.674190
vt 0.450200 0.674190
vt 0.470700 0.674190
vt 0.491210 0.674190
vt 0.511720 0.674190
vt 0.040040 0.824700
vt 0.019530 0.824700
vt 0.060550 0.824700
vt 0.081060 0.824700
vt 0.101560 0.824700
vt 0.122070 0.824700
vt 0.142580 0.824700
vt 0.163090 0.824700
vt 0.183590 0.824700
vt 0.204100 0.824700
vt 0.224610 0.824700
vt 0.245120 0.824700
vt 0.265620 0.824700
vt 0.286130 0.824700
vt 0.306640 0.824700
vt 0.327150 0.824700
vt 0.347660 0.824700
vt 0.368160 0.824700
vt 0.388670 0.824700
vt 0.409180 0.824700
vt 0.429690 0.824700
vt 0.450200 0.824700
vt 0.470700 0.824700
vt 0.491210 0.824700
vt 0.511720 0.824700
vt 0.354800 0.505010
vt 0.292400 0.489740
vt 0.228170 0.491150
vt 0.166490 0.509130
vt 0.111570 0.542460
vt 0.067150 0.588870
vt 0.036260 0.645200
vt 0.020990 0.707610
vt 0.022400 0.771830
vt 0.040380 0.833510
vt 0.073710 0.888430
vt 0.120120 0.932850
vt 0.176450 0.963740
vt 0.238860 0.979010
vt 0.303080 0.977600
vt 0.364760 0.959620
vt 0.419680 0.926290
vt 0.464100 0.879880
vt 0.494990 0.823550
vt 0.510260 0.761140
vt 0.508850 0.696920
vt 0.490870 0.635240
vt 0.457540 0.580320
vt 0.411130 0.535900
vt 0.040040 0.652070
vt 0.019530 0.652070
vt 0.060550 0.652070
vt 0.081060 0.652070
vt 0.101560 0.652070
vt 0.122070 0.652070
vt 0.142580 0.652070
vt 0.163090 0.652070
vt 0.183590 0.652070
vt 0.204100 0.652070
vt 0.224610 0.652070
vt 0.245120 0.652070
vt 0.265620 0.652070
vt 0.286130 0.652070
vt 0.306640 0.652070
vt 0.327150 0.652070
vt 0.347660 0.652070
vt 0.368160 0.652070
vt 0.388670 0.652070
vt 0.409180 0.652070
vt 0.429690 0.652070
vt 0.450200 0.652070
vt 0.470700 0.652070
vt 0.491210 0.652070
vt 0.511720 0.652070
vt 0.040040 0.812280
vt 0.019530 0.812280
vt 0.060550 0.812280
vt 0.081060 0.812280
vt 0.101560 0.812280
vt 0.122070 0.812280
vt 0.142580 0.812280
vt 0.163090 0.812280
vt 0.183590 0.812280
vt 0.204100 0.812280
vt 0.224610 0.812280
vt 0.245120 0.812280
vt 0.265620 0.812280
vt 0.286130 0.812280
vt 0.306640 0.812280
vt 0.327150 0.812280
vt 0.347660 0.812280
vt 0.368160 0.812280
vt 0.388670 0.812280
vt 0.409180 0.812280
vt 0.429690 0.812280
vt 0.450200 0.812280
vt 0.470700 0.812280
vt 0.491210 0.812280
vt 0.511720 0.812280
vt 0.258440 0.488390
vt 0.195020 0.498630
vt 0.136410 0.524940
vt 0.086600 0.565520
vt 0.049000 0.617600
vt 0.026160 0.677650
vt 0.019640 0.741560
vt 0.029880 0.804980
vt 0.056180 0.863590
vt 0.096770 0.913400
vt 0.148850 0.951000
vt 0.208900 0.973840
vt 0.272810 0.980360
vt 0.336230 0.970120
vt 0.394840 0.943810
vt 0.444650 0.903230
vt 0.482250 0.851150
vt 0.505090 0.791100
vt 0.511610 0.727190
vt 0.501370 0.663770
vt 0.475070 0.605160
vt 0.434480 0.555350
vt 0.382400 0.517750
vt 0.322350 0.494910
vt 0.040040 0.624820
vt 0.019530 0.624820
vt 0.060550 0.624820
vt 0.081060 0.624820
vt 0.101560 0.624820
vt 0.122070 0.624820
vt 0.142580 0.624820
vt 0.163090 0.624820
vt 0.183590 0.624820
vt 0.204100 0.624820
vt 0.224610 0.624820
vt 0.245120 0.624820
vt 0.265620 0.624820
vt 0.286130 0.624820
vt 0.306640 0.624820
vt 0.327150 0.624820
vt 0.347660 0.624820
vt 0.368160 0.624820
vt 0.388670 0.624820
vt 0.409180 0.624820
vt 0.429690 0.624820
vt 0.450200 0.624820
vt 0.470700 0.624820
vt 0.491210 0.624820
vt 0.511720 0.624820
vt 0.040040 0.793790
vt 0.019530 0.793790
vt 0.060550 0.793790
vt 0.081060 0.793790
vt 0.101560 0.793790
vt 0.122070 0.793790
vt 0.142580 0.793790
vt 0.163090 0.793790
vt 0.183590 0.793790
vt 0.204100 0.793790
vt 0.224610 0.793790
vt 0.245120 0.793790
vt 0.265620 0.793790
vt 0.286130 0.793790
vt 0.306640 0.793790
vt 0.327150 0.793790
vt 0.347660 0.793790
vt 0.368160 0.793790
vt 0.388670 0.793790
vt 0.409180 0.793790
vt 0.429690 0.793790
vt 0.450200 0.793790
vt 0.470700 0.793790
vt 0.491210 0.793790
vt 0.511720 0.793790
vt 0.613280 0.394530
vt 0.620120 0.408440
vt 0.613280 0.408440
vt 0.620120 0.394530
vt 0.626950 0.408440
vt 0.626950 0.394530
vt 0.633790 0.408440
vt 0.633790 0.394530
vt 0.640620 0.408440
vt 0.640620 0.394530
vt 0.647460 0.408440
vt 0.647460 0.394530
vt 0.654300 0.408440
vt 0.654300 0.394530
vt 0.661130 0.408440
vt 0.661130 0.394530
vt 0.667970 0.408440
vt 0.620120 0.421880
vt 0.613280 0.421880
vt 0.626950 0.421880
vt 0.633790 0.421880
vt 0.640620 0.421880
vt 0.647460 0.421880
vt 0.654300 0.421880
vt 0.661130 0.421880
vt 0.667970 0.421880
vt 0.620120 0.435310
vt 0.613280 0.435310
vt 0.626950 0.435310
vt 0.633790 0.435310
vt 0.640620 0.435310
vt 0.647460 0.435310
vt 0.654300 0.435310
vt 0.661130 0.435310
vt 0.667970 0.435310
vt 0.613280 0.449220
vt 0.620120 0.449220
vt 0.626950 0.449220
vt 0.633790 0.449220
vt 0.640620 0.449220
vt 0.647460 0.449220
vt 0.654300 0.449220
vt 0.661130 0.449220
vt 0.457030 0.332030
vt 0.574220 0.332030
vt 0.574220 0.449220
vt 0.457030 0.449220
vt 0.707030 0.394530
vt 0.713870 0.408440
vt 0.707030 0.408440
vt 0.713870 0.394530
vt 0.720700 0.408440
vt 0.720700 0.394530
vt 0.727540 0.408440
vt 0.727540 0.394530
vt 0.734380 0.408440
vt 0.734380 0.394530
vt 0.741210 0.408440
vt 0.741210 0.394530
vt 0.748050 0.408440
vt 0.748050 0.394530
vt 0.754880 0.408440
vt 0.754880 0.394530
vt 0.761720 0.408440
vt 0.713870 0.421880
vt 0.707030 0.421880
vt 0.720700 0.421880
vt 0.727540 0.421880
vt 0.734380 0.421880
vt 0.741210 0.421880
vt 0.748050 0.421880
vt 0.754880 0.421880
vt 0.761720 0.421880
vt 0.713870 0.435310
vt 0.707030 0.435310
vt 0.720700 0.435310
vt 0.727540 0.435310
vt 0.734380 0.435310
vt 0.741210 0.435310
vt 0.748050 0.435310
vt 0.754880 0.435310
vt 0.761720 0.435310
vt 0.707030 0.449220
vt 0.713870 0.449220
vt 0.720700 0.449220
vt 0.727540 0.449220
vt 0.734380 0.449220
vt 0.741210 0.449220
vt 0.748050 0.449220
vt 0.754880 0.449220
vt 0.800780 0.394530
vt 0.807620 0.408440
vt 0.800780 0.408440
vt 0.807620 0.394530
vt 0.814450 0.408440
vt 0.814450 0.394530
vt 0.821290 0.408440
vt 0.821290 0.394530
vt 0.828120 0.408440
vt 0.828120 0.394530
vt 0.834960 0.408440
vt 0.834960 0.394530
vt 0.841800 0.408440
vt 0.841800 0.394530
vt 0.848630 0.408440
vt 0.848630 0.394530
vt 0.855470 0.408440
vt 0.807620 0.421880
vt 0.800780 0.421880
vt 0.814450 0.421880
vt 0.821290 0.421880
vt 0.828120 0.421880
vt 0.834960 0.421880
vt 0.841800 0.421880
vt 0.848630 0.421880
vt 0.855470 0.421880
vt 0.807620 0.435310
vt 0.800780 0.435310
vt 0.814450 0.435310
vt 0.821290 0.435310
vt 0.828120 0.435310
vt 0.834960 0.435310
vt 0.841800 0.435310
vt 0.848630 0.435310
vt 0.855470 0.435310
vt 0.800780 0.449220
vt 0.807620 0.449220
vt 0.814450 0.449220
vt 0.821290 0.449220
vt 0.828120 0.449220
vt 0.834960 0.449220
vt 0.841800 0.449220
vt 0.848630 0.449220
vt 0.894530 0.394530
vt 0.901370 0.408440
vt 0.894530 0.408440
vt 0.901370 0.394530
vt 0.908200 0.408440
vt 0.908200 0.394530
vt 0.915040 0.408440
vt 0.915040 0.394530
vt 0.921880 0.408440
vt 0.921880 0.394530
vt 0.928710 0.408440
vt 0.928710 0.394530
vt 0.935550 0.408440
vt 0.935550 0.394530
vt 0.942380 0.408440
vt 0.942380 0.394530
vt 0.949220 0.408440
vt 0.901370 0.421880
vt 0.894530 0.421880
vt 0.908200 0.421880
vt 0.915040 0.421880
vt 0.921880 0.421880
vt 0.928710 0.421880
vt 0.935550 0.421880
vt 0.942380 0.421880
vt 0.949220 0.421880
vt 0.901370 0.435310
vt 0.894530 0.435310
vt 0.908200 0.435310
vt 0.915040 0.435310
vt 0.921880 0.435310
vt 0.928710 0.435310
vt 0.935550 0.435310
vt 0.942380 0.435310
vt 0.949220 0.435310
vt 0.894530 0.449220
vt 0.901370 0.449220
vt 0.908200 0.449220
vt 0.915040 0.449220
vt 0.921880 0.449220
vt 0.928710 0.449220
vt 0.935550 0.449220
vt 0.942380 0.449220
vt 0.019530 0.113280
vt 0.026370 0.127190
vt 0.019530 0.127190
vt 0.026370 0.113280
vt 0.033200 0.127190
vt 0.033200 0.113280
vt 0.040040 0.127190
vt 0.040040 0.113280
vt 0.046880 0.127190
vt 0.046880 0.113280
vt 0.053710 0.127190
vt 0.053710 0.113280
vt 0.060550 0.127190
vt 0.060550 0.113280
vt 0.067380 0.127190
vt 0.067380 0.113280
vt 0.074220 0.127190
vt 0.026370 0.140620
vt 0.019530 0.140620
vt 0.033200 0.140620
vt 0.040040 0.140620
vt 0.046880 0.140620
vt 0.053710 0.140620
vt 0.060550 0.140620
vt 0.067380 0.140620
vt 0.074220 0.140620
vt 0.026370 0.154060
vt 0.019530 0.154060
vt 0.033200 0.154060
vt 0.040040 0.154060
vt 0.046880 0.154060
vt 0.053710 0.154060
vt 0.060550 0.154060
vt 0.067380 0.154060
vt 0.074220 0.154060
vt 0.019530 0.167970
vt 0.026370 0.167970
vt 0.033200 0.167970
vt 0.040040 0.167970
vt 0.046880 0.167970
vt 0.053710 0.167970
vt 0.060550 0.167970
vt 0.067380 0.167970
vt 0.113280 0.113280
vt 0.120120 0.127190
vt 0.113280 0.127190
vt 0.120120 0.113280
vt 0.126950 0.127190
vt 0.126950 0.113280
vt 0.133790 0.127190
vt 0.133790 0.113280
vt 0.140620 0.127190
vt 0.140620 0.113280
vt 0.147460 0.127190
vt 0.147460 0.113280
vt 0.154300 0.127190
vt 0.154300 0.113280
vt 0.161130 0.127190
vt 0.161130 0.113280
vt 0.167970 0.127190
vt 0.120120 0.140620
vt 0.113280 0.140620
vt 0.126950 0.140620
vt 0.133790 0.140620
vt 0.140620 0.140620
vt 0.147460 0.140620
vt 0.154300 0.140620
vt 0.161130 0.140620
vt 0.167970 0.140620
vt 0.120120 0.154060
vt 0.113280 0.154060
vt 0.126950 0.154060
vt 0.133790 0.154060
vt 0.140620 0.154060
vt 0.147460 0.154060
vt 0.154300 0.154060
vt 0.161130 0.154060
vt 0.167970 0.154060
vt 0.113280 0.167970
vt 0.120120 0.167970
vt 0.126950 0.167970
vt 0.133790 0.167970
vt 0.140620 0.167970
vt 0.147460 0.167970
vt 0.154300 0.167970
vt 0.161130 0.167970
vt 0.486330 0.449220
vt 0.486330 0.446810
vt 0.457030 0.446810
vt 0.515620 0.449220
vt 0.515620 0.446810
vt 0.544920 0.449220
vt 0.544920 0.446810
vt 0.574220 0.446810
vt 0.486330 0.444360
vt 0.457030 0.444360
vt 0.515620 0.444360
vt 0.544920 0.444360
vt 0.574220 0.444360
vt 0.486330 0.441910
vt 0.457030 0.441910
vt 0.515620 0.441910
vt 0.544920 0.441910
vt 0.574220 0.441910
vt 0.486330 0.439450
vt 0.457030 0.439450
vt 0.515620 0.439450
vt 0.544920 0.439450
vt 0.574220 0.439450
vt 0.486330 0.437000
vt 0.457030 0.437000
vt 0.515620 0.437000
vt 0.544920 0.437000
vt 0.574220 0.437000
vt 0.486330 0.434540
vt 0.457030 0.434540
vt 0.515620 0.434540
vt 0.544920 0.434540
vt 0.574220 0.434540
vt 0.486330 0.432100
vt 0.457030 0.432100
vt 0.515620 0.432100
vt 0.544920 0.432100
vt 0.574220 0.432100
vt 0.486330 0.429690
vt 0.457030 0.429690
vt 0.515620 0.429690
vt 0.544920 0.429690
vt 0.574220 0.429690
vt 0.486330 0.427280
vt 0.457030 0.427280
vt 0.515620 0.427280
vt 0.544920 0.427280
vt 0.574220 0.427280
vt 0.486330 0.424830
vt 0.457030 0.424830
vt 0.515620 0.424830
vt 0.544920 0.424830
vt 0.574220 0.424830
vt 0.486330 0.422380
vt 0.457030 0.422380
vt 0.515620 0.422380
vt 0.544920 0.422380
vt 0.574220 0.422380
vt 0.486330 0.419920
vt 0.457030 0.419920
vt 0.515620 0.419920
vt 0.544920 0.419920
vt 0.574220 0.419920
vt 0.486330 0.417470
vt 0.457030 0.417470
vt 0.515620 0.417470
vt 0.544920 0.417470
vt 0.574220 0.417470
vt 0.486330 0.415010
vt 0.457030 0.415010
vt 0.515620 0.415010
vt 0.544920 0.415010
vt 0.574220 0.415010
vt 0.486330 0.412570
vt 0.457030 0.412570
vt 0.515620 0.412570
vt 0.544920 0.412570
vt 0.574220 0.412570
vt 0.486330 0.410160
vt 0.457030 0.410160
vt 0.515620 0.410160
vt 0.544920 0.410160
vt 0.574220 0.410160
vt 0.486330 0.407750
vt 0.457030 0.407750
vt 0.515620 0.407750
vt 0.544920 0.407750
vt 0.574220 0.407750
vt 0.486330 0.405300
vt 0.457030 0.405300
vt 0.515620 0.405300
vt 0.544920 0.405300
vt 0.574220 0.405300
vt 0.486330 0.402840
vt 0.457030 0.402840
vt 0.515620 0.402840
vt 0.544920 0.402840
vt 0.574220 0.402840
vt 0.486330 0.400390
vt 0.457030 0.400390
vt 0.515620 0.400390
vt 0.544920 0.400390
vt 0.574220 0.400390
vt 0.486330 0.397940
vt 0.457030 0.397940
vt 0.515620 0.397940
vt 0.544920 0.397940
vt 0.574220 0.397940
vt 0.486330 0.395480
vt 0.457030 0.395480
vt 0.515620 0.395480
vt 0.544920 0.395480
vt 0.574220 0.395480
vt 0.486330 0.393040
vt 0.457030 0.393040
vt 0.515620 0.393040
vt 0.544920 0.393040
vt 0.574220 0.393040
vt 0.486330 0.390620
vt 0.457030 0.390620
vt 0.515620 0.390620
vt 0.544920 0.390620
vt 0.574220 0.390620
vt 0.486330 0.388210
vt 0.457030 0.388210
vt 0.515620 0.388210
vt 0.544920 0.388210
vt 0.574220 0.388210
vt 0.486330 0.385770
vt 0.457030 0.385770
vt 0.515620 0.385770
vt 0.544920 0.385770
vt 0.574220 0.385770
vt 0.486330 0.383310
vt 0.457030 0.383310
vt 0.515620 0.383310
vt 0.544920 0.383310
vt 0.574220 0.383310
vt 0.486330 0.380860
vt 0.457030 0.380860
vt 0.515620 0.380860
vt 0.544920 0.380860
vt 0.574220 0.380860
vt 0.486330 0.378410
vt 0.457030 0.378410
vt 0.515620 0.378410
vt 0.544920 0.378410
vt 0.574220 0.378410
vt 0.486330 0.375950
vt 0.457030 0.375950
vt 0.515620 0.375950
vt 0.544920 0.375950
vt 0.574220 0.375950
vt 0.486330 0.373500
vt 0.457030 0.373500
vt 0.515620 0.373500
vt 0.544920 0.373500
vt 0.574220 0.373500
vt 0.486330 0.371090
vt 0.457030 0.371090
vt 0.515620 0.371090
vt 0.544920 0.371090
vt 0.574220 0.371090
vt 0.486330 0.368680
vt 0.457030 0.368680
vt 0.515620 0.368680
vt 0.544920 0.368680
vt 0.574220 0.368680
vt 0.486330 0.366240
vt 0.457030 0.366240
vt 0.515620 0.366240
vt 0.544920 0.366240
vt 0.574220 0.366240
vt 0.486330 0.363780
vt 0.457030 0.363780
vt 0.515620 0.363780
vt 0.544920 0.363780
vt 0.574220 0.363780
vt 0.486330 0.361330
vt 0.457030 0.361330
vt 0.515620 0.361330
vt 0.544920 0.361330
vt 0.574220 0.361330
vt 0.486330 0.358870
vt 0.457030 0.358870
vt 0.515620 0.358870
vt 0.544920 0.358870
vt 0.574220 0.358870
vt 0.486330 0.356420
vt 0.457030 0.356420
vt 0.515620 0.356420
vt 0.544920 0.356420
vt 0.574220 0.356420
vt 0.486330 0.353970
vt 0.457030 0.353970
vt 0.515620 0.353970
vt 0.544920 0.353970
vt 0.574220 0.353970
vt 0.486330 0.351560
vt 0.457030 0.351560
vt 0.515620 0.351560
vt 0.544920 0.351560
vt 0.574220 0.351560
vt 0.486330 0.349150
vt 0.457030 0.349150
vt 0.515620 0.349150
vt 0.544920 0.349150
vt 0.574220 0.349150
vt 0.486330 0.346710
vt 0.457030 0.346710
vt 0.515620 0.346710
vt 0.544920 0.346710
vt 0.574220 0.346710
vt 0.486330 0.344250
vt 0.457030 0.344250
vt 0.515620 0.344250
vt 0.544920 0.344250
vt 0.574220 0.344250
vt 0.486330 0.341800
vt 0.457030 0.341800
vt 0.515620 0.341800
vt 0.544920 0.341800
vt 0.574220 0.341800
vt 0.486330 0.339340
vt 0.457030 0.339340
vt 0.515620 0.339340
vt 0.544920 0.339340
vt 0.574220 0.339340
vt 0.486330 0.336890
vt 0.457030 0.336890
vt 0.515620 0.336890
vt 0.544920 0.336890
vt 0.574220 0.336890
vt 0.486330 0.334440
vt 0.457030 0.334440
vt 0.515620 0.334440
vt 0.544920 0.334440
vt 0.574220 0.334440
vt 0.486330 0.332030
vt 0.515620 0.332030
vt 0.544920 0.332030
vt 0.486330 0.446820
vt 0.457030 0.446820
vt 0.515620 0.446820
vt 0.544920 0.446820
vt 0.574220 0.446820
vt 0.486330 0.444390
vt 0.457030 0.444390
vt 0.515620 0.444390
vt 0.544920 0.444390
vt 0.574220 0.444390
vt 0.486330 0.441930
vt 0.457030 0.441930
vt 0.515620 0.441930
vt 0.544920 0.441930
vt 0.574220 0.441930
vt 0.486330 0.436980
vt 0.457030 0.436980
vt 0.515620 0.436980
vt 0.544920 0.436980
vt 0.574220 0.436980
vt 0.486330 0.434510
vt 0.457030 0.434510
vt 0.515620 0.434510
vt 0.544920 0.434510
vt 0.574220 0.434510
vt 0.486330 0.432040
vt 0.457030 0.432040
vt 0.515620 0.432040
vt 0.544920 0.432040
vt 0.574220 0.432040
vt 0.486330 0.429590
vt 0.457030 0.429590
vt 0.515620 0.429590
vt 0.544920 0.429590
vt 0.574220 0.429590
vt 0.486330 0.427170
vt 0.457030 0.427170
vt 0.515620 0.427170
vt 0.544920 0.427170
vt 0.574220 0.427170
vt 0.486330 0.424850
vt 0.457030 0.424850
vt 0.515620 0.424850
vt 0.544920 0.424850
vt 0.574220 0.424850
vt 0.486330 0.422440
vt 0.457030 0.422440
vt 0.515620 0.422440
vt 0.544920 0.422440
vt 0.574220 0.422440
vt 0.486330 0.419990
vt 0.457030 0.419990
vt 0.515620 0.419990
vt 0.544920 0.419990
vt 0.574220 0.419990
vt 0.486330 0.417520
vt 0.457030 0.417520
vt 0.515620 0.417520
vt 0.544920 0.417520
vt 0.574220 0.417520
vt 0.486330 0.415050
vt 0.457030 0.415050
vt 0.515620 0.415050
vt 0.544920 0.415050
vt 0.574220 0.415050
vt 0.486330 0.412580
vt 0.457030 0.412580
vt 0.515620 0.412580
vt 0.544920 0.412580
vt 0.574220 0.412580
vt 0.486330 0.410110
vt 0.457030 0.410110
vt 0.515620 0.410110
vt 0.544920 0.410110
vt 0.574220 0.410110
vt 0.486330 0.407640
vt 0.457030 0.407640
vt 0.515620 0.407640
vt 0.544920 0.407640
vt 0.574220 0.407640
vt 0.486330 0.405200
vt 0.457030 0.405200
vt 0.515620 0.405200
vt 0.544920 0.405200
vt 0.574220 0.405200
vt 0.486330 0.402800
vt 0.457030 0.402800
vt 0.515620 0.402800
vt 0.544920 0.402800
vt 0.574220 0.402800
vt 0.486330 0.400460
vt 0.457030 0.400460
vt 0.515620 0.400460
vt 0.544920 0.400460
vt 0.574220 0.400460
vt 0.486330 0.398030
vt 0.457030 0.398030
vt 0.515620 0.398030
vt 0.544920 0.398030
vt 0.574220 0.398030
vt 0.486330 0.395570
vt 0.457030 0.395570
vt 0.515620 0.395570
vt 0.544920 0.395570
vt 0.574220 0.395570
vt 0.486330 0.393100
vt 0.457030 0.393100
vt 0.515620 0.393100
vt 0.544920 0.393100
vt 0.574220 0.393100
vt 0.486330 0.388150
vt 0.457030 0.388150
vt 0.515620 0.388150
vt 0.544920 0.388150
vt 0.574220 0.388150
vt 0.486330 0.385680
vt 0.457030 0.385680
vt 0.515620 0.385680
vt 0.544920 0.385680
vt 0.574220 0.385680
vt 0.486330 0.383220
vt 0.457030 0.383220
vt 0.515620 0.383220
vt 0.544920 0.383220
vt 0.574220 0.383220
vt 0.486330 0.380790
vt 0.457030 0.380790
vt 0.515620 0.380790
vt 0.544920 0.380790
vt 0.574220 0.380790
vt 0.486330 0.378450
vt 0.457030 0.378450
vt 0.515620 0.378450
vt 0.544920 0.378450
vt 0.574220 0.378450
vt 0.486330 0.376050
vt 0.457030 0.376050
vt 0.515620 0.376050
vt 0.544920 0.376050
vt 0.574220 0.376050
vt 0.486330 0.373610
vt 0.457030 0.373610
vt 0.515620 0.373610
vt 0.544920 0.373610
vt 0.574220 0.373610
vt 0.486330 0.371140
vt 0.457030 0.371140
vt 0.515620 0.371140
vt 0.544920 0.371140
vt 0.574220 0.371140
vt 0.486330 0.368670
vt 0.457030 0.368670
vt 0.515620 0.368670
vt 0.544920 0.368670
vt 0.574220 0.368670
vt 0.486330 0.366200
vt 0.457030 0.366200
vt 0.515620 0.366200
vt 0.544920 0.366200
vt 0.574220 0.366200
vt 0.486330 0.363730
vt 0.457030 0.363730
vt 0.515620 0.363730
vt 0.544920 0.363730
vt 0.574220 0.363730
vt 0.486330 0.361260
vt 0.457030 0.361260
vt 0.515620 0.361260
vt 0.544920 0.361260
vt 0.574220 0.361260
vt 0.486330 0.358810
vt 0.457030 0.358810
vt 0.515620 0.358810
vt 0.544920 0.358810
vt 0.574220 0.358810
vt 0.486330 0.356400
vt 0.457030 0.356400
vt 0.515620 0.356400
vt 0.544920 0.356400
vt 0.574220 0.356400
vt 0.486330 0.354080
vt 0.457030 0.354080
vt 0.515620 0.354080
vt 0.544920 0.354080
vt 0.574220 0.354080
vt 0.486330 0.351660
vt 0.457030 0.351660
vt 0.515620 0.351660
vt 0.544920 0.351660
vt 0.574220 0.351660
vt 0.486330 0.349210
vt 0.457030 0.349210
vt 0.515620 0.349210
vt 0.544920 0.349210
vt 0.574220 0.349210
vt 0.486330 0.346740
vt 0.457030 0.346740
vt 0.515620 0.346740
vt 0.544920 0.346740
vt 0.574220 0.346740
vt 0.486330 0.344270
vt 0.457030 0.344270
vt 0.515620 0.344270
vt 0.544920 0.344270
vt 0.574220 0.344270
vt 0.486330 0.339320
vt 0.457030 0.339320
vt 0.515620 0.339320
vt 0.544920 0.339320
vt 0.574220 0.339320
vt 0.486330 0.336860
vt 0.457030 0.336860
vt 0.515620 0.336860
vt 0.544920 0.336860
vt 0.574220 0.336860
vt 0.486330 0.334430
vt 0.457030 0.334430
vt 0.515620 0.334430
vt 0.544920 0.334430
vt 0.574220 0.334430
vt 0.486330 0.446800
vt 0.457030 0.446800
vt 0.515620 0.446800
vt 0.544920 0.446800
vt 0.574220 0.446800
vt 0.486330 0.444350
vt 0.457030 0.444350
vt 0.515620 0.444350
vt 0.544920 0.444350
vt 0.574220 0.444350
vt 0.486330 0.441900
vt 0.457030 0.441900
vt 0.515620 0.441900
vt 0.544920 0.441900
vt 0.574220 0.441900
vt 0.486330 0.437010
vt 0.457030 0.437010
vt 0.515620 0.437010
vt 0.544920 0.437010
vt 0.574220 0.437010
vt 0.486330 0.434560
vt 0.457030 0.434560
vt 0.515620 0.434560
vt 0.544920 0.434560
vt 0.574220 0.434560
vt 0.486330 0.432110
vt 0.457030 0.432110
vt 0.515620 0.432110
vt 0.544920 0.432110
vt 0.574220 0.432110
vt 0.486330 0.427270
vt 0.457030 0.427270
vt 0.515620 0.427270
vt 0.544920 0.427270
vt 0.574220 0.427270
vt 0.486330 0.424820
vt 0.457030 0.424820
vt 0.515620 0.424820
vt 0.544920 0.424820
vt 0.574220 0.424820
vt 0.486330 0.422370
vt 0.457030 0.422370
vt 0.515620 0.422370
vt 0.544920 0.422370
vt 0.574220 0.422370
vt 0.486330 0.417480
vt 0.457030 0.417480
vt 0.515620 0.417480
vt 0.544920 0.417480
vt 0.574220 0.417480
vt 0.486330 0.415030
vt 0.457030 0.415030
vt 0.515620 0.415030
vt 0.544920 0.415030
vt 0.574220 0.415030
vt 0.486330 0.407740
vt 0.457030 0.407740
vt 0.515620 0.407740
vt 0.544920 0.407740
vt 0.574220 0.407740
vt 0.486330 0.405290
vt 0.457030 0.405290
vt 0.515620 0.405290
vt 0.544920 0.405290
vt 0.574220 0.405290
vt 0.486330 0.402830
vt 0.457030 0.402830
vt 0.515620 0.402830
vt 0.544920 0.402830
vt 0.574220 0.402830
vt 0.486330 0.397950
vt 0.457030 0.397950
vt 0.515620 0.397950
vt 0.544920 0.397950
vt 0.574220 0.397950
vt 0.486330 0.395500
vt 0.457030 0.395500
vt 0.515620 0.395500
vt 0.544920 0.395500
vt 0.574220 0.395500
vt 0.486330 0.385750
vt 0.457030 0.385750
vt 0.515620 0.385750
vt 0.544920 0.385750
vt 0.574220 0.385750
vt 0.486330 0.383300
vt 0.457030 0.383300
vt 0.515620 0.383300
vt 0.544920 0.383300
vt 0.574220 0.383300
vt 0.486330 0.378420
vt 0.457030 0.378420
vt 0.515620 0.378420
vt 0.544920 0.378420
vt 0.574220 0.378420
vt 0.486330 0.375960
vt 0.457030 0.375960
vt 0.515620 0.375960
vt 0.544920 0.375960
vt 0.574220 0.375960
vt 0.486330 0.373510
vt 0.457030 0.373510
vt 0.515620 0.373510
vt 0.544920 0.373510
vt 0.574220 0.373510
vt 0.486330 0.366220
vt 0.457030 0.366220
vt 0.515620 0.366220
vt 0.544920 0.366220
vt 0.574220 0.366220
vt 0.486330 0.363770
vt 0.457030 0.363770
vt 0.515620 0.363770
vt 0.544920 0.363770
vt 0.574220 0.363770
vt 0.486330 0.358880
vt 0.457030 0.358880
vt 0.515620 0.358880
vt 0.544920 0.358880
vt 0.574220 0.358880
vt 0.486330 0.356430
vt 0.457030 0.356430
vt 0.515620 0.356430
vt 0.544920 0.356430
vt 0.574220 0.356430
vt 0.486330 0.353980
vt 0.457030 0.353980
vt 0.515620 0.353980
vt 0.544920 0.353980
vt 0.574220 0.353980
vt 0.486330 0.349140
vt 0.457030 0.349140
vt 0.515620 0.349140
vt 0.544920 0.349140
vt 0.574220 0.349140
vt 0.486330 0.346690
vt 0.457030 0.346690
vt 0.515620 0.346690
vt 0.544920 0.346690
vt 0.574220 0.346690
vt 0.486330 0.344240
vt 0.457030 0.344240
vt 0.515620 0.344240
vt 0.544920 0.344240
vt 0.574220 0.344240
vt 0.486330 0.339350
vt 0.457030 0.339350
vt 0.515620 0.339350
vt 0.544920 0.339350
vt 0.574220 0.339350
vt 0.486330 0.336900
vt 0.457030 0.336900
vt 0.515620 0.336900
vt 0.544920 0.336900
vt 0.574220 0.336900
vt 0.486330 0.334450
vt 0.457030 0.334450
vt 0.515620 0.334450
vt 0.544920 0.334450
vt 0.574220 0.334450
vt 0.486330 0.439440
vt 0.457030 0.439440
vt 0.515620 0.439440
vt 0.544920 0.439440
vt 0.574220 0.439440
vt 0.486330 0.432050
vt 0.457030 0.432050
vt 0.515620 0.432050
vt 0.544920 0.432050
vt 0.574220 0.432050
vt 0.486330 0.429600
vt 0.457030 0.429600
vt 0.515620 0.429600
vt 0.544920 0.429600
vt 0.574220 0.429600
vt 0.486330 0.427160
vt 0.457030 0.427160
vt 0.515620 0.427160
vt 0.544920 0.427160
vt 0.574220 0.427160
vt 0.486330 0.422430
vt 0.457030 0.422430
vt 0.515620 0.422430
vt 0.544920 0.422430
vt 0.574220 0.422430
vt 0.486330 0.419970
vt 0.457030 0.419970
vt 0.515620 0.419970
vt 0.544920 0.419970
vt 0.574220 0.419970
vt 0.486330 0.417510
vt 0.457030 0.417510
vt 0.515620 0.417510
vt 0.544920 0.417510
vt 0.574220 0.417510
vt 0.486330 0.412590
vt 0.457030 0.412590
vt 0.515620 0.412590
vt 0.544920 0.412590
vt 0.574220 0.412590
vt 0.486330 0.410120
vt 0.457030 0.410120
vt 0.515620 0.410120
vt 0.544920 0.410120
vt 0.574220 0.410120
vt 0.486330 0.407660
vt 0.457030 0.407660
vt 0.515620 0.407660
vt 0.544920 0.407660
vt 0.574220 0.407660
vt 0.486330 0.405210
vt 0.457030 0.405210
vt 0.515620 0.405210
vt 0.544920 0.405210
vt 0.574220 0.405210
vt 0.486330 0.402790
vt 0.457030 0.402790
vt 0.515620 0.402790
vt 0.544920 0.402790
vt 0.574220 0.402790
vt 0.486330 0.400450
vt 0.457030 0.400450
vt 0.515620 0.400450
vt 0.544920 0.400450
vt 0.574220 0.400450
vt 0.486330 0.398010
vt 0.457030 0.398010
vt 0.515620 0.398010
vt 0.544920 0.398010
vt 0.574220 0.398010
vt 0.486330 0.395550
vt 0.457030 0.395550
vt 0.515620 0.395550
vt 0.544920 0.395550
vt 0.574220 0.395550
vt 0.486330 0.393090
vt 0.457030 0.393090
vt 0.515620 0.393090
vt 0.544920 0.393090
vt 0.574220 0.393090
vt 0.486330 0.388160
vt 0.457030 0.388160
vt 0.515620 0.388160
vt 0.544920 0.388160
vt 0.574220 0.388160
vt 0.486330 0.385700
vt 0.457030 0.385700
vt 0.515620 0.385700
vt 0.544920 0.385700
vt 0.574220 0.385700
vt 0.486330 0.383240
vt 0.457030 0.383240
vt 0.515620 0.383240
vt 0.544920 0.383240
vt 0.574220 0.383240
vt 0.486330 0.380800
vt 0.457030 0.380800
vt 0.515620 0.380800
vt 0.544920 0.380800
vt 0.574220 0.380800
vt 0.486330 0.378460
vt 0.457030 0.378460
vt 0.515620 0.378460
vt 0.544920 0.378460
vt 0.574220 0.378460
vt 0.486330 0.376040
vt 0.457030 0.376040
vt 0.515620 0.376040
vt 0.544920 0.376040
vt 0.574220 0.376040
vt 0.486330 0.373590
vt 0.457030 0.373590
vt 0.515620 0.373590
vt 0.544920 0.373590
vt 0.574220 0.373590
vt 0.486330 0.371130
vt 0.457030 0.371130
vt 0.515620 0.371130
vt 0.544920 0.371130
vt 0.574220 0.371130
vt 0.486330 0.368660
vt 0.457030 0.368660
vt 0.515620 0.368660
vt 0.544920 0.368660
vt 0.574220 0.368660
vt 0.486330 0.363740
vt 0.457030 0.363740
vt 0.515620 0.363740
vt 0.544920 0.363740
vt 0.574220 0.363740
vt 0.486330 0.361280
vt 0.457030 0.361280
vt 0.515620 0.361280
vt 0.544920 0.361280
vt 0.574220 0.361280
vt 0.486330 0.358820
vt 0.457030 0.358820
vt 0.515620 0.358820
vt 0.544920 0.358820
vt 0.574220 0.358820
vt 0.486330 0.354090
vt 0.457030 0.354090
vt 0.515620 0.354090
vt 0.544920 0.354090
vt 0.574220 0.354090
vt 0.486330 0.351650
vt 0.457030 0.351650
vt 0.515620 0.351650
vt 0.544920 0.351650
vt 0.574220 0.351650
vt 0.486330 0.349200
vt 0.457030 0.349200
vt 0.515620 0.349200
vt 0.544920 0.349200
vt 0.574220 0.349200
vt 0.486330 0.341810
vt 0.457030 0.341810
vt 0.515620 0.341810
vt 0.544920 0.341810
vt 0.574220 0.341810
vt 0.486330 0.446770
vt 0.457030 0.446770
vt 0.515620 0.446770
vt 0.544920 0.446770
vt 0.574220 0.446770
vt 0.486330 0.444300
vt 0.457030 0.444300
vt 0.515620 0.444300
vt 0.544920 0.444300
vt 0.574220 0.444300
vt 0.486330 0.441870
vt 0.457030 0.441870
vt 0.515620 0.441870
vt 0.544920 0.441870
vt 0.574220 0.441870
vt 0.486330 0.437040
vt 0.457030 0.437040
vt 0.515620 0.437040
vt 0.544920 0.437040
vt 0.574220 0.437040
vt 0.486330 0.434600
vt 0.457030 0.434600
vt 0.515620 0.434600
vt 0.544920 0.434600
vt 0.574220 0.434600
vt 0.486330 0.432140
vt 0.457030 0.432140
vt 0.515620 0.432140
vt 0.544920 0.432140
vt 0.574220 0.432140
vt 0.486330 0.427230
vt 0.457030 0.427230
vt 0.515620 0.427230
vt 0.544920 0.427230
vt 0.574220 0.427230
vt 0.486330 0.424770
vt 0.457030 0.424770
vt 0.515620 0.424770
vt 0.544920 0.424770
vt 0.574220 0.424770
vt 0.486330 0.422340
vt 0.457030 0.422340
vt 0.515620 0.422340
vt 0.544920 0.422340
vt 0.574220 0.422340
vt 0.486330 0.415070
vt 0.457030 0.415070
vt 0.515620 0.415070
vt 0.544920 0.415070
vt 0.574220 0.415070
vt 0.486330 0.412610
vt 0.457030 0.412610
vt 0.515620 0.412610
vt 0.544920 0.412610
vt 0.574220 0.412610
vt 0.486330 0.407700
vt 0.457030 0.407700
vt 0.515620 0.407700
vt 0.544920 0.407700
vt 0.574220 0.407700
vt 0.486330 0.405240
vt 0.457030 0.405240
vt 0.515620 0.405240
vt 0.544920 0.405240
vt 0.574220 0.405240
vt 0.486330 0.397980
vt 0.457030 0.397980
vt 0.515620 0.397980
vt 0.544920 0.397980
vt 0.574220 0.397980
vt 0.486330 0.395540
vt 0.457030 0.395540
vt 0.515620 0.395540
vt 0.544920 0.395540
vt 0.574220 0.395540
vt 0.486330 0.393080
vt 0.457030 0.393080
vt 0.515620 0.393080
vt 0.544920 0.393080
vt 0.574220 0.393080
vt 0.486330 0.388170
vt 0.457030 0.388170
vt 0.515620 0.388170
vt 0.544920 0.388170
vt 0.574220 0.388170
vt 0.486330 0.385710
vt 0.457030 0.385710
vt 0.515620 0.385710
vt 0.544920 0.385710
vt 0.574220 0.385710
vt 0.486330 0.383270
vt 0.457030 0.383270
vt 0.515620 0.383270
vt 0.544920 0.383270
vt 0.574220 0.383270
vt 0.486330 0.376010
vt 0.457030 0.376010
vt 0.515620 0.376010
vt 0.544920 0.376010
vt 0.574220 0.376010
vt 0.486330 0.373550
vt 0.457030 0.373550
vt 0.515620 0.373550
vt 0.544920 0.373550
vt 0.574220 0.373550
vt 0.486330 0.368640
vt 0.457030 0.368640
vt 0.515620 0.368640
vt 0.544920 0.368640
vt 0.574220 0.368640
vt 0.486330 0.366180
vt 0.457030 0.366180
vt 0.515620 0.366180
vt 0.544920 0.366180
vt 0.574220 0.366180
vt 0.486330 0.358910
vt 0.457030 0.358910
vt 0.515620 0.358910
vt 0.544920 0.358910
vt 0.574220 0.358910
vt 0.486330 0.356480
vt 0.457030 0.356480
vt 0.515620 0.356480
vt 0.544920 0.356480
vt 0.574220 0.356480
vt 0.486330 0.354020
vt 0.457030 0.354020
vt 0.515620 0.354020
vt 0.544920 0.354020
vt 0.574220 0.354020
vt 0.486330 0.349110
vt 0.457030 0.349110
vt 0.515620 0.349110
vt 0.544920 0.349110
vt 0.574220 0.349110
vt 0.486330 0.346650
vt 0.457030 0.346650
vt 0.515620 0.346650
vt 0.544920 0.346650
vt 0.574220 0.346650
vt 0.486330 0.344210
vt 0.457030 0.344210
vt 0.515620 0.344210
vt 0.544920 0.344210
vt 0.574220 0.344210
vt 0.486330 0.339380
vt 0.457030 0.339380
vt 0.515620 0.339380
vt 0.544920 0.339380
vt 0.574220 0.339380
vt 0.486330 0.336950
vt 0.457030 0.336950
vt 0.515620 0.336950
vt 0.544920 0.336950
vt 0.574220 0.336950
vt 0.486330 0.334480
vt 0.457030 0.334480
vt 0.515620 0.334480
vt 0.544920 0.334480
vt 0.574220 0.334480
vt 0.207030 0.144530
vt 0.230470 0.144530
vt 0.230470 0.167970
vt 0.207030 0.167970
vt 0.269530 0.144530
vt 0.292970 0.144530
vt 0.292970 0.167970
vt 0.269530 0.167970
vt 0.332030 0.144530
vt 0.355470 0.144530
vt 0.355470 0.167970
vt 0.332030 0.167970
vt 0.394530 0.144530
vt 0.417970 0.144530
vt 0.417970 0.167970
vt 0.394530 0.167970
vt 0.476560 0.332030
vt 0.476560 0.449220
vt 0.496090 0.332030
vt 0.496090 0.449220
vt 0.535160 0.332030
vt 0.535160 0.449220
vt 0.554690 0.332030
vt 0.554690 0.449220
vt 0.544920 0.339880
vt 0.486330 0.339880
vt 0.486330 0.441370
vt 0.544920 0.441370
vt 0.562500 0.343750
vt 0.468750 0.343750
vt 0.503910 0.402340
vn 0.00000 0.74329 0.66896
vn 0.20672 0.74329 0.63622
vn 0.03011 0.99524 0.09268
vn 0.00000 0.99524 0.09745
vn 0.39321 0.74329 0.54120
vn 0.05728 0.99524 0.07884
vn 0.54120 0.74329 0.39321
vn 0.07884 0.99524 0.05728
vn 0.63622 0.74329 0.20672
vn 0.09268 0.99524 0.03011
vn 0.66896 0.74329 0.00000
vn 0.09745 0.99524 0.00000
vn 0.63622 0.74329 -0.20672
vn 0.09268 0.99524 -0.03011
vn 0.54120 0.74329 -0.39321
vn 0.07884 0.99524 -0.05728
vn 0.39321 0.74329 -0.54120
vn 0.05728 0.99524 -0.07884
vn 0.20672 0.74329 -0.63622
vn 0.03011 0.99524 -0.09268
vn 0.00000 0.74329 -0.66896
vn 0.00000 0.99524 -0.09745
vn -0.20672 0.74329 -0.63622
vn -0.03011 0.99524 -0.09268
vn -0.39321 0.74329 -0.54120
vn -0.05728 0.99524 -0.07884
vn -0.54120 0.74329 -0.39321
vn -0.07884 0.99524 -0.05728
vn -0.63622 0.74329 -0.20672
vn -0.09268 0.99524 -0.03011
vn -0.66896 0.74329 -0.00000
vn -0.09745 0.99524 -0.00000
vn -0.63622 0.74329 0.20672
vn -0.09268 0.99524 0.03011
vn -0.54120 0.74329 0.39321
vn -0.07884 0.99524 0.05728
vn -0.39321 0.74329 0.54120
vn -0.05728 0.99524 0.07884
vn -0.20672 0.74329 0.63622
vn -0.03011 0.99524 0.09268
vn 0.01372 0.99901 0.04223
vn 0.00000 0.99901 0.04440
vn 0.02610 0.99901 0.03592
vn 0.03592 0.99901 0.02610
vn 0.04223 0.99901 0.01372
vn 0.04440 0.99901 0.00000
vn 0.04223 0.99901 -0.01372
vn 0.03592 0.99901 -0.02610
vn 0.02610 0.99901 -0.03592
vn 0.01372 0.99901 -0.04223
vn 0.00000 0.99901 -0.04440
vn -0.01372 0.99901 -0.04223
vn -0.02610 0.99901 -0.03592
vn -0.03592 0.99901 -0.02610
vn -0.04223 0.99901 -0.01372
vn -0.04440 0.99901 -0.00000
vn -0.04223 0.99901 0.01372
vn -0.03592 0.99901 0.02610
vn -0.02610 0.99901 0.03592
vn -0.01372 0.99901 0.04223
vn -0.00000 -1.00000 -0.00000
vn 0.00000 1.00000 0.00000
vn 0.00000 -0.44721 0.89443
vn 0.44721 -0.44721 0.77460
vn 0.49914 0.05872 0.86453
vn 0.00000 0.05872 0.99827
vn 0.77460 -0.44721 0.44721
vn 0.86453 0.05872 0.49914
vn 0.89443 -0.44721 0.00000
vn 0.99827 0.05872 0.00000
vn 0.77460 -0.44721 -0.44721
vn 0.86453 0.05872 -0.49914
vn 0.44721 -0.44721 -0.77460
vn 0.49914 0.05872 -0.86453
vn 0.00000 -0.44721 -0.89443
vn 0.00000 0.05872 -0.99827
vn -0.44721 -0.44721 -0.77460
vn -0.49914 0.05872 -0.86453
vn -0.77460 -0.44721 -0.44721
vn -0.86453 0.05872 -0.49914
vn -0.89443 -0.44721 -0.00000
vn -0.99827 0.05872 -0.00000
vn -0.77460 -0.44721 0.44721
vn -0.86453 0.05872 0.49914
vn -0.44721 -0.44721 0.77460
vn -0.49914 0.05872 0.86453
vn 0.26318 0.85027 0.45584
vn 0.00000 0.85027 0.52635
vn 0.45584 0.85027 0.26318
vn 0.52635 0.85027 0.00000
vn 0.45584 0.85027 -0.26318
vn 0.26318 0.85027 -0.45584
vn 0.00000 0.85027 -0.52635
vn -0.26318 0.85027 -0.45584
vn -0.45584 0.85027 -0.26318
vn -0.52635 0.85027 -0.00000
vn -0.45584 0.85027 0.26318
vn -0.26318 0.85027 0.45584
vn 0.05842 0.99315 0.10119
vn 0.00000 0.99315 0.11684
vn 0.10119 0.99315 0.05842
vn 0.11684 0.99315 0.00000
vn 0.10119 0.99315 -0.05842
vn 0.05842 0.99315 -0.10119
vn 0.00000 0.99315 -0.11684
vn -0.05842 0.99315 -0.10119
vn -0.10119 0.99315 -0.05842
vn -0.11684 0.99315 -0.00000
vn -0.10119 0.99315 0.05842
vn -0.05842 0.99315 0.10119
vn 0.00000 0.00389 0.99999
vn 0.70710 0.00389 0.70710
vn 0.99999 0.00389 0.00000
vn 0.70710 0.00389 -0.70710
vn 0.00000 0.00389 -0.99999
vn -0.70710 0.00389 -0.70710
vn -0.99999 0.00389 -0.00000
vn -0.70710 0.00389 0.70710
vn -0.00000 -0.98801 -0.15438
vn -0.03996 -0.98801 -0.14912
vn 0.11432 -0.89717 0.42663
vn 0.00000 -0.89717 0.44168
vn -0.07719 -0.98801 -0.13369
vn 0.22084 -0.89717 0.38251
vn -0.10916 -0.98801 -0.10916
vn 0.31232 -0.89717 0.31232
vn -0.13369 -0.98801 -0.07719
vn 0.38251 -0.89717 0.22084
vn -0.14912 -0.98801 -0.03996
vn 0.42663 -0.89717 0.11432
vn -0.15438 -0.98801 -0.00000
vn 0.44168 -0.89717 0.00000
vn -0.14912 -0.98801 0.03996
vn 0.42663 -0.89717 -0.11432
vn -0.13369 -0.98801 0.07719
vn 0.38251 -0.89717 -0.22084
vn -0.10916 -0.98801 0.10916
vn 0.31232 -0.89717 -0.31232
vn -0.07719 -0.98801 0.13369
vn 0.22084 -0.89717 -0.38251
vn -0.03996 -0.98801 0.14912
vn 0.11432 -0.89717 -0.42663
vn -0.00000 -0.98801 0.15438
vn 0.00000 -0.89717 -0.44168
vn 0.03996 -0.98801 0.14912
vn -0.11432 -0.89717 -0.42663
vn 0.07719 -0.98801 0.13369
vn -0.22084 -0.89717 -0.38251
vn 0.10916 -0.98801 0.10916
vn -0.31232 -0.89717 -0.31232
vn 0.13369 -0.98801 0.07719
vn -0.38251 -0.89717 -0.22084
vn 0.14912 -0.98801 0.03996
vn -0.42663 -0.89717 -0.11432
vn 0.15438 -0.98801 0.00000
vn -0.44168 -0.89717 -0.00000
vn 0.14912 -0.98801 -0.03996
vn -0.42663 -0.89717 0.11432
vn 0.13369 -0.98801 -0.07719
vn -0.38251 -0.89717 0.22084
vn 0.10916 -0.98801 -0.10916
vn -0.31232 -0.89717 0.31232
vn 0.07719 -0.98801 -0.13369
vn -0.22084 -0.89717 0.38251
vn 0.03996 -0.98801 -0.14912
vn -0.11432 -0.89717 0.42663
vn 0.17515 0.73624 0.65366
vn 0.00000 0.73624 0.67672
vn 0.33836 0.73624 0.58606
vn 0.47851 0.73624 0.47851
vn 0.58606 0.73624 0.33836
vn 0.65366 0.73624 0.17515
vn 0.67672 0.73624 0.00000
vn 0.65366 0.73624 -0.17515
vn 0.58606 0.73624 -0.33836
vn 0.47851 0.73624 -0.47851
vn 0.33836 0.73624 -0.58606
vn 0.17515 0.73624 -0.65366
vn 0.00000 0.73624 -0.67672
vn -0.17515 0.73624 -0.65366
vn -0.33836 0.73624 -0.58606
vn -0.47851 0.73624 -0.47851
vn -0.58606 0.73624 -0.33836
vn -0.65366 0.73624 -0.17515
vn -0.67672 0.73624 -0.00000
vn -0.65366 0.73624 0.17515
vn -0.58606 0.73624 0.33836
vn -0.47851 0.73624 0.47851
vn -0.33836 0.73624 0.58606
vn -0.17515 0.73624 0.65366
vn 0.18500 0.69935 0.69043
vn 0.00000 0.69935 0.71478
vn 0.35739 0.69935 0.61902
vn 0.50543 0.69935 0.50543
vn 0.61902 0.69935 0.35739
vn 0.69043 0.69935 0.18500
vn 0.71478 0.69935 0.00000
vn 0.69043 0.69935 -0.18500
vn 0.61902 0.69935 -0.35739
vn 0.50543 0.69935 -0.50543
vn 0.35739 0.69935 -0.61902
vn 0.18500 0.69935 -0.69043
vn 0.00000 0.69935 -0.71478
vn -0.18500 0.69935 -0.69043
vn -0.35739 0.69935 -0.61902
vn -0.50543 0.69935 -0.50543
vn -0.61902 0.69935 -0.35739
vn -0.69043 0.69935 -0.18500
vn -0.71478 0.69935 -0.00000
vn -0.69043 0.69935 0.18500
vn -0.61902 0.69935 0.35739
vn -0.50543 0.69935 0.50543
vn -0.35739 0.69935 0.61902
vn -0.18500 0.69935 0.69043
vn -0.07091 -0.98328 -0.16772
vn -0.11190 -0.98328 -0.14365
vn 0.29075 -0.88099 0.37324
vn 0.18424 -0.88099 0.43578
vn -0.14527 -0.98328 -0.10979
vn 0.37745 -0.88099 0.28527
vn -0.16873 -0.98328 -0.06845
vn 0.43842 -0.88099 0.17786
vn -0.18070 -0.98328 -0.02245
vn 0.46952 -0.88099 0.05833
vn -0.18035 -0.98328 0.02508
vn 0.46862 -0.88099 -0.06518
vn -0.16772 -0.98328 0.07091
vn 0.43578 -0.88099 -0.18424
vn -0.14365 -0.98328 0.11190
vn 0.37324 -0.88099 -0.29075
vn -0.10979 -0.98328 0.14527
vn 0.28527 -0.88099 -0.37745
vn -0.06845 -0.98328 0.16873
vn 0.17786 -0.88099 -0.43842
vn -0.02245 -0.98328 0.18070
vn 0.05833 -0.88099 -0.46952
vn 0.02508 -0.98328 0.18035
vn -0.06518 -0.88099 -0.46862
vn 0.07091 -0.98328 0.16772
vn -0.18424 -0.88099 -0.43578
vn 0.11190 -0.98328 0.14365
vn -0.29075 -0.88099 -0.37324
vn 0.14527 -0.98328 0.10979
vn -0.37745 -0.88099 -0.28527
vn 0.16873 -0.98328 0.06845
vn -0.43842 -0.88099 -0.17786
vn 0.18070 -0.98328 0.02245
vn -0.46952 -0.88099 -0.05833
vn 0.18035 -0.98328 -0.02508
vn -0.46862 -0.88099 0.06518
vn 0.16772 -0.98328 -0.07091
vn -0.43578 -0.88099 0.18424
vn 0.14365 -0.98328 -0.11190
vn -0.37324 -0.88099 0.29075
vn 0.10979 -0.98328 -0.14527
vn -0.28527 -0.88099 0.37745
vn 0.06845 -0.98328 -0.16873
vn -0.17786 -0.88099 0.43842
vn 0.02245 -0.98328 -0.18070
vn -0.05833 -0.88099 0.46952
vn -0.02508 -0.98328 -0.18035
vn 0.06518 -0.88099 0.46862
vn 0.43622 0.70437 0.55998
vn 0.27642 0.70437 0.65380
vn 0.56629 0.70437 0.42800
vn 0.65776 0.70437 0.26685
vn 0.70442 0.70437 0.08751
vn 0.70306 0.70437 -0.09779
vn 0.65380 0.70437 -0.27642
vn 0.55998 0.70437 -0.43622
vn 0.42800 0.70437 -0.56629
vn 0.26685 0.70437 -0.65776
vn 0.08751 0.70437 -0.70442
vn -0.09779 0.70437 -0.70306
vn -0.27642 0.70437 -0.65380
vn -0.43622 0.70437 -0.55998
vn -0.56629 0.70437 -0.42800
vn -0.65776 0.70437 -0.26685
vn -0.70442 0.70437 -0.08751
vn -0.70306 0.70437 0.09779
vn -0.65380 0.70437 0.27642
vn -0.55998 0.70437 0.43622
vn -0.42800 0.70437 0.56629
vn -0.26685 0.70437 0.65776
vn -0.08751 0.70437 0.70442
vn 0.09779 0.70437 0.70306
vn 0.45802 0.66672 0.58797
vn 0.29024 0.66672 0.68648
vn 0.59459 0.66672 0.44939
vn 0.69064 0.66672 0.28018
vn 0.73963 0.66672 0.09189
vn 0.73821 0.66672 -0.10268
vn 0.68648 0.66672 -0.29024
vn 0.58797 0.66672 -0.45802
vn 0.44939 0.66672 -0.59459
vn 0.28018 0.66672 -0.69064
vn 0.09189 0.66672 -0.73963
vn -0.10268 0.66672 -0.73821
vn -0.29024 0.66672 -0.68648
vn -0.45802 0.66672 -0.58797
vn -0.59459 0.66672 -0.44939
vn -0.69064 0.66672 -0.28018
vn -0.73963 0.66672 -0.09189
vn -0.73821 0.66672 0.10268
vn -0.68648 0.66672 0.29024
vn -0.58797 0.66672 0.45802
vn -0.44939 0.66672 0.59459
vn -0.28018 0.66672 0.69064
vn -0.09189 0.66672 0.73963
vn 0.10268 0.66672 0.73821
vn -0.16130 -0.97439 -0.15666
vn -0.19635 -0.97439 -0.10957
vn 0.45753 -0.85175 0.25532
vn 0.37586 -0.85175 0.36504
vn -0.21802 -0.97439 -0.05502
vn 0.50802 -0.85175 0.12820
vn -0.22484 -0.97439 0.00328
vn 0.52389 -0.85175 -0.00765
vn -0.21632 -0.97439 0.06136
vn 0.50406 -0.85175 -0.14298
vn -0.19307 -0.97439 0.11526
vn 0.44988 -0.85175 -0.26857
vn -0.15666 -0.97439 0.16130
vn 0.36504 -0.85175 -0.37586
vn -0.10957 -0.97439 0.19635
vn 0.25532 -0.85175 -0.45753
vn -0.05502 -0.97439 0.21802
vn 0.12820 -0.85175 -0.50802
vn 0.00328 -0.97439 0.22484
vn -0.00765 -0.85175 -0.52389
vn 0.06136 -0.97439 0.21632
vn -0.14298 -0.85175 -0.50406
vn 0.11526 -0.97439 0.19307
vn -0.26857 -0.85175 -0.44988
vn 0.16130 -0.97439 0.15666
vn -0.37586 -0.85175 -0.36504
vn 0.19635 -0.97439 0.10957
vn -0.45753 -0.85175 -0.25532
vn 0.21802 -0.97439 0.05502
vn -0.50802 -0.85175 -0.12820
vn 0.22484 -0.97439 -0.00328
vn -0.52389 -0.85175 0.00765
vn 0.21632 -0.97439 -0.06136
vn -0.50406 -0.85175 0.14298
vn 0.19307 -0.97439 -0.11526
vn -0.44988 -0.85175 0.26857
vn 0.15666 -0.97439 -0.16130
vn -0.36504 -0.85175 0.37586
vn 0.10957 -0.97439 -0.19635
vn -0.25532 -0.85175 0.45753
vn 0.05502 -0.97439 -0.21802
vn -0.12820 -0.85175 0.50802
vn -0.00328 -0.97439 -0.22484
vn 0.00765 -0.85175 0.52389
vn -0.06136 -0.97439 -0.21632
vn 0.14298 -0.85175 0.50406
vn -0.11526 -0.97439 -0.19307
vn 0.26857 -0.85175 0.44988
vn 0.65822 0.65713 0.36732
vn 0.54073 0.65713 0.52516
vn 0.73086 0.65713 0.18444
vn 0.75370 0.65713 -0.01101
vn 0.72517 0.65713 -0.20570
vn 0.64722 0.65713 -0.38638
vn 0.52516 0.65713 -0.54073
vn 0.36732 0.65713 -0.65822
vn 0.18444 0.65713 -0.73086
vn -0.01101 0.65713 -0.75370
vn -0.20570 0.65713 -0.72517
vn -0.38638 0.65713 -0.64722
vn -0.54073 0.65713 -0.52516
vn -0.65822 0.65713 -0.36732
vn -0.73086 0.65713 -0.18444
vn -0.75370 0.65713 0.01101
vn -0.72517 0.65713 0.20570
vn -0.64722 0.65713 0.38638
vn -0.52516 0.65713 0.54073
vn -0.36732 0.65713 0.65822
vn -0.18444 0.65713 0.73086
vn 0.01101 0.65713 0.75370
vn 0.20570 0.65713 0.72517
vn 0.38638 0.65713 0.64722
vn 0.68586 0.61896 0.38274
vn 0.56343 0.61896 0.54721
vn 0.76155 0.61896 0.19218
vn 0.78534 0.61896 -0.01147
vn 0.75561 0.61896 -0.21434
vn 0.67439 0.61896 -0.40260
vn 0.54721 0.61896 -0.56343
vn 0.38274 0.61896 -0.68586
vn 0.19218 0.61896 -0.76155
vn -0.01147 0.61896 -0.78534
vn -0.21434 0.61896 -0.75561
vn -0.40260 0.61896 -0.67439
vn -0.56343 0.61896 -0.54721
vn -0.68586 0.61896 -0.38274
vn -0.76155 0.61896 -0.19218
vn -0.78534 0.61896 0.01147
vn -0.75561 0.61896 0.21434
vn -0.67439 0.61896 0.40260
vn -0.54721 0.61896 0.56343
vn -0.38274 0.61896 0.68586
vn -0.19218 0.61896 0.76155
vn 0.01147 0.61896 0.78534
vn 0.21434 0.61896 0.75561
vn 0.40260 0.61896 0.67439
vn -0.27282 -0.95620 -0.10607
vn -0.29098 -0.95620 -0.03184
vn 0.59810 -0.79874 0.06545
vn 0.56078 -0.79874 0.21802
vn -0.28930 -0.95620 0.04455
vn 0.59466 -0.79874 -0.09158
vn -0.26791 -0.95620 0.11791
vn 0.55070 -0.79874 -0.24237
vn -0.22827 -0.95620 0.18324
vn 0.46920 -0.79874 -0.37664
vn -0.17306 -0.95620 0.23607
vn 0.35573 -0.79874 -0.48525
vn -0.10607 -0.95620 0.27282
vn 0.21802 -0.79874 -0.56078
vn -0.03184 -0.95620 0.29098
vn 0.06545 -0.79874 -0.59810
vn 0.04455 -0.95620 0.28930
vn -0.09158 -0.79874 -0.59466
vn 0.11791 -0.95620 0.26791
vn -0.24237 -0.79874 -0.55070
vn 0.18324 -0.95620 0.22827
vn -0.37664 -0.79874 -0.46920
vn 0.23607 -0.95620 0.17306
vn -0.48525 -0.79874 -0.35573
vn 0.27282 -0.95620 0.10607
vn -0.56078 -0.79874 -0.21802
vn 0.29098 -0.95620 0.03184
vn -0.59810 -0.79874 -0.06545
vn 0.28930 -0.95620 -0.04455
vn -0.59466 -0.79874 0.09158
vn 0.26791 -0.95620 -0.11791
vn -0.55070 -0.79874 0.24237
vn 0.22827 -0.95620 -0.18324
vn -0.46920 -0.79874 0.37664
vn 0.17306 -0.95620 -0.23607
vn -0.35573 -0.79874 0.48525
vn 0.10607 -0.95620 -0.27282
vn -0.21802 -0.79874 0.56078
vn 0.03184 -0.95620 -0.29098
vn -0.06545 -0.79874 0.59810
vn -0.04455 -0.95620 -0.28930
vn 0.09158 -0.79874 0.59466
vn -0.11791 -0.95620 -0.26791
vn 0.24237 -0.79874 0.55070
vn -0.18324 -0.95620 -0.22827
vn 0.37664 -0.79874 0.46920
vn -0.23607 -0.95620 -0.17306
vn 0.48525 -0.79874 0.35573
vn 0.80154 0.59147 0.08771
vn 0.75153 0.59147 0.29218
vn 0.79693 0.59147 -0.12273
vn 0.73801 0.59147 -0.32481
vn 0.62880 0.59147 -0.50475
vn 0.47673 0.59147 -0.65030
vn 0.29218 0.59147 -0.75153
vn 0.08771 0.59147 -0.80154
vn -0.12273 0.59147 -0.79693
vn -0.32481 0.59147 -0.73801
vn -0.50475 0.59147 -0.62880
vn -0.65030 0.59147 -0.47673
vn -0.75153 0.59147 -0.29218
vn -0.80154 0.59147 -0.08771
vn -0.79693 0.59147 0.12273
vn -0.73801 0.59147 0.32481
vn -0.62880 0.59147 0.50475
vn -0.47673 0.59147 0.65030
vn -0.29218 0.59147 0.75153
vn -0.08771 0.59147 0.80154
vn 0.12273 0.59147 0.79693
vn 0.32481 0.59147 0.73801
vn 0.50475 0.59147 0.62880
vn 0.65030 0.59147 0.47673
vn 0.82768 0.55384 0.09057
vn 0.77604 0.55384 0.30171
vn 0.82292 0.55384 -0.12673
vn 0.76208 0.55384 -0.33540
vn 0.64930 0.55384 -0.52121
vn 0.49228 0.55384 -0.67151
vn 0.30171 0.55384 -0.77604
vn 0.09057 0.55384 -0.82768
vn -0.12673 0.55384 -0.82292
vn -0.33540 0.55384 -0.76208
vn -0.52121 0.55384 -0.64930
vn -0.67151 0.55384 -0.49228
vn -0.77604 0.55384 -0.30171
vn -0.82768 0.55384 -0.09057
vn -0.82292 0.55384 0.12673
vn -0.76208 0.55384 0.33540
vn -0.64930 0.55384 0.52121
vn -0.49228 0.55384 0.67151
vn -0.30171 0.55384 0.77604
vn -0.09057 0.55384 0.82768
vn 0.12673 0.55384 0.82292
vn 0.33540 0.55384 0.76208
vn 0.52121 0.55384 0.64930
vn 0.67151 0.55384 0.49228
vn -0.41363 -0.91037 0.01208
vn -0.39641 -0.91037 0.11873
vn 0.69799 -0.68491 -0.20905
vn 0.72832 -0.68491 -0.02128
vn -0.35217 -0.91037 0.21728
vn 0.62010 -0.68491 -0.38258
vn -0.28393 -0.91037 0.30102
vn 0.49995 -0.68491 -0.53004
vn -0.19635 -0.91037 0.36425
vn 0.34573 -0.68491 -0.64138
vn -0.09538 -0.91037 0.40266
vn 0.16795 -0.68491 -0.70901
vn 0.01208 -0.91037 0.41363
vn -0.02128 -0.68491 -0.72832
vn 0.11873 -0.91037 0.39641
vn -0.20905 -0.68491 -0.69799
vn 0.21728 -0.91037 0.35217
vn -0.38258 -0.68491 -0.62010
vn 0.30102 -0.91037 0.28393
vn -0.53004 -0.68491 -0.49995
vn 0.36425 -0.91037 0.19635
vn -0.64138 -0.68491 -0.34573
vn 0.40266 -0.91037 0.09538
vn -0.70901 -0.68491 -0.16795
vn 0.41363 -0.91037 -0.01208
vn -0.72832 -0.68491 0.02128
vn 0.39641 -0.91037 -0.11873
vn -0.69799 -0.68491 0.20905
vn 0.35217 -0.91037 -0.21728
vn -0.62010 -0.68491 0.38258
vn 0.28393 -0.91037 -0.30102
vn -0.49995 -0.68491 0.53004
vn 0.19635 -0.91037 -0.36425
vn -0.34573 -0.68491 0.64138
vn 0.09538 -0.91037 -0.40266
vn -0.16795 -0.68491 0.70901
vn -0.01208 -0.91037 -0.41363
vn 0.02128 -0.68491 0.72832
vn -0.11873 -0.91037 -0.39641
vn 0.20905 -0.68491 0.69799
vn -0.21728 -0.91037 -0.35217
vn 0.38258 -0.68491 0.62010
vn -0.30102 -0.91037 -0.28393
vn 0.53004 -0.68491 0.49995
vn -0.36425 -0.91037 -0.19635
vn 0.64138 -0.68491 0.34573
vn -0.40266 -0.91037 -0.09538
vn 0.70901 -0.68491 0.16795
vn 0.83106 0.49738 -0.24891
vn 0.86716 0.49738 -0.02533
vn 0.73832 0.49738 -0.45552
vn 0.59526 0.49738 -0.63109
vn 0.41164 0.49738 -0.76365
vn 0.19997 0.49738 -0.84417
vn -0.02533 0.49738 -0.86716
vn -0.24891 0.49738 -0.83106
vn -0.45552 0.49738 -0.73832
vn -0.63109 0.49738 -0.59526
vn -0.76365 0.49738 -0.41164
vn -0.84417 0.49738 -0.19997
vn -0.86716 0.49738 0.02533
vn -0.83106 0.49738 0.24891
vn -0.73832 0.49738 0.45552
vn -0.59526 0.49738 0.63109
vn -0.41164 0.49738 0.76365
vn -0.19997 0.49738 0.84417
vn 0.02533 0.49738 0.86716
vn 0.24891 0.49738 0.83106
vn 0.45552 0.49738 0.73832
vn 0.63109 0.49738 0.59526
vn 0.76365 0.49738 0.41164
vn 0.84417 0.49738 0.19997
vn 0.84928 0.46262 -0.25436
vn 0.88618 0.46262 -0.02589
vn 0.75451 0.46262 -0.46551
vn 0.60832 0.46262 -0.64493
vn 0.42067 0.46262 -0.78040
vn 0.20435 0.46262 -0.86268
vn -0.02589 0.46262 -0.88618
vn -0.25436 0.46262 -0.84928
vn -0.46551 0.46262 -0.75451
vn -0.64493 0.46262 -0.60832
vn -0.78040 0.46262 -0.42067
vn -0.86268 0.46262 -0.20435
vn -0.88618 0.46262 0.02589
vn -0.84928 0.46262 0.25436
vn -0.75451 0.46262 0.46551
vn -0.60832 0.46262 0.64493
vn -0.42067 0.46262 0.78040
vn -0.20435 0.46262 0.86268
vn 0.02589 0.46262 0.88618
vn 0.25436 0.46262 0.84928
vn 0.46551 0.46262 0.75451
vn 0.64493 0.46262 0.60832
vn 0.78040 0.46262 0.42067
vn 0.86268 0.46262 0.20435
vn -0.60161 -0.74984 0.27533
vn -0.50985 -0.74984 0.42166
vn 0.68794 -0.45061 -0.56894
vn 0.81175 -0.45061 -0.37150
vn -0.38334 -0.74984 0.53925
vn 0.51724 -0.45061 -0.72760
vn -0.23071 -0.74984 0.62009
vn 0.31130 -0.45061 -0.83668
vn -0.06236 -0.74984 0.65868
vn 0.08414 -0.45061 -0.88875
vn 0.11024 -0.74984 0.65237
vn -0.14875 -0.45061 -0.88024
vn 0.27533 -0.74984 0.60161
vn -0.37150 -0.45061 -0.81175
vn 0.42166 -0.74984 0.50985
vn -0.56894 -0.45061 -0.68794
vn 0.53925 -0.74984 0.38334
vn -0.72760 -0.45061 -0.51724
vn 0.62009 -0.74984 0.23071
vn -0.83668 -0.45061 -0.31130
vn 0.65868 -0.74984 0.06236
vn -0.88875 -0.45061 -0.08414
vn 0.65237 -0.74984 -0.11024
vn -0.88024 -0.45061 0.14875
vn 0.60161 -0.74984 -0.27533
vn -0.81175 -0.45061 0.37150
vn 0.50985 -0.74984 -0.42166
vn -0.68794 -0.45061 0.56894
vn 0.38334 -0.74984 -0.53925
vn -0.51724 -0.45061 0.72760
vn 0.23071 -0.74984 -0.62009
vn -0.31130 -0.45061 0.83668
vn 0.06236 -0.74984 -0.65868
vn -0.08414 -0.45061 0.88875
vn -0.11024 -0.74984 -0.65237
vn 0.14875 -0.45061 0.88024
vn -0.27533 -0.74984 -0.60161
vn 0.37150 -0.45061 0.81175
vn -0.42166 -0.74984 -0.50985
vn 0.56894 -0.45061 0.68794
vn -0.53925 -0.74984 -0.38334
vn 0.72760 -0.45061 0.51724
vn -0.62009 -0.74984 -0.23071
vn 0.83668 -0.45061 0.31130
vn -0.65868 -0.74984 -0.06236
vn 0.88875 -0.45061 0.08414
vn -0.65237 -0.74984 0.11024
vn 0.88024 -0.45061 -0.14875
vn 0.69184 0.44042 -0.57217
vn 0.81636 0.44042 -0.37361
vn 0.52018 0.44042 -0.73174
vn 0.31307 0.44042 -0.84144
vn 0.08462 0.44042 -0.89379
vn -0.14959 0.44042 -0.88524
vn -0.37361 0.44042 -0.81636
vn -0.57217 0.44042 -0.69184
vn -0.73174 0.44042 -0.52018
vn -0.84144 0.44042 -0.31307
vn -0.89379 0.44042 -0.08462
vn -0.88524 0.44042 0.14959
vn -0.81636 0.44042 0.37361
vn -0.69184 0.44042 0.57217
vn -0.52018 0.44042 0.73174
vn -0.31307 0.44042 0.84144
vn -0.08462 0.44042 0.89379
vn 0.14959 0.44042 0.88524
vn 0.37361 0.44042 0.81636
vn 0.57217 0.44042 0.69184
vn 0.73174 0.44042 0.52018
vn 0.84144 0.44042 0.31307
vn 0.89379 0.44042 0.08462
vn 0.88524 0.44042 -0.14959
vn 0.75933 0.44348 -0.47617
vn 0.61022 0.44348 -0.65648
vn 0.41951 0.44348 -0.79204
vn 0.20022 0.44348 -0.87363
vn -0.03271 0.44348 -0.89569
vn -0.26342 0.44348 -0.85670
vn -0.47617 0.44348 -0.75933
vn -0.65648 0.44348 -0.61022
vn -0.79204 0.44348 -0.41951
vn -0.87363 0.44348 -0.20022
vn -0.89569 0.44348 0.03271
vn -0.85670 0.44348 0.26342
vn -0.75933 0.44348 0.47617
vn -0.61022 0.44348 0.65648
vn -0.41951 0.44348 0.79204
vn -0.20022 0.44348 0.87363
vn 0.03271 0.44348 0.89569
vn 0.26342 0.44348 0.85670
vn 0.47617 0.44348 0.75933
vn 0.65648 0.44348 0.61022
vn 0.79204 0.44348 0.41951
vn 0.87363 0.44348 0.20022
vn 0.89569 0.44348 -0.03271
vn 0.85670 0.44348 -0.26342
vn 0.25969 -0.73451 0.62694
vn 0.50000 -0.70711 0.50000
vn 0.00000 -0.70711 0.70711
vn 0.62694 -0.73451 0.25969
vn 0.70711 -0.70711 0.00000
vn 0.62694 -0.73451 -0.25969
vn 0.50000 -0.70711 -0.50000
vn 0.25969 -0.73451 -0.62694
vn 0.00000 -0.70711 -0.70711
vn -0.25969 -0.73451 -0.62694
vn -0.50000 -0.70711 -0.50000
vn -0.62694 -0.73451 -0.25969
vn -0.70711 -0.70711 -0.00000
vn -0.62694 -0.73451 0.25969
vn -0.50000 -0.70711 0.50000
vn -0.25969 -0.73451 0.62694
vn 0.70711 0.00000 0.70711
vn 0.00000 0.00000 1.00000
vn 1.00000 0.00000 0.00000
vn 0.70711 0.00000 -0.70711
vn 0.00000 0.00000 -1.00000
vn -0.70711 -0.00000 -0.70711
vn -1.00000 -0.00000 -0.00000
vn -0.70711 0.00000 0.70711
vn 0.50000 0.70711 0.50000
vn 0.00000 0.70711 0.70711
vn 0.70711 0.70711 0.00000
vn 0.50000 0.70711 -0.50000
vn 0.00000 0.70711 -0.70711
vn -0.50000 0.70711 -0.50000
vn -0.70711 0.70711 -0.00000
vn -0.50000 0.70711 0.50000
vn 0.25969 0.73451 0.62694
vn 0.62694 0.73451 0.25969
vn 0.62694 0.73451 -0.25969
vn 0.25969 0.73451 -0.62694
vn -0.25969 0.73451 -0.62694
vn -0.62694 0.73451 -0.25969
vn -0.62694 0.73451 0.25969
vn -0.25969 0.73451 0.62694
vn 0.99520 -0.00000 -0.09783
vn -0.01677 -0.98520 -0.17059
vn 0.01677 0.98520 0.17059
vn -0.99520 0.00000 0.09783
vn 0.99581 -0.03179 0.08571
vn -0.02024 -0.99099 -0.13243
vn 0.02024 0.99099 0.13243
vn -0.99581 0.03179 -0.08571
vn 0.95468 -0.05850 0.29182
vn -0.03519 -0.99580 -0.08448
vn 0.03519 0.99580 0.08448
vn -0.95468 0.05850 -0.29182
vn 0.86373 -0.07283 0.49867
vn -0.06307 -0.99734 -0.03641
vn 0.06307 0.99734 0.03641
vn -0.86373 0.07283 -0.49867
vn 0.72887 -0.07096 0.68097
vn -0.09989 -0.99499 0.00324
vn 0.09989 0.99499 -0.00324
vn -0.72887 0.07096 -0.68097
vn 0.56913 -0.05447 0.82044
vn -0.13787 -0.99000 0.02992
vn 0.13787 0.99000 -0.02992
vn -0.56913 0.05447 -0.82044
vn 0.40806 -0.02925 0.91249
vn -0.16832 -0.98476 0.04370
vn 0.16832 0.98476 -0.04370
vn -0.40806 0.02925 -0.91249
vn 0.49945 -0.04698 0.86507
vn -0.02349 -0.99890 -0.04068
vn 0.02349 0.99890 0.04068
vn -0.49945 0.04698 -0.86507
vn 0.58828 -0.04671 0.80731
vn 0.11159 -0.98409 -0.13826
vn -0.11159 0.98409 0.13826
vn -0.58828 0.04671 -0.80731
vn 0.42809 -0.07795 0.90037
vn 0.08471 -0.98843 -0.12585
vn -0.08471 0.98843 0.12585
vn -0.42809 0.07795 -0.90037
vn 0.22692 -0.10385 0.96836
vn 0.04526 -0.99210 -0.11700
vn -0.04526 0.99210 0.11700
vn -0.22692 0.10385 -0.96836
vn -0.00000 -0.11712 0.99312
vn 0.00000 -0.99312 -0.11712
vn -0.00000 0.99312 0.11712
vn 0.00000 0.11712 -0.99312
vn -0.22738 -0.11405 0.96710
vn -0.04293 -0.99098 -0.12696
vn 0.04293 0.99098 0.12696
vn 0.22738 0.11405 -0.96710
vn -0.42960 -0.09642 0.89786
vn -0.07669 -0.98680 -0.14267
vn 0.07669 0.98680 0.14267
vn 0.42960 0.09642 -0.89786
vn -0.59078 -0.07029 0.80376
vn -0.09745 -0.98269 -0.15757
vn 0.09745 0.98269 0.15757
vn 0.59078 0.07029 -0.80376
vn -0.49802 -0.08893 0.86259
vn 0.04446 -0.99604 -0.07701
vn -0.04446 0.99604 0.07701
vn 0.49802 0.08893 -0.86259
vn -0.39721 -0.08836 0.91346
vn 0.19252 -0.98123 -0.01120
vn -0.19252 0.98123 0.01120
vn 0.39721 0.08836 -0.91346
vn -0.55891 -0.11903 0.82064
vn 0.17476 -0.98433 -0.02375
vn -0.17476 0.98433 0.02375
vn 0.55891 0.11903 -0.82064
vn -0.71952 -0.14413 0.67935
vn 0.15336 -0.98705 -0.04698
vn -0.15336 0.98705 0.04698
vn 0.71952 0.14413 -0.67935
vn -0.85537 -0.15641 0.49385
vn 0.13545 -0.98769 -0.07820
vn -0.13545 0.98769 0.07820
vn 0.85537 0.15641 -0.49385
vn -0.94710 -0.15226 0.28254
vn 0.12518 -0.98583 -0.11166
vn -0.12518 0.98583 0.11166
vn 0.94710 0.15226 -0.28254
vn -0.98844 -0.13362 0.07163
vn 0.12263 -0.98245 -0.14055
vn -0.12263 0.98245 0.14055
vn 0.98844 0.13362 -0.07163
vn -0.98753 -0.10670 -0.11573
vn 0.12446 -0.97940 -0.15900
vn -0.12446 0.97940 0.15900
vn 0.98753 0.10670 0.11573
vn -0.99202 -0.12606 -0.00000
vn 0.12606 -0.99202 -0.00000
vn -0.12606 0.99202 0.00000
vn 0.99202 0.12606 0.00000
vn -0.98501 -0.12517 0.11871
vn 0.14307 -0.97721 0.15678
vn -0.14307 0.97721 -0.15678
vn 0.98501 0.12517 -0.11871
vn -0.98549 -0.15528 -0.06851
vn 0.14442 -0.97926 0.14210
vn -0.14442 0.97926 -0.14210
vn 0.98549 0.15528 0.06851
vn -0.94325 -0.17964 -0.27932
vn 0.15149 -0.98121 0.11948
vn -0.15149 0.98121 -0.11948
vn 0.94325 0.17964 0.27932
vn -0.85008 -0.19100 -0.49079
vn 0.16541 -0.98159 0.09550
vn -0.16541 0.98159 -0.09550
vn 0.85008 0.19100 0.49079
vn -0.71236 -0.18589 -0.67675
vn 0.18376 -0.98005 0.07577
vn -0.18376 0.98005 -0.07577
vn 0.71236 0.18589 0.67675
vn -0.54982 -0.16638 -0.81854
vn 0.20152 -0.97744 0.06331
vn -0.20152 0.97744 -0.06331
vn 0.54982 0.16638 0.81854
vn -0.38677 -0.13879 -0.91167
vn 0.21273 -0.97537 0.05824
vn -0.21273 0.97537 -0.05824
vn 0.38677 0.13879 0.91167
vn -0.49366 -0.15872 -0.85505
vn 0.07936 -0.98732 0.13746
vn -0.07936 0.98732 -0.13746
vn 0.49366 0.15872 0.85505
vn -0.59711 -0.15750 -0.78654
vn -0.04447 -0.97253 0.22850
vn 0.04447 0.97253 -0.22850
vn 0.59711 0.15750 0.78654
vn -0.43484 -0.18708 -0.88086
vn -0.03671 -0.97369 0.22492
vn 0.03671 0.97369 -0.22492
vn 0.43484 0.18708 0.88086
vn -0.23049 -0.21075 -0.94998
vn -0.02041 -0.97500 0.22125
vn 0.02041 0.97500 -0.22125
vn 0.23049 0.21075 0.94998
vn -0.00000 -0.22130 -0.97521
vn -0.00000 -0.97521 0.22130
vn 0.00000 0.97521 -0.22130
vn 0.00000 0.22130 0.97521
vn 0.23059 -0.21534 -0.94893
vn 0.01932 -0.97400 0.22572
vn -0.01932 0.97400 -0.22572
vn -0.23059 0.21534 0.94893
vn 0.43513 -0.19507 -0.87898
vn 0.03314 -0.97212 0.23214
vn -0.03314 0.97212 -0.23214
vn -0.43513 0.19507 0.87898
vn 0.59752 -0.16692 -0.78429
vn 0.03868 -0.97095 0.23612
vn -0.03868 0.97095 -0.23612
vn -0.59752 0.16692 0.78429
vn 0.49115 -0.18731 -0.85070
vn -0.09365 -0.98230 0.16221
vn 0.09365 0.98230 -0.16221
vn -0.49115 0.18731 0.85070
vn 0.37603 -0.18576 -0.90779
vn -0.23117 -0.96753 0.10223
vn 0.23117 0.96753 -0.10223
vn -0.37603 0.18576 0.90779
vn 0.53910 -0.21485 -0.81437
vn -0.22865 -0.96794 0.10400
vn 0.22865 0.96794 -0.10400
vn -0.53910 0.21485 0.81437
vn 0.70155 -0.23790 -0.67174
vn -0.22150 -0.96874 0.11176
vn 0.22150 0.96874 -0.11176
vn -0.70155 0.23790 0.67174
vn 0.83903 -0.24773 -0.48442
vn -0.21454 -0.96883 0.12386
vn 0.21454 0.96883 -0.12386
vn -0.83903 0.24773 0.48442
vn 0.93184 -0.24102 -0.27125
vn -0.21054 -0.96796 0.13682
vn 0.21054 0.96796 -0.13682
vn -0.93184 0.24102 0.27125
vn 0.97369 -0.22011 -0.05890
vn -0.20969 -0.96675 0.14634
vn 0.20969 0.96675 -0.14634
vn -0.97369 0.22011 0.05890
vn 0.97296 -0.19149 0.12912
vn -0.20989 -0.96641 0.14833
vn 0.20989 0.96641 -0.14833
vn -0.97296 0.19149 -0.12912
vn 0.97722 -0.21223 -0.00000
vn -0.21223 -0.97722 -0.00000
vn 0.21223 0.97722 0.00000
vn -0.97722 0.21223 0.00000
vn 0.99779 -0.00000 -0.06646
vn -0.01078 -0.98676 -0.16184
vn 0.01078 0.98676 0.16184
vn -0.99779 0.00000 0.06646
vn 0.99504 -0.02660 0.09587
vn -0.01336 -0.99060 -0.13616
vn 0.01336 0.99060 0.13616
vn -0.99504 0.02660 -0.09587
vn 0.96093 -0.05037 0.27215
vn -0.02276 -0.99435 -0.10365
vn 0.02276 0.99435 0.10365
vn -0.96093 0.05037 -0.27215
vn 0.89004 -0.06737 0.45088
vn -0.04038 -0.99678 -0.06923
vn 0.04038 0.99678 0.06923
vn -0.89004 0.06737 -0.45088
vn 0.78264 -0.07463 0.61798
vn -0.06538 -0.99715 -0.03761
vn 0.06538 0.99715 0.03761
vn -0.78264 0.07463 -0.61798
vn 0.64571 -0.07102 0.76027
vn -0.09496 -0.99541 -0.01233
vn 0.09496 0.99541 0.01233
vn -0.64571 0.07102 -0.76027
vn 0.49129 -0.05763 0.86909
vn -0.12502 -0.99214 0.00488
vn 0.12502 0.99214 -0.00488
vn -0.49129 0.05763 -0.86909
vn 0.33303 -0.03733 0.94218
vn -0.15109 -0.98842 0.01424
vn 0.15109 0.98842 -0.01424
vn -0.33303 0.03733 -0.94218
vn 0.26667 -0.02688 0.96341
vn -0.10244 -0.99474 0.00060
vn 0.10244 0.99474 -0.00060
vn -0.26667 0.02688 -0.96341
vn 0.33653 -0.03409 0.94106
vn 0.05011 -0.99728 -0.05405
vn -0.05011 0.99728 0.05405
vn -0.33653 0.03409 -0.94106
vn 0.31603 -0.03550 0.94808
vn 0.13388 -0.98763 -0.08161
vn -0.13388 0.98763 0.08161
vn -0.31603 0.03550 -0.94808
vn 0.15012 -0.06119 0.98677
vn 0.10897 -0.99098 -0.07803
vn -0.10897 0.99098 0.07803
vn -0.15012 0.06119 -0.98677
vn -0.03581 -0.08236 0.99596
vn 0.07742 -0.99383 -0.07940
vn -0.07742 0.99383 0.07940
vn 0.03581 0.08236 -0.99596
vn -0.23046 -0.09532 0.96840
vn 0.04345 -0.99521 -0.08762
vn -0.04345 0.99521 0.08762
vn 0.23046 0.09532 -0.96840
vn -0.41930 -0.09777 0.90257
vn 0.01135 -0.99467 -0.10247
vn -0.01135 0.99467 0.10247
vn 0.41930 0.09777 -0.90257
vn -0.58818 -0.08952 0.80376
vn -0.01539 -0.99244 -0.12179
vn 0.01539 0.99244 0.12179
vn 0.58818 0.08952 -0.80376
vn -0.72715 -0.07250 0.68264
vn -0.03471 -0.98925 -0.14203
vn 0.03471 0.98925 0.14203
vn 0.72715 0.07250 -0.68264
vn -0.83231 -0.05006 0.55204
vn -0.04612 -0.98621 -0.15896
vn 0.04612 0.98621 0.15896
vn 0.83231 0.05006 -0.55204
vn -0.81631 -0.05451 0.57503
vn 0.02605 -0.99800 -0.05762
vn -0.02605 0.99800 0.05762
vn 0.81631 0.05451 -0.57503
vn -0.76947 -0.05682 0.63614
vn 0.12731 -0.98969 0.06560
vn -0.12731 0.98969 -0.06560
vn 0.76947 0.05682 -0.63614
vn -0.83784 -0.07191 0.54116
vn 0.13645 -0.98741 0.08006
vn -0.13645 0.98741 -0.08006
vn 0.83784 0.07191 -0.54116
vn -0.91885 -0.09595 0.38276
vn 0.12767 -0.99010 0.05829
vn -0.12767 0.99010 -0.05829
vn 0.91885 0.09595 -0.38276
vn -0.97341 -0.11381 0.19878
vn 0.12221 -0.99204 0.03045
vn -0.12221 0.99204 -0.03045
vn 0.97341 0.11381 -0.19878
vn -0.99250 -0.12227 0.00000
vn 0.12227 -0.99250 0.00000
vn -0.12227 0.99250 -0.00000
vn 0.99250 0.12227 -0.00000
vn -0.97265 -0.11982 -0.19896
vn 0.12810 -0.99133 -0.02924
vn -0.12810 0.99133 0.02924
vn 0.97265 0.11982 0.19896
vn -0.91734 -0.10723 -0.38340
vn 0.13814 -0.98894 -0.05393
vn -0.13814 0.98894 0.05393
vn 0.91734 0.10723 0.38340
vn -0.83563 -0.08715 -0.54233
vn 0.14938 -0.98618 -0.07169
vn -0.14938 0.98618 0.07169
vn 0.83563 0.08715 0.54233
vn -0.76771 -0.06999 -0.63696
vn 0.13754 -0.98885 -0.05712
vn -0.13754 0.98885 0.05712
vn 0.76771 0.06999 0.63696
vn -0.81537 -0.08029 -0.57335
vn 0.04714 -0.99626 0.07247
vn -0.04714 0.99626 -0.07247
vn 0.81537 0.08029 0.57335
vn -0.83332 -0.07923 -0.54709
vn -0.02146 -0.98429 0.17523
vn 0.02146 0.98429 -0.17523
vn 0.83332 0.07923 0.54709
vn -0.72789 -0.10477 -0.67764
vn -0.01094 -0.98636 0.16425
vn 0.01094 0.98636 -0.16425
vn 0.72789 0.10477 0.67764
vn -0.58835 -0.12647 -0.79866
vn 0.00656 -0.98841 0.15168
vn -0.00656 0.98841 -0.15168
vn 0.58835 0.12647 0.79866
vn -0.41842 -0.14048 -0.89732
vn 0.02939 -0.98954 0.14121
vn -0.02939 0.98954 -0.14121
vn 0.41842 0.14048 0.89732
vn -0.22804 -0.14419 -0.96292
vn 0.05474 -0.98931 0.13517
vn -0.05474 0.98931 -0.13517
vn 0.22804 0.14419 0.96292
vn -0.03149 -0.13702 -0.99007
vn 0.07928 -0.98778 0.13418
vn -0.07928 0.98778 -0.13418
vn 0.03149 0.13702 0.99007
vn 0.15639 -0.12062 -0.98030
vn 0.09976 -0.98551 0.13717
vn -0.09976 0.98551 -0.13717
vn -0.15639 0.12062 0.98030
vn 0.32390 -0.09819 -0.94098
vn 0.11353 -0.98338 0.14169
vn -0.11353 0.98338 -0.14169
vn -0.32390 0.09819 0.94098
vn 0.33898 -0.09571 -0.93591
vn 0.02920 -0.99326 0.11216
vn -0.02920 0.99326 -0.11216
vn -0.33898 0.09571 0.93591
vn 0.25830 -0.10089 -0.96078
vn -0.12201 -0.98997 0.07116
vn 0.12201 0.98997 -0.07116
vn -0.25830 0.10089 0.96078
vn 0.32149 -0.10725 -0.94082
vn -0.17430 -0.98329 0.05253
vn 0.17430 0.98329 -0.05253
vn -0.32149 0.10725 0.94082
vn 0.48059 -0.13151 -0.86703
vn -0.16134 -0.98507 0.05999
vn 0.16134 0.98507 -0.05999
vn -0.48059 0.13151 0.86703
vn 0.63607 -0.15026 -0.75686
vn -0.14621 -0.98656 0.07299
vn 0.14621 0.98656 -0.07299
vn -0.63607 0.15026 0.75686
vn 0.77413 -0.16004 -0.61247
vn -0.13240 -0.98705 0.09058
vn 0.13240 0.98705 -0.09058
vn -0.77413 0.16004 0.61247
vn 0.88252 -0.15899 -0.44258
vn -0.12227 -0.98633 0.11051
vn 0.12227 0.98633 -0.11051
vn -0.88252 0.15899 0.44258
vn 0.95409 -0.14748 -0.26070
vn -0.11674 -0.98464 0.12980
vn 0.11674 0.98464 -0.12980
vn -0.95409 0.14748 0.26070
vn 0.98844 -0.12792 -0.08142
vn -0.11521 -0.98266 0.14526
vn 0.11521 0.98266 -0.14526
vn -0.98844 0.12792 0.08142
vn 0.99111 -0.10391 0.08313
vn -0.11579 -0.98127 0.15395
vn 0.11579 0.98127 -0.15395
vn -0.99111 0.10391 -0.08313
vn 0.99311 -0.11719 -0.00000
vn -0.11719 -0.99311 -0.00000
vn 0.11719 0.99311 0.00000
vn -0.99311 0.11719 0.00000
vn 0.99561 -0.00000 -0.09358
vn -0.01942 -0.97823 -0.20660
vn 0.01942 0.97823 0.20660
vn -0.99561 0.00000 0.09358
vn 0.99548 -0.03814 0.08701
vn -0.02375 -0.98670 -0.16079
vn 0.02375 0.98670 0.16079
vn -0.99548 0.03814 -0.08701
vn 0.95399 -0.07045 0.29143
vn -0.04204 -0.99383 -0.10265
vn 0.04204 0.99383 0.10265
vn -0.95399 0.07045 -0.29143
vn 0.86267 -0.08793 0.49806
vn -0.07615 -0.99613 -0.04397
vn 0.07615 0.99613 0.04397
vn -0.86267 0.08793 -0.49806
vn 0.72761 -0.08566 0.68062
vn -0.12107 -0.99263 0.00449
vn 0.12107 0.99263 -0.00449
vn -0.72761 0.08566 -0.68062
vn 0.56865 -0.06564 0.81996
vn -0.16705 -0.98526 0.03697
vn 0.16705 0.98526 -0.03697
vn -0.56865 0.06564 -0.81996
vn 0.40969 -0.03526 0.91154
vn -0.20353 -0.97760 0.05367
vn 0.20353 0.97760 -0.05367
vn -0.40969 0.03526 -0.91154
vn 0.49920 -0.05647 0.86464
vn -0.02823 -0.99840 -0.04890
vn 0.02823 0.99840 0.04890
vn -0.49920 0.05647 -0.86464
vn 0.58761 -0.05615 0.80720
vn 0.13571 -0.97662 -0.16673
vn -0.13571 0.97662 0.16673
vn -0.58761 0.05615 -0.80720
vn 0.42891 -0.09379 0.89847
vn 0.10332 -0.98298 -0.15193
vn -0.10332 0.98298 0.15193
vn -0.42891 0.09379 -0.89847
vn 0.22802 -0.12527 0.96556
vn 0.05536 -0.98842 -0.14131
vn -0.05536 0.98842 0.14131
vn -0.22802 0.12527 -0.96556
vn 0.00000 -0.14153 0.98993
vn 0.00000 -0.98993 -0.14153
vn 0.00000 0.98993 0.14153
vn -0.00000 0.14153 -0.98993
vn -0.22870 -0.13778 0.96370
vn -0.05247 -0.98675 -0.15352
vn 0.05247 0.98675 0.15352
vn 0.22870 0.13778 -0.96370
vn -0.43116 -0.11629 0.89475
vn -0.09347 -0.98057 -0.17248
vn 0.09347 0.98057 0.17248
vn 0.43116 0.11629 -0.89475
vn -0.59133 -0.08470 0.80197
vn -0.11846 -0.97456 -0.19027
vn 0.11846 0.97456 0.19027
vn 0.59133 0.08470 -0.80197
vn -0.49709 -0.10768 0.86099
vn 0.05384 -0.99419 -0.09325
vn -0.05384 0.99419 0.09325
vn 0.49709 0.10768 -0.86099
vn -0.39364 -0.10695 0.91302
vn 0.23307 -0.97237 -0.01342
vn -0.23307 0.97237 0.01342
vn 0.39364 0.10695 -0.91302
vn -0.55352 -0.14400 0.82029
vn 0.21186 -0.97688 -0.02853
vn -0.21186 0.97688 0.02853
vn 0.55352 0.14400 -0.82029
vn -0.71377 -0.17460 0.67826
vn 0.18603 -0.98090 -0.05675
vn -0.18603 0.98090 0.05675
vn 0.71377 0.17460 -0.67826
vn -0.85031 -0.18966 0.49092
vn 0.16425 -0.98185 -0.09483
vn -0.16425 0.98185 0.09483
vn 0.85031 0.18966 -0.49092
vn -0.94279 -0.18453 0.27766
vn 0.15172 -0.97909 -0.13555
vn -0.15172 0.97909 0.13555
vn 0.94279 0.18453 -0.27766
vn -0.98462 -0.16173 0.06613
vn 0.14855 -0.97411 -0.17044
vn -0.14855 0.97411 0.17044
vn 0.98462 0.16173 -0.06613
vn -0.98434 -0.12911 -0.12003
vn 0.15066 -0.96967 -0.19245
vn -0.15066 0.96967 0.19245
vn 0.98434 0.12911 0.12003
vn -0.98814 -0.15353 0.00000
vn 0.15353 -0.98814 0.00000
vn -0.15353 0.98814 -0.00000
vn 0.98814 0.15353 -0.00000
vn -0.98044 -0.15233 0.12461
vn 0.17422 -0.96630 0.18951
vn -0.17422 0.96630 -0.18951
vn 0.98044 0.15233 -0.12461
vn -0.98011 -0.18874 -0.06137
vn 0.17587 -0.96923 0.17222
vn -0.17587 0.96923 -0.17222
vn 0.98011 0.18874 0.06137
vn -0.93694 -0.21847 -0.27277
vn 0.18442 -0.97207 0.14513
vn -0.18442 0.97207 -0.14513
vn 0.93694 0.21847 0.27277
vn -0.84231 -0.23240 -0.48631
vn 0.20127 -0.97262 0.11620
vn -0.20127 0.97262 -0.11620
vn 0.84231 0.23240 0.48631
vn -0.70298 -0.22603 -0.67433
vn 0.22337 -0.97034 0.09240
vn -0.22337 0.97034 -0.09240
vn 0.70298 0.22603 0.67433
vn -0.53988 -0.20208 -0.81712
vn 0.24454 -0.96654 0.07747
vn -0.24454 0.96654 -0.07747
vn 0.53988 0.20208 0.81712
vn -0.37801 -0.16860 -0.91032
vn 0.25764 -0.96359 0.07148
vn -0.25764 0.96359 -0.07148
vn 0.37801 0.16860 0.91032
vn -0.49048 -0.19416 -0.84954
vn 0.09708 -0.98097 0.16815
vn -0.09708 0.98097 -0.16815
vn 0.49048 0.19416 0.84954
vn -0.60083 -0.19246 -0.77587
vn -0.05203 -0.95911 0.27820
vn 0.05203 0.95911 -0.27820
vn 0.60083 0.19246 0.77587
vn -0.43905 -0.22824 -0.86899
vn -0.04328 -0.96070 0.27420
vn 0.04328 0.96070 -0.27420
vn 0.43905 0.22824 0.86899
vn -0.23340 -0.25714 -0.93777
vn -0.02417 -0.96257 0.26995
vn 0.02417 0.96257 -0.26995
vn 0.23340 0.25714 0.93777
vn -0.00000 -0.27003 -0.96285
vn 0.00000 -0.96285 0.27003
vn -0.00000 0.96285 -0.27003
vn 0.00000 0.27003 0.96285
vn 0.23353 -0.26257 -0.93623
vn 0.02285 -0.96110 0.27524
vn -0.02285 0.96110 -0.27524
vn -0.23353 0.26257 0.93623
vn 0.43945 -0.23763 -0.86626
vn 0.03898 -0.95842 0.28269
vn -0.03898 0.95842 -0.28269
vn -0.43945 0.23763 0.86626
vn 0.60138 -0.20343 -0.77263
vn 0.04514 -0.95685 0.28707
vn -0.04514 0.95685 -0.28707
vn -0.60138 0.20343 0.77263
vn 0.48661 -0.22990 -0.84283
vn -0.11495 -0.97321 0.19910
vn 0.11495 0.97321 -0.19910
vn -0.48661 0.22990 0.84283
vn 0.36142 -0.22767 -0.90418
vn -0.28045 -0.95137 0.12745
vn 0.28045 0.95137 -0.12745
vn -0.36142 0.22767 0.90418
vn 0.52332 -0.26286 -0.81058
vn -0.27822 -0.95181 0.12903
vn 0.27822 0.95181 -0.12903
vn -0.52332 0.26286 0.81058
vn 0.68631 -0.29098 -0.66656
vn -0.27028 -0.95289 0.13768
vn 0.27028 0.95289 -0.13768
vn -0.68631 0.29098 0.66656
vn 0.82533 -0.30295 -0.47650
vn -0.26236 -0.95301 0.15147
vn 0.26236 0.95301 -0.15147
vn -0.82533 0.30295 0.47650
vn 0.91946 -0.29453 -0.26047
vn -0.25780 -0.95180 0.16621
vn 0.25780 0.95180 -0.16621
vn -0.91946 0.29453 0.26047
vn 0.96207 -0.26876 -0.04682
vn -0.25683 -0.95016 0.17673
vn 0.25683 0.95016 -0.17673
vn -0.96207 0.26876 0.04682
vn 0.96207 -0.23396 0.14028
vn -0.25697 -0.94984 0.17823
vn 0.25697 0.94984 -0.17823
vn -0.96207 0.23396 -0.14028
vn 0.96530 -0.26115 -0.00000
vn -0.26115 -0.96530 -0.00000
vn 0.26115 0.96530 0.00000
vn -0.96530 0.26115 0.00000
vn 0.99814 -0.00000 -0.06089
vn -0.01280 -0.97767 -0.20978
vn 0.01280 0.97767 0.20978
vn -0.99814 0.00000 0.06089
vn 0.99460 -0.03405 0.09800
vn -0.01625 -0.98408 -0.17697
vn 0.01625 0.98408 0.17697
vn -0.99460 0.03405 -0.09800
vn 0.96015 -0.06475 0.27189
vn -0.02858 -0.99044 -0.13493
vn 0.02858 0.99044 0.13493
vn -0.96015 0.06475 -0.27189
vn 0.88893 -0.08692 0.44971
vn -0.05172 -0.99460 -0.08999
vn 0.05172 0.99460 0.08999
vn -0.88893 0.08692 -0.44971
vn 0.78105 -0.09644 0.61698
vn -0.08460 -0.99524 -0.04847
vn 0.08460 0.99524 0.04847
vn -0.78105 0.09644 -0.61698
vn 0.64387 -0.09173 0.75961
vn -0.12335 -0.99225 -0.01526
vn 0.12335 0.99225 0.01526
vn -0.64387 0.09173 -0.75961
vn 0.49019 -0.07429 0.86845
vn -0.16243 -0.98669 0.00727
vn 0.16243 0.98669 -0.00727
vn -0.49019 0.07429 -0.86845
vn 0.33405 -0.04805 0.94133
vn -0.19592 -0.98043 0.01948
vn 0.19592 0.98043 -0.01948
vn -0.33405 0.04805 -0.94133
vn 0.26814 -0.03446 0.96276
vn -0.13299 -0.99112 0.00157
vn 0.13299 0.99112 -0.00157
vn -0.26814 0.03446 -0.96276
vn 0.33551 -0.04353 0.94103
vn 0.06533 -0.99545 -0.06934
vn -0.06533 0.99545 0.06934
vn -0.33551 0.04353 -0.94103
vn 0.31444 -0.04541 0.94819
vn 0.17422 -0.97913 -0.10467
vn -0.17422 0.97913 0.10467
vn -0.31444 0.04541 -0.94819
vn 0.15086 -0.07850 0.98543
vn 0.14214 -0.98476 -0.10021
vn -0.14214 0.98476 0.10021
vn -0.15086 0.07850 -0.98543
vn -0.03404 -0.10604 0.99378
vn 0.10104 -0.98963 -0.10213
vn -0.10104 0.98963 0.10213
vn 0.03404 0.10604 -0.99378
vn -0.22907 -0.12304 0.96560
vn 0.05645 -0.99199 -0.11301
vn -0.05645 0.99199 0.11301
vn 0.22907 0.12304 -0.96560
vn -0.41895 -0.12628 0.89918
vn 0.01420 -0.99107 -0.13257
vn -0.01420 0.99107 0.13257
vn 0.41895 0.12628 -0.89918
vn -0.58851 -0.11547 0.80020
vn -0.02088 -0.98725 -0.15782
vn 0.02088 0.98725 0.15782
vn 0.58851 0.11547 -0.80020
vn -0.72728 -0.09332 0.67997
vn -0.04605 -0.98185 -0.18399
vn 0.04605 0.98185 0.18399
vn 0.72728 0.09332 -0.67997
vn -0.83166 -0.06436 0.55155
vn -0.06078 -0.97674 -0.20561
vn 0.06078 0.97674 0.20561
vn 0.83166 0.06436 -0.55155
vn -0.81541 -0.07022 0.57461
vn 0.03345 -0.99667 -0.07434
vn -0.03345 0.99667 0.07434
vn 0.81541 0.07022 -0.57461
vn -0.76815 -0.07322 0.63607
vn 0.16477 -0.98259 0.08588
vn -0.16477 0.98259 -0.08588
vn 0.76815 0.07322 -0.63607
vn -0.83518 -0.09267 0.54211
vn 0.17649 -0.97873 0.10459
vn -0.17649 0.97873 -0.10459
vn 0.83518 0.09267 -0.54211
vn -0.91471 -0.12384 0.38468
vn 0.16526 -0.98328 0.07642
vn -0.16526 0.98328 -0.07642
vn 0.91471 0.12384 -0.38468
vn -0.96861 -0.14723 0.20031
vn 0.15823 -0.98659 0.04002
vn -0.15823 0.98659 -0.04002
vn 0.96861 0.14723 -0.20031
vn -0.98738 -0.15836 -0.00000
vn 0.15836 -0.98738 -0.00000
vn -0.15836 0.98738 0.00000
vn 0.98738 0.15836 0.00000
vn -0.96731 -0.15514 -0.20063
vn 0.16601 -0.98538 -0.03841
vn -0.16601 0.98538 0.03841
vn 0.96731 0.15514 0.20063
vn -0.91211 -0.13863 -0.38578
vn 0.17901 -0.98131 -0.07062
vn -0.17901 0.98131 0.07062
vn 0.91211 0.13863 0.38578
vn -0.83143 -0.11251 -0.54412
vn 0.19340 -0.97665 -0.09357
vn -0.19340 0.97665 0.09357
vn 0.83143 0.11251 0.54412
vn -0.76514 -0.09044 -0.63748
vn 0.17822 -0.98115 -0.07471
vn -0.17822 0.98115 0.07471
vn 0.76514 0.09044 0.63748
vn -0.81379 -0.10428 -0.57173
vn 0.06133 -0.99369 0.09395
vn -0.06133 0.99369 -0.09395
vn 0.81379 0.10428 0.57173
vn -0.83341 -0.10278 -0.54302
vn -0.02797 -0.97345 0.22718
vn 0.02797 0.97345 -0.22718
vn 0.83341 0.10278 0.54302
vn -0.72859 -0.13574 -0.67136
vn -0.01451 -0.97689 0.21327
vn 0.01451 0.97689 -0.21327
vn 0.72859 0.13574 0.67136
vn -0.58882 -0.16403 -0.79144
vn 0.00817 -0.98035 0.19711
vn -0.00817 0.98035 -0.19711
vn 0.58882 0.16403 0.79144
vn -0.41746 -0.18246 -0.89019
vn 0.03801 -0.98228 0.18351
vn -0.03801 0.98228 -0.18351
vn 0.41746 0.18246 0.89019
vn -0.22492 -0.18734 -0.95620
vn 0.07124 -0.98188 0.17562
vn -0.07124 0.98188 -0.17562
vn 0.22492 0.18734 0.95620
vn -0.02659 -0.17787 -0.98369
vn 0.10326 -0.97927 0.17428
vn -0.10326 0.97927 -0.17428
vn 0.02659 0.17787 0.98369
vn 0.16165 -0.15636 -0.97438
vn 0.12972 -0.97543 0.17805
vn -0.12972 0.97543 -0.17805
vn -0.16165 0.15636 0.97438
vn 0.32793 -0.12726 -0.93609
vn 0.14727 -0.97188 0.18372
vn -0.14727 0.97188 -0.18372
vn -0.32793 0.12726 0.93609
vn 0.33973 -0.12474 -0.93222
vn 0.03770 -0.98856 0.14602
vn -0.03770 0.98856 -0.14602
vn -0.33973 0.12474 0.93222
vn 0.25374 -0.13186 -0.95824
vn -0.15874 -0.98291 0.09322
vn 0.15874 0.98291 -0.09322
vn -0.25374 0.13186 0.95824
vn 0.31420 -0.13980 -0.93901
vn -0.22639 -0.97160 0.06890
vn 0.22639 0.97160 -0.06890
vn -0.31420 0.13980 0.93901
vn 0.47177 -0.17127 -0.86493
vn -0.20999 -0.97455 0.07843
vn 0.20999 0.97455 -0.07843
vn -0.47177 0.17127 0.86493
vn 0.62728 -0.19583 -0.75377
vn -0.19055 -0.97704 0.09526
vn 0.19055 0.97704 -0.09526
vn -0.62728 0.19583 0.75377
vn 0.76641 -0.20870 -0.60750
vn -0.17264 -0.97787 0.11813
vn 0.17264 0.97787 -0.11813
vn -0.76641 0.20870 0.60750
vn 0.87604 -0.20727 -0.43543
vn -0.15948 -0.97664 0.14403
vn 0.15948 0.97664 -0.14403
vn -0.87604 0.20727 0.43543
vn 0.94843 -0.19206 -0.25219
vn -0.15229 -0.97380 0.16890
vn 0.15229 0.97380 -0.16890
vn -0.94843 0.19206 0.25219
vn 0.98332 -0.16648 -0.07323
vn -0.15027 -0.97050 0.18857
vn 0.15027 0.97050 -0.18857
vn -0.98332 0.16648 0.07323
vn 0.98675 -0.13542 0.08936
vn -0.15093 -0.96824 0.19932
vn 0.15093 0.96824 -0.19932
vn -0.98675 0.13542 -0.08936
vn 0.98807 -0.15402 0.00000
vn -0.15402 -0.98807 0.00000
vn 0.15402 0.98807 0.00000
vn -0.98807 0.15402 -0.00000
vn 0.99653 -0.00000 -0.08321
vn -0.02435 -0.95621 -0.29168
vn 0.02435 0.95621 0.29168
vn -0.99653 0.00000 0.08321
vn 0.99466 -0.05246 0.08892
vn -0.03086 -0.97298 -0.22882
vn 0.03086 0.97298 0.22882
vn -0.99466 0.05246 -0.08892
vn 0.95226 -0.09818 0.28906
vn -0.05734 -0.98754 -0.14654
vn 0.05734 0.98754 0.14654
vn -0.95226 0.09818 -0.28906
vn 0.85939 -0.12352 0.49617
vn -0.10697 -0.99234 -0.06176
vn 0.10697 0.99234 0.06176
vn -0.85939 0.12352 -0.49617
vn 0.72280 -0.12027 0.68051
vn -0.17180 -0.98510 0.00838
vn 0.17180 0.98510 -0.00838
vn -0.72280 0.12027 -0.68051
vn 0.56526 -0.09161 0.81981
vn -0.23656 -0.97008 0.05471
vn 0.23656 0.97008 -0.05471
vn -0.56526 0.09161 -0.81981
vn 0.41203 -0.04917 0.90984
vn -0.28634 -0.95494 0.07807
vn 0.28634 0.95494 -0.07807
vn -0.41203 0.04917 -0.90984
vn 0.49844 -0.07888 0.86333
vn -0.03944 -0.99688 -0.06831
vn 0.03944 0.99688 0.06831
vn -0.49844 0.07888 -0.86333
vn 0.58812 -0.07843 0.80496
vn 0.19284 -0.95298 -0.23374
vn -0.19284 0.95298 0.23374
vn -0.58812 0.07843 -0.80496
vn 0.43371 -0.13090 0.89149
vn 0.14818 -0.96556 -0.21386
vn -0.14818 0.96556 0.21386
vn -0.43371 0.13090 -0.89149
vn 0.23287 -0.17610 0.95643
vn 0.08004 -0.97666 -0.19932
vn -0.08004 0.97666 0.19932
vn -0.23287 0.17610 -0.95643
vn 0.00000 -0.19996 0.97980
vn 0.00000 -0.97980 -0.19996
vn 0.00000 0.97980 0.19996
vn -0.00000 0.19996 -0.97980
vn -0.23433 -0.19439 0.95252
vn -0.07566 -0.97319 -0.21722
vn 0.07566 0.97319 0.21722
vn 0.23433 0.19439 -0.95252
vn -0.43844 -0.16319 0.88382
vn -0.13356 -0.96063 -0.24362
vn 0.13356 0.96063 0.24362
vn 0.43844 0.16319 -0.88382
vn -0.59575 -0.11863 0.79436
vn -0.16781 -0.94882 -0.26755
vn 0.16781 0.94882 0.26755
vn 0.59575 0.11863 -0.79436
vn -0.49404 -0.15391 0.85571
vn 0.07696 -0.98808 -0.13329
vn -0.07696 0.98808 0.13329
vn 0.49404 0.15391 -0.85571
vn -0.37848 -0.15263 0.91294
vn 0.32942 -0.94395 -0.02125
vn -0.32942 0.94395 0.02125
vn 0.37848 0.15263 -0.91294
vn -0.53363 -0.20470 0.82057
vn 0.30119 -0.95265 -0.04178
vn -0.30119 0.95265 0.04178
vn 0.53363 0.20470 -0.82057
vn -0.69387 -0.24901 0.67568
vn 0.26553 -0.96066 -0.08135
vn -0.26553 0.96066 0.08135
vn 0.69387 0.24901 -0.67568
vn -0.83358 -0.27116 0.48127
vn 0.23483 -0.96253 -0.13558
vn -0.23483 0.96253 0.13558
vn 0.83358 0.27116 -0.48127
vn -0.92896 -0.26329 0.26022
vn 0.21709 -0.95685 -0.19318
vn -0.21709 0.95685 0.19318
vn 0.92896 0.26329 -0.26022
vn -0.97218 -0.22975 0.04551
vn 0.21249 -0.94692 -0.24124
vn -0.21249 0.94692 0.24124
vn 0.97218 0.22975 -0.04551
vn -0.97337 -0.18337 -0.13760
vn 0.21501 -0.93846 -0.27031
vn -0.21501 0.93846 0.27031
vn 0.97337 0.18337 0.13760
vn -0.97475 -0.22332 0.00000
vn 0.22332 -0.97475 0.00000
vn -0.22332 0.97475 -0.00000
vn 0.97475 0.22332 -0.00000
vn -0.96396 -0.22085 0.14832
vn 0.25386 -0.93035 0.26458
vn -0.25386 0.93035 -0.26458
vn 0.96396 0.22085 -0.14832
vn -0.96161 -0.27222 -0.03458
vn 0.25612 -0.93559 0.24304
vn -0.25612 0.93559 -0.24304
vn 0.96161 0.27222 0.03458
vn -0.91565 -0.31540 -0.24923
vn 0.26773 -0.94096 0.20717
vn -0.26773 0.94096 -0.20717
vn 0.91565 0.31540 0.24923
vn -0.81574 -0.33579 -0.47097
vn 0.29081 -0.94194 0.16790
vn -0.29081 0.94194 -0.16790
vn 0.81574 0.33579 0.47097
vn -0.67016 -0.32577 -0.66690
vn 0.32070 -0.93742 0.13565
vn -0.32070 0.93742 -0.13565
vn 0.67016 0.32577 0.66690
vn -0.50415 -0.29018 -0.81341
vn 0.34831 -0.93018 0.11596
vn -0.34831 0.93018 -0.11596
vn 0.50415 0.29018 0.81341
vn -0.34520 -0.24229 -0.90671
vn 0.36413 -0.92500 0.10855
vn -0.36413 0.92500 -0.10855
vn 0.34520 0.24229 0.90671
vn -0.47912 -0.28599 -0.82985
vn 0.14300 -0.95823 0.24768
vn -0.14300 0.95823 -0.24768
vn 0.47912 0.28599 0.82985
vn -0.61587 -0.28204 -0.73563
vn -0.06150 -0.91366 0.40179
vn 0.06150 0.91366 -0.40179
vn 0.61587 0.28204 0.73563
vn -0.45526 -0.33256 -0.82592
vn -0.05289 -0.91588 0.39794
vn 0.05289 0.91588 -0.39794
vn 0.45526 0.33256 0.82592
vn -0.24439 -0.37451 -0.89444
vn -0.03009 -0.91903 0.39303
vn 0.03009 0.91903 -0.39303
vn 0.24439 0.37451 0.89444
vn -0.00000 -0.39321 -0.91945
vn 0.00000 -0.91945 0.39321
vn -0.00000 0.91945 -0.39321
vn 0.00000 0.39321 0.91945
vn 0.24461 -0.38126 -0.89152
vn 0.02829 -0.91625 0.39960
vn -0.02829 0.91625 -0.39960
vn -0.24461 0.38126 0.89152
vn 0.45589 -0.34394 -0.82090
vn 0.04722 -0.91167 0.40820
vn -0.04722 0.91167 -0.40820
vn -0.45589 0.34394 0.82090
vn 0.61667 -0.29487 -0.72991
vn 0.05283 -0.90960 0.41210
vn -0.05283 0.90960 -0.41210
vn -0.61667 0.29487 0.72991
vn 0.46995 -0.34148 -0.81397
vn -0.17074 -0.93989 0.29573
vn 0.17074 0.93989 -0.29573
vn -0.46995 0.34148 0.81397
vn 0.30604 -0.33588 -0.89080
vn -0.39762 -0.89527 0.20096
vn 0.39762 0.89527 -0.20096
vn -0.30604 0.33588 0.89080
vn 0.46514 -0.38546 -0.79691
vn -0.39891 -0.89491 0.20003
vn 0.39891 0.89491 -0.20003
vn -0.46514 0.38546 0.79691
vn 0.63113 -0.42619 -0.64810
vn -0.39196 -0.89624 0.20767
vn 0.39196 0.89624 -0.20767
vn -0.63113 0.42619 0.64810
vn 0.77626 -0.44334 -0.44818
vn -0.38394 -0.89635 0.22167
vn 0.38394 0.89635 -0.22167
vn -0.77626 0.44334 0.44818
vn 0.87534 -0.42974 -0.22159
vn -0.37930 -0.89454 0.23650
vn 0.37930 0.89454 -0.23650
vn -0.87534 0.42974 0.22159
vn 0.92038 -0.39101 -0.00284
vn -0.37841 -0.89250 0.24547
vn 0.37841 0.89250 -0.24547
vn -0.92038 0.39101 0.00284
vn 0.92230 -0.34105 0.18177
vn -0.37818 -0.89332 0.24282
vn 0.37818 0.89332 -0.24282
vn -0.92230 0.34105 -0.18177
vn 0.92088 -0.38985 0.00000
vn -0.38985 -0.92088 0.00000
vn 0.38985 0.92088 0.00000
vn -0.92088 0.38985 -0.00000
vn 0.86603 0.00000 0.50000
vn 0.86603 0.00000 -0.50000
vn -0.86603 -0.00000 -0.50000
vn -0.86603 0.00000 0.50000
vn -0.70934 0.25093 -0.65869
vn -0.01945 0.75216 -0.65869
vn -0.45785 -0.59708 -0.65869
vn -0.72136 0.21393 -0.65869
vn 0.42637 -0.61994 -0.65869
vn -0.42637 -0.61994 -0.65869
vn 0.72136 0.21393 -0.65869
vn 0.45785 -0.59708 -0.65869
vn 0.01945 0.75216 -0.65869
vn 0.70934 0.25093 -0.65869
vn -0.70934 0.25093 0.65869
vn -0.01945 0.75216 0.65869
vn -0.45785 -0.59708 0.65869
vn -0.72136 0.21393 0.65869
vn 0.42637 -0.61994 0.65869
vn -0.42637 -0.61994 0.65869
vn 0.72136 0.21393 0.65869
vn 0.45785 -0.59708 0.65869
vn 0.01945 0.75216 0.65869
vn 0.70934 0.25093 0.65869
usemtl body
f 1/1/1 2/2/2 3/3/3
f 1/1/1 3/3/3 4/4/4
f 2/2/2 5/5/5 6/6/6
f 2/2/2 6/6/6 3/3/3
f 5/5/5 7/7/7 8/8/8
f 5/5/5 8/8/8 6/6/6
f 7/7/7 9/9/9 10/10/10
f 7/7/7 10/10/10 8/8/8
f 9/9/9 11/11/11 12/12/12
f 9/9/9 12/12/12 10/10/10
f 11/11/11 13/13/13 14/14/14
f 11/11/11 14/14/14 12/12/12
f 13/13/13 15/15/15 16/16/16
f 13/13/13 16/16/16 14/14/14
f 15/15/15 17/17/17 18/18/18
f 15/15/15 18/18/18 16/16/16
f 17/17/17 19/19/19 20/20/20
f 17/17/17 20/20/20 18/18/18
f 19/19/19 21/21/21 22/22/22
f 19/19/19 22/22/22 20/20/20
f 21/21/21 23/23/23 24/24/24
f 21/21/21 24/24/24 22/22/22
f 23/23/23 25/25/25 26/26/26
f 23/23/23 26/26/26 24/24/24
f 25/25/25 27/27/27 28/28/28
f 25/25/25 28/28/28 26/26/26
f 27/27/27 29/29/29 30/30/30
f 27/27/27 30/30/30 28/28/28
f 29/29/29 31/31/31 32/32/32
f 29/29/29 32/32/32 30/30/30
f 31/31/31 33/33/33 34/34/34
f 31/31/31 34/34/34 32/32/32
f 33/33/33 35/35/35 36/36/36
f 33/33/33 36/36/36 34/34/34
f 35/35/35 37/37/37 38/38/38
f 35/35/35 38/38/38 36/36/36
f 37/37/37 39/39/39 40/40/40
f 37/37/37 40/40/40 38/38/38
f 39/39/39 1/41/1 4/42/4
f 39/39/39 4/42/4 40/40/40
f 4/4/4 3/3/3 41/43/41
f 4/4/4 41/43/41 42/44/42
f 3/3/3 6/6/6 43/45/43
f 3/3/3 43/45/43 41/43/41
f 6/6/6 8/8/8 44/46/44
f 6/6/6 44/46/44 43/45/43
f 8/8/8 10/10/10 45/47/45
f 8/8/8 45/47/45 44/46/44
f 10/10/10 12/12/12 46/48/46
f 10/10/10 46/48/46 45/47/45
f 12/12/12 14/14/14 47/49/47
f 12/12/12 47/49/47 46/48/46
f 14/14/14 16/16/16 48/50/48
f 14/14/14 48/50/48 47/49/47
f 16/16/16 18/18/18 49/51/49
f 16/16/16 49/51/49 48/50/48
f 18/18/18 20/20/20 50/52/50
f 18/18/18 50/52/50 49/51/49
f 20/20/20 22/22/22 51/53/51
f 20/20/20 51/53/51 50/52/50
f 22/22/22 24/24/24 52/54/52
f 22/22/22 52/54/52 51/53/51
f 24/24/24 26/26/26 53/55/53
f 24/24/24 53/55/53 52/54/52
f 26/26/26 28/28/28 54/56/54
f 26/26/26 54/56/54 53/55/53
f 28/28/28 30/30/30 55/57/55
f 28/28/28 55/57/55 54/56/54
f 30/30/30 32/32/32 56/58/56
f 30/30/30 56/58/56 55/57/55
f 32/32/32 34/34/34 57/59/57
f 32/32/32 57/59/57 56/58/56
f 34/34/34 36/36/36 58/60/58
f 34/34/34 58/60/58 57/59/57
f 36/36/36 38/38/38 59/61/59
f 36/36/36 59/61/59 58/60/58
f 38/38/38 40/40/40 60/62/60
f 38/38/38 60/62/60 59/61/59
f 40/40/40 4/42/4 42/63/42
f 40/40/40 42/63/42 60/62/60
f 2/64/61 1/65/61 61/66/61
f 5/67/61 2/64/61 61/66/61
f 7/68/61 5/67/61 61/66/61
f 9/69/61 7/68/61 61/66/61
f 11/70/61 9/69/61 61/66/61
f 13/71/61 11/70/61 61/66/61
f 15/72/61 13/71/61 61/66/61
f 17/73/61 15/72/61 61/66/61
f 19/74/61 17/73/61 61/66/61
f 21/75/61 19/74/61 61/66/61
f 23/76/61 21/75/61 61/66/61
f 25/77/61 23/76/61 61/66/61
f 27/78/61 25/77/61 61/66/61
f 29/79/61 27/78/61 61/66/61
f 31/80/61 29/79/61 61/66/61
f 33/81/61 31/80/61 61/66/61
f 35/82/61 33/81/61 61/66/61
f 37/83/61 35/82/61 61/66/61
f 39/84/61 37/83/61 61/66/61
f 1/65/61 39/84/61 61/66/61
f 62/66/62 42/65/62 41/64/62
f 62/66/62 41/64/62 43/67/62
f 62/66/62 43/67/62 44/68/62
f 62/66/62 44/68/62 45/69/62
f 62/66/62 45/69/62 46/70/62
f 62/66/62 46/70/62 47/71/62
f 62/66/62 47/71/62 48/72/62
f 62/66/62 48/72/62 49/73/62
f 62/66/62 49/73/62 50/74/62
f 62/66/62 50/74/62 51/75/62
f 62/66/62 51/75/62 52/76/62
f 62/66/62 52/76/62 53/77/62
f 62/66/62 53/77/62 54/78/62
f 62/66/62 54/78/62 55/79/62
f 62/66/62 55/79/62 56/80/62
f 62/66/62 56/80/62 57/81/62
f 62/66/62 57/81/62 58/82/62
f 62/66/62 58/82/62 59/83/62
f 62/66/62 59/83/62 60/84/62
f 62/66/62 60/84/62 42/65/62
f 42/85/63 63/86/64 64/87/65
f 42/85/63 64/87/65 65/88/66
f 63/86/64 66/89/67 67/90/68
f 63/86/64 67/90/68 64/87/65
f 66/89/67 46/91/69 68/92/70
f 66/89/67 68/92/70 67/90/68
f 46/91/69 69/93/71 70/94/72
f 46/91/69 70/94/72 68/92/70
f 69/93/71 71/95/73 72/96/74
f 69/93/71 72/96/74 70/94/72
f 71/95/73 51/97/75 73/98/76
f 71/95/73 73/98/76 72/96/74
f 51/97/75 74/99/77 75/100/78
f 51/97/75 75/100/78 73/98/76
f 74/99/77 76/101/79 77/102/80
f 74/99/77 77/102/80 75/100/78
f 76/101/79 56/103/81 78/104/82
f 76/101/79 78/104/82 77/102/80
f 56/103/81 79/105/83 80/106/84
f 56/103/81 80/106/84 78/104/82
f 79/105/83 81/107/85 82/108/86
f 79/105/83 82/108/86 80/106/84
f 81/107/85 42/109/63 65/110/66
f 81/107/85 65/110/66 82/108/86
f 65/88/66 64/87/65 83/111/87
f 65/88/66 83/111/87 84/112/88
f 64/87/65 67/90/68 85/113/89
f 64/87/65 85/113/89 83/111/87
f 67/90/68 68/92/70 86/114/90
f 67/90/68 86/114/90 85/113/89
f 68/92/70 70/94/72 87/115/91
f 68/92/70 87/115/91 86/114/90
f 70/94/72 72/96/74 88/116/92
f 70/94/72 88/116/92 87/115/91
f 72/96/74 73/98/76 89/117/93
f 72/96/74 89/117/93 88/116/92
f 73/98/76 75/100/78 90/118/94
f 73/98/76 90/118/94 89/117/93
f 75/100/78 77/102/80 91/119/95
f 75/100/78 91/119/95 90/118/94
f 77/102/80 78/104/82 92/120/96
f 77/102/80 92/120/96 91/119/95
f 78/104/82 80/106/84 93/121/97
f 78/104/82 93/121/97 92/120/96
f 80/106/84 82/108/86 94/122/98
f 80/106/84 94/122/98 93/121/97
f 82/108/86 65/110/66 84/123/88
f 82/108/86 84/123/88 94/122/98
f 84/112/88 83/111/87 95/124/99
f 84/112/88 95/124/99 96/125/100
f 83/111/87 85/113/89 97/126/101
f 83/111/87 97/126/101 95/124/99
f 85/113/89 86/114/90 98/127/102
f 85/113/89 98/127/102 97/126/101
f 86/114/90 87/115/91 99/128/103
f 86/114/90 99/128/103 98/127/102
f 87/115/91 88/116/92 100/129/104
f 87/115/91 100/129/104 99/128/103
f 88/116/92 89/117/93 101/130/105
f 88/116/92 101/130/105 100/129/104
f 89/117/93 90/118/94 102/131/106
f 89/117/93 102/131/106 101/130/105
f 90/118/94 91/119/95 103/132/107
f 90/118/94 103/132/107 102/131/106
f 91/119/95 92/120/96 104/133/108
f 91/119/95 104/133/108 103/132/107
f 92/120/96 93/121/97 105/134/109
f 92/120/96 105/134/109 104/133/108
f 93/121/97 94/122/98 106/135/110
f 93/121/97 106/135/110 105/134/109
f 94/122/98 84/123/88 96/136/100
f 94/122/98 96/136/100 106/135/110
f 107/137/62 96/138/62 95/139/62
f 107/137/62 95/139/62 97/140/62
f 107/137/62 97/140/62 98/97/62
f 107/137/62 98/97/62 99/141/62
f 107/137/62 99/141/62 100/142/62
f 107/137/62 100/142/62 101/143/62
f 107/137/62 101/143/62 102/144/62
f 107/137/62 102/144/62 103/145/62
f 107/137/62 103/145/62 104/130/62
f 107/137/62 104/130/62 105/146/62
f 107/137/62 105/146/62 106/147/62
f 107/137/62 106/147/62 96/138/62
f 108/148/111 109/149/112 110/150/112
f 108/148/111 110/150/112 111/151/111
f 109/149/112 112/152/113 113/153/113
f 109/149/112 113/153/113 110/150/112
f 112/152/113 114/154/114 115/155/114
f 112/152/113 115/155/114 113/153/113
f 114/154/114 116/156/115 117/157/115
f 114/154/114 117/157/115 115/155/114
f 116/156/115 118/158/116 119/159/116
f 116/156/115 119/159/116 117/157/115
f 118/158/116 120/160/117 121/161/117
f 118/158/116 121/161/117 119/159/116
f 120/160/117 122/162/118 123/163/118
f 120/160/117 123/163/118 121/161/117
f 122/162/118 108/164/111 111/165/111
f 122/162/118 111/165/111 123/163/118
f 124/166/62 111/167/62 110/168/62
f 124/166/62 110/168/62 113/156/62
f 124/166/62 113/156/62 115/169/62
f 124/166/62 115/169/62 117/170/62
f 124/166/62 117/170/62 119/171/62
f 124/166/62 119/171/62 121/157/62
f 124/166/62 121/157/62 123/172/62
f 124/166/62 123/172/62 111/167/62
f 125/173/119 126/174/120 127/175/121
f 125/173/119 127/175/121 128/176/122
f 126/174/120 129/177/123 130/178/124
f 126/174/120 130/178/124 127/175/121
f 129/177/123 131/179/125 132/180/126
f 129/177/123 132/180/126 130/178/124
f 131/179/125 133/181/127 134/182/128
f 131/179/125 134/182/128 132/180/126
f 133/181/127 135/183/129 136/184/130
f 133/181/127 136/184/130 134/182/128
f 135/183/129 137/185/131 138/186/132
f 135/183/129 138/186/132 136/184/130
f 137/185/131 139/187/133 140/188/134
f 137/185/131 140/188/134 138/186/132
f 139/187/133 141/189/135 142/190/136
f 139/187/133 142/190/136 140/188/134
f 141/189/135 143/191/137 144/192/138
f 141/189/135 144/192/138 142/190/136
f 143/191/137 145/193/139 146/194/140
f 143/191/137 146/194/140 144/192/138
f 145/193/139 147/195/141 148/196/142
f 145/193/139 148/196/142 146/194/140
f 147/195/141 149/197/143 150/198/144
f 147/195/141 150/198/144 148/196/142
f 149/197/143 151/199/145 152/200/146
f 149/197/143 152/200/146 150/198/144
f 151/199/145 153/201/147 154/202/148
f 151/199/145 154/202/148 152/200/146
f 153/201/147 155/203/149 156/204/150
f 153/201/147 156/204/150 154/202/148
f 155/203/149 157/205/151 158/206/152
f 155/203/149 158/206/152 156/204/150
f 157/205/151 159/207/153 160/208/154
f 157/205/151 160/208/154 158/206/152
f 159/207/153 161/209/155 162/210/156
f 159/207/153 162/210/156 160/208/154
f 161/209/155 163/211/157 164/212/158
f 161/209/155 164/212/158 162/210/156
f 163/211/157 165/213/159 166/214/160
f 163/211/157 166/214/160 164/212/158
f 165/213/159 167/215/161 168/216/162
f 165/213/159 168/216/162 166/214/160
f 167/215/161 169/217/163 170/218/164
f 167/215/161 170/218/164 168/216/162
f 169/217/163 171/219/165 172/220/166
f 169/217/163 172/220/166 170/218/164
f 171/219/165 125/221/119 128/222/122
f 171/219/165 128/222/122 172/220/166
f 128/176/122 127/175/121 173/223/167
f 128/176/122 173/223/167 174/224/168
f 127/175/121 130/178/124 175/225/169
f 127/175/121 175/225/169 173/223/167
f 130/178/124 132/180/126 176/226/170
f 130/178/124 176/226/170 175/225/169
f 132/180/126 134/182/128 177/227/171
f 132/180/126 177/227/171 176/226/170
f 134/182/128 136/184/130 178/228/172
f 134/182/128 178/228/172 177/227/171
f 136/184/130 138/186/132 179/229/173
f 136/184/130 179/229/173 178/228/172
f 138/186/132 140/188/134 180/230/174
f 138/186/132 180/230/174 179/229/173
f 140/188/134 142/190/136 181/231/175
f 140/188/134 181/231/175 180/230/174
f 142/190/136 144/192/138 182/232/176
f 142/190/136 182/232/176 181/231/175
f 144/192/138 146/194/140 183/233/177
f 144/192/138 183/233/177 182/232/176
f 146/194/140 148/196/142 184/234/178
f 146/194/140 184/234/178 183/233/177
f 148/196/142 150/198/144 185/235/179
f 148/196/142 185/235/179 184/234/178
f 150/198/144 152/200/146 186/236/180
f 150/198/144 186/236/180 185/235/179
f 152/200/146 154/202/148 187/237/181
f 152/200/146 187/237/181 186/236/180
f 154/202/148 156/204/150 188/238/182
f 154/202/148 188/238/182 187/237/181
f 156/204/150 158/206/152 189/239/183
f 156/204/150 189/239/183 188/238/182
f 158/206/152 160/208/154 190/240/184
f 158/206/152 190/240/184 189/239/183
f 160/208/154 162/210/156 191/241/185
f 160/208/154 191/241/185 190/240/184
f 162/210/156 164/212/158 192/242/186
f 162/210/156 192/242/186 191/241/185
f 164/212/158 166/214/160 193/243/187
f 164/212/158 193/243/187 192/242/186
f 166/214/160 168/216/162 194/244/188
f 166/214/160 194/244/188 193/243/187
f 168/216/162 170/218/164 195/245/189
f 168/216/162 195/245/189 194/244/188
f 170/218/164 172/220/166 196/246/190
f 170/218/164 196/246/190 195/245/189
f 172/220/166 128/222/122 174/247/168
f 172/220/166 174/247/168 196/246/190
f 174/224/168 173/223/167 197/248/191
f 174/224/168 197/248/191 198/249/192
f 173/223/167 175/225/169 199/250/193
f 173/223/167 199/250/193 197/248/191
f 175/225/169 176/226/170 200/251/194
f 175/225/169 200/251/194 199/250/193
f 176/226/170 177/227/171 201/252/195
f 176/226/170 201/252/195 200/251/194
f 177/227/171 178/228/172 202/253/196
f 177/227/171 202/253/196 201/252/195
f 178/228/172 179/229/173 203/254/197
f 178/228/172 203/254/197 202/253/196
f 179/229/173 180/230/174 204/255/198
f 179/229/173 204/255/198 203/254/197
f 180/230/174 181/231/175 205/256/199
f 180/230/174 205/256/199 204/255/198
f 181/231/175 182/232/176 206/257/200
f 181/231/175 206/257/200 205/256/199
f 182/232/176 183/233/177 207/258/201
f 182/232/176 207/258/201 206/257/200
f 183/233/177 184/234/178 208/259/202
f 183/233/177 208/259/202 207/258/201
f 184/234/178 185/235/179 209/260/203
f 184/234/178 209/260/203 208/259/202
f 185/235/179 186/236/180 210/261/204
f 185/235/179 210/261/204 209/260/203
f 186/236/180 187/237/181 211/262/205
f 186/236/180 211/262/205 210/261/204
f 187/237/181 188/238/182 212/263/206
f 187/237/181 212/263/206 211/262/205
f 188/238/182 189/239/183 213/264/207
f 188/238/182 213/264/207 212/263/206
f 189/239/183 190/240/184 214/265/208
f 189/239/183 214/265/208 213/264/207
f 190/240/184 191/241/185 215/266/209
f 190/240/184 215/266/209 214/265/208
f 191/241/185 192/242/186 216/267/210
f 191/241/185 216/267/210 215/266/209
f 192/242/186 193/243/187 217/268/211
f 192/242/186 217/268/211 216/267/210
f 193/243/187 194/244/188 218/269/212
f 193/243/187 218/269/212 217/268/211
f 194/244/188 195/245/189 219/270/213
f 194/244/188 219/270/213 218/269/212
f 195/245/189 196/246/190 220/271/214
f 195/245/189 220/271/214 219/270/213
f 196/246/190 174/247/168 198/272/192
f 196/246/190 198/272/192 220/271/214
f 221/273/62 198/274/62 197/275/62
f 221/273/62 197/275/62 199/276/62
f 221/273/62 199/276/62 200/277/62
f 221/273/62 200/277/62 201/278/62
f 221/273/62 201/278/62 202/279/62
f 221/273/62 202/279/62 203/197/62
f 221/273/62 203/197/62 204/280/62
f 221/273/62 204/280/62 205/281/62
f 221/273/62 205/281/62 206/282/62
f 221/273/62 206/282/62 207/283/62
f 221/273/62 207/283/62 208/284/62
f 221/273/62 208/284/62 209/285/62
f 221/273/62 209/285/62 210/286/62
f 221/273/62 210/286/62 211/287/62
f 221/273/62 211/287/62 212/288/62
f 221/273/62 212/288/62 213/289/62
f 221/273/62 213/289/62 214/290/62
f 221/273/62 214/290/62 215/260/62
f 221/273/62 215/260/62 216/291/62
f 221/273/62 216/291/62 217/292/62
f 221/273/62 217/292/62 218/293/62
f 221/273/62 218/293/62 219/294/62
f 221/273/62 219/294/62 220/295/62
f 221/273/62 220/295/62 198/274/62
f 222/173/215 223/174/216 224/296/217
f 222/173/215 224/296/217 225/297/218
f 223/174/216 226/177/219 227/298/220
f 223/174/216 227/298/220 224/296/217
f 226/177/219 228/179/221 229/299/222
f 226/177/219 229/299/222 227/298/220
f 228/179/221 230/181/223 231/300/224
f 228/179/221 231/300/224 229/299/222
f 230/181/223 232/183/225 233/301/226
f 230/181/223 233/301/226 231/300/224
f 232/183/225 234/185/227 235/302/228
f 232/183/225 235/302/228 233/301/226
f 234/185/227 236/187/229 237/303/230
f 234/185/227 237/303/230 235/302/228
f 236/187/229 238/189/231 239/304/232
f 236/187/229 239/304/232 237/303/230
f 238/189/231 240/191/233 241/305/234
f 238/189/231 241/305/234 239/304/232
f 240/191/233 242/193/235 243/306/236
f 240/191/233 243/306/236 241/305/234
f 242/193/235 244/195/237 245/307/238
f 242/193/235 245/307/238 243/306/236
f 244/195/237 246/197/239 247/308/240
f 244/195/237 247/308/240 245/307/238
f 246/197/239 248/199/241 249/309/242
f 246/197/239 249/309/242 247/308/240
f 248/199/241 250/201/243 251/310/244
f 248/199/241 251/310/244 249/309/242
f 250/201/243 252/203/245 253/311/246
f 250/201/243 253/311/246 251/310/244
f 252/203/245 254/205/247 255/312/248
f 252/203/245 255/312/248 253/311/246
f 254/205/247 256/207/249 257/313/250
f 254/205/247 257/313/250 255/312/248
f 256/207/249 258/209/251 259/314/252
f 256/207/249 259/314/252 257/313/250
f 258/209/251 260/211/253 261/315/254
f 258/209/251 261/315/254 259/314/252
f 260/211/253 262/213/255 263/316/256
f 260/211/253 263/316/256 261/315/254
f 262/213/255 264/215/257 265/317/258
f 262/213/255 265/317/258 263/316/256
f 264/215/257 266/217/259 267/318/260
f 264/215/257 267/318/260 265/317/258
f 266/217/259 268/219/261 269/319/262
f 266/217/259 269/319/262 267/318/260
f 268/219/261 222/221/215 225/320/218
f 268/219/261 225/320/218 269/319/262
f 225/297/218 224/296/217 270/321/263
f 225/297/218 270/321/263 271/322/264
f 224/296/217 227/298/220 272/323/265
f 224/296/217 272/323/265 270/321/263
f 227/298/220 229/299/222 273/324/266
f 227/298/220 273/324/266 272/323/265
f 229/299/222 231/300/224 274/325/267
f 229/299/222 274/325/267 273/324/266
f 231/300/224 233/301/226 275/326/268
f 231/300/224 275/326/268 274/325/267
f 233/301/226 235/302/228 276/327/269
f 233/301/226 276/327/269 275/326/268
f 235/302/228 237/303/230 277/328/270
f 235/302/228 277/328/270 276/327/269
f 237/303/230 239/304/232 278/329/271
f 237/303/230 278/329/271 277/328/270
f 239/304/232 241/305/234 279/330/272
f 239/304/232 279/330/272 278/329/271
f 241/305/234 243/306/236 280/331/273
f 241/305/234 280/331/273 279/330/272
f 243/306/236 245/307/238 281/332/274
f 243/306/236 281/332/274 280/331/273
f 245/307/238 247/308/240 282/333/275
f 245/307/238 282/333/275 281/332/274
f 247/308/240 249/309/242 283/334/276
f 247/308/240 283/334/276 282/333/275
f 249/309/242 251/310/244 284/335/277
f 249/309/242 284/335/277 283/334/276
f 251/310/244 253/311/246 285/336/278
f 251/310/244 285/336/278 284/335/277
f 253/311/246 255/312/248 286/337/279
f 253/311/246 286/337/279 285/336/278
f 255/312/248 257/313/250 287/338/280
f 255/312/248 287/338/280 286/337/279
f 257/313/250 259/314/252 288/339/281
f 257/313/250 288/339/281 287/338/280
f 259/314/252 261/315/254 289/340/282
f 259/314/252 289/340/282 288/339/281
f 261/315/254 263/316/256 290/341/283
f 261/315/254 290/341/283 289/340/282
f 263/316/256 265/317/258 291/342/284
f 263/316/256 291/342/284 290/341/283
f 265/317/258 267/318/260 292/343/285
f 265/317/258 292/343/285 291/342/284
f 267/318/260 269/319/262 293/344/286
f 267/318/260 293/344/286 292/343/285
f 269/319/262 225/320/218 271/345/264
f 269/319/262 271/345/264 293/344/286
f 271/322/264 270/321/263 294/248/287
f 271/322/264 294/248/287 295/249/288
f 270/321/263 272/323/265 296/250/289
f 270/321/263 296/250/289 294/248/287
f 272/323/265 273/324/266 297/251/290
f 272/323/265 297/251/290 296/250/289
f 273/324/266 274/325/267 298/252/291
f 273/324/266 298/252/291 297/251/290
f 274/325/267 275/326/268 299/253/292
f 274/325/267 299/253/292 298/252/291
f 275/326/268 276/327/269 300/254/293
f 275/326/268 300/254/293 299/253/292
f 276/327/269 277/328/270 301/255/294
f 276/327/269 301/255/294 300/254/293
f 277/328/270 278/329/271 302/256/295
f 277/328/270 302/256/295 301/255/294
f 278/329/271 279/330/272 303/257/296
f 278/329/271 303/257/296 302/256/295
f 279/330/272 280/331/273 304/258/297
f 279/330/272 304/258/297 303/257/296
f 280/331/273 281/332/274 305/259/298
f 280/331/273 305/259/298 304/258/297
f 281/332/274 282/333/275 306/260/299
f 281/332/274 306/260/299 305/259/298
f 282/333/275 283/334/276 307/261/300
f 282/333/275 307/261/300 306/260/299
f 283/334/276 284/335/277 308/262/301
f 283/334/276 308/262/301 307/261/300
f 284/335/277 285/336/278 309/263/302
f 284/335/277 309/263/302 308/262/301
f 285/336/278 286/337/279 310/264/303
f 285/336/278 310/264/303 309/263/302
f 286/337/279 287/338/280 311/265/304
f 286/337/279 311/265/304 310/264/303
f 287/338/280 288/339/281 312/266/305
f 287/338/280 312/266/305 311/265/304
f 288/339/281 289/340/282 313/267/306
f 288/339/281 313/267/306 312/266/305
f 289/340/282 290/341/283 314/268/307
f 289/340/282 314/268/307 313/267/306
f 290/341/283 291/342/284 315/269/308
f 290/341/283 315/269/308 314/268/307
f 291/342/284 292/343/285 316/270/309
f 291/342/284 316/270/309 315/269/308
f 292/343/285 293/344/286 317/271/310
f 292/343/285 317/271/310 316/270/309
f 293/344/286 271/345/264 295/272/288
f 293/344/286 295/272/288 317/271/310
f 318/273/62 295/346/62 294/347/62
f 318/273/62 294/347/62 296/348/62
f 318/273/62 296/348/62 297/349/62
f 318/273/62 297/349/62 298/350/62
f 318/273/62 298/350/62 299/351/62
f 318/273/62 299/351/62 300/352/62
f 318/273/62 300/352/62 301/353/62
f 318/273/62 301/353/62 302/354/62
f 318/273/62 302/354/62 303/355/62
f 318/273/62 303/355/62 304/356/62
f 318/273/62 304/356/62 305/357/62
f 318/273/62 305/357/62 306/358/62
f 318/273/62 306/358/62 307/359/62
f 318/273/62 307/359/62 308/360/62
f 318/273/62 308/360/62 309/361/62
f 318/273/62 309/361/62 310/362/62
f 318/273/62 310/362/62 311/363/62
f 318/273/62 311/363/62 312/364/62
f 318/273/62 312/364/62 313/365/62
f 318/273/62 313/365/62 314/366/62
f 318/273/62 314/366/62 315/367/62
f 318/273/62 315/367/62 316/368/62
f 318/273/62 316/368/62 317/369/62
f 318/273/62 317/369/62 295/346/62
f 319/173/311 320/174/312 321/370/313
f 319/173/311 321/370/313 322/371/314
f 320/174/312 323/177/315 324/372/316
f 320/174/312 324/372/316 321/370/313
f 323/177/315 325/179/317 326/373/318
f 323/177/315 326/373/318 324/372/316
f 325/179/317 327/181/319 328/374/320
f 325/179/317 328/374/320 326/373/318
f 327/181/319 329/183/321 330/375/322
f 327/181/319 330/375/322 328/374/320
f 329/183/321 331/185/323 332/376/324
f 329/183/321 332/376/324 330/375/322
f 331/185/323 333/187/325 334/377/326
f 331/185/323 334/377/326 332/376/324
f 333/187/325 335/189/327 336/378/328
f 333/187/325 336/378/328 334/377/326
f 335/189/327 337/191/329 338/379/330
f 335/189/327 338/379/330 336/378/328
f 337/191/329 339/193/331 340/380/332
f 337/191/329 340/380/332 338/379/330
f 339/193/331 341/195/333 342/381/334
f 339/193/331 342/381/334 340/380/332
f 341/195/333 343/197/335 344/382/336
f 341/195/333 344/382/336 342/381/334
f 343/197/335 345/199/337 346/383/338
f 343/197/335 346/383/338 344/382/336
f 345/199/337 347/201/339 348/384/340
f 345/199/337 348/384/340 346/383/338
f 347/201/339 349/203/341 350/385/342
f 347/201/339 350/385/342 348/384/340
f 349/203/341 351/205/343 352/386/344
f 349/203/341 352/386/344 350/385/342
f 351/205/343 353/207/345 354/387/346
f 351/205/343 354/387/346 352/386/344
f 353/207/345 355/209/347 356/388/348
f 353/207/345 356/388/348 354/387/346
f 355/209/347 357/211/349 358/389/350
f 355/209/347 358/389/350 356/388/348
f 357/211/349 359/213/351 360/390/352
f 357/211/349 360/390/352 358/389/350
f 359/213/351 361/215/353 362/391/354
f 359/213/351 362/391/354 360/390/352
f 361/215/353 363/217/355 364/392/356
f 361/215/353 364/392/356 362/391/354
f 363/217/355 365/219/357 366/393/358
f 363/217/355 366/393/358 364/392/356
f 365/219/357 319/221/311 322/394/314
f 365/219/357 322/394/314 366/393/358
f 322/371/314 321/370/313 367/395/359
f 322/371/314 367/395/359 368/396/360
f 321/370/313 324/372/316 369/397/361
f 321/370/313 369/397/361 367/395/359
f 324/372/316 326/373/318 370/398/362
f 324/372/316 370/398/362 369/397/361
f 326/373/318 328/374/320 371/399/363
f 326/373/318 371/399/363 370/398/362
f 328/374/320 330/375/322 372/400/364
f 328/374/320 372/400/364 371/399/363
f 330/375/322 332/376/324 373/401/365
f 330/375/322 373/401/365 372/400/364
f 332/376/324 334/377/326 374/402/366
f 332/376/324 374/402/366 373/401/365
f 334/377/326 336/378/328 375/403/367
f 334/377/326 375/403/367 374/402/366
f 336/378/328 338/379/330 376/404/368
f 336/378/328 376/404/368 375/403/367
f 338/379/330 340/380/332 377/405/369
f 338/379/330 377/405/369 376/404/368
f 340/380/332 342/381/334 378/406/370
f 340/380/332 378/406/370 377/405/369
f 342/381/334 344/382/336 379/407/371
f 342/381/334 379/407/371 378/406/370
f 344/382/336 346/383/338 380/408/372
f 344/382/336 380/408/372 379/407/371
f 346/383/338 348/384/340 381/409/373
f 346/383/338 381/409/373 380/408/372
f 348/384/340 350/385/342 382/410/374
f 348/384/340 382/410/374 381/409/373
f 350/385/342 352/386/344 383/411/375
f 350/385/342 383/411/375 382/410/374
f 352/386/344 354/387/346 384/412/376
f 352/386/344 384/412/376 383/411/375
f 354/387/346 356/388/348 385/413/377
f 354/387/346 385/413/377 384/412/376
f 356/388/348 358/389/350 386/414/378
f 356/388/348 386/414/378 385/413/377
f 358/389/350 360/390/352 387/415/379
f 358/389/350 387/415/379 386/414/378
f 360/390/352 362/391/354 388/416/380
f 360/390/352 388/416/380 387/415/379
f 362/391/354 364/392/356 389/417/381
f 362/391/354 389/417/381 388/416/380
f 364/392/356 366/393/358 390/418/382
f 364/392/356 390/418/382 389/417/381
f 366/393/358 322/394/314 368/419/360
f 366/393/358 368/419/360 390/418/382
f 368/396/360 367/395/359 391/248/383
f 368/396/360 391/248/383 392/249/384
f 367/395/359 369/397/361 393/250/385
f 367/395/359 393/250/385 391/248/383
f 369/397/361 370/398/362 394/251/386
f 369/397/361 394/251/386 393/250/385
f 370/398/362 371/399/363 395/252/387
f 370/398/362 395/252/387 394/251/386
f 371/399/363 372/400/364 396/253/388
f 371/399/363 396/253/388 395/252/387
f 372/400/364 373/401/365 397/254/389
f 372/400/364 397/254/389 396/253/388
f 373/401/365 374/402/366 398/255/390
f 373/401/365 398/255/390 397/254/389
f 374/402/366 375/403/367 399/256/391
f 374/402/366 399/256/391 398/255/390
f 375/403/367 376/404/368 400/257/392
f 375/403/367 400/257/392 399/256/391
f 376/404/368 377/405/369 401/258/393
f 376/404/368 401/258/393 400/257/392
f 377/405/369 378/406/370 402/259/394
f 377/405/369 402/259/394 401/258/393
f 378/406/370 379/407/371 403/260/395
f 378/406/370 403/260/395 402/259/394
f 379/407/371 380/408/372 404/261/396
f 379/407/371 404/261/396 403/260/395
f 380/408/372 381/409/373 405/262/397
f 380/408/372 405/262/397 404/261/396
f 381/409/373 382/410/374 406/263/398
f 381/409/373 406/263/398 405/262/397
f 382/410/374 383/411/375 407/264/399
f 382/410/374 407/264/399 406/263/398
f 383/411/375 384/412/376 408/265/400
f 383/411/375 408/265/400 407/264/399
f 384/412/376 385/413/377 409/266/401
f 384/412/376 409/266/401 408/265/400
f 385/413/377 386/414/378 410/267/402
f 385/413/377 410/267/402 409/266/401
f 386/414/378 387/415/379 411/268/403
f 386/414/378 411/268/403 410/267/402
f 387/415/379 388/416/380 412/269/404
f 387/415/379 412/269/404 411/268/403
f 388/416/380 389/417/381 413/270/405
f 388/416/380 413/270/405 412/269/404
f 389/417/381 390/418/382 414/271/406
f 389/417/381 414/271/406 413/270/405
f 390/418/382 368/419/360 392/272/384
f 390/418/382 392/272/384 414/271/406
f 415/273/62 392/420/62 391/421/62
f 415/273/62 391/421/62 393/422/62
f 415/273/62 393/422/62 394/423/62
f 415/273/62 394/423/62 395/424/62
f 415/273/62 395/424/62 396/425/62
f 415/273/62 396/425/62 397/426/62
f 415/273/62 397/426/62 398/427/62
f 415/273/62 398/427/62 399/428/62
f 415/273/62 399/428/62 400/429/62
f 415/273/62 400/429/62 401/430/62
f 415/273/62 401/430/62 402/431/62
f 415/273/62 402/431/62 403/432/62
f 415/273/62 403/432/62 404/433/62
f 415/273/62 404/433/62 405/434/62
f 415/273/62 405/434/62 406/435/62
f 415/273/62 406/435/62 407/436/62
f 415/273/62 407/436/62 408/437/62
f 415/273/62 408/437/62 409/438/62
f 415/273/62 409/438/62 410/439/62
f 415/273/62 410/439/62 411/440/62
f 415/273/62 411/440/62 412/441/62
f 415/273/62 412/441/62 413/442/62
f 415/273/62 413/442/62 414/443/62
f 415/273/62 414/443/62 392/420/62
f 416/173/407 417/174/408 418/444/409
f 416/173/407 418/444/409 419/445/410
f 417/174/408 420/177/411 421/446/412
f 417/174/408 421/446/412 418/444/409
f 420/177/411 422/179/413 423/447/414
f 420/177/411 423/447/414 421/446/412
f 422/179/413 424/181/415 425/448/416
f 422/179/413 425/448/416 423/447/414
f 424/181/415 426/183/417 427/449/418
f 424/181/415 427/449/418 425/448/416
f 426/183/417 428/185/419 429/450/420
f 426/183/417 429/450/420 427/449/418
f 428/185/419 430/187/421 431/451/422
f 428/185/419 431/451/422 429/450/420
f 430/187/421 432/189/423 433/452/424
f 430/187/421 433/452/424 431/451/422
f 432/189/423 434/191/425 435/453/426
f 432/189/423 435/453/426 433/452/424
f 434/191/425 436/193/427 437/454/428
f 434/191/425 437/454/428 435/453/426
f 436/193/427 438/195/429 439/455/430
f 436/193/427 439/455/430 437/454/428
f 438/195/429 440/197/431 441/456/432
f 438/195/429 441/456/432 439/455/430
f 440/197/431 442/199/433 443/457/434
f 440/197/431 443/457/434 441/456/432
f 442/199/433 444/201/435 445/458/436
f 442/199/433 445/458/436 443/457/434
f 444/201/435 446/203/437 447/459/438
f 444/201/435 447/459/438 445/458/436
f 446/203/437 448/205/439 449/460/440
f 446/203/437 449/460/440 447/459/438
f 448/205/439 450/207/441 451/461/442
f 448/205/439 451/461/442 449/460/440
f 450/207/441 452/209/443 453/462/444
f 450/207/441 453/462/444 451/461/442
f 452/209/443 454/211/445 455/463/446
f 452/209/443 455/463/446 453/462/444
f 454/211/445 456/213/447 457/464/448
f 454/211/445 457/464/448 455/463/446
f 456/213/447 458/215/449 459/465/450
f 456/213/447 459/465/450 457/464/448
f 458/215/449 460/217/451 461/466/452
f 458/215/449 461/466/452 459/465/450
f 460/217/451 462/219/453 463/467/454
f 460/217/451 463/467/454 461/466/452
f 462/219/453 416/221/407 419/468/410
f 462/219/453 419/468/410 463/467/454
f 419/445/410 418/444/409 464/469/455
f 419/445/410 464/469/455 465/470/456
f 418/444/409 421/446/412 466/471/457
f 418/444/409 466/471/457 464/469/455
f 421/446/412 423/447/414 467/472/458
f 421/446/412 467/472/458 466/471/457
f 423/447/414 425/448/416 468/473/459
f 423/447/414 468/473/459 467/472/458
f 425/448/416 427/449/418 469/474/460
f 425/448/416 469/474/460 468/473/459
f 427/449/418 429/450/420 470/475/461
f 427/449/418 470/475/461 469/474/460
f 429/450/420 431/451/422 471/476/462
f 429/450/420 471/476/462 470/475/461
f 431/451/422 433/452/424 472/477/463
f 431/451/422 472/477/463 471/476/462
f 433/452/424 435/453/426 473/478/464
f 433/452/424 473/478/464 472/477/463
f 435/453/426 437/454/428 474/479/465
f 435/453/426 474/479/465 473/478/464
f 437/454/428 439/455/430 475/480/466
f 437/454/428 475/480/466 474/479/465
f 439/455/430 441/456/432 476/481/467
f 439/455/430 476/481/467 475/480/466
f 441/456/432 443/457/434 477/482/468
f 441/456/432 477/482/468 476/481/467
f 443/457/434 445/458/436 478/483/469
f 443/457/434 478/483/469 477/482/468
f 445/458/436 447/459/438 479/484/470
f 445/458/436 479/484/470 478/483/469
f 447/459/438 449/460/440 480/485/471
f 447/459/438 480/485/471 479/484/470
f 449/460/440 451/461/442 481/486/472
f 449/460/440 481/486/472 480/485/471
f 451/461/442 453/462/444 482/487/473
f 451/461/442 482/487/473 481/486/472
f 453/462/444 455/463/446 483/488/474
f 453/462/444 483/488/474 482/487/473
f 455/463/446 457/464/448 484/489/475
f 455/463/446 484/489/475 483/488/474
f 457/464/448 459/465/450 485/490/476
f 457/464/448 485/490/476 484/489/475
f 459/465/450 461/466/452 486/491/477
f 459/465/450 486/491/477 485/490/476
f 461/466/452 463/467/454 487/492/478
f 461/466/452 487/492/478 486/491/477
f 463/467/454 419/468/410 465/493/456
f 463/467/454 465/493/456 487/492/478
f 465/470/456 464/469/455 488/248/479
f 465/470/456 488/248/479 489/249/480
f 464/469/455 466/471/457 490/250/481
f 464/469/455 490/250/481 488/248/479
f 466/471/457 467/472/458 491/251/482
f 466/471/457 491/251/482 490/250/481
f 467/472/458 468/473/459 492/252/483
f 467/472/458 492/252/483 491/251/482
f 468/473/459 469/474/460 493/253/484
f 468/473/459 493/253/484 492/252/483
f 469/474/460 470/475/461 494/254/485
f 469/474/460 494/254/485 493/253/484
f 470/475/461 471/476/462 495/255/486
f 470/475/461 495/255/486 494/254/485
f 471/476/462 472/477/463 496/256/487
f 471/476/462 496/256/487 495/255/486
f 472/477/463 473/478/464 497/257/488
f 472/477/463 497/257/488 496/256/487
f 473/478/464 474/479/465 498/258/489
f 473/478/464 498/258/489 497/257/488
f 474/479/465 475/480/466 499/259/490
f 474/479/465 499/259/490 498/258/489
f 475/480/466 476/481/467 500/260/491
f 475/480/466 500/260/491 499/259/490
f 476/481/467 477/482/468 501/261/492
f 476/481/467 501/261/492 500/260/491
f 477/482/468 478/483/469 502/262/493
f 477/482/468 502/262/493 501/261/492
f 478/483/469 479/484/470 503/263/494
f 478/483/469 503/263/494 502/262/493
f 479/484/470 480/485/471 504/264/495
f 479/484/470 504/264/495 503/263/494
f 480/485/471 481/486/472 505/265/496
f 480/485/471 505/265/496 504/264/495
f 481/486/472 482/487/473 506/266/497
f 481/486/472 506/266/497 505/265/496
f 482/487/473 483/488/474 507/267/498
f 482/487/473 507/267/498 506/266/497
f 483/488/474 484/489/475 508/268/499
f 483/488/474 508/268/499 507/267/498
f 484/489/475 485/490/476 509/269/500
f 484/489/475 509/269/500 508/268/499
f 485/490/476 486/491/477 510/270/501
f 485/490/476 510/270/501 509/269/500
f 486/491/477 487/492/478 511/271/502
f 486/491/477 511/271/502 510/270/501
f 487/492/478 465/493/456 489/272/480
f 487/492/478 489/272/480 511/271/502
f 512/273/62 489/494/62 488/495/62
f 512/273/62 488/495/62 490/496/62
f 512/273/62 490/496/62 491/497/62
f 512/273/62 491/497/62 492/498/62
f 512/273/62 492/498/62 493/499/62
f 512/273/62 493/499/62 494/500/62
f 512/273/62 494/500/62 495/501/62
f 512/273/62 495/501/62 496/502/62
f 512/273/62 496/502/62 497/503/62
f 512/273/62 497/503/62 498/504/62
f 512/273/62 498/504/62 499/505/62
f 512/273/62 499/505/62 500/506/62
f 512/273/62 500/506/62 501/507/62
f 512/273/62 501/507/62 502/508/62
f 512/273/62 502/508/62 503/509/62
f 512/273/62 503/509/62 504/510/62
f 512/273/62 504/510/62 505/511/62
f 512/273/62 505/511/62 506/512/62
f 512/273/62 506/512/62 507/513/62
f 512/273/62 507/513/62 508/514/62
f 512/273/62 508/514/62 509/515/62
f 512/273/62 509/515/62 510/516/62
f 512/273/62 510/516/62 511/517/62
f 512/273/62 511/517/62 489/494/62
f 513/173/503 514/174/504 515/518/505
f 513/173/503 515/518/505 516/519/506
f 514/174/504 517/177/507 518/520/508
f 514/174/504 518/520/508 515/518/505
f 517/177/507 519/179/509 520/521/510
f 517/177/507 520/521/510 518/520/508
f 519/179/509 521/181/511 522/522/512
f 519/179/509 522/522/512 520/521/510
f 521/181/511 523/183/513 524/523/514
f 521/181/511 524/523/514 522/522/512
f 523/183/513 525/185/515 526/524/516
f 523/183/513 526/524/516 524/523/514
f 525/185/515 527/187/517 528/525/518
f 525/185/515 528/525/518 526/524/516
f 527/187/517 529/189/519 530/526/520
f 527/187/517 530/526/520 528/525/518
f 529/189/519 531/191/521 532/527/522
f 529/189/519 532/527/522 530/526/520
f 531/191/521 533/193/523 534/528/524
f 531/191/521 534/528/524 532/527/522
f 533/193/523 535/195/525 536/529/526
f 533/193/523 536/529/526 534/528/524
f 535/195/525 537/197/527 538/530/528
f 535/195/525 538/530/528 536/529/526
f 537/197/527 539/199/529 540/531/530
f 537/197/527 540/531/530 538/530/528
f 539/199/529 541/201/531 542/532/532
f 539/199/529 542/532/532 540/531/530
f 541/201/531 543/203/533 544/533/534
f 541/201/531 544/533/534 542/532/532
f 543/203/533 545/205/535 546/534/536
f 543/203/533 546/534/536 544/533/534
f 545/205/535 547/207/537 548/535/538
f 545/205/535 548/535/538 546/534/536
f 547/207/537 549/209/539 550/536/540
f 547/207/537 550/536/540 548/535/538
f 549/209/539 551/211/541 552/537/542
f 549/209/539 552/537/542 550/536/540
f 551/211/541 553/213/543 554/538/544
f 551/211/541 554/538/544 552/537/542
f 553/213/543 555/215/545 556/539/546
f 553/213/543 556/539/546 554/538/544
f 555/215/545 557/217/547 558/540/548
f 555/215/545 558/540/548 556/539/546
f 557/217/547 559/219/549 560/541/550
f 557/217/547 560/541/550 558/540/548
f 559/219/549 513/221/503 516/542/506
f 559/219/549 516/542/506 560/541/550
f 516/519/506 515/518/505 561/543/551
f 516/519/506 561/543/551 562/544/552
f 515/518/505 518/520/508 563/545/553
f 515/518/505 563/545/553 561/543/551
f 518/520/508 520/521/510 564/546/554
f 518/520/508 564/546/554 563/545/553
f 520/521/510 522/522/512 565/547/555
f 520/521/510 565/547/555 564/546/554
f 522/522/512 524/523/514 566/548/556
f 522/522/512 566/548/556 565/547/555
f 524/523/514 526/524/516 567/549/557
f 524/523/514 567/549/557 566/548/556
f 526/524/516 528/525/518 568/550/558
f 526/524/516 568/550/558 567/549/557
f 528/525/518 530/526/520 569/551/559
f 528/525/518 569/551/559 568/550/558
f 530/526/520 532/527/522 570/552/560
f 530/526/520 570/552/560 569/551/559
f 532/527/522 534/528/524 571/553/561
f 532/527/522 571/553/561 570/552/560
f 534/528/524 536/529/526 572/554/562
f 534/528/524 572/554/562 571/553/561
f 536/529/526 538/530/528 573/555/563
f 536/529/526 573/555/563 572/554/562
f 538/530/528 540/531/530 574/556/564
f 538/530/528 574/556/564 573/555/563
f 540/531/530 542/532/532 575/557/565
f 540/531/530 575/557/565 574/556/564
f 542/532/532 544/533/534 576/558/566
f 542/532/532 576/558/566 575/557/565
f 544/533/534 546/534/536 577/559/567
f 544/533/534 577/559/567 576/558/566
f 546/534/536 548/535/538 578/560/568
f 546/534/536 578/560/568 577/559/567
f 548/535/538 550/536/540 579/561/569
f 548/535/538 579/561/569 578/560/568
f 550/536/540 552/537/542 580/562/570
f 550/536/540 580/562/570 579/561/569
f 552/537/542 554/538/544 581/563/571
f 552/537/542 581/563/571 580/562/570
f 554/538/544 556/539/546 582/564/572
f 554/538/544 582/564/572 581/563/571
f 556/539/546 558/540/548 583/565/573
f 556/539/546 583/565/573 582/564/572
f 558/540/548 560/541/550 584/566/574
f 558/540/548 584/566/574 583/565/573
f 560/541/550 516/542/506 562/567/552
f 560/541/550 562/567/552 584/566/574
f 562/544/552 561/543/551 585/248/575
f 562/544/552 585/248/575 586/249/576
f 561/543/551 563/545/553 587/250/577
f 561/543/551 587/250/577 585/248/575
f 563/545/553 564/546/554 588/251/578
f 563/545/553 588/251/578 587/250/577
f 564/546/554 565/547/555 589/252/579
f 564/546/554 589/252/579 588/251/578
f 565/547/555 566/548/556 590/253/580
f 565/547/555 590/253/580 589/252/579
f 566/548/556 567/549/557 591/254/581
f 566/548/556 591/254/581 590/253/580
f 567/549/557 568/550/558 592/255/582
f 567/549/557 592/255/582 591/254/581
f 568/550/558 569/551/559 593/256/583
f 568/550/558 593/256/583 592/255/582
f 569/551/559 570/552/560 594/257/584
f 569/551/559 594/257/584 593/256/583
f 570/552/560 571/553/561 595/258/585
f 570/552/560 595/258/585 594/257/584
f 571/553/561 572/554/562 596/259/586
f 571/553/561 596/259/586 595/258/585
f 572/554/562 573/555/563 597/260/587
f 572/554/562 597/260/587 596/259/586
f 573/555/563 574/556/564 598/261/588
f 573/555/563 598/261/588 597/260/587
f 574/556/564 575/557/565 599/262/589
f 574/556/564 599/262/589 598/261/588
f 575/557/565 576/558/566 600/263/590
f 575/557/565 600/263/590 599/262/589
f 576/558/566 577/559/567 601/264/591
f 576/558/566 601/264/591 600/263/590
f 577/559/567 578/560/568 602/265/592
f 577/559/567 602/265/592 601/264/591
f 578/560/568 579/561/569 603/266/593
f 578/560/568 603/266/593 602/265/592
f 579/561/569 580/562/570 604/267/594
f 579/561/569 604/267/594 603/266/593
f 580/562/570 581/563/571 605/268/595
f 580/562/570 605/268/595 604/267/594
f 581/563/571 582/564/572 606/269/596
f 581/563/571 606/269/596 605/268/595
f 582/564/572 583/565/573 607/270/597
f 582/564/572 607/270/597 606/269/596
f 583/565/573 584/566/574 608/271/598
f 583/565/573 608/271/598 607/270/597
f 584/566/574 562/567/552 586/272/576
f 584/566/574 586/272/576 608/271/598
f 609/273/62 586/568/62 585/569/62
f 609/273/62 585/569/62 587/570/62
f 609/273/62 587/570/62 588/571/62
f 609/273/62 588/571/62 589/572/62
f 609/273/62 589/572/62 590/573/62
f 609/273/62 590/573/62 591/574/62
f 609/273/62 591/574/62 592/575/62
f 609/273/62 592/575/62 593/576/62
f 609/273/62 593/576/62 594/577/62
f 609/273/62 594/577/62 595/578/62
f 609/273/62 595/578/62 596/579/62
f 609/273/62 596/579/62 597/580/62
f 609/273/62 597/580/62 598/581/62
f 609/273/62 598/581/62 599/582/62
f 609/273/62 599/582/62 600/583/62
f 609/273/62 600/583/62 601/584/62
f 609/273/62 601/584/62 602/585/62
f 609/273/62 602/585/62 603/586/62
f 609/273/62 603/586/62 604/587/62
f 609/273/62 604/587/62 605/588/62
f 609/273/62 605/588/62 606/589/62
f 609/273/62 606/589/62 607/590/62
f 609/273/62 607/590/62 608/591/62
f 609/273/62 608/591/62 586/568/62
f 610/173/599 611/174/600 612/592/601
f 610/173/599 612/592/601 613/593/602
f 611/174/600 614/177/603 615/594/604
f 611/174/600 615/594/604 612/592/601
f 614/177/603 616/179/605 617/595/606
f 614/177/603 617/595/606 615/594/604
f 616/179/605 618/181/607 619/596/608
f 616/179/605 619/596/608 617/595/606
f 618/181/607 620/183/609 621/597/610
f 618/181/607 621/597/610 619/596/608
f 620/183/609 622/185/611 623/598/612
f 620/183/609 623/598/612 621/597/610
f 622/185/611 624/187/613 625/599/614
f 622/185/611 625/599/614 623/598/612
f 624/187/613 626/189/615 627/600/616
f 624/187/613 627/600/616 625/599/614
f 626/189/615 628/191/617 629/601/618
f 626/189/615 629/601/618 627/600/616
f 628/191/617 630/193/619 631/602/620
f 628/191/617 631/602/620 629/601/618
f 630/193/619 632/195/621 633/603/622
f 630/193/619 633/603/622 631/602/620
f 632/195/621 634/197/623 635/604/624
f 632/195/621 635/604/624 633/603/622
f 634/197/623 636/199/625 637/605/626
f 634/197/623 637/605/626 635/604/624
f 636/199/625 638/201/627 639/606/628
f 636/199/625 639/606/628 637/605/626
f 638/201/627 640/203/629 641/607/630
f 638/201/627 641/607/630 639/606/628
f 640/203/629 642/205/631 643/608/632
f 640/203/629 643/608/632 641/607/630
f 642/205/631 644/207/633 645/609/634
f 642/205/631 645/609/634 643/608/632
f 644/207/633 646/209/635 647/610/636
f 644/207/633 647/610/636 645/609/634
f 646/209/635 648/211/637 649/611/638
f 646/209/635 649/611/638 647/610/636
f 648/211/637 650/213/639 651/612/640
f 648/211/637 651/612/640 649/611/638
f 650/213/639 652/215/641 653/613/642
f 650/213/639 653/613/642 651/612/640
f 652/215/641 654/217/643 655/614/644
f 652/215/641 655/614/644 653/613/642
f 654/217/643 656/219/645 657/615/646
f 654/217/643 657/615/646 655/614/644
f 656/219/645 610/221/599 613/616/602
f 656/219/645 613/616/602 657/615/646
f 613/593/602 612/592/601 658/617/647
f 613/593/602 658/617/647 659/618/648
f 612/592/601 615/594/604 660/619/649
f 612/592/601 660/619/649 658/617/647
f 615/594/604 617/595/606 661/620/650
f 615/594/604 661/620/650 660/619/649
f 617/595/606 619/596/608 662/621/651
f 617/595/606 662/621/651 661/620/650
f 619/596/608 621/597/610 663/622/652
f 619/596/608 663/622/652 662/621/651
f 621/597/610 623/598/612 664/623/653
f 621/597/610 664/623/653 663/622/652
f 623/598/612 625/599/614 665/624/654
f 623/598/612 665/624/654 664/623/653
f 625/599/614 627/600/616 666/625/655
f 625/599/614 666/625/655 665/624/654
f 627/600/616 629/601/618 667/626/656
f 627/600/616 667/626/656 666/625/655
f 629/601/618 631/602/620 668/627/657
f 629/601/618 668/627/657 667/626/656
f 631/602/620 633/603/622 669/628/658
f 631/602/620 669/628/658 668/627/657
f 633/603/622 635/604/624 670/629/659
f 633/603/622 670/629/659 669/628/658
f 635/604/624 637/605/626 671/630/660
f 635/604/624 671/630/660 670/629/659
f 637/605/626 639/606/628 672/631/661
f 637/605/626 672/631/661 671/630/660
f 639/606/628 641/607/630 673/632/662
f 639/606/628 673/632/662 672/631/661
f 641/607/630 643/608/632 674/633/663
f 641/607/630 674/633/663 673/632/662
f 643/608/632 645/609/634 675/634/664
f 643/608/632 675/634/664 674/633/663
f 645/609/634 647/610/636 676/635/665
f 645/609/634 676/635/665 675/634/664
f 647/610/636 649/611/638 677/636/666
f 647/610/636 677/636/666 676/635/665
f 649/611/638 651/612/640 678/637/667
f 649/611/638 678/637/667 677/636/666
f 651/612/640 653/613/642 679/638/668
f 651/612/640 679/638/668 678/637/667
f 653/613/642 655/614/644 680/639/669
f 653/613/642 680/639/669 679/638/668
f 655/614/644 657/615/646 681/640/670
f 655/614/644 681/640/670 680/639/669
f 657/615/646 613/616/602 659/641/648
f 657/615/646 659/641/648 681/640/670
f 659/618/648 658/617/647 682/249/671
f 658/617/647 660/619/649 682/248/672
f 660/619/649 661/620/650 682/250/673
f 661/620/650 662/621/651 682/251/674
f 662/621/651 663/622/652 682/252/675
f 663/622/652 664/623/653 682/253/676
f 664/623/653 665/624/654 682/254/677
f 665/624/654 666/625/655 682/255/678
f 666/625/655 667/626/656 682/256/679
f 667/626/656 668/627/657 682/257/680
f 668/627/657 669/628/658 682/258/681
f 669/628/658 670/629/659 682/259/682
f 670/629/659 671/630/660 682/260/683
f 671/630/660 672/631/661 682/261/684
f 672/631/661 673/632/662 682/262/685
f 673/632/662 674/633/663 682/263/686
f 674/633/663 675/634/664 682/264/687
f 675/634/664 676/635/665 682/265/688
f 676/635/665 677/636/666 682/266/689
f 677/636/666 678/637/667 682/267/690
f 678/637/667 679/638/668 682/268/691
f 679/638/668 680/639/669 682/269/692
f 680/639/669 681/640/670 682/270/693
f 681/640/670 659/641/648 682/271/694
f 683/642/695 684/643/696 685/644/697
f 683/645/698 686/646/699 684/643/696
f 683/647/700 687/648/701 686/646/699
f 683/649/702 688/650/703 687/648/701
f 683/651/704 689/652/705 688/650/703
f 683/653/706 690/654/707 689/652/705
f 683/655/708 691/656/709 690/654/707
f 683/657/710 685/658/697 691/656/709
f 685/644/697 684/643/696 692/659/711
f 685/644/697 692/659/711 693/660/712
f 684/643/696 686/646/699 694/661/713
f 684/643/696 694/661/713 692/659/711
f 686/646/699 687/648/701 695/662/714
f 686/646/699 695/662/714 694/661/713
f 687/648/701 688/650/703 696/663/715
f 687/648/701 696/663/715 695/662/714
f 688/650/703 689/652/705 697/664/716
f 688/650/703 697/664/716 696/663/715
f 689/652/705 690/654/707 698/665/717
f 689/652/705 698/665/717 697/664/716
f 690/654/707 691/656/709 699/666/718
f 690/654/707 699/666/718 698/665/717
f 691/656/709 685/658/697 693/667/712
f 691/656/709 693/667/712 699/666/718
f 693/660/712 692/659/711 700/668/719
f 693/660/712 700/668/719 701/669/720
f 692/659/711 694/661/713 702/670/721
f 692/659/711 702/670/721 700/668/719
f 694/661/713 695/662/714 703/671/722
f 694/661/713 703/671/722 702/670/721
f 695/662/714 696/663/715 704/672/723
f 695/662/714 704/672/723 703/671/722
f 696/663/715 697/664/716 705/673/724
f 696/663/715 705/673/724 704/672/723
f 697/664/716 698/665/717 706/674/725
f 697/664/716 706/674/725 705/673/724
f 698/665/717 699/666/718 707/675/726
f 698/665/717 707/675/726 706/674/725
f 699/666/718 693/667/712 701/676/720
f 699/666/718 701/676/720 707/675/726
f 701/669/720 700/668/719 708/677/727
f 700/668/719 702/670/721 708/678/728
f 702/670/721 703/671/722 708/679/729
f 703/671/722 704/672/723 708/680/730
f 704/672/723 705/673/724 708/681/731
f 705/673/724 706/674/725 708/682/732
f 706/674/725 707/675/726 708/683/733
f 707/675/726 701/676/720 708/684/734
f 709/685/717 710/686/717 711/687/717
f 711/687/717 712/688/717 709/685/717
f 713/685/713 714/686/713 715/687/713
f 715/687/713 716/688/713 713/685/713
f 710/688/61 709/685/61 714/686/61
f 714/686/61 713/687/61 710/688/61
f 712/688/62 711/685/62 716/686/62
f 716/686/62 715/687/62 712/688/62
f 709/686/715 712/687/715 715/688/715
f 715/688/715 714/685/715 709/686/715
f 711/688/712 710/685/712 713/686/712
f 713/686/712 716/687/712 711/688/712
f 717/689/695 718/690/696 719/691/697
f 717/692/698 720/693/699 718/690/696
f 717/694/700 721/695/701 720/693/699
f 717/696/702 722/697/703 721/695/701
f 717/698/704 723/699/705 722/697/703
f 717/700/706 724/701/707 723/699/705
f 717/702/708 725/703/709 724/701/707
f 717/704/710 719/705/697 725/703/709
f 719/691/697 718/690/696 726/706/711
f 719/691/697 726/706/711 727/707/712
f 718/690/696 720/693/699 728/708/713
f 718/690/696 728/708/713 726/706/711
f 720/693/699 721/695/701 729/709/714
f 720/693/699 729/709/714 728/708/713
f 721/695/701 722/697/703 730/710/715
f 721/695/701 730/710/715 729/709/714
f 722/697/703 723/699/705 731/711/716
f 722/697/703 731/711/716 730/710/715
f 723/699/705 724/701/707 732/712/717
f 723/699/705 732/712/717 731/711/716
f 724/701/707 725/703/709 733/713/718
f 724/701/707 733/713/718 732/712/717
f 725/703/709 719/705/697 727/714/712
f 725/703/709 727/714/712 733/713/718
f 727/707/712 726/706/711 734/715/719
f 727/707/712 734/715/719 735/716/720
f 726/706/711 728/708/713 736/717/721
f 726/706/711 736/717/721 734/715/719
f 728/708/713 729/709/714 737/718/722
f 728/708/713 737/718/722 736/717/721
f 729/709/714 730/710/715 738/719/723
f 729/709/714 738/719/723 737/718/722
f 730/710/715 731/711/716 739/720/724
f 730/710/715 739/720/724 738/719/723
f 731/711/716 732/712/717 740/721/725
f 731/711/716 740/721/725 739/720/724
f 732/712/717 733/713/718 741/722/726
f 732/712/717 741/722/726 740/721/725
f 733/713/718 727/714/712 735/723/720
f 733/713/718 735/723/720 741/722/726
f 735/716/720 734/715/719 742/724/727
f 734/715/719 736/717/721 742/725/728
f 736/717/721 737/718/722 742/726/729
f 737/718/722 738/719/723 742/727/730
f 738/719/723 739/720/724 742/728/731
f 739/720/724 740/721/725 742/729/732
f 740/721/725 741/722/726 742/730/733
f 741/722/726 735/723/720 742/731/734
f 743/685/717 744/686/717 745/687/717
f 745/687/717 746/688/717 743/685/717
f 747/685/713 748/686/713 749/687/713
f 749/687/713 750/688/713 747/685/713
f 744/688/61 743/685/61 748/686/61
f 748/686/61 747/687/61 744/688/61
f 746/688/62 745/685/62 750/686/62
f 750/686/62 749/687/62 746/688/62
f 743/686/715 746/687/715 749/688/715
f 749/688/715 748/685/715 743/686/715
f 745/688/712 744/685/712 747/686/712
f 747/686/712 750/687/712 745/688/712
f 751/732/695 752/733/696 753/734/697
f 751/735/698 754/736/699 752/733/696
f 751/737/700 755/738/701 754/736/699
f 751/739/702 756/740/703 755/738/701
f 751/741/704 757/742/705 756/740/703
f 751/743/706 758/744/707 757/742/705
f 751/745/708 759/746/709 758/744/707
f 751/747/710 753/748/697 759/746/709
f 753/734/697 752/733/696 760/749/711
f 753/734/697 760/749/711 761/750/712
f 752/733/696 754/736/699 762/751/713
f 752/733/696 762/751/713 760/749/711
f 754/736/699 755/738/701 763/752/714
f 754/736/699 763/752/714 762/751/713
f 755/738/701 756/740/703 764/753/715
f 755/738/701 764/753/715 763/752/714
f 756/740/703 757/742/705 765/754/716
f 756/740/703 765/754/716 764/753/715
f 757/742/705 758/744/707 766/755/717
f 757/742/705 766/755/717 765/754/716
f 758/744/707 759/746/709 767/756/718
f 758/744/707 767/756/718 766/755/717
f 759/746/709 753/748/697 761/757/712
f 759/746/709 761/757/712 767/756/718
f 761/750/712 760/749/711 768/758/719
f 761/750/712 768/758/719 769/759/720
f 760/749/711 762/751/713 770/760/721
f 760/749/711 770/760/721 768/758/719
f 762/751/713 763/752/714 771/761/722
f 762/751/713 771/761/722 770/760/721
f 763/752/714 764/753/715 772/762/723
f 763/752/714 772/762/723 771/761/722
f 764/753/715 765/754/716 773/763/724
f 764/753/715 773/763/724 772/762/723
f 765/754/716 766/755/717 774/764/725
f 765/754/716 774/764/725 773/763/724
f 766/755/717 767/756/718 775/765/726
f 766/755/717 775/765/726 774/764/725
f 767/756/718 761/757/712 769/766/720
f 767/756/718 769/766/720 775/765/726
f 769/759/720 768/758/719 776/767/727
f 768/758/719 770/760/721 776/768/728
f 770/760/721 771/761/722 776/769/729
f 771/761/722 772/762/723 776/770/730
f 772/762/723 773/763/724 776/771/731
f 773/763/724 774/764/725 776/772/732
f 774/764/725 775/765/726 776/773/733
f 775/765/726 769/766/720 776/774/734
f 777/685/717 778/686/717 779/687/717
f 779/687/717 780/688/717 777/685/717
f 781/685/713 782/686/713 783/687/713
f 783/687/713 784/688/713 781/685/713
f 778/688/61 777/685/61 782/686/61
f 782/686/61 781/687/61 778/688/61
f 780/688/62 779/685/62 784/686/62
f 784/686/62 783/687/62 780/688/62
f 777/686/715 780/687/715 783/688/715
f 783/688/715 782/685/715 777/686/715
f 779/688/712 778/685/712 781/686/712
f 781/686/712 784/687/712 779/688/712
f 785/775/695 786/776/696 787/777/697
f 785/778/698 788/779/699 786/776/696
f 785/780/700 789/781/701 788/779/699
f 785/782/702 790/783/703 789/781/701
f 785/784/704 791/785/705 790/783/703
f 785/786/706 792/787/707 791/785/705
f 785/788/708 793/789/709 792/787/707
f 785/790/710 787/791/697 793/789/709
f 787/777/697 786/776/696 794/792/711
f 787/777/697 794/792/711 795/793/712
f 786/776/696 788/779/699 796/794/713
f 786/776/696 796/794/713 794/792/711
f 788/779/699 789/781/701 797/795/714
f 788/779/699 797/795/714 796/794/713
f 789/781/701 790/783/703 798/796/715
f 789/781/701 798/796/715 797/795/714
f 790/783/703 791/785/705 799/797/716
f 790/783/703 799/797/716 798/796/715
f 791/785/705 792/787/707 800/798/717
f 791/785/705 800/798/717 799/797/716
f 792/787/707 793/789/709 801/799/718
f 792/787/707 801/799/718 800/798/717
f 793/789/709 787/791/697 795/800/712
f 793/789/709 795/800/712 801/799/718
f 795/793/712 794/792/711 802/801/719
f 795/793/712 802/801/719 803/802/720
f 794/792/711 796/794/713 804/803/721
f 794/792/711 804/803/721 802/801/719
f 796/794/713 797/795/714 805/804/722
f 796/794/713 805/804/722 804/803/721
f 797/795/714 798/796/715 806/805/723
f 797/795/714 806/805/723 805/804/722
f 798/796/715 799/797/716 807/806/724
f 798/796/715 807/806/724 806/805/723
f 799/797/716 800/798/717 808/807/725
f 799/797/716 808/807/725 807/806/724
f 800/798/717 801/799/718 809/808/726
f 800/798/717 809/808/726 808/807/725
f 801/799/718 795/800/712 803/809/720
f 801/799/718 803/809/720 809/808/726
f 803/802/720 802/801/719 810/810/727
f 802/801/719 804/803/721 810/811/728
f 804/803/721 805/804/722 810/812/729
f 805/804/722 806/805/723 810/813/730
f 806/805/723 807/806/724 810/814/731
f 807/806/724 808/807/725 810/815/732
f 808/807/725 809/808/726 810/816/733
f 809/808/726 803/809/720 810/817/734
f 811/685/717 812/686/717 813/687/717
f 813/687/717 814/688/717 811/685/717
f 815/685/713 816/686/713 817/687/713
f 817/687/713 818/688/713 815/685/713
f 812/688/61 811/685/61 816/686/61
f 816/686/61 815/687/61 812/688/61
f 814/688/62 813/685/62 818/686/62
f 818/686/62 817/687/62 814/688/62
f 811/686/715 814/687/715 817/688/715
f 817/688/715 816/685/715 811/686/715
f 813/688/712 812/685/712 815/686/712
f 815/686/712 818/687/712 813/688/712
f 819/818/695 820/819/696 821/820/697
f 819/821/698 822/822/699 820/819/696
f 819/823/700 823/824/701 822/822/699
f 819/825/702 824/826/703 823/824/701
f 819/827/704 825/828/705 824/826/703
f 819/829/706 826/830/707 825/828/705
f 819/831/708 827/832/709 826/830/707
f 819/833/710 821/834/697 827/832/709
f 821/820/697 820/819/696 828/835/711
f 821/820/697 828/835/711 829/836/712
f 820/819/696 822/822/699 830/837/713
f 820/819/696 830/837/713 828/835/711
f 822/822/699 823/824/701 831/838/714
f 822/822/699 831/838/714 830/837/713
f 823/824/701 824/826/703 832/839/715
f 823/824/701 832/839/715 831/838/714
f 824/826/703 825/828/705 833/840/716
f 824/826/703 833/840/716 832/839/715
f 825/828/705 826/830/707 834/841/717
f 825/828/705 834/841/717 833/840/716
f 826/830/707 827/832/709 835/842/718
f 826/830/707 835/842/718 834/841/717
f 827/832/709 821/834/697 829/843/712
f 827/832/709 829/843/712 835/842/718
f 829/836/712 828/835/711 836/844/719
f 829/836/712 836/844/719 837/845/720
f 828/835/711 830/837/713 838/846/721
f 828/835/711 838/846/721 836/844/719
f 830/837/713 831/838/714 839/847/722
f 830/837/713 839/847/722 838/846/721
f 831/838/714 832/839/715 840/848/723
f 831/838/714 840/848/723 839/847/722
f 832/839/715 833/840/716 841/849/724
f 832/839/715 841/849/724 840/848/723
f 833/840/716 834/841/717 842/850/725
f 833/840/716 842/850/725 841/849/724
f 834/841/717 835/842/718 843/851/726
f 834/841/717 843/851/726 842/850/725
f 835/842/718 829/843/712 837/852/720
f 835/842/718 837/852/720 843/851/726
f 837/845/720 836/844/719 844/853/727
f 836/844/719 838/846/721 844/854/728
f 838/846/721 839/847/722 844/855/729
f 839/847/722 840/848/723 844/856/730
f 840/848/723 841/849/724 844/857/731
f 841/849/724 842/850/725 844/858/732
f 842/850/725 843/851/726 844/859/733
f 843/851/726 837/852/720 844/860/734
f 845/685/717 846/686/717 847/687/717
f 847/687/717 848/688/717 845/685/717
f 849/685/713 850/686/713 851/687/713
f 851/687/713 852/688/713 849/685/713
f 846/688/61 845/685/61 850/686/61
f 850/686/61 849/687/61 846/688/61
f 848/688/62 847/685/62 852/686/62
f 852/686/62 851/687/62 848/688/62
f 845/686/715 848/687/715 851/688/715
f 851/688/715 850/685/715 845/686/715
f 847/688/712 846/685/712 849/686/712
f 849/686/712 852/687/712 847/688/712
f 853/861/695 854/862/696 855/863/697
f 853/864/698 856/865/699 854/862/696
f 853/866/700 857/867/701 856/865/699
f 853/868/702 858/869/703 857/867/701
f 853/870/704 859/871/705 858/869/703
f 853/872/706 860/873/707 859/871/705
f 853/874/708 861/875/709 860/873/707
f 853/876/710 855/877/697 861/875/709
f 855/863/697 854/862/696 862/878/711
f 855/863/697 862/878/711 863/879/712
f 854/862/696 856/865/699 864/880/713
f 854/862/696 864/880/713 862/878/711
f 856/865/699 857/867/701 865/881/714
f 856/865/699 865/881/714 864/880/713
f 857/867/701 858/869/703 866/882/715
f 857/867/701 866/882/715 865/881/714
f 858/869/703 859/871/705 867/883/716
f 858/869/703 867/883/716 866/882/715
f 859/871/705 860/873/707 868/884/717
f 859/871/705 868/884/717 867/883/716
f 860/873/707 861/875/709 869/885/718
f 860/873/707 869/885/718 868/884/717
f 861/875/709 855/877/697 863/886/712
f 861/875/709 863/886/712 869/885/718
f 863/879/712 862/878/711 870/887/719
f 863/879/712 870/887/719 871/888/720
f 862/878/711 864/880/713 872/889/721
f 862/878/711 872/889/721 870/887/719
f 864/880/713 865/881/714 873/890/722
f 864/880/713 873/890/722 872/889/721
f 865/881/714 866/882/715 874/891/723
f 865/881/714 874/891/723 873/890/722
f 866/882/715 867/883/716 875/892/724
f 866/882/715 875/892/724 874/891/723
f 867/883/716 868/884/717 876/893/725
f 867/883/716 876/893/725 875/892/724
f 868/884/717 869/885/718 877/894/726
f 868/884/717 877/894/726 876/893/725
f 869/885/718 863/886/712 871/895/720
f 869/885/718 871/895/720 877/894/726
f 871/888/720 870/887/719 878/896/727
f 870/887/719 872/889/721 878/897/728
f 872/889/721 873/890/722 878/898/729
f 873/890/722 874/891/723 878/899/730
f 874/891/723 875/892/724 878/900/731
f 875/892/724 876/893/725 878/901/732
f 876/893/725 877/894/726 878/902/733
f 877/894/726 871/895/720 878/903/734
f 879/685/717 880/686/717 881/687/717
f 881/687/717 882/688/717 879/685/717
f 883/685/713 884/686/713 885/687/713
f 885/687/713 886/688/713 883/685/713
f 880/688/61 879/685/61 884/686/61
f 884/686/61 883/687/61 880/688/61
f 882/688/62 881/685/62 886/686/62
f 886/686/62 885/687/62 882/688/62
f 879/686/715 882/687/715 885/688/715
f 885/688/715 884/685/715 879/686/715
f 881/688/712 880/685/712 883/686/712
f 883/686/712 886/687/712 881/688/712
f 887/642/695 888/643/696 889/644/697
f 887/645/698 890/646/699 888/643/696
f 887/647/700 891/648/701 890/646/699
f 887/649/702 892/650/703 891/648/701
f 887/651/704 893/652/705 892/650/703
f 887/653/706 894/654/707 893/652/705
f 887/655/708 895/656/709 894/654/707
f 887/657/710 889/658/697 895/656/709
f 889/644/697 888/643/696 896/659/711
f 889/644/697 896/659/711 897/660/712
f 888/643/696 890/646/699 898/661/713
f 888/643/696 898/661/713 896/659/711
f 890/646/699 891/648/701 899/662/714
f 890/646/699 899/662/714 898/661/713
f 891/648/701 892/650/703 900/663/715
f 891/648/701 900/663/715 899/662/714
f 892/650/703 893/652/705 901/664/716
f 892/650/703 901/664/716 900/663/715
f 893/652/705 894/654/707 902/665/717
f 893/652/705 902/665/717 901/664/716
f 894/654/707 895/656/709 903/666/718
f 894/654/707 903/666/718 902/665/717
f 895/656/709 889/658/697 897/667/712
f 895/656/709 897/667/712 903/666/718
f 897/660/712 896/659/711 904/668/719
f 897/660/712 904/668/719 905/669/720
f 896/659/711 898/661/713 906/670/721
f 896/659/711 906/670/721 904/668/719
f 898/661/713 899/662/714 907/671/722
f 898/661/713 907/671/722 906/670/721
f 899/662/714 900/663/715 908/672/723
f 899/662/714 908/672/723 907/671/722
f 900/663/715 901/664/716 909/673/724
f 900/663/715 909/673/724 908/672/723
f 901/664/716 902/665/717 910/674/725
f 901/664/716 910/674/725 909/673/724
f 902/665/717 903/666/718 911/675/726
f 902/665/717 911/675/726 910/674/725
f 903/666/718 897/667/712 905/676/720
f 903/666/718 905/676/720 911/675/726
f 905/669/720 904/668/719 912/677/727
f 904/668/719 906/670/721 912/678/728
f 906/670/721 907/671/722 912/679/729
f 907/671/722 908/672/723 912/680/730
f 908/672/723 909/673/724 912/681/731
f 909/673/724 910/674/725 912/682/732
f 910/674/725 911/675/726 912/683/733
f 911/675/726 905/676/720 912/684/734
f 913/685/717 914/686/717 915/687/717
f 915/687/717 916/688/717 913/685/717
f 917/685/713 918/686/713 919/687/713
f 919/687/713 920/688/713 917/685/713
f 914/688/61 913/685/61 918/686/61
f 918/686/61 917/687/61 914/688/61
f 916/688/62 915/685/62 920/686/62
f 920/686/62 919/687/62 916/688/62
f 913/686/715 916/687/715 919/688/715
f 919/688/715 918/685/715 913/686/715
f 915/688/712 914/685/712 917/686/712
f 917/686/712 920/687/712 915/688/712
f 921/689/695 922/690/696 923/691/697
f 921/692/698 924/693/699 922/690/696
f 921/694/700 925/695/701 924/693/699
f 921/696/702 926/697/703 925/695/701
f 921/698/704 927/699/705 926/697/703
f 921/700/706 928/701/707 927/699/705
f 921/702/708 929/703/709 928/701/707
f 921/704/710 923/705/697 929/703/709
f 923/691/697 922/690/696 930/706/711
f 923/691/697 930/706/711 931/707/712
f 922/690/696 924/693/699 932/708/713
f 922/690/696 932/708/713 930/706/711
f 924/693/699 925/695/701 933/709/714
f 924/693/699 933/709/714 932/708/713
f 925/695/701 926/697/703 934/710/715
f 925/695/701 934/710/715 933/709/714
f 926/697/703 927/699/705 935/711/716
f 926/697/703 935/711/716 934/710/715
f 927/699/705 928/701/707 936/712/717
f 927/699/705 936/712/717 935/711/716
f 928/701/707 929/703/709 937/713/718
f 928/701/707 937/713/718 936/712/717
f 929/703/709 923/705/697 931/714/712
f 929/703/709 931/714/712 937/713/718
f 931/707/712 930/706/711 938/715/719
f 931/707/712 938/715/719 939/716/720
f 930/706/711 932/708/713 940/717/721
f 930/706/711 940/717/721 938/715/719
f 932/708/713 933/709/714 941/718/722
f 932/708/713 941/718/722 940/717/721
f 933/709/714 934/710/715 942/719/723
f 933/709/714 942/719/723 941/718/722
f 934/710/715 935/711/716 943/720/724
f 934/710/715 943/720/724 942/719/723
f 935/711/716 936/712/717 944/721/725
f 935/711/716 944/721/725 943/720/724
f 936/712/717 937/713/718 945/722/726
f 936/712/717 945/722/726 944/721/725
f 937/713/718 931/714/712 939/723/720
f 937/713/718 939/723/720 945/722/726
f 939/716/720 938/715/719 946/724/727
f 938/715/719 940/717/721 946/725/728
f 940/717/721 941/718/722 946/726/729
f 941/718/722 942/719/723 946/727/730
f 942/719/723 943/720/724 946/728/731
f 943/720/724 944/721/725 946/729/732
f 944/721/725 945/722/726 946/730/733
f 945/722/726 939/723/720 946/731/734
f 947/685/717 948/686/717 949/687/717
f 949/687/717 950/688/717 947/685/717
f 951/685/713 952/686/713 953/687/713
f 953/687/713 954/688/713 951/685/713
f 948/688/61 947/685/61 952/686/61
f 952/686/61 951/687/61 948/688/61
f 950/688/62 949/685/62 954/686/62
f 954/686/62 953/687/62 950/688/62
f 947/686/715 950/687/715 953/688/715
f 953/688/715 952/685/715 947/686/715
f 949/688/712 948/685/712 951/686/712
f 951/686/712 954/687/712 949/688/712
f 955/732/695 956/733/696 957/734/697
f 955/735/698 958/736/699 956/733/696
f 955/737/700 959/738/701 958/736/699
f 955/739/702 960/740/703 959/738/701
f 955/741/704 961/742/705 960/740/703
f 955/743/706 962/744/707 961/742/705
f 955/745/708 963/746/709 962/744/707
f 955/747/710 957/748/697 963/746/709
f 957/734/697 956/733/696 964/749/711
f 957/734/697 964/749/711 965/750/712
f 956/733/696 958/736/699 966/751/713
f 956/733/696 966/751/713 964/749/711
f 958/736/699 959/738/701 967/752/714
f 958/736/699 967/752/714 966/751/713
f 959/738/701 960/740/703 968/753/715
f 959/738/701 968/753/715 967/752/714
f 960/740/703 961/742/705 969/754/716
f 960/740/703 969/754/716 968/753/715
f 961/742/705 962/744/707 970/755/717
f 961/742/705 970/755/717 969/754/716
f 962/744/707 963/746/709 971/756/718
f 962/744/707 971/756/718 970/755/717
f 963/746/709 957/748/697 965/757/712
f 963/746/709 965/757/712 971/756/718
f 965/750/712 964/749/711 972/758/719
f 965/750/712 972/758/719 973/759/720
f 964/749/711 966/751/713 974/760/721
f 964/749/711 974/760/721 972/758/719
f 966/751/713 967/752/714 975/761/722
f 966/751/713 975/761/722 974/760/721
f 967/752/714 968/753/715 976/762/723
f 967/752/714 976/762/723 975/761/722
f 968/753/715 969/754/716 977/763/724
f 968/753/715 977/763/724 976/762/723
f 969/754/716 970/755/717 978/764/725
f 969/754/716 978/764/725 977/763/724
f 970/755/717 971/756/718 979/765/726
f 970/755/717 979/765/726 978/764/725
f 971/756/718 965/757/712 973/766/720
f 971/756/718 973/766/720 979/765/726
f 973/759/720 972/758/719 980/767/727
f 972/758/719 974/760/721 980/768/728
f 974/760/721 975/761/722 980/769/729
f 975/761/722 976/762/723 980/770/730
f 976/762/723 977/763/724 980/771/731
f 977/763/724 978/764/725 980/772/732
f 978/764/725 979/765/726 980/773/733
f 979/765/726 973/766/720 980/774/734
f 981/775/695 982/776/696 983/777/697
f 981/778/698 984/779/699 982/776/696
f 981/780/700 985/781/701 984/779/699
f 981/782/702 986/783/703 985/781/701
f 981/784/704 987/785/705 986/783/703
f 981/786/706 988/787/707 987/785/705
f 981/788/708 989/789/709 988/787/707
f 981/790/710 983/791/697 989/789/709
f 983/777/697 982/776/696 990/792/711
f 983/777/697 990/792/711 991/793/712
f 982/776/696 984/779/699 992/794/713
f 982/776/696 992/794/713 990/792/711
f 984/779/699 985/781/701 993/795/714
f 984/779/699 993/795/714 992/794/713
f 985/781/701 986/783/703 994/796/715
f 985/781/701 994/796/715 993/795/714
f 986/783/703 987/785/705 995/797/716
f 986/783/703 995/797/716 994/796/715
f 987/785/705 988/787/707 996/798/717
f 987/785/705 996/798/717 995/797/716
f 988/787/707 989/789/709 997/799/718
f 988/787/707 997/799/718 996/798/717
f 989/789/709 983/791/697 991/800/712
f 989/789/709 991/800/712 997/799/718
f 991/793/712 990/792/711 998/801/719
f 991/793/712 998/801/719 999/802/720
f 990/792/711 992/794/713 1000/803/721
f 990/792/711 1000/803/721 998/801/719
f 992/794/713 993/795/714 1001/804/722
f 992/794/713 1001/804/722 1000/803/721
f 993/795/714 994/796/715 1002/805/723
f 993/795/714 1002/805/723 1001/804/722
f 994/796/715 995/797/716 1003/806/724
f 994/796/715 1003/806/724 1002/805/723
f 995/797/716 996/798/717 1004/807/725
f 995/797/716 1004/807/725 1003/806/724
f 996/798/717 997/799/718 1005/808/726
f 996/798/717 1005/808/726 1004/807/725
f 997/799/718 991/800/712 999/809/720
f 997/799/718 999/809/720 1005/808/726
f 999/802/720 998/801/719 1006/810/727
f 998/801/719 1000/803/721 1006/811/728
f 1000/803/721 1001/804/722 1006/812/729
f 1001/804/722 1002/805/723 1006/813/730
f 1002/805/723 1003/806/724 1006/814/731
f 1003/806/724 1004/807/725 1006/815/732
f 1004/807/725 1005/808/726 1006/816/733
f 1005/808/726 999/809/720 1006/817/734
f 1007/818/695 1008/819/696 1009/820/697
f 1007/821/698 1010/822/699 1008/819/696
f 1007/823/700 1011/824/701 1010/822/699
f 1007/825/702 1012/826/703 1011/824/701
f 1007/827/704 1013/828/705 1012/826/703
f 1007/829/706 1014/830/707 1013/828/705
f 1007/831/708 1015/832/709 1014/830/707
f 1007/833/710 1009/834/697 1015/832/709
f 1009/820/697 1008/819/696 1016/835/711
f 1009/820/697 1016/835/711 1017/836/712
f 1008/819/696 1010/822/699 1018/837/713
f 1008/819/696 1018/837/713 1016/835/711
f 1010/822/699 1011/824/701 1019/838/714
f 1010/822/699 1019/838/714 1018/837/713
f 1011/824/701 1012/826/703 1020/839/715
f 1011/824/701 1020/839/715 1019/838/714
f 1012/826/703 1013/828/705 1021/840/716
f 1012/826/703 1021/840/716 1020/839/715
f 1013/828/705 1014/830/707 1022/841/717
f 1013/828/705 1022/841/717 1021/840/716
f 1014/830/707 1015/832/709 1023/842/718
f 1014/830/707 1023/842/718 1022/841/717
f 1015/832/709 1009/834/697 1017/843/712
f 1015/832/709 1017/843/712 1023/842/718
f 1017/836/712 1016/835/711 1024/844/719
f 1017/836/712 1024/844/719 1025/845/720
f 1016/835/711 1018/837/713 1026/846/721
f 1016/835/711 1026/846/721 1024/844/719
f 1018/837/713 1019/838/714 1027/847/722
f 1018/837/713 1027/847/722 1026/846/721
f 1019/838/714 1020/839/715 1028/848/723
f 1019/838/714 1028/848/723 1027/847/722
f 1020/839/715 1021/840/716 1029/849/724
f 1020/839/715 1029/849/724 1028/848/723
f 1021/840/716 1022/841/717 1030/850/725
f 1021/840/716 1030/850/725 1029/849/724
f 1022/841/717 1023/842/718 1031/851/726
f 1022/841/717 1031/851/726 1030/850/725
f 1023/842/718 1017/843/712 1025/852/720
f 1023/842/718 1025/852/720 1031/851/726
f 1025/845/720 1024/844/719 1032/853/727
f 1024/844/719 1026/846/721 1032/854/728
f 1026/846/721 1027/847/722 1032/855/729
f 1027/847/722 1028/848/723 1032/856/730
f 1028/848/723 1029/849/724 1032/857/731
f 1029/849/724 1030/850/725 1032/858/732
f 1030/850/725 1031/851/726 1032/859/733
f 1031/851/726 1025/852/720 1032/860/734
f 1033/861/695 1034/862/696 1035/863/697
f 1033/864/698 1036/865/699 1034/862/696
f 1033/866/700 1037/867/701 1036/865/699
f 1033/868/702 1038/869/703 1037/867/701
f 1033/870/704 1039/871/705 1038/869/703
f 1033/872/706 1040/873/707 1039/871/705
f 1033/874/708 1041/875/709 1040/873/707
f 1033/876/710 1035/877/697 1041/875/709
f 1035/863/697 1034/862/696 1042/878/711
f 1035/863/697 1042/878/711 1043/879/712
f 1034/862/696 1036/865/699 1044/880/713
f 1034/862/696 1044/880/713 1042/878/711
f 1036/865/699 1037/867/701 1045/881/714
f 1036/865/699 1045/881/714 1044/880/713
f 1037/867/701 1038/869/703 1046/882/715
f 1037/867/701 1046/882/715 1045/881/714
f 1038/869/703 1039/871/705 1047/883/716
f 1038/869/703 1047/883/716 1046/882/715
f 1039/871/705 1040/873/707 1048/884/717
f 1039/871/705 1048/884/717 1047/883/716
f 1040/873/707 1041/875/709 1049/885/718
f 1040/873/707 1049/885/718 1048/884/717
f 1041/875/709 1035/877/697 1043/886/712
f 1041/875/709 1043/886/712 1049/885/718
f 1043/879/712 1042/878/711 1050/887/719
f 1043/879/712 1050/887/719 1051/888/720
f 1042/878/711 1044/880/713 1052/889/721
f 1042/878/711 1052/889/721 1050/887/719
f 1044/880/713 1045/881/714 1053/890/722
f 1044/880/713 1053/890/722 1052/889/721
f 1045/881/714 1046/882/715 1054/891/723
f 1045/881/714 1054/891/723 1053/890/722
f 1046/882/715 1047/883/716 1055/892/724
f 1046/882/715 1055/892/724 1054/891/723
f 1047/883/716 1048/884/717 1056/893/725
f 1047/883/716 1056/893/725 1055/892/724
f 1048/884/717 1049/885/718 1057/894/726
f 1048/884/717 1057/894/726 1056/893/725
f 1049/885/718 1043/886/712 1051/895/720
f 1049/885/718 1051/895/720 1057/894/726
f 1051/888/720 1050/887/719 1058/896/727
f 1050/887/719 1052/889/721 1058/897/728
f 1052/889/721 1053/890/722 1058/898/729
f 1053/890/722 1054/891/723 1058/899/730
f 1054/891/723 1055/892/724 1058/900/731
f 1055/892/724 1056/893/725 1058/901/732
f 1056/893/725 1057/894/726 1058/902/733
f 1057/894/726 1051/895/720 1058/903/734
f 1059/642/695 1060/643/696 1061/644/697
f 1059/645/698 1062/646/699 1060/643/696
f 1059/647/700 1063/648/701 1062/646/699
f 1059/649/702 1064/650/703 1063/648/701
f 1059/651/704 1065/652/705 1064/650/703
f 1059/653/706 1066/654/707 1065/652/705
f 1059/655/708 1067/656/709 1066/654/707
f 1059/657/710 1061/658/697 1067/656/709
f 1061/644/697 1060/643/696 1068/659/711
f 1061/644/697 1068/659/711 1069/660/712
f 1060/643/696 1062/646/699 1070/661/713
f 1060/643/696 1070/661/713 1068/659/711
f 1062/646/699 1063/648/701 1071/662/714
f 1062/646/699 1071/662/714 1070/661/713
f 1063/648/701 1064/650/703 1072/663/715
f 1063/648/701 1072/663/715 1071/662/714
f 1064/650/703 1065/652/705 1073/664/716
f 1064/650/703 1073/664/716 1072/663/715
f 1065/652/705 1066/654/707 1074/665/717
f 1065/652/705 1074/665/717 1073/664/716
f 1066/654/707 1067/656/709 1075/666/718
f 1066/654/707 1075/666/718 1074/665/717
f 1067/656/709 1061/658/697 1069/667/712
f 1067/656/709 1069/667/712 1075/666/718
f 1069/660/712 1068/659/711 1076/668/719
f 1069/660/712 1076/668/719 1077/669/720
f 1068/659/711 1070/661/713 1078/670/721
f 1068/659/711 1078/670/721 1076/668/719
f 1070/661/713 1071/662/714 1079/671/722
f 1070/661/713 1079/671/722 1078/670/721
f 1071/662/714 1072/663/715 1080/672/723
f 1071/662/714 1080/672/723 1079/671/722
f 1072/663/715 1073/664/716 1081/673/724
f 1072/663/715 1081/673/724 1080/672/723
f 1073/664/716 1074/665/717 1082/674/725
f 1073/664/716 1082/674/725 1081/673/724
f 1074/665/717 1075/666/718 1083/675/726
f 1074/665/717 1083/675/726 1082/674/725
f 1075/666/718 1069/667/712 1077/676/720
f 1075/666/718 1077/676/720 1083/675/726
f 1077/669/720 1076/668/719 1084/677/727
f 1076/668/719 1078/670/721 1084/678/728
f 1078/670/721 1079/671/722 1084/679/729
f 1079/671/722 1080/672/723 1084/680/730
f 1080/672/723 1081/673/724 1084/681/731
f 1081/673/724 1082/674/725 1084/682/732
f 1082/674/725 1083/675/726 1084/683/733
f 1083/675/726 1077/676/720 1084/684/734
f 1085/685/717 1086/686/717 1087/687/717
f 1087/687/717 1088/688/717 1085/685/717
f 1089/685/713 1090/686/713 1091/687/713
f 1091/687/713 1092/688/713 1089/685/713
f 1086/688/61 1085/685/61 1090/686/61
f 1090/686/61 1089/687/61 1086/688/61
f 1088/688/62 1087/685/62 1092/686/62
f 1092/686/62 1091/687/62 1088/688/62
f 1085/686/715 1088/687/715 1091/688/715
f 1091/688/715 1090/685/715 1085/686/715
f 1087/688/712 1086/685/712 1089/686/712
f 1089/686/712 1092/687/712 1087/688/712
f 1093/689/695 1094/690/696 1095/691/697
f 1093/692/698 1096/693/699 1094/690/696
f 1093/694/700 1097/695/701 1096/693/699
f 1093/696/702 1098/697/703 1097/695/701
f 1093/698/704 1099/699/705 1098/697/703
f 1093/700/706 1100/701/707 1099/699/705
f 1093/702/708 1101/703/709 1100/701/707
f 1093/704/710 1095/705/697 1101/703/709
f 1095/691/697 1094/690/696 1102/706/711
f 1095/691/697 1102/706/711 1103/707/712
f 1094/690/696 1096/693/699 1104/708/713
f 1094/690/696 1104/708/713 1102/706/711
f 1096/693/699 1097/695/701 1105/709/714
f 1096/693/699 1105/709/714 1104/708/713
f 1097/695/701 1098/697/703 1106/710/715
f 1097/695/701 1106/710/715 1105/709/714
f 1098/697/703 1099/699/705 1107/711/716
f 1098/697/703 1107/711/716 1106/710/715
f 1099/699/705 1100/701/707 1108/712/717
f 1099/699/705 1108/712/717 1107/711/716
f 1100/701/707 1101/703/709 1109/713/718
f 1100/701/707 1109/713/718 1108/712/717
f 1101/703/709 1095/705/697 1103/714/712
f 1101/703/709 1103/714/712 1109/713/718
f 1103/707/712 1102/706/711 1110/715/719
f 1103/707/712 1110/715/719 1111/716/720
f 1102/706/711 1104/708/713 1112/717/721
f 1102/706/711 1112/717/721 1110/715/719
f 1104/708/713 1105/709/714 1113/718/722
f 1104/708/713 1113/718/722 1112/717/721
f 1105/709/714 1106/710/715 1114/719/723
f 1105/709/714 1114/719/723 1113/718/722
f 1106/710/715 1107/711/716 1115/720/724
f 1106/710/715 1115/720/724 1114/719/723
f 1107/711/716 1108/712/717 1116/721/725
f 1107/711/716 1116/721/725 1115/720/724
f 1108/712/717 1109/713/718 1117/722/726
f 1108/712/717 1117/722/726 1116/721/725
f 1109/713/718 1103/714/712 1111/723/720
f 1109/713/718 1111/723/720 1117/722/726
f 1111/716/720 1110/715/719 1118/724/727
f 1110/715/719 1112/717/721 1118/725/728
f 1112/717/721 1113/718/722 1118/726/729
f 1113/718/722 1114/719/723 1118/727/730
f 1114/719/723 1115/720/724 1118/728/731
f 1115/720/724 1116/721/725 1118/729/732
f 1116/721/725 1117/722/726 1118/730/733
f 1117/722/726 1111/723/720 1118/731/734
f 1119/685/717 1120/686/717 1121/687/717
f 1121/687/717 1122/688/717 1119/685/717
f 1123/685/713 1124/686/713 1125/687/713
f 1125/687/713 1126/688/713 1123/685/713
f 1120/688/61 1119/685/61 1124/686/61
f 1124/686/61 1123/687/61 1120/688/61
f 1122/688/62 1121/685/62 1126/686/62
f 1126/686/62 1125/687/62 1122/688/62
f 1119/686/715 1122/687/715 1125/688/715
f 1125/688/715 1124/685/715 1119/686/715
f 1121/688/712 1120/685/712 1123/686/712
f 1123/686/712 1126/687/712 1121/688/712
f 1127/732/695 1128/733/696 1129/734/697
f 1127/735/698 1130/736/699 1128/733/696
f 1127/737/700 1131/738/701 1130/736/699
f 1127/739/702 1132/740/703 1131/738/701
f 1127/741/704 1133/742/705 1132/740/703
f 1127/743/706 1134/744/707 1133/742/705
f 1127/745/708 1135/746/709 1134/744/707
f 1127/747/710 1129/748/697 1135/746/709
f 1129/734/697 1128/733/696 1136/749/711
f 1129/734/697 1136/749/711 1137/750/712
f 1128/733/696 1130/736/699 1138/751/713
f 1128/733/696 1138/751/713 1136/749/711
f 1130/736/699 1131/738/701 1139/752/714
f 1130/736/699 1139/752/714 1138/751/713
f 1131/738/701 1132/740/703 1140/753/715
f 1131/738/701 1140/753/715 1139/752/714
f 1132/740/703 1133/742/705 1141/754/716
f 1132/740/703 1141/754/716 1140/753/715
f 1133/742/705 1134/744/707 1142/755/717
f 1133/742/705 1142/755/717 1141/754/716
f 1134/744/707 1135/746/709 1143/756/718
f 1134/744/707 1143/756/718 1142/755/717
f 1135/746/709 1129/748/697 1137/757/712
f 1135/746/709 1137/757/712 1143/756/718
f 1137/750/712 1136/749/711 1144/758/719
f 1137/750/712 1144/758/719 1145/759/720
f 1136/749/711 1138/751/713 1146/760/721
f 1136/749/711 1146/760/721 1144/758/719
f 1138/751/713 1139/752/714 1147/761/722
f 1138/751/713 1147/761/722 1146/760/721
f 1139/752/714 1140/753/715 1148/762/723
f 1139/752/714 1148/762/723 1147/761/722
f 1140/753/715 1141/754/716 1149/763/724
f 1140/753/715 1149/763/724 1148/762/723
f 1141/754/716 1142/755/717 1150/764/725
f 1141/754/716 1150/764/725 1149/763/724
f 1142/755/717 1143/756/718 1151/765/726
f 1142/755/717 1151/765/726 1150/764/725
f 1143/756/718 1137/757/712 1145/766/720
f 1143/756/718 1145/766/720 1151/765/726
f 1145/759/720 1144/758/719 1152/767/727
f 1144/758/719 1146/760/721 1152/768/728
f 1146/760/721 1147/761/722 1152/769/729
f 1147/761/722 1148/762/723 1152/770/730
f 1148/762/723 1149/763/724 1152/771/731
f 1149/763/724 1150/764/725 1152/772/732
f 1150/764/725 1151/765/726 1152/773/733
f 1151/765/726 1145/766/720 1152/774/734
f 1153/685/717 1154/686/717 1155/687/717
f 1155/687/717 1156/688/717 1153/685/717
f 1157/685/713 1158/686/713 1159/687/713
f 1159/687/713 1160/688/713 1157/685/713
f 1154/688/61 1153/685/61 1158/686/61
f 1158/686/61 1157/687/61 1154/688/61
f 1156/688/62 1155/685/62 1160/686/62
f 1160/686/62 1159/687/62 1156/688/62
f 1153/686/715 1156/687/715 1159/688/715
f 1159/688/715 1158/685/715 1153/686/715
f 1155/688/712 1154/685/712 1157/686/712
f 1157/686/712 1160/687/712 1155/688/712
f 1161/775/695 1162/776/696 1163/777/697
f 1161/778/698 1164/779/699 1162/776/696
f 1161/780/700 1165/781/701 1164/779/699
f 1161/782/702 1166/783/703 1165/781/701
f 1161/784/704 1167/785/705 1166/783/703
f 1161/786/706 1168/787/707 1167/785/705
f 1161/788/708 1169/789/709 1168/787/707
f 1161/790/710 1163/791/697 1169/789/709
f 1163/777/697 1162/776/696 1170/792/711
f 1163/777/697 1170/792/711 1171/793/712
f 1162/776/696 1164/779/699 1172/794/713
f 1162/776/696 1172/794/713 1170/792/711
f 1164/779/699 1165/781/701 1173/795/714
f 1164/779/699 1173/795/714 1172/794/713
f 1165/781/701 1166/783/703 1174/796/715
f 1165/781/701 1174/796/715 1173/795/714
f 1166/783/703 1167/785/705 1175/797/716
f 1166/783/703 1175/797/716 1174/796/715
f 1167/785/705 1168/787/707 1176/798/717
f 1167/785/705 1176/798/717 1175/797/716
f 1168/787/707 1169/789/709 1177/799/718
f 1168/787/707 1177/799/718 1176/798/717
f 1169/789/709 1163/791/697 1171/800/712
f 1169/789/709 1171/800/712 1177/799/718
f 1171/793/712 1170/792/711 1178/801/719
f 1171/793/712 1178/801/719 1179/802/720
f 1170/792/711 1172/794/713 1180/803/721
f 1170/792/711 1180/803/721 1178/801/719
f 1172/794/713 1173/795/714 1181/804/722
f 1172/794/713 1181/804/722 1180/803/721
f 1173/795/714 1174/796/715 1182/805/723
f 1173/795/714 1182/805/723 1181/804/722
f 1174/796/715 1175/797/716 1183/806/724
f 1174/796/715 1183/806/724 1182/805/723
f 1175/797/716 1176/798/717 1184/807/725
f 1175/797/716 1184/807/725 1183/806/724
f 1176/798/717 1177/799/718 1185/808/726
f 1176/798/717 1185/808/726 1184/807/725
f 1177/799/718 1171/800/712 1179/809/720
f 1177/799/718 1179/809/720 1185/808/726
f 1179/802/720 1178/801/719 1186/810/727
f 1178/801/719 1180/803/721 1186/811/728
f 1180/803/721 1181/804/722 1186/812/729
f 1181/804/722 1182/805/723 1186/813/730
f 1182/805/723 1183/806/724 1186/814/731
f 1183/806/724 1184/807/725 1186/815/732
f 1184/807/725 1185/808/726 1186/816/733
f 1185/808/726 1179/809/720 1186/817/734
f 1187/685/717 1188/686/717 1189/687/717
f 1189/687/717 1190/688/717 1187/685/717
f 1191/685/713 1192/686/713 1193/687/713
f 1193/687/713 1194/688/713 1191/685/713
f 1188/688/61 1187/685/61 1192/686/61
f 1192/686/61 1191/687/61 1188/688/61
f 1190/688/62 1189/685/62 1194/686/62
f 1194/686/62 1193/687/62 1190/688/62
f 1187/686/715 1190/687/715 1193/688/715
f 1193/688/715 1192/685/715 1187/686/715
f 1189/688/712 1188/685/712 1191/686/712
f 1191/686/712 1194/687/712 1189/688/712
f 1195/818/695 1196/819/696 1197/820/697
f 1195/821/698 1198/822/699 1196/819/696
f 1195/823/700 1199/824/701 1198/822/699
f 1195/825/702 1200/826/703 1199/824/701
f 1195/827/704 1201/828/705 1200/826/703
f 1195/829/706 1202/830/707 1201/828/705
f 1195/831/708 1203/832/709 1202/830/707
f 1195/833/710 1197/834/697 1203/832/709
f 1197/820/697 1196/819/696 1204/835/711
f 1197/820/697 1204/835/711 1205/836/712
f 1196/819/696 1198/822/699 1206/837/713
f 1196/819/696 1206/837/713 1204/835/711
f 1198/822/699 1199/824/701 1207/838/714
f 1198/822/699 1207/838/714 1206/837/713
f 1199/824/701 1200/826/703 1208/839/715
f 1199/824/701 1208/839/715 1207/838/714
f 1200/826/703 1201/828/705 1209/840/716
f 1200/826/703 1209/840/716 1208/839/715
f 1201/828/705 1202/830/707 1210/841/717
f 1201/828/705 1210/841/717 1209/840/716
f 1202/830/707 1203/832/709 1211/842/718
f 1202/830/707 1211/842/718 1210/841/717
f 1203/832/709 1197/834/697 1205/843/712
f 1203/832/709 1205/843/712 1211/842/718
f 1205/836/712 1204/835/711 1212/844/719
f 1205/836/712 1212/844/719 1213/845/720
f 1204/835/711 1206/837/713 1214/846/721
f 1204/835/711 1214/846/721 1212/844/719
f 1206/837/713 1207/838/714 1215/847/722
f 1206/837/713 1215/847/722 1214/846/721
f 1207/838/714 1208/839/715 1216/848/723
f 1207/838/714 1216/848/723 1215/847/722
f 1208/839/715 1209/840/716 1217/849/724
f 1208/839/715 1217/849/724 1216/848/723
f 1209/840/716 1210/841/717 1218/850/725
f 1209/840/716 1218/850/725 1217/849/724
f 1210/841/717 1211/842/718 1219/851/726
f 1210/841/717 1219/851/726 1218/850/725
f 1211/842/718 1205/843/712 1213/852/720
f 1211/842/718 1213/852/720 1219/851/726
f 1213/845/720 1212/844/719 1220/853/727
f 1212/844/719 1214/846/721 1220/854/728
f 1214/846/721 1215/847/722 1220/855/729
f 1215/847/722 1216/848/723 1220/856/730
f 1216/848/723 1217/849/724 1220/857/731
f 1217/849/724 1218/850/725 1220/858/732
f 1218/850/725 1219/851/726 1220/859/733
f 1219/851/726 1213/852/720 1220/860/734
f 1221/685/717 1222/686/717 1223/687/717
f 1223/687/717 1224/688/717 1221/685/717
f 1225/685/713 1226/686/713 1227/687/713
f 1227/687/713 1228/688/713 1225/685/713
f 1222/688/61 1221/685/61 1226/686/61
f 1226/686/61 1225/687/61 1222/688/61
f 1224/688/62 1223/685/62 1228/686/62
f 1228/686/62 1227/687/62 1224/688/62
f 1221/686/715 1224/687/715 1227/688/715
f 1227/688/715 1226/685/715 1221/686/715
f 1223/688/712 1222/685/712 1225/686/712
f 1225/686/712 1228/687/712 1223/688/712
f 1229/861/695 1230/862/696 1231/863/697
f 1229/864/698 1232/865/699 1230/862/696
f 1229/866/700 1233/867/701 1232/865/699
f 1229/868/702 1234/869/703 1233/867/701
f 1229/870/704 1235/871/705 1234/869/703
f 1229/872/706 1236/873/707 1235/871/705
f 1229/874/708 1237/875/709 1236/873/707
f 1229/876/710 1231/877/697 1237/875/709
f 1231/863/697 1230/862/696 1238/878/711
f 1231/863/697 1238/878/711 1239/879/712
f 1230/862/696 1232/865/699 1240/880/713
f 1230/862/696 1240/880/713 1238/878/711
f 1232/865/699 1233/867/701 1241/881/714
f 1232/865/699 1241/881/714 1240/880/713
f 1233/867/701 1234/869/703 1242/882/715
f 1233/867/701 1242/882/715 1241/881/714
f 1234/869/703 1235/871/705 1243/883/716
f 1234/869/703 1243/883/716 1242/882/715
f 1235/871/705 1236/873/707 1244/884/717
f 1235/871/705 1244/884/717 1243/883/716
f 1236/873/707 1237/875/709 1245/885/718
f 1236/873/707 1245/885/718 1244/884/717
f 1237/875/709 1231/877/697 1239/886/712
f 1237/875/709 1239/886/712 1245/885/718
f 1239/879/712 1238/878/711 1246/887/719
f 1239/879/712 1246/887/719 1247/888/720
f 1238/878/711 1240/880/713 1248/889/721
f 1238/878/711 1248/889/721 1246/887/719
f 1240/880/713 1241/881/714 1249/890/722
f 1240/880/713 1249/890/722 1248/889/721
f 1241/881/714 1242/882/715 1250/891/723
f 1241/881/714 1250/891/723 1249/890/722
f 1242/882/715 1243/883/716 1251/892/724
f 1242/882/715 1251/892/724 1250/891/723
f 1243/883/716 1244/884/717 1252/893/725
f 1243/883/716 1252/893/725 1251/892/724
f 1244/884/717 1245/885/718 1253/894/726
f 1244/884/717 1253/894/726 1252/893/725
f 1245/885/718 1239/886/712 1247/895/720
f 1245/885/718 1247/895/720 1253/894/726
f 1247/888/720 1246/887/719 1254/896/727
f 1246/887/719 1248/889/721 1254/897/728
f 1248/889/721 1249/890/722 1254/898/729
f 1249/890/722 1250/891/723 1254/899/730
f 1250/891/723 1251/892/724 1254/900/731
f 1251/892/724 1252/893/725 1254/901/732
f 1252/893/725 1253/894/726 1254/902/733
f 1253/894/726 1247/895/720 1254/903/734
f 1255/685/717 1256/686/717 1257/687/717
f 1257/687/717 1258/688/717 1255/685/717
f 1259/685/713 1260/686/713 1261/687/713
f 1261/687/713 1262/688/713 1259/685/713
f 1256/688/61 1255/685/61 1260/686/61
f 1260/686/61 1259/687/61 1256/688/61
f 1258/688/62 1257/685/62 1262/686/62
f 1262/686/62 1261/687/62 1258/688/62
f 1255/686/715 1258/687/715 1261/688/715
f 1261/688/715 1260/685/715 1255/686/715
f 1257/688/712 1256/685/712 1259/686/712
f 1259/686/712 1262/687/712 1257/688/712
f 1263/642/695 1264/643/696 1265/644/697
f 1263/645/698 1266/646/699 1264/643/696
f 1263/647/700 1267/648/701 1266/646/699
f 1263/649/702 1268/650/703 1267/648/701
f 1263/651/704 1269/652/705 1268/650/703
f 1263/653/706 1270/654/707 1269/652/705
f 1263/655/708 1271/656/709 1270/654/707
f 1263/657/710 1265/658/697 1271/656/709
f 1265/644/697 1264/643/696 1272/659/711
f 1265/644/697 1272/659/711 1273/660/712
f 1264/643/696 1266/646/699 1274/661/713
f 1264/643/696 1274/661/713 1272/659/711
f 1266/646/699 1267/648/701 1275/662/714
f 1266/646/699 1275/662/714 1274/661/713
f 1267/648/701 1268/650/703 1276/663/715
f 1267/648/701 1276/663/715 1275/662/714
f 1268/650/703 1269/652/705 1277/664/716
f 1268/650/703 1277/664/716 1276/663/715
f 1269/652/705 1270/654/707 1278/665/717
f 1269/652/705 1278/665/717 1277/664/716
f 1270/654/707 1271/656/709 1279/666/718
f 1270/654/707 1279/666/718 1278/665/717
f 1271/656/709 1265/658/697 1273/667/712
f 1271/656/709 1273/667/712 1279/666/718
f 1273/660/712 1272/659/711 1280/668/719
f 1273/660/712 1280/668/719 1281/669/720
f 1272/659/711 1274/661/713 1282/670/721
f 1272/659/711 1282/670/721 1280/668/719
f 1274/661/713 1275/662/714 1283/671/722
f 1274/661/713 1283/671/722 1282/670/721
f 1275/662/714 1276/663/715 1284/672/723
f 1275/662/714 1284/672/723 1283/671/722
f 1276/663/715 1277/664/716 1285/673/724
f 1276/663/715 1285/673/724 1284/672/723
f 1277/664/716 1278/665/717 1286/674/725
f 1277/664/716 1286/674/725 1285/673/724
f 1278/665/717 1279/666/718 1287/675/726
f 1278/665/717 1287/675/726 1286/674/725
f 1279/666/718 1273/667/712 1281/676/720
f 1279/666/718 1281/676/720 1287/675/726
f 1281/669/720 1280/668/719 1288/677/727
f 1280/668/719 1282/670/721 1288/678/728
f 1282/670/721 1283/671/722 1288/679/729
f 1283/671/722 1284/672/723 1288/680/730
f 1284/672/723 1285/673/724 1288/681/731
f 1285/673/724 1286/674/725 1288/682/732
f 1286/674/725 1287/675/726 1288/683/733
f 1287/675/726 1281/676/720 1288/684/734
f 1289/685/717 1290/686/717 1291/687/717
f 1291/687/717 1292/688/717 1289/685/717
f 1293/685/713 1294/686/713 1295/687/713
f 1295/687/713 1296/688/713 1293/685/713
f 1290/688/61 1289/685/61 1294/686/61
f 1294/686/61 1293/687/61 1290/688/61
f 1292/688/62 1291/685/62 1296/686/62
f 1296/686/62 1295/687/62 1292/688/62
f 1289/686/715 1292/687/715 1295/688/715
f 1295/688/715 1294/685/715 1289/686/715
f 1291/688/712 1290/685/712 1293/686/712
f 1293/686/712 1296/687/712 1291/688/712
f 1297/689/695 1298/690/696 1299/691/697
f 1297/692/698 1300/693/699 1298/690/696
f 1297/694/700 1301/695/701 1300/693/699
f 1297/696/702 1302/697/703 1301/695/701
f 1297/698/704 1303/699/705 1302/697/703
f 1297/700/706 1304/701/707 1303/699/705
f 1297/702/708 1305/703/709 1304/701/707
f 1297/704/710 1299/705/697 1305/703/709
f 1299/691/697 1298/690/696 1306/706/711
f 1299/691/697 1306/706/711 1307/707/712
f 1298/690/696 1300/693/699 1308/708/713
f 1298/690/696 1308/708/713 1306/706/711
f 1300/693/699 1301/695/701 1309/709/714
f 1300/693/699 1309/709/714 1308/708/713
f 1301/695/701 1302/697/703 1310/710/715
f 1301/695/701 1310/710/715 1309/709/714
f 1302/697/703 1303/699/705 1311/711/716
f 1302/697/703 1311/711/716 1310/710/715
f 1303/699/705 1304/701/707 1312/712/717
f 1303/699/705 1312/712/717 1311/711/716
f 1304/701/707 1305/703/709 1313/713/718
f 1304/701/707 1313/713/718 1312/712/717
f 1305/703/709 1299/705/697 1307/714/712
f 1305/703/709 1307/714/712 1313/713/718
f 1307/707/712 1306/706/711 1314/715/719
f 1307/707/712 1314/715/719 1315/716/720
f 1306/706/711 1308/708/713 1316/717/721
f 1306/706/711 1316/717/721 1314/715/719
f 1308/708/713 1309/709/714 1317/718/722
f 1308/708/713 1317/718/722 1316/717/721
f 1309/709/714 1310/710/715 1318/719/723
f 1309/709/714 1318/719/723 1317/718/722
f 1310/710/715 1311/711/716 1319/720/724
f 1310/710/715 1319/720/724 1318/719/723
f 1311/711/716 1312/712/717 1320/721/725
f 1311/711/716 1320/721/725 1319/720/724
f 1312/712/717 1313/713/718 1321/722/726
f 1312/712/717 1321/722/726 1320/721/725
f 1313/713/718 1307/714/712 1315/723/720
f 1313/713/718 1315/723/720 1321/722/726
f 1315/716/720 1314/715/719 1322/724/727
f 1314/715/719 1316/717/721 1322/725/728
f 1316/717/721 1317/718/722 1322/726/729
f 1317/718/722 1318/719/723 1322/727/730
f 1318/719/723 1319/720/724 1322/728/731
f 1319/720/724 1320/721/725 1322/729/732
f 1320/721/725 1321/722/726 1322/730/733
f 1321/722/726 1315/723/720 1322/731/734
f 1323/732/695 1324/733/696 1325/734/697
f 1323/735/698 1326/736/699 1324/733/696
f 1323/737/700 1327/738/701 1326/736/699
f 1323/739/702 1328/740/703 1327/738/701
f 1323/741/704 1329/742/705 1328/740/703
f 1323/743/706 1330/744/707 1329/742/705
f 1323/745/708 1331/746/709 1330/744/707
f 1323/747/710 1325/748/697 1331/746/709
f 1325/734/697 1324/733/696 1332/749/711
f 1325/734/697 1332/749/711 1333/750/712
f 1324/733/696 1326/736/699 1334/751/713
f 1324/733/696 1334/751/713 1332/749/711
f 1326/736/699 1327/738/701 1335/752/714
f 1326/736/699 1335/752/714 1334/751/713
f 1327/738/701 1328/740/703 1336/753/715
f 1327/738/701 1336/753/715 1335/752/714
f 1328/740/703 1329/742/705 1337/754/716
f 1328/740/703 1337/754/716 1336/753/715
f 1329/742/705 1330/744/707 1338/755/717
f 1329/742/705 1338/755/717 1337/754/716
f 1330/744/707 1331/746/709 1339/756/718
f 1330/744/707 1339/756/718 1338/755/717
f 1331/746/709 1325/748/697 1333/757/712
f 1331/746/709 1333/757/712 1339/756/718
f 1333/750/712 1332/749/711 1340/758/719
f 1333/750/712 1340/758/719 1341/759/720
f 1332/749/711 1334/751/713 1342/760/721
f 1332/749/711 1342/760/721 1340/758/719
f 1334/751/713 1335/752/714 1343/761/722
f 1334/751/713 1343/761/722 1342/760/721
f 1335/752/714 1336/753/715 1344/762/723
f 1335/752/714 1344/762/723 1343/761/722
f 1336/753/715 1337/754/716 1345/763/724
f 1336/753/715 1345/763/724 1344/762/723
f 1337/754/716 1338/755/717 1346/764/725
f 1337/754/716 1346/764/725 1345/763/724
f 1338/755/717 1339/756/718 1347/765/726
f 1338/755/717 1347/765/726 1346/764/725
f 1339/756/718 1333/757/712 1341/766/720
f 1339/756/718 1341/766/720 1347/765/726
f 1341/759/720 1340/758/719 1348/767/727
f 1340/758/719 1342/760/721 1348/768/728
f 1342/760/721 1343/761/722 1348/769/729
f 1343/761/722 1344/762/723 1348/770/730
f 1344/762/723 1345/763/724 1348/771/731
f 1345/763/724 1346/764/725 1348/772/732
f 1346/764/725 1347/765/726 1348/773/733
f 1347/765/726 1341/766/720 1348/774/734
f 1349/775/695 1350/776/696 1351/777/697
f 1349/778/698 1352/779/699 1350/776/696
f 1349/780/700 1353/781/701 1352/779/699
f 1349/782/702 1354/783/703 1353/781/701
f 1349/784/704 1355/785/705 1354/783/703
f 1349/786/706 1356/787/707 1355/785/705
f 1349/788/708 1357/789/709 1356/787/707
f 1349/790/710 1351/791/697 1357/789/709
f 1351/777/697 1350/776/696 1358/792/711
f 1351/777/697 1358/792/711 1359/793/712
f 1350/776/696 1352/779/699 1360/794/713
f 1350/776/696 1360/794/713 1358/792/711
f 1352/779/699 1353/781/701 1361/795/714
f 1352/779/699 1361/795/714 1360/794/713
f 1353/781/701 1354/783/703 1362/796/715
f 1353/781/701 1362/796/715 1361/795/714
f 1354/783/703 1355/785/705 1363/797/716
f 1354/783/703 1363/797/716 1362/796/715
f 1355/785/705 1356/787/707 1364/798/717
f 1355/785/705 1364/798/717 1363/797/716
f 1356/787/707 1357/789/709 1365/799/718
f 1356/787/707 1365/799/718 1364/798/717
f 1357/789/709 1351/791/697 1359/800/712
f 1357/789/709 1359/800/712 1365/799/718
f 1359/793/712 1358/792/711 1366/801/719
f 1359/793/712 1366/801/719 1367/802/720
f 1358/792/711 1360/794/713 1368/803/721
f 1358/792/711 1368/803/721 1366/801/719
f 1360/794/713 1361/795/714 1369/804/722
f 1360/794/713 1369/804/722 1368/803/721
f 1361/795/714 1362/796/715 1370/805/723
f 1361/795/714 1370/805/723 1369/804/722
f 1362/796/715 1363/797/716 1371/806/724
f 1362/796/715 1371/806/724 1370/805/723
f 1363/797/716 1364/798/717 1372/807/725
f 1363/797/716 1372/807/725 1371/806/724
f 1364/798/717 1365/799/718 1373/808/726
f 1364/798/717 1373/808/726 1372/807/725
f 1365/799/718 1359/800/712 1367/809/720
f 1365/799/718 1367/809/720 1373/808/726
f 1367/802/720 1366/801/719 1374/810/727
f 1366/801/719 1368/803/721 1374/811/728
f 1368/803/721 1369/804/722 1374/812/729
f 1369/804/722 1370/805/723 1374/813/730
f 1370/805/723 1371/806/724 1374/814/731
f 1371/806/724 1372/807/725 1374/815/732
f 1372/807/725 1373/808/726 1374/816/733
f 1373/808/726 1367/809/720 1374/817/734
f 1375/818/695 1376/819/696 1377/820/697
f 1375/821/698 1378/822/699 1376/819/696
f 1375/823/700 1379/824/701 1378/822/699
f 1375/825/702 1380/826/703 1379/824/701
f 1375/827/704 1381/828/705 1380/826/703
f 1375/829/706 1382/830/707 1381/828/705
f 1375/831/708 1383/832/709 1382/830/707
f 1375/833/710 1377/834/697 1383/832/709
f 1377/820/697 1376/819/696 1384/835/711
f 1377/820/697 1384/835/711 1385/836/712
f 1376/819/696 1378/822/699 1386/837/713
f 1376/819/696 1386/837/713 1384/835/711
f 1378/822/699 1379/824/701 1387/838/714
f 1378/822/699 1387/838/714 1386/837/713
f 1379/824/701 1380/826/703 1388/839/715
f 1379/824/701 1388/839/715 1387/838/714
f 1380/826/703 1381/828/705 1389/840/716
f 1380/826/703 1389/840/716 1388/839/715
f 1381/828/705 1382/830/707 1390/841/717
f 1381/828/705 1390/841/717 1389/840/716
f 1382/830/707 1383/832/709 1391/842/718
f 1382/830/707 1391/842/718 1390/841/717
f 1383/832/709 1377/834/697 1385/843/712
f 1383/832/709 1385/843/712 1391/842/718
f 1385/836/712 1384/835/711 1392/844/719
f 1385/836/712 1392/844/719 1393/845/720
f 1384/835/711 1386/837/713 1394/846/721
f 1384/835/711 1394/846/721 1392/844/719
f 1386/837/713 1387/838/714 1395/847/722
f 1386/837/713 1395/847/722 1394/846/721
f 1387/838/714 1388/839/715 1396/848/723
f 1387/838/714 1396/848/723 1395/847/722
f 1388/839/715 1389/840/716 1397/849/724
f 1388/839/715 1397/849/724 1396/848/723
f 1389/840/716 1390/841/717 1398/850/725
f 1389/840/716 1398/850/725 1397/849/724
f 1390/841/717 1391/842/718 1399/851/726
f 1390/841/717 1399/851/726 1398/850/725
f 1391/842/718 1385/843/712 1393/852/720
f 1391/842/718 1393/852/720 1399/851/726
f 1393/845/720 1392/844/719 1400/853/727
f 1392/844/719 1394/846/721 1400/854/728
f 1394/846/721 1395/847/722 1400/855/729
f 1395/847/722 1396/848/723 1400/856/730
f 1396/848/723 1397/849/724 1400/857/731
f 1397/849/724 1398/850/725 1400/858/732
f 1398/850/725 1399/851/726 1400/859/733
f 1399/851/726 1393/852/720 1400/860/734
f 1401/685/717 1402/686/717 1403/687/717
f 1403/687/717 1404/688/717 1401/685/717
f 1405/685/713 1406/686/713 1407/687/713
f 1407/687/713 1408/688/713 1405/685/713
f 1402/688/61 1401/685/61 1406/686/61
f 1406/686/61 1405/687/61 1402/688/61
f 1404/688/62 1403/685/62 1408/686/62
f 1408/686/62 1407/687/62 1404/688/62
f 1401/686/715 1404/687/715 1407/688/715
f 1407/688/715 1406/685/715 1401/686/715
f 1403/688/712 1402/685/712 1405/686/712
f 1405/686/712 1408/687/712 1403/688/712
f 1409/861/695 1410/862/696 1411/863/697
f 1409/864/698 1412/865/699 1410/862/696
f 1409/866/700 1413/867/701 1412/865/699
f 1409/868/702 1414/869/703 1413/867/701
f 1409/870/704 1415/871/705 1414/869/703
f 1409/872/706 1416/873/707 1415/871/705
f 1409/874/708 1417/875/709 1416/873/707
f 1409/876/710 1411/877/697 1417/875/709
f 1411/863/697 1410/862/696 1418/878/711
f 1411/863/697 1418/878/711 1419/879/712
f 1410/862/696 1412/865/699 1420/880/713
f 1410/862/696 1420/880/713 1418/878/711
f 1412/865/699 1413/867/701 1421/881/714
f 1412/865/699 1421/881/714 1420/880/713
f 1413/867/701 1414/869/703 1422/882/715
f 1413/867/701 1422/882/715 1421/881/714
f 1414/869/703 1415/871/705 1423/883/716
f 1414/869/703 1423/883/716 1422/882/715
f 1415/871/705 1416/873/707 1424/884/717
f 1415/871/705 1424/884/717 1423/883/716
f 1416/873/707 1417/875/709 1425/885/718
f 1416/873/707 1425/885/718 1424/884/717
f 1417/875/709 1411/877/697 1419/886/712
f 1417/875/709 1419/886/712 1425/885/718
f 1419/879/712 1418/878/711 1426/887/719
f 1419/879/712 1426/887/719 1427/888/720
f 1418/878/711 1420/880/713 1428/889/721
f 1418/878/711 1428/889/721 1426/887/719
f 1420/880/713 1421/881/714 1429/890/722
f 1420/880/713 1429/890/722 1428/889/721
f 1421/881/714 1422/882/715 1430/891/723
f 1421/881/714 1430/891/723 1429/890/722
f 1422/882/715 1423/883/716 1431/892/724
f 1422/882/715 1431/892/724 1430/891/723
f 1423/883/716 1424/884/717 1432/893/725
f 1423/883/716 1432/893/725 1431/892/724
f 1424/884/717 1425/885/718 1433/894/726
f 1424/884/717 1433/894/726 1432/893/725
f 1425/885/718 1419/886/712 1427/895/720
f 1425/885/718 1427/895/720 1433/894/726
f 1427/888/720 1426/887/719 1434/896/727
f 1426/887/719 1428/889/721 1434/897/728
f 1428/889/721 1429/890/722 1434/898/729
f 1429/890/722 1430/891/723 1434/899/730
f 1430/891/723 1431/892/724 1434/900/731
f 1431/892/724 1432/893/725 1434/901/732
f 1432/893/725 1433/894/726 1434/902/733
f 1433/894/726 1427/895/720 1434/903/734
f 1435/685/717 1436/686/717 1437/687/717
f 1437/687/717 1438/688/717 1435/685/717
f 1439/685/713 1440/686/713 1441/687/713
f 1441/687/713 1442/688/713 1439/685/713
f 1436/688/61 1435/685/61 1440/686/61
f 1440/686/61 1439/687/61 1436/688/61
f 1438/688/62 1437/685/62 1442/686/62
f 1442/686/62 1441/687/62 1438/688/62
f 1435/686/715 1438/687/715 1441/688/715
f 1441/688/715 1440/685/715 1435/686/715
f 1437/688/712 1436/685/712 1439/686/712
f 1439/686/712 1442/687/712 1437/688/712
f 1443/642/695 1444/643/696 1445/644/697
f 1443/645/698 1446/646/699 1444/643/696
f 1443/647/700 1447/648/701 1446/646/699
f 1443/649/702 1448/650/703 1447/648/701
f 1443/651/704 1449/652/705 1448/650/703
f 1443/653/706 1450/654/707 1449/652/705
f 1443/655/708 1451/656/709 1450/654/707
f 1443/657/710 1445/658/697 1451/656/709
f 1445/644/697 1444/643/696 1452/659/711
f 1445/644/697 1452/659/711 1453/660/712
f 1444/643/696 1446/646/699 1454/661/713
f 1444/643/696 1454/661/713 1452/659/711
f 1446/646/699 1447/648/701 1455/662/714
f 1446/646/699 1455/662/714 1454/661/713
f 1447/648/701 1448/650/703 1456/663/715
f 1447/648/701 1456/663/715 1455/662/714
f 1448/650/703 1449/652/705 1457/664/716
f 1448/650/703 1457/664/716 1456/663/715
f 1449/652/705 1450/654/707 1458/665/717
f 1449/652/705 1458/665/717 1457/664/716
f 1450/654/707 1451/656/709 1459/666/718
f 1450/654/707 1459/666/718 1458/665/717
f 1451/656/709 1445/658/697 1453/667/712
f 1451/656/709 1453/667/712 1459/666/718
f 1453/660/712 1452/659/711 1460/668/719
f 1453/660/712 1460/668/719 1461/669/720
f 1452/659/711 1454/661/713 1462/670/721
f 1452/659/711 1462/670/721 1460/668/719
f 1454/661/713 1455/662/714 1463/671/722
f 1454/661/713 1463/671/722 1462/670/721
f 1455/662/714 1456/663/715 1464/672/723
f 1455/662/714 1464/672/723 1463/671/722
f 1456/663/715 1457/664/716 1465/673/724
f 1456/663/715 1465/673/724 1464/672/723
f 1457/664/716 1458/665/717 1466/674/725
f 1457/664/716 1466/674/725 1465/673/724
f 1458/665/717 1459/666/718 1467/675/726
f 1458/665/717 1467/675/726 1466/674/725
f 1459/666/718 1453/667/712 1461/676/720
f 1459/666/718 1461/676/720 1467/675/726
f 1461/669/720 1460/668/719 1468/677/727
f 1460/668/719 1462/670/721 1468/678/728
f 1462/670/721 1463/671/722 1468/679/729
f 1463/671/722 1464/672/723 1468/680/730
f 1464/672/723 1465/673/724 1468/681/731
f 1465/673/724 1466/674/725 1468/682/732
f 1466/674/725 1467/675/726 1468/683/733
f 1467/675/726 1461/676/720 1468/684/734
f 1469/685/717 1470/686/717 1471/687/717
f 1471/687/717 1472/688/717 1469/685/717
f 1473/685/713 1474/686/713 1475/687/713
f 1475/687/713 1476/688/713 1473/685/713
f 1470/688/61 1469/685/61 1474/686/61
f 1474/686/61 1473/687/61 1470/688/61
f 1472/688/62 1471/685/62 1476/686/62
f 1476/686/62 1475/687/62 1472/688/62
f 1469/686/715 1472/687/715 1475/688/715
f 1475/688/715 1474/685/715 1469/686/715
f 1471/688/712 1470/685/712 1473/686/712
f 1473/686/712 1476/687/712 1471/688/712
f 1477/689/695 1478/690/696 1479/691/697
f 1477/692/698 1480/693/699 1478/690/696
f 1477/694/700 1481/695/701 1480/693/699
f 1477/696/702 1482/697/703 1481/695/701
f 1477/698/704 1483/699/705 1482/697/703
f 1477/700/706 1484/701/707 1483/699/705
f 1477/702/708 1485/703/709 1484/701/707
f 1477/704/710 1479/705/697 1485/703/709
f 1479/691/697 1478/690/696 1486/706/711
f 1479/691/697 1486/706/711 1487/707/712
f 1478/690/696 1480/693/699 1488/708/713
f 1478/690/696 1488/708/713 1486/706/711
f 1480/693/699 1481/695/701 1489/709/714
f 1480/693/699 1489/709/714 1488/708/713
f 1481/695/701 1482/697/703 1490/710/715
f 1481/695/701 1490/710/715 1489/709/714
f 1482/697/703 1483/699/705 1491/711/716
f 1482/697/703 1491/711/716 1490/710/715
f 1483/699/705 1484/701/707 1492/712/717
f 1483/699/705 1492/712/717 1491/711/716
f 1484/701/707 1485/703/709 1493/713/718
f 1484/701/707 1493/713/718 1492/712/717
f 1485/703/709 1479/705/697 1487/714/712
f 1485/703/709 1487/714/712 1493/713/718
f 1487/707/712 1486/706/711 1494/715/719
f 1487/707/712 1494/715/719 1495/716/720
f 1486/706/711 1488/708/713 1496/717/721
f 1486/706/711 1496/717/721 1494/715/719
f 1488/708/713 1489/709/714 1497/718/722
f 1488/708/713 1497/718/722 1496/717/721
f 1489/709/714 1490/710/715 1498/719/723
f 1489/709/714 1498/719/723 1497/718/722
f 1490/710/715 1491/711/716 1499/720/724
f 1490/710/715 1499/720/724 1498/719/723
f 1491/711/716 1492/712/717 1500/721/725
f 1491/711/716 1500/721/725 1499/720/724
f 1492/712/717 1493/713/718 1501/722/726
f 1492/712/717 1501/722/726 1500/721/725
f 1493/713/718 1487/714/712 1495/723/720
f 1493/713/718 1495/723/720 1501/722/726
f 1495/716/720 1494/715/719 1502/724/727
f 1494/715/719 1496/717/721 1502/725/728
f 1496/717/721 1497/718/722 1502/726/729
f 1497/718/722 1498/719/723 1502/727/730
f 1498/719/723 1499/720/724 1502/728/731
f 1499/720/724 1500/721/725 1502/729/732
f 1500/721/725 1501/722/726 1502/730/733
f 1501/722/726 1495/723/720 1502/731/734
f 1503/685/717 1504/686/717 1505/687/717
f 1505/687/717 1506/688/717 1503/685/717
f 1507/685/713 1508/686/713 1509/687/713
f 1509/687/713 1510/688/713 1507/685/713
f 1504/688/61 1503/685/61 1508/686/61
f 1508/686/61 1507/687/61 1504/688/61
f 1506/688/62 1505/685/62 1510/686/62
f 1510/686/62 1509/687/62 1506/688/62
f 1503/686/715 1506/687/715 1509/688/715
f 1509/688/715 1508/685/715 1503/686/715
f 1505/688/712 1504/685/712 1507/686/712
f 1507/686/712 1510/687/712 1505/688/712
f 1511/732/695 1512/733/696 1513/734/697
f 1511/735/698 1514/736/699 1512/733/696
f 1511/737/700 1515/738/701 1514/736/699
f 1511/739/702 1516/740/703 1515/738/701
f 1511/741/704 1517/742/705 1516/740/703
f 1511/743/706 1518/744/707 1517/742/705
f 1511/745/708 1519/746/709 1518/744/707
f 1511/747/710 1513/748/697 1519/746/709
f 1513/734/697 1512/733/696 1520/749/711
f 1513/734/697 1520/749/711 1521/750/712
f 1512/733/696 1514/736/699 1522/751/713
f 1512/733/696 1522/751/713 1520/749/711
f 1514/736/699 1515/738/701 1523/752/714
f 1514/736/699 1523/752/714 1522/751/713
f 1515/738/701 1516/740/703 1524/753/715
f 1515/738/701 1524/753/715 1523/752/714
f 1516/740/703 1517/742/705 1525/754/716
f 1516/740/703 1525/754/716 1524/753/715
f 1517/742/705 1518/744/707 1526/755/717
f 1517/742/705 1526/755/717 1525/754/716
f 1518/744/707 1519/746/709 1527/756/718
f 1518/744/707 1527/756/718 1526/755/717
f 1519/746/709 1513/748/697 1521/757/712
f 1519/746/709 1521/757/712 1527/756/718
f 1521/750/712 1520/749/711 1528/758/719
f 1521/750/712 1528/758/719 1529/759/720
f 1520/749/711 1522/751/713 1530/760/721
f 1520/749/711 1530/760/721 1528/758/719
f 1522/751/713 1523/752/714 1531/761/722
f 1522/751/713 1531/761/722 1530/760/721
f 1523/752/714 1524/753/715 1532/762/723
f 1523/752/714 1532/762/723 1531/761/722
f 1524/753/715 1525/754/716 1533/763/724
f 1524/753/715 1533/763/724 1532/762/723
f 1525/754/716 1526/755/717 1534/764/725
f 1525/754/716 1534/764/725 1533/763/724
f 1526/755/717 1527/756/718 1535/765/726
f 1526/755/717 1535/765/726 1534/764/725
f 1527/756/718 1521/757/712 1529/766/720
f 1527/756/718 1529/766/720 1535/765/726
f 1529/759/720 1528/758/719 1536/767/727
f 1528/758/719 1530/760/721 1536/768/728
f 1530/760/721 1531/761/722 1536/769/729
f 1531/761/722 1532/762/723 1536/770/730
f 1532/762/723 1533/763/724 1536/771/731
f 1533/763/724 1534/764/725 1536/772/732
f 1534/764/725 1535/765/726 1536/773/733
f 1535/765/726 1529/766/720 1536/774/734
f 1537/685/717 1538/686/717 1539/687/717
f 1539/687/717 1540/688/717 1537/685/717
f 1541/685/713 1542/686/713 1543/687/713
f 1543/687/713 1544/688/713 1541/685/713
f 1538/688/61 1537/685/61 1542/686/61
f 1542/686/61 1541/687/61 1538/688/61
f 1540/688/62 1539/685/62 1544/686/62
f 1544/686/62 1543/687/62 1540/688/62
f 1537/686/715 1540/687/715 1543/688/715
f 1543/688/715 1542/685/715 1537/686/715
f 1539/688/712 1538/685/712 1541/686/712
f 1541/686/712 1544/687/712 1539/688/712
f 1545/775/695 1546/776/696 1547/777/697
f 1545/778/698 1548/779/699 1546/776/696
f 1545/780/700 1549/781/701 1548/779/699
f 1545/782/702 1550/783/703 1549/781/701
f 1545/784/704 1551/785/705 1550/783/703
f 1545/786/706 1552/787/707 1551/785/705
f 1545/788/708 1553/789/709 1552/787/707
f 1545/790/710 1547/791/697 1553/789/709
f 1547/777/697 1546/776/696 1554/792/711
f 1547/777/697 1554/792/711 1555/793/712
f 1546/776/696 1548/779/699 1556/794/713
f 1546/776/696 1556/794/713 1554/792/711
f 1548/779/699 1549/781/701 1557/795/714
f 1548/779/699 1557/795/714 1556/794/713
f 1549/781/701 1550/783/703 1558/796/715
f 1549/781/701 1558/796/715 1557/795/714
f 1550/783/703 1551/785/705 1559/797/716
f 1550/783/703 1559/797/716 1558/796/715
f 1551/785/705 1552/787/707 1560/798/717
f 1551/785/705 1560/798/717 1559/797/716
f 1552/787/707 1553/789/709 1561/799/718
f 1552/787/707 1561/799/718 1560/798/717
f 1553/789/709 1547/791/697 1555/800/712
f 1553/789/709 1555/800/712 1561/799/718
f 1555/793/712 1554/792/711 1562/801/719
f 1555/793/712 1562/801/719 1563/802/720
f 1554/792/711 1556/794/713 1564/803/721
f 1554/792/711 1564/803/721 1562/801/719
f 1556/794/713 1557/795/714 1565/804/722
f 1556/794/713 1565/804/722 1564/803/721
f 1557/795/714 1558/796/715 1566/805/723
f 1557/795/714 1566/805/723 1565/804/722
f 1558/796/715 1559/797/716 1567/806/724
f 1558/796/715 1567/806/724 1566/805/723
f 1559/797/716 1560/798/717 1568/807/725
f 1559/797/716 1568/807/725 1567/806/724
f 1560/798/717 1561/799/718 1569/808/726
f 1560/798/717 1569/808/726 1568/807/725
f 1561/799/718 1555/800/712 1563/809/720
f 1561/799/718 1563/809/720 1569/808/726
f 1563/802/720 1562/801/719 1570/810/727
f 1562/801/719 1564/803/721 1570/811/728
f 1564/803/721 1565/804/722 1570/812/729
f 1565/804/722 1566/805/723 1570/813/730
f 1566/805/723 1567/806/724 1570/814/731
f 1567/806/724 1568/807/725 1570/815/732
f 1568/807/725 1569/808/726 1570/816/733
f 1569/808/726 1563/809/720 1570/817/734
f 1571/685/717 1572/686/717 1573/687/717
f 1573/687/717 1574/688/717 1571/685/717
f 1575/685/713 1576/686/713 1577/687/713
f 1577/687/713 1578/688/713 1575/685/713
f 1572/688/61 1571/685/61 1576/686/61
f 1576/686/61 1575/687/61 1572/688/61
f 1574/688/62 1573/685/62 1578/686/62
f 1578/686/62 1577/687/62 1574/688/62
f 1571/686/715 1574/687/715 1577/688/715
f 1577/688/715 1576/685/715 1571/686/715
f 1573/688/712 1572/685/712 1575/686/712
f 1575/686/712 1578/687/712 1573/688/712
f 1579/818/695 1580/819/696 1581/820/697
f 1579/821/698 1582/822/699 1580/819/696
f 1579/823/700 1583/824/701 1582/822/699
f 1579/825/702 1584/826/703 1583/824/701
f 1579/827/704 1585/828/705 1584/826/703
f 1579/829/706 1586/830/707 1585/828/705
f 1579/831/708 1587/832/709 1586/830/707
f 1579/833/710 1581/834/697 1587/832/709
f 1581/820/697 1580/819/696 1588/835/711
f 1581/820/697 1588/835/711 1589/836/712
f 1580/819/696 1582/822/699 1590/837/713
f 1580/819/696 1590/837/713 1588/835/711
f 1582/822/699 1583/824/701 1591/838/714
f 1582/822/699 1591/838/714 1590/837/713
f 1583/824/701 1584/826/703 1592/839/715
f 1583/824/701 1592/839/715 1591/838/714
f 1584/826/703 1585/828/705 1593/840/716
f 1584/826/703 1593/840/716 1592/839/715
f 1585/828/705 1586/830/707 1594/841/717
f 1585/828/705 1594/841/717 1593/840/716
f 1586/830/707 1587/832/709 1595/842/718
f 1586/830/707 1595/842/718 1594/841/717
f 1587/832/709 1581/834/697 1589/843/712
f 1587/832/709 1589/843/712 1595/842/718
f 1589/836/712 1588/835/711 1596/844/719
f 1589/836/712 1596/844/719 1597/845/720
f 1588/835/711 1590/837/713 1598/846/721
f 1588/835/711 1598/846/721 1596/844/719
f 1590/837/713 1591/838/714 1599/847/722
f 1590/837/713 1599/847/722 1598/846/721
f 1591/838/714 1592/839/715 1600/848/723
f 1591/838/714 1600/848/723 1599/847/722
f 1592/839/715 1593/840/716 1601/849/724
f 1592/839/715 1601/849/724 1600/848/723
f 1593/840/716 1594/841/717 1602/850/725
f 1593/840/716 1602/850/725 1601/849/724
f 1594/841/717 1595/842/718 1603/851/726
f 1594/841/717 1603/851/726 1602/850/725
f 1595/842/718 1589/843/712 1597/852/720
f 1595/842/718 1597/852/720 1603/851/726
f 1597/845/720 1596/844/719 1604/853/727
f 1596/844/719 1598/846/721 1604/854/728
f 1598/846/721 1599/847/722 1604/855/729
f 1599/847/722 1600/848/723 1604/856/730
f 1600/848/723 1601/849/724 1604/857/731
f 1601/849/724 1602/850/725 1604/858/732
f 1602/850/725 1603/851/726 1604/859/733
f 1603/851/726 1597/852/720 1604/860/734
f 1605/861/695 1606/862/696 1607/863/697
f 1605/864/698 1608/865/699 1606/862/696
f 1605/866/700 1609/867/701 1608/865/699
f 1605/868/702 1610/869/703 1609/867/701
f 1605/870/704 1611/871/705 1610/869/703
f 1605/872/706 1612/873/707 1611/871/705
f 1605/874/708 1613/875/709 1612/873/707
f 1605/876/710 1607/877/697 1613/875/709
f 1607/863/697 1606/862/696 1614/878/711
f 1607/863/697 1614/878/711 1615/879/712
f 1606/862/696 1608/865/699 1616/880/713
f 1606/862/696 1616/880/713 1614/878/711
f 1608/865/699 1609/867/701 1617/881/714
f 1608/865/699 1617/881/714 1616/880/713
f 1609/867/701 1610/869/703 1618/882/715
f 1609/867/701 1618/882/715 1617/881/714
f 1610/869/703 1611/871/705 1619/883/716
f 1610/869/703 1619/883/716 1618/882/715
f 1611/871/705 1612/873/707 1620/884/717
f 1611/871/705 1620/884/717 1619/883/716
f 1612/873/707 1613/875/709 1621/885/718
f 1612/873/707 1621/885/718 1620/884/717
f 1613/875/709 1607/877/697 1615/886/712
f 1613/875/709 1615/886/712 1621/885/718
f 1615/879/712 1614/878/711 1622/887/719
f 1615/879/712 1622/887/719 1623/888/720
f 1614/878/711 1616/880/713 1624/889/721
f 1614/878/711 1624/889/721 1622/887/719
f 1616/880/713 1617/881/714 1625/890/722
f 1616/880/713 1625/890/722 1624/889/721
f 1617/881/714 1618/882/715 1626/891/723
f 1617/881/714 1626/891/723 1625/890/722
f 1618/882/715 1619/883/716 1627/892/724
f 1618/882/715 1627/892/724 1626/891/723
f 1619/883/716 1620/884/717 1628/893/725
f 1619/883/716 1628/893/725 1627/892/724
f 1620/884/717 1621/885/718 1629/894/726
f 1620/884/717 1629/894/726 1628/893/725
f 1621/885/718 1615/886/712 1623/895/720
f 1621/885/718 1623/895/720 1629/894/726
f 1623/888/720 1622/887/719 1630/896/727
f 1622/887/719 1624/889/721 1630/897/728
f 1624/889/721 1625/890/722 1630/898/729
f 1625/890/722 1626/891/723 1630/899/730
f 1626/891/723 1627/892/724 1630/900/731
f 1627/892/724 1628/893/725 1630/901/732
f 1628/893/725 1629/894/726 1630/902/733
f 1629/894/726 1623/895/720 1630/903/734
f 1631/642/695 1632/643/696 1633/644/697
f 1631/645/698 1634/646/699 1632/643/696
f 1631/647/700 1635/648/701 1634/646/699
f 1631/649/702 1636/650/703 1635/648/701
f 1631/651/704 1637/652/705 1636/650/703
f 1631/653/706 1638/654/707 1637/652/705
f 1631/655/708 1639/656/709 1638/654/707
f 1631/657/710 1633/658/697 1639/656/709
f 1633/644/697 1632/643/696 1640/659/711
f 1633/644/697 1640/659/711 1641/660/712
f 1632/643/696 1634/646/699 1642/661/713
f 1632/643/696 1642/661/713 1640/659/711
f 1634/646/699 1635/648/701 1643/662/714
f 1634/646/699 1643/662/714 1642/661/713
f 1635/648/701 1636/650/703 1644/663/715
f 1635/648/701 1644/663/715 1643/662/714
f 1636/650/703 1637/652/705 1645/664/716
f 1636/650/703 1645/664/716 1644/663/715
f 1637/652/705 1638/654/707 1646/665/717
f 1637/652/705 1646/665/717 1645/664/716
f 1638/654/707 1639/656/709 1647/666/718
f 1638/654/707 1647/666/718 1646/665/717
f 1639/656/709 1633/658/697 1641/667/712
f 1639/656/709 1641/667/712 1647/666/718
f 1641/660/712 1640/659/711 1648/668/719
f 1641/660/712 1648/668/719 1649/669/720
f 1640/659/711 1642/661/713 1650/670/721
f 1640/659/711 1650/670/721 1648/668/719
f 1642/661/713 1643/662/714 1651/671/722
f 1642/661/713 1651/671/722 1650/670/721
f 1643/662/714 1644/663/715 1652/672/723
f 1643/662/714 1652/672/723 1651/671/722
f 1644/663/715 1645/664/716 1653/673/724
f 1644/663/715 1653/673/724 1652/672/723
f 1645/664/716 1646/665/717 1654/674/725
f 1645/664/716 1654/674/725 1653/673/724
f 1646/665/717 1647/666/718 1655/675/726
f 1646/665/717 1655/675/726 1654/674/725
f 1647/666/718 1641/667/712 1649/676/720
f 1647/666/718 1649/676/720 1655/675/726
f 1649/669/720 1648/668/719 1656/677/727
f 1648/668/719 1650/670/721 1656/678/728
f 1650/670/721 1651/671/722 1656/679/729
f 1651/671/722 1652/672/723 1656/680/730
f 1652/672/723 1653/673/724 1656/681/731
f 1653/673/724 1654/674/725 1656/682/732
f 1654/674/725 1655/675/726 1656/683/733
f 1655/675/726 1649/676/720 1656/684/734
f 1657/689/695 1658/690/696 1659/691/697
f 1657/692/698 1660/693/699 1658/690/696
f 1657/694/700 1661/695/701 1660/693/699
f 1657/696/702 1662/697/703 1661/695/701
f 1657/698/704 1663/699/705 1662/697/703
f 1657/700/706 1664/701/707 1663/699/705
f 1657/702/708 1665/703/709 1664/701/707
f 1657/704/710 1659/705/697 1665/703/709
f 1659/691/697 1658/690/696 1666/706/711
f 1659/691/697 1666/706/711 1667/707/712
f 1658/690/696 1660/693/699 1668/708/713
f 1658/690/696 1668/708/713 1666/706/711
f 1660/693/699 1661/695/701 1669/709/714
f 1660/693/699 1669/709/714 1668/708/713
f 1661/695/701 1662/697/703 1670/710/715
f 1661/695/701 1670/710/715 1669/709/714
f 1662/697/703 1663/699/705 1671/711/716
f 1662/697/703 1671/711/716 1670/710/715
f 1663/699/705 1664/701/707 1672/712/717
f 1663/699/705 1672/712/717 1671/711/716
f 1664/701/707 1665/703/709 1673/713/718
f 1664/701/707 1673/713/718 1672/712/717
f 1665/703/709 1659/705/697 1667/714/712
f 1665/703/709 1667/714/712 1673/713/718
f 1667/707/712 1666/706/711 1674/715/719
f 1667/707/712 1674/715/719 1675/716/720
f 1666/706/711 1668/708/713 1676/717/721
f 1666/706/711 1676/717/721 1674/715/719
f 1668/708/713 1669/709/714 1677/718/722
f 1668/708/713 1677/718/722 1676/717/721
f 1669/709/714 1670/710/715 1678/719/723
f 1669/709/714 1678/719/723 1677/718/722
f 1670/710/715 1671/711/716 1679/720/724
f 1670/710/715 1679/720/724 1678/719/723
f 1671/711/716 1672/712/717 1680/721/725
f 1671/711/716 1680/721/725 1679/720/724
f 1672/712/717 1673/713/718 1681/722/726
f 1672/712/717 1681/722/726 1680/721/725
f 1673/713/718 1667/714/712 1675/723/720
f 1673/713/718 1675/723/720 1681/722/726
f 1675/716/720 1674/715/719 1682/724/727
f 1674/715/719 1676/717/721 1682/725/728
f 1676/717/721 1677/718/722 1682/726/729
f 1677/718/722 1678/719/723 1682/727/730
f 1678/719/723 1679/720/724 1682/728/731
f 1679/720/724 1680/721/725 1682/729/732
f 1680/721/725 1681/722/726 1682/730/733
f 1681/722/726 1675/723/720 1682/731/734
f 1683/685/717 1684/686/717 1685/687/717
f 1685/687/717 1686/688/717 1683/685/717
f 1687/685/713 1688/686/713 1689/687/713
f 1689/687/713 1690/688/713 1687/685/713
f 1684/688/61 1683/685/61 1688/686/61
f 1688/686/61 1687/687/61 1684/688/61
f 1686/688/62 1685/685/62 1690/686/62
f 1690/686/62 1689/687/62 1686/688/62
f 1683/686/715 1686/687/715 1689/688/715
f 1689/688/715 1688/685/715 1683/686/715
f 1685/688/712 1684/685/712 1687/686/712
f 1687/686/712 1690/687/712 1685/688/712
f 1691/732/695 1692/733/696 1693/734/697
f 1691/735/698 1694/736/699 1692/733/696
f 1691/737/700 1695/738/701 1694/736/699
f 1691/739/702 1696/740/703 1695/738/701
f 1691/741/704 1697/742/705 1696/740/703
f 1691/743/706 1698/744/707 1697/742/705
f 1691/745/708 1699/746/709 1698/744/707
f 1691/747/710 1693/748/697 1699/746/709
f 1693/734/697 1692/733/696 1700/749/711
f 1693/734/697 1700/749/711 1701/750/712
f 1692/733/696 1694/736/699 1702/751/713
f 1692/733/696 1702/751/713 1700/749/711
f 1694/736/699 1695/738/701 1703/752/714
f 1694/736/699 1703/752/714 1702/751/713
f 1695/738/701 1696/740/703 1704/753/715
f 1695/738/701 1704/753/715 1703/752/714
f 1696/740/703 1697/742/705 1705/754/716
f 1696/740/703 1705/754/716 1704/753/715
f 1697/742/705 1698/744/707 1706/755/717
f 1697/742/705 1706/755/717 1705/754/716
f 1698/744/707 1699/746/709 1707/756/718
f 1698/744/707 1707/756/718 1706/755/717
f 1699/746/709 1693/748/697 1701/757/712
f 1699/746/709 1701/757/712 1707/756/718
f 1701/750/712 1700/749/711 1708/758/719
f 1701/750/712 1708/758/719 1709/759/720
f 1700/749/711 1702/751/713 1710/760/721
f 1700/749/711 1710/760/721 1708/758/719
f 1702/751/713 1703/752/714 1711/761/722
f 1702/751/713 1711/761/722 1710/760/721
f 1703/752/714 1704/753/715 1712/762/723
f 1703/752/714 1712/762/723 1711/761/722
f 1704/753/715 1705/754/716 1713/763/724
f 1704/753/715 1713/763/724 1712/762/723
f 1705/754/716 1706/755/717 1714/764/725
f 1705/754/716 1714/764/725 1713/763/724
f 1706/755/717 1707/756/718 1715/765/726
f 1706/755/717 1715/765/726 1714/764/725
f 1707/756/718 1701/757/712 1709/766/720
f 1707/756/718 1709/766/720 1715/765/726
f 1709/759/720 1708/758/719 1716/767/727
f 1708/758/719 1710/760/721 1716/768/728
f 1710/760/721 1711/761/722 1716/769/729
f 1711/761/722 1712/762/723 1716/770/730
f 1712/762/723 1713/763/724 1716/771/731
f 1713/763/724 1714/764/725 1716/772/732
f 1714/764/725 1715/765/726 1716/773/733
f 1715/765/726 1709/766/720 1716/774/734
f 1717/685/717 1718/686/717 1719/687/717
f 1719/687/717 1720/688/717 1717/685/717
f 1721/685/713 1722/686/713 1723/687/713
f 1723/687/713 1724/688/713 1721/685/713
f 1718/688/61 1717/685/61 1722/686/61
f 1722/686/61 1721/687/61 1718/688/61
f 1720/688/62 1719/685/62 1724/686/62
f 1724/686/62 1723/687/62 1720/688/62
f 1717/686/715 1720/687/715 1723/688/715
f 1723/688/715 1722/685/715 1717/686/715
f 1719/688/712 1718/685/712 1721/686/712
f 1721/686/712 1724/687/712 1719/688/712
f 1725/775/695 1726/776/696 1727/777/697
f 1725/778/698 1728/779/699 1726/776/696
f 1725/780/700 1729/781/701 1728/779/699
f 1725/782/702 1730/783/703 1729/781/701
f 1725/784/704 1731/785/705 1730/783/703
f 1725/786/706 1732/787/707 1731/785/705
f 1725/788/708 1733/789/709 1732/787/707
f 1725/790/710 1727/791/697 1733/789/709
f 1727/777/697 1726/776/696 1734/792/711
f 1727/777/697 1734/792/711 1735/793/712
f 1726/776/696 1728/779/699 1736/794/713
f 1726/776/696 1736/794/713 1734/792/711
f 1728/779/699 1729/781/701 1737/795/714
f 1728/779/699 1737/795/714 1736/794/713
f 1729/781/701 1730/783/703 1738/796/715
f 1729/781/701 1738/796/715 1737/795/714
f 1730/783/703 1731/785/705 1739/797/716
f 1730/783/703 1739/797/716 1738/796/715
f 1731/785/705 1732/787/707 1740/798/717
f 1731/785/705 1740/798/717 1739/797/716
f 1732/787/707 1733/789/709 1741/799/718
f 1732/787/707 1741/799/718 1740/798/717
f 1733/789/709 1727/791/697 1735/800/712
f 1733/789/709 1735/800/712 1741/799/718
f 1735/793/712 1734/792/711 1742/801/719
f 1735/793/712 1742/801/719 1743/802/720
f 1734/792/711 1736/794/713 1744/803/721
f 1734/792/711 1744/803/721 1742/801/719
f 1736/794/713 1737/795/714 1745/804/722
f 1736/794/713 1745/804/722 1744/803/721
f 1737/795/714 1738/796/715 1746/805/723
f 1737/795/714 1746/805/723 1745/804/722
f 1738/796/715 1739/797/716 1747/806/724
f 1738/796/715 1747/806/724 1746/805/723
f 1739/797/716 1740/798/717 1748/807/725
f 1739/797/716 1748/807/725 1747/806/724
f 1740/798/717 1741/799/718 1749/808/726
f 1740/798/717 1749/808/726 1748/807/725
f 1741/799/718 1735/800/712 1743/809/720
f 1741/799/718 1743/809/720 1749/808/726
f 1743/802/720 1742/801/719 1750/810/727
f 1742/801/719 1744/803/721 1750/811/728
f 1744/803/721 1745/804/722 1750/812/729
f 1745/804/722 1746/805/723 1750/813/730
f 1746/805/723 1747/806/724 1750/814/731
f 1747/806/724 1748/807/725 1750/815/732
f 1748/807/725 1749/808/726 1750/816/733
f 1749/808/726 1743/809/720 1750/817/734
f 1751/685/717 1752/686/717 1753/687/717
f 1753/687/717 1754/688/717 1751/685/717
f 1755/685/713 1756/686/713 1757/687/713
f 1757/687/713 1758/688/713 1755/685/713
f 1752/688/61 1751/685/61 1756/686/61
f 1756/686/61 1755/687/61 1752/688/61
f 1754/688/62 1753/685/62 1758/686/62
f 1758/686/62 1757/687/62 1754/688/62
f 1751/686/715 1754/687/715 1757/688/715
f 1757/688/715 1756/685/715 1751/686/715
f 1753/688/712 1752/685/712 1755/686/712
f 1755/686/712 1758/687/712 1753/688/712
f 1759/818/695 1760/819/696 1761/820/697
f 1759/821/698 1762/822/699 1760/819/696
f 1759/823/700 1763/824/701 1762/822/699
f 1759/825/702 1764/826/703 1763/824/701
f 1759/827/704 1765/828/705 1764/826/703
f 1759/829/706 1766/830/707 1765/828/705
f 1759/831/708 1767/832/709 1766/830/707
f 1759/833/710 1761/834/697 1767/832/709
f 1761/820/697 1760/819/696 1768/835/711
f 1761/820/697 1768/835/711 1769/836/712
f 1760/819/696 1762/822/699 1770/837/713
f 1760/819/696 1770/837/713 1768/835/711
f 1762/822/699 1763/824/701 1771/838/714
f 1762/822/699 1771/838/714 1770/837/713
f 1763/824/701 1764/826/703 1772/839/715
f 1763/824/701 1772/839/715 1771/838/714
f 1764/826/703 1765/828/705 1773/840/716
f 1764/826/703 1773/840/716 1772/839/715
f 1765/828/705 1766/830/707 1774/841/717
f 1765/828/705 1774/841/717 1773/840/716
f 1766/830/707 1767/832/709 1775/842/718
f 1766/830/707 1775/842/718 1774/841/717
f 1767/832/709 1761/834/697 1769/843/712
f 1767/832/709 1769/843/712 1775/842/718
f 1769/836/712 1768/835/711 1776/844/719
f 1769/836/712 1776/844/719 1777/845/720
f 1768/835/711 1770/837/713 1778/846/721
f 1768/835/711 1778/846/721 1776/844/719
f 1770/837/713 1771/838/714 1779/847/722
f 1770/837/713 1779/847/722 1778/846/721
f 1771/838/714 1772/839/715 1780/848/723
f 1771/838/714 1780/848/723 1779/847/722
f 1772/839/715 1773/840/716 1781/849/724
f 1772/839/715 1781/849/724 1780/848/723
f 1773/840/716 1774/841/717 1782/850/725
f 1773/840/716 1782/850/725 1781/849/724
f 1774/841/717 1775/842/718 1783/851/726
f 1774/841/717 1783/851/726 1782/850/725
f 1775/842/718 1769/843/712 1777/852/720
f 1775/842/718 1777/852/720 1783/851/726
f 1777/845/720 1776/844/719 1784/853/727
f 1776/844/719 1778/846/721 1784/854/728
f 1778/846/721 1779/847/722 1784/855/729
f 1779/847/722 1780/848/723 1784/856/730
f 1780/848/723 1781/849/724 1784/857/731
f 1781/849/724 1782/850/725 1784/858/732
f 1782/850/725 1783/851/726 1784/859/733
f 1783/851/726 1777/852/720 1784/860/734
f 1785/685/717 1786/686/717 1787/687/717
f 1787/687/717 1788/688/717 1785/685/717
f 1789/685/713 1790/686/713 1791/687/713
f 1791/687/713 1792/688/713 1789/685/713
f 1786/688/61 1785/685/61 1790/686/61
f 1790/686/61 1789/687/61 1786/688/61
f 1788/688/62 1787/685/62 1792/686/62
f 1792/686/62 1791/687/62 1788/688/62
f 1785/686/715 1788/687/715 1791/688/715
f 1791/688/715 1790/685/715 1785/686/715
f 1787/688/712 1786/685/712 1789/686/712
f 1789/686/712 1792/687/712 1787/688/712
f 1793/861/695 1794/862/696 1795/863/697
f 1793/864/698 1796/865/699 1794/862/696
f 1793/866/700 1797/867/701 1796/865/699
f 1793/868/702 1798/869/703 1797/867/701
f 1793/870/704 1799/871/705 1798/869/703
f 1793/872/706 1800/873/707 1799/871/705
f 1793/874/708 1801/875/709 1800/873/707
f 1793/876/710 1795/877/697 1801/875/709
f 1795/863/697 1794/862/696 1802/878/711
f 1795/863/697 1802/878/711 1803/879/712
f 1794/862/696 1796/865/699 1804/880/713
f 1794/862/696 1804/880/713 1802/878/711
f 1796/865/699 1797/867/701 1805/881/714
f 1796/865/699 1805/881/714 1804/880/713
f 1797/867/701 1798/869/703 1806/882/715
f 1797/867/701 1806/882/715 1805/881/714
f 1798/869/703 1799/871/705 1807/883/716
f 1798/869/703 1807/883/716 1806/882/715
f 1799/871/705 1800/873/707 1808/884/717
f 1799/871/705 1808/884/717 1807/883/716
f 1800/873/707 1801/875/709 1809/885/718
f 1800/873/707 1809/885/718 1808/884/717
f 1801/875/709 1795/877/697 1803/886/712
f 1801/875/709 1803/886/712 1809/885/718
f 1803/879/712 1802/878/711 1810/887/719
f 1803/879/712 1810/887/719 1811/888/720
f 1802/878/711 1804/880/713 1812/889/721
f 1802/878/711 1812/889/721 1810/887/719
f 1804/880/713 1805/881/714 1813/890/722
f 1804/880/713 1813/890/722 1812/889/721
f 1805/881/714 1806/882/715 1814/891/723
f 1805/881/714 1814/891/723 1813/890/722
f 1806/882/715 1807/883/716 1815/892/724
f 1806/882/715 1815/892/724 1814/891/723
f 1807/883/716 1808/884/717 1816/893/725
f 1807/883/716 1816/893/725 1815/892/724
f 1808/884/717 1809/885/718 1817/894/726
f 1808/884/717 1817/894/726 1816/893/725
f 1809/885/718 1803/886/712 1811/895/720
f 1809/885/718 1811/895/720 1817/894/726
f 1811/888/720 1810/887/719 1818/896/727
f 1810/887/719 1812/889/721 1818/897/728
f 1812/889/721 1813/890/722 1818/898/729
f 1813/890/722 1814/891/723 1818/899/730
f 1814/891/723 1815/892/724 1818/900/731
f 1815/892/724 1816/893/725 1818/901/732
f 1816/893/725 1817/894/726 1818/902/733
f 1817/894/726 1811/895/720 1818/903/734
f 1819/642/695 1820/643/696 1821/644/697
f 1819/645/698 1822/646/699 1820/643/696
f 1819/647/700 1823/648/701 1822/646/699
f 1819/649/702 1824/650/703 1823/648/701
f 1819/651/704 1825/652/705 1824/650/703
f 1819/653/706 1826/654/707 1825/652/705
f 1819/655/708 1827/656/709 1826/654/707
f 1819/657/710 1821/658/697 1827/656/709
f 1821/644/697 1820/643/696 1828/659/711
f 1821/644/697 1828/659/711 1829/660/712
f 1820/643/696 1822/646/699 1830/661/713
f 1820/643/696 1830/661/713 1828/659/711
f 1822/646/699 1823/648/701 1831/662/714
f 1822/646/699 1831/662/714 1830/661/713
f 1823/648/701 1824/650/703 1832/663/715
f 1823/648/701 1832/663/715 1831/662/714
f 1824/650/703 1825/652/705 1833/664/716
f 1824/650/703 1833/664/716 1832/663/715
f 1825/652/705 1826/654/707 1834/665/717
f 1825/652/705 1834/665/717 1833/664/716
f 1826/654/707 1827/656/709 1835/666/718
f 1826/654/707 1835/666/718 1834/665/717
f 1827/656/709 1821/658/697 1829/667/712
f 1827/656/709 1829/667/712 1835/666/718
f 1829/660/712 1828/659/711 1836/668/719
f 1829/660/712 1836/668/719 1837/669/720
f 1828/659/711 1830/661/713 1838/670/721
f 1828/659/711 1838/670/721 1836/668/719
f 1830/661/713 1831/662/714 1839/671/722
f 1830/661/713 1839/671/722 1838/670/721
f 1831/662/714 1832/663/715 1840/672/723
f 1831/662/714 1840/672/723 1839/671/722
f 1832/663/715 1833/664/716 1841/673/724
f 1832/663/715 1841/673/724 1840/672/723
f 1833/664/716 1834/665/717 1842/674/725
f 1833/664/716 1842/674/725 1841/673/724
f 1834/665/717 1835/666/718 1843/675/726
f 1834/665/717 1843/675/726 1842/674/725
f 1835/666/718 1829/667/712 1837/676/720
f 1835/666/718 1837/676/720 1843/675/726
f 1837/669/720 1836/668/719 1844/677/727
f 1836/668/719 1838/670/721 1844/678/728
f 1838/670/721 1839/671/722 1844/679/729
f 1839/671/722 1840/672/723 1844/680/730
f 1840/672/723 1841/673/724 1844/681/731
f 1841/673/724 1842/674/725 1844/682/732
f 1842/674/725 1843/675/726 1844/683/733
f 1843/675/726 1837/676/720 1844/684/734
f 1845/689/695 1846/690/696 1847/691/697
f 1845/692/698 1848/693/699 1846/690/696
f 1845/694/700 1849/695/701 1848/693/699
f 1845/696/702 1850/697/703 1849/695/701
f 1845/698/704 1851/699/705 1850/697/703
f 1845/700/706 1852/701/707 1851/699/705
f 1845/702/708 1853/703/709 1852/701/707
f 1845/704/710 1847/705/697 1853/703/709
f 1847/691/697 1846/690/696 1854/706/711
f 1847/691/697 1854/706/711 1855/707/712
f 1846/690/696 1848/693/699 1856/708/713
f 1846/690/696 1856/708/713 1854/706/711
f 1848/693/699 1849/695/701 1857/709/714
f 1848/693/699 1857/709/714 1856/708/713
f 1849/695/701 1850/697/703 1858/710/715
f 1849/695/701 1858/710/715 1857/709/714
f 1850/697/703 1851/699/705 1859/711/716
f 1850/697/703 1859/711/716 1858/710/715
f 1851/699/705 1852/701/707 1860/712/717
f 1851/699/705 1860/712/717 1859/711/716
f 1852/701/707 1853/703/709 1861/713/718
f 1852/701/707 1861/713/718 1860/712/717
f 1853/703/709 1847/705/697 1855/714/712
f 1853/703/709 1855/714/712 1861/713/718
f 1855/707/712 1854/706/711 1862/715/719
f 1855/707/712 1862/715/719 1863/716/720
f 1854/706/711 1856/708/713 1864/717/721
f 1854/706/711 1864/717/721 1862/715/719
f 1856/708/713 1857/709/714 1865/718/722
f 1856/708/713 1865/718/722 1864/717/721
f 1857/709/714 1858/710/715 1866/719/723
f 1857/709/714 1866/719/723 1865/718/722
f 1858/710/715 1859/711/716 1867/720/724
f 1858/710/715 1867/720/724 1866/719/723
f 1859/711/716 1860/712/717 1868/721/725
f 1859/711/716 1868/721/725 1867/720/724
f 1860/712/717 1861/713/718 1869/722/726
f 1860/712/717 1869/722/726 1868/721/725
f 1861/713/718 1855/714/712 1863/723/720
f 1861/713/718 1863/723/720 1869/722/726
f 1863/716/720 1862/715/719 1870/724/727
f 1862/715/719 1864/717/721 1870/725/728
f 1864/717/721 1865/718/722 1870/726/729
f 1865/718/722 1866/719/723 1870/727/730
f 1866/719/723 1867/720/724 1870/728/731
f 1867/720/724 1868/721/725 1870/729/732
f 1868/721/725 1869/722/726 1870/730/733
f 1869/722/726 1863/723/720 1870/731/734
f 1871/685/717 1872/686/717 1873/687/717
f 1873/687/717 1874/688/717 1871/685/717
f 1875/685/713 1876/686/713 1877/687/713
f 1877/687/713 1878/688/713 1875/685/713
f 1872/688/61 1871/685/61 1876/686/61
f 1876/686/61 1875/687/61 1872/688/61
f 1874/688/62 1873/685/62 1878/686/62
f 1878/686/62 1877/687/62 1874/688/62
f 1871/686/715 1874/687/715 1877/688/715
f 1877/688/715 1876/685/715 1871/686/715
f 1873/688/712 1872/685/712 1875/686/712
f 1875/686/712 1878/687/712 1873/688/712
f 1879/732/695 1880/733/696 1881/734/697
f 1879/735/698 1882/736/699 1880/733/696
f 1879/737/700 1883/738/701 1882/736/699
f 1879/739/702 1884/740/703 1883/738/701
f 1879/741/704 1885/742/705 1884/740/703
f 1879/743/706 1886/744/707 1885/742/705
f 1879/745/708 1887/746/709 1886/744/707
f 1879/747/710 1881/748/697 1887/746/709
f 1881/734/697 1880/733/696 1888/749/711
f 1881/734/697 1888/749/711 1889/750/712
f 1880/733/696 1882/736/699 1890/751/713
f 1880/733/696 1890/751/713 1888/749/711
f 1882/736/699 1883/738/701 1891/752/714
f 1882/736/699 1891/752/714 1890/751/713
f 1883/738/701 1884/740/703 1892/753/715
f 1883/738/701 1892/753/715 1891/752/714
f 1884/740/703 1885/742/705 1893/754/716
f 1884/740/703 1893/754/716 1892/753/715
f 1885/742/705 1886/744/707 1894/755/717
f 1885/742/705 1894/755/717 1893/754/716
f 1886/744/707 1887/746/709 1895/756/718
f 1886/744/707 1895/756/718 1894/755/717
f 1887/746/709 1881/748/697 1889/757/712
f 1887/746/709 1889/757/712 1895/756/718
f 1889/750/712 1888/749/711 1896/758/719
f 1889/750/712 1896/758/719 1897/759/720
f 1888/749/711 1890/751/713 1898/760/721
f 1888/749/711 1898/760/721 1896/758/719
f 1890/751/713 1891/752/714 1899/761/722
f 1890/751/713 1899/761/722 1898/760/721
f 1891/752/714 1892/753/715 1900/762/723
f 1891/752/714 1900/762/723 1899/761/722
f 1892/753/715 1893/754/716 1901/763/724
f 1892/753/715 1901/763/724 1900/762/723
f 1893/754/716 1894/755/717 1902/764/725
f 1893/754/716 1902/764/725 1901/763/724
f 1894/755/717 1895/756/718 1903/765/726
f 1894/755/717 1903/765/726 1902/764/725
f 1895/756/718 1889/757/712 1897/766/720
f 1895/756/718 1897/766/720 1903/765/726
f 1897/759/720 1896/758/719 1904/767/727
f 1896/758/719 1898/760/721 1904/768/728
f 1898/760/721 1899/761/722 1904/769/729
f 1899/761/722 1900/762/723 1904/770/730
f 1900/762/723 1901/763/724 1904/771/731
f 1901/763/724 1902/764/725 1904/772/732
f 1902/764/725 1903/765/726 1904/773/733
f 1903/765/726 1897/766/720 1904/774/734
f 1905/685/717 1906/686/717 1907/687/717
f 1907/687/717 1908/688/717 1905/685/717
f 1909/685/713 1910/686/713 1911/687/713
f 1911/687/713 1912/688/713 1909/685/713
f 1906/688/61 1905/685/61 1910/686/61
f 1910/686/61 1909/687/61 1906/688/61
f 1908/688/62 1907/685/62 1912/686/62
f 1912/686/62 1911/687/62 1908/688/62
f 1905/686/715 1908/687/715 1911/688/715
f 1911/688/715 1910/685/715 1905/686/715
f 1907/688/712 1906/685/712 1909/686/712
f 1909/686/712 1912/687/712 1907/688/712
f 1913/775/695 1914/776/696 1915/777/697
f 1913/778/698 1916/779/699 1914/776/696
f 1913/780/700 1917/781/701 1916/779/699
f 1913/782/702 1918/783/703 1917/781/701
f 1913/784/704 1919/785/705 1918/783/703
f 1913/786/706 1920/787/707 1919/785/705
f 1913/788/708 1921/789/709 1920/787/707
f 1913/790/710 1915/791/697 1921/789/709
f 1915/777/697 1914/776/696 1922/792/711
f 1915/777/697 1922/792/711 1923/793/712
f 1914/776/696 1916/779/699 1924/794/713
f 1914/776/696 1924/794/713 1922/792/711
f 1916/779/699 1917/781/701 1925/795/714
f 1916/779/699 1925/795/714 1924/794/713
f 1917/781/701 1918/783/703 1926/796/715
f 1917/781/701 1926/796/715 1925/795/714
f 1918/783/703 1919/785/705 1927/797/716
f 1918/783/703 1927/797/716 1926/796/715
f 1919/785/705 1920/787/707 1928/798/717
f 1919/785/705 1928/798/717 1927/797/716
f 1920/787/707 1921/789/709 1929/799/718
f 1920/787/707 1929/799/718 1928/798/717
f 1921/789/709 1915/791/697 1923/800/712
f 1921/789/709 1923/800/712 1929/799/718
f 1923/793/712 1922/792/711 1930/801/719
f 1923/793/712 1930/801/719 1931/802/720
f 1922/792/711 1924/794/713 1932/803/721
f 1922/792/711 1932/803/721 1930/801/719
f 1924/794/713 1925/795/714 1933/804/722
f 1924/794/713 1933/804/722 1932/803/721
f 1925/795/714 1926/796/715 1934/805/723
f 1925/795/714 1934/805/723 1933/804/722
f 1926/796/715 1927/797/716 1935/806/724
f 1926/796/715 1935/806/724 1934/805/723
f 1927/797/716 1928/798/717 1936/807/725
f 1927/797/716 1936/807/725 1935/806/724
f 1928/798/717 1929/799/718 1937/808/726
f 1928/798/717 1937/808/726 1936/807/725
f 1929/799/718 1923/800/712 1931/809/720
f 1929/799/718 1931/809/720 1937/808/726
f 1931/802/720 1930/801/719 1938/810/727
f 1930/801/719 1932/803/721 1938/811/728
f 1932/803/721 1933/804/722 1938/812/729
f 1933/804/722 1934/805/723 1938/813/730
f 1934/805/723 1935/806/724 1938/814/731
f 1935/806/724 1936/807/725 1938/815/732
f 1936/807/725 1937/808/726 1938/816/733
f 1937/808/726 1931/809/720 1938/817/734
f 1939/685/717 1940/686/717 1941/687/717
f 1941/687/717 1942/688/717 1939/685/717
f 1943/685/713 1944/686/713 1945/687/713
f 1945/687/713 1946/688/713 1943/685/713
f 1940/688/61 1939/685/61 1944/686/61
f 1944/686/61 1943/687/61 1940/688/61
f 1942/688/62 1941/685/62 1946/686/62
f 1946/686/62 1945/687/62 1942/688/62
f 1939/686/715 1942/687/715 1945/688/715
f 1945/688/715 1944/685/715 1939/686/715
f 1941/688/712 1940/685/712 1943/686/712
f 1943/686/712 1946/687/712 1941/688/712
f 1947/818/695 1948/819/696 1949/820/697
f 1947/821/698 1950/822/699 1948/819/696
f 1947/823/700 1951/824/701 1950/822/699
f 1947/825/702 1952/826/703 1951/824/701
f 1947/827/704 1953/828/705 1952/826/703
f 1947/829/706 1954/830/707 1953/828/705
f 1947/831/708 1955/832/709 1954/830/707
f 1947/833/710 1949/834/697 1955/832/709
f 1949/820/697 1948/819/696 1956/835/711
f 1949/820/697 1956/835/711 1957/836/712
f 1948/819/696 1950/822/699 1958/837/713
f 1948/819/696 1958/837/713 1956/835/711
f 1950/822/699 1951/824/701 1959/838/714
f 1950/822/699 1959/838/714 1958/837/713
f 1951/824/701 1952/826/703 1960/839/715
f 1951/824/701 1960/839/715 1959/838/714
f 1952/826/703 1953/828/705 1961/840/716
f 1952/826/703 1961/840/716 1960/839/715
f 1953/828/705 1954/830/707 1962/841/717
f 1953/828/705 1962/841/717 1961/840/716
f 1954/830/707 1955/832/709 1963/842/718
f 1954/830/707 1963/842/718 1962/841/717
f 1955/832/709 1949/834/697 1957/843/712
f 1955/832/709 1957/843/712 1963/842/718
f 1957/836/712 1956/835/711 1964/844/719
f 1957/836/712 1964/844/719 1965/845/720
f 1956/835/711 1958/837/713 1966/846/721
f 1956/835/711 1966/846/721 1964/844/719
f 1958/837/713 1959/838/714 1967/847/722
f 1958/837/713 1967/847/722 1966/846/721
f 1959/838/714 1960/839/715 1968/848/723
f 1959/838/714 1968/848/723 1967/847/722
f 1960/839/715 1961/840/716 1969/849/724
f 1960/839/715 1969/849/724 1968/848/723
f 1961/840/716 1962/841/717 1970/850/725
f 1961/840/716 1970/850/725 1969/849/724
f 1962/841/717 1963/842/718 1971/851/726
f 1962/841/717 1971/851/726 1970/850/725
f 1963/842/718 1957/843/712 1965/852/720
f 1963/842/718 1965/852/720 1971/851/726
f 1965/845/720 1964/844/719 1972/853/727
f 1964/844/719 1966/846/721 1972/854/728
f 1966/846/721 1967/847/722 1972/855/729
f 1967/847/722 1968/848/723 1972/856/730
f 1968/848/723 1969/849/724 1972/857/731
f 1969/849/724 1970/850/725 1972/858/732
f 1970/850/725 1971/851/726 1972/859/733
f 1971/851/726 1965/852/720 1972/860/734
f 1973/861/695 1974/862/696 1975/863/697
f 1973/864/698 1976/865/699 1974/862/696
f 1973/866/700 1977/867/701 1976/865/699
f 1973/868/702 1978/869/703 1977/867/701
f 1973/870/704 1979/871/705 1978/869/703
f 1973/872/706 1980/873/707 1979/871/705
f 1973/874/708 1981/875/709 1980/873/707
f 1973/876/710 1975/877/697 1981/875/709
f 1975/863/697 1974/862/696 1982/878/711
f 1975/863/697 1982/878/711 1983/879/712
f 1974/862/696 1976/865/699 1984/880/713
f 1974/862/696 1984/880/713 1982/878/711
f 1976/865/699 1977/867/701 1985/881/714
f 1976/865/699 1985/881/714 1984/880/713
f 1977/867/701 1978/869/703 1986/882/715
f 1977/867/701 1986/882/715 1985/881/714
f 1978/869/703 1979/871/705 1987/883/716
f 1978/869/703 1987/883/716 1986/882/715
f 1979/871/705 1980/873/707 1988/884/717
f 1979/871/705 1988/884/717 1987/883/716
f 1980/873/707 1981/875/709 1989/885/718
f 1980/873/707 1989/885/718 1988/884/717
f 1981/875/709 1975/877/697 1983/886/712
f 1981/875/709 1983/886/712 1989/885/718
f 1983/879/712 1982/878/711 1990/887/719
f 1983/879/712 1990/887/719 1991/888/720
f 1982/878/711 1984/880/713 1992/889/721
f 1982/878/711 1992/889/721 1990/887/719
f 1984/880/713 1985/881/714 1993/890/722
f 1984/880/713 1993/890/722 1992/889/721
f 1985/881/714 1986/882/715 1994/891/723
f 1985/881/714 1994/891/723 1993/890/722
f 1986/882/715 1987/883/716 1995/892/724
f 1986/882/715 1995/892/724 1994/891/723
f 1987/883/716 1988/884/717 1996/893/725
f 1987/883/716 1996/893/725 1995/892/724
f 1988/884/717 1989/885/718 1997/894/726
f 1988/884/717 1997/894/726 1996/893/725
f 1989/885/718 1983/886/712 1991/895/720
f 1989/885/718 1991/895/720 1997/894/726
f 1991/888/720 1990/887/719 1998/896/727
f 1990/887/719 1992/889/721 1998/897/728
f 1992/889/721 1993/890/722 1998/898/729
f 1993/890/722 1994/891/723 1998/899/730
f 1994/891/723 1995/892/724 1998/900/731
f 1995/892/724 1996/893/725 1998/901/732
f 1996/893/725 1997/894/726 1998/902/733
f 1997/894/726 1991/895/720 1998/903/734
f 1999/688/61 2000/904/713 2001/905/735
f 1999/688/61 2001/905/735 2002/906/736
f 2000/904/713 2003/907/62 2004/908/737
f 2000/904/713 2004/908/737 2001/905/735
f 2003/907/62 2005/909/717 2006/910/738
f 2003/907/62 2006/910/738 2004/908/737
f 2005/909/717 1999/687/61 2002/911/736
f 2005/909/717 2002/911/736 2006/910/738
f 2002/906/736 2001/905/735 2007/912/739
f 2002/906/736 2007/912/739 2008/913/740
f 2001/905/735 2004/908/737 2009/914/741
f 2001/905/735 2009/914/741 2007/912/739
f 2004/908/737 2006/910/738 2010/915/742
f 2004/908/737 2010/915/742 2009/914/741
f 2006/910/738 2002/911/736 2008/916/740
f 2006/910/738 2008/916/740 2010/915/742
f 2008/913/740 2007/912/739 2011/917/743
f 2008/913/740 2011/917/743 2012/918/744
f 2007/912/739 2009/914/741 2013/919/745
f 2007/912/739 2013/919/745 2011/917/743
f 2009/914/741 2010/915/742 2014/920/746
f 2009/914/741 2014/920/746 2013/919/745
f 2010/915/742 2008/916/740 2012/921/744
f 2010/915/742 2012/921/744 2014/920/746
f 2012/918/744 2011/917/743 2015/922/747
f 2012/918/744 2015/922/747 2016/923/748
f 2011/917/743 2013/919/745 2017/924/749
f 2011/917/743 2017/924/749 2015/922/747
f 2013/919/745 2014/920/746 2018/925/750
f 2013/919/745 2018/925/750 2017/924/749
f 2014/920/746 2012/921/744 2016/926/748
f 2014/920/746 2016/926/748 2018/925/750
f 2016/923/748 2015/922/747 2019/927/751
f 2016/923/748 2019/927/751 2020/928/752
f 2015/922/747 2017/924/749 2021/929/753
f 2015/922/747 2021/929/753 2019/927/751
f 2017/924/749 2018/925/750 2022/930/754
f 2017/924/749 2022/930/754 2021/929/753
f 2018/925/750 2016/926/748 2020/931/752
f 2018/925/750 2020/931/752 2022/930/754
f 2020/928/752 2019/927/751 2023/932/755
f 2020/928/752 2023/932/755 2024/933/756
f 2019/927/751 2021/929/753 2025/934/757
f 2019/927/751 2025/934/757 2023/932/755
f 2021/929/753 2022/930/754 2026/935/758
f 2021/929/753 2026/935/758 2025/934/757
f 2022/930/754 2020/931/752 2024/936/756
f 2022/930/754 2024/936/756 2026/935/758
f 2024/933/756 2023/932/755 2027/937/759
f 2024/933/756 2027/937/759 2028/938/760
f 2023/932/755 2025/934/757 2029/939/761
f 2023/932/755 2029/939/761 2027/937/759
f 2025/934/757 2026/935/758 2030/940/762
f 2025/934/757 2030/940/762 2029/939/761
f 2026/935/758 2024/936/756 2028/941/760
f 2026/935/758 2028/941/760 2030/940/762
f 2028/938/760 2027/937/759 2031/942/763
f 2028/938/760 2031/942/763 2032/943/764
f 2027/937/759 2029/939/761 2033/944/765
f 2027/937/759 2033/944/765 2031/942/763
f 2029/939/761 2030/940/762 2034/945/766
f 2029/939/761 2034/945/766 2033/944/765
f 2030/940/762 2028/941/760 2032/946/764
f 2030/940/762 2032/946/764 2034/945/766
f 2032/943/764 2031/942/763 2035/947/767
f 2032/943/764 2035/947/767 2036/948/768
f 2031/942/763 2033/944/765 2037/949/769
f 2031/942/763 2037/949/769 2035/947/767
f 2033/944/765 2034/945/766 2038/950/770
f 2033/944/765 2038/950/770 2037/949/769
f 2034/945/766 2032/946/764 2036/951/768
f 2034/945/766 2036/951/768 2038/950/770
f 2036/948/768 2035/947/767 2039/952/771
f 2036/948/768 2039/952/771 2040/953/772
f 2035/947/767 2037/949/769 2041/954/773
f 2035/947/767 2041/954/773 2039/952/771
f 2037/949/769 2038/950/770 2042/955/774
f 2037/949/769 2042/955/774 2041/954/773
f 2038/950/770 2036/951/768 2040/956/772
f 2038/950/770 2040/956/772 2042/955/774
f 2040/953/772 2039/952/771 2043/957/775
f 2040/953/772 2043/957/775 2044/958/776
f 2039/952/771 2041/954/773 2045/959/777
f 2039/952/771 2045/959/777 2043/957/775
f 2041/954/773 2042/955/774 2046/960/778
f 2041/954/773 2046/960/778 2045/959/777
f 2042/955/774 2040/956/772 2044/961/776
f 2042/955/774 2044/961/776 2046/960/778
f 2044/958/776 2043/957/775 2047/962/779
f 2044/958/776 2047/962/779 2048/963/780
f 2043/957/775 2045/959/777 2049/964/781
f 2043/957/775 2049/964/781 2047/962/779
f 2045/959/777 2046/960/778 2050/965/782
f 2045/959/777 2050/965/782 2049/964/781
f 2046/960/778 2044/961/776 2048/966/780
f 2046/960/778 2048/966/780 2050/965/782
f 2048/963/780 2047/962/779 2051/967/783
f 2048/963/780 2051/967/783 2052/968/784
f 2047/962/779 2049/964/781 2053/969/785
f 2047/962/779 2053/969/785 2051/967/783
f 2049/964/781 2050/965/782 2054/970/786
f 2049/964/781 2054/970/786 2053/969/785
f 2050/965/782 2048/966/780 2052/971/784
f 2050/965/782 2052/971/784 2054/970/786
f 2052/968/784 2051/967/783 2055/972/787
f 2052/968/784 2055/972/787 2056/973/788
f 2051/967/783 2053/969/785 2057/974/789
f 2051/967/783 2057/974/789 2055/972/787
f 2053/969/785 2054/970/786 2058/975/790
f 2053/969/785 2058/975/790 2057/974/789
f 2054/970/786 2052/971/784 2056/976/788
f 2054/970/786 2056/976/788 2058/975/790
f 2056/973/788 2055/972/787 2059/977/791
f 2056/973/788 2059/977/791 2060/978/792
f 2055/972/787 2057/974/789 2061/979/793
f 2055/972/787 2061/979/793 2059/977/791
f 2057/974/789 2058/975/790 2062/980/794
f 2057/974/789 2062/980/794 2061/979/793
f 2058/975/790 2056/976/788 2060/981/792
f 2058/975/790 2060/981/792 2062/980/794
f 2060/978/792 2059/977/791 2063/982/795
f 2060/978/792 2063/982/795 2064/983/796
f 2059/977/791 2061/979/793 2065/984/797
f 2059/977/791 2065/984/797 2063/982/795
f 2061/979/793 2062/980/794 2066/985/798
f 2061/979/793 2066/985/798 2065/984/797
f 2062/980/794 2060/981/792 2064/986/796
f 2062/980/794 2064/986/796 2066/985/798
f 2064/983/796 2063/982/795 2067/987/799
f 2064/983/796 2067/987/799 2068/988/800
f 2063/982/795 2065/984/797 2069/989/801
f 2063/982/795 2069/989/801 2067/987/799
f 2065/984/797 2066/985/798 2070/990/802
f 2065/984/797 2070/990/802 2069/989/801
f 2066/985/798 2064/986/796 2068/991/800
f 2066/985/798 2068/991/800 2070/990/802
f 2068/988/800 2067/987/799 2071/992/803
f 2068/988/800 2071/992/803 2072/993/804
f 2067/987/799 2069/989/801 2073/994/805
f 2067/987/799 2073/994/805 2071/992/803
f 2069/989/801 2070/990/802 2074/995/806
f 2069/989/801 2074/995/806 2073/994/805
f 2070/990/802 2068/991/800 2072/996/804
f 2070/990/802 2072/996/804 2074/995/806
f 2072/993/804 2071/992/803 2075/997/807
f 2072/993/804 2075/997/807 2076/998/808
f 2071/992/803 2073/994/805 2077/999/809
f 2071/992/803 2077/999/809 2075/997/807
f 2073/994/805 2074/995/806 2078/1000/810
f 2073/994/805 2078/1000/810 2077/999/809
f 2074/995/806 2072/996/804 2076/1001/808
f 2074/995/806 2076/1001/808 2078/1000/810
f 2076/998/808 2075/997/807 2079/1002/811
f 2076/998/808 2079/1002/811 2080/1003/812
f 2075/997/807 2077/999/809 2081/1004/813
f 2075/997/807 2081/1004/813 2079/1002/811
f 2077/999/809 2078/1000/810 2082/1005/814
f 2077/999/809 2082/1005/814 2081/1004/813
f 2078/1000/810 2076/1001/808 2080/1006/812
f 2078/1000/810 2080/1006/812 2082/1005/814
f 2080/1003/812 2079/1002/811 2083/1007/815
f 2080/1003/812 2083/1007/815 2084/1008/816
f 2079/1002/811 2081/1004/813 2085/1009/817
f 2079/1002/811 2085/1009/817 2083/1007/815
f 2081/1004/813 2082/1005/814 2086/1010/818
f 2081/1004/813 2086/1010/818 2085/1009/817
f 2082/1005/814 2080/1006/812 2084/1011/816
f 2082/1005/814 2084/1011/816 2086/1010/818
f 2084/1008/816 2083/1007/815 2087/1012/819
f 2084/1008/816 2087/1012/819 2088/1013/820
f 2083/1007/815 2085/1009/817 2089/1014/821
f 2083/1007/815 2089/1014/821 2087/1012/819
f 2085/1009/817 2086/1010/818 2090/1015/822
f 2085/1009/817 2090/1015/822 2089/1014/821
f 2086/1010/818 2084/1011/816 2088/1016/820
f 2086/1010/818 2088/1016/820 2090/1015/822
f 2088/1013/820 2087/1012/819 2091/1017/823
f 2088/1013/820 2091/1017/823 2092/1018/824
f 2087/1012/819 2089/1014/821 2093/1019/825
f 2087/1012/819 2093/1019/825 2091/1017/823
f 2089/1014/821 2090/1015/822 2094/1020/826
f 2089/1014/821 2094/1020/826 2093/1019/825
f 2090/1015/822 2088/1016/820 2092/1021/824
f 2090/1015/822 2092/1021/824 2094/1020/826
f 2092/1018/824 2091/1017/823 2095/1022/827
f 2092/1018/824 2095/1022/827 2096/1023/828
f 2091/1017/823 2093/1019/825 2097/1024/829
f 2091/1017/823 2097/1024/829 2095/1022/827
f 2093/1019/825 2094/1020/826 2098/1025/830
f 2093/1019/825 2098/1025/830 2097/1024/829
f 2094/1020/826 2092/1021/824 2096/1026/828
f 2094/1020/826 2096/1026/828 2098/1025/830
f 2096/1023/828 2095/1022/827 2099/1027/831
f 2096/1023/828 2099/1027/831 2100/1028/832
f 2095/1022/827 2097/1024/829 2101/1029/833
f 2095/1022/827 2101/1029/833 2099/1027/831
f 2097/1024/829 2098/1025/830 2102/1030/834
f 2097/1024/829 2102/1030/834 2101/1029/833
f 2098/1025/830 2096/1026/828 2100/1031/832
f 2098/1025/830 2100/1031/832 2102/1030/834
f 2100/1028/832 2099/1027/831 2103/1032/835
f 2100/1028/832 2103/1032/835 2104/1033/836
f 2099/1027/831 2101/1029/833 2105/1034/837
f 2099/1027/831 2105/1034/837 2103/1032/835
f 2101/1029/833 2102/1030/834 2106/1035/838
f 2101/1029/833 2106/1035/838 2105/1034/837
f 2102/1030/834 2100/1031/832 2104/1036/836
f 2102/1030/834 2104/1036/836 2106/1035/838
f 2104/1033/836 2103/1032/835 2107/1037/839
f 2104/1033/836 2107/1037/839 2108/1038/840
f 2103/1032/835 2105/1034/837 2109/1039/841
f 2103/1032/835 2109/1039/841 2107/1037/839
f 2105/1034/837 2106/1035/838 2110/1040/842
f 2105/1034/837 2110/1040/842 2109/1039/841
f 2106/1035/838 2104/1036/836 2108/1041/840
f 2106/1035/838 2108/1041/840 2110/1040/842
f 2108/1038/840 2107/1037/839 2111/1042/843
f 2108/1038/840 2111/1042/843 2112/1043/844
f 2107/1037/839 2109/1039/841 2113/1044/845
f 2107/1037/839 2113/1044/845 2111/1042/843
f 2109/1039/841 2110/1040/842 2114/1045/846
f 2109/1039/841 2114/1045/846 2113/1044/845
f 2110/1040/842 2108/1041/840 2112/1046/844
f 2110/1040/842 2112/1046/844 2114/1045/846
f 2112/1043/844 2111/1042/843 2115/1047/847
f 2112/1043/844 2115/1047/847 2116/1048/848
f 2111/1042/843 2113/1044/845 2117/1049/849
f 2111/1042/843 2117/1049/849 2115/1047/847
f 2113/1044/845 2114/1045/846 2118/1050/850
f 2113/1044/845 2118/1050/850 2117/1049/849
f 2114/1045/846 2112/1046/844 2116/1051/848
f 2114/1045/846 2116/1051/848 2118/1050/850
f 2116/1048/848 2115/1047/847 2119/1052/851
f 2116/1048/848 2119/1052/851 2120/1053/852
f 2115/1047/847 2117/1049/849 2121/1054/853
f 2115/1047/847 2121/1054/853 2119/1052/851
f 2117/1049/849 2118/1050/850 2122/1055/854
f 2117/1049/849 2122/1055/854 2121/1054/853
f 2118/1050/850 2116/1051/848 2120/1056/852
f 2118/1050/850 2120/1056/852 2122/1055/854
f 2120/1053/852 2119/1052/851 2123/1057/855
f 2120/1053/852 2123/1057/855 2124/1058/856
f 2119/1052/851 2121/1054/853 2125/1059/857
f 2119/1052/851 2125/1059/857 2123/1057/855
f 2121/1054/853 2122/1055/854 2126/1060/858
f 2121/1054/853 2126/1060/858 2125/1059/857
f 2122/1055/854 2120/1056/852 2124/1061/856
f 2122/1055/854 2124/1061/856 2126/1060/858
f 2124/1058/856 2123/1057/855 2127/1062/859
f 2124/1058/856 2127/1062/859 2128/1063/860
f 2123/1057/855 2125/1059/857 2129/1064/861
f 2123/1057/855 2129/1064/861 2127/1062/859
f 2125/1059/857 2126/1060/858 2130/1065/862
f 2125/1059/857 2130/1065/862 2129/1064/861
f 2126/1060/858 2124/1061/856 2128/1066/860
f 2126/1060/858 2128/1066/860 2130/1065/862
f 2128/1063/860 2127/1062/859 2131/1067/863
f 2128/1063/860 2131/1067/863 2132/1068/864
f 2127/1062/859 2129/1064/861 2133/1069/865
f 2127/1062/859 2133/1069/865 2131/1067/863
f 2129/1064/861 2130/1065/862 2134/1070/866
f 2129/1064/861 2134/1070/866 2133/1069/865
f 2130/1065/862 2128/1066/860 2132/1071/864
f 2130/1065/862 2132/1071/864 2134/1070/866
f 2132/1068/864 2131/1067/863 2135/1072/867
f 2132/1068/864 2135/1072/867 2136/1073/868
f 2131/1067/863 2133/1069/865 2137/1074/869
f 2131/1067/863 2137/1074/869 2135/1072/867
f 2133/1069/865 2134/1070/866 2138/1075/870
f 2133/1069/865 2138/1075/870 2137/1074/869
f 2134/1070/866 2132/1071/864 2136/1076/868
f 2134/1070/866 2136/1076/868 2138/1075/870
f 2136/1073/868 2135/1072/867 2139/1077/871
f 2136/1073/868 2139/1077/871 2140/1078/872
f 2135/1072/867 2137/1074/869 2141/1079/873
f 2135/1072/867 2141/1079/873 2139/1077/871
f 2137/1074/869 2138/1075/870 2142/1080/874
f 2137/1074/869 2142/1080/874 2141/1079/873
f 2138/1075/870 2136/1076/868 2140/1081/872
f 2138/1075/870 2140/1081/872 2142/1080/874
f 2140/1078/872 2139/1077/871 2143/1082/875
f 2140/1078/872 2143/1082/875 2144/1083/876
f 2139/1077/871 2141/1079/873 2145/1084/877
f 2139/1077/871 2145/1084/877 2143/1082/875
f 2141/1079/873 2142/1080/874 2146/1085/878
f 2141/1079/873 2146/1085/878 2145/1084/877
f 2142/1080/874 2140/1081/872 2144/1086/876
f 2142/1080/874 2144/1086/876 2146/1085/878
f 2144/1083/876 2143/1082/875 2147/1087/879
f 2144/1083/876 2147/1087/879 2148/1088/880
f 2143/1082/875 2145/1084/877 2149/1089/881
f 2143/1082/875 2149/1089/881 2147/1087/879
f 2145/1084/877 2146/1085/878 2150/1090/882
f 2145/1084/877 2150/1090/882 2149/1089/881
f 2146/1085/878 2144/1086/876 2148/1091/880
f 2146/1085/878 2148/1091/880 2150/1090/882
f 2148/1088/880 2147/1087/879 2151/1092/883
f 2148/1088/880 2151/1092/883 2152/1093/884
f 2147/1087/879 2149/1089/881 2153/1094/885
f 2147/1087/879 2153/1094/885 2151/1092/883
f 2149/1089/881 2150/1090/882 2154/1095/886
f 2149/1089/881 2154/1095/886 2153/1094/885
f 2150/1090/882 2148/1091/880 2152/1096/884
f 2150/1090/882 2152/1096/884 2154/1095/886
f 2152/1093/884 2151/1092/883 2155/1097/887
f 2152/1093/884 2155/1097/887 2156/1098/888
f 2151/1092/883 2153/1094/885 2157/1099/889
f 2151/1092/883 2157/1099/889 2155/1097/887
f 2153/1094/885 2154/1095/886 2158/1100/890
f 2153/1094/885 2158/1100/890 2157/1099/889
f 2154/1095/886 2152/1096/884 2156/1101/888
f 2154/1095/886 2156/1101/888 2158/1100/890
f 2156/1098/888 2155/1097/887 2159/1102/891
f 2156/1098/888 2159/1102/891 2160/1103/892
f 2155/1097/887 2157/1099/889 2161/1104/893
f 2155/1097/887 2161/1104/893 2159/1102/891
f 2157/1099/889 2158/1100/890 2162/1105/894
f 2157/1099/889 2162/1105/894 2161/1104/893
f 2158/1100/890 2156/1101/888 2160/1106/892
f 2158/1100/890 2160/1106/892 2162/1105/894
f 2160/1103/892 2159/1102/891 2163/1107/895
f 2160/1103/892 2163/1107/895 2164/1108/896
f 2159/1102/891 2161/1104/893 2165/1109/897
f 2159/1102/891 2165/1109/897 2163/1107/895
f 2161/1104/893 2162/1105/894 2166/1110/898
f 2161/1104/893 2166/1110/898 2165/1109/897
f 2162/1105/894 2160/1106/892 2164/1111/896
f 2162/1105/894 2164/1111/896 2166/1110/898
f 2164/1108/896 2163/1107/895 2167/1112/899
f 2164/1108/896 2167/1112/899 2168/1113/900
f 2163/1107/895 2165/1109/897 2169/1114/901
f 2163/1107/895 2169/1114/901 2167/1112/899
f 2165/1109/897 2166/1110/898 2170/1115/902
f 2165/1109/897 2170/1115/902 2169/1114/901
f 2166/1110/898 2164/1111/896 2168/1116/900
f 2166/1110/898 2168/1116/900 2170/1115/902
f 2168/1113/900 2167/1112/899 2171/1117/903
f 2168/1113/900 2171/1117/903 2172/1118/904
f 2167/1112/899 2169/1114/901 2173/1119/905
f 2167/1112/899 2173/1119/905 2171/1117/903
f 2169/1114/901 2170/1115/902 2174/1120/906
f 2169/1114/901 2174/1120/906 2173/1119/905
f 2170/1115/902 2168/1116/900 2172/1121/904
f 2170/1115/902 2172/1121/904 2174/1120/906
f 2172/1118/904 2171/1117/903 2175/1122/907
f 2172/1118/904 2175/1122/907 2176/1123/908
f 2171/1117/903 2173/1119/905 2177/1124/909
f 2171/1117/903 2177/1124/909 2175/1122/907
f 2173/1119/905 2174/1120/906 2178/1125/910
f 2173/1119/905 2178/1125/910 2177/1124/909
f 2174/1120/906 2172/1121/904 2176/1126/908
f 2174/1120/906 2176/1126/908 2178/1125/910
f 2176/1123/908 2175/1122/907 2179/1127/911
f 2176/1123/908 2179/1127/911 2180/1128/912
f 2175/1122/907 2177/1124/909 2181/1129/913
f 2175/1122/907 2181/1129/913 2179/1127/911
f 2177/1124/909 2178/1125/910 2182/1130/914
f 2177/1124/909 2182/1130/914 2181/1129/913
f 2178/1125/910 2176/1126/908 2180/1131/912
f 2178/1125/910 2180/1131/912 2182/1130/914
f 2180/1128/912 2179/1127/911 2183/1132/915
f 2180/1128/912 2183/1132/915 2184/1133/916
f 2179/1127/911 2181/1129/913 2185/1134/917
f 2179/1127/911 2185/1134/917 2183/1132/915
f 2181/1129/913 2182/1130/914 2186/1135/918
f 2181/1129/913 2186/1135/918 2185/1134/917
f 2182/1130/914 2180/1131/912 2184/1136/916
f 2182/1130/914 2184/1136/916 2186/1135/918
f 2184/1133/916 2183/1132/915 2187/1137/919
f 2184/1133/916 2187/1137/919 2188/1138/920
f 2183/1132/915 2185/1134/917 2189/1139/921
f 2183/1132/915 2189/1139/921 2187/1137/919
f 2185/1134/917 2186/1135/918 2190/1140/922
f 2185/1134/917 2190/1140/922 2189/1139/921
f 2186/1135/918 2184/1136/916 2188/1141/920
f 2186/1135/918 2188/1141/920 2190/1140/922
f 2188/1138/920 2187/1137/919 2191/1142/923
f 2188/1138/920 2191/1142/923 2192/685/924
f 2187/1137/919 2189/1139/921 2193/1143/925
f 2187/1137/919 2193/1143/925 2191/1142/923
f 2189/1139/921 2190/1140/922 2194/1144/926
f 2189/1139/921 2194/1144/926 2193/1143/925
f 2190/1140/922 2188/1141/920 2192/686/924
f 2190/1140/922 2192/686/924 2194/1144/926
f 2195/688/61 2196/904/713 2197/1145/927
f 2195/688/61 2197/1145/927 2198/1146/928
f 2196/904/713 2199/907/62 2200/1147/929
f 2196/904/713 2200/1147/929 2197/1145/927
f 2199/907/62 2201/909/717 2202/1148/930
f 2199/907/62 2202/1148/930 2200/1147/929
f 2201/909/717 2195/687/61 2198/1149/928
f 2201/909/717 2198/1149/928 2202/1148/930
f 2198/1146/928 2197/1145/927 2203/1150/931
f 2198/1146/928 2203/1150/931 2204/1151/932
f 2197/1145/927 2200/1147/929 2205/1152/933
f 2197/1145/927 2205/1152/933 2203/1150/931
f 2200/1147/929 2202/1148/930 2206/1153/934
f 2200/1147/929 2206/1153/934 2205/1152/933
f 2202/1148/930 2198/1149/928 2204/1154/932
f 2202/1148/930 2204/1154/932 2206/1153/934
f 2204/1151/932 2203/1150/931 2207/1155/935
f 2204/1151/932 2207/1155/935 2208/1156/936
f 2203/1150/931 2205/1152/933 2209/1157/937
f 2203/1150/931 2209/1157/937 2207/1155/935
f 2205/1152/933 2206/1153/934 2210/1158/938
f 2205/1152/933 2210/1158/938 2209/1157/937
f 2206/1153/934 2204/1154/932 2208/1159/936
f 2206/1153/934 2208/1159/936 2210/1158/938
f 2208/1156/936 2207/1155/935 2211/922/939
f 2208/1156/936 2211/922/939 2212/923/940
f 2207/1155/935 2209/1157/937 2213/924/941
f 2207/1155/935 2213/924/941 2211/922/939
f 2209/1157/937 2210/1158/938 2214/925/942
f 2209/1157/937 2214/925/942 2213/924/941
f 2210/1158/938 2208/1159/936 2212/926/940
f 2210/1158/938 2212/926/940 2214/925/942
f 2212/923/940 2211/922/939 2215/1160/943
f 2212/923/940 2215/1160/943 2216/1161/944
f 2211/922/939 2213/924/941 2217/1162/945
f 2211/922/939 2217/1162/945 2215/1160/943
f 2213/924/941 2214/925/942 2218/1163/946
f 2213/924/941 2218/1163/946 2217/1162/945
f 2214/925/942 2212/926/940 2216/1164/944
f 2214/925/942 2216/1164/944 2218/1163/946
f 2216/1161/944 2215/1160/943 2219/1165/947
f 2216/1161/944 2219/1165/947 2220/1166/948
f 2215/1160/943 2217/1162/945 2221/1167/949
f 2215/1160/943 2221/1167/949 2219/1165/947
f 2217/1162/945 2218/1163/946 2222/1168/950
f 2217/1162/945 2222/1168/950 2221/1167/949
f 2218/1163/946 2216/1164/944 2220/1169/948
f 2218/1163/946 2220/1169/948 2222/1168/950
f 2220/1166/948 2219/1165/947 2223/1170/951
f 2220/1166/948 2223/1170/951 2224/1171/952
f 2219/1165/947 2221/1167/949 2225/1172/953
f 2219/1165/947 2225/1172/953 2223/1170/951
f 2221/1167/949 2222/1168/950 2226/1173/954
f 2221/1167/949 2226/1173/954 2225/1172/953
f 2222/1168/950 2220/1169/948 2224/1174/952
f 2222/1168/950 2224/1174/952 2226/1173/954
f 2224/1171/952 2223/1170/951 2227/1175/955
f 2224/1171/952 2227/1175/955 2228/1176/956
f 2223/1170/951 2225/1172/953 2229/1177/957
f 2223/1170/951 2229/1177/957 2227/1175/955
f 2225/1172/953 2226/1173/954 2230/1178/958
f 2225/1172/953 2230/1178/958 2229/1177/957
f 2226/1173/954 2224/1174/952 2228/1179/956
f 2226/1173/954 2228/1179/956 2230/1178/958
f 2228/1176/956 2227/1175/955 2231/1180/959
f 2228/1176/956 2231/1180/959 2232/1181/960
f 2227/1175/955 2229/1177/957 2233/1182/961
f 2227/1175/955 2233/1182/961 2231/1180/959
f 2229/1177/957 2230/1178/958 2234/1183/962
f 2229/1177/957 2234/1183/962 2233/1182/961
f 2230/1178/958 2228/1179/956 2232/1184/960
f 2230/1178/958 2232/1184/960 2234/1183/962
f 2232/1181/960 2231/1180/959 2235/1185/963
f 2232/1181/960 2235/1185/963 2236/1186/964
f 2231/1180/959 2233/1182/961 2237/1187/965
f 2231/1180/959 2237/1187/965 2235/1185/963
f 2233/1182/961 2234/1183/962 2238/1188/966
f 2233/1182/961 2238/1188/966 2237/1187/965
f 2234/1183/962 2232/1184/960 2236/1189/964
f 2234/1183/962 2236/1189/964 2238/1188/966
f 2236/1186/964 2235/1185/963 2239/1190/967
f 2236/1186/964 2239/1190/967 2240/1191/968
f 2235/1185/963 2237/1187/965 2241/1192/969
f 2235/1185/963 2241/1192/969 2239/1190/967
f 2237/1187/965 2238/1188/966 2242/1193/970
f 2237/1187/965 2242/1193/970 2241/1192/969
f 2238/1188/966 2236/1189/964 2240/1194/968
f 2238/1188/966 2240/1194/968 2242/1193/970
f 2240/1191/968 2239/1190/967 2243/1195/971
f 2240/1191/968 2243/1195/971 2244/1196/972
f 2239/1190/967 2241/1192/969 2245/1197/973
f 2239/1190/967 2245/1197/973 2243/1195/971
f 2241/1192/969 2242/1193/970 2246/1198/974
f 2241/1192/969 2246/1198/974 2245/1197/973
f 2242/1193/970 2240/1194/968 2244/1199/972
f 2242/1193/970 2244/1199/972 2246/1198/974
f 2244/1196/972 2243/1195/971 2247/1200/975
f 2244/1196/972 2247/1200/975 2248/1201/976
f 2243/1195/971 2245/1197/973 2249/1202/977
f 2243/1195/971 2249/1202/977 2247/1200/975
f 2245/1197/973 2246/1198/974 2250/1203/978
f 2245/1197/973 2250/1203/978 2249/1202/977
f 2246/1198/974 2244/1199/972 2248/1204/976
f 2246/1198/974 2248/1204/976 2250/1203/978
f 2248/1201/976 2247/1200/975 2251/1205/979
f 2248/1201/976 2251/1205/979 2252/1206/980
f 2247/1200/975 2249/1202/977 2253/1207/981
f 2247/1200/975 2253/1207/981 2251/1205/979
f 2249/1202/977 2250/1203/978 2254/1208/982
f 2249/1202/977 2254/1208/982 2253/1207/981
f 2250/1203/978 2248/1204/976 2252/1209/980
f 2250/1203/978 2252/1209/980 2254/1208/982
f 2252/1206/980 2251/1205/979 2255/1210/983
f 2252/1206/980 2255/1210/983 2256/1211/984
f 2251/1205/979 2253/1207/981 2257/1212/985
f 2251/1205/979 2257/1212/985 2255/1210/983
f 2253/1207/981 2254/1208/982 2258/1213/986
f 2253/1207/981 2258/1213/986 2257/1212/985
f 2254/1208/982 2252/1209/980 2256/1214/984
f 2254/1208/982 2256/1214/984 2258/1213/986
f 2256/1211/984 2255/1210/983 2259/1215/987
f 2256/1211/984 2259/1215/987 2260/1216/988
f 2255/1210/983 2257/1212/985 2261/1217/989
f 2255/1210/983 2261/1217/989 2259/1215/987
f 2257/1212/985 2258/1213/986 2262/1218/990
f 2257/1212/985 2262/1218/990 2261/1217/989
f 2258/1213/986 2256/1214/984 2260/1219/988
f 2258/1213/986 2260/1219/988 2262/1218/990
f 2260/1216/988 2259/1215/987 2263/1220/991
f 2260/1216/988 2263/1220/991 2264/1221/992
f 2259/1215/987 2261/1217/989 2265/1222/993
f 2259/1215/987 2265/1222/993 2263/1220/991
f 2261/1217/989 2262/1218/990 2266/1223/994
f 2261/1217/989 2266/1223/994 2265/1222/993
f 2262/1218/990 2260/1219/988 2264/1224/992
f 2262/1218/990 2264/1224/992 2266/1223/994
f 2264/1221/992 2263/1220/991 2267/1225/995
f 2264/1221/992 2267/1225/995 2268/1226/996
f 2263/1220/991 2265/1222/993 2269/1227/997
f 2263/1220/991 2269/1227/997 2267/1225/995
f 2265/1222/993 2266/1223/994 2270/1228/998
f 2265/1222/993 2270/1228/998 2269/1227/997
f 2266/1223/994 2264/1224/992 2268/1229/996
f 2266/1223/994 2268/1229/996 2270/1228/998
f 2268/1226/996 2267/1225/995 2271/1230/999
f 2268/1226/996 2271/1230/999 2272/1231/1000
f 2267/1225/995 2269/1227/997 2273/1232/1001
f 2267/1225/995 2273/1232/1001 2271/1230/999
f 2269/1227/997 2270/1228/998 2274/1233/1002
f 2269/1227/997 2274/1233/1002 2273/1232/1001
f 2270/1228/998 2268/1229/996 2272/1234/1000
f 2270/1228/998 2272/1234/1000 2274/1233/1002
f 2272/1231/1000 2271/1230/999 2275/1235/1003
f 2272/1231/1000 2275/1235/1003 2276/1236/1004
f 2271/1230/999 2273/1232/1001 2277/1237/1005
f 2271/1230/999 2277/1237/1005 2275/1235/1003
f 2273/1232/1001 2274/1233/1002 2278/1238/1006
f 2273/1232/1001 2278/1238/1006 2277/1237/1005
f 2274/1233/1002 2272/1234/1000 2276/1239/1004
f 2274/1233/1002 2276/1239/1004 2278/1238/1006
f 2276/1236/1004 2275/1235/1003 2279/1240/1007
f 2276/1236/1004 2279/1240/1007 2280/1241/1008
f 2275/1235/1003 2277/1237/1005 2281/1242/1009
f 2275/1235/1003 2281/1242/1009 2279/1240/1007
f 2277/1237/1005 2278/1238/1006 2282/1243/1010
f 2277/1237/1005 2282/1243/1010 2281/1242/1009
f 2278/1238/1006 2276/1239/1004 2280/1244/1008
f 2278/1238/1006 2280/1244/1008 2282/1243/1010
f 2280/1241/1008 2279/1240/1007 2283/1245/1011
f 2280/1241/1008 2283/1245/1011 2284/1246/1012
f 2279/1240/1007 2281/1242/1009 2285/1247/1013
f 2279/1240/1007 2285/1247/1013 2283/1245/1011
f 2281/1242/1009 2282/1243/1010 2286/1248/1014
f 2281/1242/1009 2286/1248/1014 2285/1247/1013
f 2282/1243/1010 2280/1244/1008 2284/1249/1012
f 2282/1243/1010 2284/1249/1012 2286/1248/1014
f 2284/1246/1012 2283/1245/1011 2287/1250/1015
f 2284/1246/1012 2287/1250/1015 2288/1251/1016
f 2283/1245/1011 2285/1247/1013 2289/1252/1017
f 2283/1245/1011 2289/1252/1017 2287/1250/1015
f 2285/1247/1013 2286/1248/1014 2290/1253/1018
f 2285/1247/1013 2290/1253/1018 2289/1252/1017
f 2286/1248/1014 2284/1249/1012 2288/1254/1016
f 2286/1248/1014 2288/1254/1016 2290/1253/1018
f 2288/1251/1016 2287/1250/1015 2291/1022/1019
f 2288/1251/1016 2291/1022/1019 2292/1023/1020
f 2287/1250/1015 2289/1252/1017 2293/1024/1021
f 2287/1250/1015 2293/1024/1021 2291/1022/1019
f 2289/1252/1017 2290/1253/1018 2294/1025/1022
f 2289/1252/1017 2294/1025/1022 2293/1024/1021
f 2290/1253/1018 2288/1254/1016 2292/1026/1020
f 2290/1253/1018 2292/1026/1020 2294/1025/1022
f 2292/1023/1020 2291/1022/1019 2295/1255/1023
f 2292/1023/1020 2295/1255/1023 2296/1256/1024
f 2291/1022/1019 2293/1024/1021 2297/1257/1025
f 2291/1022/1019 2297/1257/1025 2295/1255/1023
f 2293/1024/1021 2294/1025/1022 2298/1258/1026
f 2293/1024/1021 2298/1258/1026 2297/1257/1025
f 2294/1025/1022 2292/1026/1020 2296/1259/1024
f 2294/1025/1022 2296/1259/1024 2298/1258/1026
f 2296/1256/1024 2295/1255/1023 2299/1260/1027
f 2296/1256/1024 2299/1260/1027 2300/1261/1028
f 2295/1255/1023 2297/1257/1025 2301/1262/1029
f 2295/1255/1023 2301/1262/1029 2299/1260/1027
f 2297/1257/1025 2298/1258/1026 2302/1263/1030
f 2297/1257/1025 2302/1263/1030 2301/1262/1029
f 2298/1258/1026 2296/1259/1024 2300/1264/1028
f 2298/1258/1026 2300/1264/1028 2302/1263/1030
f 2300/1261/1028 2299/1260/1027 2303/1265/1031
f 2300/1261/1028 2303/1265/1031 2304/1266/1032
f 2299/1260/1027 2301/1262/1029 2305/1267/1033
f 2299/1260/1027 2305/1267/1033 2303/1265/1031
f 2301/1262/1029 2302/1263/1030 2306/1268/1034
f 2301/1262/1029 2306/1268/1034 2305/1267/1033
f 2302/1263/1030 2300/1264/1028 2304/1269/1032
f 2302/1263/1030 2304/1269/1032 2306/1268/1034
f 2304/1266/1032 2303/1265/1031 2307/1270/1035
f 2304/1266/1032 2307/1270/1035 2308/1271/1036
f 2303/1265/1031 2305/1267/1033 2309/1272/1037
f 2303/1265/1031 2309/1272/1037 2307/1270/1035
f 2305/1267/1033 2306/1268/1034 2310/1273/1038
f 2305/1267/1033 2310/1273/1038 2309/1272/1037
f 2306/1268/1034 2304/1269/1032 2308/1274/1036
f 2306/1268/1034 2308/1274/1036 2310/1273/1038
f 2308/1271/1036 2307/1270/1035 2311/1275/1039
f 2308/1271/1036 2311/1275/1039 2312/1276/1040
f 2307/1270/1035 2309/1272/1037 2313/1277/1041
f 2307/1270/1035 2313/1277/1041 2311/1275/1039
f 2309/1272/1037 2310/1273/1038 2314/1278/1042
f 2309/1272/1037 2314/1278/1042 2313/1277/1041
f 2310/1273/1038 2308/1274/1036 2312/1279/1040
f 2310/1273/1038 2312/1279/1040 2314/1278/1042
f 2312/1276/1040 2311/1275/1039 2315/1280/1043
f 2312/1276/1040 2315/1280/1043 2316/1281/1044
f 2311/1275/1039 2313/1277/1041 2317/1282/1045
f 2311/1275/1039 2317/1282/1045 2315/1280/1043
f 2313/1277/1041 2314/1278/1042 2318/1283/1046
f 2313/1277/1041 2318/1283/1046 2317/1282/1045
f 2314/1278/1042 2312/1279/1040 2316/1284/1044
f 2314/1278/1042 2316/1284/1044 2318/1283/1046
f 2316/1281/1044 2315/1280/1043 2319/1285/1047
f 2316/1281/1044 2319/1285/1047 2320/1286/1048
f 2315/1280/1043 2317/1282/1045 2321/1287/1049
f 2315/1280/1043 2321/1287/1049 2319/1285/1047
f 2317/1282/1045 2318/1283/1046 2322/1288/1050
f 2317/1282/1045 2322/1288/1050 2321/1287/1049
f 2318/1283/1046 2316/1284/1044 2320/1289/1048
f 2318/1283/1046 2320/1289/1048 2322/1288/1050
f 2320/1286/1048 2319/1285/1047 2323/1290/1051
f 2320/1286/1048 2323/1290/1051 2324/1291/1052
f 2319/1285/1047 2321/1287/1049 2325/1292/1053
f 2319/1285/1047 2325/1292/1053 2323/1290/1051
f 2321/1287/1049 2322/1288/1050 2326/1293/1054
f 2321/1287/1049 2326/1293/1054 2325/1292/1053
f 2322/1288/1050 2320/1289/1048 2324/1294/1052
f 2322/1288/1050 2324/1294/1052 2326/1293/1054
f 2324/1291/1052 2323/1290/1051 2327/1295/1055
f 2324/1291/1052 2327/1295/1055 2328/1296/1056
f 2323/1290/1051 2325/1292/1053 2329/1297/1057
f 2323/1290/1051 2329/1297/1057 2327/1295/1055
f 2325/1292/1053 2326/1293/1054 2330/1298/1058
f 2325/1292/1053 2330/1298/1058 2329/1297/1057
f 2326/1293/1054 2324/1294/1052 2328/1299/1056
f 2326/1293/1054 2328/1299/1056 2330/1298/1058
f 2328/1296/1056 2327/1295/1055 2331/1300/1059
f 2328/1296/1056 2331/1300/1059 2332/1301/1060
f 2327/1295/1055 2329/1297/1057 2333/1302/1061
f 2327/1295/1055 2333/1302/1061 2331/1300/1059
f 2329/1297/1057 2330/1298/1058 2334/1303/1062
f 2329/1297/1057 2334/1303/1062 2333/1302/1061
f 2330/1298/1058 2328/1299/1056 2332/1304/1060
f 2330/1298/1058 2332/1304/1060 2334/1303/1062
f 2332/1301/1060 2331/1300/1059 2335/1305/1063
f 2332/1301/1060 2335/1305/1063 2336/1306/1064
f 2331/1300/1059 2333/1302/1061 2337/1307/1065
f 2331/1300/1059 2337/1307/1065 2335/1305/1063
f 2333/1302/1061 2334/1303/1062 2338/1308/1066
f 2333/1302/1061 2338/1308/1066 2337/1307/1065
f 2334/1303/1062 2332/1304/1060 2336/1309/1064
f 2334/1303/1062 2336/1309/1064 2338/1308/1066
f 2336/1306/1064 2335/1305/1063 2339/1310/1067
f 2336/1306/1064 2339/1310/1067 2340/1311/1068
f 2335/1305/1063 2337/1307/1065 2341/1312/1069
f 2335/1305/1063 2341/1312/1069 2339/1310/1067
f 2337/1307/1065 2338/1308/1066 2342/1313/1070
f 2337/1307/1065 2342/1313/1070 2341/1312/1069
f 2338/1308/1066 2336/1309/1064 2340/1314/1068
f 2338/1308/1066 2340/1314/1068 2342/1313/1070
f 2340/1311/1068 2339/1310/1067 2343/1315/1071
f 2340/1311/1068 2343/1315/1071 2344/1316/1072
f 2339/1310/1067 2341/1312/1069 2345/1317/1073
f 2339/1310/1067 2345/1317/1073 2343/1315/1071
f 2341/1312/1069 2342/1313/1070 2346/1318/1074
f 2341/1312/1069 2346/1318/1074 2345/1317/1073
f 2342/1313/1070 2340/1314/1068 2344/1319/1072
f 2342/1313/1070 2344/1319/1072 2346/1318/1074
f 2344/1316/1072 2343/1315/1071 2347/1320/1075
f 2344/1316/1072 2347/1320/1075 2348/1321/1076
f 2343/1315/1071 2345/1317/1073 2349/1322/1077
f 2343/1315/1071 2349/1322/1077 2347/1320/1075
f 2345/1317/1073 2346/1318/1074 2350/1323/1078
f 2345/1317/1073 2350/1323/1078 2349/1322/1077
f 2346/1318/1074 2344/1319/1072 2348/1324/1076
f 2346/1318/1074 2348/1324/1076 2350/1323/1078
f 2348/1321/1076 2347/1320/1075 2351/1325/1079
f 2348/1321/1076 2351/1325/1079 2352/1326/1080
f 2347/1320/1075 2349/1322/1077 2353/1327/1081
f 2347/1320/1075 2353/1327/1081 2351/1325/1079
f 2349/1322/1077 2350/1323/1078 2354/1328/1082
f 2349/1322/1077 2354/1328/1082 2353/1327/1081
f 2350/1323/1078 2348/1324/1076 2352/1329/1080
f 2350/1323/1078 2352/1329/1080 2354/1328/1082
f 2352/1326/1080 2351/1325/1079 2355/1330/1083
f 2352/1326/1080 2355/1330/1083 2356/1331/1084
f 2351/1325/1079 2353/1327/1081 2357/1332/1085
f 2351/1325/1079 2357/1332/1085 2355/1330/1083
f 2353/1327/1081 2354/1328/1082 2358/1333/1086
f 2353/1327/1081 2358/1333/1086 2357/1332/1085
f 2354/1328/1082 2352/1329/1080 2356/1334/1084
f 2354/1328/1082 2356/1334/1084 2358/1333/1086
f 2356/1331/1084 2355/1330/1083 2359/1335/1087
f 2356/1331/1084 2359/1335/1087 2360/1336/1088
f 2355/1330/1083 2357/1332/1085 2361/1337/1089
f 2355/1330/1083 2361/1337/1089 2359/1335/1087
f 2357/1332/1085 2358/1333/1086 2362/1338/1090
f 2357/1332/1085 2362/1338/1090 2361/1337/1089
f 2358/1333/1086 2356/1334/1084 2360/1339/1088
f 2358/1333/1086 2360/1339/1088 2362/1338/1090
f 2360/1336/1088 2359/1335/1087 2363/1340/1091
f 2360/1336/1088 2363/1340/1091 2364/1341/1092
f 2359/1335/1087 2361/1337/1089 2365/1342/1093
f 2359/1335/1087 2365/1342/1093 2363/1340/1091
f 2361/1337/1089 2362/1338/1090 2366/1343/1094
f 2361/1337/1089 2366/1343/1094 2365/1342/1093
f 2362/1338/1090 2360/1339/1088 2364/1344/1092
f 2362/1338/1090 2364/1344/1092 2366/1343/1094
f 2364/1341/1092 2363/1340/1091 2367/1345/1095
f 2364/1341/1092 2367/1345/1095 2368/1346/1096
f 2363/1340/1091 2365/1342/1093 2369/1347/1097
f 2363/1340/1091 2369/1347/1097 2367/1345/1095
f 2365/1342/1093 2366/1343/1094 2370/1348/1098
f 2365/1342/1093 2370/1348/1098 2369/1347/1097
f 2366/1343/1094 2364/1344/1092 2368/1349/1096
f 2366/1343/1094 2368/1349/1096 2370/1348/1098
f 2368/1346/1096 2367/1345/1095 2371/1122/1099
f 2368/1346/1096 2371/1122/1099 2372/1123/1100
f 2367/1345/1095 2369/1347/1097 2373/1124/1101
f 2367/1345/1095 2373/1124/1101 2371/1122/1099
f 2369/1347/1097 2370/1348/1098 2374/1125/1102
f 2369/1347/1097 2374/1125/1102 2373/1124/1101
f 2370/1348/1098 2368/1349/1096 2372/1126/1100
f 2370/1348/1098 2372/1126/1100 2374/1125/1102
f 2372/1123/1100 2371/1122/1099 2375/1350/1103
f 2372/1123/1100 2375/1350/1103 2376/1351/1104
f 2371/1122/1099 2373/1124/1101 2377/1352/1105
f 2371/1122/1099 2377/1352/1105 2375/1350/1103
f 2373/1124/1101 2374/1125/1102 2378/1353/1106
f 2373/1124/1101 2378/1353/1106 2377/1352/1105
f 2374/1125/1102 2372/1126/1100 2376/1354/1104
f 2374/1125/1102 2376/1354/1104 2378/1353/1106
f 2376/1351/1104 2375/1350/1103 2379/1355/1107
f 2376/1351/1104 2379/1355/1107 2380/1356/1108
f 2375/1350/1103 2377/1352/1105 2381/1357/1109
f 2375/1350/1103 2381/1357/1109 2379/1355/1107
f 2377/1352/1105 2378/1353/1106 2382/1358/1110
f 2377/1352/1105 2382/1358/1110 2381/1357/1109
f 2378/1353/1106 2376/1354/1104 2380/1359/1108
f 2378/1353/1106 2380/1359/1108 2382/1358/1110
f 2380/1356/1108 2379/1355/1107 2383/1360/1111
f 2380/1356/1108 2383/1360/1111 2384/1361/1112
f 2379/1355/1107 2381/1357/1109 2385/1362/1113
f 2379/1355/1107 2385/1362/1113 2383/1360/1111
f 2381/1357/1109 2382/1358/1110 2386/1363/1114
f 2381/1357/1109 2386/1363/1114 2385/1362/1113
f 2382/1358/1110 2380/1359/1108 2384/1364/1112
f 2382/1358/1110 2384/1364/1112 2386/1363/1114
f 2384/1361/1112 2383/1360/1111 2387/1142/1115
f 2384/1361/1112 2387/1142/1115 2388/685/1116
f 2383/1360/1111 2385/1362/1113 2389/1143/1117
f 2383/1360/1111 2389/1143/1117 2387/1142/1115
f 2385/1362/1113 2386/1363/1114 2390/1144/1118
f 2385/1362/1113 2390/1144/1118 2389/1143/1117
f 2386/1363/1114 2384/1364/1112 2388/686/1116
f 2386/1363/1114 2388/686/1116 2390/1144/1118
f 2391/688/61 2392/904/713 2393/1365/1119
f 2391/688/61 2393/1365/1119 2394/1366/1120
f 2392/904/713 2395/907/62 2396/1367/1121
f 2392/904/713 2396/1367/1121 2393/1365/1119
f 2395/907/62 2397/909/717 2398/1368/1122
f 2395/907/62 2398/1368/1122 2396/1367/1121
f 2397/909/717 2391/687/61 2394/1369/1120
f 2397/909/717 2394/1369/1120 2398/1368/1122
f 2394/1366/1120 2393/1365/1119 2399/1370/1123
f 2394/1366/1120 2399/1370/1123 2400/1371/1124
f 2393/1365/1119 2396/1367/1121 2401/1372/1125
f 2393/1365/1119 2401/1372/1125 2399/1370/1123
f 2396/1367/1121 2398/1368/1122 2402/1373/1126
f 2396/1367/1121 2402/1373/1126 2401/1372/1125
f 2398/1368/1122 2394/1369/1120 2400/1374/1124
f 2398/1368/1122 2400/1374/1124 2402/1373/1126
f 2400/1371/1124 2399/1370/1123 2403/1375/1127
f 2400/1371/1124 2403/1375/1127 2404/1376/1128
f 2399/1370/1123 2401/1372/1125 2405/1377/1129
f 2399/1370/1123 2405/1377/1129 2403/1375/1127
f 2401/1372/1125 2402/1373/1126 2406/1378/1130
f 2401/1372/1125 2406/1378/1130 2405/1377/1129
f 2402/1373/1126 2400/1374/1124 2404/1379/1128
f 2402/1373/1126 2404/1379/1128 2406/1378/1130
f 2404/1376/1128 2403/1375/1127 2407/922/1131
f 2404/1376/1128 2407/922/1131 2408/923/1132
f 2403/1375/1127 2405/1377/1129 2409/924/1133
f 2403/1375/1127 2409/924/1133 2407/922/1131
f 2405/1377/1129 2406/1378/1130 2410/925/1134
f 2405/1377/1129 2410/925/1134 2409/924/1133
f 2406/1378/1130 2404/1379/1128 2408/926/1132
f 2406/1378/1130 2408/926/1132 2410/925/1134
f 2408/923/1132 2407/922/1131 2411/1380/1135
f 2408/923/1132 2411/1380/1135 2412/1381/1136
f 2407/922/1131 2409/924/1133 2413/1382/1137
f 2407/922/1131 2413/1382/1137 2411/1380/1135
f 2409/924/1133 2410/925/1134 2414/1383/1138
f 2409/924/1133 2414/1383/1138 2413/1382/1137
f 2410/925/1134 2408/926/1132 2412/1384/1136
f 2410/925/1134 2412/1384/1136 2414/1383/1138
f 2412/1381/1136 2411/1380/1135 2415/1385/1139
f 2412/1381/1136 2415/1385/1139 2416/1386/1140
f 2411/1380/1135 2413/1382/1137 2417/1387/1141
f 2411/1380/1135 2417/1387/1141 2415/1385/1139
f 2413/1382/1137 2414/1383/1138 2418/1388/1142
f 2413/1382/1137 2418/1388/1142 2417/1387/1141
f 2414/1383/1138 2412/1384/1136 2416/1389/1140
f 2414/1383/1138 2416/1389/1140 2418/1388/1142
f 2416/1386/1140 2415/1385/1139 2419/1390/1143
f 2416/1386/1140 2419/1390/1143 2420/1391/1144
f 2415/1385/1139 2417/1387/1141 2421/1392/1145
f 2415/1385/1139 2421/1392/1145 2419/1390/1143
f 2417/1387/1141 2418/1388/1142 2422/1393/1146
f 2417/1387/1141 2422/1393/1146 2421/1392/1145
f 2418/1388/1142 2416/1389/1140 2420/1394/1144
f 2418/1388/1142 2420/1394/1144 2422/1393/1146
f 2420/1391/1144 2419/1390/1143 2423/942/1147
f 2420/1391/1144 2423/942/1147 2424/943/1148
f 2419/1390/1143 2421/1392/1145 2425/944/1149
f 2419/1390/1143 2425/944/1149 2423/942/1147
f 2421/1392/1145 2422/1393/1146 2426/945/1150
f 2421/1392/1145 2426/945/1150 2425/944/1149
f 2422/1393/1146 2420/1394/1144 2424/946/1148
f 2422/1393/1146 2424/946/1148 2426/945/1150
f 2424/943/1148 2423/942/1147 2427/1395/1151
f 2424/943/1148 2427/1395/1151 2428/1396/1152
f 2423/942/1147 2425/944/1149 2429/1397/1153
f 2423/942/1147 2429/1397/1153 2427/1395/1151
f 2425/944/1149 2426/945/1150 2430/1398/1154
f 2425/944/1149 2430/1398/1154 2429/1397/1153
f 2426/945/1150 2424/946/1148 2428/1399/1152
f 2426/945/1150 2428/1399/1152 2430/1398/1154
f 2428/1396/1152 2427/1395/1151 2431/1400/1155
f 2428/1396/1152 2431/1400/1155 2432/1401/1156
f 2427/1395/1151 2429/1397/1153 2433/1402/1157
f 2427/1395/1151 2433/1402/1157 2431/1400/1155
f 2429/1397/1153 2430/1398/1154 2434/1403/1158
f 2429/1397/1153 2434/1403/1158 2433/1402/1157
f 2430/1398/1154 2428/1399/1152 2432/1404/1156
f 2430/1398/1154 2432/1404/1156 2434/1403/1158
f 2432/1401/1156 2431/1400/1155 2435/1405/1159
f 2432/1401/1156 2435/1405/1159 2436/1406/1160
f 2431/1400/1155 2433/1402/1157 2437/1407/1161
f 2431/1400/1155 2437/1407/1161 2435/1405/1159
f 2433/1402/1157 2434/1403/1158 2438/1408/1162
f 2433/1402/1157 2438/1408/1162 2437/1407/1161
f 2434/1403/1158 2432/1404/1156 2436/1409/1160
f 2434/1403/1158 2436/1409/1160 2438/1408/1162
f 2436/1406/1160 2435/1405/1159 2439/962/1163
f 2436/1406/1160 2439/962/1163 2440/963/1164
f 2435/1405/1159 2437/1407/1161 2441/964/1165
f 2435/1405/1159 2441/964/1165 2439/962/1163
f 2437/1407/1161 2438/1408/1162 2442/965/1166
f 2437/1407/1161 2442/965/1166 2441/964/1165
f 2438/1408/1162 2436/1409/1160 2440/966/1164
f 2438/1408/1162 2440/966/1164 2442/965/1166
f 2440/963/1164 2439/962/1163 2443/1410/1167
f 2440/963/1164 2443/1410/1167 2444/1411/1168
f 2439/962/1163 2441/964/1165 2445/1412/1169
f 2439/962/1163 2445/1412/1169 2443/1410/1167
f 2441/964/1165 2442/965/1166 2446/1413/1170
f 2441/964/1165 2446/1413/1170 2445/1412/1169
f 2442/965/1166 2440/966/1164 2444/1414/1168
f 2442/965/1166 2444/1414/1168 2446/1413/1170
f 2444/1411/1168 2443/1410/1167 2447/1415/1171
f 2444/1411/1168 2447/1415/1171 2448/1416/1172
f 2443/1410/1167 2445/1412/1169 2449/1417/1173
f 2443/1410/1167 2449/1417/1173 2447/1415/1171
f 2445/1412/1169 2446/1413/1170 2450/1418/1174
f 2445/1412/1169 2450/1418/1174 2449/1417/1173
f 2446/1413/1170 2444/1414/1168 2448/1419/1172
f 2446/1413/1170 2448/1419/1172 2450/1418/1174
f 2448/1416/1172 2447/1415/1171 2451/1210/1175
f 2448/1416/1172 2451/1210/1175 2452/1211/1176
f 2447/1415/1171 2449/1417/1173 2453/1212/1177
f 2447/1415/1171 2453/1212/1177 2451/1210/1175
f 2449/1417/1173 2450/1418/1174 2454/1213/1178
f 2449/1417/1173 2454/1213/1178 2453/1212/1177
f 2450/1418/1174 2448/1419/1172 2452/1214/1176
f 2450/1418/1174 2452/1214/1176 2454/1213/1178
f 2452/1211/1176 2451/1210/1175 2455/982/1179
f 2452/1211/1176 2455/982/1179 2456/983/1180
f 2451/1210/1175 2453/1212/1177 2457/984/1181
f 2451/1210/1175 2457/984/1181 2455/982/1179
f 2453/1212/1177 2454/1213/1178 2458/985/1182
f 2453/1212/1177 2458/985/1182 2457/984/1181
f 2454/1213/1178 2452/1214/1176 2456/986/1180
f 2454/1213/1178 2456/986/1180 2458/985/1182
f 2456/983/1180 2455/982/1179 2459/1420/1183
f 2456/983/1180 2459/1420/1183 2460/1421/1184
f 2455/982/1179 2457/984/1181 2461/1422/1185
f 2455/982/1179 2461/1422/1185 2459/1420/1183
f 2457/984/1181 2458/985/1182 2462/1423/1186
f 2457/984/1181 2462/1423/1186 2461/1422/1185
f 2458/985/1182 2456/986/1180 2460/1424/1184
f 2458/985/1182 2460/1424/1184 2462/1423/1186
f 2460/1421/1184 2459/1420/1183 2463/1425/1187
f 2460/1421/1184 2463/1425/1187 2464/1426/1188
f 2459/1420/1183 2461/1422/1185 2465/1427/1189
f 2459/1420/1183 2465/1427/1189 2463/1425/1187
f 2461/1422/1185 2462/1423/1186 2466/1428/1190
f 2461/1422/1185 2466/1428/1190 2465/1427/1189
f 2462/1423/1186 2460/1424/1184 2464/1429/1188
f 2462/1423/1186 2464/1429/1188 2466/1428/1190
f 2464/1426/1188 2463/1425/1187 2467/1430/1191
f 2464/1426/1188 2467/1430/1191 2468/1431/1192
f 2463/1425/1187 2465/1427/1189 2469/1432/1193
f 2463/1425/1187 2469/1432/1193 2467/1430/1191
f 2465/1427/1189 2466/1428/1190 2470/1433/1194
f 2465/1427/1189 2470/1433/1194 2469/1432/1193
f 2466/1428/1190 2464/1429/1188 2468/1434/1192
f 2466/1428/1190 2468/1434/1192 2470/1433/1194
f 2468/1431/1192 2467/1430/1191 2471/1002/1195
f 2468/1431/1192 2471/1002/1195 2472/1003/1196
f 2467/1430/1191 2469/1432/1193 2473/1004/1197
f 2467/1430/1191 2473/1004/1197 2471/1002/1195
f 2469/1432/1193 2470/1433/1194 2474/1005/1198
f 2469/1432/1193 2474/1005/1198 2473/1004/1197
f 2470/1433/1194 2468/1434/1192 2472/1006/1196
f 2470/1433/1194 2472/1006/1196 2474/1005/1198
f 2472/1003/1196 2471/1002/1195 2475/1435/1199
f 2472/1003/1196 2475/1435/1199 2476/1436/1200
f 2471/1002/1195 2473/1004/1197 2477/1437/1201
f 2471/1002/1195 2477/1437/1201 2475/1435/1199
f 2473/1004/1197 2474/1005/1198 2478/1438/1202
f 2473/1004/1197 2478/1438/1202 2477/1437/1201
f 2474/1005/1198 2472/1006/1196 2476/1439/1200
f 2474/1005/1198 2476/1439/1200 2478/1438/1202
f 2476/1436/1200 2475/1435/1199 2479/1440/1203
f 2476/1436/1200 2479/1440/1203 2480/1441/1204
f 2475/1435/1199 2477/1437/1201 2481/1442/1205
f 2475/1435/1199 2481/1442/1205 2479/1440/1203
f 2477/1437/1201 2478/1438/1202 2482/1443/1206
f 2477/1437/1201 2482/1443/1206 2481/1442/1205
f 2478/1438/1202 2476/1439/1200 2480/1444/1204
f 2478/1438/1202 2480/1444/1204 2482/1443/1206
f 2480/1441/1204 2479/1440/1203 2483/1017/1207
f 2480/1441/1204 2483/1017/1207 2484/1018/1208
f 2479/1440/1203 2481/1442/1205 2485/1019/1209
f 2479/1440/1203 2485/1019/1209 2483/1017/1207
f 2481/1442/1205 2482/1443/1206 2486/1020/1210
f 2481/1442/1205 2486/1020/1210 2485/1019/1209
f 2482/1443/1206 2480/1444/1204 2484/1021/1208
f 2482/1443/1206 2484/1021/1208 2486/1020/1210
f 2484/1018/1208 2483/1017/1207 2487/1022/1211
f 2484/1018/1208 2487/1022/1211 2488/1023/1212
f 2483/1017/1207 2485/1019/1209 2489/1024/1213
f 2483/1017/1207 2489/1024/1213 2487/1022/1211
f 2485/1019/1209 2486/1020/1210 2490/1025/1214
f 2485/1019/1209 2490/1025/1214 2489/1024/1213
f 2486/1020/1210 2484/1021/1208 2488/1026/1212
f 2486/1020/1210 2488/1026/1212 2490/1025/1214
f 2488/1023/1212 2487/1022/1211 2491/1027/1215
f 2488/1023/1212 2491/1027/1215 2492/1028/1216
f 2487/1022/1211 2489/1024/1213 2493/1029/1217
f 2487/1022/1211 2493/1029/1217 2491/1027/1215
f 2489/1024/1213 2490/1025/1214 2494/1030/1218
f 2489/1024/1213 2494/1030/1218 2493/1029/1217
f 2490/1025/1214 2488/1026/1212 2492/1031/1216
f 2490/1025/1214 2492/1031/1216 2494/1030/1218
f 2492/1028/1216 2491/1027/1215 2495/1445/1219
f 2492/1028/1216 2495/1445/1219 2496/1446/1220
f 2491/1027/1215 2493/1029/1217 2497/1447/1221
f 2491/1027/1215 2497/1447/1221 2495/1445/1219
f 2493/1029/1217 2494/1030/1218 2498/1448/1222
f 2493/1029/1217 2498/1448/1222 2497/1447/1221
f 2494/1030/1218 2492/1031/1216 2496/1449/1220
f 2494/1030/1218 2496/1449/1220 2498/1448/1222
f 2496/1446/1220 2495/1445/1219 2499/1450/1223
f 2496/1446/1220 2499/1450/1223 2500/1451/1224
f 2495/1445/1219 2497/1447/1221 2501/1452/1225
f 2495/1445/1219 2501/1452/1225 2499/1450/1223
f 2497/1447/1221 2498/1448/1222 2502/1453/1226
f 2497/1447/1221 2502/1453/1226 2501/1452/1225
f 2498/1448/1222 2496/1449/1220 2500/1454/1224
f 2498/1448/1222 2500/1454/1224 2502/1453/1226
f 2500/1451/1224 2499/1450/1223 2503/1042/1227
f 2500/1451/1224 2503/1042/1227 2504/1043/1228
f 2499/1450/1223 2501/1452/1225 2505/1044/1229
f 2499/1450/1223 2505/1044/1229 2503/1042/1227
f 2501/1452/1225 2502/1453/1226 2506/1045/1230
f 2501/1452/1225 2506/1045/1230 2505/1044/1229
f 2502/1453/1226 2500/1454/1224 2504/1046/1228
f 2502/1453/1226 2504/1046/1228 2506/1045/1230
f 2504/1043/1228 2503/1042/1227 2507/1455/1231
f 2504/1043/1228 2507/1455/1231 2508/1456/1232
f 2503/1042/1227 2505/1044/1229 2509/1457/1233
f 2503/1042/1227 2509/1457/1233 2507/1455/1231
f 2505/1044/1229 2506/1045/1230 2510/1458/1234
f 2505/1044/1229 2510/1458/1234 2509/1457/1233
f 2506/1045/1230 2504/1046/1228 2508/1459/1232
f 2506/1045/1230 2508/1459/1232 2510/1458/1234
f 2508/1456/1232 2507/1455/1231 2511/1460/1235
f 2508/1456/1232 2511/1460/1235 2512/1461/1236
f 2507/1455/1231 2509/1457/1233 2513/1462/1237
f 2507/1455/1231 2513/1462/1237 2511/1460/1235
f 2509/1457/1233 2510/1458/1234 2514/1463/1238
f 2509/1457/1233 2514/1463/1238 2513/1462/1237
f 2510/1458/1234 2508/1459/1232 2512/1464/1236
f 2510/1458/1234 2512/1464/1236 2514/1463/1238
f 2512/1461/1236 2511/1460/1235 2515/1465/1239
f 2512/1461/1236 2515/1465/1239 2516/1466/1240
f 2511/1460/1235 2513/1462/1237 2517/1467/1241
f 2511/1460/1235 2517/1467/1241 2515/1465/1239
f 2513/1462/1237 2514/1463/1238 2518/1468/1242
f 2513/1462/1237 2518/1468/1242 2517/1467/1241
f 2514/1463/1238 2512/1464/1236 2516/1469/1240
f 2514/1463/1238 2516/1469/1240 2518/1468/1242
f 2516/1466/1240 2515/1465/1239 2519/1062/1243
f 2516/1466/1240 2519/1062/1243 2520/1063/1244
f 2515/1465/1239 2517/1467/1241 2521/1064/1245
f 2515/1465/1239 2521/1064/1245 2519/1062/1243
f 2517/1467/1241 2518/1468/1242 2522/1065/1246
f 2517/1467/1241 2522/1065/1246 2521/1064/1245
f 2518/1468/1242 2516/1469/1240 2520/1066/1244
f 2518/1468/1242 2520/1066/1244 2522/1065/1246
f 2520/1063/1244 2519/1062/1243 2523/1295/1247
f 2520/1063/1244 2523/1295/1247 2524/1296/1248
f 2519/1062/1243 2521/1064/1245 2525/1297/1249
f 2519/1062/1243 2525/1297/1249 2523/1295/1247
f 2521/1064/1245 2522/1065/1246 2526/1298/1250
f 2521/1064/1245 2526/1298/1250 2525/1297/1249
f 2522/1065/1246 2520/1066/1244 2524/1299/1248
f 2522/1065/1246 2524/1299/1248 2526/1298/1250
f 2524/1296/1248 2523/1295/1247 2527/1470/1251
f 2524/1296/1248 2527/1470/1251 2528/1471/1252
f 2523/1295/1247 2525/1297/1249 2529/1472/1253
f 2523/1295/1247 2529/1472/1253 2527/1470/1251
f 2525/1297/1249 2526/1298/1250 2530/1473/1254
f 2525/1297/1249 2530/1473/1254 2529/1472/1253
f 2526/1298/1250 2524/1299/1248 2528/1474/1252
f 2526/1298/1250 2528/1474/1252 2530/1473/1254
f 2528/1471/1252 2527/1470/1251 2531/1475/1255
f 2528/1471/1252 2531/1475/1255 2532/1476/1256
f 2527/1470/1251 2529/1472/1253 2533/1477/1257
f 2527/1470/1251 2533/1477/1257 2531/1475/1255
f 2529/1472/1253 2530/1473/1254 2534/1478/1258
f 2529/1472/1253 2534/1478/1258 2533/1477/1257
f 2530/1473/1254 2528/1474/1252 2532/1479/1256
f 2530/1473/1254 2532/1479/1256 2534/1478/1258
f 2532/1476/1256 2531/1475/1255 2535/1082/1259
f 2532/1476/1256 2535/1082/1259 2536/1083/1260
f 2531/1475/1255 2533/1477/1257 2537/1084/1261
f 2531/1475/1255 2537/1084/1261 2535/1082/1259
f 2533/1477/1257 2534/1478/1258 2538/1085/1262
f 2533/1477/1257 2538/1085/1262 2537/1084/1261
f 2534/1478/1258 2532/1479/1256 2536/1086/1260
f 2534/1478/1258 2536/1086/1260 2538/1085/1262
f 2536/1083/1260 2535/1082/1259 2539/1480/1263
f 2536/1083/1260 2539/1480/1263 2540/1481/1264
f 2535/1082/1259 2537/1084/1261 2541/1482/1265
f 2535/1082/1259 2541/1482/1265 2539/1480/1263
f 2537/1084/1261 2538/1085/1262 2542/1483/1266
f 2537/1084/1261 2542/1483/1266 2541/1482/1265
f 2538/1085/1262 2536/1086/1260 2540/1484/1264
f 2538/1085/1262 2540/1484/1264 2542/1483/1266
f 2540/1481/1264 2539/1480/1263 2543/1485/1267
f 2540/1481/1264 2543/1485/1267 2544/1486/1268
f 2539/1480/1263 2541/1482/1265 2545/1487/1269
f 2539/1480/1263 2545/1487/1269 2543/1485/1267
f 2541/1482/1265 2542/1483/1266 2546/1488/1270
f 2541/1482/1265 2546/1488/1270 2545/1487/1269
f 2542/1483/1266 2540/1484/1264 2544/1489/1268
f 2542/1483/1266 2544/1489/1268 2546/1488/1270
f 2544/1486/1268 2543/1485/1267 2547/1490/1271
f 2544/1486/1268 2547/1490/1271 2548/1491/1272
f 2543/1485/1267 2545/1487/1269 2549/1492/1273
f 2543/1485/1267 2549/1492/1273 2547/1490/1271
f 2545/1487/1269 2546/1488/1270 2550/1493/1274
f 2545/1487/1269 2550/1493/1274 2549/1492/1273
f 2546/1488/1270 2544/1489/1268 2548/1494/1272
f 2546/1488/1270 2548/1494/1272 2550/1493/1274
f 2548/1491/1272 2547/1490/1271 2551/1102/1275
f 2548/1491/1272 2551/1102/1275 2552/1103/1276
f 2547/1490/1271 2549/1492/1273 2553/1104/1277
f 2547/1490/1271 2553/1104/1277 2551/1102/1275
f 2549/1492/1273 2550/1493/1274 2554/1105/1278
f 2549/1492/1273 2554/1105/1278 2553/1104/1277
f 2550/1493/1274 2548/1494/1272 2552/1106/1276
f 2550/1493/1274 2552/1106/1276 2554/1105/1278
f 2552/1103/1276 2551/1102/1275 2555/1495/1279
f 2552/1103/1276 2555/1495/1279 2556/1496/1280
f 2551/1102/1275 2553/1104/1277 2557/1497/1281
f 2551/1102/1275 2557/1497/1281 2555/1495/1279
f 2553/1104/1277 2554/1105/1278 2558/1498/1282
f 2553/1104/1277 2558/1498/1282 2557/1497/1281
f 2554/1105/1278 2552/1106/1276 2556/1499/1280
f 2554/1105/1278 2556/1499/1280 2558/1498/1282
f 2556/1496/1280 2555/1495/1279 2559/1500/1283
f 2556/1496/1280 2559/1500/1283 2560/1501/1284
f 2555/1495/1279 2557/1497/1281 2561/1502/1285
f 2555/1495/1279 2561/1502/1285 2559/1500/1283
f 2557/1497/1281 2558/1498/1282 2562/1503/1286
f 2557/1497/1281 2562/1503/1286 2561/1502/1285
f 2558/1498/1282 2556/1499/1280 2560/1504/1284
f 2558/1498/1282 2560/1504/1284 2562/1503/1286
f 2560/1501/1284 2559/1500/1283 2563/1505/1287
f 2560/1501/1284 2563/1505/1287 2564/1506/1288
f 2559/1500/1283 2561/1502/1285 2565/1507/1289
f 2559/1500/1283 2565/1507/1289 2563/1505/1287
f 2561/1502/1285 2562/1503/1286 2566/1508/1290
f 2561/1502/1285 2566/1508/1290 2565/1507/1289
f 2562/1503/1286 2560/1504/1284 2564/1509/1288
f 2562/1503/1286 2564/1509/1288 2566/1508/1290
f 2564/1506/1288 2563/1505/1287 2567/1122/1291
f 2564/1506/1288 2567/1122/1291 2568/1123/1292
f 2563/1505/1287 2565/1507/1289 2569/1124/1293
f 2563/1505/1287 2569/1124/1293 2567/1122/1291
f 2565/1507/1289 2566/1508/1290 2570/1125/1294
f 2565/1507/1289 2570/1125/1294 2569/1124/1293
f 2566/1508/1290 2564/1509/1288 2568/1126/1292
f 2566/1508/1290 2568/1126/1292 2570/1125/1294
f 2568/1123/1292 2567/1122/1291 2571/1510/1295
f 2568/1123/1292 2571/1510/1295 2572/1511/1296
f 2567/1122/1291 2569/1124/1293 2573/1512/1297
f 2567/1122/1291 2573/1512/1297 2571/1510/1295
f 2569/1124/1293 2570/1125/1294 2574/1513/1298
f 2569/1124/1293 2574/1513/1298 2573/1512/1297
f 2570/1125/1294 2568/1126/1292 2572/1514/1296
f 2570/1125/1294 2572/1514/1296 2574/1513/1298
f 2572/1511/1296 2571/1510/1295 2575/1515/1299
f 2572/1511/1296 2575/1515/1299 2576/1516/1300
f 2571/1510/1295 2573/1512/1297 2577/1517/1301
f 2571/1510/1295 2577/1517/1301 2575/1515/1299
f 2573/1512/1297 2574/1513/1298 2578/1518/1302
f 2573/1512/1297 2578/1518/1302 2577/1517/1301
f 2574/1513/1298 2572/1514/1296 2576/1519/1300
f 2574/1513/1298 2576/1519/1300 2578/1518/1302
f 2576/1516/1300 2575/1515/1299 2579/1520/1303
f 2576/1516/1300 2579/1520/1303 2580/1521/1304
f 2575/1515/1299 2577/1517/1301 2581/1522/1305
f 2575/1515/1299 2581/1522/1305 2579/1520/1303
f 2577/1517/1301 2578/1518/1302 2582/1523/1306
f 2577/1517/1301 2582/1523/1306 2581/1522/1305
f 2578/1518/1302 2576/1519/1300 2580/1524/1304
f 2578/1518/1302 2580/1524/1304 2582/1523/1306
f 2580/1521/1304 2579/1520/1303 2583/1142/1307
f 2580/1521/1304 2583/1142/1307 2584/685/1308
f 2579/1520/1303 2581/1522/1305 2585/1143/1309
f 2579/1520/1303 2585/1143/1309 2583/1142/1307
f 2581/1522/1305 2582/1523/1306 2586/1144/1310
f 2581/1522/1305 2586/1144/1310 2585/1143/1309
f 2582/1523/1306 2580/1524/1304 2584/686/1308
f 2582/1523/1306 2584/686/1308 2586/1144/1310
f 2587/688/61 2588/904/713 2589/905/1311
f 2587/688/61 2589/905/1311 2590/906/1312
f 2588/904/713 2591/907/62 2592/908/1313
f 2588/904/713 2592/908/1313 2589/905/1311
f 2591/907/62 2593/909/717 2594/910/1314
f 2591/907/62 2594/910/1314 2592/908/1313
f 2593/909/717 2587/687/61 2590/911/1312
f 2593/909/717 2590/911/1312 2594/910/1314
f 2590/906/1312 2589/905/1311 2595/912/1315
f 2590/906/1312 2595/912/1315 2596/913/1316
f 2589/905/1311 2592/908/1313 2597/914/1317
f 2589/905/1311 2597/914/1317 2595/912/1315
f 2592/908/1313 2594/910/1314 2598/915/1318
f 2592/908/1313 2598/915/1318 2597/914/1317
f 2594/910/1314 2590/911/1312 2596/916/1316
f 2594/910/1314 2596/916/1316 2598/915/1318
f 2596/913/1316 2595/912/1315 2599/1375/1319
f 2596/913/1316 2599/1375/1319 2600/1376/1320
f 2595/912/1315 2597/914/1317 2601/1377/1321
f 2595/912/1315 2601/1377/1321 2599/1375/1319
f 2597/914/1317 2598/915/1318 2602/1378/1322
f 2597/914/1317 2602/1378/1322 2601/1377/1321
f 2598/915/1318 2596/916/1316 2600/1379/1320
f 2598/915/1318 2600/1379/1320 2602/1378/1322
f 2600/1376/1320 2599/1375/1319 2603/1525/1323
f 2600/1376/1320 2603/1525/1323 2604/1526/1324
f 2599/1375/1319 2601/1377/1321 2605/1527/1325
f 2599/1375/1319 2605/1527/1325 2603/1525/1323
f 2601/1377/1321 2602/1378/1322 2606/1528/1326
f 2601/1377/1321 2606/1528/1326 2605/1527/1325
f 2602/1378/1322 2600/1379/1320 2604/1529/1324
f 2602/1378/1322 2604/1529/1324 2606/1528/1326
f 2604/1526/1324 2603/1525/1323 2607/1160/1327
f 2604/1526/1324 2607/1160/1327 2608/1161/1328
f 2603/1525/1323 2605/1527/1325 2609/1162/1329
f 2603/1525/1323 2609/1162/1329 2607/1160/1327
f 2605/1527/1325 2606/1528/1326 2610/1163/1330
f 2605/1527/1325 2610/1163/1330 2609/1162/1329
f 2606/1528/1326 2604/1529/1324 2608/1164/1328
f 2606/1528/1326 2608/1164/1328 2610/1163/1330
f 2608/1161/1328 2607/1160/1327 2611/1165/1331
f 2608/1161/1328 2611/1165/1331 2612/1166/1332
f 2607/1160/1327 2609/1162/1329 2613/1167/1333
f 2607/1160/1327 2613/1167/1333 2611/1165/1331
f 2609/1162/1329 2610/1163/1330 2614/1168/1334
f 2609/1162/1329 2614/1168/1334 2613/1167/1333
f 2610/1163/1330 2608/1164/1328 2612/1169/1332
f 2610/1163/1330 2612/1169/1332 2614/1168/1334
f 2612/1166/1332 2611/1165/1331 2615/1530/1335
f 2612/1166/1332 2615/1530/1335 2616/1531/1336
f 2611/1165/1331 2613/1167/1333 2617/1532/1337
f 2611/1165/1331 2617/1532/1337 2615/1530/1335
f 2613/1167/1333 2614/1168/1334 2618/1533/1338
f 2613/1167/1333 2618/1533/1338 2617/1532/1337
f 2614/1168/1334 2612/1169/1332 2616/1534/1336
f 2614/1168/1334 2616/1534/1336 2618/1533/1338
f 2616/1531/1336 2615/1530/1335 2619/1535/1339
f 2616/1531/1336 2619/1535/1339 2620/1536/1340
f 2615/1530/1335 2617/1532/1337 2621/1537/1341
f 2615/1530/1335 2621/1537/1341 2619/1535/1339
f 2617/1532/1337 2618/1533/1338 2622/1538/1342
f 2617/1532/1337 2622/1538/1342 2621/1537/1341
f 2618/1533/1338 2616/1534/1336 2620/1539/1340
f 2618/1533/1338 2620/1539/1340 2622/1538/1342
f 2620/1536/1340 2619/1535/1339 2623/1540/1343
f 2620/1536/1340 2623/1540/1343 2624/1541/1344
f 2619/1535/1339 2621/1537/1341 2625/1542/1345
f 2619/1535/1339 2625/1542/1345 2623/1540/1343
f 2621/1537/1341 2622/1538/1342 2626/1543/1346
f 2621/1537/1341 2626/1543/1346 2625/1542/1345
f 2622/1538/1342 2620/1539/1340 2624/1544/1344
f 2622/1538/1342 2624/1544/1344 2626/1543/1346
f 2624/1541/1344 2623/1540/1343 2627/1185/1347
f 2624/1541/1344 2627/1185/1347 2628/1186/1348
f 2623/1540/1343 2625/1542/1345 2629/1187/1349
f 2623/1540/1343 2629/1187/1349 2627/1185/1347
f 2625/1542/1345 2626/1543/1346 2630/1188/1350
f 2625/1542/1345 2630/1188/1350 2629/1187/1349
f 2626/1543/1346 2624/1544/1344 2628/1189/1348
f 2626/1543/1346 2628/1189/1348 2630/1188/1350
f 2628/1186/1348 2627/1185/1347 2631/1545/1351
f 2628/1186/1348 2631/1545/1351 2632/1546/1352
f 2627/1185/1347 2629/1187/1349 2633/1547/1353
f 2627/1185/1347 2633/1547/1353 2631/1545/1351
f 2629/1187/1349 2630/1188/1350 2634/1548/1354
f 2629/1187/1349 2634/1548/1354 2633/1547/1353
f 2630/1188/1350 2628/1189/1348 2632/1549/1352
f 2630/1188/1350 2632/1549/1352 2634/1548/1354
f 2632/1546/1352 2631/1545/1351 2635/1550/1355
f 2632/1546/1352 2635/1550/1355 2636/1551/1356
f 2631/1545/1351 2633/1547/1353 2637/1552/1357
f 2631/1545/1351 2637/1552/1357 2635/1550/1355
f 2633/1547/1353 2634/1548/1354 2638/1553/1358
f 2633/1547/1353 2638/1553/1358 2637/1552/1357
f 2634/1548/1354 2632/1549/1352 2636/1554/1356
f 2634/1548/1354 2636/1554/1356 2638/1553/1358
f 2636/1551/1356 2635/1550/1355 2639/1555/1359
f 2636/1551/1356 2639/1555/1359 2640/1556/1360
f 2635/1550/1355 2637/1552/1357 2641/1557/1361
f 2635/1550/1355 2641/1557/1361 2639/1555/1359
f 2637/1552/1357 2638/1553/1358 2642/1558/1362
f 2637/1552/1357 2642/1558/1362 2641/1557/1361
f 2638/1553/1358 2636/1554/1356 2640/1559/1360
f 2638/1553/1358 2640/1559/1360 2642/1558/1362
f 2640/1556/1360 2639/1555/1359 2643/1205/1363
f 2640/1556/1360 2643/1205/1363 2644/1206/1364
f 2639/1555/1359 2641/1557/1361 2645/1207/1365
f 2639/1555/1359 2645/1207/1365 2643/1205/1363
f 2641/1557/1361 2642/1558/1362 2646/1208/1366
f 2641/1557/1361 2646/1208/1366 2645/1207/1365
f 2642/1558/1362 2640/1559/1360 2644/1209/1364
f 2642/1558/1362 2644/1209/1364 2646/1208/1366
f 2644/1206/1364 2643/1205/1363 2647/1560/1367
f 2644/1206/1364 2647/1560/1367 2648/1561/1368
f 2643/1205/1363 2645/1207/1365 2649/1562/1369
f 2643/1205/1363 2649/1562/1369 2647/1560/1367
f 2645/1207/1365 2646/1208/1366 2650/1563/1370
f 2645/1207/1365 2650/1563/1370 2649/1562/1369
f 2646/1208/1366 2644/1209/1364 2648/1564/1368
f 2646/1208/1366 2648/1564/1368 2650/1563/1370
f 2648/1561/1368 2647/1560/1367 2651/1565/1371
f 2648/1561/1368 2651/1565/1371 2652/1566/1372
f 2647/1560/1367 2649/1562/1369 2653/1567/1373
f 2647/1560/1367 2653/1567/1373 2651/1565/1371
f 2649/1562/1369 2650/1563/1370 2654/1568/1374
f 2649/1562/1369 2654/1568/1374 2653/1567/1373
f 2650/1563/1370 2648/1564/1368 2652/1569/1372
f 2650/1563/1370 2652/1569/1372 2654/1568/1374
f 2652/1566/1372 2651/1565/1371 2655/1570/1375
f 2652/1566/1372 2655/1570/1375 2656/1571/1376
f 2651/1565/1371 2653/1567/1373 2657/1572/1377
f 2651/1565/1371 2657/1572/1377 2655/1570/1375
f 2653/1567/1373 2654/1568/1374 2658/1573/1378
f 2653/1567/1373 2658/1573/1378 2657/1572/1377
f 2654/1568/1374 2652/1569/1372 2656/1574/1376
f 2654/1568/1374 2656/1574/1376 2658/1573/1378
f 2656/1571/1376 2655/1570/1375 2659/1575/1379
f 2656/1571/1376 2659/1575/1379 2660/1576/1380
f 2655/1570/1375 2657/1572/1377 2661/1577/1381
f 2655/1570/1375 2661/1577/1381 2659/1575/1379
f 2657/1572/1377 2658/1573/1378 2662/1578/1382
f 2657/1572/1377 2662/1578/1382 2661/1577/1381
f 2658/1573/1378 2656/1574/1376 2660/1579/1380
f 2658/1573/1378 2660/1579/1380 2662/1578/1382
f 2660/1576/1380 2659/1575/1379 2663/1580/1383
f 2660/1576/1380 2663/1580/1383 2664/1581/1384
f 2659/1575/1379 2661/1577/1381 2665/1582/1385
f 2659/1575/1379 2665/1582/1385 2663/1580/1383
f 2661/1577/1381 2662/1578/1382 2666/1583/1386
f 2661/1577/1381 2666/1583/1386 2665/1582/1385
f 2662/1578/1382 2660/1579/1380 2664/1584/1384
f 2662/1578/1382 2664/1584/1384 2666/1583/1386
f 2664/1581/1384 2663/1580/1383 2667/1585/1387
f 2664/1581/1384 2667/1585/1387 2668/1586/1388
f 2663/1580/1383 2665/1582/1385 2669/1587/1389
f 2663/1580/1383 2669/1587/1389 2667/1585/1387
f 2665/1582/1385 2666/1583/1386 2670/1588/1390
f 2665/1582/1385 2670/1588/1390 2669/1587/1389
f 2666/1583/1386 2664/1584/1384 2668/1589/1388
f 2666/1583/1386 2668/1589/1388 2670/1588/1390
f 2668/1586/1388 2667/1585/1387 2671/1590/1391
f 2668/1586/1388 2671/1590/1391 2672/1591/1392
f 2667/1585/1387 2669/1587/1389 2673/1592/1393
f 2667/1585/1387 2673/1592/1393 2671/1590/1391
f 2669/1587/1389 2670/1588/1390 2674/1593/1394
f 2669/1587/1389 2674/1593/1394 2673/1592/1393
f 2670/1588/1390 2668/1589/1388 2672/1594/1392
f 2670/1588/1390 2672/1594/1392 2674/1593/1394
f 2672/1591/1392 2671/1590/1391 2675/1595/1395
f 2672/1591/1392 2675/1595/1395 2676/1596/1396
f 2671/1590/1391 2673/1592/1393 2677/1597/1397
f 2671/1590/1391 2677/1597/1397 2675/1595/1395
f 2673/1592/1393 2674/1593/1394 2678/1598/1398
f 2673/1592/1393 2678/1598/1398 2677/1597/1397
f 2674/1593/1394 2672/1594/1392 2676/1599/1396
f 2674/1593/1394 2676/1599/1396 2678/1598/1398
f 2676/1596/1396 2675/1595/1395 2679/1600/1399
f 2676/1596/1396 2679/1600/1399 2680/1601/1400
f 2675/1595/1395 2677/1597/1397 2681/1602/1401
f 2675/1595/1395 2681/1602/1401 2679/1600/1399
f 2677/1597/1397 2678/1598/1398 2682/1603/1402
f 2677/1597/1397 2682/1603/1402 2681/1602/1401
f 2678/1598/1398 2676/1599/1396 2680/1604/1400
f 2678/1598/1398 2680/1604/1400 2682/1603/1402
f 2680/1601/1400 2679/1600/1399 2683/1022/1403
f 2680/1601/1400 2683/1022/1403 2684/1023/1404
f 2679/1600/1399 2681/1602/1401 2685/1024/1405
f 2679/1600/1399 2685/1024/1405 2683/1022/1403
f 2681/1602/1401 2682/1603/1402 2686/1025/1406
f 2681/1602/1401 2686/1025/1406 2685/1024/1405
f 2682/1603/1402 2680/1604/1400 2684/1026/1404
f 2682/1603/1402 2684/1026/1404 2686/1025/1406
f 2684/1023/1404 2683/1022/1403 2687/1605/1407
f 2684/1023/1404 2687/1605/1407 2688/1606/1408
f 2683/1022/1403 2685/1024/1405 2689/1607/1409
f 2683/1022/1403 2689/1607/1409 2687/1605/1407
f 2685/1024/1405 2686/1025/1406 2690/1608/1410
f 2685/1024/1405 2690/1608/1410 2689/1607/1409
f 2686/1025/1406 2684/1026/1404 2688/1609/1408
f 2686/1025/1406 2688/1609/1408 2690/1608/1410
f 2688/1606/1408 2687/1605/1407 2691/1610/1411
f 2688/1606/1408 2691/1610/1411 2692/1611/1412
f 2687/1605/1407 2689/1607/1409 2693/1612/1413
f 2687/1605/1407 2693/1612/1413 2691/1610/1411
f 2689/1607/1409 2690/1608/1410 2694/1613/1414
f 2689/1607/1409 2694/1613/1414 2693/1612/1413
f 2690/1608/1410 2688/1609/1408 2692/1614/1412
f 2690/1608/1410 2692/1614/1412 2694/1613/1414
f 2692/1611/1412 2691/1610/1411 2695/1615/1415
f 2692/1611/1412 2695/1615/1415 2696/1616/1416
f 2691/1610/1411 2693/1612/1413 2697/1617/1417
f 2691/1610/1411 2697/1617/1417 2695/1615/1415
f 2693/1612/1413 2694/1613/1414 2698/1618/1418
f 2693/1612/1413 2698/1618/1418 2697/1617/1417
f 2694/1613/1414 2692/1614/1412 2696/1619/1416
f 2694/1613/1414 2696/1619/1416 2698/1618/1418
f 2696/1616/1416 2695/1615/1415 2699/1620/1419
f 2696/1616/1416 2699/1620/1419 2700/1621/1420
f 2695/1615/1415 2697/1617/1417 2701/1622/1421
f 2695/1615/1415 2701/1622/1421 2699/1620/1419
f 2697/1617/1417 2698/1618/1418 2702/1623/1422
f 2697/1617/1417 2702/1623/1422 2701/1622/1421
f 2698/1618/1418 2696/1619/1416 2700/1624/1420
f 2698/1618/1418 2700/1624/1420 2702/1623/1422
f 2700/1621/1420 2699/1620/1419 2703/1625/1423
f 2700/1621/1420 2703/1625/1423 2704/1626/1424
f 2699/1620/1419 2701/1622/1421 2705/1627/1425
f 2699/1620/1419 2705/1627/1425 2703/1625/1423
f 2701/1622/1421 2702/1623/1422 2706/1628/1426
f 2701/1622/1421 2706/1628/1426 2705/1627/1425
f 2702/1623/1422 2700/1624/1420 2704/1629/1424
f 2702/1623/1422 2704/1629/1424 2706/1628/1426
f 2704/1626/1424 2703/1625/1423 2707/1630/1427
f 2704/1626/1424 2707/1630/1427 2708/1631/1428
f 2703/1625/1423 2705/1627/1425 2709/1632/1429
f 2703/1625/1423 2709/1632/1429 2707/1630/1427
f 2705/1627/1425 2706/1628/1426 2710/1633/1430
f 2705/1627/1425 2710/1633/1430 2709/1632/1429
f 2706/1628/1426 2704/1629/1424 2708/1634/1428
f 2706/1628/1426 2708/1634/1428 2710/1633/1430
f 2708/1631/1428 2707/1630/1427 2711/1635/1431
f 2708/1631/1428 2711/1635/1431 2712/1636/1432
f 2707/1630/1427 2709/1632/1429 2713/1637/1433
f 2707/1630/1427 2713/1637/1433 2711/1635/1431
f 2709/1632/1429 2710/1633/1430 2714/1638/1434
f 2709/1632/1429 2714/1638/1434 2713/1637/1433
f 2710/1633/1430 2708/1634/1428 2712/1639/1432
f 2710/1633/1430 2712/1639/1432 2714/1638/1434
f 2712/1636/1432 2711/1635/1431 2715/1640/1435
f 2712/1636/1432 2715/1640/1435 2716/1641/1436
f 2711/1635/1431 2713/1637/1433 2717/1642/1437
f 2711/1635/1431 2717/1642/1437 2715/1640/1435
f 2713/1637/1433 2714/1638/1434 2718/1643/1438
f 2713/1637/1433 2718/1643/1438 2717/1642/1437
f 2714/1638/1434 2712/1639/1432 2716/1644/1436
f 2714/1638/1434 2716/1644/1436 2718/1643/1438
f 2716/1641/1436 2715/1640/1435 2719/1645/1439
f 2716/1641/1436 2719/1645/1439 2720/1646/1440
f 2715/1640/1435 2717/1642/1437 2721/1647/1441
f 2715/1640/1435 2721/1647/1441 2719/1645/1439
f 2717/1642/1437 2718/1643/1438 2722/1648/1442
f 2717/1642/1437 2722/1648/1442 2721/1647/1441
f 2718/1643/1438 2716/1644/1436 2720/1649/1440
f 2718/1643/1438 2720/1649/1440 2722/1648/1442
f 2720/1646/1440 2719/1645/1439 2723/1300/1443
f 2720/1646/1440 2723/1300/1443 2724/1301/1444
f 2719/1645/1439 2721/1647/1441 2725/1302/1445
f 2719/1645/1439 2725/1302/1445 2723/1300/1443
f 2721/1647/1441 2722/1648/1442 2726/1303/1446
f 2721/1647/1441 2726/1303/1446 2725/1302/1445
f 2722/1648/1442 2720/1649/1440 2724/1304/1444
f 2722/1648/1442 2724/1304/1444 2726/1303/1446
f 2724/1301/1444 2723/1300/1443 2727/1650/1447
f 2724/1301/1444 2727/1650/1447 2728/1651/1448
f 2723/1300/1443 2725/1302/1445 2729/1652/1449
f 2723/1300/1443 2729/1652/1449 2727/1650/1447
f 2725/1302/1445 2726/1303/1446 2730/1653/1450
f 2725/1302/1445 2730/1653/1450 2729/1652/1449
f 2726/1303/1446 2724/1304/1444 2728/1654/1448
f 2726/1303/1446 2728/1654/1448 2730/1653/1450
f 2728/1651/1448 2727/1650/1447 2731/1655/1451
f 2728/1651/1448 2731/1655/1451 2732/1656/1452
f 2727/1650/1447 2729/1652/1449 2733/1657/1453
f 2727/1650/1447 2733/1657/1453 2731/1655/1451
f 2729/1652/1449 2730/1653/1450 2734/1658/1454
f 2729/1652/1449 2734/1658/1454 2733/1657/1453
f 2730/1653/1450 2728/1654/1448 2732/1659/1452
f 2730/1653/1450 2732/1659/1452 2734/1658/1454
f 2732/1656/1452 2731/1655/1451 2735/1660/1455
f 2732/1656/1452 2735/1660/1455 2736/1661/1456
f 2731/1655/1451 2733/1657/1453 2737/1662/1457
f 2731/1655/1451 2737/1662/1457 2735/1660/1455
f 2733/1657/1453 2734/1658/1454 2738/1663/1458
f 2733/1657/1453 2738/1663/1458 2737/1662/1457
f 2734/1658/1454 2732/1659/1452 2736/1664/1456
f 2734/1658/1454 2736/1664/1456 2738/1663/1458
f 2736/1661/1456 2735/1660/1455 2739/1320/1459
f 2736/1661/1456 2739/1320/1459 2740/1321/1460
f 2735/1660/1455 2737/1662/1457 2741/1322/1461
f 2735/1660/1455 2741/1322/1461 2739/1320/1459
f 2737/1662/1457 2738/1663/1458 2742/1323/1462
f 2737/1662/1457 2742/1323/1462 2741/1322/1461
f 2738/1663/1458 2736/1664/1456 2740/1324/1460
f 2738/1663/1458 2740/1324/1460 2742/1323/1462
f 2740/1321/1460 2739/1320/1459 2743/1665/1463
f 2740/1321/1460 2743/1665/1463 2744/1666/1464
f 2739/1320/1459 2741/1322/1461 2745/1667/1465
f 2739/1320/1459 2745/1667/1465 2743/1665/1463
f 2741/1322/1461 2742/1323/1462 2746/1668/1466
f 2741/1322/1461 2746/1668/1466 2745/1667/1465
f 2742/1323/1462 2740/1324/1460 2744/1669/1464
f 2742/1323/1462 2744/1669/1464 2746/1668/1466
f 2744/1666/1464 2743/1665/1463 2747/1670/1467
f 2744/1666/1464 2747/1670/1467 2748/1671/1468
f 2743/1665/1463 2745/1667/1465 2749/1672/1469
f 2743/1665/1463 2749/1672/1469 2747/1670/1467
f 2745/1667/1465 2746/1668/1466 2750/1673/1470
f 2745/1667/1465 2750/1673/1470 2749/1672/1469
f 2746/1668/1466 2744/1669/1464 2748/1674/1468
f 2746/1668/1466 2748/1674/1468 2750/1673/1470
f 2748/1671/1468 2747/1670/1467 2751/1675/1471
f 2748/1671/1468 2751/1675/1471 2752/1676/1472
f 2747/1670/1467 2749/1672/1469 2753/1677/1473
f 2747/1670/1467 2753/1677/1473 2751/1675/1471
f 2749/1672/1469 2750/1673/1470 2754/1678/1474
f 2749/1672/1469 2754/1678/1474 2753/1677/1473
f 2750/1673/1470 2748/1674/1468 2752/1679/1472
f 2750/1673/1470 2752/1679/1472 2754/1678/1474
f 2752/1676/1472 2751/1675/1471 2755/1340/1475
f 2752/1676/1472 2755/1340/1475 2756/1341/1476
f 2751/1675/1471 2753/1677/1473 2757/1342/1477
f 2751/1675/1471 2757/1342/1477 2755/1340/1475
f 2753/1677/1473 2754/1678/1474 2758/1343/1478
f 2753/1677/1473 2758/1343/1478 2757/1342/1477
f 2754/1678/1474 2752/1679/1472 2756/1344/1476
f 2754/1678/1474 2756/1344/1476 2758/1343/1478
f 2756/1341/1476 2755/1340/1475 2759/1345/1479
f 2756/1341/1476 2759/1345/1479 2760/1346/1480
f 2755/1340/1475 2757/1342/1477 2761/1347/1481
f 2755/1340/1475 2761/1347/1481 2759/1345/1479
f 2757/1342/1477 2758/1343/1478 2762/1348/1482
f 2757/1342/1477 2762/1348/1482 2761/1347/1481
f 2758/1343/1478 2756/1344/1476 2760/1349/1480
f 2758/1343/1478 2760/1349/1480 2762/1348/1482
f 2760/1346/1480 2759/1345/1479 2763/1680/1483
f 2760/1346/1480 2763/1680/1483 2764/1681/1484
f 2759/1345/1479 2761/1347/1481 2765/1682/1485
f 2759/1345/1479 2765/1682/1485 2763/1680/1483
f 2761/1347/1481 2762/1348/1482 2766/1683/1486
f 2761/1347/1481 2766/1683/1486 2765/1682/1485
f 2762/1348/1482 2760/1349/1480 2764/1684/1484
f 2762/1348/1482 2764/1684/1484 2766/1683/1486
f 2764/1681/1484 2763/1680/1483 2767/1510/1487
f 2764/1681/1484 2767/1510/1487 2768/1511/1488
f 2763/1680/1483 2765/1682/1485 2769/1512/1489
f 2763/1680/1483 2769/1512/1489 2767/1510/1487
f 2765/1682/1485 2766/1683/1486 2770/1513/1490
f 2765/1682/1485 2770/1513/1490 2769/1512/1489
f 2766/1683/1486 2764/1684/1484 2768/1514/1488
f 2766/1683/1486 2768/1514/1488 2770/1513/1490
f 2768/1511/1488 2767/1510/1487 2771/1132/1491
f 2768/1511/1488 2771/1132/1491 2772/1133/1492
f 2767/1510/1487 2769/1512/1489 2773/1134/1493
f 2767/1510/1487 2773/1134/1493 2771/1132/1491
f 2769/1512/1489 2770/1513/1490 2774/1135/1494
f 2769/1512/1489 2774/1135/1494 2773/1134/1493
f 2770/1513/1490 2768/1514/1488 2772/1136/1492
f 2770/1513/1490 2772/1136/1492 2774/1135/1494
f 2772/1133/1492 2771/1132/1491 2775/1137/1495
f 2772/1133/1492 2775/1137/1495 2776/1138/1496
f 2771/1132/1491 2773/1134/1493 2777/1139/1497
f 2771/1132/1491 2777/1139/1497 2775/1137/1495
f 2773/1134/1493 2774/1135/1494 2778/1140/1498
f 2773/1134/1493 2778/1140/1498 2777/1139/1497
f 2774/1135/1494 2772/1136/1492 2776/1141/1496
f 2774/1135/1494 2776/1141/1496 2778/1140/1498
f 2776/1138/1496 2775/1137/1495 2779/1142/1499
f 2776/1138/1496 2779/1142/1499 2780/685/1500
f 2775/1137/1495 2777/1139/1497 2781/1143/1501
f 2775/1137/1495 2781/1143/1501 2779/1142/1499
f 2777/1139/1497 2778/1140/1498 2782/1144/1502
f 2777/1139/1497 2782/1144/1502 2781/1143/1501
f 2778/1140/1498 2776/1141/1496 2780/686/1500
f 2778/1140/1498 2780/686/1500 2782/1144/1502
f 2783/688/61 2784/904/713 2785/1685/1503
f 2783/688/61 2785/1685/1503 2786/1686/1504
f 2784/904/713 2787/907/62 2788/1687/1505
f 2784/904/713 2788/1687/1505 2785/1685/1503
f 2787/907/62 2789/909/717 2790/1688/1506
f 2787/907/62 2790/1688/1506 2788/1687/1505
f 2789/909/717 2783/687/61 2786/1689/1504
f 2789/909/717 2786/1689/1504 2790/1688/1506
f 2786/1686/1504 2785/1685/1503 2791/1690/1507
f 2786/1686/1504 2791/1690/1507 2792/1691/1508
f 2785/1685/1503 2788/1687/1505 2793/1692/1509
f 2785/1685/1503 2793/1692/1509 2791/1690/1507
f 2788/1687/1505 2790/1688/1506 2794/1693/1510
f 2788/1687/1505 2794/1693/1510 2793/1692/1509
f 2790/1688/1506 2786/1689/1504 2792/1694/1508
f 2790/1688/1506 2792/1694/1508 2794/1693/1510
f 2792/1691/1508 2791/1690/1507 2795/1695/1511
f 2792/1691/1508 2795/1695/1511 2796/1696/1512
f 2791/1690/1507 2793/1692/1509 2797/1697/1513
f 2791/1690/1507 2797/1697/1513 2795/1695/1511
f 2793/1692/1509 2794/1693/1510 2798/1698/1514
f 2793/1692/1509 2798/1698/1514 2797/1697/1513
f 2794/1693/1510 2792/1694/1508 2796/1699/1512
f 2794/1693/1510 2796/1699/1512 2798/1698/1514
f 2796/1696/1512 2795/1695/1511 2799/922/1515
f 2796/1696/1512 2799/922/1515 2800/923/1516
f 2795/1695/1511 2797/1697/1513 2801/924/1517
f 2795/1695/1511 2801/924/1517 2799/922/1515
f 2797/1697/1513 2798/1698/1514 2802/925/1518
f 2797/1697/1513 2802/925/1518 2801/924/1517
f 2798/1698/1514 2796/1699/1512 2800/926/1516
f 2798/1698/1514 2800/926/1516 2802/925/1518
f 2800/923/1516 2799/922/1515 2803/1700/1519
f 2800/923/1516 2803/1700/1519 2804/1701/1520
f 2799/922/1515 2801/924/1517 2805/1702/1521
f 2799/922/1515 2805/1702/1521 2803/1700/1519
f 2801/924/1517 2802/925/1518 2806/1703/1522
f 2801/924/1517 2806/1703/1522 2805/1702/1521
f 2802/925/1518 2800/926/1516 2804/1704/1520
f 2802/925/1518 2804/1704/1520 2806/1703/1522
f 2804/1701/1520 2803/1700/1519 2807/1705/1523
f 2804/1701/1520 2807/1705/1523 2808/1706/1524
f 2803/1700/1519 2805/1702/1521 2809/1707/1525
f 2803/1700/1519 2809/1707/1525 2807/1705/1523
f 2805/1702/1521 2806/1703/1522 2810/1708/1526
f 2805/1702/1521 2810/1708/1526 2809/1707/1525
f 2806/1703/1522 2804/1704/1520 2808/1709/1524
f 2806/1703/1522 2808/1709/1524 2810/1708/1526
f 2808/1706/1524 2807/1705/1523 2811/1710/1527
f 2808/1706/1524 2811/1710/1527 2812/1711/1528
f 2807/1705/1523 2809/1707/1525 2813/1712/1529
f 2807/1705/1523 2813/1712/1529 2811/1710/1527
f 2809/1707/1525 2810/1708/1526 2814/1713/1530
f 2809/1707/1525 2814/1713/1530 2813/1712/1529
f 2810/1708/1526 2808/1709/1524 2812/1714/1528
f 2810/1708/1526 2812/1714/1528 2814/1713/1530
f 2812/1711/1528 2811/1710/1527 2815/942/1531
f 2812/1711/1528 2815/942/1531 2816/943/1532
f 2811/1710/1527 2813/1712/1529 2817/944/1533
f 2811/1710/1527 2817/944/1533 2815/942/1531
f 2813/1712/1529 2814/1713/1530 2818/945/1534
f 2813/1712/1529 2818/945/1534 2817/944/1533
f 2814/1713/1530 2812/1714/1528 2816/946/1532
f 2814/1713/1530 2816/946/1532 2818/945/1534
f 2816/943/1532 2815/942/1531 2819/1715/1535
f 2816/943/1532 2819/1715/1535 2820/1716/1536
f 2815/942/1531 2817/944/1533 2821/1717/1537
f 2815/942/1531 2821/1717/1537 2819/1715/1535
f 2817/944/1533 2818/945/1534 2822/1718/1538
f 2817/944/1533 2822/1718/1538 2821/1717/1537
f 2818/945/1534 2816/946/1532 2820/1719/1536
f 2818/945/1534 2820/1719/1536 2822/1718/1538
f 2820/1716/1536 2819/1715/1535 2823/1720/1539
f 2820/1716/1536 2823/1720/1539 2824/1721/1540
f 2819/1715/1535 2821/1717/1537 2825/1722/1541
f 2819/1715/1535 2825/1722/1541 2823/1720/1539
f 2821/1717/1537 2822/1718/1538 2826/1723/1542
f 2821/1717/1537 2826/1723/1542 2825/1722/1541
f 2822/1718/1538 2820/1719/1536 2824/1724/1540
f 2822/1718/1538 2824/1724/1540 2826/1723/1542
f 2824/1721/1540 2823/1720/1539 2827/1725/1543
f 2824/1721/1540 2827/1725/1543 2828/1726/1544
f 2823/1720/1539 2825/1722/1541 2829/1727/1545
f 2823/1720/1539 2829/1727/1545 2827/1725/1543
f 2825/1722/1541 2826/1723/1542 2830/1728/1546
f 2825/1722/1541 2830/1728/1546 2829/1727/1545
f 2826/1723/1542 2824/1724/1540 2828/1729/1544
f 2826/1723/1542 2828/1729/1544 2830/1728/1546
f 2828/1726/1544 2827/1725/1543 2831/962/1547
f 2828/1726/1544 2831/962/1547 2832/963/1548
f 2827/1725/1543 2829/1727/1545 2833/964/1549
f 2827/1725/1543 2833/964/1549 2831/962/1547
f 2829/1727/1545 2830/1728/1546 2834/965/1550
f 2829/1727/1545 2834/965/1550 2833/964/1549
f 2830/1728/1546 2828/1729/1544 2832/966/1548
f 2830/1728/1546 2832/966/1548 2834/965/1550
f 2832/963/1548 2831/962/1547 2835/1555/1551
f 2832/963/1548 2835/1555/1551 2836/1556/1552
f 2831/962/1547 2833/964/1549 2837/1557/1553
f 2831/962/1547 2837/1557/1553 2835/1555/1551
f 2833/964/1549 2834/965/1550 2838/1558/1554
f 2833/964/1549 2838/1558/1554 2837/1557/1553
f 2834/965/1550 2832/966/1548 2836/1559/1552
f 2834/965/1550 2836/1559/1552 2838/1558/1554
f 2836/1556/1552 2835/1555/1551 2839/1730/1555
f 2836/1556/1552 2839/1730/1555 2840/1731/1556
f 2835/1555/1551 2837/1557/1553 2841/1732/1557
f 2835/1555/1551 2841/1732/1557 2839/1730/1555
f 2837/1557/1553 2838/1558/1554 2842/1733/1558
f 2837/1557/1553 2842/1733/1558 2841/1732/1557
f 2838/1558/1554 2836/1559/1552 2840/1734/1556
f 2838/1558/1554 2840/1734/1556 2842/1733/1558
f 2840/1731/1556 2839/1730/1555 2843/1735/1559
f 2840/1731/1556 2843/1735/1559 2844/1736/1560
f 2839/1730/1555 2841/1732/1557 2845/1737/1561
f 2839/1730/1555 2845/1737/1561 2843/1735/1559
f 2841/1732/1557 2842/1733/1558 2846/1738/1562
f 2841/1732/1557 2846/1738/1562 2845/1737/1561
f 2842/1733/1558 2840/1734/1556 2844/1739/1560
f 2842/1733/1558 2844/1739/1560 2846/1738/1562
f 2844/1736/1560 2843/1735/1559 2847/982/1563
f 2844/1736/1560 2847/982/1563 2848/983/1564
f 2843/1735/1559 2845/1737/1561 2849/984/1565
f 2843/1735/1559 2849/984/1565 2847/982/1563
f 2845/1737/1561 2846/1738/1562 2850/985/1566
f 2845/1737/1561 2850/985/1566 2849/984/1565
f 2846/1738/1562 2844/1739/1560 2848/986/1564
f 2846/1738/1562 2848/986/1564 2850/985/1566
f 2848/983/1564 2847/982/1563 2851/1740/1567
f 2848/983/1564 2851/1740/1567 2852/1741/1568
f 2847/982/1563 2849/984/1565 2853/1742/1569
f 2847/982/1563 2853/1742/1569 2851/1740/1567
f 2849/984/1565 2850/985/1566 2854/1743/1570
f 2849/984/1565 2854/1743/1570 2853/1742/1569
f 2850/985/1566 2848/986/1564 2852/1744/1568
f 2850/985/1566 2852/1744/1568 2854/1743/1570
f 2852/1741/1568 2851/1740/1567 2855/1745/1571
f 2852/1741/1568 2855/1745/1571 2856/1746/1572
f 2851/1740/1567 2853/1742/1569 2857/1747/1573
f 2851/1740/1567 2857/1747/1573 2855/1745/1571
f 2853/1742/1569 2854/1743/1570 2858/1748/1574
f 2853/1742/1569 2858/1748/1574 2857/1747/1573
f 2854/1743/1570 2852/1744/1568 2856/1749/1572
f 2854/1743/1570 2856/1749/1572 2858/1748/1574
f 2856/1746/1572 2855/1745/1571 2859/1230/1575
f 2856/1746/1572 2859/1230/1575 2860/1231/1576
f 2855/1745/1571 2857/1747/1573 2861/1232/1577
f 2855/1745/1571 2861/1232/1577 2859/1230/1575
f 2857/1747/1573 2858/1748/1574 2862/1233/1578
f 2857/1747/1573 2862/1233/1578 2861/1232/1577
f 2858/1748/1574 2856/1749/1572 2860/1234/1576
f 2858/1748/1574 2860/1234/1576 2862/1233/1578
f 2860/1231/1576 2859/1230/1575 2863/1002/1579
f 2860/1231/1576 2863/1002/1579 2864/1003/1580
f 2859/1230/1575 2861/1232/1577 2865/1004/1581
f 2859/1230/1575 2865/1004/1581 2863/1002/1579
f 2861/1232/1577 2862/1233/1578 2866/1005/1582
f 2861/1232/1577 2866/1005/1582 2865/1004/1581
f 2862/1233/1578 2860/1234/1576 2864/1006/1580
f 2862/1233/1578 2864/1006/1580 2866/1005/1582
f 2864/1003/1580 2863/1002/1579 2867/1750/1583
f 2864/1003/1580 2867/1750/1583 2868/1751/1584
f 2863/1002/1579 2865/1004/1581 2869/1752/1585
f 2863/1002/1579 2869/1752/1585 2867/1750/1583
f 2865/1004/1581 2866/1005/1582 2870/1753/1586
f 2865/1004/1581 2870/1753/1586 2869/1752/1585
f 2866/1005/1582 2864/1006/1580 2868/1754/1584
f 2866/1005/1582 2868/1754/1584 2870/1753/1586
f 2868/1751/1584 2867/1750/1583 2871/1755/1587
f 2868/1751/1584 2871/1755/1587 2872/1756/1588
f 2867/1750/1583 2869/1752/1585 2873/1757/1589
f 2867/1750/1583 2873/1757/1589 2871/1755/1587
f 2869/1752/1585 2870/1753/1586 2874/1758/1590
f 2869/1752/1585 2874/1758/1590 2873/1757/1589
f 2870/1753/1586 2868/1754/1584 2872/1759/1588
f 2870/1753/1586 2872/1759/1588 2874/1758/1590
f 2872/1756/1588 2871/1755/1587 2875/1760/1591
f 2872/1756/1588 2875/1760/1591 2876/1761/1592
f 2871/1755/1587 2873/1757/1589 2877/1762/1593
f 2871/1755/1587 2877/1762/1593 2875/1760/1591
f 2873/1757/1589 2874/1758/1590 2878/1763/1594
f 2873/1757/1589 2878/1763/1594 2877/1762/1593
f 2874/1758/1590 2872/1759/1588 2876/1764/1592
f 2874/1758/1590 2876/1764/1592 2878/1763/1594
f 2876/1761/1592 2875/1760/1591 2879/1022/1595
f 2876/1761/1592 2879/1022/1595 2880/1023/1596
f 2875/1760/1591 2877/1762/1593 2881/1024/1597
f 2875/1760/1591 2881/1024/1597 2879/1022/1595
f 2877/1762/1593 2878/1763/1594 2882/1025/1598
f 2877/1762/1593 2882/1025/1598 2881/1024/1597
f 2878/1763/1594 2876/1764/1592 2880/1026/1596
f 2878/1763/1594 2880/1026/1596 2882/1025/1598
f 2880/1023/1596 2879/1022/1595 2883/1765/1599
f 2880/1023/1596 2883/1765/1599 2884/1766/1600
f 2879/1022/1595 2881/1024/1597 2885/1767/1601
f 2879/1022/1595 2885/1767/1601 2883/1765/1599
f 2881/1024/1597 2882/1025/1598 2886/1768/1602
f 2881/1024/1597 2886/1768/1602 2885/1767/1601
f 2882/1025/1598 2880/1026/1596 2884/1769/1600
f 2882/1025/1598 2884/1769/1600 2886/1768/1602
f 2884/1766/1600 2883/1765/1599 2887/1770/1603
f 2884/1766/1600 2887/1770/1603 2888/1771/1604
f 2883/1765/1599 2885/1767/1601 2889/1772/1605
f 2883/1765/1599 2889/1772/1605 2887/1770/1603
f 2885/1767/1601 2886/1768/1602 2890/1773/1606
f 2885/1767/1601 2890/1773/1606 2889/1772/1605
f 2886/1768/1602 2884/1769/1600 2888/1774/1604
f 2886/1768/1602 2888/1774/1604 2890/1773/1606
f 2888/1771/1604 2887/1770/1603 2891/1775/1607
f 2888/1771/1604 2891/1775/1607 2892/1776/1608
f 2887/1770/1603 2889/1772/1605 2893/1777/1609
f 2887/1770/1603 2893/1777/1609 2891/1775/1607
f 2889/1772/1605 2890/1773/1606 2894/1778/1610
f 2889/1772/1605 2894/1778/1610 2893/1777/1609
f 2890/1773/1606 2888/1774/1604 2892/1779/1608
f 2890/1773/1606 2892/1779/1608 2894/1778/1610
f 2892/1776/1608 2891/1775/1607 2895/1042/1611
f 2892/1776/1608 2895/1042/1611 2896/1043/1612
f 2891/1775/1607 2893/1777/1609 2897/1044/1613
f 2891/1775/1607 2897/1044/1613 2895/1042/1611
f 2893/1777/1609 2894/1778/1610 2898/1045/1614
f 2893/1777/1609 2898/1045/1614 2897/1044/1613
f 2894/1778/1610 2892/1779/1608 2896/1046/1612
f 2894/1778/1610 2896/1046/1612 2898/1045/1614
f 2896/1043/1612 2895/1042/1611 2899/1275/1615
f 2896/1043/1612 2899/1275/1615 2900/1276/1616
f 2895/1042/1611 2897/1044/1613 2901/1277/1617
f 2895/1042/1611 2901/1277/1617 2899/1275/1615
f 2897/1044/1613 2898/1045/1614 2902/1278/1618
f 2897/1044/1613 2902/1278/1618 2901/1277/1617
f 2898/1045/1614 2896/1046/1612 2900/1279/1616
f 2898/1045/1614 2900/1279/1616 2902/1278/1618
f 2900/1276/1616 2899/1275/1615 2903/1780/1619
f 2900/1276/1616 2903/1780/1619 2904/1781/1620
f 2899/1275/1615 2901/1277/1617 2905/1782/1621
f 2899/1275/1615 2905/1782/1621 2903/1780/1619
f 2901/1277/1617 2902/1278/1618 2906/1783/1622
f 2901/1277/1617 2906/1783/1622 2905/1782/1621
f 2902/1278/1618 2900/1279/1616 2904/1784/1620
f 2902/1278/1618 2904/1784/1620 2906/1783/1622
f 2904/1781/1620 2903/1780/1619 2907/1785/1623
f 2904/1781/1620 2907/1785/1623 2908/1786/1624
f 2903/1780/1619 2905/1782/1621 2909/1787/1625
f 2903/1780/1619 2909/1787/1625 2907/1785/1623
f 2905/1782/1621 2906/1783/1622 2910/1788/1626
f 2905/1782/1621 2910/1788/1626 2909/1787/1625
f 2906/1783/1622 2904/1784/1620 2908/1789/1624
f 2906/1783/1622 2908/1789/1624 2910/1788/1626
f 2908/1786/1624 2907/1785/1623 2911/1062/1627
f 2908/1786/1624 2911/1062/1627 2912/1063/1628
f 2907/1785/1623 2909/1787/1625 2913/1064/1629
f 2907/1785/1623 2913/1064/1629 2911/1062/1627
f 2909/1787/1625 2910/1788/1626 2914/1065/1630
f 2909/1787/1625 2914/1065/1630 2913/1064/1629
f 2910/1788/1626 2908/1789/1624 2912/1066/1628
f 2910/1788/1626 2912/1066/1628 2914/1065/1630
f 2912/1063/1628 2911/1062/1627 2915/1790/1631
f 2912/1063/1628 2915/1790/1631 2916/1791/1632
f 2911/1062/1627 2913/1064/1629 2917/1792/1633
f 2911/1062/1627 2917/1792/1633 2915/1790/1631
f 2913/1064/1629 2914/1065/1630 2918/1793/1634
f 2913/1064/1629 2918/1793/1634 2917/1792/1633
f 2914/1065/1630 2912/1066/1628 2916/1794/1632
f 2914/1065/1630 2916/1794/1632 2918/1793/1634
f 2916/1791/1632 2915/1790/1631 2919/1795/1635
f 2916/1791/1632 2919/1795/1635 2920/1796/1636
f 2915/1790/1631 2917/1792/1633 2921/1797/1637
f 2915/1790/1631 2921/1797/1637 2919/1795/1635
f 2917/1792/1633 2918/1793/1634 2922/1798/1638
f 2917/1792/1633 2922/1798/1638 2921/1797/1637
f 2918/1793/1634 2916/1794/1632 2920/1799/1636
f 2918/1793/1634 2920/1799/1636 2922/1798/1638
f 2920/1796/1636 2919/1795/1635 2923/1650/1639
f 2920/1796/1636 2923/1650/1639 2924/1651/1640
f 2919/1795/1635 2921/1797/1637 2925/1652/1641
f 2919/1795/1635 2925/1652/1641 2923/1650/1639
f 2921/1797/1637 2922/1798/1638 2926/1653/1642
f 2921/1797/1637 2926/1653/1642 2925/1652/1641
f 2922/1798/1638 2920/1799/1636 2924/1654/1640
f 2922/1798/1638 2924/1654/1640 2926/1653/1642
f 2924/1651/1640 2923/1650/1639 2927/1082/1643
f 2924/1651/1640 2927/1082/1643 2928/1083/1644
f 2923/1650/1639 2925/1652/1641 2929/1084/1645
f 2923/1650/1639 2929/1084/1645 2927/1082/1643
f 2925/1652/1641 2926/1653/1642 2930/1085/1646
f 2925/1652/1641 2930/1085/1646 2929/1084/1645
f 2926/1653/1642 2924/1654/1640 2928/1086/1644
f 2926/1653/1642 2928/1086/1644 2930/1085/1646
f 2928/1083/1644 2927/1082/1643 2931/1800/1647
f 2928/1083/1644 2931/1800/1647 2932/1801/1648
f 2927/1082/1643 2929/1084/1645 2933/1802/1649
f 2927/1082/1643 2933/1802/1649 2931/1800/1647
f 2929/1084/1645 2930/1085/1646 2934/1803/1650
f 2929/1084/1645 2934/1803/1650 2933/1802/1649
f 2930/1085/1646 2928/1086/1644 2932/1804/1648
f 2930/1085/1646 2932/1804/1648 2934/1803/1650
f 2932/1801/1648 2931/1800/1647 2935/1805/1651
f 2932/1801/1648 2935/1805/1651 2936/1806/1652
f 2931/1800/1647 2933/1802/1649 2937/1807/1653
f 2931/1800/1647 2937/1807/1653 2935/1805/1651
f 2933/1802/1649 2934/1803/1650 2938/1808/1654
f 2933/1802/1649 2938/1808/1654 2937/1807/1653
f 2934/1803/1650 2932/1804/1648 2936/1809/1652
f 2934/1803/1650 2936/1809/1652 2938/1808/1654
f 2936/1806/1652 2935/1805/1651 2939/1810/1655
f 2936/1806/1652 2939/1810/1655 2940/1811/1656
f 2935/1805/1651 2937/1807/1653 2941/1812/1657
f 2935/1805/1651 2941/1812/1657 2939/1810/1655
f 2937/1807/1653 2938/1808/1654 2942/1813/1658
f 2937/1807/1653 2942/1813/1658 2941/1812/1657
f 2938/1808/1654 2936/1809/1652 2940/1814/1656
f 2938/1808/1654 2940/1814/1656 2942/1813/1658
f 2940/1811/1656 2939/1810/1655 2943/1102/1659
f 2940/1811/1656 2943/1102/1659 2944/1103/1660
f 2939/1810/1655 2941/1812/1657 2945/1104/1661
f 2939/1810/1655 2945/1104/1661 2943/1102/1659
f 2941/1812/1657 2942/1813/1658 2946/1105/1662
f 2941/1812/1657 2946/1105/1662 2945/1104/1661
f 2942/1813/1658 2940/1814/1656 2944/1106/1660
f 2942/1813/1658 2944/1106/1660 2946/1105/1662
f 2944/1103/1660 2943/1102/1659 2947/1815/1663
f 2944/1103/1660 2947/1815/1663 2948/1816/1664
f 2943/1102/1659 2945/1104/1661 2949/1817/1665
f 2943/1102/1659 2949/1817/1665 2947/1815/1663
f 2945/1104/1661 2946/1105/1662 2950/1818/1666
f 2945/1104/1661 2950/1818/1666 2949/1817/1665
f 2946/1105/1662 2944/1106/1660 2948/1819/1664
f 2946/1105/1662 2948/1819/1664 2950/1818/1666
f 2948/1816/1664 2947/1815/1663 2951/1820/1667
f 2948/1816/1664 2951/1820/1667 2952/1821/1668
f 2947/1815/1663 2949/1817/1665 2953/1822/1669
f 2947/1815/1663 2953/1822/1669 2951/1820/1667
f 2949/1817/1665 2950/1818/1666 2954/1823/1670
f 2949/1817/1665 2954/1823/1670 2953/1822/1669
f 2950/1818/1666 2948/1819/1664 2952/1824/1668
f 2950/1818/1666 2952/1824/1668 2954/1823/1670
f 2952/1821/1668 2951/1820/1667 2955/1825/1671
f 2952/1821/1668 2955/1825/1671 2956/1826/1672
f 2951/1820/1667 2953/1822/1669 2957/1827/1673
f 2951/1820/1667 2957/1827/1673 2955/1825/1671
f 2953/1822/1669 2954/1823/1670 2958/1828/1674
f 2953/1822/1669 2958/1828/1674 2957/1827/1673
f 2954/1823/1670 2952/1824/1668 2956/1829/1672
f 2954/1823/1670 2956/1829/1672 2958/1828/1674
f 2956/1826/1672 2955/1825/1671 2959/1122/1675
f 2956/1826/1672 2959/1122/1675 2960/1123/1676
f 2955/1825/1671 2957/1827/1673 2961/1124/1677
f 2955/1825/1671 2961/1124/1677 2959/1122/1675
f 2957/1827/1673 2958/1828/1674 2962/1125/1678
f 2957/1827/1673 2962/1125/1678 2961/1124/1677
f 2958/1828/1674 2956/1829/1672 2960/1126/1676
f 2958/1828/1674 2960/1126/1676 2962/1125/1678
f 2960/1123/1676 2959/1122/1675 2963/1830/1679
f 2960/1123/1676 2963/1830/1679 2964/1831/1680
f 2959/1122/1675 2961/1124/1677 2965/1832/1681
f 2959/1122/1675 2965/1832/1681 2963/1830/1679
f 2961/1124/1677 2962/1125/1678 2966/1833/1682
f 2961/1124/1677 2966/1833/1682 2965/1832/1681
f 2962/1125/1678 2960/1126/1676 2964/1834/1680
f 2962/1125/1678 2964/1834/1680 2966/1833/1682
f 2964/1831/1680 2963/1830/1679 2967/1835/1683
f 2964/1831/1680 2967/1835/1683 2968/1836/1684
f 2963/1830/1679 2965/1832/1681 2969/1837/1685
f 2963/1830/1679 2969/1837/1685 2967/1835/1683
f 2965/1832/1681 2966/1833/1682 2970/1838/1686
f 2965/1832/1681 2970/1838/1686 2969/1837/1685
f 2966/1833/1682 2964/1834/1680 2968/1839/1684
f 2966/1833/1682 2968/1839/1684 2970/1838/1686
f 2968/1836/1684 2967/1835/1683 2971/1840/1687
f 2968/1836/1684 2971/1840/1687 2972/1841/1688
f 2967/1835/1683 2969/1837/1685 2973/1842/1689
f 2967/1835/1683 2973/1842/1689 2971/1840/1687
f 2969/1837/1685 2970/1838/1686 2974/1843/1690
f 2969/1837/1685 2974/1843/1690 2973/1842/1689
f 2970/1838/1686 2968/1839/1684 2972/1844/1688
f 2970/1838/1686 2972/1844/1688 2974/1843/1690
f 2972/1841/1688 2971/1840/1687 2975/1142/1691
f 2972/1841/1688 2975/1142/1691 2976/685/1692
f 2971/1840/1687 2973/1842/1689 2977/1143/1693
f 2971/1840/1687 2977/1143/1693 2975/1142/1691
f 2973/1842/1689 2974/1843/1690 2978/1144/1694
f 2973/1842/1689 2978/1144/1694 2977/1143/1693
f 2974/1843/1690 2972/1844/1688 2976/686/1692
f 2974/1843/1690 2976/686/1692 2978/1144/1694
f 2979/1845/717 2980/1846/717 2981/1847/717
f 2981/1847/717 2982/1848/717 2979/1845/717
f 2983/1845/713 2984/1846/713 2985/1847/713
f 2985/1847/713 2986/1848/713 2983/1845/713
f 2980/1848/61 2979/1845/61 2984/1846/61
f 2984/1846/61 2983/1847/61 2980/1848/61
f 2982/1848/62 2981/1845/62 2986/1846/62
f 2986/1846/62 2985/1847/62 2982/1848/62
f 2979/1846/715 2982/1847/715 2985/1848/715
f 2985/1848/715 2984/1845/715 2979/1846/715
f 2981/1848/712 2980/1845/712 2983/1846/712
f 2983/1846/712 2986/1847/712 2981/1848/712
f 2987/1849/717 2988/1850/717 2989/1851/717
f 2989/1851/717 2990/1852/717 2987/1849/717
f 2991/1849/713 2992/1850/713 2993/1851/713
f 2993/1851/713 2994/1852/713 2991/1849/713
f 2988/1852/61 2987/1849/61 2992/1850/61
f 2992/1850/61 2991/1851/61 2988/1852/61
f 2990/1852/62 2989/1849/62 2994/1850/62
f 2994/1850/62 2993/1851/62 2990/1852/62
f 2987/1850/715 2990/1851/715 2993/1852/715
f 2993/1852/715 2992/1849/715 2987/1850/715
f 2989/1852/712 2988/1849/712 2991/1850/712
f 2991/1850/712 2994/1851/712 2989/1852/712
f 2995/1853/717 2996/1854/717 2997/1855/717
f 2997/1855/717 2998/1856/717 2995/1853/717
f 2999/1853/713 3000/1854/713 3001/1855/713
f 3001/1855/713 3002/1856/713 2999/1853/713
f 2996/1856/61 2995/1853/61 3000/1854/61
f 3000/1854/61 2999/1855/61 2996/1856/61
f 2998/1856/62 2997/1853/62 3002/1854/62
f 3002/1854/62 3001/1855/62 2998/1856/62
f 2995/1854/715 2998/1855/715 3001/1856/715
f 3001/1856/715 3000/1853/715 2995/1854/715
f 2997/1856/712 2996/1853/712 2999/1854/712
f 2999/1854/712 3002/1855/712 2997/1856/712
f 3003/1857/717 3004/1858/717 3005/1859/717
f 3005/1859/717 3006/1860/717 3003/1857/717
f 3007/1857/713 3008/1858/713 3009/1859/713
f 3009/1859/713 3010/1860/713 3007/1857/713
f 3004/1860/61 3003/1857/61 3008/1858/61
f 3008/1858/61 3007/1859/61 3004/1860/61
f 3006/1860/62 3005/1857/62 3010/1858/62
f 3010/1858/62 3009/1859/62 3006/1860/62
f 3003/1858/715 3006/1859/715 3009/1860/715
f 3009/1860/715 3008/1857/715 3003/1858/715
f 3005/1860/712 3004/1857/712 3007/1858/712
f 3007/1858/712 3010/1859/712 3005/1860/712
f 3011/1845/717 3012/1846/717 3013/1847/717
f 3013/1847/717 3014/1848/717 3011/1845/717
f 3015/1845/713 3016/1846/713 3017/1847/713
f 3017/1847/713 3018/1848/713 3015/1845/713
f 3012/1848/61 3011/1845/61 3016/1846/61
f 3016/1846/61 3015/1847/61 3012/1848/61
f 3014/1848/62 3013/1845/62 3018/1846/62
f 3018/1846/62 3017/1847/62 3014/1848/62
f 3011/1846/715 3014/1847/715 3017/1848/715
f 3017/1848/715 3016/1845/715 3011/1846/715
f 3013/1848/712 3012/1845/712 3015/1846/712
f 3015/1846/712 3018/1847/712 3013/1848/712
f 3019/1849/717 3020/1850/717 3021/1851/717
f 3021/1851/717 3022/1852/717 3019/1849/717
f 3023/1849/713 3024/1850/713 3025/1851/713
f 3025/1851/713 3026/1852/713 3023/1849/713
f 3020/1852/61 3019/1849/61 3024/1850/61
f 3024/1850/61 3023/1851/61 3020/1852/61
f 3022/1852/62 3021/1849/62 3026/1850/62
f 3026/1850/62 3025/1851/62 3022/1852/62
f 3019/1850/715 3022/1851/715 3025/1852/715
f 3025/1852/715 3024/1849/715 3019/1850/715
f 3021/1852/712 3020/1849/712 3023/1850/712
f 3023/1850/712 3026/1851/712 3021/1852/712
f 3027/1853/717 3028/1854/717 3029/1855/717
f 3029/1855/717 3030/1856/717 3027/1853/717
f 3031/1853/713 3032/1854/713 3033/1855/713
f 3033/1855/713 3034/1856/713 3031/1853/713
f 3028/1856/61 3027/1853/61 3032/1854/61
f 3032/1854/61 3031/1855/61 3028/1856/61
f 3030/1856/62 3029/1853/62 3034/1854/62
f 3034/1854/62 3033/1855/62 3030/1856/62
f 3027/1854/715 3030/1855/715 3033/1856/715
f 3033/1856/715 3032/1853/715 3027/1854/715
f 3029/1856/712 3028/1853/712 3031/1854/712
f 3031/1854/712 3034/1855/712 3029/1856/712
f 3035/1857/717 3036/1858/717 3037/1859/717
f 3037/1859/717 3038/1860/717 3035/1857/717
f 3039/1857/713 3040/1858/713 3041/1859/713
f 3041/1859/713 3042/1860/713 3039/1857/713
f 3036/1860/61 3035/1857/61 3040/1858/61
f 3040/1858/61 3039/1859/61 3036/1860/61
f 3038/1860/62 3037/1857/62 3042/1858/62
f 3042/1858/62 3041/1859/62 3038/1860/62
f 3035/1858/715 3038/1859/715 3041/1860/715
f 3041/1860/715 3040/1857/715 3035/1858/715
f 3037/1860/712 3036/1857/712 3039/1858/712
f 3039/1858/712 3042/1859/712 3037/1860/712
f 3043/1845/717 3044/1846/717 3045/1847/717
f 3045/1847/717 3046/1848/717 3043/1845/717
f 3047/1845/713 3048/1846/713 3049/1847/713
f 3049/1847/713 3050/1848/713 3047/1845/713
f 3044/1848/61 3043/1845/61 3048/1846/61
f 3048/1846/61 3047/1847/61 3044/1848/61
f 3046/1848/62 3045/1845/62 3050/1846/62
f 3050/1846/62 3049/1847/62 3046/1848/62
f 3043/1846/715 3046/1847/715 3049/1848/715
f 3049/1848/715 3048/1845/715 3043/1846/715
f 3045/1848/712 3044/1845/712 3047/1846/712
f 3047/1846/712 3050/1847/712 3045/1848/712
f 3051/1849/717 3052/1850/717 3053/1851/717
f 3053/1851/717 3054/1852/717 3051/1849/717
f 3055/1849/713 3056/1850/713 3057/1851/713
f 3057/1851/713 3058/1852/713 3055/1849/713
f 3052/1852/61 3051/1849/61 3056/1850/61
f 3056/1850/61 3055/1851/61 3052/1852/61
f 3054/1852/62 3053/1849/62 3058/1850/62
f 3058/1850/62 3057/1851/62 3054/1852/62
f 3051/1850/715 3054/1851/715 3057/1852/715
f 3057/1852/715 3056/1849/715 3051/1850/715
f 3053/1852/712 3052/1849/712 3055/1850/712
f 3055/1850/712 3058/1851/712 3053/1852/712
f 3059/1853/717 3060/1854/717 3061/1855/717
f 3061/1855/717 3062/1856/717 3059/1853/717
f 3063/1853/713 3064/1854/713 3065/1855/713
f 3065/1855/713 3066/1856/713 3063/1853/713
f 3060/1856/61 3059/1853/61 3064/1854/61
f 3064/1854/61 3063/1855/61 3060/1856/61
f 3062/1856/62 3061/1853/62 3066/1854/62
f 3066/1854/62 3065/1855/62 3062/1856/62
f 3059/1854/715 3062/1855/715 3065/1856/715
f 3065/1856/715 3064/1853/715 3059/1854/715
f 3061/1856/712 3060/1853/712 3063/1854/712
f 3063/1854/712 3066/1855/712 3061/1856/712
f 3067/1857/717 3068/1858/717 3069/1859/717
f 3069/1859/717 3070/1860/717 3067/1857/717
f 3071/1857/713 3072/1858/713 3073/1859/713
f 3073/1859/713 3074/1860/713 3071/1857/713
f 3068/1860/61 3067/1857/61 3072/1858/61
f 3072/1858/61 3071/1859/61 3068/1860/61
f 3070/1860/62 3069/1857/62 3074/1858/62
f 3074/1858/62 3073/1859/62 3070/1860/62
f 3067/1858/715 3070/1859/715 3073/1860/715
f 3073/1860/715 3072/1857/715 3067/1858/715
f 3069/1860/712 3068/1857/712 3071/1858/712
f 3071/1858/712 3074/1859/712 3069/1860/712
f 3075/1845/717 3076/1846/717 3077/1847/717
f 3077/1847/717 3078/1848/717 3075/1845/717
f 3079/1845/713 3080/1846/713 3081/1847/713
f 3081/1847/713 3082/1848/713 3079/1845/713
f 3076/1848/61 3075/1845/61 3080/1846/61
f 3080/1846/61 3079/1847/61 3076/1848/61
f 3078/1848/62 3077/1845/62 3082/1846/62
f 3082/1846/62 3081/1847/62 3078/1848/62
f 3075/1846/715 3078/1847/715 3081/1848/715
f 3081/1848/715 3080/1845/715 3075/1846/715
f 3077/1848/712 3076/1845/712 3079/1846/712
f 3079/1846/712 3082/1847/712 3077/1848/712
f 3083/1849/717 3084/1850/717 3085/1851/717
f 3085/1851/717 3086/1852/717 3083/1849/717
f 3087/1849/713 3088/1850/713 3089/1851/713
f 3089/1851/713 3090/1852/713 3087/1849/713
f 3084/1852/61 3083/1849/61 3088/1850/61
f 3088/1850/61 3087/1851/61 3084/1852/61
f 3086/1852/62 3085/1849/62 3090/1850/62
f 3090/1850/62 3089/1851/62 3086/1852/62
f 3083/1850/715 3086/1851/715 3089/1852/715
f 3089/1852/715 3088/1849/715 3083/1850/715
f 3085/1852/712 3084/1849/712 3087/1850/712
f 3087/1850/712 3090/1851/712 3085/1852/712
f 3091/1853/717 3092/1854/717 3093/1855/717
f 3093/1855/717 3094/1856/717 3091/1853/717
f 3095/1853/713 3096/1854/713 3097/1855/713
f 3097/1855/713 3098/1856/713 3095/1853/713
f 3092/1856/61 3091/1853/61 3096/1854/61
f 3096/1854/61 3095/1855/61 3092/1856/61
f 3094/1856/62 3093/1853/62 3098/1854/62
f 3098/1854/62 3097/1855/62 3094/1856/62
f 3091/1854/715 3094/1855/715 3097/1856/715
f 3097/1856/715 3096/1853/715 3091/1854/715
f 3093/1856/712 3092/1853/712 3095/1854/712
f 3095/1854/712 3098/1855/712 3093/1856/712
f 3099/1857/717 3100/1858/717 3101/1859/717
f 3101/1859/717 3102/1860/717 3099/1857/717
f 3103/1857/713 3104/1858/713 3105/1859/713
f 3105/1859/713 3106/1860/713 3103/1857/713
f 3100/1860/61 3099/1857/61 3104/1858/61
f 3104/1858/61 3103/1859/61 3100/1860/61
f 3102/1860/62 3101/1857/62 3106/1858/62
f 3106/1858/62 3105/1859/62 3102/1860/62
f 3099/1858/715 3102/1859/715 3105/1860/715
f 3105/1860/715 3104/1857/715 3099/1858/715
f 3101/1860/712 3100/1857/712 3103/1858/712
f 3103/1858/712 3106/1859/712 3101/1860/712
f 3107/1845/717 3108/1846/717 3109/1847/717
f 3109/1847/717 3110/1848/717 3107/1845/717
f 3111/1845/713 3112/1846/713 3113/1847/713
f 3113/1847/713 3114/1848/713 3111/1845/713
f 3108/1848/61 3107/1845/61 3112/1846/61
f 3112/1846/61 3111/1847/61 3108/1848/61
f 3110/1848/62 3109/1845/62 3114/1846/62
f 3114/1846/62 3113/1847/62 3110/1848/62
f 3107/1846/715 3110/1847/715 3113/1848/715
f 3113/1848/715 3112/1845/715 3107/1846/715
f 3109/1848/712 3108/1845/712 3111/1846/712
f 3111/1846/712 3114/1847/712 3109/1848/712
f 3115/1849/717 3116/1850/717 3117/1851/717
f 3117/1851/717 3118/1852/717 3115/1849/717
f 3119/1849/713 3120/1850/713 3121/1851/713
f 3121/1851/713 3122/1852/713 3119/1849/713
f 3116/1852/61 3115/1849/61 3120/1850/61
f 3120/1850/61 3119/1851/61 3116/1852/61
f 3118/1852/62 3117/1849/62 3122/1850/62
f 3122/1850/62 3121/1851/62 3118/1852/62
f 3115/1850/715 3118/1851/715 3121/1852/715
f 3121/1852/715 3120/1849/715 3115/1850/715
f 3117/1852/712 3116/1849/712 3119/1850/712
f 3119/1850/712 3122/1851/712 3117/1852/712
f 3123/1853/717 3124/1854/717 3125/1855/717
f 3125/1855/717 3126/1856/717 3123/1853/717
f 3127/1853/713 3128/1854/713 3129/1855/713
f 3129/1855/713 3130/1856/713 3127/1853/713
f 3124/1856/61 3123/1853/61 3128/1854/61
f 3128/1854/61 3127/1855/61 3124/1856/61
f 3126/1856/62 3125/1853/62 3130/1854/62
f 3130/1854/62 3129/1855/62 3126/1856/62
f 3123/1854/715 3126/1855/715 3129/1856/715
f 3129/1856/715 3128/1853/715 3123/1854/715
f 3125/1856/712 3124/1853/712 3127/1854/712
f 3127/1854/712 3130/1855/712 3125/1856/712
f 3131/1857/717 3132/1858/717 3133/1859/717
f 3133/1859/717 3134/1860/717 3131/1857/717
f 3135/1857/713 3136/1858/713 3137/1859/713
f 3137/1859/713 3138/1860/713 3135/1857/713
f 3132/1860/61 3131/1857/61 3136/1858/61
f 3136/1858/61 3135/1859/61 3132/1860/61
f 3134/1860/62 3133/1857/62 3138/1858/62
f 3138/1858/62 3137/1859/62 3134/1860/62
f 3131/1858/715 3134/1859/715 3137/1860/715
f 3137/1860/715 3136/1857/715 3131/1858/715
f 3133/1860/712 3132/1857/712 3135/1858/712
f 3135/1858/712 3138/1859/712 3133/1860/712
f 3139/1845/717 3140/1846/717 3141/1847/717
f 3141/1847/717 3142/1848/717 3139/1845/717
f 3143/1845/713 3144/1846/713 3145/1847/713
f 3145/1847/713 3146/1848/713 3143/1845/713
f 3140/1848/61 3139/1845/61 3144/1846/61
f 3144/1846/61 3143/1847/61 3140/1848/61
f 3142/1848/62 3141/1845/62 3146/1846/62
f 3146/1846/62 3145/1847/62 3142/1848/62
f 3139/1846/715 3142/1847/715 3145/1848/715
f 3145/1848/715 3144/1845/715 3139/1846/715
f 3141/1848/712 3140/1845/712 3143/1846/712
f 3143/1846/712 3146/1847/712 3141/1848/712
f 3147/1849/717 3148/1850/717 3149/1851/717
f 3149/1851/717 3150/1852/717 3147/1849/717
f 3151/1849/713 3152/1850/713 3153/1851/713
f 3153/1851/713 3154/1852/713 3151/1849/713
f 3148/1852/61 3147/1849/61 3152/1850/61
f 3152/1850/61 3151/1851/61 3148/1852/61
f 3150/1852/62 3149/1849/62 3154/1850/62
f 3154/1850/62 3153/1851/62 3150/1852/62
f 3147/1850/715 3150/1851/715 3153/1852/715
f 3153/1852/715 3152/1849/715 3147/1850/715
f 3149/1852/712 3148/1849/712 3151/1850/712
f 3151/1850/712 3154/1851/712 3149/1852/712
f 3155/1853/717 3156/1854/717 3157/1855/717
f 3157/1855/717 3158/1856/717 3155/1853/717
f 3159/1853/713 3160/1854/713 3161/1855/713
f 3161/1855/713 3162/1856/713 3159/1853/713
f 3156/1856/61 3155/1853/61 3160/1854/61
f 3160/1854/61 3159/1855/61 3156/1856/61
f 3158/1856/62 3157/1853/62 3162/1854/62
f 3162/1854/62 3161/1855/62 3158/1856/62
f 3155/1854/715 3158/1855/715 3161/1856/715
f 3161/1856/715 3160/1853/715 3155/1854/715
f 3157/1856/712 3156/1853/712 3159/1854/712
f 3159/1854/712 3162/1855/712 3157/1856/712
f 3163/1857/717 3164/1858/717 3165/1859/717
f 3165/1859/717 3166/1860/717 3163/1857/717
f 3167/1857/713 3168/1858/713 3169/1859/713
f 3169/1859/713 3170/1860/713 3167/1857/713
f 3164/1860/61 3163/1857/61 3168/1858/61
f 3168/1858/61 3167/1859/61 3164/1860/61
f 3166/1860/62 3165/1857/62 3170/1858/62
f 3170/1858/62 3169/1859/62 3166/1860/62
f 3163/1858/715 3166/1859/715 3169/1860/715
f 3169/1860/715 3168/1857/715 3163/1858/715
f 3165/1860/712 3164/1857/712 3167/1858/712
f 3167/1858/712 3170/1859/712 3165/1860/712
f 3171/1845/717 3172/1846/717 3173/1847/717
f 3173/1847/717 3174/1848/717 3171/1845/717
f 3175/1845/713 3176/1846/713 3177/1847/713
f 3177/1847/713 3178/1848/713 3175/1845/713
f 3172/1848/61 3171/1845/61 3176/1846/61
f 3176/1846/61 3175/1847/61 3172/1848/61
f 3174/1848/62 3173/1845/62 3178/1846/62
f 3178/1846/62 3177/1847/62 3174/1848/62
f 3171/1846/715 3174/1847/715 3177/1848/715
f 3177/1848/715 3176/1845/715 3171/1846/715
f 3173/1848/712 3172/1845/712 3175/1846/712
f 3175/1846/712 3178/1847/712 3173/1848/712
f 3179/1849/717 3180/1850/717 3181/1851/717
f 3181/1851/717 3182/1852/717 3179/1849/717
f 3183/1849/713 3184/1850/713 3185/1851/713
f 3185/1851/713 3186/1852/713 3183/1849/713
f 3180/1852/61 3179/1849/61 3184/1850/61
f 3184/1850/61 3183/1851/61 3180/1852/61
f 3182/1852/62 3181/1849/62 3186/1850/62
f 3186/1850/62 3185/1851/62 3182/1852/62
f 3179/1850/715 3182/1851/715 3185/1852/715
f 3185/1852/715 3184/1849/715 3179/1850/715
f 3181/1852/712 3180/1849/712 3183/1850/712
f 3183/1850/712 3186/1851/712 3181/1852/712
f 3187/1853/717 3188/1854/717 3189/1855/717
f 3189/1855/717 3190/1856/717 3187/1853/717
f 3191/1853/713 3192/1854/713 3193/1855/713
f 3193/1855/713 3194/1856/713 3191/1853/713
f 3188/1856/61 3187/1853/61 3192/1854/61
f 3192/1854/61 3191/1855/61 3188/1856/61
f 3190/1856/62 3189/1853/62 3194/1854/62
f 3194/1854/62 3193/1855/62 3190/1856/62
f 3187/1854/715 3190/1855/715 3193/1856/715
f 3193/1856/715 3192/1853/715 3187/1854/715
f 3189/1856/712 3188/1853/712 3191/1854/712
f 3191/1854/712 3194/1855/712 3189/1856/712
f 3195/1857/717 3196/1858/717 3197/1859/717
f 3197/1859/717 3198/1860/717 3195/1857/717
f 3199/1857/713 3200/1858/713 3201/1859/713
f 3201/1859/713 3202/1860/713 3199/1857/713
f 3196/1860/61 3195/1857/61 3200/1858/61
f 3200/1858/61 3199/1859/61 3196/1860/61
f 3198/1860/62 3197/1857/62 3202/1858/62
f 3202/1858/62 3201/1859/62 3198/1860/62
f 3195/1858/715 3198/1859/715 3201/1860/715
f 3201/1860/715 3200/1857/715 3195/1858/715
f 3197/1860/712 3196/1857/712 3199/1858/712
f 3199/1858/712 3202/1859/712 3197/1860/712
f 3203/1845/717 3204/1846/717 3205/1847/717
f 3205/1847/717 3206/1848/717 3203/1845/717
f 3207/1845/713 3208/1846/713 3209/1847/713
f 3209/1847/713 3210/1848/713 3207/1845/713
f 3204/1848/61 3203/1845/61 3208/1846/61
f 3208/1846/61 3207/1847/61 3204/1848/61
f 3206/1848/62 3205/1845/62 3210/1846/62
f 3210/1846/62 3209/1847/62 3206/1848/62
f 3203/1846/715 3206/1847/715 3209/1848/715
f 3209/1848/715 3208/1845/715 3203/1846/715
f 3205/1848/712 3204/1845/712 3207/1846/712
f 3207/1846/712 3210/1847/712 3205/1848/712
f 3211/1849/717 3212/1850/717 3213/1851/717
f 3213/1851/717 3214/1852/717 3211/1849/717
f 3215/1849/713 3216/1850/713 3217/1851/713
f 3217/1851/713 3218/1852/713 3215/1849/713
f 3212/1852/61 3211/1849/61 3216/1850/61
f 3216/1850/61 3215/1851/61 3212/1852/61
f 3214/1852/62 3213/1849/62 3218/1850/62
f 3218/1850/62 3217/1851/62 3214/1852/62
f 3211/1850/715 3214/1851/715 3217/1852/715
f 3217/1852/715 3216/1849/715 3211/1850/715
f 3213/1852/712 3212/1849/712 3215/1850/712
f 3215/1850/712 3218/1851/712 3213/1852/712
f 3219/1853/717 3220/1854/717 3221/1855/717
f 3221/1855/717 3222/1856/717 3219/1853/717
f 3223/1853/713 3224/1854/713 3225/1855/713
f 3225/1855/713 3226/1856/713 3223/1853/713
f 3220/1856/61 3219/1853/61 3224/1854/61
f 3224/1854/61 3223/1855/61 3220/1856/61
f 3222/1856/62 3221/1853/62 3226/1854/62
f 3226/1854/62 3225/1855/62 3222/1856/62
f 3219/1854/715 3222/1855/715 3225/1856/715
f 3225/1856/715 3224/1853/715 3219/1854/715
f 3221/1856/712 3220/1853/712 3223/1854/712
f 3223/1854/712 3226/1855/712 3221/1856/712
f 3227/1857/717 3228/1858/717 3229/1859/717
f 3229/1859/717 3230/1860/717 3227/1857/717
f 3231/1857/713 3232/1858/713 3233/1859/713
f 3233/1859/713 3234/1860/713 3231/1857/713
f 3228/1860/61 3227/1857/61 3232/1858/61
f 3232/1858/61 3231/1859/61 3228/1860/61
f 3230/1860/62 3229/1857/62 3234/1858/62
f 3234/1858/62 3233/1859/62 3230/1860/62
f 3227/1858/715 3230/1859/715 3233/1860/715
f 3233/1860/715 3232/1857/715 3227/1858/715
f 3229/1860/712 3228/1857/712 3231/1858/712
f 3231/1858/712 3234/1859/712 3229/1860/712
f 3235/1845/717 3236/1846/717 3237/1847/717
f 3237/1847/717 3238/1848/717 3235/1845/717
f 3239/1845/713 3240/1846/713 3241/1847/713
f 3241/1847/713 3242/1848/713 3239/1845/713
f 3236/1848/61 3235/1845/61 3240/1846/61
f 3240/1846/61 3239/1847/61 3236/1848/61
f 3238/1848/62 3237/1845/62 3242/1846/62
f 3242/1846/62 3241/1847/62 3238/1848/62
f 3235/1846/715 3238/1847/715 3241/1848/715
f 3241/1848/715 3240/1845/715 3235/1846/715
f 3237/1848/712 3236/1845/712 3239/1846/712
f 3239/1846/712 3242/1847/712 3237/1848/712
f 3243/1849/717 3244/1850/717 3245/1851/717
f 3245/1851/717 3246/1852/717 3243/1849/717
f 3247/1849/713 3248/1850/713 3249/1851/713
f 3249/1851/713 3250/1852/713 3247/1849/713
f 3244/1852/61 3243/1849/61 3248/1850/61
f 3248/1850/61 3247/1851/61 3244/1852/61
f 3246/1852/62 3245/1849/62 3250/1850/62
f 3250/1850/62 3249/1851/62 3246/1852/62
f 3243/1850/715 3246/1851/715 3249/1852/715
f 3249/1852/715 3248/1849/715 3243/1850/715
f 3245/1852/712 3244/1849/712 3247/1850/712
f 3247/1850/712 3250/1851/712 3245/1852/712
f 3251/1853/717 3252/1854/717 3253/1855/717
f 3253/1855/717 3254/1856/717 3251/1853/717
f 3255/1853/713 3256/1854/713 3257/1855/713
f 3257/1855/713 3258/1856/713 3255/1853/713
f 3252/1856/61 3251/1853/61 3256/1854/61
f 3256/1854/61 3255/1855/61 3252/1856/61
f 3254/1856/62 3253/1853/62 3258/1854/62
f 3258/1854/62 3257/1855/62 3254/1856/62
f 3251/1854/715 3254/1855/715 3257/1856/715
f 3257/1856/715 3256/1853/715 3251/1854/715
f 3253/1856/712 3252/1853/712 3255/1854/712
f 3255/1854/712 3258/1855/712 3253/1856/712
f 3259/1857/717 3260/1858/717 3261/1859/717
f 3261/1859/717 3262/1860/717 3259/1857/717
f 3263/1857/713 3264/1858/713 3265/1859/713
f 3265/1859/713 3266/1860/713 3263/1857/713
f 3260/1860/61 3259/1857/61 3264/1858/61
f 3264/1858/61 3263/1859/61 3260/1860/61
f 3262/1860/62 3261/1857/62 3266/1858/62
f 3266/1858/62 3265/1859/62 3262/1860/62
f 3259/1858/715 3262/1859/715 3265/1860/715
f 3265/1860/715 3264/1857/715 3259/1858/715
f 3261/1860/712 3260/1857/712 3263/1858/712
f 3263/1858/712 3266/1859/712 3261/1860/712
f 3267/1845/717 3268/1846/717 3269/1847/717
f 3269/1847/717 3270/1848/717 3267/1845/717
f 3271/1845/713 3272/1846/713 3273/1847/713
f 3273/1847/713 3274/1848/713 3271/1845/713
f 3268/1848/61 3267/1845/61 3272/1846/61
f 3272/1846/61 3271/1847/61 3268/1848/61
f 3270/1848/62 3269/1845/62 3274/1846/62
f 3274/1846/62 3273/1847/62 3270/1848/62
f 3267/1846/715 3270/1847/715 3273/1848/715
f 3273/1848/715 3272/1845/715 3267/1846/715
f 3269/1848/712 3268/1845/712 3271/1846/712
f 3271/1846/712 3274/1847/712 3269/1848/712
f 3275/1849/717 3276/1850/717 3277/1851/717
f 3277/1851/717 3278/1852/717 3275/1849/717
f 3279/1849/713 3280/1850/713 3281/1851/713
f 3281/1851/713 3282/1852/713 3279/1849/713
f 3276/1852/61 3275/1849/61 3280/1850/61
f 3280/1850/61 3279/1851/61 3276/1852/61
f 3278/1852/62 3277/1849/62 3282/1850/62
f 3282/1850/62 3281/1851/62 3278/1852/62
f 3275/1850/715 3278/1851/715 3281/1852/715
f 3281/1852/715 3280/1849/715 3275/1850/715
f 3277/1852/712 3276/1849/712 3279/1850/712
f 3279/1850/712 3282/1851/712 3277/1852/712
f 3283/1853/717 3284/1854/717 3285/1855/717
f 3285/1855/717 3286/1856/717 3283/1853/717
f 3287/1853/713 3288/1854/713 3289/1855/713
f 3289/1855/713 3290/1856/713 3287/1853/713
f 3284/1856/61 3283/1853/61 3288/1854/61
f 3288/1854/61 3287/1855/61 3284/1856/61
f 3286/1856/62 3285/1853/62 3290/1854/62
f 3290/1854/62 3289/1855/62 3286/1856/62
f 3283/1854/715 3286/1855/715 3289/1856/715
f 3289/1856/715 3288/1853/715 3283/1854/715
f 3285/1856/712 3284/1853/712 3287/1854/712
f 3287/1854/712 3290/1855/712 3285/1856/712
f 3291/1857/717 3292/1858/717 3293/1859/717
f 3293/1859/717 3294/1860/717 3291/1857/717
f 3295/1857/713 3296/1858/713 3297/1859/713
f 3297/1859/713 3298/1860/713 3295/1857/713
f 3292/1860/61 3291/1857/61 3296/1858/61
f 3296/1858/61 3295/1859/61 3292/1860/61
f 3294/1860/62 3293/1857/62 3298/1858/62
f 3298/1858/62 3297/1859/62 3294/1860/62
f 3291/1858/715 3294/1859/715 3297/1860/715
f 3297/1860/715 3296/1857/715 3291/1858/715
f 3293/1860/712 3292/1857/712 3295/1858/712
f 3295/1858/712 3298/1859/712 3293/1860/712
f 3299/1845/717 3300/1846/717 3301/1847/717
f 3301/1847/717 3302/1848/717 3299/1845/717
f 3303/1845/713 3304/1846/713 3305/1847/713
f 3305/1847/713 3306/1848/713 3303/1845/713
f 3300/1848/61 3299/1845/61 3304/1846/61
f 3304/1846/61 3303/1847/61 3300/1848/61
f 3302/1848/62 3301/1845/62 3306/1846/62
f 3306/1846/62 3305/1847/62 3302/1848/62
f 3299/1846/715 3302/1847/715 3305/1848/715
f 3305/1848/715 3304/1845/715 3299/1846/715
f 3301/1848/712 3300/1845/712 3303/1846/712
f 3303/1846/712 3306/1847/712 3301/1848/712
f 3307/1849/717 3308/1850/717 3309/1851/717
f 3309/1851/717 3310/1852/717 3307/1849/717
f 3311/1849/713 3312/1850/713 3313/1851/713
f 3313/1851/713 3314/1852/713 3311/1849/713
f 3308/1852/61 3307/1849/61 3312/1850/61
f 3312/1850/61 3311/1851/61 3308/1852/61
f 3310/1852/62 3309/1849/62 3314/1850/62
f 3314/1850/62 3313/1851/62 3310/1852/62
f 3307/1850/715 3310/1851/715 3313/1852/715
f 3313/1852/715 3312/1849/715 3307/1850/715
f 3309/1852/712 3308/1849/712 3311/1850/712
f 3311/1850/712 3314/1851/712 3309/1852/712
f 3315/1853/717 3316/1854/717 3317/1855/717
f 3317/1855/717 3318/1856/717 3315/1853/717
f 3319/1853/713 3320/1854/713 3321/1855/713
f 3321/1855/713 3322/1856/713 3319/1853/713
f 3316/1856/61 3315/1853/61 3320/1854/61
f 3320/1854/61 3319/1855/61 3316/1856/61
f 3318/1856/62 3317/1853/62 3322/1854/62
f 3322/1854/62 3321/1855/62 3318/1856/62
f 3315/1854/715 3318/1855/715 3321/1856/715
f 3321/1856/715 3320/1853/715 3315/1854/715
f 3317/1856/712 3316/1853/712 3319/1854/712
f 3319/1854/712 3322/1855/712 3317/1856/712
f 3323/1857/717 3324/1858/717 3325/1859/717
f 3325/1859/717 3326/1860/717 3323/1857/717
f 3327/1857/713 3328/1858/713 3329/1859/713
f 3329/1859/713 3330/1860/713 3327/1857/713
f 3324/1860/61 3323/1857/61 3328/1858/61
f 3328/1858/61 3327/1859/61 3324/1860/61
f 3326/1860/62 3325/1857/62 3330/1858/62
f 3330/1858/62 3329/1859/62 3326/1860/62
f 3323/1858/715 3326/1859/715 3329/1860/715
f 3329/1860/715 3328/1857/715 3323/1858/715
f 3325/1860/712 3324/1857/712 3327/1858/712
f 3327/1858/712 3330/1859/712 3325/1860/712
f 3331/1845/717 3332/1846/717 3333/1847/717
f 3333/1847/717 3334/1848/717 3331/1845/717
f 3335/1845/713 3336/1846/713 3337/1847/713
f 3337/1847/713 3338/1848/713 3335/1845/713
f 3332/1848/61 3331/1845/61 3336/1846/61
f 3336/1846/61 3335/1847/61 3332/1848/61
f 3334/1848/62 3333/1845/62 3338/1846/62
f 3338/1846/62 3337/1847/62 3334/1848/62
f 3331/1846/715 3334/1847/715 3337/1848/715
f 3337/1848/715 3336/1845/715 3331/1846/715
f 3333/1848/712 3332/1845/712 3335/1846/712
f 3335/1846/712 3338/1847/712 3333/1848/712
f 3339/1849/717 3340/1850/717 3341/1851/717
f 3341/1851/717 3342/1852/717 3339/1849/717
f 3343/1849/713 3344/1850/713 3345/1851/713
f 3345/1851/713 3346/1852/713 3343/1849/713
f 3340/1852/61 3339/1849/61 3344/1850/61
f 3344/1850/61 3343/1851/61 3340/1852/61
f 3342/1852/62 3341/1849/62 3346/1850/62
f 3346/1850/62 3345/1851/62 3342/1852/62
f 3339/1850/715 3342/1851/715 3345/1852/715
f 3345/1852/715 3344/1849/715 3339/1850/715
f 3341/1852/712 3340/1849/712 3343/1850/712
f 3343/1850/712 3346/1851/712 3341/1852/712
f 3347/685/712 3348/1861/1695 3349/1862/1695
f 3347/685/712 3349/1862/1695 3350/688/712
f 3348/1861/1695 3351/1863/1696 3352/1864/1696
f 3348/1861/1695 3352/1864/1696 3349/1862/1695
f 3351/1863/1696 3353/1143/715 3354/907/715
f 3351/1863/1696 3354/907/715 3352/1864/1696
f 3353/1143/715 3355/1865/1697 3356/1866/1697
f 3353/1143/715 3356/1866/1697 3354/907/715
f 3355/1865/1697 3357/1867/1698 3358/1868/1698
f 3355/1865/1697 3358/1868/1698 3356/1866/1697
f 3357/1867/1698 3347/686/712 3350/687/712
f 3357/1867/1698 3350/687/712 3358/1868/1698
f 3359/1024/62 3350/1026/62 3349/1869/62
f 3359/1024/62 3349/1869/62 3352/1870/62
f 3359/1024/62 3352/1870/62 3354/1023/62
f 3359/1024/62 3354/1023/62 3356/1871/62
f 3359/1024/62 3356/1871/62 3358/1872/62
f 3359/1024/62 3358/1872/62 3350/1026/62
f 3360/1873/1699 3361/1874/1699 3362/1875/1699
f 3363/1873/1700 3360/1874/1700 3362/1875/1700
f 3364/1873/1701 3363/1874/1701 3362/1875/1701
f 3365/1873/1702 3364/1874/1702 3362/1875/1702
f 3366/1873/1703 3365/1874/1703 3362/1875/1703
f 3367/1873/1704 3366/1874/1704 3362/1875/1704
f 3368/1873/1705 3367/1874/1705 3362/1875/1705
f 3369/1873/1706 3368/1874/1706 3362/1875/1706
f 3370/1873/1707 3369/1874/1707 3362/1875/1707
f 3361/1873/1708 3370/1874/1708 3362/1875/1708
f 3371/1875/1709 3361/1874/1709 3360/1873/1709
f 3371/1875/1710 3360/1874/1710 3363/1873/1710
f 3371/1875/1711 3363/1874/1711 3364/1873/1711
f 3371/1875/1712 3364/1874/1712 3365/1873/1712
f 3371/1875/1713 3365/1874/1713 3366/1873/1713
f 3371/1875/1714 3366/1874/1714 3367/1873/1714
f 3371/1875/1715 3367/1874/1715 3368/1873/1715
f 3371/1875/1716 3368/1874/1716 3369/1873/1716
f 3371/1875/1717 3369/1874/1717 3370/1873/1717
f 3371/1875/1718 3370/1874/1718 3361/1873/1718
