# Procedurally generated by dev-env-utils/scripts/gen_furnishings_showpieces.py -- do not hand edit
mtllib csmjukebox.mtl
o csmjukebox
v 0.062500 0.100000 0.812500
v 0.062500 0.968750 0.812500
v 0.062500 0.968750 0.250000
v 0.062500 0.100000 0.250000
v 0.066243 1.038092 0.812500
v 0.066243 1.038092 0.250000
v 0.077408 1.106248 0.812500
v 0.077408 1.106248 0.250000
v 0.095802 1.172051 0.812500
v 0.095802 1.172051 0.250000
v 0.121114 1.234375 0.812500
v 0.121114 1.234375 0.250000
v 0.152908 1.292154 0.812500
v 0.152908 1.292154 0.250000
v 0.190641 1.344401 0.812500
v 0.190641 1.344401 0.250000
v 0.233667 1.390219 0.812500
v 0.233667 1.390219 0.250000
v 0.281250 1.428826 0.812500
v 0.281250 1.428826 0.250000
v 0.332576 1.459561 0.812500
v 0.332576 1.459561 0.250000
v 0.386767 1.481898 0.812500
v 0.386767 1.481898 0.250000
v 0.442895 1.495455 0.812500
v 0.442895 1.495455 0.250000
v 0.500000 1.500000 0.812500
v 0.500000 1.500000 0.250000
v 0.557105 1.495455 0.812500
v 0.557105 1.495455 0.250000
v 0.613233 1.481898 0.812500
v 0.613233 1.481898 0.250000
v 0.667424 1.459561 0.812500
v 0.667424 1.459561 0.250000
v 0.718750 1.428826 0.812500
v 0.718750 1.428826 0.250000
v 0.766333 1.390219 0.812500
v 0.766333 1.390219 0.250000
v 0.809359 1.344401 0.812500
v 0.809359 1.344401 0.250000
v 0.847092 1.292154 0.812500
v 0.847092 1.292154 0.250000
v 0.878886 1.234375 0.812500
v 0.878886 1.234375 0.250000
v 0.904197 1.172051 0.812500
v 0.904197 1.172051 0.250000
v 0.922593 1.106248 0.812500
v 0.922593 1.106248 0.250000
v 0.933757 1.038092 0.812500
v 0.933757 1.038092 0.250000
v 0.937500 0.968750 0.812500
v 0.937500 0.968750 0.250000
v 0.937500 0.100000 0.812500
v 0.937500 0.100000 0.250000
v 0.037500 0.001250 0.200000
v 0.037500 0.001250 0.837500
v 0.037500 0.100000 0.837500
v 0.037500 0.100000 0.200000
v 0.962500 0.001250 0.837500
v 0.962500 0.001250 0.200000
v 0.962500 0.100000 0.200000
v 0.962500 0.100000 0.837500
v 0.090625 0.115625 0.257500
v 0.110512 0.115625 0.249262
v 0.110506 0.968220 0.249262
v 0.090625 0.968750 0.257500
v 0.118750 0.115625 0.229375
v 0.118740 0.968001 0.229375
v 0.110512 0.115625 0.209487
v 0.110506 0.968220 0.209487
v 0.090625 0.115625 0.201250
v 0.090625 0.968750 0.201250
v 0.070737 0.115625 0.209487
v 0.070744 0.969280 0.209487
v 0.062500 0.115625 0.229375
v 0.062510 0.969499 0.229375
v 0.070737 0.115625 0.249262
v 0.070744 0.969280 0.249262
v 0.113901 1.032300 0.249262
v 0.094128 1.034421 0.257500
v 0.122092 1.031421 0.229375
v 0.113901 1.032300 0.209487
v 0.094128 1.034421 0.201250
v 0.074353 1.036542 0.209487
v 0.066162 1.037421 0.229375
v 0.074353 1.036542 0.249262
v 0.124004 1.094726 0.249262
v 0.104574 1.098968 0.257500
v 0.132052 1.092969 0.229375
v 0.124004 1.094726 0.209487
v 0.104574 1.098968 0.201250
v 0.085144 1.103211 0.209487
v 0.077096 1.104968 0.229375
v 0.085144 1.103211 0.249262
v 0.140630 1.154928 0.249262
v 0.121787 1.161288 0.257500
v 0.148434 1.152292 0.229375
v 0.140630 1.154928 0.209487
v 0.121787 1.161288 0.201250
v 0.102944 1.167648 0.209487
v 0.095139 1.170282 0.229375
v 0.102944 1.167648 0.249262
v 0.163466 1.211846 0.249262
v 0.145471 1.220312 0.257500
v 0.170919 1.208339 0.229375
v 0.163466 1.211846 0.209487
v 0.145471 1.220312 0.201250
v 0.127476 1.228779 0.209487
v 0.120022 1.232286 0.229375
v 0.127476 1.228779 0.249262
v 0.192082 1.264488 0.249262
v 0.175221 1.275033 0.257500
v 0.199067 1.260121 0.229375
v 0.192082 1.264488 0.209487
v 0.175221 1.275033 0.201250
v 0.158359 1.285578 0.209487
v 0.151375 1.289946 0.229375
v 0.158359 1.285578 0.249262
v 0.225944 1.311948 0.249262
v 0.210528 1.324513 0.257500
v 0.232329 1.306744 0.229375
v 0.225944 1.311948 0.209487
v 0.210528 1.324513 0.201250
v 0.195112 1.337078 0.209487
v 0.188727 1.342283 0.229375
v 0.195112 1.337078 0.249262
v 0.264419 1.353425 0.249262
v 0.250788 1.367906 0.257500
v 0.270066 1.347427 0.229375
v 0.264419 1.353425 0.209487
v 0.250788 1.367906 0.201250
v 0.237157 1.382387 0.209487
v 0.231511 1.388385 0.229375
v 0.237157 1.382387 0.249262
v 0.306806 1.388239 0.249262
v 0.295312 1.404469 0.257500
v 0.311567 1.381517 0.229375
v 0.306806 1.388239 0.209487
v 0.295312 1.404469 0.201250
v 0.283819 1.420699 0.209487
v 0.279058 1.427421 0.229375
v 0.283819 1.420699 0.249262
v 0.352347 1.415846 0.249262
v 0.343339 1.433577 0.257500
v 0.356078 1.408502 0.229375
v 0.352347 1.415846 0.209487
v 0.343339 1.433577 0.201250
v 0.334331 1.451307 0.209487
v 0.330600 1.458651 0.229375
v 0.334331 1.451307 0.249262
v 0.400254 1.435838 0.249262
v 0.394046 1.454731 0.257500
v 0.402826 1.428012 0.229375
v 0.400254 1.435838 0.209487
v 0.394046 1.454731 0.201250
v 0.387838 1.473625 0.209487
v 0.385266 1.481451 0.229375
v 0.387838 1.473625 0.249262
v 0.449736 1.447938 0.249262
v 0.446566 1.467571 0.257500
v 0.451049 1.439805 0.229375
v 0.449736 1.447938 0.209487
v 0.446566 1.467571 0.201250
v 0.443396 1.487204 0.209487
v 0.442083 1.495336 0.229375
v 0.443396 1.487204 0.249262
v 0.500000 1.451987 0.249262
v 0.500000 1.471875 0.257500
v 0.500000 1.443750 0.229375
v 0.500000 1.451987 0.209487
v 0.500000 1.471875 0.201250
v 0.500000 1.491763 0.209487
v 0.500000 1.500000 0.229375
v 0.500000 1.491763 0.249262
v 0.550264 1.447938 0.249262
v 0.553434 1.467571 0.257500
v 0.548951 1.439805 0.229375
v 0.550264 1.447938 0.209487
v 0.553434 1.467571 0.201250
v 0.556604 1.487204 0.209487
v 0.557917 1.495336 0.229375
v 0.556604 1.487204 0.249262
v 0.599746 1.435838 0.249262
v 0.605954 1.454731 0.257500
v 0.597174 1.428012 0.229375
v 0.599746 1.435838 0.209487
v 0.605954 1.454731 0.201250
v 0.612163 1.473625 0.209487
v 0.614734 1.481451 0.229375
v 0.612163 1.473625 0.249262
v 0.647653 1.415846 0.249262
v 0.656661 1.433577 0.257500
v 0.643922 1.408502 0.229375
v 0.647653 1.415846 0.209487
v 0.656661 1.433577 0.201250
v 0.665669 1.451307 0.209487
v 0.669400 1.458651 0.229375
v 0.665669 1.451307 0.249262
v 0.693194 1.388239 0.249262
v 0.704688 1.404469 0.257500
v 0.688433 1.381517 0.229375
v 0.693194 1.388239 0.209487
v 0.704688 1.404469 0.201250
v 0.716181 1.420699 0.209487
v 0.720942 1.427421 0.229375
v 0.716181 1.420699 0.249262
v 0.735581 1.353425 0.249262
v 0.749212 1.367906 0.257500
v 0.729934 1.347427 0.229375
v 0.735581 1.353425 0.209487
v 0.749212 1.367906 0.201250
v 0.762843 1.382387 0.209487
v 0.768489 1.388385 0.229375
v 0.762843 1.382387 0.249262
v 0.774056 1.311948 0.249262
v 0.789472 1.324513 0.257500
v 0.767671 1.306744 0.229375
v 0.774056 1.311948 0.209487
v 0.789472 1.324513 0.201250
v 0.804887 1.337078 0.209487
v 0.811272 1.342283 0.229375
v 0.804887 1.337078 0.249262
v 0.807917 1.264488 0.249262
v 0.824779 1.275033 0.257500
v 0.800933 1.260121 0.229375
v 0.807917 1.264488 0.209487
v 0.824779 1.275033 0.201250
v 0.841641 1.285578 0.209487
v 0.848625 1.289946 0.229375
v 0.841641 1.285578 0.249262
v 0.836534 1.211846 0.249262
v 0.854529 1.220312 0.257500
v 0.829081 1.208339 0.229375
v 0.836534 1.211846 0.209487
v 0.854529 1.220312 0.201250
v 0.872524 1.228779 0.209487
v 0.879978 1.232286 0.229375
v 0.872524 1.228779 0.249262
v 0.859370 1.154928 0.249262
v 0.878213 1.161288 0.257500
v 0.851566 1.152292 0.229375
v 0.859370 1.154928 0.209487
v 0.878213 1.161288 0.201250
v 0.897056 1.167648 0.209487
v 0.904861 1.170282 0.229375
v 0.897056 1.167648 0.249262
v 0.875996 1.094726 0.249262
v 0.895426 1.098968 0.257500
v 0.867948 1.092969 0.229375
v 0.875996 1.094726 0.209487
v 0.895426 1.098968 0.201250
v 0.914856 1.103211 0.209487
v 0.922904 1.104968 0.229375
v 0.914856 1.103211 0.249262
v 0.886099 1.032300 0.249262
v 0.905872 1.034421 0.257500
v 0.877908 1.031421 0.229375
v 0.886099 1.032300 0.209487
v 0.905872 1.034421 0.201250
v 0.925647 1.036542 0.209487
v 0.933837 1.037421 0.229375
v 0.925647 1.036542 0.249262
v 0.889494 0.968220 0.249262
v 0.909375 0.968750 0.257500
v 0.881260 0.968001 0.229375
v 0.889494 0.968220 0.209487
v 0.909375 0.968750 0.201250
v 0.929256 0.969280 0.209487
v 0.937490 0.969499 0.229375
v 0.929256 0.969280 0.249262
v 0.889487 0.115625 0.249262
v 0.909375 0.115625 0.257500
v 0.881250 0.115625 0.229375
v 0.889487 0.115625 0.209487
v 0.909375 0.115625 0.201250
v 0.929262 0.115625 0.209487
v 0.937500 0.115625 0.229375
v 0.929262 0.115625 0.249262
v 0.146875 0.117500 0.257500
v 0.165436 0.117500 0.249811
v 0.165431 0.968270 0.249811
v 0.146875 0.968750 0.257500
v 0.173125 0.117500 0.231250
v 0.173116 0.968071 0.231250
v 0.165436 0.117500 0.212689
v 0.165431 0.968270 0.212689
v 0.146875 0.117500 0.205000
v 0.146875 0.968750 0.205000
v 0.128314 0.117500 0.212689
v 0.128319 0.969230 0.212689
v 0.120625 0.117500 0.231250
v 0.120634 0.969429 0.231250
v 0.128314 0.117500 0.249811
v 0.128319 0.969230 0.249811
v 0.168357 1.025155 0.249811
v 0.149896 1.027079 0.257500
v 0.176004 1.024358 0.231250
v 0.168357 1.025155 0.212689
v 0.149896 1.027079 0.205000
v 0.131434 1.029003 0.212689
v 0.123787 1.029799 0.231250
v 0.131434 1.029003 0.249811
v 0.177065 1.080559 0.249811
v 0.158908 1.084410 0.257500
v 0.184586 1.078964 0.231250
v 0.177065 1.080559 0.212689
v 0.158908 1.084410 0.205000
v 0.140750 1.088261 0.212689
v 0.133229 1.089856 0.231250
v 0.140750 1.088261 0.249811
v 0.191392 1.133979 0.249811
v 0.173755 1.139762 0.257500
v 0.198699 1.131583 0.231250
v 0.191392 1.133979 0.212689
v 0.173755 1.139762 0.205000
v 0.156117 1.145544 0.212689
v 0.148811 1.147940 0.231250
v 0.156117 1.145544 0.249811
v 0.211067 1.184472 0.249811
v 0.194185 1.192187 0.257500
v 0.218059 1.181276 0.231250
v 0.211067 1.184472 0.212689
v 0.194185 1.192187 0.205000
v 0.177303 1.199903 0.212689
v 0.170310 1.203099 0.231250
v 0.177303 1.199903 0.249811
v 0.235711 1.231153 0.249811
v 0.219847 1.240790 0.257500
v 0.242282 1.227161 0.231250
v 0.235711 1.231153 0.212689
v 0.219847 1.240790 0.205000
v 0.203983 1.250428 0.212689
v 0.197412 1.254419 0.231250
v 0.203983 1.250428 0.249811
v 0.264855 1.273216 0.249811
v 0.250303 1.284738 0.257500
v 0.270883 1.268444 0.231250
v 0.264855 1.273216 0.212689
v 0.250303 1.284738 0.205000
v 0.235751 1.296261 0.212689
v 0.229722 1.301033 0.231250
v 0.235751 1.296261 0.249811
v 0.297948 1.309950 0.249811
v 0.285031 1.323280 0.257500
v 0.303298 1.304428 0.231250
v 0.297948 1.309950 0.212689
v 0.285031 1.323280 0.205000
v 0.272114 1.336610 0.212689
v 0.266764 1.342131 0.231250
v 0.272114 1.336610 0.249811
v 0.334372 1.340756 0.249811
v 0.323437 1.355755 0.257500
v 0.338901 1.334543 0.231250
v 0.334372 1.340756 0.212689
v 0.323437 1.355755 0.205000
v 0.312503 1.370754 0.212689
v 0.307974 1.376967 0.231250
v 0.312503 1.370754 0.249811
v 0.373466 1.365161 0.249811
v 0.364865 1.381609 0.257500
v 0.377029 1.358348 0.231250
v 0.373466 1.365161 0.212689
v 0.364865 1.381609 0.205000
v 0.356263 1.398057 0.212689
v 0.352701 1.404870 0.231250
v 0.356263 1.398057 0.249811
v 0.414552 1.382815 0.249811
v 0.408604 1.400398 0.257500
v 0.417016 1.375532 0.231250
v 0.414552 1.382815 0.212689
v 0.408604 1.400398 0.205000
v 0.402657 1.417981 0.212689
v 0.400194 1.425264 0.231250
v 0.402657 1.417981 0.249811
v 0.456951 1.393491 0.249811
v 0.453908 1.411802 0.257500
v 0.458211 1.385907 0.231250
v 0.456951 1.393491 0.212689
v 0.453908 1.411802 0.205000
v 0.450865 1.430112 0.212689
v 0.449605 1.437697 0.231250
v 0.450865 1.430112 0.249811
v 0.500000 1.397064 0.249811
v 0.500000 1.415625 0.257500
v 0.500000 1.389375 0.231250
v 0.500000 1.397064 0.212689
v 0.500000 1.415625 0.205000
v 0.500000 1.434186 0.212689
v 0.500000 1.441875 0.231250
v 0.500000 1.434186 0.249811
v 0.543049 1.393491 0.249811
v 0.546092 1.411802 0.257500
v 0.541789 1.385907 0.231250
v 0.543049 1.393491 0.212689
v 0.546092 1.411802 0.205000
v 0.549135 1.430112 0.212689
v 0.550395 1.437697 0.231250
v 0.549135 1.430112 0.249811
v 0.585448 1.382815 0.249811
v 0.591396 1.400398 0.257500
v 0.582984 1.375532 0.231250
v 0.585448 1.382815 0.212689
v 0.591396 1.400398 0.205000
v 0.597343 1.417981 0.212689
v 0.599806 1.425264 0.231250
v 0.597343 1.417981 0.249811
v 0.626534 1.365161 0.249811
v 0.635135 1.381609 0.257500
v 0.622971 1.358348 0.231250
v 0.626534 1.365161 0.212689
v 0.635135 1.381609 0.205000
v 0.643737 1.398057 0.212689
v 0.647299 1.404870 0.231250
v 0.643737 1.398057 0.249811
v 0.665628 1.340756 0.249811
v 0.676562 1.355755 0.257500
v 0.661099 1.334543 0.231250
v 0.665628 1.340756 0.212689
v 0.676562 1.355755 0.205000
v 0.687497 1.370754 0.212689
v 0.692026 1.376967 0.231250
v 0.687497 1.370754 0.249811
v 0.702052 1.309950 0.249811
v 0.714969 1.323280 0.257500
v 0.696702 1.304428 0.231250
v 0.702052 1.309950 0.212689
v 0.714969 1.323280 0.205000
v 0.727886 1.336610 0.212689
v 0.733236 1.342131 0.231250
v 0.727886 1.336610 0.249811
v 0.735145 1.273216 0.249811
v 0.749697 1.284738 0.257500
v 0.729117 1.268444 0.231250
v 0.735145 1.273216 0.212689
v 0.749697 1.284738 0.205000
v 0.764249 1.296261 0.212689
v 0.770277 1.301033 0.231250
v 0.764249 1.296261 0.249811
v 0.764289 1.231153 0.249811
v 0.780153 1.240790 0.257500
v 0.757718 1.227161 0.231250
v 0.764289 1.231153 0.212689
v 0.780153 1.240790 0.205000
v 0.796017 1.250428 0.212689
v 0.802588 1.254419 0.231250
v 0.796017 1.250428 0.249811
v 0.788933 1.184472 0.249811
v 0.805815 1.192187 0.257500
v 0.781941 1.181276 0.231250
v 0.788933 1.184472 0.212689
v 0.805815 1.192187 0.205000
v 0.822697 1.199903 0.212689
v 0.829690 1.203099 0.231250
v 0.822697 1.199903 0.249811
v 0.808608 1.133979 0.249811
v 0.826245 1.139762 0.257500
v 0.801301 1.131583 0.231250
v 0.808608 1.133979 0.212689
v 0.826245 1.139762 0.205000
v 0.843882 1.145544 0.212689
v 0.851189 1.147940 0.231250
v 0.843882 1.145544 0.249811
v 0.822935 1.080559 0.249811
v 0.841093 1.084410 0.257500
v 0.815414 1.078964 0.231250
v 0.822935 1.080559 0.212689
v 0.841093 1.084410 0.205000
v 0.859250 1.088261 0.212689
v 0.866771 1.089856 0.231250
v 0.859250 1.088261 0.249811
v 0.831642 1.025155 0.249811
v 0.850104 1.027079 0.257500
v 0.823996 1.024358 0.231250
v 0.831642 1.025155 0.212689
v 0.850104 1.027079 0.205000
v 0.868566 1.029003 0.212689
v 0.876212 1.029799 0.231250
v 0.868566 1.029003 0.249811
v 0.834569 0.968270 0.249811
v 0.853125 0.968750 0.257500
v 0.826884 0.968071 0.231250
v 0.834569 0.968270 0.212689
v 0.853125 0.968750 0.205000
v 0.871681 0.969230 0.212689
v 0.879366 0.969429 0.231250
v 0.871681 0.969230 0.249811
v 0.834564 0.117500 0.249811
v 0.853125 0.117500 0.257500
v 0.826875 0.117500 0.231250
v 0.834564 0.117500 0.212689
v 0.853125 0.117500 0.205000
v 0.871686 0.117500 0.212689
v 0.879375 0.117500 0.231250
v 0.871686 0.117500 0.249811
v 0.200000 0.119375 0.257500
v 0.217677 0.119375 0.250177
v 0.217672 0.968309 0.250177
v 0.200000 0.968750 0.257500
v 0.225000 0.119375 0.232500
v 0.224993 0.968126 0.232500
v 0.217677 0.119375 0.214822
v 0.217672 0.968309 0.214822
v 0.200000 0.119375 0.207500
v 0.200000 0.968750 0.207500
v 0.182322 0.119375 0.214822
v 0.182328 0.969191 0.214822
v 0.175000 0.119375 0.232500
v 0.175008 0.969374 0.232500
v 0.182322 0.119375 0.250177
v 0.182328 0.969191 0.250177
v 0.220156 1.018377 0.250177
v 0.202566 1.020145 0.257500
v 0.227441 1.017645 0.232500
v 0.220156 1.018377 0.214822
v 0.202566 1.020145 0.207500
v 0.184977 1.021912 0.214822
v 0.177692 1.022644 0.232500
v 0.184977 1.021912 0.250177
v 0.227541 1.067117 0.250177
v 0.210223 1.070660 0.257500
v 0.234715 1.065651 0.232500
v 0.227541 1.067117 0.214822
v 0.210223 1.070660 0.207500
v 0.192903 1.074202 0.214822
v 0.185729 1.075669 0.232500
v 0.192903 1.074202 0.250177
v 0.239691 1.114102 0.250177
v 0.222836 1.119432 0.257500
v 0.246673 1.111894 0.232500
v 0.239691 1.114102 0.214822
v 0.222836 1.119432 0.207500
v 0.205981 1.124761 0.214822
v 0.198999 1.126969 0.232500
v 0.205981 1.124761 0.250177
v 0.256368 1.158495 0.250177
v 0.240193 1.165625 0.257500
v 0.263069 1.155542 0.232500
v 0.256368 1.158495 0.214822
v 0.240193 1.165625 0.207500
v 0.224016 1.172755 0.214822
v 0.217316 1.175708 0.232500
v 0.224016 1.172755 0.250177
v 0.277247 1.199514 0.250177
v 0.261994 1.208450 0.257500
v 0.283564 1.195812 0.232500
v 0.277247 1.199514 0.214822
v 0.261994 1.208450 0.207500
v 0.246741 1.217386 0.214822
v 0.240423 1.221088 0.232500
v 0.246741 1.217386 0.250177
v 0.301918 1.236444 0.250177
v 0.287868 1.247173 0.257500
v 0.307737 1.232001 0.232500
v 0.301918 1.236444 0.214822
v 0.287868 1.247173 0.207500
v 0.273818 1.257902 0.214822
v 0.267999 1.262346 0.232500
v 0.273818 1.257902 0.250177
v 0.329901 1.268662 0.250177
v 0.317372 1.281133 0.257500
v 0.335091 1.263496 0.232500
v 0.329901 1.268662 0.214822
v 0.317372 1.281133 0.207500
v 0.304843 1.293604 0.214822
v 0.299653 1.298769 0.232500
v 0.304843 1.293604 0.250177
v 0.360659 1.295644 0.250177
v 0.350000 1.309748 0.257500
v 0.365074 1.289803 0.232500
v 0.360659 1.295644 0.214822
v 0.350000 1.309748 0.207500
v 0.339341 1.323851 0.214822
v 0.334926 1.329692 0.232500
v 0.339341 1.323851 0.250177
v 0.393620 1.316987 0.250177
v 0.385195 1.332528 0.257500
v 0.397110 1.310549 0.232500
v 0.393620 1.316987 0.214822
v 0.385195 1.332528 0.207500
v 0.376770 1.348068 0.214822
v 0.373280 1.354506 0.232500
v 0.376770 1.348068 0.250177
v 0.428204 1.332401 0.250177
v 0.422354 1.349083 0.257500
v 0.430627 1.325492 0.232500
v 0.428204 1.332401 0.214822
v 0.422354 1.349083 0.207500
v 0.416505 1.365765 0.214822
v 0.414082 1.372675 0.232500
v 0.416505 1.365765 0.250177
v 0.463843 1.341711 0.250177
v 0.460842 1.359131 0.257500
v 0.465086 1.334494 0.232500
v 0.463843 1.341711 0.214822
v 0.460842 1.359131 0.207500
v 0.457841 1.376553 0.214822
v 0.456598 1.383769 0.232500
v 0.457841 1.376553 0.250177
v 0.500000 1.344823 0.250177
v 0.500000 1.362500 0.257500
v 0.500000 1.337500 0.232500
v 0.500000 1.344823 0.214822
v 0.500000 1.362500 0.207500
v 0.500000 1.380178 0.214822
v 0.500000 1.387500 0.232500
v 0.500000 1.380178 0.250177
v 0.536157 1.341711 0.250177
v 0.539158 1.359131 0.257500
v 0.534914 1.334494 0.232500
v 0.536157 1.341711 0.214822
v 0.539158 1.359131 0.207500
v 0.542159 1.376553 0.214822
v 0.543402 1.383769 0.232500
v 0.542159 1.376553 0.250177
v 0.571796 1.332401 0.250177
v 0.577646 1.349083 0.257500
v 0.569373 1.325492 0.232500
v 0.571796 1.332401 0.214822
v 0.577646 1.349083 0.207500
v 0.583495 1.365765 0.214822
v 0.585918 1.372675 0.232500
v 0.583495 1.365765 0.250177
v 0.606380 1.316987 0.250177
v 0.614805 1.332528 0.257500
v 0.602890 1.310549 0.232500
v 0.606380 1.316987 0.214822
v 0.614805 1.332528 0.207500
v 0.623230 1.348068 0.214822
v 0.626720 1.354506 0.232500
v 0.623230 1.348068 0.250177
v 0.639341 1.295644 0.250177
v 0.650000 1.309748 0.257500
v 0.634926 1.289803 0.232500
v 0.639341 1.295644 0.214822
v 0.650000 1.309748 0.207500
v 0.660659 1.323851 0.214822
v 0.665074 1.329692 0.232500
v 0.660659 1.323851 0.250177
v 0.670099 1.268662 0.250177
v 0.682628 1.281133 0.257500
v 0.664909 1.263496 0.232500
v 0.670099 1.268662 0.214822
v 0.682628 1.281133 0.207500
v 0.695157 1.293604 0.214822
v 0.700347 1.298769 0.232500
v 0.695157 1.293604 0.250177
v 0.698083 1.236444 0.250177
v 0.712132 1.247173 0.257500
v 0.692263 1.232001 0.232500
v 0.698083 1.236444 0.214822
v 0.712132 1.247173 0.207500
v 0.726182 1.257902 0.214822
v 0.732001 1.262346 0.232500
v 0.726182 1.257902 0.250177
v 0.722753 1.199514 0.250177
v 0.738006 1.208450 0.257500
v 0.716436 1.195812 0.232500
v 0.722753 1.199514 0.214822
v 0.738006 1.208450 0.207500
v 0.753259 1.217386 0.214822
v 0.759577 1.221088 0.232500
v 0.753259 1.217386 0.250177
v 0.743632 1.158495 0.250177
v 0.759807 1.165625 0.257500
v 0.736931 1.155542 0.232500
v 0.743632 1.158495 0.214822
v 0.759807 1.165625 0.207500
v 0.775984 1.172755 0.214822
v 0.782684 1.175708 0.232500
v 0.775984 1.172755 0.250177
v 0.760309 1.114102 0.250177
v 0.777164 1.119432 0.257500
v 0.753327 1.111894 0.232500
v 0.760309 1.114102 0.214822
v 0.777164 1.119432 0.207500
v 0.794019 1.124761 0.214822
v 0.801001 1.126969 0.232500
v 0.794019 1.124761 0.250177
v 0.772459 1.067117 0.250177
v 0.789778 1.070660 0.257500
v 0.765285 1.065651 0.232500
v 0.772459 1.067117 0.214822
v 0.789778 1.070660 0.207500
v 0.807097 1.074202 0.214822
v 0.814271 1.075669 0.232500
v 0.807097 1.074202 0.250177
v 0.779844 1.018377 0.250177
v 0.797434 1.020145 0.257500
v 0.772559 1.017645 0.232500
v 0.779844 1.018377 0.214822
v 0.797434 1.020145 0.207500
v 0.815022 1.021912 0.214822
v 0.822308 1.022644 0.232500
v 0.815022 1.021912 0.250177
v 0.782328 0.968309 0.250177
v 0.800000 0.968750 0.257500
v 0.775007 0.968126 0.232500
v 0.782328 0.968309 0.214822
v 0.800000 0.968750 0.207500
v 0.817672 0.969191 0.214822
v 0.824993 0.969374 0.232500
v 0.817672 0.969191 0.250177
v 0.782323 0.119375 0.250177
v 0.800000 0.119375 0.257500
v 0.775000 0.119375 0.232500
v 0.782323 0.119375 0.214822
v 0.800000 0.119375 0.207500
v 0.817677 0.119375 0.214822
v 0.825000 0.119375 0.232500
v 0.817677 0.119375 0.250177
v 0.250000 0.121250 0.257500
v 0.265910 0.121250 0.250910
v 0.265906 0.968371 0.250910
v 0.250000 0.968750 0.257500
v 0.272500 0.121250 0.235000
v 0.272494 0.968214 0.235000
v 0.265910 0.121250 0.219090
v 0.265906 0.968371 0.219090
v 0.250000 0.121250 0.212500
v 0.250000 0.968750 0.212500
v 0.234090 0.121250 0.219090
v 0.234094 0.969129 0.219090
v 0.227500 0.121250 0.235000
v 0.227506 0.969286 0.235000
v 0.234090 0.121250 0.250910
v 0.234094 0.969129 0.250910
v 0.267976 1.012099 0.250910
v 0.252139 1.013618 0.257500
v 0.274536 1.011469 0.235000
v 0.267976 1.012099 0.219090
v 0.252139 1.013618 0.212500
v 0.236302 1.015138 0.219090
v 0.229742 1.015767 0.235000
v 0.236302 1.015138 0.250910
v 0.274134 1.054670 0.250910
v 0.258519 1.057719 0.257500
v 0.280601 1.053407 0.235000
v 0.274134 1.054670 0.219090
v 0.258519 1.057719 0.212500
v 0.242904 1.060768 0.219090
v 0.236436 1.062031 0.235000
v 0.242904 1.060768 0.250910
v 0.284261 1.095699 0.250910
v 0.269030 1.100297 0.257500
v 0.290570 1.093794 0.235000
v 0.284261 1.095699 0.219090
v 0.269030 1.100297 0.212500
v 0.253799 1.104896 0.219090
v 0.247491 1.106800 0.235000
v 0.253799 1.104896 0.250910
v 0.298158 1.134454 0.250910
v 0.283494 1.140625 0.257500
v 0.304232 1.131898 0.235000
v 0.298158 1.134454 0.219090
v 0.283494 1.140625 0.212500
v 0.268829 1.146796 0.219090
v 0.262756 1.149352 0.235000
v 0.268829 1.146796 0.250910
v 0.315547 1.170244 0.250910
v 0.301662 1.178012 0.257500
v 0.321298 1.167027 0.235000
v 0.315547 1.170244 0.219090
v 0.301662 1.178012 0.212500
v 0.287777 1.185779 0.219090
v 0.282026 1.188997 0.235000
v 0.287777 1.185779 0.250910
v 0.336079 1.202444 0.250910
v 0.323223 1.211818 0.257500
v 0.341403 1.198561 0.235000
v 0.336079 1.202444 0.219090
v 0.323223 1.211818 0.212500
v 0.310368 1.221192 0.219090
v 0.305043 1.225074 0.235000
v 0.310368 1.221192 0.250910
v 0.359341 1.230504 0.250910
v 0.347809 1.241465 0.257500
v 0.364118 1.225964 0.235000
v 0.359341 1.230504 0.219090
v 0.347809 1.241465 0.212500
v 0.336278 1.252426 0.219090
v 0.331501 1.256966 0.235000
v 0.336278 1.252426 0.250910
v 0.384873 1.253971 0.250910
v 0.375000 1.266446 0.257500
v 0.388962 1.248803 0.235000
v 0.384873 1.253971 0.219090
v 0.375000 1.266446 0.212500
v 0.365127 1.278922 0.219090
v 0.361038 1.284089 0.235000
v 0.365127 1.278922 0.250910
v 0.412183 1.272498 0.250910
v 0.404329 1.286334 0.257500
v 0.415436 1.266766 0.235000
v 0.412183 1.272498 0.219090
v 0.404329 1.286334 0.212500
v 0.396475 1.300170 0.219090
v 0.393222 1.305901 0.235000
v 0.396475 1.300170 0.250910
v 0.440778 1.285852 0.250910
v 0.435295 1.300787 0.257500
v 0.443049 1.279665 0.235000
v 0.440778 1.285852 0.219090
v 0.435295 1.300787 0.212500
v 0.429812 1.315722 0.219090
v 0.427541 1.321909 0.235000
v 0.429812 1.315722 0.250910
v 0.470192 1.293902 0.250910
v 0.467369 1.309559 0.257500
v 0.471362 1.287416 0.235000
v 0.470192 1.293902 0.219090
v 0.467369 1.309559 0.212500
v 0.464545 1.325216 0.219090
v 0.463375 1.331702 0.235000
v 0.464545 1.325216 0.250910
v 0.500000 1.296590 0.250910
v 0.500000 1.312500 0.257500
v 0.500000 1.290000 0.235000
v 0.500000 1.296590 0.219090
v 0.500000 1.312500 0.212500
v 0.500000 1.328410 0.219090
v 0.500000 1.335000 0.235000
v 0.500000 1.328410 0.250910
v 0.529808 1.293902 0.250910
v 0.532631 1.309559 0.257500
v 0.528638 1.287416 0.235000
v 0.529808 1.293902 0.219090
v 0.532631 1.309559 0.212500
v 0.535455 1.325216 0.219090
v 0.536625 1.331702 0.235000
v 0.535455 1.325216 0.250910
v 0.559222 1.285852 0.250910
v 0.564705 1.300787 0.257500
v 0.556951 1.279665 0.235000
v 0.559222 1.285852 0.219090
v 0.564705 1.300787 0.212500
v 0.570187 1.315722 0.219090
v 0.572459 1.321909 0.235000
v 0.570187 1.315722 0.250910
v 0.587817 1.272498 0.250910
v 0.595671 1.286334 0.257500
v 0.584564 1.266766 0.235000
v 0.587817 1.272498 0.219090
v 0.595671 1.286334 0.212500
v 0.603525 1.300170 0.219090
v 0.606778 1.305901 0.235000
v 0.603525 1.300170 0.250910
v 0.615127 1.253971 0.250910
v 0.625000 1.266446 0.257500
v 0.611038 1.248803 0.235000
v 0.615127 1.253971 0.219090
v 0.625000 1.266446 0.212500
v 0.634873 1.278922 0.219090
v 0.638962 1.284089 0.235000
v 0.634873 1.278922 0.250910
v 0.640659 1.230504 0.250910
v 0.652191 1.241465 0.257500
v 0.635882 1.225964 0.235000
v 0.640659 1.230504 0.219090
v 0.652191 1.241465 0.212500
v 0.663722 1.252426 0.219090
v 0.668499 1.256966 0.235000
v 0.663722 1.252426 0.250910
v 0.663921 1.202444 0.250910
v 0.676777 1.211818 0.257500
v 0.658597 1.198561 0.235000
v 0.663921 1.202444 0.219090
v 0.676777 1.211818 0.212500
v 0.689632 1.221192 0.219090
v 0.694957 1.225074 0.235000
v 0.689632 1.221192 0.250910
v 0.684453 1.170244 0.250910
v 0.698338 1.178012 0.257500
v 0.678702 1.167027 0.235000
v 0.684453 1.170244 0.219090
v 0.698338 1.178012 0.212500
v 0.712223 1.185779 0.219090
v 0.717974 1.188997 0.235000
v 0.712223 1.185779 0.250910
v 0.701842 1.134454 0.250910
v 0.716506 1.140625 0.257500
v 0.695768 1.131898 0.235000
v 0.701842 1.134454 0.219090
v 0.716506 1.140625 0.212500
v 0.731171 1.146796 0.219090
v 0.737244 1.149352 0.235000
v 0.731171 1.146796 0.250910
v 0.715739 1.095699 0.250910
v 0.730970 1.100297 0.257500
v 0.709430 1.093794 0.235000
v 0.715739 1.095699 0.219090
v 0.730970 1.100297 0.212500
v 0.746201 1.104896 0.219090
v 0.752509 1.106800 0.235000
v 0.746201 1.104896 0.250910
v 0.725866 1.054670 0.250910
v 0.741481 1.057719 0.257500
v 0.719399 1.053407 0.235000
v 0.725866 1.054670 0.219090
v 0.741481 1.057719 0.212500
v 0.757096 1.060768 0.219090
v 0.763564 1.062031 0.235000
v 0.757096 1.060768 0.250910
v 0.732024 1.012099 0.250910
v 0.747861 1.013618 0.257500
v 0.725464 1.011469 0.235000
v 0.732024 1.012099 0.219090
v 0.747861 1.013618 0.212500
v 0.763698 1.015138 0.219090
v 0.770258 1.015767 0.235000
v 0.763698 1.015138 0.250910
v 0.734094 0.968371 0.250910
v 0.750000 0.968750 0.257500
v 0.727506 0.968214 0.235000
v 0.734094 0.968371 0.219090
v 0.750000 0.968750 0.212500
v 0.765906 0.969129 0.219090
v 0.772494 0.969286 0.235000
v 0.765906 0.969129 0.250910
v 0.734090 0.121250 0.250910
v 0.750000 0.121250 0.257500
v 0.727500 0.121250 0.235000
v 0.734090 0.121250 0.219090
v 0.750000 0.121250 0.212500
v 0.765910 0.121250 0.219090
v 0.772500 0.121250 0.235000
v 0.765910 0.121250 0.250910
v 0.288750 0.123125 0.257500
v 0.299357 0.123125 0.253107
v 0.299354 0.968509 0.253107
v 0.288750 0.968750 0.257500
v 0.303750 0.123125 0.242500
v 0.303746 0.968410 0.242500
v 0.299357 0.123125 0.231893
v 0.299354 0.968509 0.231893
v 0.288750 0.123125 0.227500
v 0.288750 0.968750 0.227500
v 0.278143 0.123125 0.231893
v 0.278146 0.968991 0.231893
v 0.273750 0.123125 0.242500
v 0.273754 0.969090 0.242500
v 0.278143 0.123125 0.253107
v 0.278146 0.968991 0.253107
v 0.301120 1.007595 0.253107
v 0.290558 1.008561 0.257500
v 0.305495 1.007196 0.242500
v 0.301120 1.007595 0.231893
v 0.290558 1.008561 0.227500
v 0.279995 1.009526 0.231893
v 0.275619 1.009926 0.242500
v 0.279995 1.009526 0.253107
v 0.306376 1.045750 0.253107
v 0.295948 1.047690 0.257500
v 0.310695 1.044947 0.242500
v 0.306376 1.045750 0.231893
v 0.295948 1.047690 0.227500
v 0.285521 1.049629 0.231893
v 0.281201 1.050433 0.242500
v 0.285521 1.049629 0.253107
v 0.315024 1.082537 0.253107
v 0.304831 1.085469 0.257500
v 0.319246 1.081322 0.242500
v 0.315024 1.082537 0.231893
v 0.304831 1.085469 0.227500
v 0.294637 1.088400 0.231893
v 0.290415 1.089614 0.242500
v 0.294637 1.088400 0.253107
v 0.326897 1.117303 0.253107
v 0.317052 1.121250 0.257500
v 0.330975 1.115668 0.242500
v 0.326897 1.117303 0.231893
v 0.317052 1.121250 0.227500
v 0.307208 1.125197 0.231893
v 0.303129 1.126832 0.242500
v 0.307208 1.125197 0.253107
v 0.341764 1.149434 0.253107
v 0.332404 1.154422 0.257500
v 0.345642 1.147368 0.242500
v 0.341764 1.149434 0.231893
v 0.332404 1.154422 0.227500
v 0.323044 1.159411 0.231893
v 0.319167 1.161477 0.242500
v 0.323044 1.159411 0.253107
v 0.359334 1.178366 0.253107
v 0.350624 1.184417 0.257500
v 0.362943 1.175859 0.242500
v 0.359334 1.178366 0.231893
v 0.350624 1.184417 0.227500
v 0.341913 1.190469 0.231893
v 0.338304 1.192976 0.242500
v 0.341913 1.190469 0.253107
v 0.379261 1.203603 0.253107
v 0.371399 1.210722 0.257500
v 0.382518 1.200654 0.242500
v 0.379261 1.203603 0.231893
v 0.371399 1.210722 0.227500
v 0.363538 1.217842 0.231893
v 0.360281 1.220792 0.242500
v 0.363538 1.217842 0.253107
v 0.401152 1.224728 0.253107
v 0.394375 1.232887 0.257500
v 0.403959 1.221349 0.242500
v 0.401152 1.224728 0.231893
v 0.394375 1.232887 0.227500
v 0.387598 1.241047 0.231893
v 0.384791 1.244427 0.242500
v 0.387598 1.241047 0.253107
v 0.424586 1.241421 0.253107
v 0.419158 1.250533 0.257500
v 0.426834 1.237646 0.242500
v 0.424586 1.241421 0.231893
v 0.419158 1.250533 0.227500
v 0.413730 1.259646 0.231893
v 0.411482 1.263421 0.242500
v 0.413730 1.259646 0.253107
v 0.449137 1.253459 0.253107
v 0.445324 1.263357 0.257500
v 0.450716 1.249360 0.242500
v 0.449137 1.253459 0.231893
v 0.445324 1.263357 0.227500
v 0.441512 1.273255 0.231893
v 0.439933 1.277355 0.242500
v 0.441512 1.273255 0.253107
v 0.474398 1.260719 0.253107
v 0.472426 1.271141 0.257500
v 0.475215 1.256403 0.242500
v 0.474398 1.260719 0.231893
v 0.472426 1.271141 0.227500
v 0.470454 1.281562 0.231893
v 0.469637 1.285879 0.242500
v 0.470454 1.281562 0.253107
v 0.500000 1.263143 0.253107
v 0.500000 1.273750 0.257500
v 0.500000 1.258750 0.242500
v 0.500000 1.263143 0.231893
v 0.500000 1.273750 0.227500
v 0.500000 1.284357 0.231893
v 0.500000 1.288750 0.242500
v 0.500000 1.284357 0.253107
v 0.525602 1.260719 0.253107
v 0.527574 1.271141 0.257500
v 0.524785 1.256403 0.242500
v 0.525602 1.260719 0.231893
v 0.527574 1.271141 0.227500
v 0.529546 1.281562 0.231893
v 0.530362 1.285879 0.242500
v 0.529546 1.281562 0.253107
v 0.550863 1.253459 0.253107
v 0.554676 1.263357 0.257500
v 0.549284 1.249360 0.242500
v 0.550863 1.253459 0.231893
v 0.554676 1.263357 0.227500
v 0.558488 1.273255 0.231893
v 0.560068 1.277355 0.242500
v 0.558488 1.273255 0.253107
v 0.575414 1.241421 0.253107
v 0.580842 1.250533 0.257500
v 0.573166 1.237646 0.242500
v 0.575414 1.241421 0.231893
v 0.580842 1.250533 0.227500
v 0.586270 1.259646 0.231893
v 0.588518 1.263421 0.242500
v 0.586270 1.259646 0.253107
v 0.598848 1.224728 0.253107
v 0.605625 1.232887 0.257500
v 0.596041 1.221349 0.242500
v 0.598848 1.224728 0.231893
v 0.605625 1.232887 0.227500
v 0.612402 1.241047 0.231893
v 0.615209 1.244427 0.242500
v 0.612402 1.241047 0.253107
v 0.620739 1.203603 0.253107
v 0.628601 1.210722 0.257500
v 0.617483 1.200654 0.242500
v 0.620739 1.203603 0.231893
v 0.628601 1.210722 0.227500
v 0.636463 1.217842 0.231893
v 0.639719 1.220792 0.242500
v 0.636463 1.217842 0.253107
v 0.640666 1.178366 0.253107
v 0.649376 1.184417 0.257500
v 0.637058 1.175859 0.242500
v 0.640666 1.178366 0.231893
v 0.649376 1.184417 0.227500
v 0.658087 1.190469 0.231893
v 0.661696 1.192976 0.242500
v 0.658087 1.190469 0.253107
v 0.658236 1.149434 0.253107
v 0.667596 1.154422 0.257500
v 0.654358 1.147368 0.242500
v 0.658236 1.149434 0.231893
v 0.667596 1.154422 0.227500
v 0.676956 1.159411 0.231893
v 0.680833 1.161477 0.242500
v 0.676956 1.159411 0.253107
v 0.673103 1.117303 0.253107
v 0.682948 1.121250 0.257500
v 0.669025 1.115668 0.242500
v 0.673103 1.117303 0.231893
v 0.682948 1.121250 0.227500
v 0.692793 1.125197 0.231893
v 0.696871 1.126832 0.242500
v 0.692793 1.125197 0.253107
v 0.684976 1.082537 0.253107
v 0.695169 1.085469 0.257500
v 0.680754 1.081322 0.242500
v 0.684976 1.082537 0.231893
v 0.695169 1.085469 0.227500
v 0.705363 1.088400 0.231893
v 0.709585 1.089614 0.242500
v 0.705363 1.088400 0.253107
v 0.693624 1.045750 0.253107
v 0.704052 1.047690 0.257500
v 0.689305 1.044947 0.242500
v 0.693624 1.045750 0.231893
v 0.704052 1.047690 0.227500
v 0.714479 1.049629 0.231893
v 0.718799 1.050433 0.242500
v 0.714479 1.049629 0.253107
v 0.698880 1.007595 0.253107
v 0.709442 1.008561 0.257500
v 0.694505 1.007196 0.242500
v 0.698880 1.007595 0.231893
v 0.709442 1.008561 0.227500
v 0.720005 1.009526 0.231893
v 0.724381 1.009926 0.242500
v 0.720005 1.009526 0.253107
v 0.700646 0.968509 0.253107
v 0.711250 0.968750 0.257500
v 0.696254 0.968410 0.242500
v 0.700646 0.968509 0.231893
v 0.711250 0.968750 0.227500
v 0.721854 0.968991 0.231893
v 0.726246 0.969090 0.242500
v 0.721854 0.968991 0.253107
v 0.700643 0.123125 0.253107
v 0.711250 0.123125 0.257500
v 0.696250 0.123125 0.242500
v 0.700643 0.123125 0.231893
v 0.711250 0.123125 0.227500
v 0.721857 0.123125 0.231893
v 0.726250 0.123125 0.242500
v 0.721857 0.123125 0.253107
v 0.061250 0.125000 0.396875
v 0.076718 0.125000 0.390468
v 0.076718 0.968750 0.390468
v 0.061250 0.968750 0.396875
v 0.083125 0.125000 0.375000
v 0.083125 0.968750 0.375000
v 0.076718 0.125000 0.359532
v 0.076718 0.968750 0.359532
v 0.061250 0.125000 0.353125
v 0.061250 0.968750 0.353125
v 0.045782 0.125000 0.359532
v 0.045782 0.968750 0.359532
v 0.039375 0.125000 0.375000
v 0.039375 0.968750 0.375000
v 0.045782 0.125000 0.390468
v 0.045782 0.968750 0.390468
v 0.938750 0.125000 0.396875
v 0.954218 0.125000 0.390468
v 0.954218 0.968750 0.390468
v 0.938750 0.968750 0.396875
v 0.960625 0.125000 0.375000
v 0.960625 0.968750 0.375000
v 0.954218 0.125000 0.359532
v 0.954218 0.968750 0.359532
v 0.938750 0.125000 0.353125
v 0.938750 0.968750 0.353125
v 0.923282 0.125000 0.359532
v 0.923282 0.968750 0.359532
v 0.916875 0.125000 0.375000
v 0.916875 0.968750 0.375000
v 0.923282 0.125000 0.390468
v 0.923282 0.968750 0.390468
v 0.656250 0.156250 0.246875
v 0.667076 0.156250 0.240625
v 0.667076 0.550000 0.240625
v 0.656250 0.550000 0.246875
v 0.667076 0.156250 0.228125
v 0.667076 0.550000 0.228125
v 0.656250 0.156250 0.221875
v 0.656250 0.550000 0.221875
v 0.645424 0.156250 0.228125
v 0.645424 0.550000 0.228125
v 0.645424 0.156250 0.240625
v 0.645424 0.550000 0.240625
v 0.578125 0.156250 0.246875
v 0.588951 0.156250 0.240625
v 0.588951 0.550000 0.240625
v 0.578125 0.550000 0.246875
v 0.588951 0.156250 0.228125
v 0.588951 0.550000 0.228125
v 0.578125 0.156250 0.221875
v 0.578125 0.550000 0.221875
v 0.567299 0.156250 0.228125
v 0.567299 0.550000 0.228125
v 0.567299 0.156250 0.240625
v 0.567299 0.550000 0.240625
v 0.500000 0.156250 0.246875
v 0.510826 0.156250 0.240625
v 0.510826 0.550000 0.240625
v 0.500000 0.550000 0.246875
v 0.510826 0.156250 0.228125
v 0.510826 0.550000 0.228125
v 0.500000 0.156250 0.221875
v 0.500000 0.550000 0.221875
v 0.489174 0.156250 0.228125
v 0.489174 0.550000 0.228125
v 0.489174 0.156250 0.240625
v 0.489174 0.550000 0.240625
v 0.421875 0.156250 0.246875
v 0.432701 0.156250 0.240625
v 0.432701 0.550000 0.240625
v 0.421875 0.550000 0.246875
v 0.432701 0.156250 0.228125
v 0.432701 0.550000 0.228125
v 0.421875 0.156250 0.221875
v 0.421875 0.550000 0.221875
v 0.411049 0.156250 0.228125
v 0.411049 0.550000 0.228125
v 0.411049 0.156250 0.240625
v 0.411049 0.550000 0.240625
v 0.343750 0.156250 0.246875
v 0.354576 0.156250 0.240625
v 0.354576 0.550000 0.240625
v 0.343750 0.550000 0.246875
v 0.354576 0.156250 0.228125
v 0.354576 0.550000 0.228125
v 0.343750 0.156250 0.221875
v 0.343750 0.550000 0.221875
v 0.332924 0.156250 0.228125
v 0.332924 0.550000 0.228125
v 0.332924 0.156250 0.240625
v 0.332924 0.550000 0.240625
v 0.268750 0.878125 0.232500
v 0.268750 0.868750 0.248738
v 0.731250 0.868750 0.248738
v 0.731250 0.878125 0.232500
v 0.268750 0.850000 0.248738
v 0.731250 0.850000 0.248738
v 0.268750 0.840625 0.232500
v 0.731250 0.840625 0.232500
v 0.268750 0.850000 0.216262
v 0.731250 0.850000 0.216262
v 0.268750 0.868750 0.216262
v 0.731250 0.868750 0.216262
v 0.287500 0.565625 0.221875
v 0.287500 0.565625 0.248750
v 0.287500 0.603125 0.248750
v 0.287500 0.603125 0.221875
v 0.712500 0.565625 0.248750
v 0.712500 0.565625 0.221875
v 0.712500 0.603125 0.221875
v 0.712500 0.603125 0.248750
vt 0.462890 0.744140
vt 0.514570 0.744140
vt 0.514570 0.990230
vt 0.462890 0.990230
vt 0.518700 0.744140
vt 0.518700 0.990230
vt 0.522810 0.744140
vt 0.522810 0.990230
vt 0.526880 0.744140
vt 0.526880 0.990230
vt 0.530880 0.744140
vt 0.530880 0.990230
vt 0.534800 0.744140
vt 0.534800 0.990230
vt 0.538640 0.744140
vt 0.538640 0.990230
vt 0.542380 0.744140
vt 0.542380 0.990230
vt 0.546020 0.744140
vt 0.546020 0.990230
vt 0.549580 0.744140
vt 0.549580 0.990230
vt 0.553070 0.744140
vt 0.553070 0.990230
vt 0.556500 0.744140
vt 0.556500 0.990230
vt 0.559910 0.744140
vt 0.559910 0.990230
vt 0.563320 0.744140
vt 0.563320 0.990230
vt 0.566750 0.744140
vt 0.566750 0.990230
vt 0.570240 0.744140
vt 0.570240 0.990230
vt 0.573800 0.744140
vt 0.573800 0.990230
vt 0.577440 0.744140
vt 0.577440 0.990230
vt 0.581180 0.744140
vt 0.581180 0.990230
vt 0.585020 0.744140
vt 0.585020 0.990230
vt 0.588940 0.744140
vt 0.588940 0.990230
vt 0.592940 0.744140
vt 0.592940 0.990230
vt 0.597010 0.744140
vt 0.597010 0.990230
vt 0.601120 0.744140
vt 0.601120 0.990230
vt 0.605250 0.744140
vt 0.605250 0.990230
vt 0.656930 0.744140
vt 0.656930 0.990230
vt 0.708980 0.744140
vt 0.708980 0.990230
vt 0.009770 0.294920
vt 0.443360 0.294920
vt 0.443360 0.726390
vt 0.441500 0.760830
vt 0.435970 0.794680
vt 0.426860 0.827360
vt 0.414310 0.858310
vt 0.398560 0.887010
vt 0.379860 0.912960
vt 0.358540 0.935710
vt 0.334960 0.954890
vt 0.309530 0.970150
vt 0.282670 0.981240
vt 0.254860 0.987980
vt 0.226560 0.990230
vt 0.198260 0.987980
vt 0.170450 0.981240
vt 0.143600 0.970150
vt 0.118160 0.954890
vt 0.094590 0.935710
vt 0.073260 0.912960
vt 0.054570 0.887010
vt 0.038810 0.858310
vt 0.026270 0.827360
vt 0.017150 0.794680
vt 0.011620 0.760830
vt 0.009770 0.726390
vt 0.728520 0.869140
vt 0.849610 0.869140
vt 0.849610 0.944280
vt 0.849090 0.950280
vt 0.847550 0.956180
vt 0.845000 0.961870
vt 0.841500 0.967260
vt 0.837100 0.972260
vt 0.831880 0.976780
vt 0.825920 0.980740
vt 0.819340 0.984080
vt 0.812230 0.986740
vt 0.804730 0.988670
vt 0.796970 0.989840
vt 0.789060 0.990230
vt 0.781160 0.989840
vt 0.773390 0.988670
vt 0.765890 0.986740
vt 0.758790 0.984080
vt 0.752200 0.980740
vt 0.746250 0.976780
vt 0.741030 0.972260
vt 0.736630 0.967260
vt 0.733120 0.961870
vt 0.730580 0.956180
vt 0.729030 0.950280
vt 0.728520 0.944280
vt 0.009770 0.216800
vt 0.130860 0.216800
vt 0.130860 0.275390
vt 0.009770 0.275390
vt 0.869140 0.990230
vt 0.876470 0.990230
vt 0.876470 0.957360
vt 0.869140 0.957360
vt 0.883790 0.990230
vt 0.883790 0.957360
vt 0.891110 0.990230
vt 0.891110 0.957360
vt 0.898440 0.990230
vt 0.898440 0.957360
vt 0.905760 0.990230
vt 0.905760 0.957360
vt 0.913090 0.990230
vt 0.913090 0.957360
vt 0.920410 0.990230
vt 0.920410 0.957360
vt 0.927730 0.990230
vt 0.927730 0.957360
vt 0.876470 0.954820
vt 0.869140 0.954820
vt 0.883790 0.954820
vt 0.891110 0.954820
vt 0.898440 0.954820
vt 0.905760 0.954820
vt 0.913090 0.954820
vt 0.920410 0.954820
vt 0.927730 0.954820
vt 0.876470 0.952300
vt 0.869140 0.952300
vt 0.883790 0.952300
vt 0.891110 0.952300
vt 0.898440 0.952300
vt 0.905760 0.952300
vt 0.913090 0.952300
vt 0.920410 0.952300
vt 0.927730 0.952300
vt 0.876470 0.949810
vt 0.869140 0.949810
vt 0.883790 0.949810
vt 0.891110 0.949810
vt 0.898440 0.949810
vt 0.905760 0.949810
vt 0.913090 0.949810
vt 0.920410 0.949810
vt 0.927730 0.949810
vt 0.876470 0.947360
vt 0.869140 0.947360
vt 0.883790 0.947360
vt 0.891110 0.947360
vt 0.898440 0.947360
vt 0.905760 0.947360
vt 0.913090 0.947360
vt 0.920410 0.947360
vt 0.927730 0.947360
vt 0.876470 0.944960
vt 0.869140 0.944960
vt 0.883790 0.944960
vt 0.891110 0.944960
vt 0.898440 0.944960
vt 0.905760 0.944960
vt 0.913090 0.944960
vt 0.920410 0.944960
vt 0.927730 0.944960
vt 0.876470 0.942620
vt 0.869140 0.942620
vt 0.883790 0.942620
vt 0.891110 0.942620
vt 0.898440 0.942620
vt 0.905760 0.942620
vt 0.913090 0.942620
vt 0.920410 0.942620
vt 0.927730 0.942620
vt 0.876470 0.940340
vt 0.869140 0.940340
vt 0.883790 0.940340
vt 0.891110 0.940340
vt 0.898440 0.940340
vt 0.905760 0.940340
vt 0.913090 0.940340
vt 0.920410 0.940340
vt 0.927730 0.940340
vt 0.876470 0.938120
vt 0.869140 0.938120
vt 0.883790 0.938120
vt 0.891110 0.938120
vt 0.898440 0.938120
vt 0.905760 0.938120
vt 0.913090 0.938120
vt 0.920410 0.938120
vt 0.927730 0.938120
vt 0.876470 0.935950
vt 0.869140 0.935950
vt 0.883790 0.935950
vt 0.891110 0.935950
vt 0.898440 0.935950
vt 0.905760 0.935950
vt 0.913090 0.935950
vt 0.920410 0.935950
vt 0.927730 0.935950
vt 0.876470 0.933840
vt 0.869140 0.933840
vt 0.883790 0.933840
vt 0.891110 0.933840
vt 0.898440 0.933840
vt 0.905760 0.933840
vt 0.913090 0.933840
vt 0.920410 0.933840
vt 0.927730 0.933840
vt 0.876470 0.931750
vt 0.869140 0.931750
vt 0.883790 0.931750
vt 0.891110 0.931750
vt 0.898440 0.931750
vt 0.905760 0.931750
vt 0.913090 0.931750
vt 0.920410 0.931750
vt 0.927730 0.931750
vt 0.876470 0.929690
vt 0.869140 0.929690
vt 0.883790 0.929690
vt 0.891110 0.929690
vt 0.898440 0.929690
vt 0.905760 0.929690
vt 0.913090 0.929690
vt 0.920410 0.929690
vt 0.927730 0.929690
vt 0.876470 0.927620
vt 0.869140 0.927620
vt 0.883790 0.927620
vt 0.891110 0.927620
vt 0.898440 0.927620
vt 0.905760 0.927620
vt 0.913090 0.927620
vt 0.920410 0.927620
vt 0.927730 0.927620
vt 0.876470 0.925540
vt 0.869140 0.925540
vt 0.883790 0.925540
vt 0.891110 0.925540
vt 0.898440 0.925540
vt 0.905760 0.925540
vt 0.913090 0.925540
vt 0.920410 0.925540
vt 0.927730 0.925540
vt 0.876470 0.923420
vt 0.869140 0.923420
vt 0.883790 0.923420
vt 0.891110 0.923420
vt 0.898440 0.923420
vt 0.905760 0.923420
vt 0.913090 0.923420
vt 0.920410 0.923420
vt 0.927730 0.923420
vt 0.876470 0.921260
vt 0.869140 0.921260
vt 0.883790 0.921260
vt 0.891110 0.921260
vt 0.898440 0.921260
vt 0.905760 0.921260
vt 0.913090 0.921260
vt 0.920410 0.921260
vt 0.927730 0.921260
vt 0.876470 0.919040
vt 0.869140 0.919040
vt 0.883790 0.919040
vt 0.891110 0.919040
vt 0.898440 0.919040
vt 0.905760 0.919040
vt 0.913090 0.919040
vt 0.920410 0.919040
vt 0.927730 0.919040
vt 0.876470 0.916760
vt 0.869140 0.916760
vt 0.883790 0.916760
vt 0.891110 0.916760
vt 0.898440 0.916760
vt 0.905760 0.916760
vt 0.913090 0.916760
vt 0.920410 0.916760
vt 0.927730 0.916760
vt 0.876470 0.914410
vt 0.869140 0.914410
vt 0.883790 0.914410
vt 0.891110 0.914410
vt 0.898440 0.914410
vt 0.905760 0.914410
vt 0.913090 0.914410
vt 0.920410 0.914410
vt 0.927730 0.914410
vt 0.876470 0.912010
vt 0.869140 0.912010
vt 0.883790 0.912010
vt 0.891110 0.912010
vt 0.898440 0.912010
vt 0.905760 0.912010
vt 0.913090 0.912010
vt 0.920410 0.912010
vt 0.927730 0.912010
vt 0.876470 0.909560
vt 0.869140 0.909560
vt 0.883790 0.909560
vt 0.891110 0.909560
vt 0.898440 0.909560
vt 0.905760 0.909560
vt 0.913090 0.909560
vt 0.920410 0.909560
vt 0.927730 0.909560
vt 0.876470 0.907070
vt 0.869140 0.907070
vt 0.883790 0.907070
vt 0.891110 0.907070
vt 0.898440 0.907070
vt 0.905760 0.907070
vt 0.913090 0.907070
vt 0.920410 0.907070
vt 0.927730 0.907070
vt 0.876470 0.904550
vt 0.869140 0.904550
vt 0.883790 0.904550
vt 0.891110 0.904550
vt 0.898440 0.904550
vt 0.905760 0.904550
vt 0.913090 0.904550
vt 0.920410 0.904550
vt 0.927730 0.904550
vt 0.876470 0.902020
vt 0.869140 0.902020
vt 0.883790 0.902020
vt 0.891110 0.902020
vt 0.898440 0.902020
vt 0.905760 0.902020
vt 0.913090 0.902020
vt 0.920410 0.902020
vt 0.927730 0.902020
vt 0.876470 0.869140
vt 0.869140 0.869140
vt 0.883790 0.869140
vt 0.891110 0.869140
vt 0.898440 0.869140
vt 0.905760 0.869140
vt 0.913090 0.869140
vt 0.920410 0.869140
vt 0.927730 0.869140
vt 0.150390 0.275390
vt 0.153810 0.275390
vt 0.153810 0.204680
vt 0.150390 0.204680
vt 0.157230 0.275390
vt 0.157230 0.204680
vt 0.160650 0.275390
vt 0.160650 0.204680
vt 0.164060 0.275390
vt 0.164060 0.204680
vt 0.167480 0.275390
vt 0.167480 0.204680
vt 0.170900 0.275390
vt 0.170900 0.204680
vt 0.174320 0.275390
vt 0.174320 0.204680
vt 0.177730 0.275390
vt 0.177730 0.204680
vt 0.153810 0.199830
vt 0.150390 0.199830
vt 0.157230 0.199830
vt 0.160650 0.199830
vt 0.164060 0.199830
vt 0.167480 0.199830
vt 0.170900 0.199830
vt 0.174320 0.199830
vt 0.177730 0.199830
vt 0.153810 0.195010
vt 0.150390 0.195010
vt 0.157230 0.195010
vt 0.160650 0.195010
vt 0.164060 0.195010
vt 0.167480 0.195010
vt 0.170900 0.195010
vt 0.174320 0.195010
vt 0.177730 0.195010
vt 0.153810 0.190250
vt 0.150390 0.190250
vt 0.157230 0.190250
vt 0.160650 0.190250
vt 0.164060 0.190250
vt 0.167480 0.190250
vt 0.170900 0.190250
vt 0.174320 0.190250
vt 0.177730 0.190250
vt 0.153810 0.185570
vt 0.150390 0.185570
vt 0.157230 0.185570
vt 0.160650 0.185570
vt 0.164060 0.185570
vt 0.167480 0.185570
vt 0.170900 0.185570
vt 0.174320 0.185570
vt 0.177730 0.185570
vt 0.153810 0.181010
vt 0.150390 0.181010
vt 0.157230 0.181010
vt 0.160650 0.181010
vt 0.164060 0.181010
vt 0.167480 0.181010
vt 0.170900 0.181010
vt 0.174320 0.181010
vt 0.177730 0.181010
vt 0.153810 0.176560
vt 0.150390 0.176560
vt 0.157230 0.176560
vt 0.160650 0.176560
vt 0.164060 0.176560
vt 0.167480 0.176560
vt 0.170900 0.176560
vt 0.174320 0.176560
vt 0.177730 0.176560
vt 0.153810 0.172250
vt 0.150390 0.172250
vt 0.157230 0.172250
vt 0.160650 0.172250
vt 0.164060 0.172250
vt 0.167480 0.172250
vt 0.170900 0.172250
vt 0.174320 0.172250
vt 0.177730 0.172250
vt 0.153810 0.168080
vt 0.150390 0.168080
vt 0.157230 0.168080
vt 0.160650 0.168080
vt 0.164060 0.168080
vt 0.167480 0.168080
vt 0.170900 0.168080
vt 0.174320 0.168080
vt 0.177730 0.168080
vt 0.153810 0.164020
vt 0.150390 0.164020
vt 0.157230 0.164020
vt 0.160650 0.164020
vt 0.164060 0.164020
vt 0.167480 0.164020
vt 0.170900 0.164020
vt 0.174320 0.164020
vt 0.177730 0.164020
vt 0.153810 0.160070
vt 0.150390 0.160070
vt 0.157230 0.160070
vt 0.160650 0.160070
vt 0.164060 0.160070
vt 0.167480 0.160070
vt 0.170900 0.160070
vt 0.174320 0.160070
vt 0.177730 0.160070
vt 0.153810 0.156190
vt 0.150390 0.156190
vt 0.157230 0.156190
vt 0.160650 0.156190
vt 0.164060 0.156190
vt 0.167480 0.156190
vt 0.170900 0.156190
vt 0.174320 0.156190
vt 0.177730 0.156190
vt 0.153810 0.152340
vt 0.150390 0.152340
vt 0.157230 0.152340
vt 0.160650 0.152340
vt 0.164060 0.152340
vt 0.167480 0.152340
vt 0.170900 0.152340
vt 0.174320 0.152340
vt 0.177730 0.152340
vt 0.153810 0.148500
vt 0.150390 0.148500
vt 0.157230 0.148500
vt 0.160650 0.148500
vt 0.164060 0.148500
vt 0.167480 0.148500
vt 0.170900 0.148500
vt 0.174320 0.148500
vt 0.177730 0.148500
vt 0.153810 0.144620
vt 0.150390 0.144620
vt 0.157230 0.144620
vt 0.160650 0.144620
vt 0.164060 0.144620
vt 0.167480 0.144620
vt 0.170900 0.144620
vt 0.174320 0.144620
vt 0.177730 0.144620
vt 0.153810 0.140670
vt 0.150390 0.140670
vt 0.157230 0.140670
vt 0.160650 0.140670
vt 0.164060 0.140670
vt 0.167480 0.140670
vt 0.170900 0.140670
vt 0.174320 0.140670
vt 0.177730 0.140670
vt 0.153810 0.136610
vt 0.150390 0.136610
vt 0.157230 0.136610
vt 0.160650 0.136610
vt 0.164060 0.136610
vt 0.167480 0.136610
vt 0.170900 0.136610
vt 0.174320 0.136610
vt 0.177730 0.136610
vt 0.153810 0.132430
vt 0.150390 0.132430
vt 0.157230 0.132430
vt 0.160650 0.132430
vt 0.164060 0.132430
vt 0.167480 0.132430
vt 0.170900 0.132430
vt 0.174320 0.132430
vt 0.177730 0.132430
vt 0.153810 0.128120
vt 0.150390 0.128120
vt 0.157230 0.128120
vt 0.160650 0.128120
vt 0.164060 0.128120
vt 0.167480 0.128120
vt 0.170900 0.128120
vt 0.174320 0.128120
vt 0.177730 0.128120
vt 0.153810 0.123680
vt 0.150390 0.123680
vt 0.157230 0.123680
vt 0.160650 0.123680
vt 0.164060 0.123680
vt 0.167480 0.123680
vt 0.170900 0.123680
vt 0.174320 0.123680
vt 0.177730 0.123680
vt 0.153810 0.119120
vt 0.150390 0.119120
vt 0.157230 0.119120
vt 0.160650 0.119120
vt 0.164060 0.119120
vt 0.167480 0.119120
vt 0.170900 0.119120
vt 0.174320 0.119120
vt 0.177730 0.119120
vt 0.153810 0.114440
vt 0.150390 0.114440
vt 0.157230 0.114440
vt 0.160650 0.114440
vt 0.164060 0.114440
vt 0.167480 0.114440
vt 0.170900 0.114440
vt 0.174320 0.114440
vt 0.177730 0.114440
vt 0.153810 0.109680
vt 0.150390 0.109680
vt 0.157230 0.109680
vt 0.160650 0.109680
vt 0.164060 0.109680
vt 0.167480 0.109680
vt 0.170900 0.109680
vt 0.174320 0.109680
vt 0.177730 0.109680
vt 0.153810 0.104860
vt 0.150390 0.104860
vt 0.157230 0.104860
vt 0.160650 0.104860
vt 0.164060 0.104860
vt 0.167480 0.104860
vt 0.170900 0.104860
vt 0.174320 0.104860
vt 0.177730 0.104860
vt 0.153810 0.100010
vt 0.150390 0.100010
vt 0.157230 0.100010
vt 0.160650 0.100010
vt 0.164060 0.100010
vt 0.167480 0.100010
vt 0.170900 0.100010
vt 0.174320 0.100010
vt 0.177730 0.100010
vt 0.153810 0.029300
vt 0.150390 0.029300
vt 0.157230 0.029300
vt 0.160650 0.029300
vt 0.164060 0.029300
vt 0.167480 0.029300
vt 0.170900 0.029300
vt 0.174320 0.029300
vt 0.177730 0.029300
vt 0.197270 0.275390
vt 0.200680 0.275390
vt 0.200680 0.200540
vt 0.197270 0.200540
vt 0.204100 0.275390
vt 0.204100 0.200540
vt 0.207520 0.275390
vt 0.207520 0.200540
vt 0.210940 0.275390
vt 0.210940 0.200540
vt 0.214350 0.275390
vt 0.214350 0.200540
vt 0.217770 0.275390
vt 0.217770 0.200540
vt 0.221190 0.275390
vt 0.221190 0.200540
vt 0.224610 0.275390
vt 0.224610 0.200540
vt 0.200680 0.196010
vt 0.197270 0.196010
vt 0.204100 0.196010
vt 0.207520 0.196010
vt 0.210940 0.196010
vt 0.214350 0.196010
vt 0.217770 0.196010
vt 0.221190 0.196010
vt 0.224610 0.196010
vt 0.200680 0.191510
vt 0.197270 0.191510
vt 0.204100 0.191510
vt 0.207520 0.191510
vt 0.210940 0.191510
vt 0.214350 0.191510
vt 0.217770 0.191510
vt 0.221190 0.191510
vt 0.224610 0.191510
vt 0.200680 0.187070
vt 0.197270 0.187070
vt 0.204100 0.187070
vt 0.207520 0.187070
vt 0.210940 0.187070
vt 0.214350 0.187070
vt 0.217770 0.187070
vt 0.221190 0.187070
vt 0.224610 0.187070
vt 0.200680 0.182720
vt 0.197270 0.182720
vt 0.204100 0.182720
vt 0.207520 0.182720
vt 0.210940 0.182720
vt 0.214350 0.182720
vt 0.217770 0.182720
vt 0.221190 0.182720
vt 0.224610 0.182720
vt 0.200680 0.178480
vt 0.197270 0.178480
vt 0.204100 0.178480
vt 0.207520 0.178480
vt 0.210940 0.178480
vt 0.214350 0.178480
vt 0.217770 0.178480
vt 0.221190 0.178480
vt 0.224610 0.178480
vt 0.200680 0.174380
vt 0.197270 0.174380
vt 0.204100 0.174380
vt 0.207520 0.174380
vt 0.210940 0.174380
vt 0.214350 0.174380
vt 0.217770 0.174380
vt 0.221190 0.174380
vt 0.224610 0.174380
vt 0.200680 0.170420
vt 0.197270 0.170420
vt 0.204100 0.170420
vt 0.207520 0.170420
vt 0.210940 0.170420
vt 0.214350 0.170420
vt 0.217770 0.170420
vt 0.221190 0.170420
vt 0.224610 0.170420
vt 0.200680 0.166590
vt 0.197270 0.166590
vt 0.204100 0.166590
vt 0.207520 0.166590
vt 0.210940 0.166590
vt 0.214350 0.166590
vt 0.217770 0.166590
vt 0.221190 0.166590
vt 0.224610 0.166590
vt 0.200680 0.162900
vt 0.197270 0.162900
vt 0.204100 0.162900
vt 0.207520 0.162900
vt 0.210940 0.162900
vt 0.214350 0.162900
vt 0.217770 0.162900
vt 0.221190 0.162900
vt 0.224610 0.162900
vt 0.200680 0.159310
vt 0.197270 0.159310
vt 0.204100 0.159310
vt 0.207520 0.159310
vt 0.210940 0.159310
vt 0.214350 0.159310
vt 0.217770 0.159310
vt 0.221190 0.159310
vt 0.224610 0.159310
vt 0.200680 0.155810
vt 0.197270 0.155810
vt 0.204100 0.155810
vt 0.207520 0.155810
vt 0.210940 0.155810
vt 0.214350 0.155810
vt 0.217770 0.155810
vt 0.221190 0.155810
vt 0.224610 0.155810
vt 0.200680 0.152340
vt 0.197270 0.152340
vt 0.204100 0.152340
vt 0.207520 0.152340
vt 0.210940 0.152340
vt 0.214350 0.152340
vt 0.217770 0.152340
vt 0.221190 0.152340
vt 0.224610 0.152340
vt 0.200680 0.148880
vt 0.197270 0.148880
vt 0.204100 0.148880
vt 0.207520 0.148880
vt 0.210940 0.148880
vt 0.214350 0.148880
vt 0.217770 0.148880
vt 0.221190 0.148880
vt 0.224610 0.148880
vt 0.200680 0.145380
vt 0.197270 0.145380
vt 0.204100 0.145380
vt 0.207520 0.145380
vt 0.210940 0.145380
vt 0.214350 0.145380
vt 0.217770 0.145380
vt 0.221190 0.145380
vt 0.224610 0.145380
vt 0.200680 0.141790
vt 0.197270 0.141790
vt 0.204100 0.141790
vt 0.207520 0.141790
vt 0.210940 0.141790
vt 0.214350 0.141790
vt 0.217770 0.141790
vt 0.221190 0.141790
vt 0.224610 0.141790
vt 0.200680 0.138100
vt 0.197270 0.138100
vt 0.204100 0.138100
vt 0.207520 0.138100
vt 0.210940 0.138100
vt 0.214350 0.138100
vt 0.217770 0.138100
vt 0.221190 0.138100
vt 0.224610 0.138100
vt 0.200680 0.134270
vt 0.197270 0.134270
vt 0.204100 0.134270
vt 0.207520 0.134270
vt 0.210940 0.134270
vt 0.214350 0.134270
vt 0.217770 0.134270
vt 0.221190 0.134270
vt 0.224610 0.134270
vt 0.200680 0.130310
vt 0.197270 0.130310
vt 0.204100 0.130310
vt 0.207520 0.130310
vt 0.210940 0.130310
vt 0.214350 0.130310
vt 0.217770 0.130310
vt 0.221190 0.130310
vt 0.224610 0.130310
vt 0.200680 0.126200
vt 0.197270 0.126200
vt 0.204100 0.126200
vt 0.207520 0.126200
vt 0.210940 0.126200
vt 0.214350 0.126200
vt 0.217770 0.126200
vt 0.221190 0.126200
vt 0.224610 0.126200
vt 0.200680 0.121970
vt 0.197270 0.121970
vt 0.204100 0.121970
vt 0.207520 0.121970
vt 0.210940 0.121970
vt 0.214350 0.121970
vt 0.217770 0.121970
vt 0.221190 0.121970
vt 0.224610 0.121970
vt 0.200680 0.117620
vt 0.197270 0.117620
vt 0.204100 0.117620
vt 0.207520 0.117620
vt 0.210940 0.117620
vt 0.214350 0.117620
vt 0.217770 0.117620
vt 0.221190 0.117620
vt 0.224610 0.117620
vt 0.200680 0.113180
vt 0.197270 0.113180
vt 0.204100 0.113180
vt 0.207520 0.113180
vt 0.210940 0.113180
vt 0.214350 0.113180
vt 0.217770 0.113180
vt 0.221190 0.113180
vt 0.224610 0.113180
vt 0.200680 0.108680
vt 0.197270 0.108680
vt 0.204100 0.108680
vt 0.207520 0.108680
vt 0.210940 0.108680
vt 0.214350 0.108680
vt 0.217770 0.108680
vt 0.221190 0.108680
vt 0.224610 0.108680
vt 0.200680 0.104140
vt 0.197270 0.104140
vt 0.204100 0.104140
vt 0.207520 0.104140
vt 0.210940 0.104140
vt 0.214350 0.104140
vt 0.217770 0.104140
vt 0.221190 0.104140
vt 0.224610 0.104140
vt 0.200680 0.029300
vt 0.197270 0.029300
vt 0.204100 0.029300
vt 0.207520 0.029300
vt 0.210940 0.029300
vt 0.214350 0.029300
vt 0.217770 0.029300
vt 0.221190 0.029300
vt 0.224610 0.029300
vt 0.244140 0.275390
vt 0.247560 0.275390
vt 0.247560 0.196170
vt 0.244140 0.196170
vt 0.250980 0.275390
vt 0.250980 0.196170
vt 0.254390 0.275390
vt 0.254390 0.196170
vt 0.257810 0.275390
vt 0.257810 0.196170
vt 0.261230 0.275390
vt 0.261230 0.196170
vt 0.264650 0.275390
vt 0.264650 0.196170
vt 0.268070 0.275390
vt 0.268070 0.196170
vt 0.271480 0.275390
vt 0.271480 0.196170
vt 0.247560 0.191980
vt 0.244140 0.191980
vt 0.250980 0.191980
vt 0.254390 0.191980
vt 0.257810 0.191980
vt 0.261230 0.191980
vt 0.264650 0.191980
vt 0.268070 0.191980
vt 0.271480 0.191980
vt 0.247560 0.187810
vt 0.244140 0.187810
vt 0.250980 0.187810
vt 0.254390 0.187810
vt 0.257810 0.187810
vt 0.261230 0.187810
vt 0.264650 0.187810
vt 0.268070 0.187810
vt 0.271480 0.187810
vt 0.247560 0.183710
vt 0.244140 0.183710
vt 0.250980 0.183710
vt 0.254390 0.183710
vt 0.257810 0.183710
vt 0.261230 0.183710
vt 0.264650 0.183710
vt 0.268070 0.183710
vt 0.271480 0.183710
vt 0.247560 0.179710
vt 0.244140 0.179710
vt 0.250980 0.179710
vt 0.254390 0.179710
vt 0.257810 0.179710
vt 0.261230 0.179710
vt 0.264650 0.179710
vt 0.268070 0.179710
vt 0.271480 0.179710
vt 0.247560 0.175820
vt 0.244140 0.175820
vt 0.250980 0.175820
vt 0.254390 0.175820
vt 0.257810 0.175820
vt 0.261230 0.175820
vt 0.264650 0.175820
vt 0.268070 0.175820
vt 0.271480 0.175820
vt 0.247560 0.172070
vt 0.244140 0.172070
vt 0.250980 0.172070
vt 0.254390 0.172070
vt 0.257810 0.172070
vt 0.261230 0.172070
vt 0.264650 0.172070
vt 0.268070 0.172070
vt 0.271480 0.172070
vt 0.247560 0.168470
vt 0.244140 0.168470
vt 0.250980 0.168470
vt 0.254390 0.168470
vt 0.257810 0.168470
vt 0.261230 0.168470
vt 0.264650 0.168470
vt 0.268070 0.168470
vt 0.271480 0.168470
vt 0.247560 0.165020
vt 0.244140 0.165020
vt 0.250980 0.165020
vt 0.254390 0.165020
vt 0.257810 0.165020
vt 0.261230 0.165020
vt 0.264650 0.165020
vt 0.268070 0.165020
vt 0.271480 0.165020
vt 0.247560 0.161710
vt 0.244140 0.161710
vt 0.250980 0.161710
vt 0.254390 0.161710
vt 0.257810 0.161710
vt 0.261230 0.161710
vt 0.264650 0.161710
vt 0.268070 0.161710
vt 0.271480 0.161710
vt 0.247560 0.158510
vt 0.244140 0.158510
vt 0.250980 0.158510
vt 0.254390 0.158510
vt 0.257810 0.158510
vt 0.261230 0.158510
vt 0.264650 0.158510
vt 0.268070 0.158510
vt 0.271480 0.158510
vt 0.247560 0.155410
vt 0.244140 0.155410
vt 0.250980 0.155410
vt 0.254390 0.155410
vt 0.257810 0.155410
vt 0.261230 0.155410
vt 0.264650 0.155410
vt 0.268070 0.155410
vt 0.271480 0.155410
vt 0.247560 0.152340
vt 0.244140 0.152340
vt 0.250980 0.152340
vt 0.254390 0.152340
vt 0.257810 0.152340
vt 0.261230 0.152340
vt 0.264650 0.152340
vt 0.268070 0.152340
vt 0.271480 0.152340
vt 0.247560 0.149280
vt 0.244140 0.149280
vt 0.250980 0.149280
vt 0.254390 0.149280
vt 0.257810 0.149280
vt 0.261230 0.149280
vt 0.264650 0.149280
vt 0.268070 0.149280
vt 0.271480 0.149280
vt 0.247560 0.146170
vt 0.244140 0.146170
vt 0.250980 0.146170
vt 0.254390 0.146170
vt 0.257810 0.146170
vt 0.261230 0.146170
vt 0.264650 0.146170
vt 0.268070 0.146170
vt 0.271480 0.146170
vt 0.247560 0.142980
vt 0.244140 0.142980
vt 0.250980 0.142980
vt 0.254390 0.142980
vt 0.257810 0.142980
vt 0.261230 0.142980
vt 0.264650 0.142980
vt 0.268070 0.142980
vt 0.271480 0.142980
vt 0.247560 0.139670
vt 0.244140 0.139670
vt 0.250980 0.139670
vt 0.254390 0.139670
vt 0.257810 0.139670
vt 0.261230 0.139670
vt 0.264650 0.139670
vt 0.268070 0.139670
vt 0.271480 0.139670
vt 0.247560 0.136220
vt 0.244140 0.136220
vt 0.250980 0.136220
vt 0.254390 0.136220
vt 0.257810 0.136220
vt 0.261230 0.136220
vt 0.264650 0.136220
vt 0.268070 0.136220
vt 0.271480 0.136220
vt 0.247560 0.132620
vt 0.244140 0.132620
vt 0.250980 0.132620
vt 0.254390 0.132620
vt 0.257810 0.132620
vt 0.261230 0.132620
vt 0.264650 0.132620
vt 0.268070 0.132620
vt 0.271480 0.132620
vt 0.247560 0.128870
vt 0.244140 0.128870
vt 0.250980 0.128870
vt 0.254390 0.128870
vt 0.257810 0.128870
vt 0.261230 0.128870
vt 0.264650 0.128870
vt 0.268070 0.128870
vt 0.271480 0.128870
vt 0.247560 0.124980
vt 0.244140 0.124980
vt 0.250980 0.124980
vt 0.254390 0.124980
vt 0.257810 0.124980
vt 0.261230 0.124980
vt 0.264650 0.124980
vt 0.268070 0.124980
vt 0.271480 0.124980
vt 0.247560 0.120980
vt 0.244140 0.120980
vt 0.250980 0.120980
vt 0.254390 0.120980
vt 0.257810 0.120980
vt 0.261230 0.120980
vt 0.264650 0.120980
vt 0.268070 0.120980
vt 0.271480 0.120980
vt 0.247560 0.116880
vt 0.244140 0.116880
vt 0.250980 0.116880
vt 0.254390 0.116880
vt 0.257810 0.116880
vt 0.261230 0.116880
vt 0.264650 0.116880
vt 0.268070 0.116880
vt 0.271480 0.116880
vt 0.247560 0.112710
vt 0.244140 0.112710
vt 0.250980 0.112710
vt 0.254390 0.112710
vt 0.257810 0.112710
vt 0.261230 0.112710
vt 0.264650 0.112710
vt 0.268070 0.112710
vt 0.271480 0.112710
vt 0.247560 0.108510
vt 0.244140 0.108510
vt 0.250980 0.108510
vt 0.254390 0.108510
vt 0.257810 0.108510
vt 0.261230 0.108510
vt 0.264650 0.108510
vt 0.268070 0.108510
vt 0.271480 0.108510
vt 0.247560 0.029300
vt 0.244140 0.029300
vt 0.250980 0.029300
vt 0.254390 0.029300
vt 0.257810 0.029300
vt 0.261230 0.029300
vt 0.264650 0.029300
vt 0.268070 0.029300
vt 0.271480 0.029300
vt 0.876470 0.949410
vt 0.869140 0.949410
vt 0.883790 0.949410
vt 0.891110 0.949410
vt 0.898440 0.949410
vt 0.905760 0.949410
vt 0.913090 0.949410
vt 0.920410 0.949410
vt 0.927730 0.949410
vt 0.876470 0.947490
vt 0.869140 0.947490
vt 0.883790 0.947490
vt 0.891110 0.947490
vt 0.898440 0.947490
vt 0.905760 0.947490
vt 0.913090 0.947490
vt 0.920410 0.947490
vt 0.927730 0.947490
vt 0.876470 0.945580
vt 0.869140 0.945580
vt 0.883790 0.945580
vt 0.891110 0.945580
vt 0.898440 0.945580
vt 0.905760 0.945580
vt 0.913090 0.945580
vt 0.920410 0.945580
vt 0.927730 0.945580
vt 0.876470 0.943710
vt 0.869140 0.943710
vt 0.883790 0.943710
vt 0.891110 0.943710
vt 0.898440 0.943710
vt 0.905760 0.943710
vt 0.913090 0.943710
vt 0.920410 0.943710
vt 0.927730 0.943710
vt 0.876470 0.941880
vt 0.869140 0.941880
vt 0.883790 0.941880
vt 0.891110 0.941880
vt 0.898440 0.941880
vt 0.905760 0.941880
vt 0.913090 0.941880
vt 0.920410 0.941880
vt 0.927730 0.941880
vt 0.876470 0.940120
vt 0.869140 0.940120
vt 0.883790 0.940120
vt 0.891110 0.940120
vt 0.898440 0.940120
vt 0.905760 0.940120
vt 0.913090 0.940120
vt 0.920410 0.940120
vt 0.927730 0.940120
vt 0.876470 0.938420
vt 0.869140 0.938420
vt 0.883790 0.938420
vt 0.891110 0.938420
vt 0.898440 0.938420
vt 0.905760 0.938420
vt 0.913090 0.938420
vt 0.920410 0.938420
vt 0.927730 0.938420
vt 0.876470 0.936800
vt 0.869140 0.936800
vt 0.883790 0.936800
vt 0.891110 0.936800
vt 0.898440 0.936800
vt 0.905760 0.936800
vt 0.913090 0.936800
vt 0.920410 0.936800
vt 0.927730 0.936800
vt 0.876470 0.935260
vt 0.869140 0.935260
vt 0.883790 0.935260
vt 0.891110 0.935260
vt 0.898440 0.935260
vt 0.905760 0.935260
vt 0.913090 0.935260
vt 0.920410 0.935260
vt 0.927730 0.935260
vt 0.876470 0.933790
vt 0.869140 0.933790
vt 0.883790 0.933790
vt 0.891110 0.933790
vt 0.898440 0.933790
vt 0.905760 0.933790
vt 0.913090 0.933790
vt 0.920410 0.933790
vt 0.927730 0.933790
vt 0.876470 0.932390
vt 0.869140 0.932390
vt 0.883790 0.932390
vt 0.891110 0.932390
vt 0.898440 0.932390
vt 0.905760 0.932390
vt 0.913090 0.932390
vt 0.920410 0.932390
vt 0.927730 0.932390
vt 0.876470 0.931020
vt 0.869140 0.931020
vt 0.883790 0.931020
vt 0.891110 0.931020
vt 0.898440 0.931020
vt 0.905760 0.931020
vt 0.913090 0.931020
vt 0.920410 0.931020
vt 0.927730 0.931020
vt 0.876470 0.928350
vt 0.869140 0.928350
vt 0.883790 0.928350
vt 0.891110 0.928350
vt 0.898440 0.928350
vt 0.905760 0.928350
vt 0.913090 0.928350
vt 0.920410 0.928350
vt 0.927730 0.928350
vt 0.876470 0.926990
vt 0.869140 0.926990
vt 0.883790 0.926990
vt 0.891110 0.926990
vt 0.898440 0.926990
vt 0.905760 0.926990
vt 0.913090 0.926990
vt 0.920410 0.926990
vt 0.927730 0.926990
vt 0.876470 0.925580
vt 0.869140 0.925580
vt 0.883790 0.925580
vt 0.891110 0.925580
vt 0.898440 0.925580
vt 0.905760 0.925580
vt 0.913090 0.925580
vt 0.920410 0.925580
vt 0.927730 0.925580
vt 0.876470 0.924110
vt 0.869140 0.924110
vt 0.883790 0.924110
vt 0.891110 0.924110
vt 0.898440 0.924110
vt 0.905760 0.924110
vt 0.913090 0.924110
vt 0.920410 0.924110
vt 0.927730 0.924110
vt 0.876470 0.922570
vt 0.869140 0.922570
vt 0.883790 0.922570
vt 0.891110 0.922570
vt 0.898440 0.922570
vt 0.905760 0.922570
vt 0.913090 0.922570
vt 0.920410 0.922570
vt 0.927730 0.922570
vt 0.876470 0.920950
vt 0.869140 0.920950
vt 0.883790 0.920950
vt 0.891110 0.920950
vt 0.898440 0.920950
vt 0.905760 0.920950
vt 0.913090 0.920950
vt 0.920410 0.920950
vt 0.927730 0.920950
vt 0.876470 0.919260
vt 0.869140 0.919260
vt 0.883790 0.919260
vt 0.891110 0.919260
vt 0.898440 0.919260
vt 0.905760 0.919260
vt 0.913090 0.919260
vt 0.920410 0.919260
vt 0.927730 0.919260
vt 0.876470 0.917490
vt 0.869140 0.917490
vt 0.883790 0.917490
vt 0.891110 0.917490
vt 0.898440 0.917490
vt 0.905760 0.917490
vt 0.913090 0.917490
vt 0.920410 0.917490
vt 0.927730 0.917490
vt 0.876470 0.915670
vt 0.869140 0.915670
vt 0.883790 0.915670
vt 0.891110 0.915670
vt 0.898440 0.915670
vt 0.905760 0.915670
vt 0.913090 0.915670
vt 0.920410 0.915670
vt 0.927730 0.915670
vt 0.876470 0.913800
vt 0.869140 0.913800
vt 0.883790 0.913800
vt 0.891110 0.913800
vt 0.898440 0.913800
vt 0.905760 0.913800
vt 0.913090 0.913800
vt 0.920410 0.913800
vt 0.927730 0.913800
vt 0.876470 0.911890
vt 0.869140 0.911890
vt 0.883790 0.911890
vt 0.891110 0.911890
vt 0.898440 0.911890
vt 0.905760 0.911890
vt 0.913090 0.911890
vt 0.920410 0.911890
vt 0.927730 0.911890
vt 0.876470 0.909970
vt 0.869140 0.909970
vt 0.883790 0.909970
vt 0.891110 0.909970
vt 0.898440 0.909970
vt 0.905760 0.909970
vt 0.913090 0.909970
vt 0.920410 0.909970
vt 0.927730 0.909970
vt 0.291020 0.275390
vt 0.294430 0.275390
vt 0.294430 0.029300
vt 0.291020 0.029300
vt 0.297850 0.275390
vt 0.297850 0.029300
vt 0.301270 0.275390
vt 0.301270 0.029300
vt 0.304690 0.275390
vt 0.304690 0.029300
vt 0.308110 0.275390
vt 0.308110 0.029300
vt 0.311520 0.275390
vt 0.311520 0.029300
vt 0.314940 0.275390
vt 0.314940 0.029300
vt 0.318360 0.275390
vt 0.318360 0.029300
vt 0.878910 0.990230
vt 0.878910 0.869140
vt 0.888670 0.990230
vt 0.888670 0.869140
vt 0.908200 0.990230
vt 0.908200 0.869140
vt 0.917970 0.990230
vt 0.917970 0.869140
vt 0.583980 0.248050
vt 0.583980 0.275390
vt 0.337890 0.275390
vt 0.337890 0.248050
vn -1.00000 0.00000 0.00000
vn -0.99855 0.05390 0.00000
vn -0.98685 0.16166 0.00000
vn -0.96308 0.26923 0.00000
vn -0.92651 0.37627 0.00000
vn -0.87612 0.48210 0.00000
vn -0.81068 0.58549 0.00000
vn -0.72897 0.68454 0.00000
vn -0.63006 0.77655 0.00000
vn -0.51375 0.85794 0.00000
vn -0.38109 0.92454 0.00000
vn -0.23478 0.97205 0.00000
vn -0.07934 0.99685 0.00000
vn 0.07934 0.99685 0.00000
vn 0.23478 0.97205 0.00000
vn 0.38109 0.92454 0.00000
vn 0.51375 0.85794 0.00000
vn 0.63006 0.77655 0.00000
vn 0.72897 0.68454 0.00000
vn 0.81068 0.58549 0.00000
vn 0.87612 0.48210 0.00000
vn 0.92651 0.37627 0.00000
vn 0.96308 0.26923 0.00000
vn 0.98685 0.16166 0.00000
vn 0.99855 0.05390 0.00000
vn 1.00000 -0.00000 -0.00000
vn -0.00000 -1.00000 0.00000
vn 0.00000 0.00000 -1.00000
vn -0.00000 -0.00000 1.00000
vn 0.00000 1.00000 0.00000
vn 0.70711 0.00000 0.70711
vn 0.70686 -0.01884 0.70711
vn 0.99965 -0.02664 0.00000
vn 0.70711 0.00000 -0.70711
vn 0.70686 -0.01884 -0.70711
vn -0.70711 -0.00000 -0.70711
vn -0.70686 0.01884 -0.70711
vn -0.99965 0.02664 -0.00000
vn -0.70711 0.00000 0.70711
vn -0.70686 0.01884 0.70711
vn 0.70307 -0.07542 0.70711
vn 0.99430 -0.10666 0.00000
vn 0.70307 -0.07542 -0.70711
vn -0.70307 0.07542 -0.70711
vn -0.99430 0.10666 -0.00000
vn -0.70307 0.07542 0.70711
vn 0.69083 -0.15084 0.70711
vn 0.97698 -0.21332 0.00000
vn 0.69083 -0.15084 -0.70711
vn -0.69083 0.15084 -0.70711
vn -0.97698 0.21332 -0.00000
vn -0.69083 0.15084 0.70711
vn 0.66997 -0.22614 0.70711
vn 0.94748 -0.31982 0.00000
vn 0.66997 -0.22614 -0.70711
vn -0.66997 0.22614 -0.70711
vn -0.94748 0.31982 -0.00000
vn -0.66997 0.22614 0.70711
vn 0.63982 -0.30104 0.70711
vn 0.90485 -0.42574 0.00000
vn 0.63982 -0.30104 -0.70711
vn -0.63982 0.30104 -0.70711
vn -0.90485 0.42574 -0.00000
vn -0.63982 0.30104 0.70711
vn 0.59952 -0.37493 0.70711
vn 0.84785 -0.53023 0.00000
vn 0.59952 -0.37493 -0.70711
vn -0.59952 0.37493 -0.70711
vn -0.84785 0.53023 -0.00000
vn -0.59952 0.37493 0.70711
vn 0.54810 -0.44675 0.70711
vn 0.77513 -0.63180 0.00000
vn 0.54810 -0.44675 -0.70711
vn -0.54810 0.44675 -0.70711
vn -0.77513 0.63180 -0.00000
vn -0.54810 0.44675 0.70711
vn 0.48467 -0.51488 0.70711
vn 0.68542 -0.72815 0.00000
vn 0.48467 -0.51488 -0.70711
vn -0.48467 0.51488 -0.70711
vn -0.68542 0.72815 -0.00000
vn -0.48467 0.51488 0.70711
vn 0.40867 -0.57705 0.70711
vn 0.57794 -0.81608 0.00000
vn 0.40867 -0.57705 -0.70711
vn -0.40867 0.57705 -0.70711
vn -0.57794 0.81608 -0.00000
vn -0.40867 0.57705 0.70711
vn 0.32028 -0.63042 0.70711
vn 0.45294 -0.89154 0.00000
vn 0.32028 -0.63042 -0.70711
vn -0.32028 0.63042 -0.70711
vn -0.45294 0.89154 -0.00000
vn -0.32028 0.63042 0.70711
vn 0.22075 -0.67176 0.70711
vn 0.31219 -0.95002 0.00000
vn 0.22075 -0.67176 -0.70711
vn -0.22075 0.67176 -0.70711
vn -0.31219 0.95002 -0.00000
vn -0.22075 0.67176 0.70711
vn 0.11270 -0.69807 0.70711
vn 0.15939 -0.98722 0.00000
vn 0.11270 -0.69807 -0.70711
vn -0.11270 0.69807 -0.70711
vn -0.15939 0.98722 -0.00000
vn -0.11270 0.69807 0.70711
vn 0.00000 -0.70711 0.70711
vn 0.00000 -0.70711 -0.70711
vn -0.00000 0.70711 -0.70711
vn -0.00000 0.70711 0.70711
vn -0.11270 -0.69807 0.70711
vn -0.15939 -0.98722 0.00000
vn -0.11270 -0.69807 -0.70711
vn 0.11270 0.69807 -0.70711
vn 0.15939 0.98722 -0.00000
vn 0.11270 0.69807 0.70711
vn -0.22075 -0.67176 0.70711
vn -0.31219 -0.95002 0.00000
vn -0.22075 -0.67176 -0.70711
vn 0.22075 0.67176 -0.70711
vn 0.31219 0.95002 -0.00000
vn 0.22075 0.67176 0.70711
vn -0.32028 -0.63042 0.70711
vn -0.45294 -0.89154 0.00000
vn -0.32028 -0.63042 -0.70711
vn 0.32028 0.63042 -0.70711
vn 0.45294 0.89154 -0.00000
vn 0.32028 0.63042 0.70711
vn -0.40867 -0.57705 0.70711
vn -0.57794 -0.81608 0.00000
vn -0.40867 -0.57705 -0.70711
vn 0.40867 0.57705 -0.70711
vn 0.57794 0.81608 -0.00000
vn 0.40867 0.57705 0.70711
vn -0.48467 -0.51488 0.70711
vn -0.68542 -0.72815 0.00000
vn -0.48467 -0.51488 -0.70711
vn 0.48467 0.51488 -0.70711
vn 0.68542 0.72815 -0.00000
vn 0.48467 0.51488 0.70711
vn -0.54810 -0.44675 0.70711
vn -0.77513 -0.63180 0.00000
vn -0.54810 -0.44675 -0.70711
vn 0.54810 0.44675 -0.70711
vn 0.77513 0.63180 -0.00000
vn 0.54810 0.44675 0.70711
vn -0.59952 -0.37493 0.70711
vn -0.84785 -0.53023 0.00000
vn -0.59952 -0.37493 -0.70711
vn 0.59952 0.37493 -0.70711
vn 0.84785 0.53023 -0.00000
vn 0.59952 0.37493 0.70711
vn -0.63982 -0.30104 0.70711
vn -0.90485 -0.42574 0.00000
vn -0.63982 -0.30104 -0.70711
vn 0.63982 0.30104 -0.70711
vn 0.90485 0.42574 -0.00000
vn 0.63982 0.30104 0.70711
vn -0.66997 -0.22614 0.70711
vn -0.94748 -0.31982 0.00000
vn -0.66997 -0.22614 -0.70711
vn 0.66997 0.22614 -0.70711
vn 0.94748 0.31982 -0.00000
vn 0.66997 0.22614 0.70711
vn -0.69083 -0.15084 0.70711
vn -0.97698 -0.21332 0.00000
vn -0.69083 -0.15084 -0.70711
vn 0.69083 0.15084 -0.70711
vn 0.97698 0.21332 -0.00000
vn 0.69083 0.15084 0.70711
vn -0.70307 -0.07542 0.70711
vn -0.99430 -0.10666 0.00000
vn -0.70307 -0.07542 -0.70711
vn 0.70307 0.07542 -0.70711
vn 0.99430 0.10666 -0.00000
vn 0.70307 0.07542 0.70711
vn -0.70686 -0.01884 0.70711
vn -0.99965 -0.02664 0.00000
vn -0.70686 -0.01884 -0.70711
vn 0.70686 0.01884 -0.70711
vn 0.99965 0.02664 -0.00000
vn 0.70686 0.01884 0.70711
vn 0.70687 -0.01829 0.70711
vn 0.99967 -0.02587 0.00000
vn 0.70687 -0.01829 -0.70711
vn -0.70687 0.01829 -0.70711
vn -0.99967 0.02587 -0.00000
vn -0.70687 0.01829 0.70711
vn 0.70330 -0.07328 0.70711
vn 0.99461 -0.10364 0.00000
vn 0.70330 -0.07328 -0.70711
vn -0.70330 0.07328 -0.70711
vn -0.99461 0.10364 -0.00000
vn -0.70330 0.07328 0.70711
vn 0.69172 -0.14670 0.70711
vn 0.97824 -0.20747 0.00000
vn 0.69172 -0.14670 -0.70711
vn -0.69172 0.14670 -0.70711
vn -0.97824 0.20747 -0.00000
vn -0.69172 0.14670 0.70711
vn 0.67191 -0.22030 0.70711
vn 0.95023 -0.31155 0.00000
vn 0.67191 -0.22030 -0.70711
vn -0.67191 0.22030 -0.70711
vn -0.95023 0.31155 -0.00000
vn -0.67191 0.22030 0.70711
vn 0.64312 -0.29393 0.70711
vn 0.90951 -0.41568 0.00000
vn 0.64312 -0.29393 -0.70711
vn -0.64312 0.29393 -0.70711
vn -0.90951 0.41568 -0.00000
vn -0.64312 0.29393 0.70711
vn 0.60433 -0.36712 0.70711
vn 0.85466 -0.51919 0.00000
vn 0.60433 -0.36712 -0.70711
vn -0.60433 0.36712 -0.70711
vn -0.85466 0.51919 -0.00000
vn -0.60433 0.36712 0.70711
vn 0.55437 -0.43894 0.70711
vn 0.78400 -0.62076 0.00000
vn 0.55437 -0.43894 -0.70711
vn -0.55437 0.43894 -0.70711
vn -0.78400 0.62076 -0.00000
vn -0.55437 0.43894 0.70711
vn 0.49207 -0.50781 0.70711
vn 0.69589 -0.71815 0.00000
vn 0.49207 -0.50781 -0.70711
vn -0.49207 0.50781 -0.70711
vn -0.69589 0.71815 -0.00000
vn -0.49207 0.50781 0.70711
vn 0.41654 -0.57139 0.70711
vn 0.58908 -0.80807 0.00000
vn 0.41654 -0.57139 -0.70711
vn -0.41654 0.57139 -0.70711
vn -0.58908 0.80807 -0.00000
vn -0.41654 0.57139 0.70711
vn 0.32768 -0.62660 0.70711
vn 0.46341 -0.88615 0.00000
vn 0.32768 -0.62660 -0.70711
vn -0.32768 0.62660 -0.70711
vn -0.46341 0.88615 -0.00000
vn -0.32768 0.62660 0.70711
vn 0.22657 -0.66983 0.70711
vn 0.32042 -0.94728 0.00000
vn 0.22657 -0.66983 -0.70711
vn -0.22657 0.66983 -0.70711
vn -0.32042 0.94728 -0.00000
vn -0.22657 0.66983 0.70711
vn 0.11592 -0.69754 0.70711
vn 0.16393 -0.98647 0.00000
vn 0.11592 -0.69754 -0.70711
vn -0.11592 0.69754 -0.70711
vn -0.16393 0.98647 -0.00000
vn -0.11592 0.69754 0.70711
vn -0.11592 -0.69754 0.70711
vn -0.16393 -0.98647 0.00000
vn -0.11592 -0.69754 -0.70711
vn 0.11592 0.69754 -0.70711
vn 0.16393 0.98647 -0.00000
vn 0.11592 0.69754 0.70711
vn -0.22657 -0.66983 0.70711
vn -0.32042 -0.94728 0.00000
vn -0.22657 -0.66983 -0.70711
vn 0.22657 0.66983 -0.70711
vn 0.32042 0.94728 -0.00000
vn 0.22657 0.66983 0.70711
vn -0.32768 -0.62660 0.70711
vn -0.46341 -0.88615 0.00000
vn -0.32768 -0.62660 -0.70711
vn 0.32768 0.62660 -0.70711
vn 0.46341 0.88615 -0.00000
vn 0.32768 0.62660 0.70711
vn -0.41654 -0.57139 0.70711
vn -0.58908 -0.80807 0.00000
vn -0.41654 -0.57139 -0.70711
vn 0.41654 0.57139 -0.70711
vn 0.58908 0.80807 -0.00000
vn 0.41654 0.57139 0.70711
vn -0.49207 -0.50781 0.70711
vn -0.69589 -0.71815 0.00000
vn -0.49207 -0.50781 -0.70711
vn 0.49207 0.50781 -0.70711
vn 0.69589 0.71815 -0.00000
vn 0.49207 0.50781 0.70711
vn -0.55437 -0.43894 0.70711
vn -0.78400 -0.62076 0.00000
vn -0.55437 -0.43894 -0.70711
vn 0.55437 0.43894 -0.70711
vn 0.78400 0.62076 -0.00000
vn 0.55437 0.43894 0.70711
vn -0.60433 -0.36712 0.70711
vn -0.85466 -0.51919 0.00000
vn -0.60433 -0.36712 -0.70711
vn 0.60433 0.36712 -0.70711
vn 0.85466 0.51919 -0.00000
vn 0.60433 0.36712 0.70711
vn -0.64312 -0.29393 0.70711
vn -0.90951 -0.41568 0.00000
vn -0.64312 -0.29393 -0.70711
vn 0.64312 0.29393 -0.70711
vn 0.90951 0.41568 -0.00000
vn 0.64312 0.29393 0.70711
vn -0.67191 -0.22030 0.70711
vn -0.95023 -0.31155 0.00000
vn -0.67191 -0.22030 -0.70711
vn 0.67191 0.22030 -0.70711
vn 0.95023 0.31155 -0.00000
vn 0.67191 0.22030 0.70711
vn -0.69172 -0.14670 0.70711
vn -0.97824 -0.20747 0.00000
vn -0.69172 -0.14670 -0.70711
vn 0.69172 0.14670 -0.70711
vn 0.97824 0.20747 -0.00000
vn 0.69172 0.14670 0.70711
vn -0.70330 -0.07328 0.70711
vn -0.99461 -0.10364 0.00000
vn -0.70330 -0.07328 -0.70711
vn 0.70330 0.07328 -0.70711
vn 0.99461 0.10364 -0.00000
vn 0.70330 0.07328 0.70711
vn -0.70687 -0.01829 0.70711
vn -0.99967 -0.02587 0.00000
vn -0.70687 -0.01829 -0.70711
vn 0.70687 0.01829 -0.70711
vn 0.99967 0.02587 -0.00000
vn 0.70687 0.01829 0.70711
vn 0.70689 -0.01764 0.70711
vn 0.99969 -0.02495 0.00000
vn 0.70689 -0.01764 -0.70711
vn -0.70689 0.01764 -0.70711
vn -0.99969 0.02495 -0.00000
vn -0.70689 0.01764 0.70711
vn 0.70356 -0.07070 0.70711
vn 0.99499 -0.09998 0.00000
vn 0.70356 -0.07070 -0.70711
vn -0.70356 0.07070 -0.70711
vn -0.99499 0.09998 -0.00000
vn -0.70356 0.07070 0.70711
vn 0.69277 -0.14169 0.70711
vn 0.97972 -0.20038 0.00000
vn 0.69277 -0.14169 -0.70711
vn -0.69277 0.14169 -0.70711
vn -0.97972 0.20038 -0.00000
vn -0.69277 0.14169 0.70711
vn 0.67421 -0.21318 0.70711
vn 0.95347 -0.30148 0.00000
vn 0.67421 -0.21318 -0.70711
vn -0.67421 0.21318 -0.70711
vn -0.95347 0.30148 -0.00000
vn -0.67421 0.21318 0.70711
vn 0.64704 -0.28520 0.70711
vn 0.91506 -0.40333 0.00000
vn 0.64704 -0.28520 -0.70711
vn -0.64704 0.28520 -0.70711
vn -0.91506 0.40333 -0.00000
vn -0.64704 0.28520 0.70711
vn 0.61011 -0.35745 0.70711
vn 0.86282 -0.50551 0.00000
vn 0.61011 -0.35745 -0.70711
vn -0.61011 0.35745 -0.70711
vn -0.86282 0.50551 -0.00000
vn -0.61011 0.35745 0.70711
vn 0.56199 -0.42915 0.70711
vn 0.79477 -0.60691 0.00000
vn 0.56199 -0.42915 -0.70711
vn -0.56199 0.42915 -0.70711
vn -0.79477 0.60691 -0.00000
vn -0.56199 0.42915 0.70711
vn 0.50116 -0.49884 0.70711
vn 0.70875 -0.70546 0.00000
vn 0.50116 -0.49884 -0.70711
vn -0.50116 0.49884 -0.70711
vn -0.70875 0.70546 -0.00000
vn -0.50116 0.49884 0.70711
vn 0.42635 -0.56411 0.70711
vn 0.60295 -0.79778 0.00000
vn 0.42635 -0.56411 -0.70711
vn -0.42635 0.56411 -0.70711
vn -0.60295 0.79778 -0.00000
vn -0.42635 0.56411 0.70711
vn 0.33701 -0.62163 0.70711
vn 0.47660 -0.87912 0.00000
vn 0.33701 -0.62163 -0.70711
vn -0.33701 0.62163 -0.70711
vn -0.47660 0.87912 -0.00000
vn -0.33701 0.62163 0.70711
vn 0.23398 -0.66727 0.70711
vn 0.33090 -0.94367 0.00000
vn 0.23398 -0.66727 -0.70711
vn -0.23398 0.66727 -0.70711
vn -0.33090 0.94367 -0.00000
vn -0.23398 0.66727 0.70711
vn 0.12004 -0.69684 0.70711
vn 0.16977 -0.98548 0.00000
vn 0.12004 -0.69684 -0.70711
vn -0.12004 0.69684 -0.70711
vn -0.16977 0.98548 -0.00000
vn -0.12004 0.69684 0.70711
vn -0.12004 -0.69684 0.70711
vn -0.16977 -0.98548 0.00000
vn -0.12004 -0.69684 -0.70711
vn 0.12004 0.69684 -0.70711
vn 0.16977 0.98548 -0.00000
vn 0.12004 0.69684 0.70711
vn -0.23398 -0.66727 0.70711
vn -0.33090 -0.94367 0.00000
vn -0.23398 -0.66727 -0.70711
vn 0.23398 0.66727 -0.70711
vn 0.33090 0.94367 -0.00000
vn 0.23398 0.66727 0.70711
vn -0.33701 -0.62163 0.70711
vn -0.47660 -0.87912 0.00000
vn -0.33701 -0.62163 -0.70711
vn 0.33701 0.62163 -0.70711
vn 0.47660 0.87912 -0.00000
vn 0.33701 0.62163 0.70711
vn -0.42635 -0.56411 0.70711
vn -0.60295 -0.79778 0.00000
vn -0.42635 -0.56411 -0.70711
vn 0.42635 0.56411 -0.70711
vn 0.60295 0.79778 -0.00000
vn 0.42635 0.56411 0.70711
vn -0.50116 -0.49884 0.70711
vn -0.70875 -0.70546 0.00000
vn -0.50116 -0.49884 -0.70711
vn 0.50116 0.49884 -0.70711
vn 0.70875 0.70546 -0.00000
vn 0.50116 0.49884 0.70711
vn -0.56199 -0.42915 0.70711
vn -0.79477 -0.60691 0.00000
vn -0.56199 -0.42915 -0.70711
vn 0.56199 0.42915 -0.70711
vn 0.79477 0.60691 -0.00000
vn 0.56199 0.42915 0.70711
vn -0.61011 -0.35745 0.70711
vn -0.86282 -0.50551 0.00000
vn -0.61011 -0.35745 -0.70711
vn 0.61011 0.35745 -0.70711
vn 0.86282 0.50551 -0.00000
vn 0.61011 0.35745 0.70711
vn -0.64704 -0.28520 0.70711
vn -0.91506 -0.40333 0.00000
vn -0.64704 -0.28520 -0.70711
vn 0.64704 0.28520 -0.70711
vn 0.91506 0.40333 -0.00000
vn 0.64704 0.28520 0.70711
vn -0.67421 -0.21318 0.70711
vn -0.95347 -0.30148 0.00000
vn -0.67421 -0.21318 -0.70711
vn 0.67421 0.21318 -0.70711
vn 0.95347 0.30148 -0.00000
vn 0.67421 0.21318 0.70711
vn -0.69277 -0.14169 0.70711
vn -0.97972 -0.20038 0.00000
vn -0.69277 -0.14169 -0.70711
vn 0.69277 0.14169 -0.70711
vn 0.97972 0.20038 -0.00000
vn 0.69277 0.14169 0.70711
vn -0.70356 -0.07070 0.70711
vn -0.99499 -0.09998 0.00000
vn -0.70356 -0.07070 -0.70711
vn 0.70356 0.07070 -0.70711
vn 0.99499 0.09998 -0.00000
vn 0.70356 0.07070 0.70711
vn -0.70689 -0.01764 0.70711
vn -0.99969 -0.02495 0.00000
vn -0.70689 -0.01764 -0.70711
vn 0.70689 0.01764 -0.70711
vn 0.99969 0.02495 -0.00000
vn 0.70689 0.01764 0.70711
vn 0.70691 -0.01684 0.70711
vn 0.99972 -0.02381 0.00000
vn 0.70691 -0.01684 -0.70711
vn -0.70691 0.01684 -0.70711
vn -0.99972 0.02381 -0.00000
vn -0.70691 0.01684 0.70711
vn 0.70387 -0.06753 0.70711
vn 0.99543 -0.09550 0.00000
vn 0.70387 -0.06753 -0.70711
vn -0.70387 0.06753 -0.70711
vn -0.99543 0.09550 -0.00000
vn -0.70387 0.06753 0.70711
vn 0.69400 -0.13552 0.70711
vn 0.98146 -0.19166 0.00000
vn 0.69400 -0.13552 -0.70711
vn -0.69400 0.13552 -0.70711
vn -0.98146 0.19166 -0.00000
vn -0.69400 0.13552 0.70711
vn 0.67693 -0.20437 0.70711
vn 0.95732 -0.28902 0.00000
vn 0.67693 -0.20437 -0.70711
vn -0.67693 0.20437 -0.70711
vn -0.95732 0.28902 -0.00000
vn -0.67693 0.20437 0.70711
vn 0.65174 -0.27429 0.70711
vn 0.92170 -0.38790 0.00000
vn 0.65174 -0.27429 -0.70711
vn -0.65174 0.27429 -0.70711
vn -0.92170 0.38790 -0.00000
vn -0.65174 0.27429 0.70711
vn 0.61711 -0.34522 0.70711
vn 0.87272 -0.48822 0.00000
vn 0.61711 -0.34522 -0.70711
vn -0.61711 0.34522 -0.70711
vn -0.87272 0.48822 -0.00000
vn -0.61711 0.34522 0.70711
vn 0.57134 -0.41662 0.70711
vn 0.80800 -0.58919 0.00000
vn 0.57134 -0.41662 -0.70711
vn -0.57134 0.41662 -0.70711
vn -0.80800 0.58919 -0.00000
vn -0.57134 0.41662 0.70711
vn 0.51252 -0.48716 0.70711
vn 0.72481 -0.68895 0.00000
vn 0.51252 -0.48716 -0.70711
vn -0.51252 0.48716 -0.70711
vn -0.72481 0.68895 -0.00000
vn -0.51252 0.48716 0.70711
vn 0.43881 -0.55448 0.70711
vn 0.62057 -0.78415 0.00000
vn 0.43881 -0.55448 -0.70711
vn -0.43881 0.55448 -0.70711
vn -0.62057 0.78415 -0.00000
vn -0.43881 0.55448 0.70711
vn 0.34906 -0.61494 0.70711
vn 0.49365 -0.86966 0.00000
vn 0.34906 -0.61494 -0.70711
vn -0.34906 0.61494 -0.70711
vn -0.49365 0.86966 -0.00000
vn -0.34906 0.61494 0.70711
vn 0.24368 -0.66379 0.70711
vn 0.34462 -0.93874 0.00000
vn 0.24368 -0.66379 -0.70711
vn -0.24368 0.66379 -0.70711
vn -0.34462 0.93874 -0.00000
vn -0.24368 0.66379 0.70711
vn 0.12550 -0.69588 0.70711
vn 0.17748 -0.98412 0.00000
vn 0.12550 -0.69588 -0.70711
vn -0.12550 0.69588 -0.70711
vn -0.17748 0.98412 -0.00000
vn -0.12550 0.69588 0.70711
vn -0.12550 -0.69588 0.70711
vn -0.17748 -0.98412 0.00000
vn -0.12550 -0.69588 -0.70711
vn 0.12550 0.69588 -0.70711
vn 0.17748 0.98412 -0.00000
vn 0.12550 0.69588 0.70711
vn -0.24368 -0.66379 0.70711
vn -0.34462 -0.93874 0.00000
vn -0.24368 -0.66379 -0.70711
vn 0.24368 0.66379 -0.70711
vn 0.34462 0.93874 -0.00000
vn 0.24368 0.66379 0.70711
vn -0.34906 -0.61494 0.70711
vn -0.49365 -0.86966 0.00000
vn -0.34906 -0.61494 -0.70711
vn 0.34906 0.61494 -0.70711
vn 0.49365 0.86966 -0.00000
vn 0.34906 0.61494 0.70711
vn -0.43881 -0.55448 0.70711
vn -0.62057 -0.78415 0.00000
vn -0.43881 -0.55448 -0.70711
vn 0.43881 0.55448 -0.70711
vn 0.62057 0.78415 -0.00000
vn 0.43881 0.55448 0.70711
vn -0.51252 -0.48716 0.70711
vn -0.72481 -0.68895 0.00000
vn -0.51252 -0.48716 -0.70711
vn 0.51252 0.48716 -0.70711
vn 0.72481 0.68895 -0.00000
vn 0.51252 0.48716 0.70711
vn -0.57134 -0.41662 0.70711
vn -0.80800 -0.58919 0.00000
vn -0.57134 -0.41662 -0.70711
vn 0.57134 0.41662 -0.70711
vn 0.80800 0.58919 -0.00000
vn 0.57134 0.41662 0.70711
vn -0.61711 -0.34522 0.70711
vn -0.87272 -0.48822 0.00000
vn -0.61711 -0.34522 -0.70711
vn 0.61711 0.34522 -0.70711
vn 0.87272 0.48822 -0.00000
vn 0.61711 0.34522 0.70711
vn -0.65174 -0.27429 0.70711
vn -0.92170 -0.38790 0.00000
vn -0.65174 -0.27429 -0.70711
vn 0.65174 0.27429 -0.70711
vn 0.92170 0.38790 -0.00000
vn 0.65174 0.27429 0.70711
vn -0.67693 -0.20437 0.70711
vn -0.95732 -0.28902 0.00000
vn -0.67693 -0.20437 -0.70711
vn 0.67693 0.20437 -0.70711
vn 0.95732 0.28902 -0.00000
vn 0.67693 0.20437 0.70711
vn -0.69400 -0.13552 0.70711
vn -0.98146 -0.19166 0.00000
vn -0.69400 -0.13552 -0.70711
vn 0.69400 0.13552 -0.70711
vn 0.98146 0.19166 -0.00000
vn 0.69400 0.13552 0.70711
vn -0.70387 -0.06753 0.70711
vn -0.99543 -0.09550 0.00000
vn -0.70387 -0.06753 -0.70711
vn 0.70387 0.06753 -0.70711
vn 0.99543 0.09550 -0.00000
vn 0.70387 0.06753 0.70711
vn -0.70691 -0.01684 0.70711
vn -0.99972 -0.02381 0.00000
vn -0.70691 -0.01684 -0.70711
vn 0.70691 0.01684 -0.70711
vn 0.99972 0.02381 -0.00000
vn 0.70691 0.01684 0.70711
vn 0.70692 -0.01604 0.70711
vn 0.99974 -0.02268 0.00000
vn 0.70692 -0.01604 -0.70711
vn -0.70692 0.01604 -0.70711
vn -0.99974 0.02268 -0.00000
vn -0.70692 0.01604 0.70711
vn 0.70417 -0.06435 0.70711
vn 0.99585 -0.09101 0.00000
vn 0.70417 -0.06435 -0.70711
vn -0.70417 0.06435 -0.70711
vn -0.99585 0.09101 -0.00000
vn -0.70417 0.06435 0.70711
vn 0.69518 -0.12932 0.70711
vn 0.98314 -0.18288 0.00000
vn 0.69518 -0.12932 -0.70711
vn -0.69518 0.12932 -0.70711
vn -0.98314 0.18288 -0.00000
vn -0.69518 0.12932 0.70711
vn 0.67956 -0.19543 0.70711
vn 0.96105 -0.27638 0.00000
vn 0.67956 -0.19543 -0.70711
vn -0.67956 0.19543 -0.70711
vn -0.96105 0.27638 -0.00000
vn -0.67956 0.19543 0.70711
vn 0.65633 -0.26313 0.70711
vn 0.92818 -0.37212 0.00000
vn 0.65633 -0.26313 -0.70711
vn -0.65633 0.26313 -0.70711
vn -0.92818 0.37212 -0.00000
vn -0.65633 0.26313 0.70711
vn 0.62402 -0.33256 0.70711
vn 0.88250 -0.47032 0.00000
vn 0.62402 -0.33256 -0.70711
vn -0.62402 0.33256 -0.70711
vn -0.88250 0.47032 -0.00000
vn -0.62402 0.33256 0.70711
vn 0.58072 -0.40344 0.70711
vn 0.82127 -0.57054 0.00000
vn 0.58072 -0.40344 -0.70711
vn -0.58072 0.40344 -0.70711
vn -0.82127 0.57054 -0.00000
vn -0.58072 0.40344 0.70711
vn 0.52412 -0.47466 0.70711
vn 0.74121 -0.67127 0.00000
vn 0.52412 -0.47466 -0.70711
vn -0.52412 0.47466 -0.70711
vn -0.74121 0.67127 -0.00000
vn -0.52412 0.47466 0.70711
vn 0.45178 -0.54396 0.70711
vn 0.63891 -0.76928 0.00000
vn 0.45178 -0.54396 -0.70711
vn -0.45178 0.54396 -0.70711
vn -0.63891 0.76928 -0.00000
vn -0.45178 0.54396 0.70711
vn 0.36186 -0.60750 0.70711
vn 0.51174 -0.85914 0.00000
vn 0.36186 -0.60750 -0.70711
vn -0.36186 0.60750 -0.70711
vn -0.51174 0.85914 -0.00000
vn -0.36186 0.60750 0.70711
vn 0.25417 -0.65985 0.70711
vn 0.35945 -0.93316 0.00000
vn 0.25417 -0.65985 -0.70711
vn -0.25417 0.65985 -0.70711
vn -0.35945 0.93316 -0.00000
vn -0.25417 0.65985 0.70711
vn 0.13146 -0.69478 0.70711
vn 0.18592 -0.98257 0.00000
vn 0.13146 -0.69478 -0.70711
vn -0.13146 0.69478 -0.70711
vn -0.18592 0.98257 -0.00000
vn -0.13146 0.69478 0.70711
vn -0.13146 -0.69478 0.70711
vn -0.18592 -0.98257 0.00000
vn -0.13146 -0.69478 -0.70711
vn 0.13146 0.69478 -0.70711
vn 0.18592 0.98257 -0.00000
vn 0.13146 0.69478 0.70711
vn -0.25417 -0.65985 0.70711
vn -0.35945 -0.93316 0.00000
vn -0.25417 -0.65985 -0.70711
vn 0.25417 0.65985 -0.70711
vn 0.35945 0.93316 -0.00000
vn 0.25417 0.65985 0.70711
vn -0.36186 -0.60750 0.70711
vn -0.51174 -0.85914 0.00000
vn -0.36186 -0.60750 -0.70711
vn 0.36186 0.60750 -0.70711
vn 0.51174 0.85914 -0.00000
vn 0.36186 0.60750 0.70711
vn -0.45178 -0.54396 0.70711
vn -0.63891 -0.76928 0.00000
vn -0.45178 -0.54396 -0.70711
vn 0.45178 0.54396 -0.70711
vn 0.63891 0.76928 -0.00000
vn 0.45178 0.54396 0.70711
vn -0.52412 -0.47466 0.70711
vn -0.74121 -0.67127 0.00000
vn -0.52412 -0.47466 -0.70711
vn 0.52412 0.47466 -0.70711
vn 0.74121 0.67127 -0.00000
vn 0.52412 0.47466 0.70711
vn -0.58072 -0.40344 0.70711
vn -0.82127 -0.57054 0.00000
vn -0.58072 -0.40344 -0.70711
vn 0.58072 0.40344 -0.70711
vn 0.82127 0.57054 -0.00000
vn 0.58072 0.40344 0.70711
vn -0.62402 -0.33256 0.70711
vn -0.88250 -0.47032 0.00000
vn -0.62402 -0.33256 -0.70711
vn 0.62402 0.33256 -0.70711
vn 0.88250 0.47032 -0.00000
vn 0.62402 0.33256 0.70711
vn -0.65633 -0.26313 0.70711
vn -0.92818 -0.37212 0.00000
vn -0.65633 -0.26313 -0.70711
vn 0.65633 0.26313 -0.70711
vn 0.92818 0.37212 -0.00000
vn 0.65633 0.26313 0.70711
vn -0.67956 -0.19543 0.70711
vn -0.96105 -0.27638 0.00000
vn -0.67956 -0.19543 -0.70711
vn 0.67956 0.19543 -0.70711
vn 0.96105 0.27638 -0.00000
vn 0.67956 0.19543 0.70711
vn -0.69518 -0.12932 0.70711
vn -0.98314 -0.18288 0.00000
vn -0.69518 -0.12932 -0.70711
vn 0.69518 0.12932 -0.70711
vn 0.98314 0.18288 -0.00000
vn 0.69518 0.12932 0.70711
vn -0.70417 -0.06435 0.70711
vn -0.99585 -0.09101 0.00000
vn -0.70417 -0.06435 -0.70711
vn 0.70417 0.06435 -0.70711
vn 0.99585 0.09101 -0.00000
vn 0.70417 0.06435 0.70711
vn -0.70692 -0.01604 0.70711
vn -0.99974 -0.02268 0.00000
vn -0.70692 -0.01604 -0.70711
vn 0.70692 0.01604 -0.70711
vn 0.99974 0.02268 -0.00000
vn 0.70692 0.01604 0.70711
vn 0.86603 0.00000 0.50000
vn 0.86603 0.00000 -0.50000
vn -0.86603 -0.00000 -0.50000
vn -0.86603 0.00000 0.50000
vn 0.00000 0.50000 0.86603
vn 0.00000 -0.50000 0.86603
vn -0.00000 -0.50000 -0.86603
vn 0.00000 0.50000 -0.86603
usemtl body
f 1/1/1 2/2/1 3/3/1
f 1/1/1 3/3/1 4/4/1
f 2/2/2 5/5/2 6/6/2
f 2/2/2 6/6/2 3/3/2
f 5/5/3 7/7/3 8/8/3
f 5/5/3 8/8/3 6/6/3
f 7/7/4 9/9/4 10/10/4
f 7/7/4 10/10/4 8/8/4
f 9/9/5 11/11/5 12/12/5
f 9/9/5 12/12/5 10/10/5
f 11/11/6 13/13/6 14/14/6
f 11/11/6 14/14/6 12/12/6
f 13/13/7 15/15/7 16/16/7
f 13/13/7 16/16/7 14/14/7
f 15/15/8 17/17/8 18/18/8
f 15/15/8 18/18/8 16/16/8
f 17/17/9 19/19/9 20/20/9
f 17/17/9 20/20/9 18/18/9
f 19/19/10 21/21/10 22/22/10
f 19/19/10 22/22/10 20/20/10
f 21/21/11 23/23/11 24/24/11
f 21/21/11 24/24/11 22/22/11
f 23/23/12 25/25/12 26/26/12
f 23/23/12 26/26/12 24/24/12
f 25/25/13 27/27/13 28/28/13
f 25/25/13 28/28/13 26/26/13
f 27/27/14 29/29/14 30/30/14
f 27/27/14 30/30/14 28/28/14
f 29/29/15 31/31/15 32/32/15
f 29/29/15 32/32/15 30/30/15
f 31/31/16 33/33/16 34/34/16
f 31/31/16 34/34/16 32/32/16
f 33/33/17 35/35/17 36/36/17
f 33/33/17 36/36/17 34/34/17
f 35/35/18 37/37/18 38/38/18
f 35/35/18 38/38/18 36/36/18
f 37/37/19 39/39/19 40/40/19
f 37/37/19 40/40/19 38/38/19
f 39/39/20 41/41/20 42/42/20
f 39/39/20 42/42/20 40/40/20
f 41/41/21 43/43/21 44/44/21
f 41/41/21 44/44/21 42/42/21
f 43/43/22 45/45/22 46/46/22
f 43/43/22 46/46/22 44/44/22
f 45/45/23 47/47/23 48/48/23
f 45/45/23 48/48/23 46/46/23
f 47/47/24 49/49/24 50/50/24
f 47/47/24 50/50/24 48/48/24
f 49/49/25 51/51/25 52/52/25
f 49/49/25 52/52/25 50/50/25
f 51/51/26 53/53/26 54/54/26
f 51/51/26 54/54/26 52/52/26
f 53/53/27 1/55/27 4/56/27
f 53/53/27 4/56/27 54/54/27
f 54/57/28 4/58/28 3/59/28
f 54/57/28 3/59/28 6/60/28
f 54/57/28 6/60/28 8/61/28
f 54/57/28 8/61/28 10/62/28
f 54/57/28 10/62/28 12/63/28
f 54/57/28 12/63/28 14/64/28
f 54/57/28 14/64/28 16/65/28
f 54/57/28 16/65/28 18/66/28
f 54/57/28 18/66/28 20/67/28
f 54/57/28 20/67/28 22/68/28
f 54/57/28 22/68/28 24/69/28
f 54/57/28 24/69/28 26/70/28
f 54/57/28 26/70/28 28/71/28
f 54/57/28 28/71/28 30/72/28
f 54/57/28 30/72/28 32/73/28
f 54/57/28 32/73/28 34/74/28
f 54/57/28 34/74/28 36/75/28
f 54/57/28 36/75/28 38/76/28
f 54/57/28 38/76/28 40/77/28
f 54/57/28 40/77/28 42/78/28
f 54/57/28 42/78/28 44/79/28
f 54/57/28 44/79/28 46/80/28
f 54/57/28 46/80/28 48/81/28
f 54/57/28 48/81/28 50/82/28
f 50/82/28 52/83/28 54/57/28
f 1/84/29 53/85/29 51/86/29
f 1/84/29 51/86/29 49/87/29
f 1/84/29 49/87/29 47/88/29
f 1/84/29 47/88/29 45/89/29
f 1/84/29 45/89/29 43/90/29
f 1/84/29 43/90/29 41/91/29
f 1/84/29 41/91/29 39/92/29
f 1/84/29 39/92/29 37/93/29
f 1/84/29 37/93/29 35/94/29
f 1/84/29 35/94/29 33/95/29
f 1/84/29 33/95/29 31/96/29
f 1/84/29 31/96/29 29/97/29
f 1/84/29 29/97/29 27/98/29
f 1/84/29 27/98/29 25/99/29
f 1/84/29 25/99/29 23/100/29
f 1/84/29 23/100/29 21/101/29
f 1/84/29 21/101/29 19/102/29
f 1/84/29 19/102/29 17/103/29
f 1/84/29 17/103/29 15/104/29
f 1/84/29 15/104/29 13/105/29
f 1/84/29 13/105/29 11/106/29
f 1/84/29 11/106/29 9/107/29
f 1/84/29 9/107/29 7/108/29
f 1/84/29 7/108/29 5/109/29
f 5/109/29 2/110/29 1/84/29
f 55/111/1 56/112/1 57/113/1
f 57/113/1 58/114/1 55/111/1
f 59/111/26 60/112/26 61/113/26
f 61/113/26 62/114/26 59/111/26
f 56/114/27 55/111/27 60/112/27
f 60/112/27 59/113/27 56/114/27
f 58/114/30 57/111/30 62/112/30
f 62/112/30 61/113/30 58/114/30
f 55/112/28 58/113/28 61/114/28
f 61/114/28 60/111/28 55/112/28
f 57/114/29 56/111/29 59/112/29
f 59/112/29 62/113/29 57/114/29
f 63/115/29 64/116/31 65/117/32
f 63/115/29 65/117/32 66/118/29
f 64/116/31 67/119/26 68/120/33
f 64/116/31 68/120/33 65/117/32
f 67/119/26 69/121/34 70/122/35
f 67/119/26 70/122/35 68/120/33
f 69/121/34 71/123/28 72/124/28
f 69/121/34 72/124/28 70/122/35
f 71/123/28 73/125/36 74/126/37
f 71/123/28 74/126/37 72/124/28
f 73/125/36 75/127/1 76/128/38
f 73/125/36 76/128/38 74/126/37
f 75/127/1 77/129/39 78/130/40
f 75/127/1 78/130/40 76/128/38
f 77/129/39 63/131/29 66/132/29
f 77/129/39 66/132/29 78/130/40
f 66/118/29 65/117/32 79/133/41
f 66/118/29 79/133/41 80/134/29
f 65/117/32 68/120/33 81/135/42
f 65/117/32 81/135/42 79/133/41
f 68/120/33 70/122/35 82/136/43
f 68/120/33 82/136/43 81/135/42
f 70/122/35 72/124/28 83/137/28
f 70/122/35 83/137/28 82/136/43
f 72/124/28 74/126/37 84/138/44
f 72/124/28 84/138/44 83/137/28
f 74/126/37 76/128/38 85/139/45
f 74/126/37 85/139/45 84/138/44
f 76/128/38 78/130/40 86/140/46
f 76/128/38 86/140/46 85/139/45
f 78/130/40 66/132/29 80/141/29
f 78/130/40 80/141/29 86/140/46
f 80/134/29 79/133/41 87/142/47
f 80/134/29 87/142/47 88/143/29
f 79/133/41 81/135/42 89/144/48
f 79/133/41 89/144/48 87/142/47
f 81/135/42 82/136/43 90/145/49
f 81/135/42 90/145/49 89/144/48
f 82/136/43 83/137/28 91/146/28
f 82/136/43 91/146/28 90/145/49
f 83/137/28 84/138/44 92/147/50
f 83/137/28 92/147/50 91/146/28
f 84/138/44 85/139/45 93/148/51
f 84/138/44 93/148/51 92/147/50
f 85/139/45 86/140/46 94/149/52
f 85/139/45 94/149/52 93/148/51
f 86/140/46 80/141/29 88/150/29
f 86/140/46 88/150/29 94/149/52
f 88/143/29 87/142/47 95/151/53
f 88/143/29 95/151/53 96/152/29
f 87/142/47 89/144/48 97/153/54
f 87/142/47 97/153/54 95/151/53
f 89/144/48 90/145/49 98/154/55
f 89/144/48 98/154/55 97/153/54
f 90/145/49 91/146/28 99/155/28
f 90/145/49 99/155/28 98/154/55
f 91/146/28 92/147/50 100/156/56
f 91/146/28 100/156/56 99/155/28
f 92/147/50 93/148/51 101/157/57
f 92/147/50 101/157/57 100/156/56
f 93/148/51 94/149/52 102/158/58
f 93/148/51 102/158/58 101/157/57
f 94/149/52 88/150/29 96/159/29
f 94/149/52 96/159/29 102/158/58
f 96/152/29 95/151/53 103/160/59
f 96/152/29 103/160/59 104/161/29
f 95/151/53 97/153/54 105/162/60
f 95/151/53 105/162/60 103/160/59
f 97/153/54 98/154/55 106/163/61
f 97/153/54 106/163/61 105/162/60
f 98/154/55 99/155/28 107/164/28
f 98/154/55 107/164/28 106/163/61
f 99/155/28 100/156/56 108/165/62
f 99/155/28 108/165/62 107/164/28
f 100/156/56 101/157/57 109/166/63
f 100/156/56 109/166/63 108/165/62
f 101/157/57 102/158/58 110/167/64
f 101/157/57 110/167/64 109/166/63
f 102/158/58 96/159/29 104/168/29
f 102/158/58 104/168/29 110/167/64
f 104/161/29 103/160/59 111/169/65
f 104/161/29 111/169/65 112/170/29
f 103/160/59 105/162/60 113/171/66
f 103/160/59 113/171/66 111/169/65
f 105/162/60 106/163/61 114/172/67
f 105/162/60 114/172/67 113/171/66
f 106/163/61 107/164/28 115/173/28
f 106/163/61 115/173/28 114/172/67
f 107/164/28 108/165/62 116/174/68
f 107/164/28 116/174/68 115/173/28
f 108/165/62 109/166/63 117/175/69
f 108/165/62 117/175/69 116/174/68
f 109/166/63 110/167/64 118/176/70
f 109/166/63 118/176/70 117/175/69
f 110/167/64 104/168/29 112/177/29
f 110/167/64 112/177/29 118/176/70
f 112/170/29 111/169/65 119/178/71
f 112/170/29 119/178/71 120/179/29
f 111/169/65 113/171/66 121/180/72
f 111/169/65 121/180/72 119/178/71
f 113/171/66 114/172/67 122/181/73
f 113/171/66 122/181/73 121/180/72
f 114/172/67 115/173/28 123/182/28
f 114/172/67 123/182/28 122/181/73
f 115/173/28 116/174/68 124/183/74
f 115/173/28 124/183/74 123/182/28
f 116/174/68 117/175/69 125/184/75
f 116/174/68 125/184/75 124/183/74
f 117/175/69 118/176/70 126/185/76
f 117/175/69 126/185/76 125/184/75
f 118/176/70 112/177/29 120/186/29
f 118/176/70 120/186/29 126/185/76
f 120/179/29 119/178/71 127/187/77
f 120/179/29 127/187/77 128/188/29
f 119/178/71 121/180/72 129/189/78
f 119/178/71 129/189/78 127/187/77
f 121/180/72 122/181/73 130/190/79
f 121/180/72 130/190/79 129/189/78
f 122/181/73 123/182/28 131/191/28
f 122/181/73 131/191/28 130/190/79
f 123/182/28 124/183/74 132/192/80
f 123/182/28 132/192/80 131/191/28
f 124/183/74 125/184/75 133/193/81
f 124/183/74 133/193/81 132/192/80
f 125/184/75 126/185/76 134/194/82
f 125/184/75 134/194/82 133/193/81
f 126/185/76 120/186/29 128/195/29
f 126/185/76 128/195/29 134/194/82
f 128/188/29 127/187/77 135/196/83
f 128/188/29 135/196/83 136/197/29
f 127/187/77 129/189/78 137/198/84
f 127/187/77 137/198/84 135/196/83
f 129/189/78 130/190/79 138/199/85
f 129/189/78 138/199/85 137/198/84
f 130/190/79 131/191/28 139/200/28
f 130/190/79 139/200/28 138/199/85
f 131/191/28 132/192/80 140/201/86
f 131/191/28 140/201/86 139/200/28
f 132/192/80 133/193/81 141/202/87
f 132/192/80 141/202/87 140/201/86
f 133/193/81 134/194/82 142/203/88
f 133/193/81 142/203/88 141/202/87
f 134/194/82 128/195/29 136/204/29
f 134/194/82 136/204/29 142/203/88
f 136/197/29 135/196/83 143/205/89
f 136/197/29 143/205/89 144/206/29
f 135/196/83 137/198/84 145/207/90
f 135/196/83 145/207/90 143/205/89
f 137/198/84 138/199/85 146/208/91
f 137/198/84 146/208/91 145/207/90
f 138/199/85 139/200/28 147/209/28
f 138/199/85 147/209/28 146/208/91
f 139/200/28 140/201/86 148/210/92
f 139/200/28 148/210/92 147/209/28
f 140/201/86 141/202/87 149/211/93
f 140/201/86 149/211/93 148/210/92
f 141/202/87 142/203/88 150/212/94
f 141/202/87 150/212/94 149/211/93
f 142/203/88 136/204/29 144/213/29
f 142/203/88 144/213/29 150/212/94
f 144/206/29 143/205/89 151/214/95
f 144/206/29 151/214/95 152/215/29
f 143/205/89 145/207/90 153/216/96
f 143/205/89 153/216/96 151/214/95
f 145/207/90 146/208/91 154/217/97
f 145/207/90 154/217/97 153/216/96
f 146/208/91 147/209/28 155/218/28
f 146/208/91 155/218/28 154/217/97
f 147/209/28 148/210/92 156/219/98
f 147/209/28 156/219/98 155/218/28
f 148/210/92 149/211/93 157/220/99
f 148/210/92 157/220/99 156/219/98
f 149/211/93 150/212/94 158/221/100
f 149/211/93 158/221/100 157/220/99
f 150/212/94 144/213/29 152/222/29
f 150/212/94 152/222/29 158/221/100
f 152/215/29 151/214/95 159/223/101
f 152/215/29 159/223/101 160/224/29
f 151/214/95 153/216/96 161/225/102
f 151/214/95 161/225/102 159/223/101
f 153/216/96 154/217/97 162/226/103
f 153/216/96 162/226/103 161/225/102
f 154/217/97 155/218/28 163/227/28
f 154/217/97 163/227/28 162/226/103
f 155/218/28 156/219/98 164/228/104
f 155/218/28 164/228/104 163/227/28
f 156/219/98 157/220/99 165/229/105
f 156/219/98 165/229/105 164/228/104
f 157/220/99 158/221/100 166/230/106
f 157/220/99 166/230/106 165/229/105
f 158/221/100 152/222/29 160/231/29
f 158/221/100 160/231/29 166/230/106
f 160/224/29 159/223/101 167/232/107
f 160/224/29 167/232/107 168/233/29
f 159/223/101 161/225/102 169/234/27
f 159/223/101 169/234/27 167/232/107
f 161/225/102 162/226/103 170/235/108
f 161/225/102 170/235/108 169/234/27
f 162/226/103 163/227/28 171/236/28
f 162/226/103 171/236/28 170/235/108
f 163/227/28 164/228/104 172/237/109
f 163/227/28 172/237/109 171/236/28
f 164/228/104 165/229/105 173/238/30
f 164/228/104 173/238/30 172/237/109
f 165/229/105 166/230/106 174/239/110
f 165/229/105 174/239/110 173/238/30
f 166/230/106 160/231/29 168/240/29
f 166/230/106 168/240/29 174/239/110
f 168/233/29 167/232/107 175/241/111
f 168/233/29 175/241/111 176/242/29
f 167/232/107 169/234/27 177/243/112
f 167/232/107 177/243/112 175/241/111
f 169/234/27 170/235/108 178/244/113
f 169/234/27 178/244/113 177/243/112
f 170/235/108 171/236/28 179/245/28
f 170/235/108 179/245/28 178/244/113
f 171/236/28 172/237/109 180/246/114
f 171/236/28 180/246/114 179/245/28
f 172/237/109 173/238/30 181/247/115
f 172/237/109 181/247/115 180/246/114
f 173/238/30 174/239/110 182/248/116
f 173/238/30 182/248/116 181/247/115
f 174/239/110 168/240/29 176/249/29
f 174/239/110 176/249/29 182/248/116
f 176/242/29 175/241/111 183/250/117
f 176/242/29 183/250/117 184/251/29
f 175/241/111 177/243/112 185/252/118
f 175/241/111 185/252/118 183/250/117
f 177/243/112 178/244/113 186/253/119
f 177/243/112 186/253/119 185/252/118
f 178/244/113 179/245/28 187/254/28
f 178/244/113 187/254/28 186/253/119
f 179/245/28 180/246/114 188/255/120
f 179/245/28 188/255/120 187/254/28
f 180/246/114 181/247/115 189/256/121
f 180/246/114 189/256/121 188/255/120
f 181/247/115 182/248/116 190/257/122
f 181/247/115 190/257/122 189/256/121
f 182/248/116 176/249/29 184/258/29
f 182/248/116 184/258/29 190/257/122
f 184/251/29 183/250/117 191/259/123
f 184/251/29 191/259/123 192/260/29
f 183/250/117 185/252/118 193/261/124
f 183/250/117 193/261/124 191/259/123
f 185/252/118 186/253/119 194/262/125
f 185/252/118 194/262/125 193/261/124
f 186/253/119 187/254/28 195/263/28
f 186/253/119 195/263/28 194/262/125
f 187/254/28 188/255/120 196/264/126
f 187/254/28 196/264/126 195/263/28
f 188/255/120 189/256/121 197/265/127
f 188/255/120 197/265/127 196/264/126
f 189/256/121 190/257/122 198/266/128
f 189/256/121 198/266/128 197/265/127
f 190/257/122 184/258/29 192/267/29
f 190/257/122 192/267/29 198/266/128
f 192/260/29 191/259/123 199/268/129
f 192/260/29 199/268/129 200/269/29
f 191/259/123 193/261/124 201/270/130
f 191/259/123 201/270/130 199/268/129
f 193/261/124 194/262/125 202/271/131
f 193/261/124 202/271/131 201/270/130
f 194/262/125 195/263/28 203/272/28
f 194/262/125 203/272/28 202/271/131
f 195/263/28 196/264/126 204/273/132
f 195/263/28 204/273/132 203/272/28
f 196/264/126 197/265/127 205/274/133
f 196/264/126 205/274/133 204/273/132
f 197/265/127 198/266/128 206/275/134
f 197/265/127 206/275/134 205/274/133
f 198/266/128 192/267/29 200/276/29
f 198/266/128 200/276/29 206/275/134
f 200/269/29 199/268/129 207/277/135
f 200/269/29 207/277/135 208/278/29
f 199/268/129 201/270/130 209/279/136
f 199/268/129 209/279/136 207/277/135
f 201/270/130 202/271/131 210/280/137
f 201/270/130 210/280/137 209/279/136
f 202/271/131 203/272/28 211/281/28
f 202/271/131 211/281/28 210/280/137
f 203/272/28 204/273/132 212/282/138
f 203/272/28 212/282/138 211/281/28
f 204/273/132 205/274/133 213/283/139
f 204/273/132 213/283/139 212/282/138
f 205/274/133 206/275/134 214/284/140
f 205/274/133 214/284/140 213/283/139
f 206/275/134 200/276/29 208/285/29
f 206/275/134 208/285/29 214/284/140
f 208/278/29 207/277/135 215/286/141
f 208/278/29 215/286/141 216/287/29
f 207/277/135 209/279/136 217/288/142
f 207/277/135 217/288/142 215/286/141
f 209/279/136 210/280/137 218/289/143
f 209/279/136 218/289/143 217/288/142
f 210/280/137 211/281/28 219/290/28
f 210/280/137 219/290/28 218/289/143
f 211/281/28 212/282/138 220/291/144
f 211/281/28 220/291/144 219/290/28
f 212/282/138 213/283/139 221/292/145
f 212/282/138 221/292/145 220/291/144
f 213/283/139 214/284/140 222/293/146
f 213/283/139 222/293/146 221/292/145
f 214/284/140 208/285/29 216/294/29
f 214/284/140 216/294/29 222/293/146
f 216/287/29 215/286/141 223/295/147
f 216/287/29 223/295/147 224/296/29
f 215/286/141 217/288/142 225/297/148
f 215/286/141 225/297/148 223/295/147
f 217/288/142 218/289/143 226/298/149
f 217/288/142 226/298/149 225/297/148
f 218/289/143 219/290/28 227/299/28
f 218/289/143 227/299/28 226/298/149
f 219/290/28 220/291/144 228/300/150
f 219/290/28 228/300/150 227/299/28
f 220/291/144 221/292/145 229/301/151
f 220/291/144 229/301/151 228/300/150
f 221/292/145 222/293/146 230/302/152
f 221/292/145 230/302/152 229/301/151
f 222/293/146 216/294/29 224/303/29
f 222/293/146 224/303/29 230/302/152
f 224/296/29 223/295/147 231/304/153
f 224/296/29 231/304/153 232/305/29
f 223/295/147 225/297/148 233/306/154
f 223/295/147 233/306/154 231/304/153
f 225/297/148 226/298/149 234/307/155
f 225/297/148 234/307/155 233/306/154
f 226/298/149 227/299/28 235/308/28
f 226/298/149 235/308/28 234/307/155
f 227/299/28 228/300/150 236/309/156
f 227/299/28 236/309/156 235/308/28
f 228/300/150 229/301/151 237/310/157
f 228/300/150 237/310/157 236/309/156
f 229/301/151 230/302/152 238/311/158
f 229/301/151 238/311/158 237/310/157
f 230/302/152 224/303/29 232/312/29
f 230/302/152 232/312/29 238/311/158
f 232/305/29 231/304/153 239/313/159
f 232/305/29 239/313/159 240/314/29
f 231/304/153 233/306/154 241/315/160
f 231/304/153 241/315/160 239/313/159
f 233/306/154 234/307/155 242/316/161
f 233/306/154 242/316/161 241/315/160
f 234/307/155 235/308/28 243/317/28
f 234/307/155 243/317/28 242/316/161
f 235/308/28 236/309/156 244/318/162
f 235/308/28 244/318/162 243/317/28
f 236/309/156 237/310/157 245/319/163
f 236/309/156 245/319/163 244/318/162
f 237/310/157 238/311/158 246/320/164
f 237/310/157 246/320/164 245/319/163
f 238/311/158 232/312/29 240/321/29
f 238/311/158 240/321/29 246/320/164
f 240/314/29 239/313/159 247/322/165
f 240/314/29 247/322/165 248/323/29
f 239/313/159 241/315/160 249/324/166
f 239/313/159 249/324/166 247/322/165
f 241/315/160 242/316/161 250/325/167
f 241/315/160 250/325/167 249/324/166
f 242/316/161 243/317/28 251/326/28
f 242/316/161 251/326/28 250/325/167
f 243/317/28 244/318/162 252/327/168
f 243/317/28 252/327/168 251/326/28
f 244/318/162 245/319/163 253/328/169
f 244/318/162 253/328/169 252/327/168
f 245/319/163 246/320/164 254/329/170
f 245/319/163 254/329/170 253/328/169
f 246/320/164 240/321/29 248/330/29
f 246/320/164 248/330/29 254/329/170
f 248/323/29 247/322/165 255/331/171
f 248/323/29 255/331/171 256/332/29
f 247/322/165 249/324/166 257/333/172
f 247/322/165 257/333/172 255/331/171
f 249/324/166 250/325/167 258/334/173
f 249/324/166 258/334/173 257/333/172
f 250/325/167 251/326/28 259/335/28
f 250/325/167 259/335/28 258/334/173
f 251/326/28 252/327/168 260/336/174
f 251/326/28 260/336/174 259/335/28
f 252/327/168 253/328/169 261/337/175
f 252/327/168 261/337/175 260/336/174
f 253/328/169 254/329/170 262/338/176
f 253/328/169 262/338/176 261/337/175
f 254/329/170 248/330/29 256/339/29
f 254/329/170 256/339/29 262/338/176
f 256/332/29 255/331/171 263/340/177
f 256/332/29 263/340/177 264/341/29
f 255/331/171 257/333/172 265/342/178
f 255/331/171 265/342/178 263/340/177
f 257/333/172 258/334/173 266/343/179
f 257/333/172 266/343/179 265/342/178
f 258/334/173 259/335/28 267/344/28
f 258/334/173 267/344/28 266/343/179
f 259/335/28 260/336/174 268/345/180
f 259/335/28 268/345/180 267/344/28
f 260/336/174 261/337/175 269/346/181
f 260/336/174 269/346/181 268/345/180
f 261/337/175 262/338/176 270/347/182
f 261/337/175 270/347/182 269/346/181
f 262/338/176 256/339/29 264/348/29
f 262/338/176 264/348/29 270/347/182
f 264/341/29 263/340/177 271/349/39
f 264/341/29 271/349/39 272/350/29
f 263/340/177 265/342/178 273/351/1
f 263/340/177 273/351/1 271/349/39
f 265/342/178 266/343/179 274/352/36
f 265/342/178 274/352/36 273/351/1
f 266/343/179 267/344/28 275/353/28
f 266/343/179 275/353/28 274/352/36
f 267/344/28 268/345/180 276/354/34
f 267/344/28 276/354/34 275/353/28
f 268/345/180 269/346/181 277/355/26
f 268/345/180 277/355/26 276/354/34
f 269/346/181 270/347/182 278/356/31
f 269/346/181 278/356/31 277/355/26
f 270/347/182 264/348/29 272/357/29
f 270/347/182 272/357/29 278/356/31
f 67/123/27 64/123/27 63/123/27
f 69/123/27 67/123/27 63/123/27
f 71/123/27 69/123/27 63/123/27
f 73/123/27 71/123/27 63/123/27
f 75/123/27 73/123/27 63/123/27
f 77/123/27 75/123/27 63/123/27
f 272/123/27 271/123/27 273/123/27
f 272/123/27 273/123/27 274/123/27
f 272/123/27 274/123/27 275/123/27
f 272/123/27 275/123/27 276/123/27
f 272/123/27 276/123/27 277/123/27
f 272/123/27 277/123/27 278/123/27
f 279/358/29 280/359/31 281/360/183
f 279/358/29 281/360/183 282/361/29
f 280/359/31 283/362/26 284/363/184
f 280/359/31 284/363/184 281/360/183
f 283/362/26 285/364/34 286/365/185
f 283/362/26 286/365/185 284/363/184
f 285/364/34 287/366/28 288/367/28
f 285/364/34 288/367/28 286/365/185
f 287/366/28 289/368/36 290/369/186
f 287/366/28 290/369/186 288/367/28
f 289/368/36 291/370/1 292/371/187
f 289/368/36 292/371/187 290/369/186
f 291/370/1 293/372/39 294/373/188
f 291/370/1 294/373/188 292/371/187
f 293/372/39 279/374/29 282/375/29
f 293/372/39 282/375/29 294/373/188
f 282/361/29 281/360/183 295/376/189
f 282/361/29 295/376/189 296/377/29
f 281/360/183 284/363/184 297/378/190
f 281/360/183 297/378/190 295/376/189
f 284/363/184 286/365/185 298/379/191
f 284/363/184 298/379/191 297/378/190
f 286/365/185 288/367/28 299/380/28
f 286/365/185 299/380/28 298/379/191
f 288/367/28 290/369/186 300/381/192
f 288/367/28 300/381/192 299/380/28
f 290/369/186 292/371/187 301/382/193
f 290/369/186 301/382/193 300/381/192
f 292/371/187 294/373/188 302/383/194
f 292/371/187 302/383/194 301/382/193
f 294/373/188 282/375/29 296/384/29
f 294/373/188 296/384/29 302/383/194
f 296/377/29 295/376/189 303/385/195
f 296/377/29 303/385/195 304/386/29
f 295/376/189 297/378/190 305/387/196
f 295/376/189 305/387/196 303/385/195
f 297/378/190 298/379/191 306/388/197
f 297/378/190 306/388/197 305/387/196
f 298/379/191 299/380/28 307/389/28
f 298/379/191 307/389/28 306/388/197
f 299/380/28 300/381/192 308/390/198
f 299/380/28 308/390/198 307/389/28
f 300/381/192 301/382/193 309/391/199
f 300/381/192 309/391/199 308/390/198
f 301/382/193 302/383/194 310/392/200
f 301/382/193 310/392/200 309/391/199
f 302/383/194 296/384/29 304/393/29
f 302/383/194 304/393/29 310/392/200
f 304/386/29 303/385/195 311/394/201
f 304/386/29 311/394/201 312/395/29
f 303/385/195 305/387/196 313/396/202
f 303/385/195 313/396/202 311/394/201
f 305/387/196 306/388/197 314/397/203
f 305/387/196 314/397/203 313/396/202
f 306/388/197 307/389/28 315/398/28
f 306/388/197 315/398/28 314/397/203
f 307/389/28 308/390/198 316/399/204
f 307/389/28 316/399/204 315/398/28
f 308/390/198 309/391/199 317/400/205
f 308/390/198 317/400/205 316/399/204
f 309/391/199 310/392/200 318/401/206
f 309/391/199 318/401/206 317/400/205
f 310/392/200 304/393/29 312/402/29
f 310/392/200 312/402/29 318/401/206
f 312/395/29 311/394/201 319/403/207
f 312/395/29 319/403/207 320/404/29
f 311/394/201 313/396/202 321/405/208
f 311/394/201 321/405/208 319/403/207
f 313/396/202 314/397/203 322/406/209
f 313/396/202 322/406/209 321/405/208
f 314/397/203 315/398/28 323/407/28
f 314/397/203 323/407/28 322/406/209
f 315/398/28 316/399/204 324/408/210
f 315/398/28 324/408/210 323/407/28
f 316/399/204 317/400/205 325/409/211
f 316/399/204 325/409/211 324/408/210
f 317/400/205 318/401/206 326/410/212
f 317/400/205 326/410/212 325/409/211
f 318/401/206 312/402/29 320/411/29
f 318/401/206 320/411/29 326/410/212
f 320/404/29 319/403/207 327/412/213
f 320/404/29 327/412/213 328/413/29
f 319/403/207 321/405/208 329/414/214
f 319/403/207 329/414/214 327/412/213
f 321/405/208 322/406/209 330/415/215
f 321/405/208 330/415/215 329/414/214
f 322/406/209 323/407/28 331/416/28
f 322/406/209 331/416/28 330/415/215
f 323/407/28 324/408/210 332/417/216
f 323/407/28 332/417/216 331/416/28
f 324/408/210 325/409/211 333/418/217
f 324/408/210 333/418/217 332/417/216
f 325/409/211 326/410/212 334/419/218
f 325/409/211 334/419/218 333/418/217
f 326/410/212 320/411/29 328/420/29
f 326/410/212 328/420/29 334/419/218
f 328/413/29 327/412/213 335/421/219
f 328/413/29 335/421/219 336/422/29
f 327/412/213 329/414/214 337/423/220
f 327/412/213 337/423/220 335/421/219
f 329/414/214 330/415/215 338/424/221
f 329/414/214 338/424/221 337/423/220
f 330/415/215 331/416/28 339/425/28
f 330/415/215 339/425/28 338/424/221
f 331/416/28 332/417/216 340/426/222
f 331/416/28 340/426/222 339/425/28
f 332/417/216 333/418/217 341/427/223
f 332/417/216 341/427/223 340/426/222
f 333/418/217 334/419/218 342/428/224
f 333/418/217 342/428/224 341/427/223
f 334/419/218 328/420/29 336/429/29
f 334/419/218 336/429/29 342/428/224
f 336/422/29 335/421/219 343/430/225
f 336/422/29 343/430/225 344/431/29
f 335/421/219 337/423/220 345/432/226
f 335/421/219 345/432/226 343/430/225
f 337/423/220 338/424/221 346/433/227
f 337/423/220 346/433/227 345/432/226
f 338/424/221 339/425/28 347/434/28
f 338/424/221 347/434/28 346/433/227
f 339/425/28 340/426/222 348/435/228
f 339/425/28 348/435/228 347/434/28
f 340/426/222 341/427/223 349/436/229
f 340/426/222 349/436/229 348/435/228
f 341/427/223 342/428/224 350/437/230
f 341/427/223 350/437/230 349/436/229
f 342/428/224 336/429/29 344/438/29
f 342/428/224 344/438/29 350/437/230
f 344/431/29 343/430/225 351/439/231
f 344/431/29 351/439/231 352/440/29
f 343/430/225 345/432/226 353/441/232
f 343/430/225 353/441/232 351/439/231
f 345/432/226 346/433/227 354/442/233
f 345/432/226 354/442/233 353/441/232
f 346/433/227 347/434/28 355/443/28
f 346/433/227 355/443/28 354/442/233
f 347/434/28 348/435/228 356/444/234
f 347/434/28 356/444/234 355/443/28
f 348/435/228 349/436/229 357/445/235
f 348/435/228 357/445/235 356/444/234
f 349/436/229 350/437/230 358/446/236
f 349/436/229 358/446/236 357/445/235
f 350/437/230 344/438/29 352/447/29
f 350/437/230 352/447/29 358/446/236
f 352/440/29 351/439/231 359/448/237
f 352/440/29 359/448/237 360/449/29
f 351/439/231 353/441/232 361/450/238
f 351/439/231 361/450/238 359/448/237
f 353/441/232 354/442/233 362/451/239
f 353/441/232 362/451/239 361/450/238
f 354/442/233 355/443/28 363/452/28
f 354/442/233 363/452/28 362/451/239
f 355/443/28 356/444/234 364/453/240
f 355/443/28 364/453/240 363/452/28
f 356/444/234 357/445/235 365/454/241
f 356/444/234 365/454/241 364/453/240
f 357/445/235 358/446/236 366/455/242
f 357/445/235 366/455/242 365/454/241
f 358/446/236 352/447/29 360/456/29
f 358/446/236 360/456/29 366/455/242
f 360/449/29 359/448/237 367/457/243
f 360/449/29 367/457/243 368/458/29
f 359/448/237 361/450/238 369/459/244
f 359/448/237 369/459/244 367/457/243
f 361/450/238 362/451/239 370/460/245
f 361/450/238 370/460/245 369/459/244
f 362/451/239 363/452/28 371/461/28
f 362/451/239 371/461/28 370/460/245
f 363/452/28 364/453/240 372/462/246
f 363/452/28 372/462/246 371/461/28
f 364/453/240 365/454/241 373/463/247
f 364/453/240 373/463/247 372/462/246
f 365/454/241 366/455/242 374/464/248
f 365/454/241 374/464/248 373/463/247
f 366/455/242 360/456/29 368/465/29
f 366/455/242 368/465/29 374/464/248
f 368/458/29 367/457/243 375/466/249
f 368/458/29 375/466/249 376/467/29
f 367/457/243 369/459/244 377/468/250
f 367/457/243 377/468/250 375/466/249
f 369/459/244 370/460/245 378/469/251
f 369/459/244 378/469/251 377/468/250
f 370/460/245 371/461/28 379/470/28
f 370/460/245 379/470/28 378/469/251
f 371/461/28 372/462/246 380/471/252
f 371/461/28 380/471/252 379/470/28
f 372/462/246 373/463/247 381/472/253
f 372/462/246 381/472/253 380/471/252
f 373/463/247 374/464/248 382/473/254
f 373/463/247 382/473/254 381/472/253
f 374/464/248 368/465/29 376/474/29
f 374/464/248 376/474/29 382/473/254
f 376/467/29 375/466/249 383/475/107
f 376/467/29 383/475/107 384/476/29
f 375/466/249 377/468/250 385/477/27
f 375/466/249 385/477/27 383/475/107
f 377/468/250 378/469/251 386/478/108
f 377/468/250 386/478/108 385/477/27
f 378/469/251 379/470/28 387/479/28
f 378/469/251 387/479/28 386/478/108
f 379/470/28 380/471/252 388/480/109
f 379/470/28 388/480/109 387/479/28
f 380/471/252 381/472/253 389/481/30
f 380/471/252 389/481/30 388/480/109
f 381/472/253 382/473/254 390/482/110
f 381/472/253 390/482/110 389/481/30
f 382/473/254 376/474/29 384/483/29
f 382/473/254 384/483/29 390/482/110
f 384/476/29 383/475/107 391/484/255
f 384/476/29 391/484/255 392/485/29
f 383/475/107 385/477/27 393/486/256
f 383/475/107 393/486/256 391/484/255
f 385/477/27 386/478/108 394/487/257
f 385/477/27 394/487/257 393/486/256
f 386/478/108 387/479/28 395/488/28
f 386/478/108 395/488/28 394/487/257
f 387/479/28 388/480/109 396/489/258
f 387/479/28 396/489/258 395/488/28
f 388/480/109 389/481/30 397/490/259
f 388/480/109 397/490/259 396/489/258
f 389/481/30 390/482/110 398/491/260
f 389/481/30 398/491/260 397/490/259
f 390/482/110 384/483/29 392/492/29
f 390/482/110 392/492/29 398/491/260
f 392/485/29 391/484/255 399/493/261
f 392/485/29 399/493/261 400/494/29
f 391/484/255 393/486/256 401/495/262
f 391/484/255 401/495/262 399/493/261
f 393/486/256 394/487/257 402/496/263
f 393/486/256 402/496/263 401/495/262
f 394/487/257 395/488/28 403/497/28
f 394/487/257 403/497/28 402/496/263
f 395/488/28 396/489/258 404/498/264
f 395/488/28 404/498/264 403/497/28
f 396/489/258 397/490/259 405/499/265
f 396/489/258 405/499/265 404/498/264
f 397/490/259 398/491/260 406/500/266
f 397/490/259 406/500/266 405/499/265
f 398/491/260 392/492/29 400/501/29
f 398/491/260 400/501/29 406/500/266
f 400/494/29 399/493/261 407/502/267
f 400/494/29 407/502/267 408/503/29
f 399/493/261 401/495/262 409/504/268
f 399/493/261 409/504/268 407/502/267
f 401/495/262 402/496/263 410/505/269
f 401/495/262 410/505/269 409/504/268
f 402/496/263 403/497/28 411/506/28
f 402/496/263 411/506/28 410/505/269
f 403/497/28 404/498/264 412/507/270
f 403/497/28 412/507/270 411/506/28
f 404/498/264 405/499/265 413/508/271
f 404/498/264 413/508/271 412/507/270
f 405/499/265 406/500/266 414/509/272
f 405/499/265 414/509/272 413/508/271
f 406/500/266 400/501/29 408/510/29
f 406/500/266 408/510/29 414/509/272
f 408/503/29 407/502/267 415/511/273
f 408/503/29 415/511/273 416/512/29
f 407/502/267 409/504/268 417/513/274
f 407/502/267 417/513/274 415/511/273
f 409/504/268 410/505/269 418/514/275
f 409/504/268 418/514/275 417/513/274
f 410/505/269 411/506/28 419/515/28
f 410/505/269 419/515/28 418/514/275
f 411/506/28 412/507/270 420/516/276
f 411/506/28 420/516/276 419/515/28
f 412/507/270 413/508/271 421/517/277
f 412/507/270 421/517/277 420/516/276
f 413/508/271 414/509/272 422/518/278
f 413/508/271 422/518/278 421/517/277
f 414/509/272 408/510/29 416/519/29
f 414/509/272 416/519/29 422/518/278
f 416/512/29 415/511/273 423/520/279
f 416/512/29 423/520/279 424/521/29
f 415/511/273 417/513/274 425/522/280
f 415/511/273 425/522/280 423/520/279
f 417/513/274 418/514/275 426/523/281
f 417/513/274 426/523/281 425/522/280
f 418/514/275 419/515/28 427/524/28
f 418/514/275 427/524/28 426/523/281
f 419/515/28 420/516/276 428/525/282
f 419/515/28 428/525/282 427/524/28
f 420/516/276 421/517/277 429/526/283
f 420/516/276 429/526/283 428/525/282
f 421/517/277 422/518/278 430/527/284
f 421/517/277 430/527/284 429/526/283
f 422/518/278 416/519/29 424/528/29
f 422/518/278 424/528/29 430/527/284
f 424/521/29 423/520/279 431/529/285
f 424/521/29 431/529/285 432/530/29
f 423/520/279 425/522/280 433/531/286
f 423/520/279 433/531/286 431/529/285
f 425/522/280 426/523/281 434/532/287
f 425/522/280 434/532/287 433/531/286
f 426/523/281 427/524/28 435/533/28
f 426/523/281 435/533/28 434/532/287
f 427/524/28 428/525/282 436/534/288
f 427/524/28 436/534/288 435/533/28
f 428/525/282 429/526/283 437/535/289
f 428/525/282 437/535/289 436/534/288
f 429/526/283 430/527/284 438/536/290
f 429/526/283 438/536/290 437/535/289
f 430/527/284 424/528/29 432/537/29
f 430/527/284 432/537/29 438/536/290
f 432/530/29 431/529/285 439/538/291
f 432/530/29 439/538/291 440/539/29
f 431/529/285 433/531/286 441/540/292
f 431/529/285 441/540/292 439/538/291
f 433/531/286 434/532/287 442/541/293
f 433/531/286 442/541/293 441/540/292
f 434/532/287 435/533/28 443/542/28
f 434/532/287 443/542/28 442/541/293
f 435/533/28 436/534/288 444/543/294
f 435/533/28 444/543/294 443/542/28
f 436/534/288 437/535/289 445/544/295
f 436/534/288 445/544/295 444/543/294
f 437/535/289 438/536/290 446/545/296
f 437/535/289 446/545/296 445/544/295
f 438/536/290 432/537/29 440/546/29
f 438/536/290 440/546/29 446/545/296
f 440/539/29 439/538/291 447/547/297
f 440/539/29 447/547/297 448/548/29
f 439/538/291 441/540/292 449/549/298
f 439/538/291 449/549/298 447/547/297
f 441/540/292 442/541/293 450/550/299
f 441/540/292 450/550/299 449/549/298
f 442/541/293 443/542/28 451/551/28
f 442/541/293 451/551/28 450/550/299
f 443/542/28 444/543/294 452/552/300
f 443/542/28 452/552/300 451/551/28
f 444/543/294 445/544/295 453/553/301
f 444/543/294 453/553/301 452/552/300
f 445/544/295 446/545/296 454/554/302
f 445/544/295 454/554/302 453/553/301
f 446/545/296 440/546/29 448/555/29
f 446/545/296 448/555/29 454/554/302
f 448/548/29 447/547/297 455/556/303
f 448/548/29 455/556/303 456/557/29
f 447/547/297 449/549/298 457/558/304
f 447/547/297 457/558/304 455/556/303
f 449/549/298 450/550/299 458/559/305
f 449/549/298 458/559/305 457/558/304
f 450/550/299 451/551/28 459/560/28
f 450/550/299 459/560/28 458/559/305
f 451/551/28 452/552/300 460/561/306
f 451/551/28 460/561/306 459/560/28
f 452/552/300 453/553/301 461/562/307
f 452/552/300 461/562/307 460/561/306
f 453/553/301 454/554/302 462/563/308
f 453/553/301 462/563/308 461/562/307
f 454/554/302 448/555/29 456/564/29
f 454/554/302 456/564/29 462/563/308
f 456/557/29 455/556/303 463/565/309
f 456/557/29 463/565/309 464/566/29
f 455/556/303 457/558/304 465/567/310
f 455/556/303 465/567/310 463/565/309
f 457/558/304 458/559/305 466/568/311
f 457/558/304 466/568/311 465/567/310
f 458/559/305 459/560/28 467/569/28
f 458/559/305 467/569/28 466/568/311
f 459/560/28 460/561/306 468/570/312
f 459/560/28 468/570/312 467/569/28
f 460/561/306 461/562/307 469/571/313
f 460/561/306 469/571/313 468/570/312
f 461/562/307 462/563/308 470/572/314
f 461/562/307 470/572/314 469/571/313
f 462/563/308 456/564/29 464/573/29
f 462/563/308 464/573/29 470/572/314
f 464/566/29 463/565/309 471/574/315
f 464/566/29 471/574/315 472/575/29
f 463/565/309 465/567/310 473/576/316
f 463/565/309 473/576/316 471/574/315
f 465/567/310 466/568/311 474/577/317
f 465/567/310 474/577/317 473/576/316
f 466/568/311 467/569/28 475/578/28
f 466/568/311 475/578/28 474/577/317
f 467/569/28 468/570/312 476/579/318
f 467/569/28 476/579/318 475/578/28
f 468/570/312 469/571/313 477/580/319
f 468/570/312 477/580/319 476/579/318
f 469/571/313 470/572/314 478/581/320
f 469/571/313 478/581/320 477/580/319
f 470/572/314 464/573/29 472/582/29
f 470/572/314 472/582/29 478/581/320
f 472/575/29 471/574/315 479/583/321
f 472/575/29 479/583/321 480/584/29
f 471/574/315 473/576/316 481/585/322
f 471/574/315 481/585/322 479/583/321
f 473/576/316 474/577/317 482/586/323
f 473/576/316 482/586/323 481/585/322
f 474/577/317 475/578/28 483/587/28
f 474/577/317 483/587/28 482/586/323
f 475/578/28 476/579/318 484/588/324
f 475/578/28 484/588/324 483/587/28
f 476/579/318 477/580/319 485/589/325
f 476/579/318 485/589/325 484/588/324
f 477/580/319 478/581/320 486/590/326
f 477/580/319 486/590/326 485/589/325
f 478/581/320 472/582/29 480/591/29
f 478/581/320 480/591/29 486/590/326
f 480/584/29 479/583/321 487/592/39
f 480/584/29 487/592/39 488/593/29
f 479/583/321 481/585/322 489/594/1
f 479/583/321 489/594/1 487/592/39
f 481/585/322 482/586/323 490/595/36
f 481/585/322 490/595/36 489/594/1
f 482/586/323 483/587/28 491/596/28
f 482/586/323 491/596/28 490/595/36
f 483/587/28 484/588/324 492/597/34
f 483/587/28 492/597/34 491/596/28
f 484/588/324 485/589/325 493/598/26
f 484/588/324 493/598/26 492/597/34
f 485/589/325 486/590/326 494/599/31
f 485/589/325 494/599/31 493/598/26
f 486/590/326 480/591/29 488/600/29
f 486/590/326 488/600/29 494/599/31
f 283/366/27 280/366/27 279/366/27
f 285/366/27 283/366/27 279/366/27
f 287/366/27 285/366/27 279/366/27
f 289/366/27 287/366/27 279/366/27
f 291/366/27 289/366/27 279/366/27
f 293/366/27 291/366/27 279/366/27
f 488/366/27 487/366/27 489/366/27
f 488/366/27 489/366/27 490/366/27
f 488/366/27 490/366/27 491/366/27
f 488/366/27 491/366/27 492/366/27
f 488/366/27 492/366/27 493/366/27
f 488/366/27 493/366/27 494/366/27
f 495/601/29 496/602/31 497/603/327
f 495/601/29 497/603/327 498/604/29
f 496/602/31 499/605/26 500/606/328
f 496/602/31 500/606/328 497/603/327
f 499/605/26 501/607/34 502/608/329
f 499/605/26 502/608/329 500/606/328
f 501/607/34 503/609/28 504/610/28
f 501/607/34 504/610/28 502/608/329
f 503/609/28 505/611/36 506/612/330
f 503/609/28 506/612/330 504/610/28
f 505/611/36 507/613/1 508/614/331
f 505/611/36 508/614/331 506/612/330
f 507/613/1 509/615/39 510/616/332
f 507/613/1 510/616/332 508/614/331
f 509/615/39 495/617/29 498/618/29
f 509/615/39 498/618/29 510/616/332
f 498/604/29 497/603/327 511/619/333
f 498/604/29 511/619/333 512/620/29
f 497/603/327 500/606/328 513/621/334
f 497/603/327 513/621/334 511/619/333
f 500/606/328 502/608/329 514/622/335
f 500/606/328 514/622/335 513/621/334
f 502/608/329 504/610/28 515/623/28
f 502/608/329 515/623/28 514/622/335
f 504/610/28 506/612/330 516/624/336
f 504/610/28 516/624/336 515/623/28
f 506/612/330 508/614/331 517/625/337
f 506/612/330 517/625/337 516/624/336
f 508/614/331 510/616/332 518/626/338
f 508/614/331 518/626/338 517/625/337
f 510/616/332 498/618/29 512/627/29
f 510/616/332 512/627/29 518/626/338
f 512/620/29 511/619/333 519/628/339
f 512/620/29 519/628/339 520/629/29
f 511/619/333 513/621/334 521/630/340
f 511/619/333 521/630/340 519/628/339
f 513/621/334 514/622/335 522/631/341
f 513/621/334 522/631/341 521/630/340
f 514/622/335 515/623/28 523/632/28
f 514/622/335 523/632/28 522/631/341
f 515/623/28 516/624/336 524/633/342
f 515/623/28 524/633/342 523/632/28
f 516/624/336 517/625/337 525/634/343
f 516/624/336 525/634/343 524/633/342
f 517/625/337 518/626/338 526/635/344
f 517/625/337 526/635/344 525/634/343
f 518/626/338 512/627/29 520/636/29
f 518/626/338 520/636/29 526/635/344
f 520/629/29 519/628/339 527/637/345
f 520/629/29 527/637/345 528/638/29
f 519/628/339 521/630/340 529/639/346
f 519/628/339 529/639/346 527/637/345
f 521/630/340 522/631/341 530/640/347
f 521/630/340 530/640/347 529/639/346
f 522/631/341 523/632/28 531/641/28
f 522/631/341 531/641/28 530/640/347
f 523/632/28 524/633/342 532/642/348
f 523/632/28 532/642/348 531/641/28
f 524/633/342 525/634/343 533/643/349
f 524/633/342 533/643/349 532/642/348
f 525/634/343 526/635/344 534/644/350
f 525/634/343 534/644/350 533/643/349
f 526/635/344 520/636/29 528/645/29
f 526/635/344 528/645/29 534/644/350
f 528/638/29 527/637/345 535/646/351
f 528/638/29 535/646/351 536/647/29
f 527/637/345 529/639/346 537/648/352
f 527/637/345 537/648/352 535/646/351
f 529/639/346 530/640/347 538/649/353
f 529/639/346 538/649/353 537/648/352
f 530/640/347 531/641/28 539/650/28
f 530/640/347 539/650/28 538/649/353
f 531/641/28 532/642/348 540/651/354
f 531/641/28 540/651/354 539/650/28
f 532/642/348 533/643/349 541/652/355
f 532/642/348 541/652/355 540/651/354
f 533/643/349 534/644/350 542/653/356
f 533/643/349 542/653/356 541/652/355
f 534/644/350 528/645/29 536/654/29
f 534/644/350 536/654/29 542/653/356
f 536/647/29 535/646/351 543/655/357
f 536/647/29 543/655/357 544/656/29
f 535/646/351 537/648/352 545/657/358
f 535/646/351 545/657/358 543/655/357
f 537/648/352 538/649/353 546/658/359
f 537/648/352 546/658/359 545/657/358
f 538/649/353 539/650/28 547/659/28
f 538/649/353 547/659/28 546/658/359
f 539/650/28 540/651/354 548/660/360
f 539/650/28 548/660/360 547/659/28
f 540/651/354 541/652/355 549/661/361
f 540/651/354 549/661/361 548/660/360
f 541/652/355 542/653/356 550/662/362
f 541/652/355 550/662/362 549/661/361
f 542/653/356 536/654/29 544/663/29
f 542/653/356 544/663/29 550/662/362
f 544/656/29 543/655/357 551/664/363
f 544/656/29 551/664/363 552/665/29
f 543/655/357 545/657/358 553/666/364
f 543/655/357 553/666/364 551/664/363
f 545/657/358 546/658/359 554/667/365
f 545/657/358 554/667/365 553/666/364
f 546/658/359 547/659/28 555/668/28
f 546/658/359 555/668/28 554/667/365
f 547/659/28 548/660/360 556/669/366
f 547/659/28 556/669/366 555/668/28
f 548/660/360 549/661/361 557/670/367
f 548/660/360 557/670/367 556/669/366
f 549/661/361 550/662/362 558/671/368
f 549/661/361 558/671/368 557/670/367
f 550/662/362 544/663/29 552/672/29
f 550/662/362 552/672/29 558/671/368
f 552/665/29 551/664/363 559/673/369
f 552/665/29 559/673/369 560/674/29
f 551/664/363 553/666/364 561/675/370
f 551/664/363 561/675/370 559/673/369
f 553/666/364 554/667/365 562/676/371
f 553/666/364 562/676/371 561/675/370
f 554/667/365 555/668/28 563/677/28
f 554/667/365 563/677/28 562/676/371
f 555/668/28 556/669/366 564/678/372
f 555/668/28 564/678/372 563/677/28
f 556/669/366 557/670/367 565/679/373
f 556/669/366 565/679/373 564/678/372
f 557/670/367 558/671/368 566/680/374
f 557/670/367 566/680/374 565/679/373
f 558/671/368 552/672/29 560/681/29
f 558/671/368 560/681/29 566/680/374
f 560/674/29 559/673/369 567/682/375
f 560/674/29 567/682/375 568/683/29
f 559/673/369 561/675/370 569/684/376
f 559/673/369 569/684/376 567/682/375
f 561/675/370 562/676/371 570/685/377
f 561/675/370 570/685/377 569/684/376
f 562/676/371 563/677/28 571/686/28
f 562/676/371 571/686/28 570/685/377
f 563/677/28 564/678/372 572/687/378
f 563/677/28 572/687/378 571/686/28
f 564/678/372 565/679/373 573/688/379
f 564/678/372 573/688/379 572/687/378
f 565/679/373 566/680/374 574/689/380
f 565/679/373 574/689/380 573/688/379
f 566/680/374 560/681/29 568/690/29
f 566/680/374 568/690/29 574/689/380
f 568/683/29 567/682/375 575/691/381
f 568/683/29 575/691/381 576/692/29
f 567/682/375 569/684/376 577/693/382
f 567/682/375 577/693/382 575/691/381
f 569/684/376 570/685/377 578/694/383
f 569/684/376 578/694/383 577/693/382
f 570/685/377 571/686/28 579/695/28
f 570/685/377 579/695/28 578/694/383
f 571/686/28 572/687/378 580/696/384
f 571/686/28 580/696/384 579/695/28
f 572/687/378 573/688/379 581/697/385
f 572/687/378 581/697/385 580/696/384
f 573/688/379 574/689/380 582/698/386
f 573/688/379 582/698/386 581/697/385
f 574/689/380 568/690/29 576/699/29
f 574/689/380 576/699/29 582/698/386
f 576/692/29 575/691/381 583/700/387
f 576/692/29 583/700/387 584/701/29
f 575/691/381 577/693/382 585/702/388
f 575/691/381 585/702/388 583/700/387
f 577/693/382 578/694/383 586/703/389
f 577/693/382 586/703/389 585/702/388
f 578/694/383 579/695/28 587/704/28
f 578/694/383 587/704/28 586/703/389
f 579/695/28 580/696/384 588/705/390
f 579/695/28 588/705/390 587/704/28
f 580/696/384 581/697/385 589/706/391
f 580/696/384 589/706/391 588/705/390
f 581/697/385 582/698/386 590/707/392
f 581/697/385 590/707/392 589/706/391
f 582/698/386 576/699/29 584/708/29
f 582/698/386 584/708/29 590/707/392
f 584/701/29 583/700/387 591/709/393
f 584/701/29 591/709/393 592/710/29
f 583/700/387 585/702/388 593/711/394
f 583/700/387 593/711/394 591/709/393
f 585/702/388 586/703/389 594/712/395
f 585/702/388 594/712/395 593/711/394
f 586/703/389 587/704/28 595/713/28
f 586/703/389 595/713/28 594/712/395
f 587/704/28 588/705/390 596/714/396
f 587/704/28 596/714/396 595/713/28
f 588/705/390 589/706/391 597/715/397
f 588/705/390 597/715/397 596/714/396
f 589/706/391 590/707/392 598/716/398
f 589/706/391 598/716/398 597/715/397
f 590/707/392 584/708/29 592/717/29
f 590/707/392 592/717/29 598/716/398
f 592/710/29 591/709/393 599/718/107
f 592/710/29 599/718/107 600/719/29
f 591/709/393 593/711/394 601/720/27
f 591/709/393 601/720/27 599/718/107
f 593/711/394 594/712/395 602/721/108
f 593/711/394 602/721/108 601/720/27
f 594/712/395 595/713/28 603/722/28
f 594/712/395 603/722/28 602/721/108
f 595/713/28 596/714/396 604/723/109
f 595/713/28 604/723/109 603/722/28
f 596/714/396 597/715/397 605/724/30
f 596/714/396 605/724/30 604/723/109
f 597/715/397 598/716/398 606/725/110
f 597/715/397 606/725/110 605/724/30
f 598/716/398 592/717/29 600/726/29
f 598/716/398 600/726/29 606/725/110
f 600/719/29 599/718/107 607/727/399
f 600/719/29 607/727/399 608/728/29
f 599/718/107 601/720/27 609/729/400
f 599/718/107 609/729/400 607/727/399
f 601/720/27 602/721/108 610/730/401
f 601/720/27 610/730/401 609/729/400
f 602/721/108 603/722/28 611/731/28
f 602/721/108 611/731/28 610/730/401
f 603/722/28 604/723/109 612/732/402
f 603/722/28 612/732/402 611/731/28
f 604/723/109 605/724/30 613/733/403
f 604/723/109 613/733/403 612/732/402
f 605/724/30 606/725/110 614/734/404
f 605/724/30 614/734/404 613/733/403
f 606/725/110 600/726/29 608/735/29
f 606/725/110 608/735/29 614/734/404
f 608/728/29 607/727/399 615/736/405
f 608/728/29 615/736/405 616/737/29
f 607/727/399 609/729/400 617/738/406
f 607/727/399 617/738/406 615/736/405
f 609/729/400 610/730/401 618/739/407
f 609/729/400 618/739/407 617/738/406
f 610/730/401 611/731/28 619/740/28
f 610/730/401 619/740/28 618/739/407
f 611/731/28 612/732/402 620/741/408
f 611/731/28 620/741/408 619/740/28
f 612/732/402 613/733/403 621/742/409
f 612/732/402 621/742/409 620/741/408
f 613/733/403 614/734/404 622/743/410
f 613/733/403 622/743/410 621/742/409
f 614/734/404 608/735/29 616/744/29
f 614/734/404 616/744/29 622/743/410
f 616/737/29 615/736/405 623/745/411
f 616/737/29 623/745/411 624/746/29
f 615/736/405 617/738/406 625/747/412
f 615/736/405 625/747/412 623/745/411
f 617/738/406 618/739/407 626/748/413
f 617/738/406 626/748/413 625/747/412
f 618/739/407 619/740/28 627/749/28
f 618/739/407 627/749/28 626/748/413
f 619/740/28 620/741/408 628/750/414
f 619/740/28 628/750/414 627/749/28
f 620/741/408 621/742/409 629/751/415
f 620/741/408 629/751/415 628/750/414
f 621/742/409 622/743/410 630/752/416
f 621/742/409 630/752/416 629/751/415
f 622/743/410 616/744/29 624/753/29
f 622/743/410 624/753/29 630/752/416
f 624/746/29 623/745/411 631/754/417
f 624/746/29 631/754/417 632/755/29
f 623/745/411 625/747/412 633/756/418
f 623/745/411 633/756/418 631/754/417
f 625/747/412 626/748/413 634/757/419
f 625/747/412 634/757/419 633/756/418
f 626/748/413 627/749/28 635/758/28
f 626/748/413 635/758/28 634/757/419
f 627/749/28 628/750/414 636/759/420
f 627/749/28 636/759/420 635/758/28
f 628/750/414 629/751/415 637/760/421
f 628/750/414 637/760/421 636/759/420
f 629/751/415 630/752/416 638/761/422
f 629/751/415 638/761/422 637/760/421
f 630/752/416 624/753/29 632/762/29
f 630/752/416 632/762/29 638/761/422
f 632/755/29 631/754/417 639/763/423
f 632/755/29 639/763/423 640/764/29
f 631/754/417 633/756/418 641/765/424
f 631/754/417 641/765/424 639/763/423
f 633/756/418 634/757/419 642/766/425
f 633/756/418 642/766/425 641/765/424
f 634/757/419 635/758/28 643/767/28
f 634/757/419 643/767/28 642/766/425
f 635/758/28 636/759/420 644/768/426
f 635/758/28 644/768/426 643/767/28
f 636/759/420 637/760/421 645/769/427
f 636/759/420 645/769/427 644/768/426
f 637/760/421 638/761/422 646/770/428
f 637/760/421 646/770/428 645/769/427
f 638/761/422 632/762/29 640/771/29
f 638/761/422 640/771/29 646/770/428
f 640/764/29 639/763/423 647/772/429
f 640/764/29 647/772/429 648/773/29
f 639/763/423 641/765/424 649/774/430
f 639/763/423 649/774/430 647/772/429
f 641/765/424 642/766/425 650/775/431
f 641/765/424 650/775/431 649/774/430
f 642/766/425 643/767/28 651/776/28
f 642/766/425 651/776/28 650/775/431
f 643/767/28 644/768/426 652/777/432
f 643/767/28 652/777/432 651/776/28
f 644/768/426 645/769/427 653/778/433
f 644/768/426 653/778/433 652/777/432
f 645/769/427 646/770/428 654/779/434
f 645/769/427 654/779/434 653/778/433
f 646/770/428 640/771/29 648/780/29
f 646/770/428 648/780/29 654/779/434
f 648/773/29 647/772/429 655/781/435
f 648/773/29 655/781/435 656/782/29
f 647/772/429 649/774/430 657/783/436
f 647/772/429 657/783/436 655/781/435
f 649/774/430 650/775/431 658/784/437
f 649/774/430 658/784/437 657/783/436
f 650/775/431 651/776/28 659/785/28
f 650/775/431 659/785/28 658/784/437
f 651/776/28 652/777/432 660/786/438
f 651/776/28 660/786/438 659/785/28
f 652/777/432 653/778/433 661/787/439
f 652/777/432 661/787/439 660/786/438
f 653/778/433 654/779/434 662/788/440
f 653/778/433 662/788/440 661/787/439
f 654/779/434 648/780/29 656/789/29
f 654/779/434 656/789/29 662/788/440
f 656/782/29 655/781/435 663/790/441
f 656/782/29 663/790/441 664/791/29
f 655/781/435 657/783/436 665/792/442
f 655/781/435 665/792/442 663/790/441
f 657/783/436 658/784/437 666/793/443
f 657/783/436 666/793/443 665/792/442
f 658/784/437 659/785/28 667/794/28
f 658/784/437 667/794/28 666/793/443
f 659/785/28 660/786/438 668/795/444
f 659/785/28 668/795/444 667/794/28
f 660/786/438 661/787/439 669/796/445
f 660/786/438 669/796/445 668/795/444
f 661/787/439 662/788/440 670/797/446
f 661/787/439 670/797/446 669/796/445
f 662/788/440 656/789/29 664/798/29
f 662/788/440 664/798/29 670/797/446
f 664/791/29 663/790/441 671/799/447
f 664/791/29 671/799/447 672/800/29
f 663/790/441 665/792/442 673/801/448
f 663/790/441 673/801/448 671/799/447
f 665/792/442 666/793/443 674/802/449
f 665/792/442 674/802/449 673/801/448
f 666/793/443 667/794/28 675/803/28
f 666/793/443 675/803/28 674/802/449
f 667/794/28 668/795/444 676/804/450
f 667/794/28 676/804/450 675/803/28
f 668/795/444 669/796/445 677/805/451
f 668/795/444 677/805/451 676/804/450
f 669/796/445 670/797/446 678/806/452
f 669/796/445 678/806/452 677/805/451
f 670/797/446 664/798/29 672/807/29
f 670/797/446 672/807/29 678/806/452
f 672/800/29 671/799/447 679/808/453
f 672/800/29 679/808/453 680/809/29
f 671/799/447 673/801/448 681/810/454
f 671/799/447 681/810/454 679/808/453
f 673/801/448 674/802/449 682/811/455
f 673/801/448 682/811/455 681/810/454
f 674/802/449 675/803/28 683/812/28
f 674/802/449 683/812/28 682/811/455
f 675/803/28 676/804/450 684/813/456
f 675/803/28 684/813/456 683/812/28
f 676/804/450 677/805/451 685/814/457
f 676/804/450 685/814/457 684/813/456
f 677/805/451 678/806/452 686/815/458
f 677/805/451 686/815/458 685/814/457
f 678/806/452 672/807/29 680/816/29
f 678/806/452 680/816/29 686/815/458
f 680/809/29 679/808/453 687/817/459
f 680/809/29 687/817/459 688/818/29
f 679/808/453 681/810/454 689/819/460
f 679/808/453 689/819/460 687/817/459
f 681/810/454 682/811/455 690/820/461
f 681/810/454 690/820/461 689/819/460
f 682/811/455 683/812/28 691/821/28
f 682/811/455 691/821/28 690/820/461
f 683/812/28 684/813/456 692/822/462
f 683/812/28 692/822/462 691/821/28
f 684/813/456 685/814/457 693/823/463
f 684/813/456 693/823/463 692/822/462
f 685/814/457 686/815/458 694/824/464
f 685/814/457 694/824/464 693/823/463
f 686/815/458 680/816/29 688/825/29
f 686/815/458 688/825/29 694/824/464
f 688/818/29 687/817/459 695/826/465
f 688/818/29 695/826/465 696/827/29
f 687/817/459 689/819/460 697/828/466
f 687/817/459 697/828/466 695/826/465
f 689/819/460 690/820/461 698/829/467
f 689/819/460 698/829/467 697/828/466
f 690/820/461 691/821/28 699/830/28
f 690/820/461 699/830/28 698/829/467
f 691/821/28 692/822/462 700/831/468
f 691/821/28 700/831/468 699/830/28
f 692/822/462 693/823/463 701/832/469
f 692/822/462 701/832/469 700/831/468
f 693/823/463 694/824/464 702/833/470
f 693/823/463 702/833/470 701/832/469
f 694/824/464 688/825/29 696/834/29
f 694/824/464 696/834/29 702/833/470
f 696/827/29 695/826/465 703/835/39
f 696/827/29 703/835/39 704/836/29
f 695/826/465 697/828/466 705/837/1
f 695/826/465 705/837/1 703/835/39
f 697/828/466 698/829/467 706/838/36
f 697/828/466 706/838/36 705/837/1
f 698/829/467 699/830/28 707/839/28
f 698/829/467 707/839/28 706/838/36
f 699/830/28 700/831/468 708/840/34
f 699/830/28 708/840/34 707/839/28
f 700/831/468 701/832/469 709/841/26
f 700/831/468 709/841/26 708/840/34
f 701/832/469 702/833/470 710/842/31
f 701/832/469 710/842/31 709/841/26
f 702/833/470 696/834/29 704/843/29
f 702/833/470 704/843/29 710/842/31
f 499/609/27 496/609/27 495/609/27
f 501/609/27 499/609/27 495/609/27
f 503/609/27 501/609/27 495/609/27
f 505/609/27 503/609/27 495/609/27
f 507/609/27 505/609/27 495/609/27
f 509/609/27 507/609/27 495/609/27
f 704/609/27 703/609/27 705/609/27
f 704/609/27 705/609/27 706/609/27
f 704/609/27 706/609/27 707/609/27
f 704/609/27 707/609/27 708/609/27
f 704/609/27 708/609/27 709/609/27
f 704/609/27 709/609/27 710/609/27
f 711/844/29 712/845/31 713/846/471
f 711/844/29 713/846/471 714/847/29
f 712/845/31 715/848/26 716/849/472
f 712/845/31 716/849/472 713/846/471
f 715/848/26 717/850/34 718/851/473
f 715/848/26 718/851/473 716/849/472
f 717/850/34 719/852/28 720/853/28
f 717/850/34 720/853/28 718/851/473
f 719/852/28 721/854/36 722/855/474
f 719/852/28 722/855/474 720/853/28
f 721/854/36 723/856/1 724/857/475
f 721/854/36 724/857/475 722/855/474
f 723/856/1 725/858/39 726/859/476
f 723/856/1 726/859/476 724/857/475
f 725/858/39 711/860/29 714/861/29
f 725/858/39 714/861/29 726/859/476
f 714/847/29 713/846/471 727/862/477
f 714/847/29 727/862/477 728/863/29
f 713/846/471 716/849/472 729/864/478
f 713/846/471 729/864/478 727/862/477
f 716/849/472 718/851/473 730/865/479
f 716/849/472 730/865/479 729/864/478
f 718/851/473 720/853/28 731/866/28
f 718/851/473 731/866/28 730/865/479
f 720/853/28 722/855/474 732/867/480
f 720/853/28 732/867/480 731/866/28
f 722/855/474 724/857/475 733/868/481
f 722/855/474 733/868/481 732/867/480
f 724/857/475 726/859/476 734/869/482
f 724/857/475 734/869/482 733/868/481
f 726/859/476 714/861/29 728/870/29
f 726/859/476 728/870/29 734/869/482
f 728/863/29 727/862/477 735/871/483
f 728/863/29 735/871/483 736/872/29
f 727/862/477 729/864/478 737/873/484
f 727/862/477 737/873/484 735/871/483
f 729/864/478 730/865/479 738/874/485
f 729/864/478 738/874/485 737/873/484
f 730/865/479 731/866/28 739/875/28
f 730/865/479 739/875/28 738/874/485
f 731/866/28 732/867/480 740/876/486
f 731/866/28 740/876/486 739/875/28
f 732/867/480 733/868/481 741/877/487
f 732/867/480 741/877/487 740/876/486
f 733/868/481 734/869/482 742/878/488
f 733/868/481 742/878/488 741/877/487
f 734/869/482 728/870/29 736/879/29
f 734/869/482 736/879/29 742/878/488
f 736/872/29 735/871/483 743/880/489
f 736/872/29 743/880/489 744/881/29
f 735/871/483 737/873/484 745/882/490
f 735/871/483 745/882/490 743/880/489
f 737/873/484 738/874/485 746/883/491
f 737/873/484 746/883/491 745/882/490
f 738/874/485 739/875/28 747/884/28
f 738/874/485 747/884/28 746/883/491
f 739/875/28 740/876/486 748/885/492
f 739/875/28 748/885/492 747/884/28
f 740/876/486 741/877/487 749/886/493
f 740/876/486 749/886/493 748/885/492
f 741/877/487 742/878/488 750/887/494
f 741/877/487 750/887/494 749/886/493
f 742/878/488 736/879/29 744/888/29
f 742/878/488 744/888/29 750/887/494
f 744/881/29 743/880/489 751/889/495
f 744/881/29 751/889/495 752/890/29
f 743/880/489 745/882/490 753/891/496
f 743/880/489 753/891/496 751/889/495
f 745/882/490 746/883/491 754/892/497
f 745/882/490 754/892/497 753/891/496
f 746/883/491 747/884/28 755/893/28
f 746/883/491 755/893/28 754/892/497
f 747/884/28 748/885/492 756/894/498
f 747/884/28 756/894/498 755/893/28
f 748/885/492 749/886/493 757/895/499
f 748/885/492 757/895/499 756/894/498
f 749/886/493 750/887/494 758/896/500
f 749/886/493 758/896/500 757/895/499
f 750/887/494 744/888/29 752/897/29
f 750/887/494 752/897/29 758/896/500
f 752/890/29 751/889/495 759/898/501
f 752/890/29 759/898/501 760/899/29
f 751/889/495 753/891/496 761/900/502
f 751/889/495 761/900/502 759/898/501
f 753/891/496 754/892/497 762/901/503
f 753/891/496 762/901/503 761/900/502
f 754/892/497 755/893/28 763/902/28
f 754/892/497 763/902/28 762/901/503
f 755/893/28 756/894/498 764/903/504
f 755/893/28 764/903/504 763/902/28
f 756/894/498 757/895/499 765/904/505
f 756/894/498 765/904/505 764/903/504
f 757/895/499 758/896/500 766/905/506
f 757/895/499 766/905/506 765/904/505
f 758/896/500 752/897/29 760/906/29
f 758/896/500 760/906/29 766/905/506
f 760/899/29 759/898/501 767/907/507
f 760/899/29 767/907/507 768/908/29
f 759/898/501 761/900/502 769/909/508
f 759/898/501 769/909/508 767/907/507
f 761/900/502 762/901/503 770/910/509
f 761/900/502 770/910/509 769/909/508
f 762/901/503 763/902/28 771/911/28
f 762/901/503 771/911/28 770/910/509
f 763/902/28 764/903/504 772/912/510
f 763/902/28 772/912/510 771/911/28
f 764/903/504 765/904/505 773/913/511
f 764/903/504 773/913/511 772/912/510
f 765/904/505 766/905/506 774/914/512
f 765/904/505 774/914/512 773/913/511
f 766/905/506 760/906/29 768/915/29
f 766/905/506 768/915/29 774/914/512
f 768/908/29 767/907/507 775/916/513
f 768/908/29 775/916/513 776/917/29
f 767/907/507 769/909/508 777/918/514
f 767/907/507 777/918/514 775/916/513
f 769/909/508 770/910/509 778/919/515
f 769/909/508 778/919/515 777/918/514
f 770/910/509 771/911/28 779/920/28
f 770/910/509 779/920/28 778/919/515
f 771/911/28 772/912/510 780/921/516
f 771/911/28 780/921/516 779/920/28
f 772/912/510 773/913/511 781/922/517
f 772/912/510 781/922/517 780/921/516
f 773/913/511 774/914/512 782/923/518
f 773/913/511 782/923/518 781/922/517
f 774/914/512 768/915/29 776/924/29
f 774/914/512 776/924/29 782/923/518
f 776/917/29 775/916/513 783/925/519
f 776/917/29 783/925/519 784/926/29
f 775/916/513 777/918/514 785/927/520
f 775/916/513 785/927/520 783/925/519
f 777/918/514 778/919/515 786/928/521
f 777/918/514 786/928/521 785/927/520
f 778/919/515 779/920/28 787/929/28
f 778/919/515 787/929/28 786/928/521
f 779/920/28 780/921/516 788/930/522
f 779/920/28 788/930/522 787/929/28
f 780/921/516 781/922/517 789/931/523
f 780/921/516 789/931/523 788/930/522
f 781/922/517 782/923/518 790/932/524
f 781/922/517 790/932/524 789/931/523
f 782/923/518 776/924/29 784/933/29
f 782/923/518 784/933/29 790/932/524
f 784/926/29 783/925/519 791/934/525
f 784/926/29 791/934/525 792/935/29
f 783/925/519 785/927/520 793/936/526
f 783/925/519 793/936/526 791/934/525
f 785/927/520 786/928/521 794/937/527
f 785/927/520 794/937/527 793/936/526
f 786/928/521 787/929/28 795/938/28
f 786/928/521 795/938/28 794/937/527
f 787/929/28 788/930/522 796/939/528
f 787/929/28 796/939/528 795/938/28
f 788/930/522 789/931/523 797/940/529
f 788/930/522 797/940/529 796/939/528
f 789/931/523 790/932/524 798/941/530
f 789/931/523 798/941/530 797/940/529
f 790/932/524 784/933/29 792/942/29
f 790/932/524 792/942/29 798/941/530
f 792/935/29 791/934/525 799/943/531
f 792/935/29 799/943/531 800/944/29
f 791/934/525 793/936/526 801/945/532
f 791/934/525 801/945/532 799/943/531
f 793/936/526 794/937/527 802/946/533
f 793/936/526 802/946/533 801/945/532
f 794/937/527 795/938/28 803/947/28
f 794/937/527 803/947/28 802/946/533
f 795/938/28 796/939/528 804/948/534
f 795/938/28 804/948/534 803/947/28
f 796/939/528 797/940/529 805/949/535
f 796/939/528 805/949/535 804/948/534
f 797/940/529 798/941/530 806/950/536
f 797/940/529 806/950/536 805/949/535
f 798/941/530 792/942/29 800/951/29
f 798/941/530 800/951/29 806/950/536
f 800/944/29 799/943/531 807/952/537
f 800/944/29 807/952/537 808/953/29
f 799/943/531 801/945/532 809/954/538
f 799/943/531 809/954/538 807/952/537
f 801/945/532 802/946/533 810/955/539
f 801/945/532 810/955/539 809/954/538
f 802/946/533 803/947/28 811/956/28
f 802/946/533 811/956/28 810/955/539
f 803/947/28 804/948/534 812/957/540
f 803/947/28 812/957/540 811/956/28
f 804/948/534 805/949/535 813/958/541
f 804/948/534 813/958/541 812/957/540
f 805/949/535 806/950/536 814/959/542
f 805/949/535 814/959/542 813/958/541
f 806/950/536 800/951/29 808/960/29
f 806/950/536 808/960/29 814/959/542
f 808/953/29 807/952/537 815/961/107
f 808/953/29 815/961/107 816/962/29
f 807/952/537 809/954/538 817/963/27
f 807/952/537 817/963/27 815/961/107
f 809/954/538 810/955/539 818/964/108
f 809/954/538 818/964/108 817/963/27
f 810/955/539 811/956/28 819/965/28
f 810/955/539 819/965/28 818/964/108
f 811/956/28 812/957/540 820/966/109
f 811/956/28 820/966/109 819/965/28
f 812/957/540 813/958/541 821/967/30
f 812/957/540 821/967/30 820/966/109
f 813/958/541 814/959/542 822/968/110
f 813/958/541 822/968/110 821/967/30
f 814/959/542 808/960/29 816/969/29
f 814/959/542 816/969/29 822/968/110
f 816/962/29 815/961/107 823/970/543
f 816/962/29 823/970/543 824/971/29
f 815/961/107 817/963/27 825/972/544
f 815/961/107 825/972/544 823/970/543
f 817/963/27 818/964/108 826/973/545
f 817/963/27 826/973/545 825/972/544
f 818/964/108 819/965/28 827/974/28
f 818/964/108 827/974/28 826/973/545
f 819/965/28 820/966/109 828/975/546
f 819/965/28 828/975/546 827/974/28
f 820/966/109 821/967/30 829/976/547
f 820/966/109 829/976/547 828/975/546
f 821/967/30 822/968/110 830/977/548
f 821/967/30 830/977/548 829/976/547
f 822/968/110 816/969/29 824/978/29
f 822/968/110 824/978/29 830/977/548
f 824/971/29 823/970/543 831/979/549
f 824/971/29 831/979/549 832/980/29
f 823/970/543 825/972/544 833/981/550
f 823/970/543 833/981/550 831/979/549
f 825/972/544 826/973/545 834/982/551
f 825/972/544 834/982/551 833/981/550
f 826/973/545 827/974/28 835/983/28
f 826/973/545 835/983/28 834/982/551
f 827/974/28 828/975/546 836/984/552
f 827/974/28 836/984/552 835/983/28
f 828/975/546 829/976/547 837/985/553
f 828/975/546 837/985/553 836/984/552
f 829/976/547 830/977/548 838/986/554
f 829/976/547 838/986/554 837/985/553
f 830/977/548 824/978/29 832/987/29
f 830/977/548 832/987/29 838/986/554
f 832/980/29 831/979/549 839/988/555
f 832/980/29 839/988/555 840/989/29
f 831/979/549 833/981/550 841/990/556
f 831/979/549 841/990/556 839/988/555
f 833/981/550 834/982/551 842/991/557
f 833/981/550 842/991/557 841/990/556
f 834/982/551 835/983/28 843/992/28
f 834/982/551 843/992/28 842/991/557
f 835/983/28 836/984/552 844/993/558
f 835/983/28 844/993/558 843/992/28
f 836/984/552 837/985/553 845/994/559
f 836/984/552 845/994/559 844/993/558
f 837/985/553 838/986/554 846/995/560
f 837/985/553 846/995/560 845/994/559
f 838/986/554 832/987/29 840/996/29
f 838/986/554 840/996/29 846/995/560
f 840/989/29 839/988/555 847/997/561
f 840/989/29 847/997/561 848/998/29
f 839/988/555 841/990/556 849/999/562
f 839/988/555 849/999/562 847/997/561
f 841/990/556 842/991/557 850/1000/563
f 841/990/556 850/1000/563 849/999/562
f 842/991/557 843/992/28 851/1001/28
f 842/991/557 851/1001/28 850/1000/563
f 843/992/28 844/993/558 852/1002/564
f 843/992/28 852/1002/564 851/1001/28
f 844/993/558 845/994/559 853/1003/565
f 844/993/558 853/1003/565 852/1002/564
f 845/994/559 846/995/560 854/1004/566
f 845/994/559 854/1004/566 853/1003/565
f 846/995/560 840/996/29 848/1005/29
f 846/995/560 848/1005/29 854/1004/566
f 848/998/29 847/997/561 855/1006/567
f 848/998/29 855/1006/567 856/1007/29
f 847/997/561 849/999/562 857/1008/568
f 847/997/561 857/1008/568 855/1006/567
f 849/999/562 850/1000/563 858/1009/569
f 849/999/562 858/1009/569 857/1008/568
f 850/1000/563 851/1001/28 859/1010/28
f 850/1000/563 859/1010/28 858/1009/569
f 851/1001/28 852/1002/564 860/1011/570
f 851/1001/28 860/1011/570 859/1010/28
f 852/1002/564 853/1003/565 861/1012/571
f 852/1002/564 861/1012/571 860/1011/570
f 853/1003/565 854/1004/566 862/1013/572
f 853/1003/565 862/1013/572 861/1012/571
f 854/1004/566 848/1005/29 856/1014/29
f 854/1004/566 856/1014/29 862/1013/572
f 856/1007/29 855/1006/567 863/1015/573
f 856/1007/29 863/1015/573 864/1016/29
f 855/1006/567 857/1008/568 865/1017/574
f 855/1006/567 865/1017/574 863/1015/573
f 857/1008/568 858/1009/569 866/1018/575
f 857/1008/568 866/1018/575 865/1017/574
f 858/1009/569 859/1010/28 867/1019/28
f 858/1009/569 867/1019/28 866/1018/575
f 859/1010/28 860/1011/570 868/1020/576
f 859/1010/28 868/1020/576 867/1019/28
f 860/1011/570 861/1012/571 869/1021/577
f 860/1011/570 869/1021/577 868/1020/576
f 861/1012/571 862/1013/572 870/1022/578
f 861/1012/571 870/1022/578 869/1021/577
f 862/1013/572 856/1014/29 864/1023/29
f 862/1013/572 864/1023/29 870/1022/578
f 864/1016/29 863/1015/573 871/1024/579
f 864/1016/29 871/1024/579 872/1025/29
f 863/1015/573 865/1017/574 873/1026/580
f 863/1015/573 873/1026/580 871/1024/579
f 865/1017/574 866/1018/575 874/1027/581
f 865/1017/574 874/1027/581 873/1026/580
f 866/1018/575 867/1019/28 875/1028/28
f 866/1018/575 875/1028/28 874/1027/581
f 867/1019/28 868/1020/576 876/1029/582
f 867/1019/28 876/1029/582 875/1028/28
f 868/1020/576 869/1021/577 877/1030/583
f 868/1020/576 877/1030/583 876/1029/582
f 869/1021/577 870/1022/578 878/1031/584
f 869/1021/577 878/1031/584 877/1030/583
f 870/1022/578 864/1023/29 872/1032/29
f 870/1022/578 872/1032/29 878/1031/584
f 872/1025/29 871/1024/579 879/1033/585
f 872/1025/29 879/1033/585 880/1034/29
f 871/1024/579 873/1026/580 881/1035/586
f 871/1024/579 881/1035/586 879/1033/585
f 873/1026/580 874/1027/581 882/1036/587
f 873/1026/580 882/1036/587 881/1035/586
f 874/1027/581 875/1028/28 883/1037/28
f 874/1027/581 883/1037/28 882/1036/587
f 875/1028/28 876/1029/582 884/1038/588
f 875/1028/28 884/1038/588 883/1037/28
f 876/1029/582 877/1030/583 885/1039/589
f 876/1029/582 885/1039/589 884/1038/588
f 877/1030/583 878/1031/584 886/1040/590
f 877/1030/583 886/1040/590 885/1039/589
f 878/1031/584 872/1032/29 880/1041/29
f 878/1031/584 880/1041/29 886/1040/590
f 880/1034/29 879/1033/585 887/1042/591
f 880/1034/29 887/1042/591 888/1043/29
f 879/1033/585 881/1035/586 889/1044/592
f 879/1033/585 889/1044/592 887/1042/591
f 881/1035/586 882/1036/587 890/1045/593
f 881/1035/586 890/1045/593 889/1044/592
f 882/1036/587 883/1037/28 891/1046/28
f 882/1036/587 891/1046/28 890/1045/593
f 883/1037/28 884/1038/588 892/1047/594
f 883/1037/28 892/1047/594 891/1046/28
f 884/1038/588 885/1039/589 893/1048/595
f 884/1038/588 893/1048/595 892/1047/594
f 885/1039/589 886/1040/590 894/1049/596
f 885/1039/589 894/1049/596 893/1048/595
f 886/1040/590 880/1041/29 888/1050/29
f 886/1040/590 888/1050/29 894/1049/596
f 888/1043/29 887/1042/591 895/1051/597
f 888/1043/29 895/1051/597 896/1052/29
f 887/1042/591 889/1044/592 897/1053/598
f 887/1042/591 897/1053/598 895/1051/597
f 889/1044/592 890/1045/593 898/1054/599
f 889/1044/592 898/1054/599 897/1053/598
f 890/1045/593 891/1046/28 899/1055/28
f 890/1045/593 899/1055/28 898/1054/599
f 891/1046/28 892/1047/594 900/1056/600
f 891/1046/28 900/1056/600 899/1055/28
f 892/1047/594 893/1048/595 901/1057/601
f 892/1047/594 901/1057/601 900/1056/600
f 893/1048/595 894/1049/596 902/1058/602
f 893/1048/595 902/1058/602 901/1057/601
f 894/1049/596 888/1050/29 896/1059/29
f 894/1049/596 896/1059/29 902/1058/602
f 896/1052/29 895/1051/597 903/1060/603
f 896/1052/29 903/1060/603 904/1061/29
f 895/1051/597 897/1053/598 905/1062/604
f 895/1051/597 905/1062/604 903/1060/603
f 897/1053/598 898/1054/599 906/1063/605
f 897/1053/598 906/1063/605 905/1062/604
f 898/1054/599 899/1055/28 907/1064/28
f 898/1054/599 907/1064/28 906/1063/605
f 899/1055/28 900/1056/600 908/1065/606
f 899/1055/28 908/1065/606 907/1064/28
f 900/1056/600 901/1057/601 909/1066/607
f 900/1056/600 909/1066/607 908/1065/606
f 901/1057/601 902/1058/602 910/1067/608
f 901/1057/601 910/1067/608 909/1066/607
f 902/1058/602 896/1059/29 904/1068/29
f 902/1058/602 904/1068/29 910/1067/608
f 904/1061/29 903/1060/603 911/1069/609
f 904/1061/29 911/1069/609 912/1070/29
f 903/1060/603 905/1062/604 913/1071/610
f 903/1060/603 913/1071/610 911/1069/609
f 905/1062/604 906/1063/605 914/1072/611
f 905/1062/604 914/1072/611 913/1071/610
f 906/1063/605 907/1064/28 915/1073/28
f 906/1063/605 915/1073/28 914/1072/611
f 907/1064/28 908/1065/606 916/1074/612
f 907/1064/28 916/1074/612 915/1073/28
f 908/1065/606 909/1066/607 917/1075/613
f 908/1065/606 917/1075/613 916/1074/612
f 909/1066/607 910/1067/608 918/1076/614
f 909/1066/607 918/1076/614 917/1075/613
f 910/1067/608 904/1068/29 912/1077/29
f 910/1067/608 912/1077/29 918/1076/614
f 912/1070/29 911/1069/609 919/1078/39
f 912/1070/29 919/1078/39 920/1079/29
f 911/1069/609 913/1071/610 921/1080/1
f 911/1069/609 921/1080/1 919/1078/39
f 913/1071/610 914/1072/611 922/1081/36
f 913/1071/610 922/1081/36 921/1080/1
f 914/1072/611 915/1073/28 923/1082/28
f 914/1072/611 923/1082/28 922/1081/36
f 915/1073/28 916/1074/612 924/1083/34
f 915/1073/28 924/1083/34 923/1082/28
f 916/1074/612 917/1075/613 925/1084/26
f 916/1074/612 925/1084/26 924/1083/34
f 917/1075/613 918/1076/614 926/1085/31
f 917/1075/613 926/1085/31 925/1084/26
f 918/1076/614 912/1077/29 920/1086/29
f 918/1076/614 920/1086/29 926/1085/31
f 715/852/27 712/852/27 711/852/27
f 717/852/27 715/852/27 711/852/27
f 719/852/27 717/852/27 711/852/27
f 721/852/27 719/852/27 711/852/27
f 723/852/27 721/852/27 711/852/27
f 725/852/27 723/852/27 711/852/27
f 920/852/27 919/852/27 921/852/27
f 920/852/27 921/852/27 922/852/27
f 920/852/27 922/852/27 923/852/27
f 920/852/27 923/852/27 924/852/27
f 920/852/27 924/852/27 925/852/27
f 920/852/27 925/852/27 926/852/27
f 927/115/29 928/116/31 929/1087/615
f 927/115/29 929/1087/615 930/1088/29
f 928/116/31 931/119/26 932/1089/616
f 928/116/31 932/1089/616 929/1087/615
f 931/119/26 933/121/34 934/1090/617
f 931/119/26 934/1090/617 932/1089/616
f 933/121/34 935/123/28 936/1091/28
f 933/121/34 936/1091/28 934/1090/617
f 935/123/28 937/125/36 938/1092/618
f 935/123/28 938/1092/618 936/1091/28
f 937/125/36 939/127/1 940/1093/619
f 937/125/36 940/1093/619 938/1092/618
f 939/127/1 941/129/39 942/1094/620
f 939/127/1 942/1094/620 940/1093/619
f 941/129/39 927/131/29 930/1095/29
f 941/129/39 930/1095/29 942/1094/620
f 930/1088/29 929/1087/615 943/1096/621
f 930/1088/29 943/1096/621 944/1097/29
f 929/1087/615 932/1089/616 945/1098/622
f 929/1087/615 945/1098/622 943/1096/621
f 932/1089/616 934/1090/617 946/1099/623
f 932/1089/616 946/1099/623 945/1098/622
f 934/1090/617 936/1091/28 947/1100/28
f 934/1090/617 947/1100/28 946/1099/623
f 936/1091/28 938/1092/618 948/1101/624
f 936/1091/28 948/1101/624 947/1100/28
f 938/1092/618 940/1093/619 949/1102/625
f 938/1092/618 949/1102/625 948/1101/624
f 940/1093/619 942/1094/620 950/1103/626
f 940/1093/619 950/1103/626 949/1102/625
f 942/1094/620 930/1095/29 944/1104/29
f 942/1094/620 944/1104/29 950/1103/626
f 944/1097/29 943/1096/621 951/1105/627
f 944/1097/29 951/1105/627 952/1106/29
f 943/1096/621 945/1098/622 953/1107/628
f 943/1096/621 953/1107/628 951/1105/627
f 945/1098/622 946/1099/623 954/1108/629
f 945/1098/622 954/1108/629 953/1107/628
f 946/1099/623 947/1100/28 955/1109/28
f 946/1099/623 955/1109/28 954/1108/629
f 947/1100/28 948/1101/624 956/1110/630
f 947/1100/28 956/1110/630 955/1109/28
f 948/1101/624 949/1102/625 957/1111/631
f 948/1101/624 957/1111/631 956/1110/630
f 949/1102/625 950/1103/626 958/1112/632
f 949/1102/625 958/1112/632 957/1111/631
f 950/1103/626 944/1104/29 952/1113/29
f 950/1103/626 952/1113/29 958/1112/632
f 952/1106/29 951/1105/627 959/1114/633
f 952/1106/29 959/1114/633 960/1115/29
f 951/1105/627 953/1107/628 961/1116/634
f 951/1105/627 961/1116/634 959/1114/633
f 953/1107/628 954/1108/629 962/1117/635
f 953/1107/628 962/1117/635 961/1116/634
f 954/1108/629 955/1109/28 963/1118/28
f 954/1108/629 963/1118/28 962/1117/635
f 955/1109/28 956/1110/630 964/1119/636
f 955/1109/28 964/1119/636 963/1118/28
f 956/1110/630 957/1111/631 965/1120/637
f 956/1110/630 965/1120/637 964/1119/636
f 957/1111/631 958/1112/632 966/1121/638
f 957/1111/631 966/1121/638 965/1120/637
f 958/1112/632 952/1113/29 960/1122/29
f 958/1112/632 960/1122/29 966/1121/638
f 960/1115/29 959/1114/633 967/1123/639
f 960/1115/29 967/1123/639 968/1124/29
f 959/1114/633 961/1116/634 969/1125/640
f 959/1114/633 969/1125/640 967/1123/639
f 961/1116/634 962/1117/635 970/1126/641
f 961/1116/634 970/1126/641 969/1125/640
f 962/1117/635 963/1118/28 971/1127/28
f 962/1117/635 971/1127/28 970/1126/641
f 963/1118/28 964/1119/636 972/1128/642
f 963/1118/28 972/1128/642 971/1127/28
f 964/1119/636 965/1120/637 973/1129/643
f 964/1119/636 973/1129/643 972/1128/642
f 965/1120/637 966/1121/638 974/1130/644
f 965/1120/637 974/1130/644 973/1129/643
f 966/1121/638 960/1122/29 968/1131/29
f 966/1121/638 968/1131/29 974/1130/644
f 968/1124/29 967/1123/639 975/1132/645
f 968/1124/29 975/1132/645 976/1133/29
f 967/1123/639 969/1125/640 977/1134/646
f 967/1123/639 977/1134/646 975/1132/645
f 969/1125/640 970/1126/641 978/1135/647
f 969/1125/640 978/1135/647 977/1134/646
f 970/1126/641 971/1127/28 979/1136/28
f 970/1126/641 979/1136/28 978/1135/647
f 971/1127/28 972/1128/642 980/1137/648
f 971/1127/28 980/1137/648 979/1136/28
f 972/1128/642 973/1129/643 981/1138/649
f 972/1128/642 981/1138/649 980/1137/648
f 973/1129/643 974/1130/644 982/1139/650
f 973/1129/643 982/1139/650 981/1138/649
f 974/1130/644 968/1131/29 976/1140/29
f 974/1130/644 976/1140/29 982/1139/650
f 976/1133/29 975/1132/645 983/1141/651
f 976/1133/29 983/1141/651 984/1142/29
f 975/1132/645 977/1134/646 985/1143/652
f 975/1132/645 985/1143/652 983/1141/651
f 977/1134/646 978/1135/647 986/1144/653
f 977/1134/646 986/1144/653 985/1143/652
f 978/1135/647 979/1136/28 987/1145/28
f 978/1135/647 987/1145/28 986/1144/653
f 979/1136/28 980/1137/648 988/1146/654
f 979/1136/28 988/1146/654 987/1145/28
f 980/1137/648 981/1138/649 989/1147/655
f 980/1137/648 989/1147/655 988/1146/654
f 981/1138/649 982/1139/650 990/1148/656
f 981/1138/649 990/1148/656 989/1147/655
f 982/1139/650 976/1140/29 984/1149/29
f 982/1139/650 984/1149/29 990/1148/656
f 984/1142/29 983/1141/651 991/1150/657
f 984/1142/29 991/1150/657 992/1151/29
f 983/1141/651 985/1143/652 993/1152/658
f 983/1141/651 993/1152/658 991/1150/657
f 985/1143/652 986/1144/653 994/1153/659
f 985/1143/652 994/1153/659 993/1152/658
f 986/1144/653 987/1145/28 995/1154/28
f 986/1144/653 995/1154/28 994/1153/659
f 987/1145/28 988/1146/654 996/1155/660
f 987/1145/28 996/1155/660 995/1154/28
f 988/1146/654 989/1147/655 997/1156/661
f 988/1146/654 997/1156/661 996/1155/660
f 989/1147/655 990/1148/656 998/1157/662
f 989/1147/655 998/1157/662 997/1156/661
f 990/1148/656 984/1149/29 992/1158/29
f 990/1148/656 992/1158/29 998/1157/662
f 992/1151/29 991/1150/657 999/1159/663
f 992/1151/29 999/1159/663 1000/1160/29
f 991/1150/657 993/1152/658 1001/1161/664
f 991/1150/657 1001/1161/664 999/1159/663
f 993/1152/658 994/1153/659 1002/1162/665
f 993/1152/658 1002/1162/665 1001/1161/664
f 994/1153/659 995/1154/28 1003/1163/28
f 994/1153/659 1003/1163/28 1002/1162/665
f 995/1154/28 996/1155/660 1004/1164/666
f 995/1154/28 1004/1164/666 1003/1163/28
f 996/1155/660 997/1156/661 1005/1165/667
f 996/1155/660 1005/1165/667 1004/1164/666
f 997/1156/661 998/1157/662 1006/1166/668
f 997/1156/661 1006/1166/668 1005/1165/667
f 998/1157/662 992/1158/29 1000/1167/29
f 998/1157/662 1000/1167/29 1006/1166/668
f 1000/1160/29 999/1159/663 1007/1168/669
f 1000/1160/29 1007/1168/669 1008/1169/29
f 999/1159/663 1001/1161/664 1009/1170/670
f 999/1159/663 1009/1170/670 1007/1168/669
f 1001/1161/664 1002/1162/665 1010/1171/671
f 1001/1161/664 1010/1171/671 1009/1170/670
f 1002/1162/665 1003/1163/28 1011/1172/28
f 1002/1162/665 1011/1172/28 1010/1171/671
f 1003/1163/28 1004/1164/666 1012/1173/672
f 1003/1163/28 1012/1173/672 1011/1172/28
f 1004/1164/666 1005/1165/667 1013/1174/673
f 1004/1164/666 1013/1174/673 1012/1173/672
f 1005/1165/667 1006/1166/668 1014/1175/674
f 1005/1165/667 1014/1175/674 1013/1174/673
f 1006/1166/668 1000/1167/29 1008/1176/29
f 1006/1166/668 1008/1176/29 1014/1175/674
f 1008/1169/29 1007/1168/669 1015/1177/675
f 1008/1169/29 1015/1177/675 1016/1178/29
f 1007/1168/669 1009/1170/670 1017/1179/676
f 1007/1168/669 1017/1179/676 1015/1177/675
f 1009/1170/670 1010/1171/671 1018/1180/677
f 1009/1170/670 1018/1180/677 1017/1179/676
f 1010/1171/671 1011/1172/28 1019/1181/28
f 1010/1171/671 1019/1181/28 1018/1180/677
f 1011/1172/28 1012/1173/672 1020/1182/678
f 1011/1172/28 1020/1182/678 1019/1181/28
f 1012/1173/672 1013/1174/673 1021/1183/679
f 1012/1173/672 1021/1183/679 1020/1182/678
f 1013/1174/673 1014/1175/674 1022/1184/680
f 1013/1174/673 1022/1184/680 1021/1183/679
f 1014/1175/674 1008/1176/29 1016/1185/29
f 1014/1175/674 1016/1185/29 1022/1184/680
f 1016/1178/29 1015/1177/675 1023/1186/681
f 1016/1178/29 1023/1186/681 1024/1187/29
f 1015/1177/675 1017/1179/676 1025/1188/682
f 1015/1177/675 1025/1188/682 1023/1186/681
f 1017/1179/676 1018/1180/677 1026/1189/683
f 1017/1179/676 1026/1189/683 1025/1188/682
f 1018/1180/677 1019/1181/28 1027/1190/28
f 1018/1180/677 1027/1190/28 1026/1189/683
f 1019/1181/28 1020/1182/678 1028/1191/684
f 1019/1181/28 1028/1191/684 1027/1190/28
f 1020/1182/678 1021/1183/679 1029/1192/685
f 1020/1182/678 1029/1192/685 1028/1191/684
f 1021/1183/679 1022/1184/680 1030/1193/686
f 1021/1183/679 1030/1193/686 1029/1192/685
f 1022/1184/680 1016/1185/29 1024/1194/29
f 1022/1184/680 1024/1194/29 1030/1193/686
f 1024/1187/29 1023/1186/681 1031/232/107
f 1024/1187/29 1031/232/107 1032/233/29
f 1023/1186/681 1025/1188/682 1033/234/27
f 1023/1186/681 1033/234/27 1031/232/107
f 1025/1188/682 1026/1189/683 1034/235/108
f 1025/1188/682 1034/235/108 1033/234/27
f 1026/1189/683 1027/1190/28 1035/236/28
f 1026/1189/683 1035/236/28 1034/235/108
f 1027/1190/28 1028/1191/684 1036/237/109
f 1027/1190/28 1036/237/109 1035/236/28
f 1028/1191/684 1029/1192/685 1037/238/30
f 1028/1191/684 1037/238/30 1036/237/109
f 1029/1192/685 1030/1193/686 1038/239/110
f 1029/1192/685 1038/239/110 1037/238/30
f 1030/1193/686 1024/1194/29 1032/240/29
f 1030/1193/686 1032/240/29 1038/239/110
f 1032/233/29 1031/232/107 1039/1195/687
f 1032/233/29 1039/1195/687 1040/1196/29
f 1031/232/107 1033/234/27 1041/1197/688
f 1031/232/107 1041/1197/688 1039/1195/687
f 1033/234/27 1034/235/108 1042/1198/689
f 1033/234/27 1042/1198/689 1041/1197/688
f 1034/235/108 1035/236/28 1043/1199/28
f 1034/235/108 1043/1199/28 1042/1198/689
f 1035/236/28 1036/237/109 1044/1200/690
f 1035/236/28 1044/1200/690 1043/1199/28
f 1036/237/109 1037/238/30 1045/1201/691
f 1036/237/109 1045/1201/691 1044/1200/690
f 1037/238/30 1038/239/110 1046/1202/692
f 1037/238/30 1046/1202/692 1045/1201/691
f 1038/239/110 1032/240/29 1040/1203/29
f 1038/239/110 1040/1203/29 1046/1202/692
f 1040/1196/29 1039/1195/687 1047/1204/693
f 1040/1196/29 1047/1204/693 1048/1205/29
f 1039/1195/687 1041/1197/688 1049/1206/694
f 1039/1195/687 1049/1206/694 1047/1204/693
f 1041/1197/688 1042/1198/689 1050/1207/695
f 1041/1197/688 1050/1207/695 1049/1206/694
f 1042/1198/689 1043/1199/28 1051/1208/28
f 1042/1198/689 1051/1208/28 1050/1207/695
f 1043/1199/28 1044/1200/690 1052/1209/696
f 1043/1199/28 1052/1209/696 1051/1208/28
f 1044/1200/690 1045/1201/691 1053/1210/697
f 1044/1200/690 1053/1210/697 1052/1209/696
f 1045/1201/691 1046/1202/692 1054/1211/698
f 1045/1201/691 1054/1211/698 1053/1210/697
f 1046/1202/692 1040/1203/29 1048/1212/29
f 1046/1202/692 1048/1212/29 1054/1211/698
f 1048/1205/29 1047/1204/693 1055/1213/699
f 1048/1205/29 1055/1213/699 1056/1214/29
f 1047/1204/693 1049/1206/694 1057/1215/700
f 1047/1204/693 1057/1215/700 1055/1213/699
f 1049/1206/694 1050/1207/695 1058/1216/701
f 1049/1206/694 1058/1216/701 1057/1215/700
f 1050/1207/695 1051/1208/28 1059/1217/28
f 1050/1207/695 1059/1217/28 1058/1216/701
f 1051/1208/28 1052/1209/696 1060/1218/702
f 1051/1208/28 1060/1218/702 1059/1217/28
f 1052/1209/696 1053/1210/697 1061/1219/703
f 1052/1209/696 1061/1219/703 1060/1218/702
f 1053/1210/697 1054/1211/698 1062/1220/704
f 1053/1210/697 1062/1220/704 1061/1219/703
f 1054/1211/698 1048/1212/29 1056/1221/29
f 1054/1211/698 1056/1221/29 1062/1220/704
f 1056/1214/29 1055/1213/699 1063/1222/705
f 1056/1214/29 1063/1222/705 1064/1223/29
f 1055/1213/699 1057/1215/700 1065/1224/706
f 1055/1213/699 1065/1224/706 1063/1222/705
f 1057/1215/700 1058/1216/701 1066/1225/707
f 1057/1215/700 1066/1225/707 1065/1224/706
f 1058/1216/701 1059/1217/28 1067/1226/28
f 1058/1216/701 1067/1226/28 1066/1225/707
f 1059/1217/28 1060/1218/702 1068/1227/708
f 1059/1217/28 1068/1227/708 1067/1226/28
f 1060/1218/702 1061/1219/703 1069/1228/709
f 1060/1218/702 1069/1228/709 1068/1227/708
f 1061/1219/703 1062/1220/704 1070/1229/710
f 1061/1219/703 1070/1229/710 1069/1228/709
f 1062/1220/704 1056/1221/29 1064/1230/29
f 1062/1220/704 1064/1230/29 1070/1229/710
f 1064/1223/29 1063/1222/705 1071/1231/711
f 1064/1223/29 1071/1231/711 1072/1232/29
f 1063/1222/705 1065/1224/706 1073/1233/712
f 1063/1222/705 1073/1233/712 1071/1231/711
f 1065/1224/706 1066/1225/707 1074/1234/713
f 1065/1224/706 1074/1234/713 1073/1233/712
f 1066/1225/707 1067/1226/28 1075/1235/28
f 1066/1225/707 1075/1235/28 1074/1234/713
f 1067/1226/28 1068/1227/708 1076/1236/714
f 1067/1226/28 1076/1236/714 1075/1235/28
f 1068/1227/708 1069/1228/709 1077/1237/715
f 1068/1227/708 1077/1237/715 1076/1236/714
f 1069/1228/709 1070/1229/710 1078/1238/716
f 1069/1228/709 1078/1238/716 1077/1237/715
f 1070/1229/710 1064/1230/29 1072/1239/29
f 1070/1229/710 1072/1239/29 1078/1238/716
f 1072/1232/29 1071/1231/711 1079/1240/717
f 1072/1232/29 1079/1240/717 1080/1241/29
f 1071/1231/711 1073/1233/712 1081/1242/718
f 1071/1231/711 1081/1242/718 1079/1240/717
f 1073/1233/712 1074/1234/713 1082/1243/719
f 1073/1233/712 1082/1243/719 1081/1242/718
f 1074/1234/713 1075/1235/28 1083/1244/28
f 1074/1234/713 1083/1244/28 1082/1243/719
f 1075/1235/28 1076/1236/714 1084/1245/720
f 1075/1235/28 1084/1245/720 1083/1244/28
f 1076/1236/714 1077/1237/715 1085/1246/721
f 1076/1236/714 1085/1246/721 1084/1245/720
f 1077/1237/715 1078/1238/716 1086/1247/722
f 1077/1237/715 1086/1247/722 1085/1246/721
f 1078/1238/716 1072/1239/29 1080/1248/29
f 1078/1238/716 1080/1248/29 1086/1247/722
f 1080/1241/29 1079/1240/717 1087/1249/723
f 1080/1241/29 1087/1249/723 1088/1250/29
f 1079/1240/717 1081/1242/718 1089/1251/724
f 1079/1240/717 1089/1251/724 1087/1249/723
f 1081/1242/718 1082/1243/719 1090/1252/725
f 1081/1242/718 1090/1252/725 1089/1251/724
f 1082/1243/719 1083/1244/28 1091/1253/28
f 1082/1243/719 1091/1253/28 1090/1252/725
f 1083/1244/28 1084/1245/720 1092/1254/726
f 1083/1244/28 1092/1254/726 1091/1253/28
f 1084/1245/720 1085/1246/721 1093/1255/727
f 1084/1245/720 1093/1255/727 1092/1254/726
f 1085/1246/721 1086/1247/722 1094/1256/728
f 1085/1246/721 1094/1256/728 1093/1255/727
f 1086/1247/722 1080/1248/29 1088/1257/29
f 1086/1247/722 1088/1257/29 1094/1256/728
f 1088/1250/29 1087/1249/723 1095/1258/729
f 1088/1250/29 1095/1258/729 1096/1259/29
f 1087/1249/723 1089/1251/724 1097/1260/730
f 1087/1249/723 1097/1260/730 1095/1258/729
f 1089/1251/724 1090/1252/725 1098/1261/731
f 1089/1251/724 1098/1261/731 1097/1260/730
f 1090/1252/725 1091/1253/28 1099/1262/28
f 1090/1252/725 1099/1262/28 1098/1261/731
f 1091/1253/28 1092/1254/726 1100/1263/732
f 1091/1253/28 1100/1263/732 1099/1262/28
f 1092/1254/726 1093/1255/727 1101/1264/733
f 1092/1254/726 1101/1264/733 1100/1263/732
f 1093/1255/727 1094/1256/728 1102/1265/734
f 1093/1255/727 1102/1265/734 1101/1264/733
f 1094/1256/728 1088/1257/29 1096/1266/29
f 1094/1256/728 1096/1266/29 1102/1265/734
f 1096/1259/29 1095/1258/729 1103/1267/735
f 1096/1259/29 1103/1267/735 1104/1268/29
f 1095/1258/729 1097/1260/730 1105/1269/736
f 1095/1258/729 1105/1269/736 1103/1267/735
f 1097/1260/730 1098/1261/731 1106/1270/737
f 1097/1260/730 1106/1270/737 1105/1269/736
f 1098/1261/731 1099/1262/28 1107/1271/28
f 1098/1261/731 1107/1271/28 1106/1270/737
f 1099/1262/28 1100/1263/732 1108/1272/738
f 1099/1262/28 1108/1272/738 1107/1271/28
f 1100/1263/732 1101/1264/733 1109/1273/739
f 1100/1263/732 1109/1273/739 1108/1272/738
f 1101/1264/733 1102/1265/734 1110/1274/740
f 1101/1264/733 1110/1274/740 1109/1273/739
f 1102/1265/734 1096/1266/29 1104/1275/29
f 1102/1265/734 1104/1275/29 1110/1274/740
f 1104/1268/29 1103/1267/735 1111/1276/741
f 1104/1268/29 1111/1276/741 1112/1277/29
f 1103/1267/735 1105/1269/736 1113/1278/742
f 1103/1267/735 1113/1278/742 1111/1276/741
f 1105/1269/736 1106/1270/737 1114/1279/743
f 1105/1269/736 1114/1279/743 1113/1278/742
f 1106/1270/737 1107/1271/28 1115/1280/28
f 1106/1270/737 1115/1280/28 1114/1279/743
f 1107/1271/28 1108/1272/738 1116/1281/744
f 1107/1271/28 1116/1281/744 1115/1280/28
f 1108/1272/738 1109/1273/739 1117/1282/745
f 1108/1272/738 1117/1282/745 1116/1281/744
f 1109/1273/739 1110/1274/740 1118/1283/746
f 1109/1273/739 1118/1283/746 1117/1282/745
f 1110/1274/740 1104/1275/29 1112/1284/29
f 1110/1274/740 1112/1284/29 1118/1283/746
f 1112/1277/29 1111/1276/741 1119/1285/747
f 1112/1277/29 1119/1285/747 1120/1286/29
f 1111/1276/741 1113/1278/742 1121/1287/748
f 1111/1276/741 1121/1287/748 1119/1285/747
f 1113/1278/742 1114/1279/743 1122/1288/749
f 1113/1278/742 1122/1288/749 1121/1287/748
f 1114/1279/743 1115/1280/28 1123/1289/28
f 1114/1279/743 1123/1289/28 1122/1288/749
f 1115/1280/28 1116/1281/744 1124/1290/750
f 1115/1280/28 1124/1290/750 1123/1289/28
f 1116/1281/744 1117/1282/745 1125/1291/751
f 1116/1281/744 1125/1291/751 1124/1290/750
f 1117/1282/745 1118/1283/746 1126/1292/752
f 1117/1282/745 1126/1292/752 1125/1291/751
f 1118/1283/746 1112/1284/29 1120/1293/29
f 1118/1283/746 1120/1293/29 1126/1292/752
f 1120/1286/29 1119/1285/747 1127/1294/753
f 1120/1286/29 1127/1294/753 1128/1295/29
f 1119/1285/747 1121/1287/748 1129/1296/754
f 1119/1285/747 1129/1296/754 1127/1294/753
f 1121/1287/748 1122/1288/749 1130/1297/755
f 1121/1287/748 1130/1297/755 1129/1296/754
f 1122/1288/749 1123/1289/28 1131/1298/28
f 1122/1288/749 1131/1298/28 1130/1297/755
f 1123/1289/28 1124/1290/750 1132/1299/756
f 1123/1289/28 1132/1299/756 1131/1298/28
f 1124/1290/750 1125/1291/751 1133/1300/757
f 1124/1290/750 1133/1300/757 1132/1299/756
f 1125/1291/751 1126/1292/752 1134/1301/758
f 1125/1291/751 1134/1301/758 1133/1300/757
f 1126/1292/752 1120/1293/29 1128/1302/29
f 1126/1292/752 1128/1302/29 1134/1301/758
f 1128/1295/29 1127/1294/753 1135/349/39
f 1128/1295/29 1135/349/39 1136/350/29
f 1127/1294/753 1129/1296/754 1137/351/1
f 1127/1294/753 1137/351/1 1135/349/39
f 1129/1296/754 1130/1297/755 1138/352/36
f 1129/1296/754 1138/352/36 1137/351/1
f 1130/1297/755 1131/1298/28 1139/353/28
f 1130/1297/755 1139/353/28 1138/352/36
f 1131/1298/28 1132/1299/756 1140/354/34
f 1131/1298/28 1140/354/34 1139/353/28
f 1132/1299/756 1133/1300/757 1141/355/26
f 1132/1299/756 1141/355/26 1140/354/34
f 1133/1300/757 1134/1301/758 1142/356/31
f 1133/1300/757 1142/356/31 1141/355/26
f 1134/1301/758 1128/1302/29 1136/357/29
f 1134/1301/758 1136/357/29 1142/356/31
f 931/123/27 928/123/27 927/123/27
f 933/123/27 931/123/27 927/123/27
f 935/123/27 933/123/27 927/123/27
f 937/123/27 935/123/27 927/123/27
f 939/123/27 937/123/27 927/123/27
f 941/123/27 939/123/27 927/123/27
f 1136/123/27 1135/123/27 1137/123/27
f 1136/123/27 1137/123/27 1138/123/27
f 1136/123/27 1138/123/27 1139/123/27
f 1136/123/27 1139/123/27 1140/123/27
f 1136/123/27 1140/123/27 1141/123/27
f 1136/123/27 1141/123/27 1142/123/27
f 1143/1303/29 1144/1304/31 1145/1305/31
f 1143/1303/29 1145/1305/31 1146/1306/29
f 1144/1304/31 1147/1307/26 1148/1308/26
f 1144/1304/31 1148/1308/26 1145/1305/31
f 1147/1307/26 1149/1309/34 1150/1310/34
f 1147/1307/26 1150/1310/34 1148/1308/26
f 1149/1309/34 1151/1311/28 1152/1312/28
f 1149/1309/34 1152/1312/28 1150/1310/34
f 1151/1311/28 1153/1313/36 1154/1314/36
f 1151/1311/28 1154/1314/36 1152/1312/28
f 1153/1313/36 1155/1315/1 1156/1316/1
f 1153/1313/36 1156/1316/1 1154/1314/36
f 1155/1315/1 1157/1317/39 1158/1318/39
f 1155/1315/1 1158/1318/39 1156/1316/1
f 1157/1317/39 1143/1319/29 1146/1320/29
f 1157/1317/39 1146/1320/29 1158/1318/39
f 1147/1311/27 1144/1311/27 1143/1311/27
f 1149/1311/27 1147/1311/27 1143/1311/27
f 1151/1311/27 1149/1311/27 1143/1311/27
f 1153/1311/27 1151/1311/27 1143/1311/27
f 1155/1311/27 1153/1311/27 1143/1311/27
f 1157/1311/27 1155/1311/27 1143/1311/27
f 1146/1311/30 1145/1311/30 1148/1311/30
f 1146/1311/30 1148/1311/30 1150/1311/30
f 1146/1311/30 1150/1311/30 1152/1311/30
f 1146/1311/30 1152/1311/30 1154/1311/30
f 1146/1311/30 1154/1311/30 1156/1311/30
f 1146/1311/30 1156/1311/30 1158/1311/30
f 1159/1303/29 1160/1304/31 1161/1305/31
f 1159/1303/29 1161/1305/31 1162/1306/29
f 1160/1304/31 1163/1307/26 1164/1308/26
f 1160/1304/31 1164/1308/26 1161/1305/31
f 1163/1307/26 1165/1309/34 1166/1310/34
f 1163/1307/26 1166/1310/34 1164/1308/26
f 1165/1309/34 1167/1311/28 1168/1312/28
f 1165/1309/34 1168/1312/28 1166/1310/34
f 1167/1311/28 1169/1313/36 1170/1314/36
f 1167/1311/28 1170/1314/36 1168/1312/28
f 1169/1313/36 1171/1315/1 1172/1316/1
f 1169/1313/36 1172/1316/1 1170/1314/36
f 1171/1315/1 1173/1317/39 1174/1318/39
f 1171/1315/1 1174/1318/39 1172/1316/1
f 1173/1317/39 1159/1319/29 1162/1320/29
f 1173/1317/39 1162/1320/29 1174/1318/39
f 1163/1311/27 1160/1311/27 1159/1311/27
f 1165/1311/27 1163/1311/27 1159/1311/27
f 1167/1311/27 1165/1311/27 1159/1311/27
f 1169/1311/27 1167/1311/27 1159/1311/27
f 1171/1311/27 1169/1311/27 1159/1311/27
f 1173/1311/27 1171/1311/27 1159/1311/27
f 1162/1311/30 1161/1311/30 1164/1311/30
f 1162/1311/30 1164/1311/30 1166/1311/30
f 1162/1311/30 1166/1311/30 1168/1311/30
f 1162/1311/30 1168/1311/30 1170/1311/30
f 1162/1311/30 1170/1311/30 1172/1311/30
f 1162/1311/30 1172/1311/30 1174/1311/30
f 1175/115/29 1176/1321/759 1177/1322/759
f 1175/115/29 1177/1322/759 1178/350/29
f 1176/1321/759 1179/1323/760 1180/1324/760
f 1176/1321/759 1180/1324/760 1177/1322/759
f 1179/1323/760 1181/123/28 1182/353/28
f 1179/1323/760 1182/353/28 1180/1324/760
f 1181/123/28 1183/1325/761 1184/1326/761
f 1181/123/28 1184/1326/761 1182/353/28
f 1183/1325/761 1185/1327/762 1186/1328/762
f 1183/1325/761 1186/1328/762 1184/1326/761
f 1185/1327/762 1175/131/29 1178/357/29
f 1185/1327/762 1178/357/29 1186/1328/762
f 1179/123/27 1176/123/27 1175/123/27
f 1181/123/27 1179/123/27 1175/123/27
f 1183/123/27 1181/123/27 1175/123/27
f 1185/123/27 1183/123/27 1175/123/27
f 1178/123/30 1177/123/30 1180/123/30
f 1178/123/30 1180/123/30 1182/123/30
f 1178/123/30 1182/123/30 1184/123/30
f 1178/123/30 1184/123/30 1186/123/30
f 1187/115/29 1188/1321/759 1189/1322/759
f 1187/115/29 1189/1322/759 1190/350/29
f 1188/1321/759 1191/1323/760 1192/1324/760
f 1188/1321/759 1192/1324/760 1189/1322/759
f 1191/1323/760 1193/123/28 1194/353/28
f 1191/1323/760 1194/353/28 1192/1324/760
f 1193/123/28 1195/1325/761 1196/1326/761
f 1193/123/28 1196/1326/761 1194/353/28
f 1195/1325/761 1197/1327/762 1198/1328/762
f 1195/1325/761 1198/1328/762 1196/1326/761
f 1197/1327/762 1187/131/29 1190/357/29
f 1197/1327/762 1190/357/29 1198/1328/762
f 1191/123/27 1188/123/27 1187/123/27
f 1193/123/27 1191/123/27 1187/123/27
f 1195/123/27 1193/123/27 1187/123/27
f 1197/123/27 1195/123/27 1187/123/27
f 1190/123/30 1189/123/30 1192/123/30
f 1190/123/30 1192/123/30 1194/123/30
f 1190/123/30 1194/123/30 1196/123/30
f 1190/123/30 1196/123/30 1198/123/30
f 1199/115/29 1200/1321/759 1201/1322/759
f 1199/115/29 1201/1322/759 1202/350/29
f 1200/1321/759 1203/1323/760 1204/1324/760
f 1200/1321/759 1204/1324/760 1201/1322/759
f 1203/1323/760 1205/123/28 1206/353/28
f 1203/1323/760 1206/353/28 1204/1324/760
f 1205/123/28 1207/1325/761 1208/1326/761
f 1205/123/28 1208/1326/761 1206/353/28
f 1207/1325/761 1209/1327/762 1210/1328/762
f 1207/1325/761 1210/1328/762 1208/1326/761
f 1209/1327/762 1199/131/29 1202/357/29
f 1209/1327/762 1202/357/29 1210/1328/762
f 1203/123/27 1200/123/27 1199/123/27
f 1205/123/27 1203/123/27 1199/123/27
f 1207/123/27 1205/123/27 1199/123/27
f 1209/123/27 1207/123/27 1199/123/27
f 1202/123/30 1201/123/30 1204/123/30
f 1202/123/30 1204/123/30 1206/123/30
f 1202/123/30 1206/123/30 1208/123/30
f 1202/123/30 1208/123/30 1210/123/30
f 1211/115/29 1212/1321/759 1213/1322/759
f 1211/115/29 1213/1322/759 1214/350/29
f 1212/1321/759 1215/1323/760 1216/1324/760
f 1212/1321/759 1216/1324/760 1213/1322/759
f 1215/1323/760 1217/123/28 1218/353/28
f 1215/1323/760 1218/353/28 1216/1324/760
f 1217/123/28 1219/1325/761 1220/1326/761
f 1217/123/28 1220/1326/761 1218/353/28
f 1219/1325/761 1221/1327/762 1222/1328/762
f 1219/1325/761 1222/1328/762 1220/1326/761
f 1221/1327/762 1211/131/29 1214/357/29
f 1221/1327/762 1214/357/29 1222/1328/762
f 1215/123/27 1212/123/27 1211/123/27
f 1217/123/27 1215/123/27 1211/123/27
f 1219/123/27 1217/123/27 1211/123/27
f 1221/123/27 1219/123/27 1211/123/27
f 1214/123/30 1213/123/30 1216/123/30
f 1214/123/30 1216/123/30 1218/123/30
f 1214/123/30 1218/123/30 1220/123/30
f 1214/123/30 1220/123/30 1222/123/30
f 1223/115/29 1224/1321/759 1225/1322/759
f 1223/115/29 1225/1322/759 1226/350/29
f 1224/1321/759 1227/1323/760 1228/1324/760
f 1224/1321/759 1228/1324/760 1225/1322/759
f 1227/1323/760 1229/123/28 1230/353/28
f 1227/1323/760 1230/353/28 1228/1324/760
f 1229/123/28 1231/1325/761 1232/1326/761
f 1229/123/28 1232/1326/761 1230/353/28
f 1231/1325/761 1233/1327/762 1234/1328/762
f 1231/1325/761 1234/1328/762 1232/1326/761
f 1233/1327/762 1223/131/29 1226/357/29
f 1233/1327/762 1226/357/29 1234/1328/762
f 1227/123/27 1224/123/27 1223/123/27
f 1229/123/27 1227/123/27 1223/123/27
f 1231/123/27 1229/123/27 1223/123/27
f 1233/123/27 1231/123/27 1223/123/27
f 1226/123/30 1225/123/30 1228/123/30
f 1226/123/30 1228/123/30 1230/123/30
f 1226/123/30 1230/123/30 1232/123/30
f 1226/123/30 1232/123/30 1234/123/30
f 1235/115/30 1236/1321/763 1237/1322/763
f 1235/115/30 1237/1322/763 1238/350/30
f 1236/1321/763 1239/1323/764 1240/1324/764
f 1236/1321/763 1240/1324/764 1237/1322/763
f 1239/1323/764 1241/123/27 1242/353/27
f 1239/1323/764 1242/353/27 1240/1324/764
f 1241/123/27 1243/1325/765 1244/1326/765
f 1241/123/27 1244/1326/765 1242/353/27
f 1243/1325/765 1245/1327/766 1246/1328/766
f 1243/1325/765 1246/1328/766 1244/1326/765
f 1245/1327/766 1235/131/30 1238/357/30
f 1245/1327/766 1238/357/30 1246/1328/766
f 1239/123/1 1236/123/1 1235/123/1
f 1241/123/1 1239/123/1 1235/123/1
f 1243/123/1 1241/123/1 1235/123/1
f 1245/123/1 1243/123/1 1235/123/1
f 1238/123/26 1237/123/26 1240/123/26
f 1238/123/26 1240/123/26 1242/123/26
f 1238/123/26 1242/123/26 1244/123/26
f 1238/123/26 1244/123/26 1246/123/26
f 1247/350/1 1248/357/1 1249/131/1
f 1249/131/1 1250/115/1 1247/350/1
f 1251/350/26 1252/357/26 1253/131/26
f 1253/131/26 1254/115/26 1251/350/26
f 1248/115/27 1247/350/27 1252/357/27
f 1252/357/27 1251/131/27 1248/115/27
f 1250/115/30 1249/350/30 1254/357/30
f 1254/357/30 1253/131/30 1250/115/30
f 1247/1329/28 1250/1330/28 1253/1331/28
f 1253/1331/28 1252/1332/28 1247/1329/28
f 1249/115/29 1248/350/29 1251/357/29
f 1251/357/29 1254/131/29 1249/115/29
