# Procedurally generated by dev-env-utils/scripts/gen_novelties_seasonal.py -- do not hand edit
mtllib pumpkins.mtl
o pumpkins
v 0.47950 0.01798 0.51250
v 0.48165 0.01798 0.53123
v 0.38750 0.01300 0.51250
v 0.47988 0.01798 0.55077
v 0.46732 0.01798 0.56583
v 0.45255 0.01798 0.57755
v 0.44083 0.01798 0.59232
v 0.42577 0.01798 0.60488
v 0.40623 0.01798 0.60665
v 0.38750 0.01798 0.60450
v 0.36877 0.01798 0.60665
v 0.34923 0.01798 0.60488
v 0.33417 0.01798 0.59232
v 0.32245 0.01798 0.57755
v 0.30768 0.01798 0.56583
v 0.29512 0.01798 0.55077
v 0.29335 0.01798 0.53123
v 0.29550 0.01798 0.51250
v 0.29335 0.01798 0.49377
v 0.29512 0.01798 0.47423
v 0.30768 0.01798 0.45917
v 0.32245 0.01798 0.44745
v 0.33417 0.01798 0.43268
v 0.34923 0.01798 0.42012
v 0.36877 0.01798 0.41835
v 0.38750 0.01798 0.42050
v 0.40623 0.01798 0.41835
v 0.42577 0.01798 0.42012
v 0.44083 0.01798 0.43268
v 0.45255 0.01798 0.44745
v 0.46732 0.01798 0.45917
v 0.47988 0.01798 0.47423
v 0.48165 0.01798 0.49377
v 0.52727 0.03259 0.54030
v 0.52407 0.03259 0.51250
v 0.52464 0.03259 0.56931
v 0.50599 0.03259 0.59167
v 0.48407 0.03259 0.60907
v 0.46667 0.03259 0.63099
v 0.44431 0.03259 0.64964
v 0.41530 0.03259 0.65227
v 0.38750 0.03259 0.64907
v 0.35970 0.03259 0.65227
v 0.33069 0.03259 0.64964
v 0.30833 0.03259 0.63099
v 0.29093 0.03259 0.60907
v 0.26901 0.03259 0.59167
v 0.25036 0.03259 0.56931
v 0.24773 0.03259 0.54030
v 0.25093 0.03259 0.51250
v 0.24773 0.03259 0.48470
v 0.25036 0.03259 0.45569
v 0.26901 0.03259 0.43333
v 0.29093 0.03259 0.41593
v 0.30833 0.03259 0.39401
v 0.33069 0.03259 0.37536
v 0.35970 0.03259 0.37273
v 0.38750 0.03259 0.37593
v 0.41530 0.03259 0.37273
v 0.44431 0.03259 0.37536
v 0.46667 0.03259 0.39401
v 0.48407 0.03259 0.41593
v 0.50599 0.03259 0.43333
v 0.52464 0.03259 0.45569
v 0.52727 0.03259 0.48470
v 0.55958 0.05584 0.54673
v 0.55564 0.05584 0.51250
v 0.55635 0.05584 0.58244
v 0.53338 0.05584 0.60997
v 0.50639 0.05584 0.63139
v 0.48497 0.05584 0.65838
v 0.45744 0.05584 0.68135
v 0.42173 0.05584 0.68458
v 0.38750 0.05584 0.68064
v 0.35327 0.05584 0.68458
v 0.31756 0.05584 0.68135
v 0.29003 0.05584 0.65838
v 0.26861 0.05584 0.63139
v 0.24162 0.05584 0.60997
v 0.21865 0.05584 0.58244
v 0.21542 0.05584 0.54673
v 0.21936 0.05584 0.51250
v 0.21542 0.05584 0.47827
v 0.21865 0.05584 0.44256
v 0.24162 0.05584 0.41503
v 0.26861 0.05584 0.39361
v 0.29003 0.05584 0.36662
v 0.31756 0.05584 0.34365
v 0.35327 0.05584 0.34042
v 0.38750 0.05584 0.34436
v 0.42173 0.05584 0.34042
v 0.45744 0.05584 0.34365
v 0.48497 0.05584 0.36662
v 0.50639 0.05584 0.39361
v 0.53338 0.05584 0.41503
v 0.55635 0.05584 0.44256
v 0.55958 0.05584 0.47827
v 0.58183 0.08612 0.55116
v 0.57738 0.08612 0.51250
v 0.57818 0.08612 0.59148
v 0.55225 0.08612 0.62258
v 0.52177 0.08612 0.64677
v 0.49758 0.08612 0.67725
v 0.46648 0.08612 0.70318
v 0.42616 0.08612 0.70683
v 0.38750 0.08612 0.70238
v 0.34884 0.08612 0.70683
v 0.30852 0.08612 0.70318
v 0.27742 0.08612 0.67725
v 0.25323 0.08612 0.64677
v 0.22275 0.08612 0.62258
v 0.19682 0.08612 0.59148
v 0.19317 0.08612 0.55116
v 0.19762 0.08612 0.51250
v 0.19317 0.08612 0.47384
v 0.19682 0.08612 0.43352
v 0.22275 0.08612 0.40242
v 0.25323 0.08612 0.37823
v 0.27742 0.08612 0.34775
v 0.30852 0.08612 0.32182
v 0.34884 0.08612 0.31817
v 0.38750 0.08612 0.32262
v 0.42616 0.08612 0.31817
v 0.46648 0.08612 0.32182
v 0.49758 0.08612 0.34775
v 0.52177 0.08612 0.37823
v 0.55225 0.08612 0.40242
v 0.57818 0.08612 0.43352
v 0.58183 0.08612 0.47384
v 0.59499 0.12140 0.55377
v 0.59024 0.12140 0.51250
v 0.59109 0.12140 0.59683
v 0.56340 0.12140 0.63003
v 0.53086 0.12140 0.65586
v 0.50503 0.12140 0.68840
v 0.47183 0.12140 0.71609
v 0.42877 0.12140 0.71999
v 0.38750 0.12140 0.71524
v 0.34623 0.12140 0.71999
v 0.30317 0.12140 0.71609
v 0.26997 0.12140 0.68840
v 0.24414 0.12140 0.65586
v 0.21160 0.12140 0.63003
v 0.18391 0.12140 0.59683
v 0.18001 0.12140 0.55377
v 0.18476 0.12140 0.51250
v 0.18001 0.12140 0.47123
v 0.18391 0.12140 0.42817
v 0.21160 0.12140 0.39497
v 0.24414 0.12140 0.36914
v 0.26997 0.12140 0.33660
v 0.30317 0.12140 0.30891
v 0.34623 0.12140 0.30501
v 0.38750 0.12140 0.30976
v 0.42877 0.12140 0.30501
v 0.47183 0.12140 0.30891
v 0.50503 0.12140 0.33660
v 0.53086 0.12140 0.36914
v 0.56340 0.12140 0.39497
v 0.59109 0.12140 0.42817
v 0.59499 0.12140 0.47123
v 0.59935 0.15925 0.55464
v 0.59450 0.15925 0.51250
v 0.59537 0.15925 0.59860
v 0.56710 0.15925 0.63250
v 0.53387 0.15925 0.65887
v 0.50750 0.15925 0.69210
v 0.47360 0.15925 0.72037
v 0.42964 0.15925 0.72435
v 0.38750 0.15925 0.71950
v 0.34536 0.15925 0.72435
v 0.30140 0.15925 0.72037
v 0.26750 0.15925 0.69210
v 0.24113 0.15925 0.65887
v 0.20790 0.15925 0.63250
v 0.17963 0.15925 0.59860
v 0.17565 0.15925 0.55464
v 0.18050 0.15925 0.51250
v 0.17565 0.15925 0.47036
v 0.17963 0.15925 0.42640
v 0.20790 0.15925 0.39250
v 0.24113 0.15925 0.36613
v 0.26750 0.15925 0.33290
v 0.30140 0.15925 0.30463
v 0.34536 0.15925 0.30065
v 0.38750 0.15925 0.30550
v 0.42964 0.15925 0.30065
v 0.47360 0.15925 0.30463
v 0.50750 0.15925 0.33290
v 0.53387 0.15925 0.36613
v 0.56710 0.15925 0.39250
v 0.59537 0.15925 0.42640
v 0.59935 0.15925 0.47036
v 0.59499 0.19710 0.55377
v 0.59024 0.19710 0.51250
v 0.59109 0.19710 0.59683
v 0.56340 0.19710 0.63003
v 0.53086 0.19710 0.65586
v 0.50503 0.19710 0.68840
v 0.47183 0.19710 0.71609
v 0.42877 0.19710 0.71999
v 0.38750 0.19710 0.71524
v 0.34623 0.19710 0.71999
v 0.30317 0.19710 0.71609
v 0.26997 0.19710 0.68840
v 0.24414 0.19710 0.65586
v 0.21160 0.19710 0.63003
v 0.18391 0.19710 0.59683
v 0.18001 0.19710 0.55377
v 0.18476 0.19710 0.51250
v 0.18001 0.19710 0.47123
v 0.18391 0.19710 0.42817
v 0.21160 0.19710 0.39497
v 0.24414 0.19710 0.36914
v 0.26997 0.19710 0.33660
v 0.30317 0.19710 0.30891
v 0.34623 0.19710 0.30501
v 0.38750 0.19710 0.30976
v 0.42877 0.19710 0.30501
v 0.47183 0.19710 0.30891
v 0.50503 0.19710 0.33660
v 0.53086 0.19710 0.36914
v 0.56340 0.19710 0.39497
v 0.59109 0.19710 0.42817
v 0.59499 0.19710 0.47123
v 0.58183 0.23237 0.55116
v 0.57738 0.23237 0.51250
v 0.57818 0.23237 0.59148
v 0.55225 0.23237 0.62258
v 0.52177 0.23237 0.64677
v 0.49758 0.23237 0.67725
v 0.46648 0.23237 0.70318
v 0.42616 0.23237 0.70683
v 0.38750 0.23237 0.70238
v 0.34884 0.23237 0.70683
v 0.30852 0.23237 0.70318
v 0.27742 0.23237 0.67725
v 0.25323 0.23237 0.64677
v 0.22275 0.23237 0.62258
v 0.19682 0.23237 0.59148
v 0.19317 0.23237 0.55116
v 0.19762 0.23237 0.51250
v 0.19317 0.23237 0.47384
v 0.19682 0.23237 0.43352
v 0.22275 0.23237 0.40242
v 0.25323 0.23237 0.37823
v 0.27742 0.23237 0.34775
v 0.30852 0.23237 0.32182
v 0.34884 0.23237 0.31817
v 0.38750 0.23237 0.32262
v 0.42616 0.23237 0.31817
v 0.46648 0.23237 0.32182
v 0.49758 0.23237 0.34775
v 0.52177 0.23237 0.37823
v 0.55225 0.23237 0.40242
v 0.57818 0.23237 0.43352
v 0.58183 0.23237 0.47384
v 0.55958 0.26266 0.54673
v 0.55564 0.26266 0.51250
v 0.55635 0.26266 0.58244
v 0.53338 0.26266 0.60997
v 0.50639 0.26266 0.63139
v 0.48497 0.26266 0.65838
v 0.45744 0.26266 0.68135
v 0.42173 0.26266 0.68458
v 0.38750 0.26266 0.68064
v 0.35327 0.26266 0.68458
v 0.31756 0.26266 0.68135
v 0.29003 0.26266 0.65838
v 0.26861 0.26266 0.63139
v 0.24162 0.26266 0.60997
v 0.21865 0.26266 0.58244
v 0.21542 0.26266 0.54673
v 0.21936 0.26266 0.51250
v 0.21542 0.26266 0.47827
v 0.21865 0.26266 0.44256
v 0.24162 0.26266 0.41503
v 0.26861 0.26266 0.39361
v 0.29003 0.26266 0.36662
v 0.31756 0.26266 0.34365
v 0.35327 0.26266 0.34042
v 0.38750 0.26266 0.34436
v 0.42173 0.26266 0.34042
v 0.45744 0.26266 0.34365
v 0.48497 0.26266 0.36662
v 0.50639 0.26266 0.39361
v 0.53338 0.26266 0.41503
v 0.55635 0.26266 0.44256
v 0.55958 0.26266 0.47827
v 0.52727 0.28591 0.54030
v 0.52407 0.28591 0.51250
v 0.52464 0.28591 0.56931
v 0.50599 0.28591 0.59167
v 0.48407 0.28591 0.60907
v 0.46667 0.28591 0.63099
v 0.44431 0.28591 0.64964
v 0.41530 0.28591 0.65227
v 0.38750 0.28591 0.64907
v 0.35970 0.28591 0.65227
v 0.33069 0.28591 0.64964
v 0.30833 0.28591 0.63099
v 0.29093 0.28591 0.60907
v 0.26901 0.28591 0.59167
v 0.25036 0.28591 0.56931
v 0.24773 0.28591 0.54030
v 0.25093 0.28591 0.51250
v 0.24773 0.28591 0.48470
v 0.25036 0.28591 0.45569
v 0.26901 0.28591 0.43333
v 0.29093 0.28591 0.41593
v 0.30833 0.28591 0.39401
v 0.33069 0.28591 0.37536
v 0.35970 0.28591 0.37273
v 0.38750 0.28591 0.37593
v 0.41530 0.28591 0.37273
v 0.44431 0.28591 0.37536
v 0.46667 0.28591 0.39401
v 0.48407 0.28591 0.41593
v 0.50599 0.28591 0.43333
v 0.52464 0.28591 0.45569
v 0.52727 0.28591 0.48470
v 0.48165 0.30052 0.53123
v 0.47950 0.30052 0.51250
v 0.47988 0.30052 0.55077
v 0.46732 0.30052 0.56583
v 0.45255 0.30052 0.57755
v 0.44083 0.30052 0.59232
v 0.42577 0.30052 0.60488
v 0.40623 0.30052 0.60665
v 0.38750 0.30052 0.60450
v 0.36877 0.30052 0.60665
v 0.34923 0.30052 0.60488
v 0.33417 0.30052 0.59232
v 0.32245 0.30052 0.57755
v 0.30768 0.30052 0.56583
v 0.29512 0.30052 0.55077
v 0.29335 0.30052 0.53123
v 0.29550 0.30052 0.51250
v 0.29335 0.30052 0.49377
v 0.29512 0.30052 0.47423
v 0.30768 0.30052 0.45917
v 0.32245 0.30052 0.44745
v 0.33417 0.30052 0.43268
v 0.34923 0.30052 0.42012
v 0.36877 0.30052 0.41835
v 0.38750 0.30052 0.42050
v 0.40623 0.30052 0.41835
v 0.42577 0.30052 0.42012
v 0.44083 0.30052 0.43268
v 0.45255 0.30052 0.44745
v 0.46732 0.30052 0.45917
v 0.47988 0.30052 0.47423
v 0.48165 0.30052 0.49377
v 0.38750 0.30550 0.51250
v 0.41661 0.29159 0.51250
v 0.40368 0.28931 0.53523
v 0.39076 0.28703 0.51250
v 0.37783 0.28476 0.53523
v 0.36490 0.28248 0.51250
v 0.37783 0.28476 0.48977
v 0.40368 0.28931 0.48977
v 0.39145 0.34428 0.53090
v 0.40192 0.34612 0.51250
v 0.37052 0.34059 0.53090
v 0.36006 0.33874 0.51250
v 0.37052 0.34059 0.49410
v 0.39145 0.34428 0.49410
v 0.38371 0.38099 0.52874
v 0.39294 0.38262 0.51250
v 0.36524 0.37773 0.52874
v 0.35601 0.37610 0.51250
v 0.36524 0.37773 0.49626
v 0.38371 0.38099 0.49626
v 0.37448 0.37936 0.51250
v 0.73343 0.19871 0.66250
v 0.72070 0.20188 0.68523
v 0.70796 0.20506 0.66250
v 0.69523 0.20823 0.68523
v 0.68249 0.21141 0.66250
v 0.69523 0.20823 0.63977
v 0.72070 0.20188 0.63977
v 0.73188 0.25707 0.68090
v 0.74219 0.25450 0.66250
v 0.71126 0.26221 0.68090
v 0.70095 0.26478 0.66250
v 0.71126 0.26221 0.64410
v 0.73188 0.25707 0.64410
v 0.73974 0.29375 0.67874
v 0.74884 0.29149 0.66250
v 0.72155 0.29829 0.67874
v 0.71245 0.30056 0.66250
v 0.72155 0.29829 0.64626
v 0.73974 0.29375 0.64626
v 0.73064 0.29602 0.66250
v 0.70307 0.14860 0.31250
v 0.69001 0.14722 0.33523
v 0.67696 0.14585 0.31250
v 0.66391 0.14448 0.33523
v 0.65085 0.14311 0.31250
v 0.66391 0.14448 0.28977
v 0.69001 0.14722 0.28977
v 0.68165 0.20291 0.33090
v 0.69221 0.20402 0.31250
v 0.66051 0.20068 0.33090
v 0.64995 0.19957 0.31250
v 0.66051 0.20068 0.29410
v 0.68165 0.20291 0.29410
v 0.67648 0.24007 0.32874
v 0.68581 0.24105 0.31250
v 0.65784 0.23811 0.32874
v 0.64851 0.23713 0.31250
v 0.65784 0.23811 0.29626
v 0.67648 0.24007 0.29626
v 0.66716 0.23909 0.31250
v 0.77894 0.01314 0.66250
v 0.78050 0.01314 0.67603
v 0.71250 0.00950 0.66250
v 0.77922 0.01314 0.69014
v 0.77015 0.01314 0.70102
v 0.75948 0.01314 0.70948
v 0.75102 0.01314 0.72015
v 0.74014 0.01314 0.72922
v 0.72603 0.01314 0.73050
v 0.71250 0.01314 0.72894
v 0.69897 0.01314 0.73050
v 0.68486 0.01314 0.72922
v 0.67398 0.01314 0.72015
v 0.66552 0.01314 0.70948
v 0.65485 0.01314 0.70102
v 0.64578 0.01314 0.69014
v 0.64450 0.01314 0.67603
v 0.64606 0.01314 0.66250
v 0.64450 0.01314 0.64897
v 0.64578 0.01314 0.63486
v 0.65485 0.01314 0.62398
v 0.66552 0.01314 0.61552
v 0.67398 0.01314 0.60485
v 0.68486 0.01314 0.59578
v 0.69897 0.01314 0.59450
v 0.71250 0.01314 0.59606
v 0.72603 0.01314 0.59450
v 0.74014 0.01314 0.59578
v 0.75102 0.01314 0.60485
v 0.75948 0.01314 0.61552
v 0.77015 0.01314 0.62398
v 0.77922 0.01314 0.63486
v 0.78050 0.01314 0.64897
v 0.81344 0.02382 0.68258
v 0.81113 0.02382 0.66250
v 0.81155 0.02382 0.70353
v 0.79808 0.02382 0.71968
v 0.78224 0.02382 0.73224
v 0.76968 0.02382 0.74808
v 0.75353 0.02382 0.76155
v 0.73258 0.02382 0.76344
v 0.71250 0.02382 0.76113
v 0.69242 0.02382 0.76344
v 0.67147 0.02382 0.76155
v 0.65532 0.02382 0.74808
v 0.64276 0.02382 0.73224
v 0.62692 0.02382 0.71968
v 0.61345 0.02382 0.70353
v 0.61156 0.02382 0.68258
v 0.61387 0.02382 0.66250
v 0.61156 0.02382 0.64242
v 0.61345 0.02382 0.62147
v 0.62692 0.02382 0.60532
v 0.64276 0.02382 0.59276
v 0.65532 0.02382 0.57692
v 0.67147 0.02382 0.56345
v 0.69242 0.02382 0.56156
v 0.71250 0.02382 0.56387
v 0.73258 0.02382 0.56156
v 0.75353 0.02382 0.56345
v 0.76968 0.02382 0.57692
v 0.78224 0.02382 0.59276
v 0.79808 0.02382 0.60532
v 0.81155 0.02382 0.62147
v 0.81344 0.02382 0.64242
v 0.83678 0.04080 0.68722
v 0.83393 0.04080 0.66250
v 0.83444 0.04080 0.71301
v 0.81786 0.04080 0.73290
v 0.79837 0.04080 0.74837
v 0.78290 0.04080 0.76786
v 0.76301 0.04080 0.78444
v 0.73722 0.04080 0.78678
v 0.71250 0.04080 0.78393
v 0.68778 0.04080 0.78678
v 0.66199 0.04080 0.78444
v 0.64210 0.04080 0.76786
v 0.62663 0.04080 0.74837
v 0.60714 0.04080 0.73290
v 0.59056 0.04080 0.71301
v 0.58822 0.04080 0.68722
v 0.59107 0.04080 0.66250
v 0.58822 0.04080 0.63778
v 0.59056 0.04080 0.61199
v 0.60714 0.04080 0.59210
v 0.62663 0.04080 0.57663
v 0.64210 0.04080 0.55714
v 0.66199 0.04080 0.54056
v 0.68778 0.04080 0.53822
v 0.71250 0.04080 0.54107
v 0.73722 0.04080 0.53822
v 0.76301 0.04080 0.54056
v 0.78290 0.04080 0.55714
v 0.79837 0.04080 0.57663
v 0.81786 0.04080 0.59210
v 0.83444 0.04080 0.61199
v 0.83678 0.04080 0.63778
v 0.85285 0.06294 0.69042
v 0.84964 0.06294 0.66250
v 0.85022 0.06294 0.71954
v 0.83148 0.06294 0.74200
v 0.80947 0.06294 0.75947
v 0.79200 0.06294 0.78148
v 0.76954 0.06294 0.80022
v 0.74042 0.06294 0.80285
v 0.71250 0.06294 0.79964
v 0.68458 0.06294 0.80285
v 0.65546 0.06294 0.80022
v 0.63300 0.06294 0.78148
v 0.61553 0.06294 0.75947
v 0.59352 0.06294 0.74200
v 0.57478 0.06294 0.71954
v 0.57215 0.06294 0.69042
v 0.57536 0.06294 0.66250
v 0.57215 0.06294 0.63458
v 0.57478 0.06294 0.60546
v 0.59352 0.06294 0.58300
v 0.61553 0.06294 0.56553
v 0.63300 0.06294 0.54352
v 0.65546 0.06294 0.52478
v 0.68458 0.06294 0.52215
v 0.71250 0.06294 0.52536
v 0.74042 0.06294 0.52215
v 0.76954 0.06294 0.52478
v 0.79200 0.06294 0.54352
v 0.80947 0.06294 0.56553
v 0.83148 0.06294 0.58300
v 0.85022 0.06294 0.60546
v 0.85285 0.06294 0.63458
v 0.86235 0.08871 0.69231
v 0.85892 0.08871 0.66250
v 0.85954 0.08871 0.72341
v 0.83954 0.08871 0.74738
v 0.81604 0.08871 0.76604
v 0.79738 0.08871 0.78954
v 0.77341 0.08871 0.80954
v 0.74231 0.08871 0.81235
v 0.71250 0.08871 0.80892
v 0.68269 0.08871 0.81235
v 0.65159 0.08871 0.80954
v 0.62762 0.08871 0.78954
v 0.60896 0.08871 0.76604
v 0.58546 0.08871 0.74738
v 0.56546 0.08871 0.72341
v 0.56265 0.08871 0.69231
v 0.56608 0.08871 0.66250
v 0.56265 0.08871 0.63269
v 0.56546 0.08871 0.60159
v 0.58546 0.08871 0.57762
v 0.60896 0.08871 0.55896
v 0.62762 0.08871 0.53546
v 0.65159 0.08871 0.51546
v 0.68269 0.08871 0.51265
v 0.71250 0.08871 0.51608
v 0.74231 0.08871 0.51265
v 0.77341 0.08871 0.51546
v 0.79738 0.08871 0.53546
v 0.81604 0.08871 0.55896
v 0.83954 0.08871 0.57762
v 0.85954 0.08871 0.60159
v 0.86235 0.08871 0.63269
v 0.86550 0.11637 0.69293
v 0.86200 0.11637 0.66250
v 0.86263 0.11637 0.72469
v 0.84221 0.11637 0.74917
v 0.81821 0.11637 0.76821
v 0.79917 0.11637 0.79221
v 0.77469 0.11637 0.81263
v 0.74293 0.11637 0.81550
v 0.71250 0.11637 0.81200
v 0.68207 0.11637 0.81550
v 0.65031 0.11637 0.81263
v 0.62583 0.11637 0.79221
v 0.60679 0.11637 0.76821
v 0.58279 0.11637 0.74917
v 0.56237 0.11637 0.72469
v 0.55950 0.11637 0.69293
v 0.56300 0.11637 0.66250
v 0.55950 0.11637 0.63207
v 0.56237 0.11637 0.60031
v 0.58279 0.11637 0.57583
v 0.60679 0.11637 0.55679
v 0.62583 0.11637 0.53279
v 0.65031 0.11637 0.51237
v 0.68207 0.11637 0.50950
v 0.71250 0.11637 0.51300
v 0.74293 0.11637 0.50950
v 0.77469 0.11637 0.51237
v 0.79917 0.11637 0.53279
v 0.81821 0.11637 0.55679
v 0.84221 0.11637 0.57583
v 0.86263 0.11637 0.60031
v 0.86550 0.11637 0.63207
v 0.86235 0.14404 0.69231
v 0.85892 0.14404 0.66250
v 0.85954 0.14404 0.72341
v 0.83954 0.14404 0.74738
v 0.81604 0.14404 0.76604
v 0.79738 0.14404 0.78954
v 0.77341 0.14404 0.80954
v 0.74231 0.14404 0.81235
v 0.71250 0.14404 0.80892
v 0.68269 0.14404 0.81235
v 0.65159 0.14404 0.80954
v 0.62762 0.14404 0.78954
v 0.60896 0.14404 0.76604
v 0.58546 0.14404 0.74738
v 0.56546 0.14404 0.72341
v 0.56265 0.14404 0.69231
v 0.56608 0.14404 0.66250
v 0.56265 0.14404 0.63269
v 0.56546 0.14404 0.60159
v 0.58546 0.14404 0.57762
v 0.60896 0.14404 0.55896
v 0.62762 0.14404 0.53546
v 0.65159 0.14404 0.51546
v 0.68269 0.14404 0.51265
v 0.71250 0.14404 0.51608
v 0.74231 0.14404 0.51265
v 0.77341 0.14404 0.51546
v 0.79738 0.14404 0.53546
v 0.81604 0.14404 0.55896
v 0.83954 0.14404 0.57762
v 0.85954 0.14404 0.60159
v 0.86235 0.14404 0.63269
v 0.85285 0.16981 0.69042
v 0.84964 0.16981 0.66250
v 0.85022 0.16981 0.71954
v 0.83148 0.16981 0.74200
v 0.80947 0.16981 0.75947
v 0.79200 0.16981 0.78148
v 0.76954 0.16981 0.80022
v 0.74042 0.16981 0.80285
v 0.71250 0.16981 0.79964
v 0.68458 0.16981 0.80285
v 0.65546 0.16981 0.80022
v 0.63300 0.16981 0.78148
v 0.61553 0.16981 0.75947
v 0.59352 0.16981 0.74200
v 0.57478 0.16981 0.71954
v 0.57215 0.16981 0.69042
v 0.57536 0.16981 0.66250
v 0.57215 0.16981 0.63458
v 0.57478 0.16981 0.60546
v 0.59352 0.16981 0.58300
v 0.61553 0.16981 0.56553
v 0.63300 0.16981 0.54352
v 0.65546 0.16981 0.52478
v 0.68458 0.16981 0.52215
v 0.71250 0.16981 0.52536
v 0.74042 0.16981 0.52215
v 0.76954 0.16981 0.52478
v 0.79200 0.16981 0.54352
v 0.80947 0.16981 0.56553
v 0.83148 0.16981 0.58300
v 0.85022 0.16981 0.60546
v 0.85285 0.16981 0.63458
v 0.83678 0.19195 0.68722
v 0.83393 0.19195 0.66250
v 0.83444 0.19195 0.71301
v 0.81786 0.19195 0.73290
v 0.79837 0.19195 0.74837
v 0.78290 0.19195 0.76786
v 0.76301 0.19195 0.78444
v 0.73722 0.19195 0.78678
v 0.71250 0.19195 0.78393
v 0.68778 0.19195 0.78678
v 0.66199 0.19195 0.78444
v 0.64210 0.19195 0.76786
v 0.62663 0.19195 0.74837
v 0.60714 0.19195 0.73290
v 0.59056 0.19195 0.71301
v 0.58822 0.19195 0.68722
v 0.59107 0.19195 0.66250
v 0.58822 0.19195 0.63778
v 0.59056 0.19195 0.61199
v 0.60714 0.19195 0.59210
v 0.62663 0.19195 0.57663
v 0.64210 0.19195 0.55714
v 0.66199 0.19195 0.54056
v 0.68778 0.19195 0.53822
v 0.71250 0.19195 0.54107
v 0.73722 0.19195 0.53822
v 0.76301 0.19195 0.54056
v 0.78290 0.19195 0.55714
v 0.79837 0.19195 0.57663
v 0.81786 0.19195 0.59210
v 0.83444 0.19195 0.61199
v 0.83678 0.19195 0.63778
v 0.81344 0.20893 0.68258
v 0.81113 0.20893 0.66250
v 0.81155 0.20893 0.70353
v 0.79808 0.20893 0.71968
v 0.78224 0.20893 0.73224
v 0.76968 0.20893 0.74808
v 0.75353 0.20893 0.76155
v 0.73258 0.20893 0.76344
v 0.71250 0.20893 0.76113
v 0.69242 0.20893 0.76344
v 0.67147 0.20893 0.76155
v 0.65532 0.20893 0.74808
v 0.64276 0.20893 0.73224
v 0.62692 0.20893 0.71968
v 0.61345 0.20893 0.70353
v 0.61156 0.20893 0.68258
v 0.61387 0.20893 0.66250
v 0.61156 0.20893 0.64242
v 0.61345 0.20893 0.62147
v 0.62692 0.20893 0.60532
v 0.64276 0.20893 0.59276
v 0.65532 0.20893 0.57692
v 0.67147 0.20893 0.56345
v 0.69242 0.20893 0.56156
v 0.71250 0.20893 0.56387
v 0.73258 0.20893 0.56156
v 0.75353 0.20893 0.56345
v 0.76968 0.20893 0.57692
v 0.78224 0.20893 0.59276
v 0.79808 0.20893 0.60532
v 0.81155 0.20893 0.62147
v 0.81344 0.20893 0.64242
v 0.78050 0.21961 0.67603
v 0.77894 0.21961 0.66250
v 0.77922 0.21961 0.69014
v 0.77015 0.21961 0.70102
v 0.75948 0.21961 0.70948
v 0.75102 0.21961 0.72015
v 0.74014 0.21961 0.72922
v 0.72603 0.21961 0.73050
v 0.71250 0.21961 0.72894
v 0.69897 0.21961 0.73050
v 0.68486 0.21961 0.72922
v 0.67398 0.21961 0.72015
v 0.66552 0.21961 0.70948
v 0.65485 0.21961 0.70102
v 0.64578 0.21961 0.69014
v 0.64450 0.21961 0.67603
v 0.64606 0.21961 0.66250
v 0.64450 0.21961 0.64897
v 0.64578 0.21961 0.63486
v 0.65485 0.21961 0.62398
v 0.66552 0.21961 0.61552
v 0.67398 0.21961 0.60485
v 0.68486 0.21961 0.59578
v 0.69897 0.21961 0.59450
v 0.71250 0.21961 0.59606
v 0.72603 0.21961 0.59450
v 0.74014 0.21961 0.59578
v 0.75102 0.21961 0.60485
v 0.75948 0.21961 0.61552
v 0.77015 0.21961 0.62398
v 0.77922 0.21961 0.63486
v 0.78050 0.21961 0.64897
v 0.71250 0.22325 0.66250
v 0.72355 0.00968 0.31250
v 0.72469 0.00968 0.32238
v 0.67500 0.00700 0.31250
v 0.72376 0.00968 0.33270
v 0.71713 0.00968 0.34065
v 0.70933 0.00968 0.34683
v 0.70315 0.00968 0.35463
v 0.69520 0.00968 0.36126
v 0.68488 0.00968 0.36219
v 0.67500 0.00968 0.36105
v 0.66512 0.00968 0.36219
v 0.65480 0.00968 0.36126
v 0.64685 0.00968 0.35463
v 0.64067 0.00968 0.34683
v 0.63287 0.00968 0.34065
v 0.62624 0.00968 0.33270
v 0.62531 0.00968 0.32238
v 0.62645 0.00968 0.31250
v 0.62531 0.00968 0.30262
v 0.62624 0.00968 0.29230
v 0.63287 0.00968 0.28435
v 0.64067 0.00968 0.27817
v 0.64685 0.00968 0.27037
v 0.65480 0.00968 0.26374
v 0.66512 0.00968 0.26281
v 0.67500 0.00968 0.26395
v 0.68488 0.00968 0.26281
v 0.69520 0.00968 0.26374
v 0.70315 0.00968 0.27037
v 0.70933 0.00968 0.27817
v 0.71713 0.00968 0.28435
v 0.72376 0.00968 0.29230
v 0.72469 0.00968 0.30262
v 0.74877 0.01755 0.32717
v 0.74708 0.01755 0.31250
v 0.74738 0.01755 0.34248
v 0.73754 0.01755 0.35429
v 0.72597 0.01755 0.36347
v 0.71679 0.01755 0.37504
v 0.70498 0.01755 0.38488
v 0.68967 0.01755 0.38627
v 0.67500 0.01755 0.38458
v 0.66033 0.01755 0.38627
v 0.64502 0.01755 0.38488
v 0.63321 0.01755 0.37504
v 0.62403 0.01755 0.36347
v 0.61246 0.01755 0.35429
v 0.60262 0.01755 0.34248
v 0.60123 0.01755 0.32717
v 0.60292 0.01755 0.31250
v 0.60123 0.01755 0.29783
v 0.60262 0.01755 0.28252
v 0.61246 0.01755 0.27071
v 0.62403 0.01755 0.26153
v 0.63321 0.01755 0.24996
v 0.64502 0.01755 0.24012
v 0.66033 0.01755 0.23873
v 0.67500 0.01755 0.24042
v 0.68967 0.01755 0.23873
v 0.70498 0.01755 0.24012
v 0.71679 0.01755 0.24996
v 0.72597 0.01755 0.26153
v 0.73754 0.01755 0.27071
v 0.74738 0.01755 0.28252
v 0.74877 0.01755 0.29783
v 0.76582 0.03007 0.33056
v 0.76374 0.03007 0.31250
v 0.76411 0.03007 0.34941
v 0.75199 0.03007 0.36394
v 0.73775 0.03007 0.37525
v 0.72644 0.03007 0.38949
v 0.71191 0.03007 0.40161
v 0.69306 0.03007 0.40332
v 0.67500 0.03007 0.40124
v 0.65694 0.03007 0.40332
v 0.63809 0.03007 0.40161
v 0.62356 0.03007 0.38949
v 0.61225 0.03007 0.37525
v 0.59801 0.03007 0.36394
v 0.58589 0.03007 0.34941
v 0.58418 0.03007 0.33056
v 0.58626 0.03007 0.31250
v 0.58418 0.03007 0.29444
v 0.58589 0.03007 0.27559
v 0.59801 0.03007 0.26106
v 0.61225 0.03007 0.24975
v 0.62356 0.03007 0.23551
v 0.63809 0.03007 0.22339
v 0.65694 0.03007 0.22168
v 0.67500 0.03007 0.22376
v 0.69306 0.03007 0.22168
v 0.71191 0.03007 0.22339
v 0.72644 0.03007 0.23551
v 0.73775 0.03007 0.24975
v 0.75199 0.03007 0.26106
v 0.76411 0.03007 0.27559
v 0.76582 0.03007 0.29444
v 0.77756 0.04637 0.33290
v 0.77522 0.04637 0.31250
v 0.77564 0.04637 0.35419
v 0.76195 0.04637 0.37060
v 0.74586 0.04637 0.38336
v 0.73310 0.04637 0.39945
v 0.71669 0.04637 0.41314
v 0.69540 0.04637 0.41506
v 0.67500 0.04637 0.41272
v 0.65460 0.04637 0.41506
v 0.63331 0.04637 0.41314
v 0.61690 0.04637 0.39945
v 0.60414 0.04637 0.38336
v 0.58805 0.04637 0.37060
v 0.57436 0.04637 0.35419
v 0.57244 0.04637 0.33290
v 0.57478 0.04637 0.31250
v 0.57244 0.04637 0.29210
v 0.57436 0.04637 0.27081
v 0.58805 0.04637 0.25440
v 0.60414 0.04637 0.24164
v 0.61690 0.04637 0.22555
v 0.63331 0.04637 0.21186
v 0.65460 0.04637 0.20994
v 0.67500 0.04637 0.21228
v 0.69540 0.04637 0.20994
v 0.71669 0.04637 0.21186
v 0.73310 0.04637 0.22555
v 0.74586 0.04637 0.24164
v 0.76195 0.04637 0.25440
v 0.77564 0.04637 0.27081
v 0.77756 0.04637 0.29210
v 0.78451 0.06537 0.33428
v 0.78200 0.06537 0.31250
v 0.78245 0.06537 0.35701
v 0.76784 0.06537 0.37453
v 0.75066 0.06537 0.38816
v 0.73703 0.06537 0.40534
v 0.71951 0.06537 0.41995
v 0.69678 0.06537 0.42201
v 0.67500 0.06537 0.41950
v 0.65322 0.06537 0.42201
v 0.63049 0.06537 0.41995
v 0.61297 0.06537 0.40534
v 0.59934 0.06537 0.38816
v 0.58216 0.06537 0.37453
v 0.56755 0.06537 0.35701
v 0.56549 0.06537 0.33428
v 0.56800 0.06537 0.31250
v 0.56549 0.06537 0.29072
v 0.56755 0.06537 0.26799
v 0.58216 0.06537 0.25047
v 0.59934 0.06537 0.23684
v 0.61297 0.06537 0.21966
v 0.63049 0.06537 0.20505
v 0.65322 0.06537 0.20299
v 0.67500 0.06537 0.20550
v 0.69678 0.06537 0.20299
v 0.71951 0.06537 0.20505
v 0.73703 0.06537 0.21966
v 0.75066 0.06537 0.23684
v 0.76784 0.06537 0.25047
v 0.78245 0.06537 0.26799
v 0.78451 0.06537 0.29072
v 0.78681 0.08575 0.33474
v 0.78425 0.08575 0.31250
v 0.78471 0.08575 0.35794
v 0.76979 0.08575 0.37584
v 0.75225 0.08575 0.38975
v 0.73834 0.08575 0.40729
v 0.72044 0.08575 0.42221
v 0.69724 0.08575 0.42431
v 0.67500 0.08575 0.42175
v 0.65276 0.08575 0.42431
v 0.62956 0.08575 0.42221
v 0.61166 0.08575 0.40729
v 0.59775 0.08575 0.38975
v 0.58021 0.08575 0.37584
v 0.56529 0.08575 0.35794
v 0.56319 0.08575 0.33474
v 0.56575 0.08575 0.31250
v 0.56319 0.08575 0.29026
v 0.56529 0.08575 0.26706
v 0.58021 0.08575 0.24916
v 0.59775 0.08575 0.23525
v 0.61166 0.08575 0.21771
v 0.62956 0.08575 0.20279
v 0.65276 0.08575 0.20069
v 0.67500 0.08575 0.20325
v 0.69724 0.08575 0.20069
v 0.72044 0.08575 0.20279
v 0.73834 0.08575 0.21771
v 0.75225 0.08575 0.23525
v 0.76979 0.08575 0.24916
v 0.78471 0.08575 0.26706
v 0.78681 0.08575 0.29026
v 0.78451 0.10613 0.33428
v 0.78200 0.10613 0.31250
v 0.78245 0.10613 0.35701
v 0.76784 0.10613 0.37453
v 0.75066 0.10613 0.38816
v 0.73703 0.10613 0.40534
v 0.71951 0.10613 0.41995
v 0.69678 0.10613 0.42201
v 0.67500 0.10613 0.41950
v 0.65322 0.10613 0.42201
v 0.63049 0.10613 0.41995
v 0.61297 0.10613 0.40534
v 0.59934 0.10613 0.38816
v 0.58216 0.10613 0.37453
v 0.56755 0.10613 0.35701
v 0.56549 0.10613 0.33428
v 0.56800 0.10613 0.31250
v 0.56549 0.10613 0.29072
v 0.56755 0.10613 0.26799
v 0.58216 0.10613 0.25047
v 0.59934 0.10613 0.23684
v 0.61297 0.10613 0.21966
v 0.63049 0.10613 0.20505
v 0.65322 0.10613 0.20299
v 0.67500 0.10613 0.20550
v 0.69678 0.10613 0.20299
v 0.71951 0.10613 0.20505
v 0.73703 0.10613 0.21966
v 0.75066 0.10613 0.23684
v 0.76784 0.10613 0.25047
v 0.78245 0.10613 0.26799
v 0.78451 0.10613 0.29072
v 0.77756 0.12512 0.33290
v 0.77522 0.12512 0.31250
v 0.77564 0.12512 0.35419
v 0.76195 0.12512 0.37060
v 0.74586 0.12512 0.38336
v 0.73310 0.12512 0.39945
v 0.71669 0.12512 0.41314
v 0.69540 0.12512 0.41506
v 0.67500 0.12512 0.41272
v 0.65460 0.12512 0.41506
v 0.63331 0.12512 0.41314
v 0.61690 0.12512 0.39945
v 0.60414 0.12512 0.38336
v 0.58805 0.12512 0.37060
v 0.57436 0.12512 0.35419
v 0.57244 0.12512 0.33290
v 0.57478 0.12512 0.31250
v 0.57244 0.12512 0.29210
v 0.57436 0.12512 0.27081
v 0.58805 0.12512 0.25440
v 0.60414 0.12512 0.24164
v 0.61690 0.12512 0.22555
v 0.63331 0.12512 0.21186
v 0.65460 0.12512 0.20994
v 0.67500 0.12512 0.21228
v 0.69540 0.12512 0.20994
v 0.71669 0.12512 0.21186
v 0.73310 0.12512 0.22555
v 0.74586 0.12512 0.24164
v 0.76195 0.12512 0.25440
v 0.77564 0.12512 0.27081
v 0.77756 0.12512 0.29210
v 0.76582 0.14143 0.33056
v 0.76374 0.14143 0.31250
v 0.76411 0.14143 0.34941
v 0.75199 0.14143 0.36394
v 0.73775 0.14143 0.37525
v 0.72644 0.14143 0.38949
v 0.71191 0.14143 0.40161
v 0.69306 0.14143 0.40332
v 0.67500 0.14143 0.40124
v 0.65694 0.14143 0.40332
v 0.63809 0.14143 0.40161
v 0.62356 0.14143 0.38949
v 0.61225 0.14143 0.37525
v 0.59801 0.14143 0.36394
v 0.58589 0.14143 0.34941
v 0.58418 0.14143 0.33056
v 0.58626 0.14143 0.31250
v 0.58418 0.14143 0.29444
v 0.58589 0.14143 0.27559
v 0.59801 0.14143 0.26106
v 0.61225 0.14143 0.24975
v 0.62356 0.14143 0.23551
v 0.63809 0.14143 0.22339
v 0.65694 0.14143 0.22168
v 0.67500 0.14143 0.22376
v 0.69306 0.14143 0.22168
v 0.71191 0.14143 0.22339
v 0.72644 0.14143 0.23551
v 0.73775 0.14143 0.24975
v 0.75199 0.14143 0.26106
v 0.76411 0.14143 0.27559
v 0.76582 0.14143 0.29444
v 0.74877 0.15395 0.32717
v 0.74708 0.15395 0.31250
v 0.74738 0.15395 0.34248
v 0.73754 0.15395 0.35429
v 0.72597 0.15395 0.36347
v 0.71679 0.15395 0.37504
v 0.70498 0.15395 0.38488
v 0.68967 0.15395 0.38627
v 0.67500 0.15395 0.38458
v 0.66033 0.15395 0.38627
v 0.64502 0.15395 0.38488
v 0.63321 0.15395 0.37504
v 0.62403 0.15395 0.36347
v 0.61246 0.15395 0.35429
v 0.60262 0.15395 0.34248
v 0.60123 0.15395 0.32717
v 0.60292 0.15395 0.31250
v 0.60123 0.15395 0.29783
v 0.60262 0.15395 0.28252
v 0.61246 0.15395 0.27071
v 0.62403 0.15395 0.26153
v 0.63321 0.15395 0.24996
v 0.64502 0.15395 0.24012
v 0.66033 0.15395 0.23873
v 0.67500 0.15395 0.24042
v 0.68967 0.15395 0.23873
v 0.70498 0.15395 0.24012
v 0.71679 0.15395 0.24996
v 0.72597 0.15395 0.26153
v 0.73754 0.15395 0.27071
v 0.74738 0.15395 0.28252
v 0.74877 0.15395 0.29783
v 0.72469 0.16182 0.32238
v 0.72355 0.16182 0.31250
v 0.72376 0.16182 0.33270
v 0.71713 0.16182 0.34065
v 0.70933 0.16182 0.34683
v 0.70315 0.16182 0.35463
v 0.69520 0.16182 0.36126
v 0.68488 0.16182 0.36219
v 0.67500 0.16182 0.36105
v 0.66512 0.16182 0.36219
v 0.65480 0.16182 0.36126
v 0.64685 0.16182 0.35463
v 0.64067 0.16182 0.34683
v 0.63287 0.16182 0.34065
v 0.62624 0.16182 0.33270
v 0.62531 0.16182 0.32238
v 0.62645 0.16182 0.31250
v 0.62531 0.16182 0.30262
v 0.62624 0.16182 0.29230
v 0.63287 0.16182 0.28435
v 0.64067 0.16182 0.27817
v 0.64685 0.16182 0.27037
v 0.65480 0.16182 0.26374
v 0.66512 0.16182 0.26281
v 0.67500 0.16182 0.26395
v 0.68488 0.16182 0.26281
v 0.69520 0.16182 0.26374
v 0.70315 0.16182 0.27037
v 0.70933 0.16182 0.27817
v 0.71713 0.16182 0.28435
v 0.72376 0.16182 0.29230
v 0.72469 0.16182 0.30262
v 0.67500 0.16450 0.31250
vt 0.00400 0.08667
vt 0.03500 0.08667
vt 0.00400 0.00400
vt 0.06600 0.08667
vt 0.03500 0.00400
vt 0.09700 0.08667
vt 0.06600 0.00400
vt 0.12800 0.08667
vt 0.09700 0.00400
vt 0.15900 0.08667
vt 0.12800 0.00400
vt 0.19000 0.08667
vt 0.15900 0.00400
vt 0.22100 0.08667
vt 0.19000 0.00400
vt 0.25200 0.08667
vt 0.22100 0.00400
vt 0.28300 0.08667
vt 0.25200 0.00400
vt 0.31400 0.08667
vt 0.28300 0.00400
vt 0.34500 0.08667
vt 0.31400 0.00400
vt 0.37600 0.08667
vt 0.34500 0.00400
vt 0.40700 0.08667
vt 0.37600 0.00400
vt 0.43800 0.08667
vt 0.40700 0.00400
vt 0.46900 0.08667
vt 0.43800 0.00400
vt 0.50000 0.08667
vt 0.46900 0.00400
vt 0.53100 0.08667
vt 0.50000 0.00400
vt 0.56200 0.08667
vt 0.53100 0.00400
vt 0.59300 0.08667
vt 0.56200 0.00400
vt 0.62400 0.08667
vt 0.59300 0.00400
vt 0.65500 0.08667
vt 0.62400 0.00400
vt 0.68600 0.08667
vt 0.65500 0.00400
vt 0.71700 0.08667
vt 0.68600 0.00400
vt 0.74800 0.08667
vt 0.71700 0.00400
vt 0.77900 0.08667
vt 0.74800 0.00400
vt 0.81000 0.08667
vt 0.77900 0.00400
vt 0.84100 0.08667
vt 0.81000 0.00400
vt 0.87200 0.08667
vt 0.84100 0.00400
vt 0.90300 0.08667
vt 0.87200 0.00400
vt 0.93400 0.08667
vt 0.90300 0.00400
vt 0.96500 0.08667
vt 0.93400 0.00400
vt 0.99600 0.08667
vt 0.96500 0.00400
vt 0.03500 0.16933
vt 0.00400 0.16933
vt 0.06600 0.16933
vt 0.09700 0.16933
vt 0.12800 0.16933
vt 0.15900 0.16933
vt 0.19000 0.16933
vt 0.22100 0.16933
vt 0.25200 0.16933
vt 0.28300 0.16933
vt 0.31400 0.16933
vt 0.34500 0.16933
vt 0.37600 0.16933
vt 0.40700 0.16933
vt 0.43800 0.16933
vt 0.46900 0.16933
vt 0.50000 0.16933
vt 0.53100 0.16933
vt 0.56200 0.16933
vt 0.59300 0.16933
vt 0.62400 0.16933
vt 0.65500 0.16933
vt 0.68600 0.16933
vt 0.71700 0.16933
vt 0.74800 0.16933
vt 0.77900 0.16933
vt 0.81000 0.16933
vt 0.84100 0.16933
vt 0.87200 0.16933
vt 0.90300 0.16933
vt 0.93400 0.16933
vt 0.96500 0.16933
vt 0.99600 0.16933
vt 0.03500 0.25200
vt 0.00400 0.25200
vt 0.06600 0.25200
vt 0.09700 0.25200
vt 0.12800 0.25200
vt 0.15900 0.25200
vt 0.19000 0.25200
vt 0.22100 0.25200
vt 0.25200 0.25200
vt 0.28300 0.25200
vt 0.31400 0.25200
vt 0.34500 0.25200
vt 0.37600 0.25200
vt 0.40700 0.25200
vt 0.43800 0.25200
vt 0.46900 0.25200
vt 0.50000 0.25200
vt 0.53100 0.25200
vt 0.56200 0.25200
vt 0.59300 0.25200
vt 0.62400 0.25200
vt 0.65500 0.25200
vt 0.68600 0.25200
vt 0.71700 0.25200
vt 0.74800 0.25200
vt 0.77900 0.25200
vt 0.81000 0.25200
vt 0.84100 0.25200
vt 0.87200 0.25200
vt 0.90300 0.25200
vt 0.93400 0.25200
vt 0.96500 0.25200
vt 0.99600 0.25200
vt 0.03500 0.33467
vt 0.00400 0.33467
vt 0.06600 0.33467
vt 0.09700 0.33467
vt 0.12800 0.33467
vt 0.15900 0.33467
vt 0.19000 0.33467
vt 0.22100 0.33467
vt 0.25200 0.33467
vt 0.28300 0.33467
vt 0.31400 0.33467
vt 0.34500 0.33467
vt 0.37600 0.33467
vt 0.40700 0.33467
vt 0.43800 0.33467
vt 0.46900 0.33467
vt 0.50000 0.33467
vt 0.53100 0.33467
vt 0.56200 0.33467
vt 0.59300 0.33467
vt 0.62400 0.33467
vt 0.65500 0.33467
vt 0.68600 0.33467
vt 0.71700 0.33467
vt 0.74800 0.33467
vt 0.77900 0.33467
vt 0.81000 0.33467
vt 0.84100 0.33467
vt 0.87200 0.33467
vt 0.90300 0.33467
vt 0.93400 0.33467
vt 0.96500 0.33467
vt 0.99600 0.33467
vt 0.03500 0.41733
vt 0.00400 0.41733
vt 0.06600 0.41733
vt 0.09700 0.41733
vt 0.12800 0.41733
vt 0.15900 0.41733
vt 0.19000 0.41733
vt 0.22100 0.41733
vt 0.25200 0.41733
vt 0.28300 0.41733
vt 0.31400 0.41733
vt 0.34500 0.41733
vt 0.37600 0.41733
vt 0.40700 0.41733
vt 0.43800 0.41733
vt 0.46900 0.41733
vt 0.50000 0.41733
vt 0.53100 0.41733
vt 0.56200 0.41733
vt 0.59300 0.41733
vt 0.62400 0.41733
vt 0.65500 0.41733
vt 0.68600 0.41733
vt 0.71700 0.41733
vt 0.74800 0.41733
vt 0.77900 0.41733
vt 0.81000 0.41733
vt 0.84100 0.41733
vt 0.87200 0.41733
vt 0.90300 0.41733
vt 0.93400 0.41733
vt 0.96500 0.41733
vt 0.99600 0.41733
vt 0.03500 0.50000
vt 0.00400 0.50000
vt 0.06600 0.50000
vt 0.09700 0.50000
vt 0.12800 0.50000
vt 0.15900 0.50000
vt 0.19000 0.50000
vt 0.22100 0.50000
vt 0.25200 0.50000
vt 0.28300 0.50000
vt 0.31400 0.50000
vt 0.34500 0.50000
vt 0.37600 0.50000
vt 0.40700 0.50000
vt 0.43800 0.50000
vt 0.46900 0.50000
vt 0.50000 0.50000
vt 0.53100 0.50000
vt 0.56200 0.50000
vt 0.59300 0.50000
vt 0.62400 0.50000
vt 0.65500 0.50000
vt 0.68600 0.50000
vt 0.71700 0.50000
vt 0.74800 0.50000
vt 0.77900 0.50000
vt 0.81000 0.50000
vt 0.84100 0.50000
vt 0.87200 0.50000
vt 0.90300 0.50000
vt 0.93400 0.50000
vt 0.96500 0.50000
vt 0.99600 0.50000
vt 0.03500 0.58267
vt 0.00400 0.58267
vt 0.06600 0.58267
vt 0.09700 0.58267
vt 0.12800 0.58267
vt 0.15900 0.58267
vt 0.19000 0.58267
vt 0.22100 0.58267
vt 0.25200 0.58267
vt 0.28300 0.58267
vt 0.31400 0.58267
vt 0.34500 0.58267
vt 0.37600 0.58267
vt 0.40700 0.58267
vt 0.43800 0.58267
vt 0.46900 0.58267
vt 0.50000 0.58267
vt 0.53100 0.58267
vt 0.56200 0.58267
vt 0.59300 0.58267
vt 0.62400 0.58267
vt 0.65500 0.58267
vt 0.68600 0.58267
vt 0.71700 0.58267
vt 0.74800 0.58267
vt 0.77900 0.58267
vt 0.81000 0.58267
vt 0.84100 0.58267
vt 0.87200 0.58267
vt 0.90300 0.58267
vt 0.93400 0.58267
vt 0.96500 0.58267
vt 0.99600 0.58267
vt 0.03500 0.66533
vt 0.00400 0.66533
vt 0.06600 0.66533
vt 0.09700 0.66533
vt 0.12800 0.66533
vt 0.15900 0.66533
vt 0.19000 0.66533
vt 0.22100 0.66533
vt 0.25200 0.66533
vt 0.28300 0.66533
vt 0.31400 0.66533
vt 0.34500 0.66533
vt 0.37600 0.66533
vt 0.40700 0.66533
vt 0.43800 0.66533
vt 0.46900 0.66533
vt 0.50000 0.66533
vt 0.53100 0.66533
vt 0.56200 0.66533
vt 0.59300 0.66533
vt 0.62400 0.66533
vt 0.65500 0.66533
vt 0.68600 0.66533
vt 0.71700 0.66533
vt 0.74800 0.66533
vt 0.77900 0.66533
vt 0.81000 0.66533
vt 0.84100 0.66533
vt 0.87200 0.66533
vt 0.90300 0.66533
vt 0.93400 0.66533
vt 0.96500 0.66533
vt 0.99600 0.66533
vt 0.03500 0.74800
vt 0.00400 0.74800
vt 0.06600 0.74800
vt 0.09700 0.74800
vt 0.12800 0.74800
vt 0.15900 0.74800
vt 0.19000 0.74800
vt 0.22100 0.74800
vt 0.25200 0.74800
vt 0.28300 0.74800
vt 0.31400 0.74800
vt 0.34500 0.74800
vt 0.37600 0.74800
vt 0.40700 0.74800
vt 0.43800 0.74800
vt 0.46900 0.74800
vt 0.50000 0.74800
vt 0.53100 0.74800
vt 0.56200 0.74800
vt 0.59300 0.74800
vt 0.62400 0.74800
vt 0.65500 0.74800
vt 0.68600 0.74800
vt 0.71700 0.74800
vt 0.74800 0.74800
vt 0.77900 0.74800
vt 0.81000 0.74800
vt 0.84100 0.74800
vt 0.87200 0.74800
vt 0.90300 0.74800
vt 0.93400 0.74800
vt 0.96500 0.74800
vt 0.99600 0.74800
vt 0.03500 0.83067
vt 0.00400 0.83067
vt 0.06600 0.83067
vt 0.09700 0.83067
vt 0.12800 0.83067
vt 0.15900 0.83067
vt 0.19000 0.83067
vt 0.22100 0.83067
vt 0.25200 0.83067
vt 0.28300 0.83067
vt 0.31400 0.83067
vt 0.34500 0.83067
vt 0.37600 0.83067
vt 0.40700 0.83067
vt 0.43800 0.83067
vt 0.46900 0.83067
vt 0.50000 0.83067
vt 0.53100 0.83067
vt 0.56200 0.83067
vt 0.59300 0.83067
vt 0.62400 0.83067
vt 0.65500 0.83067
vt 0.68600 0.83067
vt 0.71700 0.83067
vt 0.74800 0.83067
vt 0.77900 0.83067
vt 0.81000 0.83067
vt 0.84100 0.83067
vt 0.87200 0.83067
vt 0.90300 0.83067
vt 0.93400 0.83067
vt 0.96500 0.83067
vt 0.99600 0.83067
vt 0.03500 0.91333
vt 0.00400 0.91333
vt 0.06600 0.91333
vt 0.09700 0.91333
vt 0.12800 0.91333
vt 0.15900 0.91333
vt 0.19000 0.91333
vt 0.22100 0.91333
vt 0.25200 0.91333
vt 0.28300 0.91333
vt 0.31400 0.91333
vt 0.34500 0.91333
vt 0.37600 0.91333
vt 0.40700 0.91333
vt 0.43800 0.91333
vt 0.46900 0.91333
vt 0.50000 0.91333
vt 0.53100 0.91333
vt 0.56200 0.91333
vt 0.59300 0.91333
vt 0.62400 0.91333
vt 0.65500 0.91333
vt 0.68600 0.91333
vt 0.71700 0.91333
vt 0.74800 0.91333
vt 0.77900 0.91333
vt 0.81000 0.91333
vt 0.84100 0.91333
vt 0.87200 0.91333
vt 0.90300 0.91333
vt 0.93400 0.91333
vt 0.96500 0.91333
vt 0.99600 0.91333
vt 0.03500 0.99600
vt 0.06600 0.99600
vt 0.09700 0.99600
vt 0.12800 0.99600
vt 0.15900 0.99600
vt 0.19000 0.99600
vt 0.22100 0.99600
vt 0.25200 0.99600
vt 0.28300 0.99600
vt 0.31400 0.99600
vt 0.34500 0.99600
vt 0.37600 0.99600
vt 0.40700 0.99600
vt 0.43800 0.99600
vt 0.46900 0.99600
vt 0.50000 0.99600
vt 0.53100 0.99600
vt 0.56200 0.99600
vt 0.59300 0.99600
vt 0.62400 0.99600
vt 0.65500 0.99600
vt 0.68600 0.99600
vt 0.71700 0.99600
vt 0.74800 0.99600
vt 0.77900 0.99600
vt 0.81000 0.99600
vt 0.84100 0.99600
vt 0.87200 0.99600
vt 0.90300 0.99600
vt 0.93400 0.99600
vt 0.96500 0.99600
vt 0.99600 0.99600
vt 0.16933 0.25200
vt 0.33467 0.25200
vt 0.16933 0.00400
vt 0.33467 0.00400
vt 0.66533 0.25200
vt 0.83067 0.25200
vt 0.66533 0.00400
vt 0.83067 0.00400
vt 0.16933 0.50000
vt 0.33467 0.50000
vt 0.66533 0.50000
vt 0.83067 0.50000
vt 0.16933 0.74800
vt 0.33467 0.74800
vt 0.66533 0.74800
vt 0.83067 0.74800
vt 0.16933 0.99600
vt 0.33467 0.99600
vt 0.66533 0.99600
vt 0.83067 0.99600
vn 0.13086 -0.99140 0.00000
vn 0.12834 -0.99140 0.02553
vn 0.04977 -0.99876 0.00000
vn 0.12090 -0.99140 0.05008
vn 0.04882 -0.99876 0.00971
vn 0.10881 -0.99140 0.07270
vn 0.04599 -0.99876 0.01905
vn 0.09253 -0.99140 0.09253
vn 0.04139 -0.99876 0.02765
vn 0.07270 -0.99140 0.10881
vn 0.03520 -0.99876 0.03520
vn 0.05008 -0.99140 0.12090
vn 0.02765 -0.99876 0.04139
vn 0.02553 -0.99140 0.12834
vn 0.01905 -0.99876 0.04599
vn 0.00000 -0.99140 0.13086
vn 0.00971 -0.99876 0.04882
vn -0.02553 -0.99140 0.12834
vn 0.00000 -0.99876 0.04977
vn -0.05008 -0.99140 0.12090
vn -0.00971 -0.99876 0.04882
vn -0.07270 -0.99140 0.10881
vn -0.01905 -0.99876 0.04599
vn -0.09253 -0.99140 0.09253
vn -0.02765 -0.99876 0.04139
vn -0.10881 -0.99140 0.07270
vn -0.03520 -0.99876 0.03520
vn -0.12090 -0.99140 0.05008
vn -0.04139 -0.99876 0.02765
vn -0.12834 -0.99140 0.02553
vn -0.04599 -0.99876 0.01905
vn -0.13086 -0.99140 0.00000
vn -0.04882 -0.99876 0.00971
vn -0.12834 -0.99140 -0.02553
vn -0.04977 -0.99876 0.00000
vn -0.12090 -0.99140 -0.05008
vn -0.04882 -0.99876 -0.00971
vn -0.10881 -0.99140 -0.07270
vn -0.04599 -0.99876 -0.01905
vn -0.09253 -0.99140 -0.09253
vn -0.04139 -0.99876 -0.02765
vn -0.07270 -0.99140 -0.10881
vn -0.03520 -0.99876 -0.03520
vn -0.05008 -0.99140 -0.12090
vn -0.02765 -0.99876 -0.04139
vn -0.02553 -0.99140 -0.12834
vn -0.01905 -0.99876 -0.04599
vn -0.00000 -0.99140 -0.13086
vn -0.00971 -0.99876 -0.04882
vn 0.02553 -0.99140 -0.12834
vn -0.00000 -0.99876 -0.04977
vn 0.05008 -0.99140 -0.12090
vn 0.00971 -0.99876 -0.04882
vn 0.07270 -0.99140 -0.10881
vn 0.01905 -0.99876 -0.04599
vn 0.09253 -0.99140 -0.09253
vn 0.02765 -0.99876 -0.04139
vn 0.10881 -0.99140 -0.07270
vn 0.03520 -0.99876 -0.03520
vn 0.12090 -0.99140 -0.05008
vn 0.04139 -0.99876 -0.02765
vn 0.12834 -0.99140 -0.02553
vn 0.04599 -0.99876 -0.01905
vn 0.13086 -0.99140 -0.00000
vn 0.04882 -0.99876 -0.00971
vn 0.40794 -0.90940 0.08114
vn 0.41593 -0.90940 0.00000
vn 0.38427 -0.90940 0.15917
vn 0.34583 -0.90940 0.23108
vn 0.29411 -0.90940 0.29411
vn 0.23108 -0.90940 0.34583
vn 0.15917 -0.90940 0.38427
vn 0.08114 -0.90940 0.40794
vn 0.00000 -0.90940 0.41593
vn -0.08114 -0.90940 0.40794
vn -0.15917 -0.90940 0.38427
vn -0.23108 -0.90940 0.34583
vn -0.29411 -0.90940 0.29411
vn -0.34583 -0.90940 0.23108
vn -0.38427 -0.90940 0.15917
vn -0.40794 -0.90940 0.08114
vn -0.41593 -0.90940 0.00000
vn -0.40794 -0.90940 -0.08114
vn -0.38427 -0.90940 -0.15917
vn -0.34583 -0.90940 -0.23108
vn -0.29411 -0.90940 -0.29411
vn -0.23108 -0.90940 -0.34583
vn -0.15917 -0.90940 -0.38427
vn -0.08114 -0.90940 -0.40794
vn -0.00000 -0.90940 -0.41593
vn 0.08114 -0.90940 -0.40794
vn 0.15917 -0.90940 -0.38427
vn 0.23108 -0.90940 -0.34583
vn 0.29411 -0.90940 -0.29411
vn 0.34583 -0.90940 -0.23108
vn 0.38427 -0.90940 -0.15917
vn 0.40794 -0.90940 -0.08114
vn 0.41593 -0.90940 -0.00000
vn 0.66550 -0.73456 0.13238
vn 0.67854 -0.73456 0.00000
vn 0.62689 -0.73456 0.25967
vn 0.56418 -0.73456 0.37698
vn 0.47980 -0.73456 0.47980
vn 0.37698 -0.73456 0.56418
vn 0.25967 -0.73456 0.62689
vn 0.13238 -0.73456 0.66550
vn 0.00000 -0.73456 0.67854
vn -0.13238 -0.73456 0.66550
vn -0.25967 -0.73456 0.62689
vn -0.37698 -0.73456 0.56418
vn -0.47980 -0.73456 0.47980
vn -0.56418 -0.73456 0.37698
vn -0.62689 -0.73456 0.25967
vn -0.66550 -0.73456 0.13238
vn -0.67854 -0.73456 0.00000
vn -0.66550 -0.73456 -0.13238
vn -0.62689 -0.73456 -0.25967
vn -0.56418 -0.73456 -0.37698
vn -0.47980 -0.73456 -0.47980
vn -0.37698 -0.73456 -0.56418
vn -0.25967 -0.73456 -0.62689
vn -0.13238 -0.73456 -0.66550
vn -0.00000 -0.73456 -0.67854
vn 0.13238 -0.73456 -0.66550
vn 0.25967 -0.73456 -0.62689
vn 0.37698 -0.73456 -0.56418
vn 0.47980 -0.73456 -0.47980
vn 0.56418 -0.73456 -0.37698
vn 0.62689 -0.73456 -0.25967
vn 0.66550 -0.73456 -0.13238
vn 0.67854 -0.73456 -0.00000
vn 0.85074 -0.49761 0.16922
vn 0.86740 -0.49761 0.00000
vn 0.80138 -0.49761 0.33194
vn 0.72122 -0.49761 0.48190
vn 0.61335 -0.49761 0.61335
vn 0.48190 -0.49761 0.72122
vn 0.33194 -0.49761 0.80138
vn 0.16922 -0.49761 0.85074
vn 0.00000 -0.49761 0.86740
vn -0.16922 -0.49761 0.85074
vn -0.33194 -0.49761 0.80138
vn -0.48190 -0.49761 0.72122
vn -0.61335 -0.49761 0.61335
vn -0.72122 -0.49761 0.48190
vn -0.80138 -0.49761 0.33194
vn -0.85074 -0.49761 0.16922
vn -0.86740 -0.49761 0.00000
vn -0.85074 -0.49761 -0.16922
vn -0.80138 -0.49761 -0.33194
vn -0.72122 -0.49761 -0.48190
vn -0.61335 -0.49761 -0.61335
vn -0.48190 -0.49761 -0.72122
vn -0.33194 -0.49761 -0.80138
vn -0.16922 -0.49761 -0.85074
vn -0.00000 -0.49761 -0.86740
vn 0.16922 -0.49761 -0.85074
vn 0.33194 -0.49761 -0.80138
vn 0.48190 -0.49761 -0.72122
vn 0.61335 -0.49761 -0.61335
vn 0.72122 -0.49761 -0.48190
vn 0.80138 -0.49761 -0.33194
vn 0.85074 -0.49761 -0.16922
vn 0.86740 -0.49761 -0.00000
vn 0.95051 -0.24656 0.18907
vn 0.96913 -0.24656 0.00000
vn 0.89536 -0.24656 0.37087
vn 0.80580 -0.24656 0.53842
vn 0.68528 -0.24656 0.68528
vn 0.53842 -0.24656 0.80580
vn 0.37087 -0.24656 0.89536
vn 0.18907 -0.24656 0.95051
vn 0.00000 -0.24656 0.96913
vn -0.18907 -0.24656 0.95051
vn -0.37087 -0.24656 0.89536
vn -0.53842 -0.24656 0.80580
vn -0.68528 -0.24656 0.68528
vn -0.80580 -0.24656 0.53842
vn -0.89536 -0.24656 0.37087
vn -0.95051 -0.24656 0.18907
vn -0.96913 -0.24656 0.00000
vn -0.95051 -0.24656 -0.18907
vn -0.89536 -0.24656 -0.37087
vn -0.80580 -0.24656 -0.53842
vn -0.68528 -0.24656 -0.68528
vn -0.53842 -0.24656 -0.80580
vn -0.37087 -0.24656 -0.89536
vn -0.18907 -0.24656 -0.95051
vn -0.00000 -0.24656 -0.96913
vn 0.18907 -0.24656 -0.95051
vn 0.37087 -0.24656 -0.89536
vn 0.53842 -0.24656 -0.80580
vn 0.68528 -0.24656 -0.68528
vn 0.80580 -0.24656 -0.53842
vn 0.89536 -0.24656 -0.37087
vn 0.95051 -0.24656 -0.18907
vn 0.96913 -0.24656 -0.00000
vn 0.98079 0.00000 0.19509
vn 1.00000 0.00000 0.00000
vn 0.92388 0.00000 0.38268
vn 0.83147 0.00000 0.55557
vn 0.70711 0.00000 0.70711
vn 0.55557 0.00000 0.83147
vn 0.38268 0.00000 0.92388
vn 0.19509 0.00000 0.98079
vn 0.00000 0.00000 1.00000
vn -0.19509 0.00000 0.98079
vn -0.38268 0.00000 0.92388
vn -0.55557 0.00000 0.83147
vn -0.70711 0.00000 0.70711
vn -0.83147 0.00000 0.55557
vn -0.92388 0.00000 0.38268
vn -0.98079 0.00000 0.19509
vn -1.00000 0.00000 0.00000
vn -0.98079 0.00000 -0.19509
vn -0.92388 0.00000 -0.38268
vn -0.83147 0.00000 -0.55557
vn -0.70711 0.00000 -0.70711
vn -0.55557 0.00000 -0.83147
vn -0.38268 0.00000 -0.92388
vn -0.19509 0.00000 -0.98079
vn -0.00000 0.00000 -1.00000
vn 0.19509 0.00000 -0.98079
vn 0.38268 0.00000 -0.92388
vn 0.55557 0.00000 -0.83147
vn 0.70711 0.00000 -0.70711
vn 0.83147 0.00000 -0.55557
vn 0.92388 0.00000 -0.38268
vn 0.98079 0.00000 -0.19509
vn 1.00000 0.00000 -0.00000
vn 0.95051 0.24656 0.18907
vn 0.96913 0.24656 0.00000
vn 0.89536 0.24656 0.37087
vn 0.80580 0.24656 0.53842
vn 0.68528 0.24656 0.68528
vn 0.53842 0.24656 0.80580
vn 0.37087 0.24656 0.89536
vn 0.18907 0.24656 0.95051
vn 0.00000 0.24656 0.96913
vn -0.18907 0.24656 0.95051
vn -0.37087 0.24656 0.89536
vn -0.53842 0.24656 0.80580
vn -0.68528 0.24656 0.68528
vn -0.80580 0.24656 0.53842
vn -0.89536 0.24656 0.37087
vn -0.95051 0.24656 0.18907
vn -0.96913 0.24656 0.00000
vn -0.95051 0.24656 -0.18907
vn -0.89536 0.24656 -0.37087
vn -0.80580 0.24656 -0.53842
vn -0.68528 0.24656 -0.68528
vn -0.53842 0.24656 -0.80580
vn -0.37087 0.24656 -0.89536
vn -0.18907 0.24656 -0.95051
vn -0.00000 0.24656 -0.96913
vn 0.18907 0.24656 -0.95051
vn 0.37087 0.24656 -0.89536
vn 0.53842 0.24656 -0.80580
vn 0.68528 0.24656 -0.68528
vn 0.80580 0.24656 -0.53842
vn 0.89536 0.24656 -0.37087
vn 0.95051 0.24656 -0.18907
vn 0.96913 0.24656 -0.00000
vn 0.85074 0.49761 0.16922
vn 0.86740 0.49761 0.00000
vn 0.80138 0.49761 0.33194
vn 0.72122 0.49761 0.48190
vn 0.61335 0.49761 0.61335
vn 0.48190 0.49761 0.72122
vn 0.33194 0.49761 0.80138
vn 0.16922 0.49761 0.85074
vn 0.00000 0.49761 0.86740
vn -0.16922 0.49761 0.85074
vn -0.33194 0.49761 0.80138
vn -0.48190 0.49761 0.72122
vn -0.61335 0.49761 0.61335
vn -0.72122 0.49761 0.48190
vn -0.80138 0.49761 0.33194
vn -0.85074 0.49761 0.16922
vn -0.86740 0.49761 0.00000
vn -0.85074 0.49761 -0.16922
vn -0.80138 0.49761 -0.33194
vn -0.72122 0.49761 -0.48190
vn -0.61335 0.49761 -0.61335
vn -0.48190 0.49761 -0.72122
vn -0.33194 0.49761 -0.80138
vn -0.16922 0.49761 -0.85074
vn -0.00000 0.49761 -0.86740
vn 0.16922 0.49761 -0.85074
vn 0.33194 0.49761 -0.80138
vn 0.48190 0.49761 -0.72122
vn 0.61335 0.49761 -0.61335
vn 0.72122 0.49761 -0.48190
vn 0.80138 0.49761 -0.33194
vn 0.85074 0.49761 -0.16922
vn 0.86740 0.49761 -0.00000
vn 0.66550 0.73456 0.13238
vn 0.67854 0.73456 0.00000
vn 0.62689 0.73456 0.25967
vn 0.56418 0.73456 0.37698
vn 0.47980 0.73456 0.47980
vn 0.37698 0.73456 0.56418
vn 0.25967 0.73456 0.62689
vn 0.13238 0.73456 0.66550
vn 0.00000 0.73456 0.67854
vn -0.13238 0.73456 0.66550
vn -0.25967 0.73456 0.62689
vn -0.37698 0.73456 0.56418
vn -0.47980 0.73456 0.47980
vn -0.56418 0.73456 0.37698
vn -0.62689 0.73456 0.25967
vn -0.66550 0.73456 0.13238
vn -0.67854 0.73456 0.00000
vn -0.66550 0.73456 -0.13238
vn -0.62689 0.73456 -0.25967
vn -0.56418 0.73456 -0.37698
vn -0.47980 0.73456 -0.47980
vn -0.37698 0.73456 -0.56418
vn -0.25967 0.73456 -0.62689
vn -0.13238 0.73456 -0.66550
vn -0.00000 0.73456 -0.67854
vn 0.13238 0.73456 -0.66550
vn 0.25967 0.73456 -0.62689
vn 0.37698 0.73456 -0.56418
vn 0.47980 0.73456 -0.47980
vn 0.56418 0.73456 -0.37698
vn 0.62689 0.73456 -0.25967
vn 0.66550 0.73456 -0.13238
vn 0.67854 0.73456 -0.00000
vn 0.40794 0.90940 0.08114
vn 0.41593 0.90940 0.00000
vn 0.38427 0.90940 0.15917
vn 0.34583 0.90940 0.23108
vn 0.29411 0.90940 0.29411
vn 0.23108 0.90940 0.34583
vn 0.15917 0.90940 0.38427
vn 0.08114 0.90940 0.40794
vn 0.00000 0.90940 0.41593
vn -0.08114 0.90940 0.40794
vn -0.15917 0.90940 0.38427
vn -0.23108 0.90940 0.34583
vn -0.29411 0.90940 0.29411
vn -0.34583 0.90940 0.23108
vn -0.38427 0.90940 0.15917
vn -0.40794 0.90940 0.08114
vn -0.41593 0.90940 0.00000
vn -0.40794 0.90940 -0.08114
vn -0.38427 0.90940 -0.15917
vn -0.34583 0.90940 -0.23108
vn -0.29411 0.90940 -0.29411
vn -0.23108 0.90940 -0.34583
vn -0.15917 0.90940 -0.38427
vn -0.08114 0.90940 -0.40794
vn -0.00000 0.90940 -0.41593
vn 0.08114 0.90940 -0.40794
vn 0.15917 0.90940 -0.38427
vn 0.23108 0.90940 -0.34583
vn 0.29411 0.90940 -0.29411
vn 0.34583 0.90940 -0.23108
vn 0.38427 0.90940 -0.15917
vn 0.40794 0.90940 -0.08114
vn 0.41593 0.90940 -0.00000
vn 0.12834 0.99140 0.02553
vn 0.13086 0.99140 0.00000
vn 0.12090 0.99140 0.05008
vn 0.10881 0.99140 0.07270
vn 0.09253 0.99140 0.09253
vn 0.07270 0.99140 0.10881
vn 0.05008 0.99140 0.12090
vn 0.02553 0.99140 0.12834
vn 0.00000 0.99140 0.13086
vn -0.02553 0.99140 0.12834
vn -0.05008 0.99140 0.12090
vn -0.07270 0.99140 0.10881
vn -0.09253 0.99140 0.09253
vn -0.10881 0.99140 0.07270
vn -0.12090 0.99140 0.05008
vn -0.12834 0.99140 0.02553
vn -0.13086 0.99140 0.00000
vn -0.12834 0.99140 -0.02553
vn -0.12090 0.99140 -0.05008
vn -0.10881 0.99140 -0.07270
vn -0.09253 0.99140 -0.09253
vn -0.07270 0.99140 -0.10881
vn -0.05008 0.99140 -0.12090
vn -0.02553 0.99140 -0.12834
vn -0.00000 0.99140 -0.13086
vn 0.02553 0.99140 -0.12834
vn 0.05008 0.99140 -0.12090
vn 0.07270 0.99140 -0.10881
vn 0.09253 0.99140 -0.09253
vn 0.10881 0.99140 -0.07270
vn 0.12090 0.99140 -0.05008
vn 0.12834 0.99140 -0.02553
vn 0.13086 0.99140 -0.00000
vn 0.04882 0.99876 0.00971
vn 0.04599 0.99876 0.01905
vn 0.04139 0.99876 0.02765
vn 0.03520 0.99876 0.03520
vn 0.02765 0.99876 0.04139
vn 0.01905 0.99876 0.04599
vn 0.00971 0.99876 0.04882
vn 0.00000 0.99876 0.04977
vn -0.00971 0.99876 0.04882
vn -0.01905 0.99876 0.04599
vn -0.02765 0.99876 0.04139
vn -0.03520 0.99876 0.03520
vn -0.04139 0.99876 0.02765
vn -0.04599 0.99876 0.01905
vn -0.04882 0.99876 0.00971
vn -0.04977 0.99876 0.00000
vn -0.04882 0.99876 -0.00971
vn -0.04599 0.99876 -0.01905
vn -0.04139 0.99876 -0.02765
vn -0.03520 0.99876 -0.03520
vn -0.02765 0.99876 -0.04139
vn -0.01905 0.99876 -0.04599
vn -0.00971 0.99876 -0.04882
vn -0.00000 0.99876 -0.04977
vn 0.00971 0.99876 -0.04882
vn 0.01905 0.99876 -0.04599
vn 0.02765 0.99876 -0.04139
vn 0.03520 0.99876 -0.03520
vn 0.04139 0.99876 -0.02765
vn 0.04599 0.99876 -0.01905
vn 0.04882 0.99876 -0.00971
vn 0.04977 0.99876 -0.00000
vn 0.98263 -0.18559 0.00000
vn 0.52200 -0.26681 0.81014
vn 0.17365 -0.98481 0.00000
vn -0.39926 -0.42925 0.81014
vn -0.85989 -0.51047 0.00000
vn -0.39926 -0.42925 -0.81014
vn 0.52200 -0.26681 -0.81014
vn 0.98263 -0.18559 -0.00000
vn 0.47699 0.16508 0.86327
vn 0.96782 0.25163 0.00000
vn -0.50468 -0.00801 0.86327
vn -0.99552 -0.09456 0.00000
vn -0.50468 -0.00801 -0.86327
vn 0.47699 0.16508 -0.86327
vn 0.96782 0.25163 -0.00000
vn 0.34279 0.56106 0.75346
vn 0.77119 0.63660 0.00000
vn -0.51401 0.40998 0.75346
vn -0.94242 0.33444 0.00000
vn -0.51401 0.40998 -0.75346
vn 0.34279 0.56106 -0.75346
vn 0.77119 0.63660 -0.00000
vn -0.17365 0.98481 0.00000
vn 0.82219 -0.56921 0.00000
vn 0.36835 -0.45606 0.81014
vn -0.24192 -0.97030 0.00000
vn -0.53934 -0.22975 0.81014
vn -0.99318 -0.11659 0.00000
vn -0.53934 -0.22975 -0.81014
vn 0.36835 -0.45606 -0.81014
vn 0.82219 -0.56921 -0.00000
vn 0.50289 -0.04320 0.86327
vn 0.98650 -0.16377 0.00000
vn -0.46431 0.19795 0.86327
vn -0.94791 0.31853 0.00000
vn -0.46431 0.19795 -0.86327
vn 0.50289 -0.04320 -0.86327
vn 0.98650 -0.16377 -0.00000
vn 0.54136 0.37313 0.75346
vn 0.96345 0.26789 0.00000
vn -0.30282 0.58361 0.75346
vn -0.72491 0.68885 0.00000
vn -0.30282 0.58361 -0.75346
vn 0.54136 0.37313 -0.75346
vn 0.96345 0.26789 -0.00000
vn 0.24192 0.97030 0.00000
vn 0.96729 -0.25368 0.00000
vn 0.50211 -0.30257 0.81014
vn 0.10453 -0.99452 0.00000
vn -0.42823 -0.40036 0.81014
vn -0.89341 -0.44925 0.00000
vn -0.42823 -0.40036 -0.81014
vn 0.50211 -0.30257 -0.81014
vn 0.96729 -0.25368 -0.00000
vn 0.48734 0.13141 0.86327
vn 0.98302 0.18350 0.00000
vn -0.50401 0.02721 0.86327
vn -0.99969 -0.02489 0.00000
vn -0.50401 0.02721 -0.86327
vn 0.48734 0.13141 -0.86327
vn 0.98302 0.18350 -0.00000
vn 0.38109 0.53578 0.75346
vn 0.81372 0.58125 0.00000
vn -0.48416 0.44484 0.75346
vn -0.91679 0.39937 0.00000
vn -0.48416 0.44484 -0.75346
vn 0.38109 0.53578 -0.75346
vn 0.81372 0.58125 -0.00000
vn -0.10453 0.99452 0.00000
vn 0.13238 -0.99120 0.00000
vn 0.12984 -0.99120 0.02583
vn 0.05036 -0.99873 0.00000
vn 0.12230 -0.99120 0.05066
vn 0.04939 -0.99873 0.00983
vn 0.11007 -0.99120 0.07355
vn 0.04653 -0.99873 0.01927
vn 0.09361 -0.99120 0.09361
vn 0.04187 -0.99873 0.02798
vn 0.07355 -0.99120 0.11007
vn 0.03561 -0.99873 0.03561
vn 0.05066 -0.99120 0.12230
vn 0.02798 -0.99873 0.04187
vn 0.02583 -0.99120 0.12984
vn 0.01927 -0.99873 0.04653
vn 0.00000 -0.99120 0.13238
vn 0.00983 -0.99873 0.04939
vn -0.02583 -0.99120 0.12984
vn 0.00000 -0.99873 0.05036
vn -0.05066 -0.99120 0.12230
vn -0.00983 -0.99873 0.04939
vn -0.07355 -0.99120 0.11007
vn -0.01927 -0.99873 0.04653
vn -0.09361 -0.99120 0.09361
vn -0.02798 -0.99873 0.04187
vn -0.11007 -0.99120 0.07355
vn -0.03561 -0.99873 0.03561
vn -0.12230 -0.99120 0.05066
vn -0.04187 -0.99873 0.02798
vn -0.12984 -0.99120 0.02583
vn -0.04653 -0.99873 0.01927
vn -0.13238 -0.99120 0.00000
vn -0.04939 -0.99873 0.00983
vn -0.12984 -0.99120 -0.02583
vn -0.05036 -0.99873 0.00000
vn -0.12230 -0.99120 -0.05066
vn -0.04939 -0.99873 -0.00983
vn -0.11007 -0.99120 -0.07355
vn -0.04653 -0.99873 -0.01927
vn -0.09361 -0.99120 -0.09361
vn -0.04187 -0.99873 -0.02798
vn -0.07355 -0.99120 -0.11007
vn -0.03561 -0.99873 -0.03561
vn -0.05066 -0.99120 -0.12230
vn -0.02798 -0.99873 -0.04187
vn -0.02583 -0.99120 -0.12984
vn -0.01927 -0.99873 -0.04653
vn -0.00000 -0.99120 -0.13238
vn -0.00983 -0.99873 -0.04939
vn 0.02583 -0.99120 -0.12984
vn -0.00000 -0.99873 -0.05036
vn 0.05066 -0.99120 -0.12230
vn 0.00983 -0.99873 -0.04939
vn 0.07355 -0.99120 -0.11007
vn 0.01927 -0.99873 -0.04653
vn 0.09361 -0.99120 -0.09361
vn 0.02798 -0.99873 -0.04187
vn 0.11007 -0.99120 -0.07355
vn 0.03561 -0.99873 -0.03561
vn 0.12230 -0.99120 -0.05066
vn 0.04187 -0.99873 -0.02798
vn 0.12984 -0.99120 -0.02583
vn 0.04653 -0.99873 -0.01927
vn 0.13238 -0.99120 -0.00000
vn 0.04939 -0.99873 -0.00983
vn 0.41192 -0.90753 0.08194
vn 0.41999 -0.90753 0.00000
vn 0.38802 -0.90753 0.16072
vn 0.34921 -0.90753 0.23333
vn 0.29698 -0.90753 0.29698
vn 0.23333 -0.90753 0.34921
vn 0.16072 -0.90753 0.38802
vn 0.08194 -0.90753 0.41192
vn 0.00000 -0.90753 0.41999
vn -0.08194 -0.90753 0.41192
vn -0.16072 -0.90753 0.38802
vn -0.23333 -0.90753 0.34921
vn -0.29698 -0.90753 0.29698
vn -0.34921 -0.90753 0.23333
vn -0.38802 -0.90753 0.16072
vn -0.41192 -0.90753 0.08194
vn -0.41999 -0.90753 0.00000
vn -0.41192 -0.90753 -0.08194
vn -0.38802 -0.90753 -0.16072
vn -0.34921 -0.90753 -0.23333
vn -0.29698 -0.90753 -0.29698
vn -0.23333 -0.90753 -0.34921
vn -0.16072 -0.90753 -0.38802
vn -0.08194 -0.90753 -0.41192
vn -0.00000 -0.90753 -0.41999
vn 0.08194 -0.90753 -0.41192
vn 0.16072 -0.90753 -0.38802
vn 0.23333 -0.90753 -0.34921
vn 0.29698 -0.90753 -0.29698
vn 0.34921 -0.90753 -0.23333
vn 0.38802 -0.90753 -0.16072
vn 0.41192 -0.90753 -0.08194
vn 0.41999 -0.90753 -0.00000
vn 0.66972 -0.73057 0.13321
vn 0.68284 -0.73057 0.00000
vn 0.63086 -0.73057 0.26131
vn 0.56776 -0.73057 0.37936
vn 0.48284 -0.73057 0.48284
vn 0.37936 -0.73057 0.56776
vn 0.26131 -0.73057 0.63086
vn 0.13321 -0.73057 0.66972
vn 0.00000 -0.73057 0.68284
vn -0.13321 -0.73057 0.66972
vn -0.26131 -0.73057 0.63086
vn -0.37936 -0.73057 0.56776
vn -0.48284 -0.73057 0.48284
vn -0.56776 -0.73057 0.37936
vn -0.63086 -0.73057 0.26131
vn -0.66972 -0.73057 0.13321
vn -0.68284 -0.73057 0.00000
vn -0.66972 -0.73057 -0.13321
vn -0.63086 -0.73057 -0.26131
vn -0.56776 -0.73057 -0.37936
vn -0.48284 -0.73057 -0.48284
vn -0.37936 -0.73057 -0.56776
vn -0.26131 -0.73057 -0.63086
vn -0.13321 -0.73057 -0.66972
vn -0.00000 -0.73057 -0.68284
vn 0.13321 -0.73057 -0.66972
vn 0.26131 -0.73057 -0.63086
vn 0.37936 -0.73057 -0.56776
vn 0.48284 -0.73057 -0.48284
vn 0.56776 -0.73057 -0.37936
vn 0.63086 -0.73057 -0.26131
vn 0.66972 -0.73057 -0.13321
vn 0.68284 -0.73057 -0.00000
vn 0.85320 -0.49321 0.16971
vn 0.86991 -0.49321 0.00000
vn 0.80369 -0.49321 0.33290
vn 0.72330 -0.49321 0.48330
vn 0.61512 -0.49321 0.61512
vn 0.48330 -0.49321 0.72330
vn 0.33290 -0.49321 0.80369
vn 0.16971 -0.49321 0.85320
vn 0.00000 -0.49321 0.86991
vn -0.16971 -0.49321 0.85320
vn -0.33290 -0.49321 0.80369
vn -0.48330 -0.49321 0.72330
vn -0.61512 -0.49321 0.61512
vn -0.72330 -0.49321 0.48330
vn -0.80369 -0.49321 0.33290
vn -0.85320 -0.49321 0.16971
vn -0.86991 -0.49321 0.00000
vn -0.85320 -0.49321 -0.16971
vn -0.80369 -0.49321 -0.33290
vn -0.72330 -0.49321 -0.48330
vn -0.61512 -0.49321 -0.61512
vn -0.48330 -0.49321 -0.72330
vn -0.33290 -0.49321 -0.80369
vn -0.16971 -0.49321 -0.85320
vn -0.00000 -0.49321 -0.86991
vn 0.16971 -0.49321 -0.85320
vn 0.33290 -0.49321 -0.80369
vn 0.48330 -0.49321 -0.72330
vn 0.61512 -0.49321 -0.61512
vn 0.72330 -0.49321 -0.48330
vn 0.80369 -0.49321 -0.33290
vn 0.85320 -0.49321 -0.16971
vn 0.86991 -0.49321 -0.00000
vn 0.95118 -0.24385 0.18920
vn 0.96981 -0.24385 0.00000
vn 0.89599 -0.24385 0.37113
vn 0.80637 -0.24385 0.53880
vn 0.68576 -0.24385 0.68576
vn 0.53880 -0.24385 0.80637
vn 0.37113 -0.24385 0.89599
vn 0.18920 -0.24385 0.95118
vn 0.00000 -0.24385 0.96981
vn -0.18920 -0.24385 0.95118
vn -0.37113 -0.24385 0.89599
vn -0.53880 -0.24385 0.80637
vn -0.68576 -0.24385 0.68576
vn -0.80637 -0.24385 0.53880
vn -0.89599 -0.24385 0.37113
vn -0.95118 -0.24385 0.18920
vn -0.96981 -0.24385 0.00000
vn -0.95118 -0.24385 -0.18920
vn -0.89599 -0.24385 -0.37113
vn -0.80637 -0.24385 -0.53880
vn -0.68576 -0.24385 -0.68576
vn -0.53880 -0.24385 -0.80637
vn -0.37113 -0.24385 -0.89599
vn -0.18920 -0.24385 -0.95118
vn -0.00000 -0.24385 -0.96981
vn 0.18920 -0.24385 -0.95118
vn 0.37113 -0.24385 -0.89599
vn 0.53880 -0.24385 -0.80637
vn 0.68576 -0.24385 -0.68576
vn 0.80637 -0.24385 -0.53880
vn 0.89599 -0.24385 -0.37113
vn 0.95118 -0.24385 -0.18920
vn 0.96981 -0.24385 -0.00000
vn 0.95118 0.24385 0.18920
vn 0.96981 0.24385 0.00000
vn 0.89599 0.24385 0.37113
vn 0.80637 0.24385 0.53880
vn 0.68576 0.24385 0.68576
vn 0.53880 0.24385 0.80637
vn 0.37113 0.24385 0.89599
vn 0.18920 0.24385 0.95118
vn 0.00000 0.24385 0.96981
vn -0.18920 0.24385 0.95118
vn -0.37113 0.24385 0.89599
vn -0.53880 0.24385 0.80637
vn -0.68576 0.24385 0.68576
vn -0.80637 0.24385 0.53880
vn -0.89599 0.24385 0.37113
vn -0.95118 0.24385 0.18920
vn -0.96981 0.24385 0.00000
vn -0.95118 0.24385 -0.18920
vn -0.89599 0.24385 -0.37113
vn -0.80637 0.24385 -0.53880
vn -0.68576 0.24385 -0.68576
vn -0.53880 0.24385 -0.80637
vn -0.37113 0.24385 -0.89599
vn -0.18920 0.24385 -0.95118
vn -0.00000 0.24385 -0.96981
vn 0.18920 0.24385 -0.95118
vn 0.37113 0.24385 -0.89599
vn 0.53880 0.24385 -0.80637
vn 0.68576 0.24385 -0.68576
vn 0.80637 0.24385 -0.53880
vn 0.89599 0.24385 -0.37113
vn 0.95118 0.24385 -0.18920
vn 0.96981 0.24385 -0.00000
vn 0.85320 0.49321 0.16971
vn 0.86991 0.49321 0.00000
vn 0.80369 0.49321 0.33290
vn 0.72330 0.49321 0.48330
vn 0.61512 0.49321 0.61512
vn 0.48330 0.49321 0.72330
vn 0.33290 0.49321 0.80369
vn 0.16971 0.49321 0.85320
vn 0.00000 0.49321 0.86991
vn -0.16971 0.49321 0.85320
vn -0.33290 0.49321 0.80369
vn -0.48330 0.49321 0.72330
vn -0.61512 0.49321 0.61512
vn -0.72330 0.49321 0.48330
vn -0.80369 0.49321 0.33290
vn -0.85320 0.49321 0.16971
vn -0.86991 0.49321 0.00000
vn -0.85320 0.49321 -0.16971
vn -0.80369 0.49321 -0.33290
vn -0.72330 0.49321 -0.48330
vn -0.61512 0.49321 -0.61512
vn -0.48330 0.49321 -0.72330
vn -0.33290 0.49321 -0.80369
vn -0.16971 0.49321 -0.85320
vn -0.00000 0.49321 -0.86991
vn 0.16971 0.49321 -0.85320
vn 0.33290 0.49321 -0.80369
vn 0.48330 0.49321 -0.72330
vn 0.61512 0.49321 -0.61512
vn 0.72330 0.49321 -0.48330
vn 0.80369 0.49321 -0.33290
vn 0.85320 0.49321 -0.16971
vn 0.86991 0.49321 -0.00000
vn 0.66972 0.73057 0.13321
vn 0.68284 0.73057 0.00000
vn 0.63086 0.73057 0.26131
vn 0.56776 0.73057 0.37936
vn 0.48284 0.73057 0.48284
vn 0.37936 0.73057 0.56776
vn 0.26131 0.73057 0.63086
vn 0.13321 0.73057 0.66972
vn 0.00000 0.73057 0.68284
vn -0.13321 0.73057 0.66972
vn -0.26131 0.73057 0.63086
vn -0.37936 0.73057 0.56776
vn -0.48284 0.73057 0.48284
vn -0.56776 0.73057 0.37936
vn -0.63086 0.73057 0.26131
vn -0.66972 0.73057 0.13321
vn -0.68284 0.73057 0.00000
vn -0.66972 0.73057 -0.13321
vn -0.63086 0.73057 -0.26131
vn -0.56776 0.73057 -0.37936
vn -0.48284 0.73057 -0.48284
vn -0.37936 0.73057 -0.56776
vn -0.26131 0.73057 -0.63086
vn -0.13321 0.73057 -0.66972
vn -0.00000 0.73057 -0.68284
vn 0.13321 0.73057 -0.66972
vn 0.26131 0.73057 -0.63086
vn 0.37936 0.73057 -0.56776
vn 0.48284 0.73057 -0.48284
vn 0.56776 0.73057 -0.37936
vn 0.63086 0.73057 -0.26131
vn 0.66972 0.73057 -0.13321
vn 0.68284 0.73057 -0.00000
vn 0.41192 0.90753 0.08194
vn 0.41999 0.90753 0.00000
vn 0.38802 0.90753 0.16072
vn 0.34921 0.90753 0.23333
vn 0.29698 0.90753 0.29698
vn 0.23333 0.90753 0.34921
vn 0.16072 0.90753 0.38802
vn 0.08194 0.90753 0.41192
vn 0.00000 0.90753 0.41999
vn -0.08194 0.90753 0.41192
vn -0.16072 0.90753 0.38802
vn -0.23333 0.90753 0.34921
vn -0.29698 0.90753 0.29698
vn -0.34921 0.90753 0.23333
vn -0.38802 0.90753 0.16072
vn -0.41192 0.90753 0.08194
vn -0.41999 0.90753 0.00000
vn -0.41192 0.90753 -0.08194
vn -0.38802 0.90753 -0.16072
vn -0.34921 0.90753 -0.23333
vn -0.29698 0.90753 -0.29698
vn -0.23333 0.90753 -0.34921
vn -0.16072 0.90753 -0.38802
vn -0.08194 0.90753 -0.41192
vn -0.00000 0.90753 -0.41999
vn 0.08194 0.90753 -0.41192
vn 0.16072 0.90753 -0.38802
vn 0.23333 0.90753 -0.34921
vn 0.29698 0.90753 -0.29698
vn 0.34921 0.90753 -0.23333
vn 0.38802 0.90753 -0.16072
vn 0.41192 0.90753 -0.08194
vn 0.41999 0.90753 -0.00000
vn 0.12984 0.99120 0.02583
vn 0.13238 0.99120 0.00000
vn 0.12230 0.99120 0.05066
vn 0.11007 0.99120 0.07355
vn 0.09361 0.99120 0.09361
vn 0.07355 0.99120 0.11007
vn 0.05066 0.99120 0.12230
vn 0.02583 0.99120 0.12984
vn 0.00000 0.99120 0.13238
vn -0.02583 0.99120 0.12984
vn -0.05066 0.99120 0.12230
vn -0.07355 0.99120 0.11007
vn -0.09361 0.99120 0.09361
vn -0.11007 0.99120 0.07355
vn -0.12230 0.99120 0.05066
vn -0.12984 0.99120 0.02583
vn -0.13238 0.99120 0.00000
vn -0.12984 0.99120 -0.02583
vn -0.12230 0.99120 -0.05066
vn -0.11007 0.99120 -0.07355
vn -0.09361 0.99120 -0.09361
vn -0.07355 0.99120 -0.11007
vn -0.05066 0.99120 -0.12230
vn -0.02583 0.99120 -0.12984
vn -0.00000 0.99120 -0.13238
vn 0.02583 0.99120 -0.12984
vn 0.05066 0.99120 -0.12230
vn 0.07355 0.99120 -0.11007
vn 0.09361 0.99120 -0.09361
vn 0.11007 0.99120 -0.07355
vn 0.12230 0.99120 -0.05066
vn 0.12984 0.99120 -0.02583
vn 0.13238 0.99120 -0.00000
vn 0.04939 0.99873 0.00983
vn 0.04653 0.99873 0.01927
vn 0.04187 0.99873 0.02798
vn 0.03561 0.99873 0.03561
vn 0.02798 0.99873 0.04187
vn 0.01927 0.99873 0.04653
vn 0.00983 0.99873 0.04939
vn 0.00000 0.99873 0.05036
vn -0.00983 0.99873 0.04939
vn -0.01927 0.99873 0.04653
vn -0.02798 0.99873 0.04187
vn -0.03561 0.99873 0.03561
vn -0.04187 0.99873 0.02798
vn -0.04653 0.99873 0.01927
vn -0.04939 0.99873 0.00983
vn -0.05036 0.99873 0.00000
vn -0.04939 0.99873 -0.00983
vn -0.04653 0.99873 -0.01927
vn -0.04187 0.99873 -0.02798
vn -0.03561 0.99873 -0.03561
vn -0.02798 0.99873 -0.04187
vn -0.01927 0.99873 -0.04653
vn -0.00983 0.99873 -0.04939
vn -0.00000 0.99873 -0.05036
vn 0.00983 0.99873 -0.04939
vn 0.01927 0.99873 -0.04653
vn 0.02798 0.99873 -0.04187
vn 0.03561 0.99873 -0.03561
vn 0.04187 0.99873 -0.02798
vn 0.04653 0.99873 -0.01927
vn 0.04939 0.99873 -0.00983
vn 0.05036 0.99873 -0.00000
vn 0.13346 -0.99105 0.00000
vn 0.13090 -0.99105 0.02604
vn 0.05078 -0.99871 0.00000
vn 0.12330 -0.99105 0.05107
vn 0.04980 -0.99871 0.00991
vn 0.11097 -0.99105 0.07415
vn 0.04691 -0.99871 0.01943
vn 0.09437 -0.99105 0.09437
vn 0.04222 -0.99871 0.02821
vn 0.07415 -0.99105 0.11097
vn 0.03591 -0.99871 0.03591
vn 0.05107 -0.99105 0.12330
vn 0.02821 -0.99871 0.04222
vn 0.02604 -0.99105 0.13090
vn 0.01943 -0.99871 0.04691
vn 0.00000 -0.99105 0.13346
vn 0.00991 -0.99871 0.04980
vn -0.02604 -0.99105 0.13090
vn 0.00000 -0.99871 0.05078
vn -0.05107 -0.99105 0.12330
vn -0.00991 -0.99871 0.04980
vn -0.07415 -0.99105 0.11097
vn -0.01943 -0.99871 0.04691
vn -0.09437 -0.99105 0.09437
vn -0.02821 -0.99871 0.04222
vn -0.11097 -0.99105 0.07415
vn -0.03591 -0.99871 0.03591
vn -0.12330 -0.99105 0.05107
vn -0.04222 -0.99871 0.02821
vn -0.13090 -0.99105 0.02604
vn -0.04691 -0.99871 0.01943
vn -0.13346 -0.99105 0.00000
vn -0.04980 -0.99871 0.00991
vn -0.13090 -0.99105 -0.02604
vn -0.05078 -0.99871 0.00000
vn -0.12330 -0.99105 -0.05107
vn -0.04980 -0.99871 -0.00991
vn -0.11097 -0.99105 -0.07415
vn -0.04691 -0.99871 -0.01943
vn -0.09437 -0.99105 -0.09437
vn -0.04222 -0.99871 -0.02821
vn -0.07415 -0.99105 -0.11097
vn -0.03591 -0.99871 -0.03591
vn -0.05107 -0.99105 -0.12330
vn -0.02821 -0.99871 -0.04222
vn -0.02604 -0.99105 -0.13090
vn -0.01943 -0.99871 -0.04691
vn -0.00000 -0.99105 -0.13346
vn -0.00991 -0.99871 -0.04980
vn 0.02604 -0.99105 -0.13090
vn -0.00000 -0.99871 -0.05078
vn 0.05107 -0.99105 -0.12330
vn 0.00991 -0.99871 -0.04980
vn 0.07415 -0.99105 -0.11097
vn 0.01943 -0.99871 -0.04691
vn 0.09437 -0.99105 -0.09437
vn 0.02821 -0.99871 -0.04222
vn 0.11097 -0.99105 -0.07415
vn 0.03591 -0.99871 -0.03591
vn 0.12330 -0.99105 -0.05107
vn 0.04222 -0.99871 -0.02821
vn 0.13090 -0.99105 -0.02604
vn 0.04691 -0.99871 -0.01943
vn 0.13346 -0.99105 -0.00000
vn 0.04980 -0.99871 -0.00991
vn 0.41473 -0.90620 0.08249
vn 0.42285 -0.90620 0.00000
vn 0.39067 -0.90620 0.16182
vn 0.35159 -0.90620 0.23493
vn 0.29900 -0.90620 0.29900
vn 0.23493 -0.90620 0.35159
vn 0.16182 -0.90620 0.39067
vn 0.08249 -0.90620 0.41473
vn 0.00000 -0.90620 0.42285
vn -0.08249 -0.90620 0.41473
vn -0.16182 -0.90620 0.39067
vn -0.23493 -0.90620 0.35159
vn -0.29900 -0.90620 0.29900
vn -0.35159 -0.90620 0.23493
vn -0.39067 -0.90620 0.16182
vn -0.41473 -0.90620 0.08249
vn -0.42285 -0.90620 0.00000
vn -0.41473 -0.90620 -0.08249
vn -0.39067 -0.90620 -0.16182
vn -0.35159 -0.90620 -0.23493
vn -0.29900 -0.90620 -0.29900
vn -0.23493 -0.90620 -0.35159
vn -0.16182 -0.90620 -0.39067
vn -0.08249 -0.90620 -0.41473
vn -0.00000 -0.90620 -0.42285
vn 0.08249 -0.90620 -0.41473
vn 0.16182 -0.90620 -0.39067
vn 0.23493 -0.90620 -0.35159
vn 0.29900 -0.90620 -0.29900
vn 0.35159 -0.90620 -0.23493
vn 0.39067 -0.90620 -0.16182
vn 0.41473 -0.90620 -0.08249
vn 0.42285 -0.90620 -0.00000
vn 0.67267 -0.72775 0.13380
vn 0.68585 -0.72775 0.00000
vn 0.63364 -0.72775 0.26246
vn 0.57026 -0.72775 0.38104
vn 0.48497 -0.72775 0.48497
vn 0.38104 -0.72775 0.57026
vn 0.26246 -0.72775 0.63364
vn 0.13380 -0.72775 0.67267
vn 0.00000 -0.72775 0.68585
vn -0.13380 -0.72775 0.67267
vn -0.26246 -0.72775 0.63364
vn -0.38104 -0.72775 0.57026
vn -0.48497 -0.72775 0.48497
vn -0.57026 -0.72775 0.38104
vn -0.63364 -0.72775 0.26246
vn -0.67267 -0.72775 0.13380
vn -0.68585 -0.72775 0.00000
vn -0.67267 -0.72775 -0.13380
vn -0.63364 -0.72775 -0.26246
vn -0.57026 -0.72775 -0.38104
vn -0.48497 -0.72775 -0.48497
vn -0.38104 -0.72775 -0.57026
vn -0.26246 -0.72775 -0.63364
vn -0.13380 -0.72775 -0.67267
vn -0.00000 -0.72775 -0.68585
vn 0.13380 -0.72775 -0.67267
vn 0.26246 -0.72775 -0.63364
vn 0.38104 -0.72775 -0.57026
vn 0.48497 -0.72775 -0.48497
vn 0.57026 -0.72775 -0.38104
vn 0.63364 -0.72775 -0.26246
vn 0.67267 -0.72775 -0.13380
vn 0.68585 -0.72775 -0.00000
vn 0.85490 -0.49012 0.17005
vn 0.87165 -0.49012 0.00000
vn 0.80530 -0.49012 0.33357
vn 0.72475 -0.49012 0.48426
vn 0.61635 -0.49012 0.61635
vn 0.48426 -0.49012 0.72475
vn 0.33357 -0.49012 0.80530
vn 0.17005 -0.49012 0.85490
vn 0.00000 -0.49012 0.87165
vn -0.17005 -0.49012 0.85490
vn -0.33357 -0.49012 0.80530
vn -0.48426 -0.49012 0.72475
vn -0.61635 -0.49012 0.61635
vn -0.72475 -0.49012 0.48426
vn -0.80530 -0.49012 0.33357
vn -0.85490 -0.49012 0.17005
vn -0.87165 -0.49012 0.00000
vn -0.85490 -0.49012 -0.17005
vn -0.80530 -0.49012 -0.33357
vn -0.72475 -0.49012 -0.48426
vn -0.61635 -0.49012 -0.61635
vn -0.48426 -0.49012 -0.72475
vn -0.33357 -0.49012 -0.80530
vn -0.17005 -0.49012 -0.85490
vn -0.00000 -0.49012 -0.87165
vn 0.17005 -0.49012 -0.85490
vn 0.33357 -0.49012 -0.80530
vn 0.48426 -0.49012 -0.72475
vn 0.61635 -0.49012 -0.61635
vn 0.72475 -0.49012 -0.48426
vn 0.80530 -0.49012 -0.33357
vn 0.85490 -0.49012 -0.17005
vn 0.87165 -0.49012 -0.00000
vn 0.95164 -0.24196 0.18929
vn 0.97029 -0.24196 0.00000
vn 0.89643 -0.24196 0.37131
vn 0.80676 -0.24196 0.53906
vn 0.68610 -0.24196 0.68610
vn 0.53906 -0.24196 0.80676
vn 0.37131 -0.24196 0.89643
vn 0.18929 -0.24196 0.95164
vn 0.00000 -0.24196 0.97029
vn -0.18929 -0.24196 0.95164
vn -0.37131 -0.24196 0.89643
vn -0.53906 -0.24196 0.80676
vn -0.68610 -0.24196 0.68610
vn -0.80676 -0.24196 0.53906
vn -0.89643 -0.24196 0.37131
vn -0.95164 -0.24196 0.18929
vn -0.97029 -0.24196 0.00000
vn -0.95164 -0.24196 -0.18929
vn -0.89643 -0.24196 -0.37131
vn -0.80676 -0.24196 -0.53906
vn -0.68610 -0.24196 -0.68610
vn -0.53906 -0.24196 -0.80676
vn -0.37131 -0.24196 -0.89643
vn -0.18929 -0.24196 -0.95164
vn -0.00000 -0.24196 -0.97029
vn 0.18929 -0.24196 -0.95164
vn 0.37131 -0.24196 -0.89643
vn 0.53906 -0.24196 -0.80676
vn 0.68610 -0.24196 -0.68610
vn 0.80676 -0.24196 -0.53906
vn 0.89643 -0.24196 -0.37131
vn 0.95164 -0.24196 -0.18929
vn 0.97029 -0.24196 -0.00000
vn 0.95164 0.24196 0.18929
vn 0.97029 0.24196 0.00000
vn 0.89643 0.24196 0.37131
vn 0.80676 0.24196 0.53906
vn 0.68610 0.24196 0.68610
vn 0.53906 0.24196 0.80676
vn 0.37131 0.24196 0.89643
vn 0.18929 0.24196 0.95164
vn 0.00000 0.24196 0.97029
vn -0.18929 0.24196 0.95164
vn -0.37131 0.24196 0.89643
vn -0.53906 0.24196 0.80676
vn -0.68610 0.24196 0.68610
vn -0.80676 0.24196 0.53906
vn -0.89643 0.24196 0.37131
vn -0.95164 0.24196 0.18929
vn -0.97029 0.24196 0.00000
vn -0.95164 0.24196 -0.18929
vn -0.89643 0.24196 -0.37131
vn -0.80676 0.24196 -0.53906
vn -0.68610 0.24196 -0.68610
vn -0.53906 0.24196 -0.80676
vn -0.37131 0.24196 -0.89643
vn -0.18929 0.24196 -0.95164
vn -0.00000 0.24196 -0.97029
vn 0.18929 0.24196 -0.95164
vn 0.37131 0.24196 -0.89643
vn 0.53906 0.24196 -0.80676
vn 0.68610 0.24196 -0.68610
vn 0.80676 0.24196 -0.53906
vn 0.89643 0.24196 -0.37131
vn 0.95164 0.24196 -0.18929
vn 0.97029 0.24196 -0.00000
vn 0.85490 0.49012 0.17005
vn 0.87165 0.49012 0.00000
vn 0.80530 0.49012 0.33357
vn 0.72475 0.49012 0.48426
vn 0.61635 0.49012 0.61635
vn 0.48426 0.49012 0.72475
vn 0.33357 0.49012 0.80530
vn 0.17005 0.49012 0.85490
vn 0.00000 0.49012 0.87165
vn -0.17005 0.49012 0.85490
vn -0.33357 0.49012 0.80530
vn -0.48426 0.49012 0.72475
vn -0.61635 0.49012 0.61635
vn -0.72475 0.49012 0.48426
vn -0.80530 0.49012 0.33357
vn -0.85490 0.49012 0.17005
vn -0.87165 0.49012 0.00000
vn -0.85490 0.49012 -0.17005
vn -0.80530 0.49012 -0.33357
vn -0.72475 0.49012 -0.48426
vn -0.61635 0.49012 -0.61635
vn -0.48426 0.49012 -0.72475
vn -0.33357 0.49012 -0.80530
vn -0.17005 0.49012 -0.85490
vn -0.00000 0.49012 -0.87165
vn 0.17005 0.49012 -0.85490
vn 0.33357 0.49012 -0.80530
vn 0.48426 0.49012 -0.72475
vn 0.61635 0.49012 -0.61635
vn 0.72475 0.49012 -0.48426
vn 0.80530 0.49012 -0.33357
vn 0.85490 0.49012 -0.17005
vn 0.87165 0.49012 -0.00000
vn 0.67267 0.72775 0.13380
vn 0.68585 0.72775 0.00000
vn 0.63364 0.72775 0.26246
vn 0.57026 0.72775 0.38104
vn 0.48497 0.72775 0.48497
vn 0.38104 0.72775 0.57026
vn 0.26246 0.72775 0.63364
vn 0.13380 0.72775 0.67267
vn 0.00000 0.72775 0.68585
vn -0.13380 0.72775 0.67267
vn -0.26246 0.72775 0.63364
vn -0.38104 0.72775 0.57026
vn -0.48497 0.72775 0.48497
vn -0.57026 0.72775 0.38104
vn -0.63364 0.72775 0.26246
vn -0.67267 0.72775 0.13380
vn -0.68585 0.72775 0.00000
vn -0.67267 0.72775 -0.13380
vn -0.63364 0.72775 -0.26246
vn -0.57026 0.72775 -0.38104
vn -0.48497 0.72775 -0.48497
vn -0.38104 0.72775 -0.57026
vn -0.26246 0.72775 -0.63364
vn -0.13380 0.72775 -0.67267
vn -0.00000 0.72775 -0.68585
vn 0.13380 0.72775 -0.67267
vn 0.26246 0.72775 -0.63364
vn 0.38104 0.72775 -0.57026
vn 0.48497 0.72775 -0.48497
vn 0.57026 0.72775 -0.38104
vn 0.63364 0.72775 -0.26246
vn 0.67267 0.72775 -0.13380
vn 0.68585 0.72775 -0.00000
vn 0.41473 0.90620 0.08249
vn 0.42285 0.90620 0.00000
vn 0.39067 0.90620 0.16182
vn 0.35159 0.90620 0.23493
vn 0.29900 0.90620 0.29900
vn 0.23493 0.90620 0.35159
vn 0.16182 0.90620 0.39067
vn 0.08249 0.90620 0.41473
vn 0.00000 0.90620 0.42285
vn -0.08249 0.90620 0.41473
vn -0.16182 0.90620 0.39067
vn -0.23493 0.90620 0.35159
vn -0.29900 0.90620 0.29900
vn -0.35159 0.90620 0.23493
vn -0.39067 0.90620 0.16182
vn -0.41473 0.90620 0.08249
vn -0.42285 0.90620 0.00000
vn -0.41473 0.90620 -0.08249
vn -0.39067 0.90620 -0.16182
vn -0.35159 0.90620 -0.23493
vn -0.29900 0.90620 -0.29900
vn -0.23493 0.90620 -0.35159
vn -0.16182 0.90620 -0.39067
vn -0.08249 0.90620 -0.41473
vn -0.00000 0.90620 -0.42285
vn 0.08249 0.90620 -0.41473
vn 0.16182 0.90620 -0.39067
vn 0.23493 0.90620 -0.35159
vn 0.29900 0.90620 -0.29900
vn 0.35159 0.90620 -0.23493
vn 0.39067 0.90620 -0.16182
vn 0.41473 0.90620 -0.08249
vn 0.42285 0.90620 -0.00000
vn 0.13090 0.99105 0.02604
vn 0.13346 0.99105 0.00000
vn 0.12330 0.99105 0.05107
vn 0.11097 0.99105 0.07415
vn 0.09437 0.99105 0.09437
vn 0.07415 0.99105 0.11097
vn 0.05107 0.99105 0.12330
vn 0.02604 0.99105 0.13090
vn 0.00000 0.99105 0.13346
vn -0.02604 0.99105 0.13090
vn -0.05107 0.99105 0.12330
vn -0.07415 0.99105 0.11097
vn -0.09437 0.99105 0.09437
vn -0.11097 0.99105 0.07415
vn -0.12330 0.99105 0.05107
vn -0.13090 0.99105 0.02604
vn -0.13346 0.99105 0.00000
vn -0.13090 0.99105 -0.02604
vn -0.12330 0.99105 -0.05107
vn -0.11097 0.99105 -0.07415
vn -0.09437 0.99105 -0.09437
vn -0.07415 0.99105 -0.11097
vn -0.05107 0.99105 -0.12330
vn -0.02604 0.99105 -0.13090
vn -0.00000 0.99105 -0.13346
vn 0.02604 0.99105 -0.13090
vn 0.05107 0.99105 -0.12330
vn 0.07415 0.99105 -0.11097
vn 0.09437 0.99105 -0.09437
vn 0.11097 0.99105 -0.07415
vn 0.12330 0.99105 -0.05107
vn 0.13090 0.99105 -0.02604
vn 0.13346 0.99105 -0.00000
vn 0.04980 0.99871 0.00991
vn 0.04691 0.99871 0.01943
vn 0.04222 0.99871 0.02821
vn 0.03591 0.99871 0.03591
vn 0.02821 0.99871 0.04222
vn 0.01943 0.99871 0.04691
vn 0.00991 0.99871 0.04980
vn 0.00000 0.99871 0.05078
vn -0.00991 0.99871 0.04980
vn -0.01943 0.99871 0.04691
vn -0.02821 0.99871 0.04222
vn -0.03591 0.99871 0.03591
vn -0.04222 0.99871 0.02821
vn -0.04691 0.99871 0.01943
vn -0.04980 0.99871 0.00991
vn -0.05078 0.99871 0.00000
vn -0.04980 0.99871 -0.00991
vn -0.04691 0.99871 -0.01943
vn -0.04222 0.99871 -0.02821
vn -0.03591 0.99871 -0.03591
vn -0.02821 0.99871 -0.04222
vn -0.01943 0.99871 -0.04691
vn -0.00991 0.99871 -0.04980
vn -0.00000 0.99871 -0.05078
vn 0.00991 0.99871 -0.04980
vn 0.01943 0.99871 -0.04691
vn 0.02821 0.99871 -0.04222
vn 0.03591 0.99871 -0.03591
vn 0.04222 0.99871 -0.02821
vn 0.04691 0.99871 -0.01943
vn 0.04980 0.99871 -0.00991
vn 0.05078 0.99871 -0.00000
usemtl orange
f 1/1/1 2/2/2 3/3/3
f 2/2/2 4/4/4 3/5/5
f 4/4/4 5/6/6 3/7/7
f 5/6/6 6/8/8 3/9/9
f 6/8/8 7/10/10 3/11/11
f 7/10/10 8/12/12 3/13/13
f 8/12/12 9/14/14 3/15/15
f 9/14/14 10/16/16 3/17/17
f 10/16/16 11/18/18 3/19/19
f 11/18/18 12/20/20 3/21/21
f 12/20/20 13/22/22 3/23/23
f 13/22/22 14/24/24 3/25/25
f 14/24/24 15/26/26 3/27/27
f 15/26/26 16/28/28 3/29/29
f 16/28/28 17/30/30 3/31/31
f 17/30/30 18/32/32 3/33/33
f 18/32/32 19/34/34 3/35/35
f 19/34/34 20/36/36 3/37/37
f 20/36/36 21/38/38 3/39/39
f 21/38/38 22/40/40 3/41/41
f 22/40/40 23/42/42 3/43/43
f 23/42/42 24/44/44 3/45/45
f 24/44/44 25/46/46 3/47/47
f 25/46/46 26/48/48 3/49/49
f 26/48/48 27/50/50 3/51/51
f 27/50/50 28/52/52 3/53/53
f 28/52/52 29/54/54 3/55/55
f 29/54/54 30/56/56 3/57/57
f 30/56/56 31/58/58 3/59/59
f 31/58/58 32/60/60 3/61/61
f 32/60/60 33/62/62 3/63/63
f 33/62/62 1/64/64 3/65/65
f 34/66/66 2/2/2 1/1/1
f 35/67/67 34/66/66 1/1/1
f 36/68/68 4/4/4 2/2/2
f 34/66/66 36/68/68 2/2/2
f 37/69/69 5/6/6 4/4/4
f 36/68/68 37/69/69 4/4/4
f 38/70/70 6/8/8 5/6/6
f 37/69/69 38/70/70 5/6/6
f 39/71/71 7/10/10 6/8/8
f 38/70/70 39/71/71 6/8/8
f 40/72/72 8/12/12 7/10/10
f 39/71/71 40/72/72 7/10/10
f 41/73/73 9/14/14 8/12/12
f 40/72/72 41/73/73 8/12/12
f 42/74/74 10/16/16 9/14/14
f 41/73/73 42/74/74 9/14/14
f 43/75/75 11/18/18 10/16/16
f 42/74/74 43/75/75 10/16/16
f 44/76/76 12/20/20 11/18/18
f 43/75/75 44/76/76 11/18/18
f 45/77/77 13/22/22 12/20/20
f 44/76/76 45/77/77 12/20/20
f 46/78/78 14/24/24 13/22/22
f 45/77/77 46/78/78 13/22/22
f 47/79/79 15/26/26 14/24/24
f 46/78/78 47/79/79 14/24/24
f 48/80/80 16/28/28 15/26/26
f 47/79/79 48/80/80 15/26/26
f 49/81/81 17/30/30 16/28/28
f 48/80/80 49/81/81 16/28/28
f 50/82/82 18/32/32 17/30/30
f 49/81/81 50/82/82 17/30/30
f 51/83/83 19/34/34 18/32/32
f 50/82/82 51/83/83 18/32/32
f 52/84/84 20/36/36 19/34/34
f 51/83/83 52/84/84 19/34/34
f 53/85/85 21/38/38 20/36/36
f 52/84/84 53/85/85 20/36/36
f 54/86/86 22/40/40 21/38/38
f 53/85/85 54/86/86 21/38/38
f 55/87/87 23/42/42 22/40/40
f 54/86/86 55/87/87 22/40/40
f 56/88/88 24/44/44 23/42/42
f 55/87/87 56/88/88 23/42/42
f 57/89/89 25/46/46 24/44/44
f 56/88/88 57/89/89 24/44/44
f 58/90/90 26/48/48 25/46/46
f 57/89/89 58/90/90 25/46/46
f 59/91/91 27/50/50 26/48/48
f 58/90/90 59/91/91 26/48/48
f 60/92/92 28/52/52 27/50/50
f 59/91/91 60/92/92 27/50/50
f 61/93/93 29/54/54 28/52/52
f 60/92/92 61/93/93 28/52/52
f 62/94/94 30/56/56 29/54/54
f 61/93/93 62/94/94 29/54/54
f 63/95/95 31/58/58 30/56/56
f 62/94/94 63/95/95 30/56/56
f 64/96/96 32/60/60 31/58/58
f 63/95/95 64/96/96 31/58/58
f 65/97/97 33/62/62 32/60/60
f 64/96/96 65/97/97 32/60/60
f 35/98/98 1/64/64 33/62/62
f 65/97/97 35/98/98 33/62/62
f 66/99/99 34/66/66 35/67/67
f 67/100/100 66/99/99 35/67/67
f 68/101/101 36/68/68 34/66/66
f 66/99/99 68/101/101 34/66/66
f 69/102/102 37/69/69 36/68/68
f 68/101/101 69/102/102 36/68/68
f 70/103/103 38/70/70 37/69/69
f 69/102/102 70/103/103 37/69/69
f 71/104/104 39/71/71 38/70/70
f 70/103/103 71/104/104 38/70/70
f 72/105/105 40/72/72 39/71/71
f 71/104/104 72/105/105 39/71/71
f 73/106/106 41/73/73 40/72/72
f 72/105/105 73/106/106 40/72/72
f 74/107/107 42/74/74 41/73/73
f 73/106/106 74/107/107 41/73/73
f 75/108/108 43/75/75 42/74/74
f 74/107/107 75/108/108 42/74/74
f 76/109/109 44/76/76 43/75/75
f 75/108/108 76/109/109 43/75/75
f 77/110/110 45/77/77 44/76/76
f 76/109/109 77/110/110 44/76/76
f 78/111/111 46/78/78 45/77/77
f 77/110/110 78/111/111 45/77/77
f 79/112/112 47/79/79 46/78/78
f 78/111/111 79/112/112 46/78/78
f 80/113/113 48/80/80 47/79/79
f 79/112/112 80/113/113 47/79/79
f 81/114/114 49/81/81 48/80/80
f 80/113/113 81/114/114 48/80/80
f 82/115/115 50/82/82 49/81/81
f 81/114/114 82/115/115 49/81/81
f 83/116/116 51/83/83 50/82/82
f 82/115/115 83/116/116 50/82/82
f 84/117/117 52/84/84 51/83/83
f 83/116/116 84/117/117 51/83/83
f 85/118/118 53/85/85 52/84/84
f 84/117/117 85/118/118 52/84/84
f 86/119/119 54/86/86 53/85/85
f 85/118/118 86/119/119 53/85/85
f 87/120/120 55/87/87 54/86/86
f 86/119/119 87/120/120 54/86/86
f 88/121/121 56/88/88 55/87/87
f 87/120/120 88/121/121 55/87/87
f 89/122/122 57/89/89 56/88/88
f 88/121/121 89/122/122 56/88/88
f 90/123/123 58/90/90 57/89/89
f 89/122/122 90/123/123 57/89/89
f 91/124/124 59/91/91 58/90/90
f 90/123/123 91/124/124 58/90/90
f 92/125/125 60/92/92 59/91/91
f 91/124/124 92/125/125 59/91/91
f 93/126/126 61/93/93 60/92/92
f 92/125/125 93/126/126 60/92/92
f 94/127/127 62/94/94 61/93/93
f 93/126/126 94/127/127 61/93/93
f 95/128/128 63/95/95 62/94/94
f 94/127/127 95/128/128 62/94/94
f 96/129/129 64/96/96 63/95/95
f 95/128/128 96/129/129 63/95/95
f 97/130/130 65/97/97 64/96/96
f 96/129/129 97/130/130 64/96/96
f 67/131/131 35/98/98 65/97/97
f 97/130/130 67/131/131 65/97/97
f 98/132/132 66/99/99 67/100/100
f 99/133/133 98/132/132 67/100/100
f 100/134/134 68/101/101 66/99/99
f 98/132/132 100/134/134 66/99/99
f 101/135/135 69/102/102 68/101/101
f 100/134/134 101/135/135 68/101/101
f 102/136/136 70/103/103 69/102/102
f 101/135/135 102/136/136 69/102/102
f 103/137/137 71/104/104 70/103/103
f 102/136/136 103/137/137 70/103/103
f 104/138/138 72/105/105 71/104/104
f 103/137/137 104/138/138 71/104/104
f 105/139/139 73/106/106 72/105/105
f 104/138/138 105/139/139 72/105/105
f 106/140/140 74/107/107 73/106/106
f 105/139/139 106/140/140 73/106/106
f 107/141/141 75/108/108 74/107/107
f 106/140/140 107/141/141 74/107/107
f 108/142/142 76/109/109 75/108/108
f 107/141/141 108/142/142 75/108/108
f 109/143/143 77/110/110 76/109/109
f 108/142/142 109/143/143 76/109/109
f 110/144/144 78/111/111 77/110/110
f 109/143/143 110/144/144 77/110/110
f 111/145/145 79/112/112 78/111/111
f 110/144/144 111/145/145 78/111/111
f 112/146/146 80/113/113 79/112/112
f 111/145/145 112/146/146 79/112/112
f 113/147/147 81/114/114 80/113/113
f 112/146/146 113/147/147 80/113/113
f 114/148/148 82/115/115 81/114/114
f 113/147/147 114/148/148 81/114/114
f 115/149/149 83/116/116 82/115/115
f 114/148/148 115/149/149 82/115/115
f 116/150/150 84/117/117 83/116/116
f 115/149/149 116/150/150 83/116/116
f 117/151/151 85/118/118 84/117/117
f 116/150/150 117/151/151 84/117/117
f 118/152/152 86/119/119 85/118/118
f 117/151/151 118/152/152 85/118/118
f 119/153/153 87/120/120 86/119/119
f 118/152/152 119/153/153 86/119/119
f 120/154/154 88/121/121 87/120/120
f 119/153/153 120/154/154 87/120/120
f 121/155/155 89/122/122 88/121/121
f 120/154/154 121/155/155 88/121/121
f 122/156/156 90/123/123 89/122/122
f 121/155/155 122/156/156 89/122/122
f 123/157/157 91/124/124 90/123/123
f 122/156/156 123/157/157 90/123/123
f 124/158/158 92/125/125 91/124/124
f 123/157/157 124/158/158 91/124/124
f 125/159/159 93/126/126 92/125/125
f 124/158/158 125/159/159 92/125/125
f 126/160/160 94/127/127 93/126/126
f 125/159/159 126/160/160 93/126/126
f 127/161/161 95/128/128 94/127/127
f 126/160/160 127/161/161 94/127/127
f 128/162/162 96/129/129 95/128/128
f 127/161/161 128/162/162 95/128/128
f 129/163/163 97/130/130 96/129/129
f 128/162/162 129/163/163 96/129/129
f 99/164/164 67/131/131 97/130/130
f 129/163/163 99/164/164 97/130/130
f 130/165/165 98/132/132 99/133/133
f 131/166/166 130/165/165 99/133/133
f 132/167/167 100/134/134 98/132/132
f 130/165/165 132/167/167 98/132/132
f 133/168/168 101/135/135 100/134/134
f 132/167/167 133/168/168 100/134/134
f 134/169/169 102/136/136 101/135/135
f 133/168/168 134/169/169 101/135/135
f 135/170/170 103/137/137 102/136/136
f 134/169/169 135/170/170 102/136/136
f 136/171/171 104/138/138 103/137/137
f 135/170/170 136/171/171 103/137/137
f 137/172/172 105/139/139 104/138/138
f 136/171/171 137/172/172 104/138/138
f 138/173/173 106/140/140 105/139/139
f 137/172/172 138/173/173 105/139/139
f 139/174/174 107/141/141 106/140/140
f 138/173/173 139/174/174 106/140/140
f 140/175/175 108/142/142 107/141/141
f 139/174/174 140/175/175 107/141/141
f 141/176/176 109/143/143 108/142/142
f 140/175/175 141/176/176 108/142/142
f 142/177/177 110/144/144 109/143/143
f 141/176/176 142/177/177 109/143/143
f 143/178/178 111/145/145 110/144/144
f 142/177/177 143/178/178 110/144/144
f 144/179/179 112/146/146 111/145/145
f 143/178/178 144/179/179 111/145/145
f 145/180/180 113/147/147 112/146/146
f 144/179/179 145/180/180 112/146/146
f 146/181/181 114/148/148 113/147/147
f 145/180/180 146/181/181 113/147/147
f 147/182/182 115/149/149 114/148/148
f 146/181/181 147/182/182 114/148/148
f 148/183/183 116/150/150 115/149/149
f 147/182/182 148/183/183 115/149/149
f 149/184/184 117/151/151 116/150/150
f 148/183/183 149/184/184 116/150/150
f 150/185/185 118/152/152 117/151/151
f 149/184/184 150/185/185 117/151/151
f 151/186/186 119/153/153 118/152/152
f 150/185/185 151/186/186 118/152/152
f 152/187/187 120/154/154 119/153/153
f 151/186/186 152/187/187 119/153/153
f 153/188/188 121/155/155 120/154/154
f 152/187/187 153/188/188 120/154/154
f 154/189/189 122/156/156 121/155/155
f 153/188/188 154/189/189 121/155/155
f 155/190/190 123/157/157 122/156/156
f 154/189/189 155/190/190 122/156/156
f 156/191/191 124/158/158 123/157/157
f 155/190/190 156/191/191 123/157/157
f 157/192/192 125/159/159 124/158/158
f 156/191/191 157/192/192 124/158/158
f 158/193/193 126/160/160 125/159/159
f 157/192/192 158/193/193 125/159/159
f 159/194/194 127/161/161 126/160/160
f 158/193/193 159/194/194 126/160/160
f 160/195/195 128/162/162 127/161/161
f 159/194/194 160/195/195 127/161/161
f 161/196/196 129/163/163 128/162/162
f 160/195/195 161/196/196 128/162/162
f 131/197/197 99/164/164 129/163/163
f 161/196/196 131/197/197 129/163/163
f 162/198/198 130/165/165 131/166/166
f 163/199/199 162/198/198 131/166/166
f 164/200/200 132/167/167 130/165/165
f 162/198/198 164/200/200 130/165/165
f 165/201/201 133/168/168 132/167/167
f 164/200/200 165/201/201 132/167/167
f 166/202/202 134/169/169 133/168/168
f 165/201/201 166/202/202 133/168/168
f 167/203/203 135/170/170 134/169/169
f 166/202/202 167/203/203 134/169/169
f 168/204/204 136/171/171 135/170/170
f 167/203/203 168/204/204 135/170/170
f 169/205/205 137/172/172 136/171/171
f 168/204/204 169/205/205 136/171/171
f 170/206/206 138/173/173 137/172/172
f 169/205/205 170/206/206 137/172/172
f 171/207/207 139/174/174 138/173/173
f 170/206/206 171/207/207 138/173/173
f 172/208/208 140/175/175 139/174/174
f 171/207/207 172/208/208 139/174/174
f 173/209/209 141/176/176 140/175/175
f 172/208/208 173/209/209 140/175/175
f 174/210/210 142/177/177 141/176/176
f 173/209/209 174/210/210 141/176/176
f 175/211/211 143/178/178 142/177/177
f 174/210/210 175/211/211 142/177/177
f 176/212/212 144/179/179 143/178/178
f 175/211/211 176/212/212 143/178/178
f 177/213/213 145/180/180 144/179/179
f 176/212/212 177/213/213 144/179/179
f 178/214/214 146/181/181 145/180/180
f 177/213/213 178/214/214 145/180/180
f 179/215/215 147/182/182 146/181/181
f 178/214/214 179/215/215 146/181/181
f 180/216/216 148/183/183 147/182/182
f 179/215/215 180/216/216 147/182/182
f 181/217/217 149/184/184 148/183/183
f 180/216/216 181/217/217 148/183/183
f 182/218/218 150/185/185 149/184/184
f 181/217/217 182/218/218 149/184/184
f 183/219/219 151/186/186 150/185/185
f 182/218/218 183/219/219 150/185/185
f 184/220/220 152/187/187 151/186/186
f 183/219/219 184/220/220 151/186/186
f 185/221/221 153/188/188 152/187/187
f 184/220/220 185/221/221 152/187/187
f 186/222/222 154/189/189 153/188/188
f 185/221/221 186/222/222 153/188/188
f 187/223/223 155/190/190 154/189/189
f 186/222/222 187/223/223 154/189/189
f 188/224/224 156/191/191 155/190/190
f 187/223/223 188/224/224 155/190/190
f 189/225/225 157/192/192 156/191/191
f 188/224/224 189/225/225 156/191/191
f 190/226/226 158/193/193 157/192/192
f 189/225/225 190/226/226 157/192/192
f 191/227/227 159/194/194 158/193/193
f 190/226/226 191/227/227 158/193/193
f 192/228/228 160/195/195 159/194/194
f 191/227/227 192/228/228 159/194/194
f 193/229/229 161/196/196 160/195/195
f 192/228/228 193/229/229 160/195/195
f 163/230/230 131/197/197 161/196/196
f 193/229/229 163/230/230 161/196/196
f 194/231/231 162/198/198 163/199/199
f 195/232/232 194/231/231 163/199/199
f 196/233/233 164/200/200 162/198/198
f 194/231/231 196/233/233 162/198/198
f 197/234/234 165/201/201 164/200/200
f 196/233/233 197/234/234 164/200/200
f 198/235/235 166/202/202 165/201/201
f 197/234/234 198/235/235 165/201/201
f 199/236/236 167/203/203 166/202/202
f 198/235/235 199/236/236 166/202/202
f 200/237/237 168/204/204 167/203/203
f 199/236/236 200/237/237 167/203/203
f 201/238/238 169/205/205 168/204/204
f 200/237/237 201/238/238 168/204/204
f 202/239/239 170/206/206 169/205/205
f 201/238/238 202/239/239 169/205/205
f 203/240/240 171/207/207 170/206/206
f 202/239/239 203/240/240 170/206/206
f 204/241/241 172/208/208 171/207/207
f 203/240/240 204/241/241 171/207/207
f 205/242/242 173/209/209 172/208/208
f 204/241/241 205/242/242 172/208/208
f 206/243/243 174/210/210 173/209/209
f 205/242/242 206/243/243 173/209/209
f 207/244/244 175/211/211 174/210/210
f 206/243/243 207/244/244 174/210/210
f 208/245/245 176/212/212 175/211/211
f 207/244/244 208/245/245 175/211/211
f 209/246/246 177/213/213 176/212/212
f 208/245/245 209/246/246 176/212/212
f 210/247/247 178/214/214 177/213/213
f 209/246/246 210/247/247 177/213/213
f 211/248/248 179/215/215 178/214/214
f 210/247/247 211/248/248 178/214/214
f 212/249/249 180/216/216 179/215/215
f 211/248/248 212/249/249 179/215/215
f 213/250/250 181/217/217 180/216/216
f 212/249/249 213/250/250 180/216/216
f 214/251/251 182/218/218 181/217/217
f 213/250/250 214/251/251 181/217/217
f 215/252/252 183/219/219 182/218/218
f 214/251/251 215/252/252 182/218/218
f 216/253/253 184/220/220 183/219/219
f 215/252/252 216/253/253 183/219/219
f 217/254/254 185/221/221 184/220/220
f 216/253/253 217/254/254 184/220/220
f 218/255/255 186/222/222 185/221/221
f 217/254/254 218/255/255 185/221/221
f 219/256/256 187/223/223 186/222/222
f 218/255/255 219/256/256 186/222/222
f 220/257/257 188/224/224 187/223/223
f 219/256/256 220/257/257 187/223/223
f 221/258/258 189/225/225 188/224/224
f 220/257/257 221/258/258 188/224/224
f 222/259/259 190/226/226 189/225/225
f 221/258/258 222/259/259 189/225/225
f 223/260/260 191/227/227 190/226/226
f 222/259/259 223/260/260 190/226/226
f 224/261/261 192/228/228 191/227/227
f 223/260/260 224/261/261 191/227/227
f 225/262/262 193/229/229 192/228/228
f 224/261/261 225/262/262 192/228/228
f 195/263/263 163/230/230 193/229/229
f 225/262/262 195/263/263 193/229/229
f 226/264/264 194/231/231 195/232/232
f 227/265/265 226/264/264 195/232/232
f 228/266/266 196/233/233 194/231/231
f 226/264/264 228/266/266 194/231/231
f 229/267/267 197/234/234 196/233/233
f 228/266/266 229/267/267 196/233/233
f 230/268/268 198/235/235 197/234/234
f 229/267/267 230/268/268 197/234/234
f 231/269/269 199/236/236 198/235/235
f 230/268/268 231/269/269 198/235/235
f 232/270/270 200/237/237 199/236/236
f 231/269/269 232/270/270 199/236/236
f 233/271/271 201/238/238 200/237/237
f 232/270/270 233/271/271 200/237/237
f 234/272/272 202/239/239 201/238/238
f 233/271/271 234/272/272 201/238/238
f 235/273/273 203/240/240 202/239/239
f 234/272/272 235/273/273 202/239/239
f 236/274/274 204/241/241 203/240/240
f 235/273/273 236/274/274 203/240/240
f 237/275/275 205/242/242 204/241/241
f 236/274/274 237/275/275 204/241/241
f 238/276/276 206/243/243 205/242/242
f 237/275/275 238/276/276 205/242/242
f 239/277/277 207/244/244 206/243/243
f 238/276/276 239/277/277 206/243/243
f 240/278/278 208/245/245 207/244/244
f 239/277/277 240/278/278 207/244/244
f 241/279/279 209/246/246 208/245/245
f 240/278/278 241/279/279 208/245/245
f 242/280/280 210/247/247 209/246/246
f 241/279/279 242/280/280 209/246/246
f 243/281/281 211/248/248 210/247/247
f 242/280/280 243/281/281 210/247/247
f 244/282/282 212/249/249 211/248/248
f 243/281/281 244/282/282 211/248/248
f 245/283/283 213/250/250 212/249/249
f 244/282/282 245/283/283 212/249/249
f 246/284/284 214/251/251 213/250/250
f 245/283/283 246/284/284 213/250/250
f 247/285/285 215/252/252 214/251/251
f 246/284/284 247/285/285 214/251/251
f 248/286/286 216/253/253 215/252/252
f 247/285/285 248/286/286 215/252/252
f 249/287/287 217/254/254 216/253/253
f 248/286/286 249/287/287 216/253/253
f 250/288/288 218/255/255 217/254/254
f 249/287/287 250/288/288 217/254/254
f 251/289/289 219/256/256 218/255/255
f 250/288/288 251/289/289 218/255/255
f 252/290/290 220/257/257 219/256/256
f 251/289/289 252/290/290 219/256/256
f 253/291/291 221/258/258 220/257/257
f 252/290/290 253/291/291 220/257/257
f 254/292/292 222/259/259 221/258/258
f 253/291/291 254/292/292 221/258/258
f 255/293/293 223/260/260 222/259/259
f 254/292/292 255/293/293 222/259/259
f 256/294/294 224/261/261 223/260/260
f 255/293/293 256/294/294 223/260/260
f 257/295/295 225/262/262 224/261/261
f 256/294/294 257/295/295 224/261/261
f 227/296/296 195/263/263 225/262/262
f 257/295/295 227/296/296 225/262/262
f 258/297/297 226/264/264 227/265/265
f 259/298/298 258/297/297 227/265/265
f 260/299/299 228/266/266 226/264/264
f 258/297/297 260/299/299 226/264/264
f 261/300/300 229/267/267 228/266/266
f 260/299/299 261/300/300 228/266/266
f 262/301/301 230/268/268 229/267/267
f 261/300/300 262/301/301 229/267/267
f 263/302/302 231/269/269 230/268/268
f 262/301/301 263/302/302 230/268/268
f 264/303/303 232/270/270 231/269/269
f 263/302/302 264/303/303 231/269/269
f 265/304/304 233/271/271 232/270/270
f 264/303/303 265/304/304 232/270/270
f 266/305/305 234/272/272 233/271/271
f 265/304/304 266/305/305 233/271/271
f 267/306/306 235/273/273 234/272/272
f 266/305/305 267/306/306 234/272/272
f 268/307/307 236/274/274 235/273/273
f 267/306/306 268/307/307 235/273/273
f 269/308/308 237/275/275 236/274/274
f 268/307/307 269/308/308 236/274/274
f 270/309/309 238/276/276 237/275/275
f 269/308/308 270/309/309 237/275/275
f 271/310/310 239/277/277 238/276/276
f 270/309/309 271/310/310 238/276/276
f 272/311/311 240/278/278 239/277/277
f 271/310/310 272/311/311 239/277/277
f 273/312/312 241/279/279 240/278/278
f 272/311/311 273/312/312 240/278/278
f 274/313/313 242/280/280 241/279/279
f 273/312/312 274/313/313 241/279/279
f 275/314/314 243/281/281 242/280/280
f 274/313/313 275/314/314 242/280/280
f 276/315/315 244/282/282 243/281/281
f 275/314/314 276/315/315 243/281/281
f 277/316/316 245/283/283 244/282/282
f 276/315/315 277/316/316 244/282/282
f 278/317/317 246/284/284 245/283/283
f 277/316/316 278/317/317 245/283/283
f 279/318/318 247/285/285 246/284/284
f 278/317/317 279/318/318 246/284/284
f 280/319/319 248/286/286 247/285/285
f 279/318/318 280/319/319 247/285/285
f 281/320/320 249/287/287 248/286/286
f 280/319/319 281/320/320 248/286/286
f 282/321/321 250/288/288 249/287/287
f 281/320/320 282/321/321 249/287/287
f 283/322/322 251/289/289 250/288/288
f 282/321/321 283/322/322 250/288/288
f 284/323/323 252/290/290 251/289/289
f 283/322/322 284/323/323 251/289/289
f 285/324/324 253/291/291 252/290/290
f 284/323/323 285/324/324 252/290/290
f 286/325/325 254/292/292 253/291/291
f 285/324/324 286/325/325 253/291/291
f 287/326/326 255/293/293 254/292/292
f 286/325/325 287/326/326 254/292/292
f 288/327/327 256/294/294 255/293/293
f 287/326/326 288/327/327 255/293/293
f 289/328/328 257/295/295 256/294/294
f 288/327/327 289/328/328 256/294/294
f 259/329/329 227/296/296 257/295/295
f 289/328/328 259/329/329 257/295/295
f 290/330/330 258/297/297 259/298/298
f 291/331/331 290/330/330 259/298/298
f 292/332/332 260/299/299 258/297/297
f 290/330/330 292/332/332 258/297/297
f 293/333/333 261/300/300 260/299/299
f 292/332/332 293/333/333 260/299/299
f 294/334/334 262/301/301 261/300/300
f 293/333/333 294/334/334 261/300/300
f 295/335/335 263/302/302 262/301/301
f 294/334/334 295/335/335 262/301/301
f 296/336/336 264/303/303 263/302/302
f 295/335/335 296/336/336 263/302/302
f 297/337/337 265/304/304 264/303/303
f 296/336/336 297/337/337 264/303/303
f 298/338/338 266/305/305 265/304/304
f 297/337/337 298/338/338 265/304/304
f 299/339/339 267/306/306 266/305/305
f 298/338/338 299/339/339 266/305/305
f 300/340/340 268/307/307 267/306/306
f 299/339/339 300/340/340 267/306/306
f 301/341/341 269/308/308 268/307/307
f 300/340/340 301/341/341 268/307/307
f 302/342/342 270/309/309 269/308/308
f 301/341/341 302/342/342 269/308/308
f 303/343/343 271/310/310 270/309/309
f 302/342/342 303/343/343 270/309/309
f 304/344/344 272/311/311 271/310/310
f 303/343/343 304/344/344 271/310/310
f 305/345/345 273/312/312 272/311/311
f 304/344/344 305/345/345 272/311/311
f 306/346/346 274/313/313 273/312/312
f 305/345/345 306/346/346 273/312/312
f 307/347/347 275/314/314 274/313/313
f 306/346/346 307/347/347 274/313/313
f 308/348/348 276/315/315 275/314/314
f 307/347/347 308/348/348 275/314/314
f 309/349/349 277/316/316 276/315/315
f 308/348/348 309/349/349 276/315/315
f 310/350/350 278/317/317 277/316/316
f 309/349/349 310/350/350 277/316/316
f 311/351/351 279/318/318 278/317/317
f 310/350/350 311/351/351 278/317/317
f 312/352/352 280/319/319 279/318/318
f 311/351/351 312/352/352 279/318/318
f 313/353/353 281/320/320 280/319/319
f 312/352/352 313/353/353 280/319/319
f 314/354/354 282/321/321 281/320/320
f 313/353/353 314/354/354 281/320/320
f 315/355/355 283/322/322 282/321/321
f 314/354/354 315/355/355 282/321/321
f 316/356/356 284/323/323 283/322/322
f 315/355/355 316/356/356 283/322/322
f 317/357/357 285/324/324 284/323/323
f 316/356/356 317/357/357 284/323/323
f 318/358/358 286/325/325 285/324/324
f 317/357/357 318/358/358 285/324/324
f 319/359/359 287/326/326 286/325/325
f 318/358/358 319/359/359 286/325/325
f 320/360/360 288/327/327 287/326/326
f 319/359/359 320/360/360 287/326/326
f 321/361/361 289/328/328 288/327/327
f 320/360/360 321/361/361 288/327/327
f 291/362/362 259/329/329 289/328/328
f 321/361/361 291/362/362 289/328/328
f 322/363/363 290/330/330 291/331/331
f 323/364/364 322/363/363 291/331/331
f 324/365/365 292/332/332 290/330/330
f 322/363/363 324/365/365 290/330/330
f 325/366/366 293/333/333 292/332/332
f 324/365/365 325/366/366 292/332/332
f 326/367/367 294/334/334 293/333/333
f 325/366/366 326/367/367 293/333/333
f 327/368/368 295/335/335 294/334/334
f 326/367/367 327/368/368 294/334/334
f 328/369/369 296/336/336 295/335/335
f 327/368/368 328/369/369 295/335/335
f 329/370/370 297/337/337 296/336/336
f 328/369/369 329/370/370 296/336/336
f 330/371/371 298/338/338 297/337/337
f 329/370/370 330/371/371 297/337/337
f 331/372/372 299/339/339 298/338/338
f 330/371/371 331/372/372 298/338/338
f 332/373/373 300/340/340 299/339/339
f 331/372/372 332/373/373 299/339/339
f 333/374/374 301/341/341 300/340/340
f 332/373/373 333/374/374 300/340/340
f 334/375/375 302/342/342 301/341/341
f 333/374/374 334/375/375 301/341/341
f 335/376/376 303/343/343 302/342/342
f 334/375/375 335/376/376 302/342/342
f 336/377/377 304/344/344 303/343/343
f 335/376/376 336/377/377 303/343/343
f 337/378/378 305/345/345 304/344/344
f 336/377/377 337/378/378 304/344/344
f 338/379/379 306/346/346 305/345/345
f 337/378/378 338/379/379 305/345/345
f 339/380/380 307/347/347 306/346/346
f 338/379/379 339/380/380 306/346/346
f 340/381/381 308/348/348 307/347/347
f 339/380/380 340/381/381 307/347/347
f 341/382/382 309/349/349 308/348/348
f 340/381/381 341/382/382 308/348/348
f 342/383/383 310/350/350 309/349/349
f 341/382/382 342/383/383 309/349/349
f 343/384/384 311/351/351 310/350/350
f 342/383/383 343/384/384 310/350/350
f 344/385/385 312/352/352 311/351/351
f 343/384/384 344/385/385 311/351/351
f 345/386/386 313/353/353 312/352/352
f 344/385/385 345/386/386 312/352/352
f 346/387/387 314/354/354 313/353/353
f 345/386/386 346/387/387 313/353/353
f 347/388/388 315/355/355 314/354/354
f 346/387/387 347/388/388 314/354/354
f 348/389/389 316/356/356 315/355/355
f 347/388/388 348/389/389 315/355/355
f 349/390/390 317/357/357 316/356/356
f 348/389/389 349/390/390 316/356/356
f 350/391/391 318/358/358 317/357/357
f 349/390/390 350/391/391 317/357/357
f 351/392/392 319/359/359 318/358/358
f 350/391/391 351/392/392 318/358/358
f 352/393/393 320/360/360 319/359/359
f 351/392/392 352/393/393 319/359/359
f 353/394/394 321/361/361 320/360/360
f 352/393/393 353/394/394 320/360/360
f 323/395/395 291/362/362 321/361/361
f 353/394/394 323/395/395 321/361/361
f 354/396/396 322/363/363 323/364/364
f 354/397/397 324/365/365 322/363/363
f 354/398/398 325/366/366 324/365/365
f 354/399/399 326/367/367 325/366/366
f 354/400/400 327/368/368 326/367/367
f 354/401/401 328/369/369 327/368/368
f 354/402/402 329/370/370 328/369/369
f 354/403/403 330/371/371 329/370/370
f 354/404/404 331/372/372 330/371/371
f 354/405/405 332/373/373 331/372/372
f 354/406/406 333/374/374 332/373/373
f 354/407/407 334/375/375 333/374/374
f 354/408/408 335/376/376 334/375/375
f 354/409/409 336/377/377 335/376/376
f 354/410/410 337/378/378 336/377/377
f 354/411/411 338/379/379 337/378/378
f 354/412/412 339/380/380 338/379/379
f 354/413/413 340/381/381 339/380/380
f 354/414/414 341/382/382 340/381/381
f 354/415/415 342/383/383 341/382/382
f 354/416/416 343/384/384 342/383/383
f 354/417/417 344/385/385 343/384/384
f 354/418/418 345/386/386 344/385/385
f 354/419/419 346/387/387 345/386/386
f 354/420/420 347/388/388 346/387/387
f 354/421/421 348/389/389 347/388/388
f 354/422/422 349/390/390 348/389/389
f 354/423/423 350/391/391 349/390/390
f 354/424/424 351/392/392 350/391/391
f 354/425/425 352/393/393 351/392/392
f 354/426/426 353/394/394 352/393/393
f 354/427/427 323/395/395 353/394/394
usemtl stem
f 355/100/428 356/428/429 357/3/430
f 356/428/429 358/429/431 357/430/430
f 358/429/431 359/115/432 357/431/430
f 359/115/432 360/432/433 357/35/430
f 360/432/433 361/433/434 357/434/430
f 361/433/434 355/131/435 357/435/430
f 362/436/436 356/428/429 355/100/428
f 363/199/437 362/436/436 355/100/428
f 364/437/438 358/429/431 356/428/429
f 362/436/436 364/437/438 356/428/429
f 365/214/439 359/115/432 358/429/431
f 364/437/438 365/214/439 358/429/431
f 366/438/440 360/432/433 359/115/432
f 365/214/439 366/438/440 359/115/432
f 367/439/441 361/433/434 360/432/433
f 366/438/440 367/439/441 360/432/433
f 363/230/442 355/131/435 361/433/434
f 367/439/441 363/230/442 361/433/434
f 368/440/443 362/436/436 363/199/437
f 369/298/444 368/440/443 363/199/437
f 370/441/445 364/437/438 362/436/436
f 368/440/443 370/441/445 362/436/436
f 371/313/446 365/214/439 364/437/438
f 370/441/445 371/313/446 364/437/438
f 372/442/447 366/438/440 365/214/439
f 371/313/446 372/442/447 365/214/439
f 373/443/448 367/439/441 366/438/440
f 372/442/447 373/443/448 366/438/440
f 369/329/449 363/230/442 367/439/441
f 373/443/448 369/329/449 367/439/441
f 374/444/450 368/440/443 369/298/444
f 374/445/450 370/441/445 368/440/443
f 374/411/450 371/313/446 370/441/445
f 374/446/450 372/442/447 371/313/446
f 374/447/450 373/443/448 372/442/447
f 374/427/450 369/329/449 373/443/448
f 375/100/451 376/428/452 377/3/453
f 376/428/452 378/429/454 377/430/453
f 378/429/454 379/115/455 377/431/453
f 379/115/455 380/432/456 377/35/453
f 380/432/456 381/433/457 377/434/453
f 381/433/457 375/131/458 377/435/453
f 382/436/459 376/428/452 375/100/451
f 383/199/460 382/436/459 375/100/451
f 384/437/461 378/429/454 376/428/452
f 382/436/459 384/437/461 376/428/452
f 385/214/462 379/115/455 378/429/454
f 384/437/461 385/214/462 378/429/454
f 386/438/463 380/432/456 379/115/455
f 385/214/462 386/438/463 379/115/455
f 387/439/464 381/433/457 380/432/456
f 386/438/463 387/439/464 380/432/456
f 383/230/465 375/131/458 381/433/457
f 387/439/464 383/230/465 381/433/457
f 388/440/466 382/436/459 383/199/460
f 389/298/467 388/440/466 383/199/460
f 390/441/468 384/437/461 382/436/459
f 388/440/466 390/441/468 382/436/459
f 391/313/469 385/214/462 384/437/461
f 390/441/468 391/313/469 384/437/461
f 392/442/470 386/438/463 385/214/462
f 391/313/469 392/442/470 385/214/462
f 393/443/471 387/439/464 386/438/463
f 392/442/470 393/443/471 386/438/463
f 389/329/472 383/230/465 387/439/464
f 393/443/471 389/329/472 387/439/464
f 394/444/473 388/440/466 389/298/467
f 394/445/473 390/441/468 388/440/466
f 394/411/473 391/313/469 390/441/468
f 394/446/473 392/442/470 391/313/469
f 394/447/473 393/443/471 392/442/470
f 394/427/473 389/329/472 393/443/471
f 395/100/474 396/428/475 397/3/476
f 396/428/475 398/429/477 397/430/476
f 398/429/477 399/115/478 397/431/476
f 399/115/478 400/432/479 397/35/476
f 400/432/479 401/433/480 397/434/476
f 401/433/480 395/131/481 397/435/476
f 402/436/482 396/428/475 395/100/474
f 403/199/483 402/436/482 395/100/474
f 404/437/484 398/429/477 396/428/475
f 402/436/482 404/437/484 396/428/475
f 405/214/485 399/115/478 398/429/477
f 404/437/484 405/214/485 398/429/477
f 406/438/486 400/432/479 399/115/478
f 405/214/485 406/438/486 399/115/478
f 407/439/487 401/433/480 400/432/479
f 406/438/486 407/439/487 400/432/479
f 403/230/488 395/131/481 401/433/480
f 407/439/487 403/230/488 401/433/480
f 408/440/489 402/436/482 403/199/483
f 409/298/490 408/440/489 403/199/483
f 410/441/491 404/437/484 402/436/482
f 408/440/489 410/441/491 402/436/482
f 411/313/492 405/214/485 404/437/484
f 410/441/491 411/313/492 404/437/484
f 412/442/493 406/438/486 405/214/485
f 411/313/492 412/442/493 405/214/485
f 413/443/494 407/439/487 406/438/486
f 412/442/493 413/443/494 406/438/486
f 409/329/495 403/230/488 407/439/487
f 413/443/494 409/329/495 407/439/487
f 414/444/496 408/440/489 409/298/490
f 414/445/496 410/441/491 408/440/489
f 414/411/496 411/313/492 410/441/491
f 414/446/496 412/442/493 411/313/492
f 414/447/496 413/443/494 412/442/493
f 414/427/496 409/329/495 413/443/494
usemtl deep
f 415/1/497 416/2/498 417/3/499
f 416/2/498 418/4/500 417/5/501
f 418/4/500 419/6/502 417/7/503
f 419/6/502 420/8/504 417/9/505
f 420/8/504 421/10/506 417/11/507
f 421/10/506 422/12/508 417/13/509
f 422/12/508 423/14/510 417/15/511
f 423/14/510 424/16/512 417/17/513
f 424/16/512 425/18/514 417/19/515
f 425/18/514 426/20/516 417/21/517
f 426/20/516 427/22/518 417/23/519
f 427/22/518 428/24/520 417/25/521
f 428/24/520 429/26/522 417/27/523
f 429/26/522 430/28/524 417/29/525
f 430/28/524 431/30/526 417/31/527
f 431/30/526 432/32/528 417/33/529
f 432/32/528 433/34/530 417/35/531
f 433/34/530 434/36/532 417/37/533
f 434/36/532 435/38/534 417/39/535
f 435/38/534 436/40/536 417/41/537
f 436/40/536 437/42/538 417/43/539
f 437/42/538 438/44/540 417/45/541
f 438/44/540 439/46/542 417/47/543
f 439/46/542 440/48/544 417/49/545
f 440/48/544 441/50/546 417/51/547
f 441/50/546 442/52/548 417/53/549
f 442/52/548 443/54/550 417/55/551
f 443/54/550 444/56/552 417/57/553
f 444/56/552 445/58/554 417/59/555
f 445/58/554 446/60/556 417/61/557
f 446/60/556 447/62/558 417/63/559
f 447/62/558 415/64/560 417/65/561
f 448/66/562 416/2/498 415/1/497
f 449/67/563 448/66/562 415/1/497
f 450/68/564 418/4/500 416/2/498
f 448/66/562 450/68/564 416/2/498
f 451/69/565 419/6/502 418/4/500
f 450/68/564 451/69/565 418/4/500
f 452/70/566 420/8/504 419/6/502
f 451/69/565 452/70/566 419/6/502
f 453/71/567 421/10/506 420/8/504
f 452/70/566 453/71/567 420/8/504
f 454/72/568 422/12/508 421/10/506
f 453/71/567 454/72/568 421/10/506
f 455/73/569 423/14/510 422/12/508
f 454/72/568 455/73/569 422/12/508
f 456/74/570 424/16/512 423/14/510
f 455/73/569 456/74/570 423/14/510
f 457/75/571 425/18/514 424/16/512
f 456/74/570 457/75/571 424/16/512
f 458/76/572 426/20/516 425/18/514
f 457/75/571 458/76/572 425/18/514
f 459/77/573 427/22/518 426/20/516
f 458/76/572 459/77/573 426/20/516
f 460/78/574 428/24/520 427/22/518
f 459/77/573 460/78/574 427/22/518
f 461/79/575 429/26/522 428/24/520
f 460/78/574 461/79/575 428/24/520
f 462/80/576 430/28/524 429/26/522
f 461/79/575 462/80/576 429/26/522
f 463/81/577 431/30/526 430/28/524
f 462/80/576 463/81/577 430/28/524
f 464/82/578 432/32/528 431/30/526
f 463/81/577 464/82/578 431/30/526
f 465/83/579 433/34/530 432/32/528
f 464/82/578 465/83/579 432/32/528
f 466/84/580 434/36/532 433/34/530
f 465/83/579 466/84/580 433/34/530
f 467/85/581 435/38/534 434/36/532
f 466/84/580 467/85/581 434/36/532
f 468/86/582 436/40/536 435/38/534
f 467/85/581 468/86/582 435/38/534
f 469/87/583 437/42/538 436/40/536
f 468/86/582 469/87/583 436/40/536
f 470/88/584 438/44/540 437/42/538
f 469/87/583 470/88/584 437/42/538
f 471/89/585 439/46/542 438/44/540
f 470/88/584 471/89/585 438/44/540
f 472/90/586 440/48/544 439/46/542
f 471/89/585 472/90/586 439/46/542
f 473/91/587 441/50/546 440/48/544
f 472/90/586 473/91/587 440/48/544
f 474/92/588 442/52/548 441/50/546
f 473/91/587 474/92/588 441/50/546
f 475/93/589 443/54/550 442/52/548
f 474/92/588 475/93/589 442/52/548
f 476/94/590 444/56/552 443/54/550
f 475/93/589 476/94/590 443/54/550
f 477/95/591 445/58/554 444/56/552
f 476/94/590 477/95/591 444/56/552
f 478/96/592 446/60/556 445/58/554
f 477/95/591 478/96/592 445/58/554
f 479/97/593 447/62/558 446/60/556
f 478/96/592 479/97/593 446/60/556
f 449/98/594 415/64/560 447/62/558
f 479/97/593 449/98/594 447/62/558
f 480/99/595 448/66/562 449/67/563
f 481/100/596 480/99/595 449/67/563
f 482/101/597 450/68/564 448/66/562
f 480/99/595 482/101/597 448/66/562
f 483/102/598 451/69/565 450/68/564
f 482/101/597 483/102/598 450/68/564
f 484/103/599 452/70/566 451/69/565
f 483/102/598 484/103/599 451/69/565
f 485/104/600 453/71/567 452/70/566
f 484/103/599 485/104/600 452/70/566
f 486/105/601 454/72/568 453/71/567
f 485/104/600 486/105/601 453/71/567
f 487/106/602 455/73/569 454/72/568
f 486/105/601 487/106/602 454/72/568
f 488/107/603 456/74/570 455/73/569
f 487/106/602 488/107/603 455/73/569
f 489/108/604 457/75/571 456/74/570
f 488/107/603 489/108/604 456/74/570
f 490/109/605 458/76/572 457/75/571
f 489/108/604 490/109/605 457/75/571
f 491/110/606 459/77/573 458/76/572
f 490/109/605 491/110/606 458/76/572
f 492/111/607 460/78/574 459/77/573
f 491/110/606 492/111/607 459/77/573
f 493/112/608 461/79/575 460/78/574
f 492/111/607 493/112/608 460/78/574
f 494/113/609 462/80/576 461/79/575
f 493/112/608 494/113/609 461/79/575
f 495/114/610 463/81/577 462/80/576
f 494/113/609 495/114/610 462/80/576
f 496/115/611 464/82/578 463/81/577
f 495/114/610 496/115/611 463/81/577
f 497/116/612 465/83/579 464/82/578
f 496/115/611 497/116/612 464/82/578
f 498/117/613 466/84/580 465/83/579
f 497/116/612 498/117/613 465/83/579
f 499/118/614 467/85/581 466/84/580
f 498/117/613 499/118/614 466/84/580
f 500/119/615 468/86/582 467/85/581
f 499/118/614 500/119/615 467/85/581
f 501/120/616 469/87/583 468/86/582
f 500/119/615 501/120/616 468/86/582
f 502/121/617 470/88/584 469/87/583
f 501/120/616 502/121/617 469/87/583
f 503/122/618 471/89/585 470/88/584
f 502/121/617 503/122/618 470/88/584
f 504/123/619 472/90/586 471/89/585
f 503/122/618 504/123/619 471/89/585
f 505/124/620 473/91/587 472/90/586
f 504/123/619 505/124/620 472/90/586
f 506/125/621 474/92/588 473/91/587
f 505/124/620 506/125/621 473/91/587
f 507/126/622 475/93/589 474/92/588
f 506/125/621 507/126/622 474/92/588
f 508/127/623 476/94/590 475/93/589
f 507/126/622 508/127/623 475/93/589
f 509/128/624 477/95/591 476/94/590
f 508/127/623 509/128/624 476/94/590
f 510/129/625 478/96/592 477/95/591
f 509/128/624 510/129/625 477/95/591
f 511/130/626 479/97/593 478/96/592
f 510/129/625 511/130/626 478/96/592
f 481/131/627 449/98/594 479/97/593
f 511/130/626 481/131/627 479/97/593
f 512/132/628 480/99/595 481/100/596
f 513/133/629 512/132/628 481/100/596
f 514/134/630 482/101/597 480/99/595
f 512/132/628 514/134/630 480/99/595
f 515/135/631 483/102/598 482/101/597
f 514/134/630 515/135/631 482/101/597
f 516/136/632 484/103/599 483/102/598
f 515/135/631 516/136/632 483/102/598
f 517/137/633 485/104/600 484/103/599
f 516/136/632 517/137/633 484/103/599
f 518/138/634 486/105/601 485/104/600
f 517/137/633 518/138/634 485/104/600
f 519/139/635 487/106/602 486/105/601
f 518/138/634 519/139/635 486/105/601
f 520/140/636 488/107/603 487/106/602
f 519/139/635 520/140/636 487/106/602
f 521/141/637 489/108/604 488/107/603
f 520/140/636 521/141/637 488/107/603
f 522/142/638 490/109/605 489/108/604
f 521/141/637 522/142/638 489/108/604
f 523/143/639 491/110/606 490/109/605
f 522/142/638 523/143/639 490/109/605
f 524/144/640 492/111/607 491/110/606
f 523/143/639 524/144/640 491/110/606
f 525/145/641 493/112/608 492/111/607
f 524/144/640 525/145/641 492/111/607
f 526/146/642 494/113/609 493/112/608
f 525/145/641 526/146/642 493/112/608
f 527/147/643 495/114/610 494/113/609
f 526/146/642 527/147/643 494/113/609
f 528/148/644 496/115/611 495/114/610
f 527/147/643 528/148/644 495/114/610
f 529/149/645 497/116/612 496/115/611
f 528/148/644 529/149/645 496/115/611
f 530/150/646 498/117/613 497/116/612
f 529/149/645 530/150/646 497/116/612
f 531/151/647 499/118/614 498/117/613
f 530/150/646 531/151/647 498/117/613
f 532/152/648 500/119/615 499/118/614
f 531/151/647 532/152/648 499/118/614
f 533/153/649 501/120/616 500/119/615
f 532/152/648 533/153/649 500/119/615
f 534/154/650 502/121/617 501/120/616
f 533/153/649 534/154/650 501/120/616
f 535/155/651 503/122/618 502/121/617
f 534/154/650 535/155/651 502/121/617
f 536/156/652 504/123/619 503/122/618
f 535/155/651 536/156/652 503/122/618
f 537/157/653 505/124/620 504/123/619
f 536/156/652 537/157/653 504/123/619
f 538/158/654 506/125/621 505/124/620
f 537/157/653 538/158/654 505/124/620
f 539/159/655 507/126/622 506/125/621
f 538/158/654 539/159/655 506/125/621
f 540/160/656 508/127/623 507/126/622
f 539/159/655 540/160/656 507/126/622
f 541/161/657 509/128/624 508/127/623
f 540/160/656 541/161/657 508/127/623
f 542/162/658 510/129/625 509/128/624
f 541/161/657 542/162/658 509/128/624
f 543/163/659 511/130/626 510/129/625
f 542/162/658 543/163/659 510/129/625
f 513/164/660 481/131/627 511/130/626
f 543/163/659 513/164/660 511/130/626
f 544/165/661 512/132/628 513/133/629
f 545/166/662 544/165/661 513/133/629
f 546/167/663 514/134/630 512/132/628
f 544/165/661 546/167/663 512/132/628
f 547/168/664 515/135/631 514/134/630
f 546/167/663 547/168/664 514/134/630
f 548/169/665 516/136/632 515/135/631
f 547/168/664 548/169/665 515/135/631
f 549/170/666 517/137/633 516/136/632
f 548/169/665 549/170/666 516/136/632
f 550/171/667 518/138/634 517/137/633
f 549/170/666 550/171/667 517/137/633
f 551/172/668 519/139/635 518/138/634
f 550/171/667 551/172/668 518/138/634
f 552/173/669 520/140/636 519/139/635
f 551/172/668 552/173/669 519/139/635
f 553/174/670 521/141/637 520/140/636
f 552/173/669 553/174/670 520/140/636
f 554/175/671 522/142/638 521/141/637
f 553/174/670 554/175/671 521/141/637
f 555/176/672 523/143/639 522/142/638
f 554/175/671 555/176/672 522/142/638
f 556/177/673 524/144/640 523/143/639
f 555/176/672 556/177/673 523/143/639
f 557/178/674 525/145/641 524/144/640
f 556/177/673 557/178/674 524/144/640
f 558/179/675 526/146/642 525/145/641
f 557/178/674 558/179/675 525/145/641
f 559/180/676 527/147/643 526/146/642
f 558/179/675 559/180/676 526/146/642
f 560/181/677 528/148/644 527/147/643
f 559/180/676 560/181/677 527/147/643
f 561/182/678 529/149/645 528/148/644
f 560/181/677 561/182/678 528/148/644
f 562/183/679 530/150/646 529/149/645
f 561/182/678 562/183/679 529/149/645
f 563/184/680 531/151/647 530/150/646
f 562/183/679 563/184/680 530/150/646
f 564/185/681 532/152/648 531/151/647
f 563/184/680 564/185/681 531/151/647
f 565/186/682 533/153/649 532/152/648
f 564/185/681 565/186/682 532/152/648
f 566/187/683 534/154/650 533/153/649
f 565/186/682 566/187/683 533/153/649
f 567/188/684 535/155/651 534/154/650
f 566/187/683 567/188/684 534/154/650
f 568/189/685 536/156/652 535/155/651
f 567/188/684 568/189/685 535/155/651
f 569/190/686 537/157/653 536/156/652
f 568/189/685 569/190/686 536/156/652
f 570/191/687 538/158/654 537/157/653
f 569/190/686 570/191/687 537/157/653
f 571/192/688 539/159/655 538/158/654
f 570/191/687 571/192/688 538/158/654
f 572/193/689 540/160/656 539/159/655
f 571/192/688 572/193/689 539/159/655
f 573/194/690 541/161/657 540/160/656
f 572/193/689 573/194/690 540/160/656
f 574/195/691 542/162/658 541/161/657
f 573/194/690 574/195/691 541/161/657
f 575/196/692 543/163/659 542/162/658
f 574/195/691 575/196/692 542/162/658
f 545/197/693 513/164/660 543/163/659
f 575/196/692 545/197/693 543/163/659
f 576/198/198 544/165/661 545/166/662
f 577/199/199 576/198/198 545/166/662
f 578/200/200 546/167/663 544/165/661
f 576/198/198 578/200/200 544/165/661
f 579/201/201 547/168/664 546/167/663
f 578/200/200 579/201/201 546/167/663
f 580/202/202 548/169/665 547/168/664
f 579/201/201 580/202/202 547/168/664
f 581/203/203 549/170/666 548/169/665
f 580/202/202 581/203/203 548/169/665
f 582/204/204 550/171/667 549/170/666
f 581/203/203 582/204/204 549/170/666
f 583/205/205 551/172/668 550/171/667
f 582/204/204 583/205/205 550/171/667
f 584/206/206 552/173/669 551/172/668
f 583/205/205 584/206/206 551/172/668
f 585/207/207 553/174/670 552/173/669
f 584/206/206 585/207/207 552/173/669
f 586/208/208 554/175/671 553/174/670
f 585/207/207 586/208/208 553/174/670
f 587/209/209 555/176/672 554/175/671
f 586/208/208 587/209/209 554/175/671
f 588/210/210 556/177/673 555/176/672
f 587/209/209 588/210/210 555/176/672
f 589/211/211 557/178/674 556/177/673
f 588/210/210 589/211/211 556/177/673
f 590/212/212 558/179/675 557/178/674
f 589/211/211 590/212/212 557/178/674
f 591/213/213 559/180/676 558/179/675
f 590/212/212 591/213/213 558/179/675
f 592/214/214 560/181/677 559/180/676
f 591/213/213 592/214/214 559/180/676
f 593/215/215 561/182/678 560/181/677
f 592/214/214 593/215/215 560/181/677
f 594/216/216 562/183/679 561/182/678
f 593/215/215 594/216/216 561/182/678
f 595/217/217 563/184/680 562/183/679
f 594/216/216 595/217/217 562/183/679
f 596/218/218 564/185/681 563/184/680
f 595/217/217 596/218/218 563/184/680
f 597/219/219 565/186/682 564/185/681
f 596/218/218 597/219/219 564/185/681
f 598/220/220 566/187/683 565/186/682
f 597/219/219 598/220/220 565/186/682
f 599/221/221 567/188/684 566/187/683
f 598/220/220 599/221/221 566/187/683
f 600/222/222 568/189/685 567/188/684
f 599/221/221 600/222/222 567/188/684
f 601/223/223 569/190/686 568/189/685
f 600/222/222 601/223/223 568/189/685
f 602/224/224 570/191/687 569/190/686
f 601/223/223 602/224/224 569/190/686
f 603/225/225 571/192/688 570/191/687
f 602/224/224 603/225/225 570/191/687
f 604/226/226 572/193/689 571/192/688
f 603/225/225 604/226/226 571/192/688
f 605/227/227 573/194/690 572/193/689
f 604/226/226 605/227/227 572/193/689
f 606/228/228 574/195/691 573/194/690
f 605/227/227 606/228/228 573/194/690
f 607/229/229 575/196/692 574/195/691
f 606/228/228 607/229/229 574/195/691
f 577/230/230 545/197/693 575/196/692
f 607/229/229 577/230/230 575/196/692
f 608/231/694 576/198/198 577/199/199
f 609/232/695 608/231/694 577/199/199
f 610/233/696 578/200/200 576/198/198
f 608/231/694 610/233/696 576/198/198
f 611/234/697 579/201/201 578/200/200
f 610/233/696 611/234/697 578/200/200
f 612/235/698 580/202/202 579/201/201
f 611/234/697 612/235/698 579/201/201
f 613/236/699 581/203/203 580/202/202
f 612/235/698 613/236/699 580/202/202
f 614/237/700 582/204/204 581/203/203
f 613/236/699 614/237/700 581/203/203
f 615/238/701 583/205/205 582/204/204
f 614/237/700 615/238/701 582/204/204
f 616/239/702 584/206/206 583/205/205
f 615/238/701 616/239/702 583/205/205
f 617/240/703 585/207/207 584/206/206
f 616/239/702 617/240/703 584/206/206
f 618/241/704 586/208/208 585/207/207
f 617/240/703 618/241/704 585/207/207
f 619/242/705 587/209/209 586/208/208
f 618/241/704 619/242/705 586/208/208
f 620/243/706 588/210/210 587/209/209
f 619/242/705 620/243/706 587/209/209
f 621/244/707 589/211/211 588/210/210
f 620/243/706 621/244/707 588/210/210
f 622/245/708 590/212/212 589/211/211
f 621/244/707 622/245/708 589/211/211
f 623/246/709 591/213/213 590/212/212
f 622/245/708 623/246/709 590/212/212
f 624/247/710 592/214/214 591/213/213
f 623/246/709 624/247/710 591/213/213
f 625/248/711 593/215/215 592/214/214
f 624/247/710 625/248/711 592/214/214
f 626/249/712 594/216/216 593/215/215
f 625/248/711 626/249/712 593/215/215
f 627/250/713 595/217/217 594/216/216
f 626/249/712 627/250/713 594/216/216
f 628/251/714 596/218/218 595/217/217
f 627/250/713 628/251/714 595/217/217
f 629/252/715 597/219/219 596/218/218
f 628/251/714 629/252/715 596/218/218
f 630/253/716 598/220/220 597/219/219
f 629/252/715 630/253/716 597/219/219
f 631/254/717 599/221/221 598/220/220
f 630/253/716 631/254/717 598/220/220
f 632/255/718 600/222/222 599/221/221
f 631/254/717 632/255/718 599/221/221
f 633/256/719 601/223/223 600/222/222
f 632/255/718 633/256/719 600/222/222
f 634/257/720 602/224/224 601/223/223
f 633/256/719 634/257/720 601/223/223
f 635/258/721 603/225/225 602/224/224
f 634/257/720 635/258/721 602/224/224
f 636/259/722 604/226/226 603/225/225
f 635/258/721 636/259/722 603/225/225
f 637/260/723 605/227/227 604/226/226
f 636/259/722 637/260/723 604/226/226
f 638/261/724 606/228/228 605/227/227
f 637/260/723 638/261/724 605/227/227
f 639/262/725 607/229/229 606/228/228
f 638/261/724 639/262/725 606/228/228
f 609/263/726 577/230/230 607/229/229
f 639/262/725 609/263/726 607/229/229
f 640/264/727 608/231/694 609/232/695
f 641/265/728 640/264/727 609/232/695
f 642/266/729 610/233/696 608/231/694
f 640/264/727 642/266/729 608/231/694
f 643/267/730 611/234/697 610/233/696
f 642/266/729 643/267/730 610/233/696
f 644/268/731 612/235/698 611/234/697
f 643/267/730 644/268/731 611/234/697
f 645/269/732 613/236/699 612/235/698
f 644/268/731 645/269/732 612/235/698
f 646/270/733 614/237/700 613/236/699
f 645/269/732 646/270/733 613/236/699
f 647/271/734 615/238/701 614/237/700
f 646/270/733 647/271/734 614/237/700
f 648/272/735 616/239/702 615/238/701
f 647/271/734 648/272/735 615/238/701
f 649/273/736 617/240/703 616/239/702
f 648/272/735 649/273/736 616/239/702
f 650/274/737 618/241/704 617/240/703
f 649/273/736 650/274/737 617/240/703
f 651/275/738 619/242/705 618/241/704
f 650/274/737 651/275/738 618/241/704
f 652/276/739 620/243/706 619/242/705
f 651/275/738 652/276/739 619/242/705
f 653/277/740 621/244/707 620/243/706
f 652/276/739 653/277/740 620/243/706
f 654/278/741 622/245/708 621/244/707
f 653/277/740 654/278/741 621/244/707
f 655/279/742 623/246/709 622/245/708
f 654/278/741 655/279/742 622/245/708
f 656/280/743 624/247/710 623/246/709
f 655/279/742 656/280/743 623/246/709
f 657/281/744 625/248/711 624/247/710
f 656/280/743 657/281/744 624/247/710
f 658/282/745 626/249/712 625/248/711
f 657/281/744 658/282/745 625/248/711
f 659/283/746 627/250/713 626/249/712
f 658/282/745 659/283/746 626/249/712
f 660/284/747 628/251/714 627/250/713
f 659/283/746 660/284/747 627/250/713
f 661/285/748 629/252/715 628/251/714
f 660/284/747 661/285/748 628/251/714
f 662/286/749 630/253/716 629/252/715
f 661/285/748 662/286/749 629/252/715
f 663/287/750 631/254/717 630/253/716
f 662/286/749 663/287/750 630/253/716
f 664/288/751 632/255/718 631/254/717
f 663/287/750 664/288/751 631/254/717
f 665/289/752 633/256/719 632/255/718
f 664/288/751 665/289/752 632/255/718
f 666/290/753 634/257/720 633/256/719
f 665/289/752 666/290/753 633/256/719
f 667/291/754 635/258/721 634/257/720
f 666/290/753 667/291/754 634/257/720
f 668/292/755 636/259/722 635/258/721
f 667/291/754 668/292/755 635/258/721
f 669/293/756 637/260/723 636/259/722
f 668/292/755 669/293/756 636/259/722
f 670/294/757 638/261/724 637/260/723
f 669/293/756 670/294/757 637/260/723
f 671/295/758 639/262/725 638/261/724
f 670/294/757 671/295/758 638/261/724
f 641/296/759 609/263/726 639/262/725
f 671/295/758 641/296/759 639/262/725
f 672/297/760 640/264/727 641/265/728
f 673/298/761 672/297/760 641/265/728
f 674/299/762 642/266/729 640/264/727
f 672/297/760 674/299/762 640/264/727
f 675/300/763 643/267/730 642/266/729
f 674/299/762 675/300/763 642/266/729
f 676/301/764 644/268/731 643/267/730
f 675/300/763 676/301/764 643/267/730
f 677/302/765 645/269/732 644/268/731
f 676/301/764 677/302/765 644/268/731
f 678/303/766 646/270/733 645/269/732
f 677/302/765 678/303/766 645/269/732
f 679/304/767 647/271/734 646/270/733
f 678/303/766 679/304/767 646/270/733
f 680/305/768 648/272/735 647/271/734
f 679/304/767 680/305/768 647/271/734
f 681/306/769 649/273/736 648/272/735
f 680/305/768 681/306/769 648/272/735
f 682/307/770 650/274/737 649/273/736
f 681/306/769 682/307/770 649/273/736
f 683/308/771 651/275/738 650/274/737
f 682/307/770 683/308/771 650/274/737
f 684/309/772 652/276/739 651/275/738
f 683/308/771 684/309/772 651/275/738
f 685/310/773 653/277/740 652/276/739
f 684/309/772 685/310/773 652/276/739
f 686/311/774 654/278/741 653/277/740
f 685/310/773 686/311/774 653/277/740
f 687/312/775 655/279/742 654/278/741
f 686/311/774 687/312/775 654/278/741
f 688/313/776 656/280/743 655/279/742
f 687/312/775 688/313/776 655/279/742
f 689/314/777 657/281/744 656/280/743
f 688/313/776 689/314/777 656/280/743
f 690/315/778 658/282/745 657/281/744
f 689/314/777 690/315/778 657/281/744
f 691/316/779 659/283/746 658/282/745
f 690/315/778 691/316/779 658/282/745
f 692/317/780 660/284/747 659/283/746
f 691/316/779 692/317/780 659/283/746
f 693/318/781 661/285/748 660/284/747
f 692/317/780 693/318/781 660/284/747
f 694/319/782 662/286/749 661/285/748
f 693/318/781 694/319/782 661/285/748
f 695/320/783 663/287/750 662/286/749
f 694/319/782 695/320/783 662/286/749
f 696/321/784 664/288/751 663/287/750
f 695/320/783 696/321/784 663/287/750
f 697/322/785 665/289/752 664/288/751
f 696/321/784 697/322/785 664/288/751
f 698/323/786 666/290/753 665/289/752
f 697/322/785 698/323/786 665/289/752
f 699/324/787 667/291/754 666/290/753
f 698/323/786 699/324/787 666/290/753
f 700/325/788 668/292/755 667/291/754
f 699/324/787 700/325/788 667/291/754
f 701/326/789 669/293/756 668/292/755
f 700/325/788 701/326/789 668/292/755
f 702/327/790 670/294/757 669/293/756
f 701/326/789 702/327/790 669/293/756
f 703/328/791 671/295/758 670/294/757
f 702/327/790 703/328/791 670/294/757
f 673/329/792 641/296/759 671/295/758
f 703/328/791 673/329/792 671/295/758
f 704/330/793 672/297/760 673/298/761
f 705/331/794 704/330/793 673/298/761
f 706/332/795 674/299/762 672/297/760
f 704/330/793 706/332/795 672/297/760
f 707/333/796 675/300/763 674/299/762
f 706/332/795 707/333/796 674/299/762
f 708/334/797 676/301/764 675/300/763
f 707/333/796 708/334/797 675/300/763
f 709/335/798 677/302/765 676/301/764
f 708/334/797 709/335/798 676/301/764
f 710/336/799 678/303/766 677/302/765
f 709/335/798 710/336/799 677/302/765
f 711/337/800 679/304/767 678/303/766
f 710/336/799 711/337/800 678/303/766
f 712/338/801 680/305/768 679/304/767
f 711/337/800 712/338/801 679/304/767
f 713/339/802 681/306/769 680/305/768
f 712/338/801 713/339/802 680/305/768
f 714/340/803 682/307/770 681/306/769
f 713/339/802 714/340/803 681/306/769
f 715/341/804 683/308/771 682/307/770
f 714/340/803 715/341/804 682/307/770
f 716/342/805 684/309/772 683/308/771
f 715/341/804 716/342/805 683/308/771
f 717/343/806 685/310/773 684/309/772
f 716/342/805 717/343/806 684/309/772
f 718/344/807 686/311/774 685/310/773
f 717/343/806 718/344/807 685/310/773
f 719/345/808 687/312/775 686/311/774
f 718/344/807 719/345/808 686/311/774
f 720/346/809 688/313/776 687/312/775
f 719/345/808 720/346/809 687/312/775
f 721/347/810 689/314/777 688/313/776
f 720/346/809 721/347/810 688/313/776
f 722/348/811 690/315/778 689/314/777
f 721/347/810 722/348/811 689/314/777
f 723/349/812 691/316/779 690/315/778
f 722/348/811 723/349/812 690/315/778
f 724/350/813 692/317/780 691/316/779
f 723/349/812 724/350/813 691/316/779
f 725/351/814 693/318/781 692/317/780
f 724/350/813 725/351/814 692/317/780
f 726/352/815 694/319/782 693/318/781
f 725/351/814 726/352/815 693/318/781
f 727/353/816 695/320/783 694/319/782
f 726/352/815 727/353/816 694/319/782
f 728/354/817 696/321/784 695/320/783
f 727/353/816 728/354/817 695/320/783
f 729/355/818 697/322/785 696/321/784
f 728/354/817 729/355/818 696/321/784
f 730/356/819 698/323/786 697/322/785
f 729/355/818 730/356/819 697/322/785
f 731/357/820 699/324/787 698/323/786
f 730/356/819 731/357/820 698/323/786
f 732/358/821 700/325/788 699/324/787
f 731/357/820 732/358/821 699/324/787
f 733/359/822 701/326/789 700/325/788
f 732/358/821 733/359/822 700/325/788
f 734/360/823 702/327/790 701/326/789
f 733/359/822 734/360/823 701/326/789
f 735/361/824 703/328/791 702/327/790
f 734/360/823 735/361/824 702/327/790
f 705/362/825 673/329/792 703/328/791
f 735/361/824 705/362/825 703/328/791
f 736/363/826 704/330/793 705/331/794
f 737/364/827 736/363/826 705/331/794
f 738/365/828 706/332/795 704/330/793
f 736/363/826 738/365/828 704/330/793
f 739/366/829 707/333/796 706/332/795
f 738/365/828 739/366/829 706/332/795
f 740/367/830 708/334/797 707/333/796
f 739/366/829 740/367/830 707/333/796
f 741/368/831 709/335/798 708/334/797
f 740/367/830 741/368/831 708/334/797
f 742/369/832 710/336/799 709/335/798
f 741/368/831 742/369/832 709/335/798
f 743/370/833 711/337/800 710/336/799
f 742/369/832 743/370/833 710/336/799
f 744/371/834 712/338/801 711/337/800
f 743/370/833 744/371/834 711/337/800
f 745/372/835 713/339/802 712/338/801
f 744/371/834 745/372/835 712/338/801
f 746/373/836 714/340/803 713/339/802
f 745/372/835 746/373/836 713/339/802
f 747/374/837 715/341/804 714/340/803
f 746/373/836 747/374/837 714/340/803
f 748/375/838 716/342/805 715/341/804
f 747/374/837 748/375/838 715/341/804
f 749/376/839 717/343/806 716/342/805
f 748/375/838 749/376/839 716/342/805
f 750/377/840 718/344/807 717/343/806
f 749/376/839 750/377/840 717/343/806
f 751/378/841 719/345/808 718/344/807
f 750/377/840 751/378/841 718/344/807
f 752/379/842 720/346/809 719/345/808
f 751/378/841 752/379/842 719/345/808
f 753/380/843 721/347/810 720/346/809
f 752/379/842 753/380/843 720/346/809
f 754/381/844 722/348/811 721/347/810
f 753/380/843 754/381/844 721/347/810
f 755/382/845 723/349/812 722/348/811
f 754/381/844 755/382/845 722/348/811
f 756/383/846 724/350/813 723/349/812
f 755/382/845 756/383/846 723/349/812
f 757/384/847 725/351/814 724/350/813
f 756/383/846 757/384/847 724/350/813
f 758/385/848 726/352/815 725/351/814
f 757/384/847 758/385/848 725/351/814
f 759/386/849 727/353/816 726/352/815
f 758/385/848 759/386/849 726/352/815
f 760/387/850 728/354/817 727/353/816
f 759/386/849 760/387/850 727/353/816
f 761/388/851 729/355/818 728/354/817
f 760/387/850 761/388/851 728/354/817
f 762/389/852 730/356/819 729/355/818
f 761/388/851 762/389/852 729/355/818
f 763/390/853 731/357/820 730/356/819
f 762/389/852 763/390/853 730/356/819
f 764/391/854 732/358/821 731/357/820
f 763/390/853 764/391/854 731/357/820
f 765/392/855 733/359/822 732/358/821
f 764/391/854 765/392/855 732/358/821
f 766/393/856 734/360/823 733/359/822
f 765/392/855 766/393/856 733/359/822
f 767/394/857 735/361/824 734/360/823
f 766/393/856 767/394/857 734/360/823
f 737/395/858 705/362/825 735/361/824
f 767/394/857 737/395/858 735/361/824
f 768/396/859 736/363/826 737/364/827
f 768/397/860 738/365/828 736/363/826
f 768/398/861 739/366/829 738/365/828
f 768/399/862 740/367/830 739/366/829
f 768/400/863 741/368/831 740/367/830
f 768/401/864 742/369/832 741/368/831
f 768/402/865 743/370/833 742/369/832
f 768/403/866 744/371/834 743/370/833
f 768/404/867 745/372/835 744/371/834
f 768/405/868 746/373/836 745/372/835
f 768/406/869 747/374/837 746/373/836
f 768/407/870 748/375/838 747/374/837
f 768/408/871 749/376/839 748/375/838
f 768/409/872 750/377/840 749/376/839
f 768/410/873 751/378/841 750/377/840
f 768/411/874 752/379/842 751/378/841
f 768/412/875 753/380/843 752/379/842
f 768/413/876 754/381/844 753/380/843
f 768/414/877 755/382/845 754/381/844
f 768/415/878 756/383/846 755/382/845
f 768/416/879 757/384/847 756/383/846
f 768/417/880 758/385/848 757/384/847
f 768/418/881 759/386/849 758/385/848
f 768/419/882 760/387/850 759/386/849
f 768/420/883 761/388/851 760/387/850
f 768/421/884 762/389/852 761/388/851
f 768/422/885 763/390/853 762/389/852
f 768/423/886 764/391/854 763/390/853
f 768/424/887 765/392/855 764/391/854
f 768/425/888 766/393/856 765/392/855
f 768/426/889 767/394/857 766/393/856
f 768/427/890 737/395/858 767/394/857
usemtl white
f 769/1/891 770/2/892 771/3/893
f 770/2/892 772/4/894 771/5/895
f 772/4/894 773/6/896 771/7/897
f 773/6/896 774/8/898 771/9/899
f 774/8/898 775/10/900 771/11/901
f 775/10/900 776/12/902 771/13/903
f 776/12/902 777/14/904 771/15/905
f 777/14/904 778/16/906 771/17/907
f 778/16/906 779/18/908 771/19/909
f 779/18/908 780/20/910 771/21/911
f 780/20/910 781/22/912 771/23/913
f 781/22/912 782/24/914 771/25/915
f 782/24/914 783/26/916 771/27/917
f 783/26/916 784/28/918 771/29/919
f 784/28/918 785/30/920 771/31/921
f 785/30/920 786/32/922 771/33/923
f 786/32/922 787/34/924 771/35/925
f 787/34/924 788/36/926 771/37/927
f 788/36/926 789/38/928 771/39/929
f 789/38/928 790/40/930 771/41/931
f 790/40/930 791/42/932 771/43/933
f 791/42/932 792/44/934 771/45/935
f 792/44/934 793/46/936 771/47/937
f 793/46/936 794/48/938 771/49/939
f 794/48/938 795/50/940 771/51/941
f 795/50/940 796/52/942 771/53/943
f 796/52/942 797/54/944 771/55/945
f 797/54/944 798/56/946 771/57/947
f 798/56/946 799/58/948 771/59/949
f 799/58/948 800/60/950 771/61/951
f 800/60/950 801/62/952 771/63/953
f 801/62/952 769/64/954 771/65/955
f 802/66/956 770/2/892 769/1/891
f 803/67/957 802/66/956 769/1/891
f 804/68/958 772/4/894 770/2/892
f 802/66/956 804/68/958 770/2/892
f 805/69/959 773/6/896 772/4/894
f 804/68/958 805/69/959 772/4/894
f 806/70/960 774/8/898 773/6/896
f 805/69/959 806/70/960 773/6/896
f 807/71/961 775/10/900 774/8/898
f 806/70/960 807/71/961 774/8/898
f 808/72/962 776/12/902 775/10/900
f 807/71/961 808/72/962 775/10/900
f 809/73/963 777/14/904 776/12/902
f 808/72/962 809/73/963 776/12/902
f 810/74/964 778/16/906 777/14/904
f 809/73/963 810/74/964 777/14/904
f 811/75/965 779/18/908 778/16/906
f 810/74/964 811/75/965 778/16/906
f 812/76/966 780/20/910 779/18/908
f 811/75/965 812/76/966 779/18/908
f 813/77/967 781/22/912 780/20/910
f 812/76/966 813/77/967 780/20/910
f 814/78/968 782/24/914 781/22/912
f 813/77/967 814/78/968 781/22/912
f 815/79/969 783/26/916 782/24/914
f 814/78/968 815/79/969 782/24/914
f 816/80/970 784/28/918 783/26/916
f 815/79/969 816/80/970 783/26/916
f 817/81/971 785/30/920 784/28/918
f 816/80/970 817/81/971 784/28/918
f 818/82/972 786/32/922 785/30/920
f 817/81/971 818/82/972 785/30/920
f 819/83/973 787/34/924 786/32/922
f 818/82/972 819/83/973 786/32/922
f 820/84/974 788/36/926 787/34/924
f 819/83/973 820/84/974 787/34/924
f 821/85/975 789/38/928 788/36/926
f 820/84/974 821/85/975 788/36/926
f 822/86/976 790/40/930 789/38/928
f 821/85/975 822/86/976 789/38/928
f 823/87/977 791/42/932 790/40/930
f 822/86/976 823/87/977 790/40/930
f 824/88/978 792/44/934 791/42/932
f 823/87/977 824/88/978 791/42/932
f 825/89/979 793/46/936 792/44/934
f 824/88/978 825/89/979 792/44/934
f 826/90/980 794/48/938 793/46/936
f 825/89/979 826/90/980 793/46/936
f 827/91/981 795/50/940 794/48/938
f 826/90/980 827/91/981 794/48/938
f 828/92/982 796/52/942 795/50/940
f 827/91/981 828/92/982 795/50/940
f 829/93/983 797/54/944 796/52/942
f 828/92/982 829/93/983 796/52/942
f 830/94/984 798/56/946 797/54/944
f 829/93/983 830/94/984 797/54/944
f 831/95/985 799/58/948 798/56/946
f 830/94/984 831/95/985 798/56/946
f 832/96/986 800/60/950 799/58/948
f 831/95/985 832/96/986 799/58/948
f 833/97/987 801/62/952 800/60/950
f 832/96/986 833/97/987 800/60/950
f 803/98/988 769/64/954 801/62/952
f 833/97/987 803/98/988 801/62/952
f 834/99/989 802/66/956 803/67/957
f 835/100/990 834/99/989 803/67/957
f 836/101/991 804/68/958 802/66/956
f 834/99/989 836/101/991 802/66/956
f 837/102/992 805/69/959 804/68/958
f 836/101/991 837/102/992 804/68/958
f 838/103/993 806/70/960 805/69/959
f 837/102/992 838/103/993 805/69/959
f 839/104/994 807/71/961 806/70/960
f 838/103/993 839/104/994 806/70/960
f 840/105/995 808/72/962 807/71/961
f 839/104/994 840/105/995 807/71/961
f 841/106/996 809/73/963 808/72/962
f 840/105/995 841/106/996 808/72/962
f 842/107/997 810/74/964 809/73/963
f 841/106/996 842/107/997 809/73/963
f 843/108/998 811/75/965 810/74/964
f 842/107/997 843/108/998 810/74/964
f 844/109/999 812/76/966 811/75/965
f 843/108/998 844/109/999 811/75/965
f 845/110/1000 813/77/967 812/76/966
f 844/109/999 845/110/1000 812/76/966
f 846/111/1001 814/78/968 813/77/967
f 845/110/1000 846/111/1001 813/77/967
f 847/112/1002 815/79/969 814/78/968
f 846/111/1001 847/112/1002 814/78/968
f 848/113/1003 816/80/970 815/79/969
f 847/112/1002 848/113/1003 815/79/969
f 849/114/1004 817/81/971 816/80/970
f 848/113/1003 849/114/1004 816/80/970
f 850/115/1005 818/82/972 817/81/971
f 849/114/1004 850/115/1005 817/81/971
f 851/116/1006 819/83/973 818/82/972
f 850/115/1005 851/116/1006 818/82/972
f 852/117/1007 820/84/974 819/83/973
f 851/116/1006 852/117/1007 819/83/973
f 853/118/1008 821/85/975 820/84/974
f 852/117/1007 853/118/1008 820/84/974
f 854/119/1009 822/86/976 821/85/975
f 853/118/1008 854/119/1009 821/85/975
f 855/120/1010 823/87/977 822/86/976
f 854/119/1009 855/120/1010 822/86/976
f 856/121/1011 824/88/978 823/87/977
f 855/120/1010 856/121/1011 823/87/977
f 857/122/1012 825/89/979 824/88/978
f 856/121/1011 857/122/1012 824/88/978
f 858/123/1013 826/90/980 825/89/979
f 857/122/1012 858/123/1013 825/89/979
f 859/124/1014 827/91/981 826/90/980
f 858/123/1013 859/124/1014 826/90/980
f 860/125/1015 828/92/982 827/91/981
f 859/124/1014 860/125/1015 827/91/981
f 861/126/1016 829/93/983 828/92/982
f 860/125/1015 861/126/1016 828/92/982
f 862/127/1017 830/94/984 829/93/983
f 861/126/1016 862/127/1017 829/93/983
f 863/128/1018 831/95/985 830/94/984
f 862/127/1017 863/128/1018 830/94/984
f 864/129/1019 832/96/986 831/95/985
f 863/128/1018 864/129/1019 831/95/985
f 865/130/1020 833/97/987 832/96/986
f 864/129/1019 865/130/1020 832/96/986
f 835/131/1021 803/98/988 833/97/987
f 865/130/1020 835/131/1021 833/97/987
f 866/132/1022 834/99/989 835/100/990
f 867/133/1023 866/132/1022 835/100/990
f 868/134/1024 836/101/991 834/99/989
f 866/132/1022 868/134/1024 834/99/989
f 869/135/1025 837/102/992 836/101/991
f 868/134/1024 869/135/1025 836/101/991
f 870/136/1026 838/103/993 837/102/992
f 869/135/1025 870/136/1026 837/102/992
f 871/137/1027 839/104/994 838/103/993
f 870/136/1026 871/137/1027 838/103/993
f 872/138/1028 840/105/995 839/104/994
f 871/137/1027 872/138/1028 839/104/994
f 873/139/1029 841/106/996 840/105/995
f 872/138/1028 873/139/1029 840/105/995
f 874/140/1030 842/107/997 841/106/996
f 873/139/1029 874/140/1030 841/106/996
f 875/141/1031 843/108/998 842/107/997
f 874/140/1030 875/141/1031 842/107/997
f 876/142/1032 844/109/999 843/108/998
f 875/141/1031 876/142/1032 843/108/998
f 877/143/1033 845/110/1000 844/109/999
f 876/142/1032 877/143/1033 844/109/999
f 878/144/1034 846/111/1001 845/110/1000
f 877/143/1033 878/144/1034 845/110/1000
f 879/145/1035 847/112/1002 846/111/1001
f 878/144/1034 879/145/1035 846/111/1001
f 880/146/1036 848/113/1003 847/112/1002
f 879/145/1035 880/146/1036 847/112/1002
f 881/147/1037 849/114/1004 848/113/1003
f 880/146/1036 881/147/1037 848/113/1003
f 882/148/1038 850/115/1005 849/114/1004
f 881/147/1037 882/148/1038 849/114/1004
f 883/149/1039 851/116/1006 850/115/1005
f 882/148/1038 883/149/1039 850/115/1005
f 884/150/1040 852/117/1007 851/116/1006
f 883/149/1039 884/150/1040 851/116/1006
f 885/151/1041 853/118/1008 852/117/1007
f 884/150/1040 885/151/1041 852/117/1007
f 886/152/1042 854/119/1009 853/118/1008
f 885/151/1041 886/152/1042 853/118/1008
f 887/153/1043 855/120/1010 854/119/1009
f 886/152/1042 887/153/1043 854/119/1009
f 888/154/1044 856/121/1011 855/120/1010
f 887/153/1043 888/154/1044 855/120/1010
f 889/155/1045 857/122/1012 856/121/1011
f 888/154/1044 889/155/1045 856/121/1011
f 890/156/1046 858/123/1013 857/122/1012
f 889/155/1045 890/156/1046 857/122/1012
f 891/157/1047 859/124/1014 858/123/1013
f 890/156/1046 891/157/1047 858/123/1013
f 892/158/1048 860/125/1015 859/124/1014
f 891/157/1047 892/158/1048 859/124/1014
f 893/159/1049 861/126/1016 860/125/1015
f 892/158/1048 893/159/1049 860/125/1015
f 894/160/1050 862/127/1017 861/126/1016
f 893/159/1049 894/160/1050 861/126/1016
f 895/161/1051 863/128/1018 862/127/1017
f 894/160/1050 895/161/1051 862/127/1017
f 896/162/1052 864/129/1019 863/128/1018
f 895/161/1051 896/162/1052 863/128/1018
f 897/163/1053 865/130/1020 864/129/1019
f 896/162/1052 897/163/1053 864/129/1019
f 867/164/1054 835/131/1021 865/130/1020
f 897/163/1053 867/164/1054 865/130/1020
f 898/165/1055 866/132/1022 867/133/1023
f 899/166/1056 898/165/1055 867/133/1023
f 900/167/1057 868/134/1024 866/132/1022
f 898/165/1055 900/167/1057 866/132/1022
f 901/168/1058 869/135/1025 868/134/1024
f 900/167/1057 901/168/1058 868/134/1024
f 902/169/1059 870/136/1026 869/135/1025
f 901/168/1058 902/169/1059 869/135/1025
f 903/170/1060 871/137/1027 870/136/1026
f 902/169/1059 903/170/1060 870/136/1026
f 904/171/1061 872/138/1028 871/137/1027
f 903/170/1060 904/171/1061 871/137/1027
f 905/172/1062 873/139/1029 872/138/1028
f 904/171/1061 905/172/1062 872/138/1028
f 906/173/1063 874/140/1030 873/139/1029
f 905/172/1062 906/173/1063 873/139/1029
f 907/174/1064 875/141/1031 874/140/1030
f 906/173/1063 907/174/1064 874/140/1030
f 908/175/1065 876/142/1032 875/141/1031
f 907/174/1064 908/175/1065 875/141/1031
f 909/176/1066 877/143/1033 876/142/1032
f 908/175/1065 909/176/1066 876/142/1032
f 910/177/1067 878/144/1034 877/143/1033
f 909/176/1066 910/177/1067 877/143/1033
f 911/178/1068 879/145/1035 878/144/1034
f 910/177/1067 911/178/1068 878/144/1034
f 912/179/1069 880/146/1036 879/145/1035
f 911/178/1068 912/179/1069 879/145/1035
f 913/180/1070 881/147/1037 880/146/1036
f 912/179/1069 913/180/1070 880/146/1036
f 914/181/1071 882/148/1038 881/147/1037
f 913/180/1070 914/181/1071 881/147/1037
f 915/182/1072 883/149/1039 882/148/1038
f 914/181/1071 915/182/1072 882/148/1038
f 916/183/1073 884/150/1040 883/149/1039
f 915/182/1072 916/183/1073 883/149/1039
f 917/184/1074 885/151/1041 884/150/1040
f 916/183/1073 917/184/1074 884/150/1040
f 918/185/1075 886/152/1042 885/151/1041
f 917/184/1074 918/185/1075 885/151/1041
f 919/186/1076 887/153/1043 886/152/1042
f 918/185/1075 919/186/1076 886/152/1042
f 920/187/1077 888/154/1044 887/153/1043
f 919/186/1076 920/187/1077 887/153/1043
f 921/188/1078 889/155/1045 888/154/1044
f 920/187/1077 921/188/1078 888/154/1044
f 922/189/1079 890/156/1046 889/155/1045
f 921/188/1078 922/189/1079 889/155/1045
f 923/190/1080 891/157/1047 890/156/1046
f 922/189/1079 923/190/1080 890/156/1046
f 924/191/1081 892/158/1048 891/157/1047
f 923/190/1080 924/191/1081 891/157/1047
f 925/192/1082 893/159/1049 892/158/1048
f 924/191/1081 925/192/1082 892/158/1048
f 926/193/1083 894/160/1050 893/159/1049
f 925/192/1082 926/193/1083 893/159/1049
f 927/194/1084 895/161/1051 894/160/1050
f 926/193/1083 927/194/1084 894/160/1050
f 928/195/1085 896/162/1052 895/161/1051
f 927/194/1084 928/195/1085 895/161/1051
f 929/196/1086 897/163/1053 896/162/1052
f 928/195/1085 929/196/1086 896/162/1052
f 899/197/1087 867/164/1054 897/163/1053
f 929/196/1086 899/197/1087 897/163/1053
f 930/198/198 898/165/1055 899/166/1056
f 931/199/199 930/198/198 899/166/1056
f 932/200/200 900/167/1057 898/165/1055
f 930/198/198 932/200/200 898/165/1055
f 933/201/201 901/168/1058 900/167/1057
f 932/200/200 933/201/201 900/167/1057
f 934/202/202 902/169/1059 901/168/1058
f 933/201/201 934/202/202 901/168/1058
f 935/203/203 903/170/1060 902/169/1059
f 934/202/202 935/203/203 902/169/1059
f 936/204/204 904/171/1061 903/170/1060
f 935/203/203 936/204/204 903/170/1060
f 937/205/205 905/172/1062 904/171/1061
f 936/204/204 937/205/205 904/171/1061
f 938/206/206 906/173/1063 905/172/1062
f 937/205/205 938/206/206 905/172/1062
f 939/207/207 907/174/1064 906/173/1063
f 938/206/206 939/207/207 906/173/1063
f 940/208/208 908/175/1065 907/174/1064
f 939/207/207 940/208/208 907/174/1064
f 941/209/209 909/176/1066 908/175/1065
f 940/208/208 941/209/209 908/175/1065
f 942/210/210 910/177/1067 909/176/1066
f 941/209/209 942/210/210 909/176/1066
f 943/211/211 911/178/1068 910/177/1067
f 942/210/210 943/211/211 910/177/1067
f 944/212/212 912/179/1069 911/178/1068
f 943/211/211 944/212/212 911/178/1068
f 945/213/213 913/180/1070 912/179/1069
f 944/212/212 945/213/213 912/179/1069
f 946/214/214 914/181/1071 913/180/1070
f 945/213/213 946/214/214 913/180/1070
f 947/215/215 915/182/1072 914/181/1071
f 946/214/214 947/215/215 914/181/1071
f 948/216/216 916/183/1073 915/182/1072
f 947/215/215 948/216/216 915/182/1072
f 949/217/217 917/184/1074 916/183/1073
f 948/216/216 949/217/217 916/183/1073
f 950/218/218 918/185/1075 917/184/1074
f 949/217/217 950/218/218 917/184/1074
f 951/219/219 919/186/1076 918/185/1075
f 950/218/218 951/219/219 918/185/1075
f 952/220/220 920/187/1077 919/186/1076
f 951/219/219 952/220/220 919/186/1076
f 953/221/221 921/188/1078 920/187/1077
f 952/220/220 953/221/221 920/187/1077
f 954/222/222 922/189/1079 921/188/1078
f 953/221/221 954/222/222 921/188/1078
f 955/223/223 923/190/1080 922/189/1079
f 954/222/222 955/223/223 922/189/1079
f 956/224/224 924/191/1081 923/190/1080
f 955/223/223 956/224/224 923/190/1080
f 957/225/225 925/192/1082 924/191/1081
f 956/224/224 957/225/225 924/191/1081
f 958/226/226 926/193/1083 925/192/1082
f 957/225/225 958/226/226 925/192/1082
f 959/227/227 927/194/1084 926/193/1083
f 958/226/226 959/227/227 926/193/1083
f 960/228/228 928/195/1085 927/194/1084
f 959/227/227 960/228/228 927/194/1084
f 961/229/229 929/196/1086 928/195/1085
f 960/228/228 961/229/229 928/195/1085
f 931/230/230 899/197/1087 929/196/1086
f 961/229/229 931/230/230 929/196/1086
f 962/231/1088 930/198/198 931/199/199
f 963/232/1089 962/231/1088 931/199/199
f 964/233/1090 932/200/200 930/198/198
f 962/231/1088 964/233/1090 930/198/198
f 965/234/1091 933/201/201 932/200/200
f 964/233/1090 965/234/1091 932/200/200
f 966/235/1092 934/202/202 933/201/201
f 965/234/1091 966/235/1092 933/201/201
f 967/236/1093 935/203/203 934/202/202
f 966/235/1092 967/236/1093 934/202/202
f 968/237/1094 936/204/204 935/203/203
f 967/236/1093 968/237/1094 935/203/203
f 969/238/1095 937/205/205 936/204/204
f 968/237/1094 969/238/1095 936/204/204
f 970/239/1096 938/206/206 937/205/205
f 969/238/1095 970/239/1096 937/205/205
f 971/240/1097 939/207/207 938/206/206
f 970/239/1096 971/240/1097 938/206/206
f 972/241/1098 940/208/208 939/207/207
f 971/240/1097 972/241/1098 939/207/207
f 973/242/1099 941/209/209 940/208/208
f 972/241/1098 973/242/1099 940/208/208
f 974/243/1100 942/210/210 941/209/209
f 973/242/1099 974/243/1100 941/209/209
f 975/244/1101 943/211/211 942/210/210
f 974/243/1100 975/244/1101 942/210/210
f 976/245/1102 944/212/212 943/211/211
f 975/244/1101 976/245/1102 943/211/211
f 977/246/1103 945/213/213 944/212/212
f 976/245/1102 977/246/1103 944/212/212
f 978/247/1104 946/214/214 945/213/213
f 977/246/1103 978/247/1104 945/213/213
f 979/248/1105 947/215/215 946/214/214
f 978/247/1104 979/248/1105 946/214/214
f 980/249/1106 948/216/216 947/215/215
f 979/248/1105 980/249/1106 947/215/215
f 981/250/1107 949/217/217 948/216/216
f 980/249/1106 981/250/1107 948/216/216
f 982/251/1108 950/218/218 949/217/217
f 981/250/1107 982/251/1108 949/217/217
f 983/252/1109 951/219/219 950/218/218
f 982/251/1108 983/252/1109 950/218/218
f 984/253/1110 952/220/220 951/219/219
f 983/252/1109 984/253/1110 951/219/219
f 985/254/1111 953/221/221 952/220/220
f 984/253/1110 985/254/1111 952/220/220
f 986/255/1112 954/222/222 953/221/221
f 985/254/1111 986/255/1112 953/221/221
f 987/256/1113 955/223/223 954/222/222
f 986/255/1112 987/256/1113 954/222/222
f 988/257/1114 956/224/224 955/223/223
f 987/256/1113 988/257/1114 955/223/223
f 989/258/1115 957/225/225 956/224/224
f 988/257/1114 989/258/1115 956/224/224
f 990/259/1116 958/226/226 957/225/225
f 989/258/1115 990/259/1116 957/225/225
f 991/260/1117 959/227/227 958/226/226
f 990/259/1116 991/260/1117 958/226/226
f 992/261/1118 960/228/228 959/227/227
f 991/260/1117 992/261/1118 959/227/227
f 993/262/1119 961/229/229 960/228/228
f 992/261/1118 993/262/1119 960/228/228
f 963/263/1120 931/230/230 961/229/229
f 993/262/1119 963/263/1120 961/229/229
f 994/264/1121 962/231/1088 963/232/1089
f 995/265/1122 994/264/1121 963/232/1089
f 996/266/1123 964/233/1090 962/231/1088
f 994/264/1121 996/266/1123 962/231/1088
f 997/267/1124 965/234/1091 964/233/1090
f 996/266/1123 997/267/1124 964/233/1090
f 998/268/1125 966/235/1092 965/234/1091
f 997/267/1124 998/268/1125 965/234/1091
f 999/269/1126 967/236/1093 966/235/1092
f 998/268/1125 999/269/1126 966/235/1092
f 1000/270/1127 968/237/1094 967/236/1093
f 999/269/1126 1000/270/1127 967/236/1093
f 1001/271/1128 969/238/1095 968/237/1094
f 1000/270/1127 1001/271/1128 968/237/1094
f 1002/272/1129 970/239/1096 969/238/1095
f 1001/271/1128 1002/272/1129 969/238/1095
f 1003/273/1130 971/240/1097 970/239/1096
f 1002/272/1129 1003/273/1130 970/239/1096
f 1004/274/1131 972/241/1098 971/240/1097
f 1003/273/1130 1004/274/1131 971/240/1097
f 1005/275/1132 973/242/1099 972/241/1098
f 1004/274/1131 1005/275/1132 972/241/1098
f 1006/276/1133 974/243/1100 973/242/1099
f 1005/275/1132 1006/276/1133 973/242/1099
f 1007/277/1134 975/244/1101 974/243/1100
f 1006/276/1133 1007/277/1134 974/243/1100
f 1008/278/1135 976/245/1102 975/244/1101
f 1007/277/1134 1008/278/1135 975/244/1101
f 1009/279/1136 977/246/1103 976/245/1102
f 1008/278/1135 1009/279/1136 976/245/1102
f 1010/280/1137 978/247/1104 977/246/1103
f 1009/279/1136 1010/280/1137 977/246/1103
f 1011/281/1138 979/248/1105 978/247/1104
f 1010/280/1137 1011/281/1138 978/247/1104
f 1012/282/1139 980/249/1106 979/248/1105
f 1011/281/1138 1012/282/1139 979/248/1105
f 1013/283/1140 981/250/1107 980/249/1106
f 1012/282/1139 1013/283/1140 980/249/1106
f 1014/284/1141 982/251/1108 981/250/1107
f 1013/283/1140 1014/284/1141 981/250/1107
f 1015/285/1142 983/252/1109 982/251/1108
f 1014/284/1141 1015/285/1142 982/251/1108
f 1016/286/1143 984/253/1110 983/252/1109
f 1015/285/1142 1016/286/1143 983/252/1109
f 1017/287/1144 985/254/1111 984/253/1110
f 1016/286/1143 1017/287/1144 984/253/1110
f 1018/288/1145 986/255/1112 985/254/1111
f 1017/287/1144 1018/288/1145 985/254/1111
f 1019/289/1146 987/256/1113 986/255/1112
f 1018/288/1145 1019/289/1146 986/255/1112
f 1020/290/1147 988/257/1114 987/256/1113
f 1019/289/1146 1020/290/1147 987/256/1113
f 1021/291/1148 989/258/1115 988/257/1114
f 1020/290/1147 1021/291/1148 988/257/1114
f 1022/292/1149 990/259/1116 989/258/1115
f 1021/291/1148 1022/292/1149 989/258/1115
f 1023/293/1150 991/260/1117 990/259/1116
f 1022/292/1149 1023/293/1150 990/259/1116
f 1024/294/1151 992/261/1118 991/260/1117
f 1023/293/1150 1024/294/1151 991/260/1117
f 1025/295/1152 993/262/1119 992/261/1118
f 1024/294/1151 1025/295/1152 992/261/1118
f 995/296/1153 963/263/1120 993/262/1119
f 1025/295/1152 995/296/1153 993/262/1119
f 1026/297/1154 994/264/1121 995/265/1122
f 1027/298/1155 1026/297/1154 995/265/1122
f 1028/299/1156 996/266/1123 994/264/1121
f 1026/297/1154 1028/299/1156 994/264/1121
f 1029/300/1157 997/267/1124 996/266/1123
f 1028/299/1156 1029/300/1157 996/266/1123
f 1030/301/1158 998/268/1125 997/267/1124
f 1029/300/1157 1030/301/1158 997/267/1124
f 1031/302/1159 999/269/1126 998/268/1125
f 1030/301/1158 1031/302/1159 998/268/1125
f 1032/303/1160 1000/270/1127 999/269/1126
f 1031/302/1159 1032/303/1160 999/269/1126
f 1033/304/1161 1001/271/1128 1000/270/1127
f 1032/303/1160 1033/304/1161 1000/270/1127
f 1034/305/1162 1002/272/1129 1001/271/1128
f 1033/304/1161 1034/305/1162 1001/271/1128
f 1035/306/1163 1003/273/1130 1002/272/1129
f 1034/305/1162 1035/306/1163 1002/272/1129
f 1036/307/1164 1004/274/1131 1003/273/1130
f 1035/306/1163 1036/307/1164 1003/273/1130
f 1037/308/1165 1005/275/1132 1004/274/1131
f 1036/307/1164 1037/308/1165 1004/274/1131
f 1038/309/1166 1006/276/1133 1005/275/1132
f 1037/308/1165 1038/309/1166 1005/275/1132
f 1039/310/1167 1007/277/1134 1006/276/1133
f 1038/309/1166 1039/310/1167 1006/276/1133
f 1040/311/1168 1008/278/1135 1007/277/1134
f 1039/310/1167 1040/311/1168 1007/277/1134
f 1041/312/1169 1009/279/1136 1008/278/1135
f 1040/311/1168 1041/312/1169 1008/278/1135
f 1042/313/1170 1010/280/1137 1009/279/1136
f 1041/312/1169 1042/313/1170 1009/279/1136
f 1043/314/1171 1011/281/1138 1010/280/1137
f 1042/313/1170 1043/314/1171 1010/280/1137
f 1044/315/1172 1012/282/1139 1011/281/1138
f 1043/314/1171 1044/315/1172 1011/281/1138
f 1045/316/1173 1013/283/1140 1012/282/1139
f 1044/315/1172 1045/316/1173 1012/282/1139
f 1046/317/1174 1014/284/1141 1013/283/1140
f 1045/316/1173 1046/317/1174 1013/283/1140
f 1047/318/1175 1015/285/1142 1014/284/1141
f 1046/317/1174 1047/318/1175 1014/284/1141
f 1048/319/1176 1016/286/1143 1015/285/1142
f 1047/318/1175 1048/319/1176 1015/285/1142
f 1049/320/1177 1017/287/1144 1016/286/1143
f 1048/319/1176 1049/320/1177 1016/286/1143
f 1050/321/1178 1018/288/1145 1017/287/1144
f 1049/320/1177 1050/321/1178 1017/287/1144
f 1051/322/1179 1019/289/1146 1018/288/1145
f 1050/321/1178 1051/322/1179 1018/288/1145
f 1052/323/1180 1020/290/1147 1019/289/1146
f 1051/322/1179 1052/323/1180 1019/289/1146
f 1053/324/1181 1021/291/1148 1020/290/1147
f 1052/323/1180 1053/324/1181 1020/290/1147
f 1054/325/1182 1022/292/1149 1021/291/1148
f 1053/324/1181 1054/325/1182 1021/291/1148
f 1055/326/1183 1023/293/1150 1022/292/1149
f 1054/325/1182 1055/326/1183 1022/292/1149
f 1056/327/1184 1024/294/1151 1023/293/1150
f 1055/326/1183 1056/327/1184 1023/293/1150
f 1057/328/1185 1025/295/1152 1024/294/1151
f 1056/327/1184 1057/328/1185 1024/294/1151
f 1027/329/1186 995/296/1153 1025/295/1152
f 1057/328/1185 1027/329/1186 1025/295/1152
f 1058/330/1187 1026/297/1154 1027/298/1155
f 1059/331/1188 1058/330/1187 1027/298/1155
f 1060/332/1189 1028/299/1156 1026/297/1154
f 1058/330/1187 1060/332/1189 1026/297/1154
f 1061/333/1190 1029/300/1157 1028/299/1156
f 1060/332/1189 1061/333/1190 1028/299/1156
f 1062/334/1191 1030/301/1158 1029/300/1157
f 1061/333/1190 1062/334/1191 1029/300/1157
f 1063/335/1192 1031/302/1159 1030/301/1158
f 1062/334/1191 1063/335/1192 1030/301/1158
f 1064/336/1193 1032/303/1160 1031/302/1159
f 1063/335/1192 1064/336/1193 1031/302/1159
f 1065/337/1194 1033/304/1161 1032/303/1160
f 1064/336/1193 1065/337/1194 1032/303/1160
f 1066/338/1195 1034/305/1162 1033/304/1161
f 1065/337/1194 1066/338/1195 1033/304/1161
f 1067/339/1196 1035/306/1163 1034/305/1162
f 1066/338/1195 1067/339/1196 1034/305/1162
f 1068/340/1197 1036/307/1164 1035/306/1163
f 1067/339/1196 1068/340/1197 1035/306/1163
f 1069/341/1198 1037/308/1165 1036/307/1164
f 1068/340/1197 1069/341/1198 1036/307/1164
f 1070/342/1199 1038/309/1166 1037/308/1165
f 1069/341/1198 1070/342/1199 1037/308/1165
f 1071/343/1200 1039/310/1167 1038/309/1166
f 1070/342/1199 1071/343/1200 1038/309/1166
f 1072/344/1201 1040/311/1168 1039/310/1167
f 1071/343/1200 1072/344/1201 1039/310/1167
f 1073/345/1202 1041/312/1169 1040/311/1168
f 1072/344/1201 1073/345/1202 1040/311/1168
f 1074/346/1203 1042/313/1170 1041/312/1169
f 1073/345/1202 1074/346/1203 1041/312/1169
f 1075/347/1204 1043/314/1171 1042/313/1170
f 1074/346/1203 1075/347/1204 1042/313/1170
f 1076/348/1205 1044/315/1172 1043/314/1171
f 1075/347/1204 1076/348/1205 1043/314/1171
f 1077/349/1206 1045/316/1173 1044/315/1172
f 1076/348/1205 1077/349/1206 1044/315/1172
f 1078/350/1207 1046/317/1174 1045/316/1173
f 1077/349/1206 1078/350/1207 1045/316/1173
f 1079/351/1208 1047/318/1175 1046/317/1174
f 1078/350/1207 1079/351/1208 1046/317/1174
f 1080/352/1209 1048/319/1176 1047/318/1175
f 1079/351/1208 1080/352/1209 1047/318/1175
f 1081/353/1210 1049/320/1177 1048/319/1176
f 1080/352/1209 1081/353/1210 1048/319/1176
f 1082/354/1211 1050/321/1178 1049/320/1177
f 1081/353/1210 1082/354/1211 1049/320/1177
f 1083/355/1212 1051/322/1179 1050/321/1178
f 1082/354/1211 1083/355/1212 1050/321/1178
f 1084/356/1213 1052/323/1180 1051/322/1179
f 1083/355/1212 1084/356/1213 1051/322/1179
f 1085/357/1214 1053/324/1181 1052/323/1180
f 1084/356/1213 1085/357/1214 1052/323/1180
f 1086/358/1215 1054/325/1182 1053/324/1181
f 1085/357/1214 1086/358/1215 1053/324/1181
f 1087/359/1216 1055/326/1183 1054/325/1182
f 1086/358/1215 1087/359/1216 1054/325/1182
f 1088/360/1217 1056/327/1184 1055/326/1183
f 1087/359/1216 1088/360/1217 1055/326/1183
f 1089/361/1218 1057/328/1185 1056/327/1184
f 1088/360/1217 1089/361/1218 1056/327/1184
f 1059/362/1219 1027/329/1186 1057/328/1185
f 1089/361/1218 1059/362/1219 1057/328/1185
f 1090/363/1220 1058/330/1187 1059/331/1188
f 1091/364/1221 1090/363/1220 1059/331/1188
f 1092/365/1222 1060/332/1189 1058/330/1187
f 1090/363/1220 1092/365/1222 1058/330/1187
f 1093/366/1223 1061/333/1190 1060/332/1189
f 1092/365/1222 1093/366/1223 1060/332/1189
f 1094/367/1224 1062/334/1191 1061/333/1190
f 1093/366/1223 1094/367/1224 1061/333/1190
f 1095/368/1225 1063/335/1192 1062/334/1191
f 1094/367/1224 1095/368/1225 1062/334/1191
f 1096/369/1226 1064/336/1193 1063/335/1192
f 1095/368/1225 1096/369/1226 1063/335/1192
f 1097/370/1227 1065/337/1194 1064/336/1193
f 1096/369/1226 1097/370/1227 1064/336/1193
f 1098/371/1228 1066/338/1195 1065/337/1194
f 1097/370/1227 1098/371/1228 1065/337/1194
f 1099/372/1229 1067/339/1196 1066/338/1195
f 1098/371/1228 1099/372/1229 1066/338/1195
f 1100/373/1230 1068/340/1197 1067/339/1196
f 1099/372/1229 1100/373/1230 1067/339/1196
f 1101/374/1231 1069/341/1198 1068/340/1197
f 1100/373/1230 1101/374/1231 1068/340/1197
f 1102/375/1232 1070/342/1199 1069/341/1198
f 1101/374/1231 1102/375/1232 1069/341/1198
f 1103/376/1233 1071/343/1200 1070/342/1199
f 1102/375/1232 1103/376/1233 1070/342/1199
f 1104/377/1234 1072/344/1201 1071/343/1200
f 1103/376/1233 1104/377/1234 1071/343/1200
f 1105/378/1235 1073/345/1202 1072/344/1201
f 1104/377/1234 1105/378/1235 1072/344/1201
f 1106/379/1236 1074/346/1203 1073/345/1202
f 1105/378/1235 1106/379/1236 1073/345/1202
f 1107/380/1237 1075/347/1204 1074/346/1203
f 1106/379/1236 1107/380/1237 1074/346/1203
f 1108/381/1238 1076/348/1205 1075/347/1204
f 1107/380/1237 1108/381/1238 1075/347/1204
f 1109/382/1239 1077/349/1206 1076/348/1205
f 1108/381/1238 1109/382/1239 1076/348/1205
f 1110/383/1240 1078/350/1207 1077/349/1206
f 1109/382/1239 1110/383/1240 1077/349/1206
f 1111/384/1241 1079/351/1208 1078/350/1207
f 1110/383/1240 1111/384/1241 1078/350/1207
f 1112/385/1242 1080/352/1209 1079/351/1208
f 1111/384/1241 1112/385/1242 1079/351/1208
f 1113/386/1243 1081/353/1210 1080/352/1209
f 1112/385/1242 1113/386/1243 1080/352/1209
f 1114/387/1244 1082/354/1211 1081/353/1210
f 1113/386/1243 1114/387/1244 1081/353/1210
f 1115/388/1245 1083/355/1212 1082/354/1211
f 1114/387/1244 1115/388/1245 1082/354/1211
f 1116/389/1246 1084/356/1213 1083/355/1212
f 1115/388/1245 1116/389/1246 1083/355/1212
f 1117/390/1247 1085/357/1214 1084/356/1213
f 1116/389/1246 1117/390/1247 1084/356/1213
f 1118/391/1248 1086/358/1215 1085/357/1214
f 1117/390/1247 1118/391/1248 1085/357/1214
f 1119/392/1249 1087/359/1216 1086/358/1215
f 1118/391/1248 1119/392/1249 1086/358/1215
f 1120/393/1250 1088/360/1217 1087/359/1216
f 1119/392/1249 1120/393/1250 1087/359/1216
f 1121/394/1251 1089/361/1218 1088/360/1217
f 1120/393/1250 1121/394/1251 1088/360/1217
f 1091/395/1252 1059/362/1219 1089/361/1218
f 1121/394/1251 1091/395/1252 1089/361/1218
f 1122/396/1253 1090/363/1220 1091/364/1221
f 1122/397/1254 1092/365/1222 1090/363/1220
f 1122/398/1255 1093/366/1223 1092/365/1222
f 1122/399/1256 1094/367/1224 1093/366/1223
f 1122/400/1257 1095/368/1225 1094/367/1224
f 1122/401/1258 1096/369/1226 1095/368/1225
f 1122/402/1259 1097/370/1227 1096/369/1226
f 1122/403/1260 1098/371/1228 1097/370/1227
f 1122/404/1261 1099/372/1229 1098/371/1228
f 1122/405/1262 1100/373/1230 1099/372/1229
f 1122/406/1263 1101/374/1231 1100/373/1230
f 1122/407/1264 1102/375/1232 1101/374/1231
f 1122/408/1265 1103/376/1233 1102/375/1232
f 1122/409/1266 1104/377/1234 1103/376/1233
f 1122/410/1267 1105/378/1235 1104/377/1234
f 1122/411/1268 1106/379/1236 1105/378/1235
f 1122/412/1269 1107/380/1237 1106/379/1236
f 1122/413/1270 1108/381/1238 1107/380/1237
f 1122/414/1271 1109/382/1239 1108/381/1238
f 1122/415/1272 1110/383/1240 1109/382/1239
f 1122/416/1273 1111/384/1241 1110/383/1240
f 1122/417/1274 1112/385/1242 1111/384/1241
f 1122/418/1275 1113/386/1243 1112/385/1242
f 1122/419/1276 1114/387/1244 1113/386/1243
f 1122/420/1277 1115/388/1245 1114/387/1244
f 1122/421/1278 1116/389/1246 1115/388/1245
f 1122/422/1279 1117/390/1247 1116/389/1246
f 1122/423/1280 1118/391/1248 1117/390/1247
f 1122/424/1281 1119/392/1249 1118/391/1248
f 1122/425/1282 1120/393/1250 1119/392/1249
f 1122/426/1283 1121/394/1251 1120/393/1250
f 1122/427/1284 1091/395/1252 1121/394/1251
