# Procedurally generated by dev-env-utils/scripts/gen_novelties_seasonal.py -- do not hand edit
mtllib snowman.mtl
o snowman
v 0.63463 0.00000 0.50000
v 0.62804 0.00000 0.54160
v 0.50000 0.00000 0.50000
v 0.60892 0.00000 0.57913
v 0.57913 0.00000 0.60892
v 0.54160 0.00000 0.62804
v 0.50000 0.00000 0.63463
v 0.45840 0.00000 0.62804
v 0.42087 0.00000 0.60892
v 0.39108 0.00000 0.57913
v 0.37196 0.00000 0.54160
v 0.36537 0.00000 0.50000
v 0.37196 0.00000 0.45840
v 0.39108 0.00000 0.42087
v 0.42087 0.00000 0.39108
v 0.45840 0.00000 0.37196
v 0.50000 0.00000 0.36537
v 0.54160 0.00000 0.37196
v 0.57913 0.00000 0.39108
v 0.60892 0.00000 0.42087
v 0.62804 0.00000 0.45840
v 0.67832 0.02524 0.55794
v 0.68750 0.02524 0.50000
v 0.65169 0.02524 0.61021
v 0.61021 0.02524 0.65169
v 0.55794 0.02524 0.67832
v 0.50000 0.02524 0.68750
v 0.44206 0.02524 0.67832
v 0.38979 0.02524 0.65169
v 0.34831 0.02524 0.61021
v 0.32168 0.02524 0.55794
v 0.31250 0.02524 0.50000
v 0.32168 0.02524 0.44206
v 0.34831 0.02524 0.38979
v 0.38979 0.02524 0.34831
v 0.44206 0.02524 0.32168
v 0.50000 0.02524 0.31250
v 0.55794 0.02524 0.32168
v 0.61021 0.02524 0.34831
v 0.65169 0.02524 0.38979
v 0.67832 0.02524 0.44206
v 0.75219 0.08483 0.58194
v 0.76517 0.08483 0.50000
v 0.71452 0.08483 0.65586
v 0.65586 0.08483 0.71452
v 0.58194 0.08483 0.75219
v 0.50000 0.08483 0.76517
v 0.41806 0.08483 0.75219
v 0.34414 0.08483 0.71452
v 0.28548 0.08483 0.65586
v 0.24781 0.08483 0.58194
v 0.23483 0.08483 0.50000
v 0.24781 0.08483 0.41806
v 0.28548 0.08483 0.34414
v 0.34414 0.08483 0.28548
v 0.41806 0.08483 0.24781
v 0.50000 0.08483 0.23483
v 0.58194 0.08483 0.24781
v 0.65586 0.08483 0.28548
v 0.71452 0.08483 0.34414
v 0.75219 0.08483 0.41806
v 0.80886 0.16250 0.60036
v 0.82476 0.16250 0.50000
v 0.76274 0.16250 0.69089
v 0.69089 0.16250 0.76274
v 0.60036 0.16250 0.80886
v 0.50000 0.16250 0.82476
v 0.39964 0.16250 0.80886
v 0.30911 0.16250 0.76274
v 0.23726 0.16250 0.69089
v 0.19114 0.16250 0.60036
v 0.17524 0.16250 0.50000
v 0.19114 0.16250 0.39964
v 0.23726 0.16250 0.30911
v 0.30911 0.16250 0.23726
v 0.39964 0.16250 0.19114
v 0.50000 0.16250 0.17524
v 0.60036 0.16250 0.19114
v 0.69089 0.16250 0.23726
v 0.76274 0.16250 0.30911
v 0.80886 0.16250 0.39964
v 0.84449 0.25294 0.61193
v 0.86222 0.25294 0.50000
v 0.79304 0.25294 0.71291
v 0.71291 0.25294 0.79304
v 0.61193 0.25294 0.84449
v 0.50000 0.25294 0.86222
v 0.38807 0.25294 0.84449
v 0.28709 0.25294 0.79304
v 0.20696 0.25294 0.71291
v 0.15551 0.25294 0.61193
v 0.13778 0.25294 0.50000
v 0.15551 0.25294 0.38807
v 0.20696 0.25294 0.28709
v 0.28709 0.25294 0.20696
v 0.38807 0.25294 0.15551
v 0.50000 0.25294 0.13778
v 0.61193 0.25294 0.15551
v 0.71291 0.25294 0.20696
v 0.79304 0.25294 0.28709
v 0.84449 0.25294 0.38807
v 0.85665 0.35000 0.61588
v 0.87500 0.35000 0.50000
v 0.80338 0.35000 0.72042
v 0.72042 0.35000 0.80338
v 0.61588 0.35000 0.85665
v 0.50000 0.35000 0.87500
v 0.38412 0.35000 0.85665
v 0.27958 0.35000 0.80338
v 0.19662 0.35000 0.72042
v 0.14335 0.35000 0.61588
v 0.12500 0.35000 0.50000
v 0.14335 0.35000 0.38412
v 0.19662 0.35000 0.27958
v 0.27958 0.35000 0.19662
v 0.38412 0.35000 0.14335
v 0.50000 0.35000 0.12500
v 0.61588 0.35000 0.14335
v 0.72042 0.35000 0.19662
v 0.80338 0.35000 0.27958
v 0.85665 0.35000 0.38412
v 0.84449 0.44706 0.61193
v 0.86222 0.44706 0.50000
v 0.79304 0.44706 0.71291
v 0.71291 0.44706 0.79304
v 0.61193 0.44706 0.84449
v 0.50000 0.44706 0.86222
v 0.38807 0.44706 0.84449
v 0.28709 0.44706 0.79304
v 0.20696 0.44706 0.71291
v 0.15551 0.44706 0.61193
v 0.13778 0.44706 0.50000
v 0.15551 0.44706 0.38807
v 0.20696 0.44706 0.28709
v 0.28709 0.44706 0.20696
v 0.38807 0.44706 0.15551
v 0.50000 0.44706 0.13778
v 0.61193 0.44706 0.15551
v 0.71291 0.44706 0.20696
v 0.79304 0.44706 0.28709
v 0.84449 0.44706 0.38807
v 0.80886 0.53750 0.60036
v 0.82476 0.53750 0.50000
v 0.76274 0.53750 0.69089
v 0.69089 0.53750 0.76274
v 0.60036 0.53750 0.80886
v 0.50000 0.53750 0.82476
v 0.39964 0.53750 0.80886
v 0.30911 0.53750 0.76274
v 0.23726 0.53750 0.69089
v 0.19114 0.53750 0.60036
v 0.17524 0.53750 0.50000
v 0.19114 0.53750 0.39964
v 0.23726 0.53750 0.30911
v 0.30911 0.53750 0.23726
v 0.39964 0.53750 0.19114
v 0.50000 0.53750 0.17524
v 0.60036 0.53750 0.19114
v 0.69089 0.53750 0.23726
v 0.76274 0.53750 0.30911
v 0.80886 0.53750 0.39964
v 0.75219 0.61517 0.58194
v 0.76517 0.61517 0.50000
v 0.71452 0.61517 0.65586
v 0.65586 0.61517 0.71452
v 0.58194 0.61517 0.75219
v 0.50000 0.61517 0.76517
v 0.41806 0.61517 0.75219
v 0.34414 0.61517 0.71452
v 0.28548 0.61517 0.65586
v 0.24781 0.61517 0.58194
v 0.23483 0.61517 0.50000
v 0.24781 0.61517 0.41806
v 0.28548 0.61517 0.34414
v 0.34414 0.61517 0.28548
v 0.41806 0.61517 0.24781
v 0.50000 0.61517 0.23483
v 0.58194 0.61517 0.24781
v 0.65586 0.61517 0.28548
v 0.71452 0.61517 0.34414
v 0.75219 0.61517 0.41806
v 0.67832 0.67476 0.55794
v 0.68750 0.67476 0.50000
v 0.65169 0.67476 0.61021
v 0.61021 0.67476 0.65169
v 0.55794 0.67476 0.67832
v 0.50000 0.67476 0.68750
v 0.44206 0.67476 0.67832
v 0.38979 0.67476 0.65169
v 0.34831 0.67476 0.61021
v 0.32168 0.67476 0.55794
v 0.31250 0.67476 0.50000
v 0.32168 0.67476 0.44206
v 0.34831 0.67476 0.38979
v 0.38979 0.67476 0.34831
v 0.44206 0.67476 0.32168
v 0.50000 0.67476 0.31250
v 0.55794 0.67476 0.32168
v 0.61021 0.67476 0.34831
v 0.65169 0.67476 0.38979
v 0.67832 0.67476 0.44206
v 0.59231 0.71222 0.52999
v 0.59706 0.71222 0.50000
v 0.57852 0.71222 0.55705
v 0.55705 0.71222 0.57852
v 0.52999 0.71222 0.59231
v 0.50000 0.71222 0.59706
v 0.47001 0.71222 0.59231
v 0.44295 0.71222 0.57852
v 0.42148 0.71222 0.55705
v 0.40769 0.71222 0.52999
v 0.40294 0.71222 0.50000
v 0.40769 0.71222 0.47001
v 0.42148 0.71222 0.44295
v 0.44295 0.71222 0.42148
v 0.47001 0.71222 0.40769
v 0.50000 0.71222 0.40294
v 0.52999 0.71222 0.40769
v 0.55705 0.71222 0.42148
v 0.57852 0.71222 0.44295
v 0.59231 0.71222 0.47001
v 0.50000 0.72500 0.50000
v 0.57118 0.62812 0.50000
v 0.56769 0.62812 0.52199
v 0.50000 0.61875 0.50000
v 0.55758 0.62812 0.54184
v 0.54184 0.62812 0.55758
v 0.52199 0.62812 0.56769
v 0.50000 0.62812 0.57118
v 0.47801 0.62812 0.56769
v 0.45816 0.62812 0.55758
v 0.44242 0.62812 0.54184
v 0.43231 0.62812 0.52199
v 0.42882 0.62812 0.50000
v 0.43231 0.62812 0.47801
v 0.44242 0.62812 0.45816
v 0.45816 0.62812 0.44242
v 0.47801 0.62812 0.43231
v 0.50000 0.62812 0.42882
v 0.52199 0.62812 0.43231
v 0.54184 0.62812 0.44242
v 0.55758 0.62812 0.45816
v 0.56769 0.62812 0.47801
v 0.63077 0.65559 0.54249
v 0.63750 0.65559 0.50000
v 0.61124 0.65559 0.58082
v 0.58082 0.65559 0.61124
v 0.54249 0.65559 0.63077
v 0.50000 0.65559 0.63750
v 0.45751 0.65559 0.63077
v 0.41918 0.65559 0.61124
v 0.38876 0.65559 0.58082
v 0.36923 0.65559 0.54249
v 0.36250 0.65559 0.50000
v 0.36923 0.65559 0.45751
v 0.38876 0.65559 0.41918
v 0.41918 0.65559 0.38876
v 0.45751 0.65559 0.36923
v 0.50000 0.65559 0.36250
v 0.54249 0.65559 0.36923
v 0.58082 0.65559 0.38876
v 0.61124 0.65559 0.41918
v 0.63077 0.65559 0.45751
v 0.68494 0.69930 0.56009
v 0.69445 0.69930 0.50000
v 0.65732 0.69930 0.61430
v 0.61430 0.69930 0.65732
v 0.56009 0.69930 0.68494
v 0.50000 0.69930 0.69445
v 0.43991 0.69930 0.68494
v 0.38570 0.69930 0.65732
v 0.34268 0.69930 0.61430
v 0.31506 0.69930 0.56009
v 0.30555 0.69930 0.50000
v 0.31506 0.69930 0.43991
v 0.34268 0.69930 0.38570
v 0.38570 0.69930 0.34268
v 0.43991 0.69930 0.31506
v 0.50000 0.69930 0.30555
v 0.56009 0.69930 0.31506
v 0.61430 0.69930 0.34268
v 0.65732 0.69930 0.38570
v 0.68494 0.69930 0.43991
v 0.72650 0.75625 0.57359
v 0.73816 0.75625 0.50000
v 0.69267 0.75625 0.63999
v 0.63999 0.75625 0.69267
v 0.57359 0.75625 0.72650
v 0.50000 0.75625 0.73816
v 0.42641 0.75625 0.72650
v 0.36001 0.75625 0.69267
v 0.30733 0.75625 0.63999
v 0.27350 0.75625 0.57359
v 0.26184 0.75625 0.50000
v 0.27350 0.75625 0.42641
v 0.30733 0.75625 0.36001
v 0.36001 0.75625 0.30733
v 0.42641 0.75625 0.27350
v 0.50000 0.75625 0.26184
v 0.57359 0.75625 0.27350
v 0.63999 0.75625 0.30733
v 0.69267 0.75625 0.36001
v 0.72650 0.75625 0.42641
v 0.75263 0.82257 0.58208
v 0.76563 0.82257 0.50000
v 0.71490 0.82257 0.65613
v 0.65613 0.82257 0.71490
v 0.58208 0.82257 0.75263
v 0.50000 0.82257 0.76563
v 0.41792 0.82257 0.75263
v 0.34387 0.82257 0.71490
v 0.28510 0.82257 0.65613
v 0.24737 0.82257 0.58208
v 0.23437 0.82257 0.50000
v 0.24737 0.82257 0.41792
v 0.28510 0.82257 0.34387
v 0.34387 0.82257 0.28510
v 0.41792 0.82257 0.24737
v 0.50000 0.82257 0.23437
v 0.58208 0.82257 0.24737
v 0.65613 0.82257 0.28510
v 0.71490 0.82257 0.34387
v 0.75263 0.82257 0.41792
v 0.76154 0.89375 0.58498
v 0.77500 0.89375 0.50000
v 0.72248 0.89375 0.66164
v 0.66164 0.89375 0.72248
v 0.58498 0.89375 0.76154
v 0.50000 0.89375 0.77500
v 0.41502 0.89375 0.76154
v 0.33836 0.89375 0.72248
v 0.27752 0.89375 0.66164
v 0.23846 0.89375 0.58498
v 0.22500 0.89375 0.50000
v 0.23846 0.89375 0.41502
v 0.27752 0.89375 0.33836
v 0.33836 0.89375 0.27752
v 0.41502 0.89375 0.23846
v 0.50000 0.89375 0.22500
v 0.58498 0.89375 0.23846
v 0.66164 0.89375 0.27752
v 0.72248 0.89375 0.33836
v 0.76154 0.89375 0.41502
v 0.75263 0.96493 0.58208
v 0.76563 0.96493 0.50000
v 0.71490 0.96493 0.65613
v 0.65613 0.96493 0.71490
v 0.58208 0.96493 0.75263
v 0.50000 0.96493 0.76563
v 0.41792 0.96493 0.75263
v 0.34387 0.96493 0.71490
v 0.28510 0.96493 0.65613
v 0.24737 0.96493 0.58208
v 0.23437 0.96493 0.50000
v 0.24737 0.96493 0.41792
v 0.28510 0.96493 0.34387
v 0.34387 0.96493 0.28510
v 0.41792 0.96493 0.24737
v 0.50000 0.96493 0.23437
v 0.58208 0.96493 0.24737
v 0.65613 0.96493 0.28510
v 0.71490 0.96493 0.34387
v 0.75263 0.96493 0.41792
v 0.72650 1.03125 0.57359
v 0.73816 1.03125 0.50000
v 0.69267 1.03125 0.63999
v 0.63999 1.03125 0.69267
v 0.57359 1.03125 0.72650
v 0.50000 1.03125 0.73816
v 0.42641 1.03125 0.72650
v 0.36001 1.03125 0.69267
v 0.30733 1.03125 0.63999
v 0.27350 1.03125 0.57359
v 0.26184 1.03125 0.50000
v 0.27350 1.03125 0.42641
v 0.30733 1.03125 0.36001
v 0.36001 1.03125 0.30733
v 0.42641 1.03125 0.27350
v 0.50000 1.03125 0.26184
v 0.57359 1.03125 0.27350
v 0.63999 1.03125 0.30733
v 0.69267 1.03125 0.36001
v 0.72650 1.03125 0.42641
v 0.68494 1.08820 0.56009
v 0.69445 1.08820 0.50000
v 0.65732 1.08820 0.61430
v 0.61430 1.08820 0.65732
v 0.56009 1.08820 0.68494
v 0.50000 1.08820 0.69445
v 0.43991 1.08820 0.68494
v 0.38570 1.08820 0.65732
v 0.34268 1.08820 0.61430
v 0.31506 1.08820 0.56009
v 0.30555 1.08820 0.50000
v 0.31506 1.08820 0.43991
v 0.34268 1.08820 0.38570
v 0.38570 1.08820 0.34268
v 0.43991 1.08820 0.31506
v 0.50000 1.08820 0.30555
v 0.56009 1.08820 0.31506
v 0.61430 1.08820 0.34268
v 0.65732 1.08820 0.38570
v 0.68494 1.08820 0.43991
v 0.63077 1.13191 0.54249
v 0.63750 1.13191 0.50000
v 0.61124 1.13191 0.58082
v 0.58082 1.13191 0.61124
v 0.54249 1.13191 0.63077
v 0.50000 1.13191 0.63750
v 0.45751 1.13191 0.63077
v 0.41918 1.13191 0.61124
v 0.38876 1.13191 0.58082
v 0.36923 1.13191 0.54249
v 0.36250 1.13191 0.50000
v 0.36923 1.13191 0.45751
v 0.38876 1.13191 0.41918
v 0.41918 1.13191 0.38876
v 0.45751 1.13191 0.36923
v 0.50000 1.13191 0.36250
v 0.54249 1.13191 0.36923
v 0.58082 1.13191 0.38876
v 0.61124 1.13191 0.41918
v 0.63077 1.13191 0.45751
v 0.56769 1.15938 0.52199
v 0.57118 1.15938 0.50000
v 0.55758 1.15938 0.54184
v 0.54184 1.15938 0.55758
v 0.52199 1.15938 0.56769
v 0.50000 1.15938 0.57118
v 0.47801 1.15938 0.56769
v 0.45816 1.15938 0.55758
v 0.44242 1.15938 0.54184
v 0.43231 1.15938 0.52199
v 0.42882 1.15938 0.50000
v 0.43231 1.15938 0.47801
v 0.44242 1.15938 0.45816
v 0.45816 1.15938 0.44242
v 0.47801 1.15938 0.43231
v 0.50000 1.15938 0.42882
v 0.52199 1.15938 0.43231
v 0.54184 1.15938 0.44242
v 0.55758 1.15938 0.45816
v 0.56769 1.15938 0.47801
v 0.50000 1.16875 0.50000
v 0.55015 1.12535 0.50000
v 0.54769 1.12535 0.51550
v 0.50000 1.11875 0.50000
v 0.54057 1.12535 0.52948
v 0.52948 1.12535 0.54057
v 0.51550 1.12535 0.54769
v 0.50000 1.12535 0.55015
v 0.48450 1.12535 0.54769
v 0.47052 1.12535 0.54057
v 0.45943 1.12535 0.52948
v 0.45231 1.12535 0.51550
v 0.44985 1.12535 0.50000
v 0.45231 1.12535 0.48450
v 0.45943 1.12535 0.47052
v 0.47052 1.12535 0.45943
v 0.48450 1.12535 0.45231
v 0.50000 1.12535 0.44985
v 0.51550 1.12535 0.45231
v 0.52948 1.12535 0.45943
v 0.54057 1.12535 0.47052
v 0.54769 1.12535 0.48450
v 0.59213 1.14471 0.52994
v 0.59688 1.14471 0.50000
v 0.57837 1.14471 0.55694
v 0.55694 1.14471 0.57837
v 0.52994 1.14471 0.59213
v 0.50000 1.14471 0.59688
v 0.47006 1.14471 0.59213
v 0.44306 1.14471 0.57837
v 0.42163 1.14471 0.55694
v 0.40787 1.14471 0.52994
v 0.40313 1.14471 0.50000
v 0.40787 1.14471 0.47006
v 0.42163 1.14471 0.44306
v 0.44306 1.14471 0.42163
v 0.47006 1.14471 0.40787
v 0.50000 1.14471 0.40313
v 0.52994 1.14471 0.40787
v 0.55694 1.14471 0.42163
v 0.57837 1.14471 0.44306
v 0.59213 1.14471 0.47006
v 0.63030 1.17550 0.54234
v 0.63700 1.17550 0.50000
v 0.61084 1.17550 0.58053
v 0.58053 1.17550 0.61084
v 0.54234 1.17550 0.63030
v 0.50000 1.17550 0.63700
v 0.45766 1.17550 0.63030
v 0.41947 1.17550 0.61084
v 0.38916 1.17550 0.58053
v 0.36970 1.17550 0.54234
v 0.36300 1.17550 0.50000
v 0.36970 1.17550 0.45766
v 0.38916 1.17550 0.41947
v 0.41947 1.17550 0.38916
v 0.45766 1.17550 0.36970
v 0.50000 1.17550 0.36300
v 0.54234 1.17550 0.36970
v 0.58053 1.17550 0.38916
v 0.61084 1.17550 0.41947
v 0.63030 1.17550 0.45766
v 0.65958 1.21562 0.55185
v 0.66779 1.21562 0.50000
v 0.63575 1.21562 0.59863
v 0.59863 1.21562 0.63575
v 0.55185 1.21562 0.65958
v 0.50000 1.21562 0.66779
v 0.44815 1.21562 0.65958
v 0.40137 1.21562 0.63575
v 0.36425 1.21562 0.59863
v 0.34042 1.21562 0.55185
v 0.33221 1.21562 0.50000
v 0.34042 1.21562 0.44815
v 0.36425 1.21562 0.40137
v 0.40137 1.21562 0.36425
v 0.44815 1.21562 0.34042
v 0.50000 1.21562 0.33221
v 0.55185 1.21562 0.34042
v 0.59863 1.21562 0.36425
v 0.63575 1.21562 0.40137
v 0.65958 1.21562 0.44815
v 0.67799 1.26235 0.55783
v 0.68715 1.26235 0.50000
v 0.65141 1.26235 0.61000
v 0.61000 1.26235 0.65141
v 0.55783 1.26235 0.67799
v 0.50000 1.26235 0.68715
v 0.44217 1.26235 0.67799
v 0.39000 1.26235 0.65141
v 0.34859 1.26235 0.61000
v 0.32201 1.26235 0.55783
v 0.31285 1.26235 0.50000
v 0.32201 1.26235 0.44217
v 0.34859 1.26235 0.39000
v 0.39000 1.26235 0.34859
v 0.44217 1.26235 0.32201
v 0.50000 1.26235 0.31285
v 0.55783 1.26235 0.32201
v 0.61000 1.26235 0.34859
v 0.65141 1.26235 0.39000
v 0.67799 1.26235 0.44217
v 0.68427 1.31250 0.55987
v 0.69375 1.31250 0.50000
v 0.65675 1.31250 0.61388
v 0.61388 1.31250 0.65675
v 0.55987 1.31250 0.68427
v 0.50000 1.31250 0.69375
v 0.44013 1.31250 0.68427
v 0.38612 1.31250 0.65675
v 0.34325 1.31250 0.61388
v 0.31573 1.31250 0.55987
v 0.30625 1.31250 0.50000
v 0.31573 1.31250 0.44013
v 0.34325 1.31250 0.38612
v 0.38612 1.31250 0.34325
v 0.44013 1.31250 0.31573
v 0.50000 1.31250 0.30625
v 0.55987 1.31250 0.31573
v 0.61388 1.31250 0.34325
v 0.65675 1.31250 0.38612
v 0.68427 1.31250 0.44013
v 0.67799 1.36265 0.55783
v 0.68715 1.36265 0.50000
v 0.65141 1.36265 0.61000
v 0.61000 1.36265 0.65141
v 0.55783 1.36265 0.67799
v 0.50000 1.36265 0.68715
v 0.44217 1.36265 0.67799
v 0.39000 1.36265 0.65141
v 0.34859 1.36265 0.61000
v 0.32201 1.36265 0.55783
v 0.31285 1.36265 0.50000
v 0.32201 1.36265 0.44217
v 0.34859 1.36265 0.39000
v 0.39000 1.36265 0.34859
v 0.44217 1.36265 0.32201
v 0.50000 1.36265 0.31285
v 0.55783 1.36265 0.32201
v 0.61000 1.36265 0.34859
v 0.65141 1.36265 0.39000
v 0.67799 1.36265 0.44217
v 0.65958 1.40938 0.55185
v 0.66779 1.40938 0.50000
v 0.63575 1.40938 0.59863
v 0.59863 1.40938 0.63575
v 0.55185 1.40938 0.65958
v 0.50000 1.40938 0.66779
v 0.44815 1.40938 0.65958
v 0.40137 1.40938 0.63575
v 0.36425 1.40938 0.59863
v 0.34042 1.40938 0.55185
v 0.33221 1.40938 0.50000
v 0.34042 1.40938 0.44815
v 0.36425 1.40938 0.40137
v 0.40137 1.40938 0.36425
v 0.44815 1.40938 0.34042
v 0.50000 1.40938 0.33221
v 0.55185 1.40938 0.34042
v 0.59863 1.40938 0.36425
v 0.63575 1.40938 0.40137
v 0.65958 1.40938 0.44815
v 0.63030 1.44950 0.54234
v 0.63700 1.44950 0.50000
v 0.61084 1.44950 0.58053
v 0.58053 1.44950 0.61084
v 0.54234 1.44950 0.63030
v 0.50000 1.44950 0.63700
v 0.45766 1.44950 0.63030
v 0.41947 1.44950 0.61084
v 0.38916 1.44950 0.58053
v 0.36970 1.44950 0.54234
v 0.36300 1.44950 0.50000
v 0.36970 1.44950 0.45766
v 0.38916 1.44950 0.41947
v 0.41947 1.44950 0.38916
v 0.45766 1.44950 0.36970
v 0.50000 1.44950 0.36300
v 0.54234 1.44950 0.36970
v 0.58053 1.44950 0.38916
v 0.61084 1.44950 0.41947
v 0.63030 1.44950 0.45766
v 0.59213 1.48029 0.52994
v 0.59687 1.48029 0.50000
v 0.57837 1.48029 0.55694
v 0.55694 1.48029 0.57837
v 0.52994 1.48029 0.59213
v 0.50000 1.48029 0.59687
v 0.47006 1.48029 0.59213
v 0.44306 1.48029 0.57837
v 0.42163 1.48029 0.55694
v 0.40787 1.48029 0.52994
v 0.40313 1.48029 0.50000
v 0.40787 1.48029 0.47006
v 0.42163 1.48029 0.44306
v 0.44306 1.48029 0.42163
v 0.47006 1.48029 0.40787
v 0.50000 1.48029 0.40313
v 0.52994 1.48029 0.40787
v 0.55694 1.48029 0.42163
v 0.57837 1.48029 0.44306
v 0.59213 1.48029 0.47006
v 0.54769 1.49965 0.51550
v 0.55015 1.49965 0.50000
v 0.54057 1.49965 0.52948
v 0.52948 1.49965 0.54057
v 0.51550 1.49965 0.54769
v 0.50000 1.49965 0.55015
v 0.48450 1.49965 0.54769
v 0.47052 1.49965 0.54057
v 0.45943 1.49965 0.52948
v 0.45231 1.49965 0.51550
v 0.44985 1.49965 0.50000
v 0.45231 1.49965 0.48450
v 0.45943 1.49965 0.47052
v 0.47052 1.49965 0.45943
v 0.48450 1.49965 0.45231
v 0.50000 1.49965 0.44985
v 0.51550 1.49965 0.45231
v 0.52948 1.49965 0.45943
v 0.54057 1.49965 0.47052
v 0.54769 1.49965 0.48450
v 0.50000 1.50625 0.50000
v 0.72500 1.45312 0.50000
v 0.71399 1.45312 0.56953
v 0.50000 1.45312 0.50000
v 0.68203 1.45312 0.63225
v 0.63225 1.45312 0.68203
v 0.56953 1.45312 0.71399
v 0.50000 1.45312 0.72500
v 0.43047 1.45312 0.71399
v 0.36775 1.45312 0.68203
v 0.31797 1.45312 0.63225
v 0.28601 1.45312 0.56953
v 0.27500 1.45312 0.50000
v 0.28601 1.45312 0.43047
v 0.31797 1.45312 0.36775
v 0.36775 1.45312 0.31797
v 0.43047 1.45312 0.28601
v 0.50000 1.45312 0.27500
v 0.56953 1.45312 0.28601
v 0.63225 1.45312 0.31797
v 0.68203 1.45312 0.36775
v 0.71399 1.45312 0.43047
v 0.71399 1.47812 0.56953
v 0.72500 1.47812 0.50000
v 0.68203 1.47812 0.63225
v 0.63225 1.47812 0.68203
v 0.56953 1.47812 0.71399
v 0.50000 1.47812 0.72500
v 0.43047 1.47812 0.71399
v 0.36775 1.47812 0.68203
v 0.31797 1.47812 0.63225
v 0.28601 1.47812 0.56953
v 0.27500 1.47812 0.50000
v 0.28601 1.47812 0.43047
v 0.31797 1.47812 0.36775
v 0.36775 1.47812 0.31797
v 0.43047 1.47812 0.28601
v 0.50000 1.47812 0.27500
v 0.56953 1.47812 0.28601
v 0.63225 1.47812 0.31797
v 0.68203 1.47812 0.36775
v 0.71399 1.47812 0.43047
v 0.64266 1.47812 0.54635
v 0.65000 1.47812 0.50000
v 0.62135 1.47812 0.58817
v 0.58817 1.47812 0.62135
v 0.54635 1.47812 0.64266
v 0.50000 1.47812 0.65000
v 0.45365 1.47812 0.64266
v 0.41183 1.47812 0.62135
v 0.37865 1.47812 0.58817
v 0.35734 1.47812 0.54635
v 0.35000 1.47812 0.50000
v 0.35734 1.47812 0.45365
v 0.37865 1.47812 0.41183
v 0.41183 1.47812 0.37865
v 0.45365 1.47812 0.35734
v 0.50000 1.47812 0.35000
v 0.54635 1.47812 0.35734
v 0.58817 1.47812 0.37865
v 0.62135 1.47812 0.41183
v 0.64266 1.47812 0.45365
v 0.64266 1.70000 0.54635
v 0.65000 1.70000 0.50000
v 0.62135 1.70000 0.58817
v 0.58817 1.70000 0.62135
v 0.54635 1.70000 0.64266
v 0.50000 1.70000 0.65000
v 0.45365 1.70000 0.64266
v 0.41183 1.70000 0.62135
v 0.37865 1.70000 0.58817
v 0.35734 1.70000 0.54635
v 0.35000 1.70000 0.50000
v 0.35734 1.70000 0.45365
v 0.37865 1.70000 0.41183
v 0.41183 1.70000 0.37865
v 0.45365 1.70000 0.35734
v 0.50000 1.70000 0.35000
v 0.54635 1.70000 0.35734
v 0.58817 1.70000 0.37865
v 0.62135 1.70000 0.41183
v 0.64266 1.70000 0.45365
v 0.50000 1.70000 0.50000
v 0.64622 1.52188 0.54751
v 0.64622 1.47812 0.54751
v 0.65375 1.47812 0.50000
v 0.65375 1.52188 0.50000
v 0.62439 1.52188 0.59037
v 0.62439 1.47812 0.59037
v 0.59037 1.52188 0.62439
v 0.59037 1.47812 0.62439
v 0.54751 1.52188 0.64622
v 0.54751 1.47812 0.64622
v 0.50000 1.52188 0.65375
v 0.50000 1.47812 0.65375
v 0.45249 1.52188 0.64622
v 0.45249 1.47812 0.64622
v 0.40963 1.52188 0.62439
v 0.40963 1.47812 0.62439
v 0.37561 1.52188 0.59037
v 0.37561 1.47812 0.59037
v 0.35378 1.52188 0.54751
v 0.35378 1.47812 0.54751
v 0.34625 1.52188 0.50000
v 0.34625 1.47812 0.50000
v 0.35378 1.52188 0.45249
v 0.35378 1.47812 0.45249
v 0.37561 1.52188 0.40963
v 0.37561 1.47812 0.40963
v 0.40963 1.52188 0.37561
v 0.40963 1.47812 0.37561
v 0.45249 1.52188 0.35378
v 0.45249 1.47812 0.35378
v 0.50000 1.52188 0.34625
v 0.50000 1.47812 0.34625
v 0.54751 1.52188 0.35378
v 0.54751 1.47812 0.35378
v 0.59037 1.52188 0.37561
v 0.59037 1.47812 0.37561
v 0.62439 1.52188 0.40963
v 0.62439 1.47812 0.40963
v 0.64622 1.52188 0.45249
v 0.64622 1.47812 0.45249
v 0.52812 1.30000 0.32188
v 0.51989 1.31989 0.32188
v 0.50000 1.30000 0.32188
v 0.50000 1.32812 0.32188
v 0.48011 1.31989 0.32188
v 0.47187 1.30000 0.32188
v 0.48011 1.28011 0.32188
v 0.50000 1.27188 0.32188
v 0.51989 1.28011 0.32188
v 0.51414 1.31414 0.24063
v 0.52000 1.30000 0.24063
v 0.50000 1.32000 0.24063
v 0.48586 1.31414 0.24063
v 0.48000 1.30000 0.24063
v 0.48586 1.28586 0.24063
v 0.50000 1.28000 0.24063
v 0.51414 1.28586 0.24063
v 0.50000 1.30000 0.15313
v 0.41250 1.35000 0.31281
v 0.41250 1.35000 0.34656
v 0.41250 1.38750 0.34656
v 0.41250 1.38750 0.31281
v 0.45000 1.38750 0.34656
v 0.45000 1.35000 0.34656
v 0.45000 1.35000 0.31281
v 0.45000 1.38750 0.31281
v 0.55000 1.35000 0.31281
v 0.55000 1.35000 0.34656
v 0.55000 1.38750 0.34656
v 0.55000 1.38750 0.31281
v 0.58750 1.38750 0.34656
v 0.58750 1.35000 0.34656
v 0.58750 1.35000 0.31281
v 0.58750 1.38750 0.31281
v 0.41250 1.24063 0.32151
v 0.41250 1.24063 0.34401
v 0.41250 1.26562 0.34401
v 0.41250 1.26562 0.32151
v 0.43750 1.26562 0.34401
v 0.43750 1.24063 0.34401
v 0.43750 1.24063 0.32151
v 0.43750 1.26562 0.32151
v 0.45000 1.22422 0.31567
v 0.45000 1.22422 0.33817
v 0.45000 1.24922 0.33817
v 0.45000 1.24922 0.31567
v 0.47500 1.24922 0.33817
v 0.47500 1.22422 0.33817
v 0.47500 1.22422 0.31567
v 0.47500 1.24922 0.31567
v 0.48750 1.21875 0.31411
v 0.48750 1.21875 0.33661
v 0.48750 1.24375 0.33661
v 0.48750 1.24375 0.31411
v 0.51250 1.24375 0.33661
v 0.51250 1.21875 0.33661
v 0.51250 1.21875 0.31411
v 0.51250 1.24375 0.31411
v 0.52500 1.22422 0.31567
v 0.52500 1.22422 0.33817
v 0.52500 1.24922 0.33817
v 0.52500 1.24922 0.31567
v 0.55000 1.24922 0.33817
v 0.55000 1.22422 0.33817
v 0.55000 1.22422 0.31567
v 0.55000 1.24922 0.31567
v 0.56250 1.24063 0.32151
v 0.56250 1.24063 0.34401
v 0.56250 1.26562 0.34401
v 0.56250 1.26562 0.32151
v 0.58750 1.26562 0.34401
v 0.58750 1.24063 0.34401
v 0.58750 1.24063 0.32151
v 0.58750 1.26562 0.32151
v 0.48000 0.98625 0.23306
v 0.48000 0.98625 0.26906
v 0.48000 1.02625 0.26906
v 0.48000 1.02625 0.23306
v 0.52000 1.02625 0.26906
v 0.52000 0.98625 0.26906
v 0.52000 0.98625 0.23306
v 0.52000 1.02625 0.23306
v 0.48000 0.89250 0.20964
v 0.48000 0.89250 0.24564
v 0.48000 0.93250 0.24564
v 0.48000 0.93250 0.20964
v 0.52000 0.93250 0.24564
v 0.52000 0.89250 0.24564
v 0.52000 0.89250 0.20964
v 0.52000 0.93250 0.20964
v 0.48000 0.79875 0.21942
v 0.48000 0.79875 0.25542
v 0.48000 0.83875 0.25542
v 0.48000 0.83875 0.21942
v 0.52000 0.83875 0.25542
v 0.52000 0.79875 0.25542
v 0.52000 0.79875 0.21942
v 0.52000 0.83875 0.21942
v 0.66063 1.14688 0.50000
v 0.64840 1.14688 0.56147
v 0.63050 1.11332 0.55405
v 0.64125 1.11332 0.50000
v 0.59470 1.11332 0.53923
v 0.60250 1.11332 0.50000
v 0.57680 1.14688 0.53181
v 0.58313 1.14688 0.50000
v 0.59470 1.18043 0.53923
v 0.60250 1.18043 0.50000
v 0.63050 1.18043 0.55405
v 0.64125 1.18043 0.50000
v 0.61358 1.14688 0.61358
v 0.59988 1.11332 0.59988
v 0.57248 1.11332 0.57248
v 0.55878 1.14688 0.55878
v 0.57248 1.18043 0.57248
v 0.59988 1.18043 0.59988
v 0.56147 1.14688 0.64840
v 0.55405 1.11332 0.63050
v 0.53923 1.11332 0.59470
v 0.53181 1.14688 0.57680
v 0.53923 1.18043 0.59470
v 0.55405 1.18043 0.63050
v 0.50000 1.14688 0.66063
v 0.50000 1.11332 0.64125
v 0.50000 1.11332 0.60250
v 0.50000 1.14688 0.58313
v 0.50000 1.18043 0.60250
v 0.50000 1.18043 0.64125
v 0.43853 1.14688 0.64840
v 0.44595 1.11332 0.63050
v 0.46077 1.11332 0.59470
v 0.46819 1.14688 0.57680
v 0.46077 1.18043 0.59470
v 0.44595 1.18043 0.63050
v 0.38642 1.14688 0.61358
v 0.40012 1.11332 0.59988
v 0.42752 1.11332 0.57248
v 0.44122 1.14688 0.55878
v 0.42752 1.18043 0.57248
v 0.40012 1.18043 0.59988
v 0.35160 1.14688 0.56147
v 0.36950 1.11332 0.55405
v 0.40530 1.11332 0.53923
v 0.42320 1.14688 0.53181
v 0.40530 1.18043 0.53923
v 0.36950 1.18043 0.55405
v 0.33937 1.14688 0.50000
v 0.35875 1.11332 0.50000
v 0.39750 1.11332 0.50000
v 0.41687 1.14688 0.50000
v 0.39750 1.18043 0.50000
v 0.35875 1.18043 0.50000
v 0.35160 1.14688 0.43853
v 0.36950 1.11332 0.44595
v 0.40530 1.11332 0.46077
v 0.42320 1.14688 0.46819
v 0.40530 1.18043 0.46077
v 0.36950 1.18043 0.44595
v 0.38642 1.14688 0.38642
v 0.40012 1.11332 0.40012
v 0.42752 1.11332 0.42752
v 0.44122 1.14688 0.44122
v 0.42752 1.18043 0.42752
v 0.40012 1.18043 0.40012
v 0.43853 1.14688 0.35160
v 0.44595 1.11332 0.36950
v 0.46077 1.11332 0.40530
v 0.46819 1.14688 0.42320
v 0.46077 1.18043 0.40530
v 0.44595 1.18043 0.36950
v 0.50000 1.14688 0.33937
v 0.50000 1.11332 0.35875
v 0.50000 1.11332 0.39750
v 0.50000 1.14688 0.41687
v 0.50000 1.18043 0.39750
v 0.50000 1.18043 0.35875
v 0.56147 1.14688 0.35160
v 0.55405 1.11332 0.36950
v 0.53923 1.11332 0.40530
v 0.53181 1.14688 0.42320
v 0.53923 1.18043 0.40530
v 0.55405 1.18043 0.36950
v 0.61358 1.14688 0.38642
v 0.59988 1.11332 0.40012
v 0.57248 1.11332 0.42752
v 0.55878 1.14688 0.44122
v 0.57248 1.18043 0.42752
v 0.59988 1.18043 0.40012
v 0.64840 1.14688 0.43853
v 0.63050 1.11332 0.44595
v 0.59470 1.11332 0.46077
v 0.57680 1.14688 0.46819
v 0.59470 1.18043 0.46077
v 0.63050 1.18043 0.44595
v 0.54375 0.98476 0.21394
v 0.54375 0.96467 0.23788
v 0.54375 1.12746 0.37447
v 0.54375 1.14754 0.35053
v 0.60625 1.12746 0.37447
v 0.60625 0.96467 0.23788
v 0.60625 0.98476 0.21394
v 0.60625 1.14754 0.35053
v 0.75562 0.95276 0.48875
v 0.75562 0.95276 0.51125
v 0.74438 0.97224 0.51125
v 0.74438 0.97224 0.48875
v 1.04748 1.14724 0.51125
v 1.05873 1.12776 0.51125
v 1.05873 1.12776 0.48875
v 1.04748 1.14724 0.48875
v 0.94108 1.06618 0.49250
v 0.94108 1.06618 0.50750
v 0.92698 1.07132 0.50750
v 0.92698 1.07132 0.49250
v 0.96118 1.16528 0.50750
v 0.97528 1.16015 0.50750
v 0.97528 1.16015 0.49250
v 0.96118 1.16528 0.49250
v -0.05873 1.12776 0.48875
v -0.05873 1.12776 0.51125
v -0.04748 1.14724 0.51125
v -0.04748 1.14724 0.48875
v 0.25562 0.97224 0.51125
v 0.24438 0.95276 0.51125
v 0.24438 0.95276 0.48875
v 0.25562 0.97224 0.48875
v 0.02472 1.16015 0.49250
v 0.02472 1.16015 0.50750
v 0.03882 1.16528 0.50750
v 0.03882 1.16528 0.49250
v 0.07302 1.07132 0.50750
v 0.05892 1.06618 0.50750
v 0.05892 1.06618 0.49250
v 0.07302 1.07132 0.49250
vt 0.00400 0.08667
vt 0.05360 0.08667
vt 0.00400 0.00400
vt 0.10320 0.08667
vt 0.05360 0.00400
vt 0.15280 0.08667
vt 0.10320 0.00400
vt 0.20240 0.08667
vt 0.15280 0.00400
vt 0.25200 0.08667
vt 0.20240 0.00400
vt 0.30160 0.08667
vt 0.25200 0.00400
vt 0.35120 0.08667
vt 0.30160 0.00400
vt 0.40080 0.08667
vt 0.35120 0.00400
vt 0.45040 0.08667
vt 0.40080 0.00400
vt 0.50000 0.08667
vt 0.45040 0.00400
vt 0.54960 0.08667
vt 0.50000 0.00400
vt 0.59920 0.08667
vt 0.54960 0.00400
vt 0.64880 0.08667
vt 0.59920 0.00400
vt 0.69840 0.08667
vt 0.64880 0.00400
vt 0.74800 0.08667
vt 0.69840 0.00400
vt 0.79760 0.08667
vt 0.74800 0.00400
vt 0.84720 0.08667
vt 0.79760 0.00400
vt 0.89680 0.08667
vt 0.84720 0.00400
vt 0.94640 0.08667
vt 0.89680 0.00400
vt 0.99600 0.08667
vt 0.94640 0.00400
vt 0.05360 0.16933
vt 0.00400 0.16933
vt 0.10320 0.16933
vt 0.15280 0.16933
vt 0.20240 0.16933
vt 0.25200 0.16933
vt 0.30160 0.16933
vt 0.35120 0.16933
vt 0.40080 0.16933
vt 0.45040 0.16933
vt 0.50000 0.16933
vt 0.54960 0.16933
vt 0.59920 0.16933
vt 0.64880 0.16933
vt 0.69840 0.16933
vt 0.74800 0.16933
vt 0.79760 0.16933
vt 0.84720 0.16933
vt 0.89680 0.16933
vt 0.94640 0.16933
vt 0.99600 0.16933
vt 0.05360 0.25200
vt 0.00400 0.25200
vt 0.10320 0.25200
vt 0.15280 0.25200
vt 0.20240 0.25200
vt 0.25200 0.25200
vt 0.30160 0.25200
vt 0.35120 0.25200
vt 0.40080 0.25200
vt 0.45040 0.25200
vt 0.50000 0.25200
vt 0.54960 0.25200
vt 0.59920 0.25200
vt 0.64880 0.25200
vt 0.69840 0.25200
vt 0.74800 0.25200
vt 0.79760 0.25200
vt 0.84720 0.25200
vt 0.89680 0.25200
vt 0.94640 0.25200
vt 0.99600 0.25200
vt 0.05360 0.33467
vt 0.00400 0.33467
vt 0.10320 0.33467
vt 0.15280 0.33467
vt 0.20240 0.33467
vt 0.25200 0.33467
vt 0.30160 0.33467
vt 0.35120 0.33467
vt 0.40080 0.33467
vt 0.45040 0.33467
vt 0.50000 0.33467
vt 0.54960 0.33467
vt 0.59920 0.33467
vt 0.64880 0.33467
vt 0.69840 0.33467
vt 0.74800 0.33467
vt 0.79760 0.33467
vt 0.84720 0.33467
vt 0.89680 0.33467
vt 0.94640 0.33467
vt 0.99600 0.33467
vt 0.05360 0.41733
vt 0.00400 0.41733
vt 0.10320 0.41733
vt 0.15280 0.41733
vt 0.20240 0.41733
vt 0.25200 0.41733
vt 0.30160 0.41733
vt 0.35120 0.41733
vt 0.40080 0.41733
vt 0.45040 0.41733
vt 0.50000 0.41733
vt 0.54960 0.41733
vt 0.59920 0.41733
vt 0.64880 0.41733
vt 0.69840 0.41733
vt 0.74800 0.41733
vt 0.79760 0.41733
vt 0.84720 0.41733
vt 0.89680 0.41733
vt 0.94640 0.41733
vt 0.99600 0.41733
vt 0.05360 0.50000
vt 0.00400 0.50000
vt 0.10320 0.50000
vt 0.15280 0.50000
vt 0.20240 0.50000
vt 0.25200 0.50000
vt 0.30160 0.50000
vt 0.35120 0.50000
vt 0.40080 0.50000
vt 0.45040 0.50000
vt 0.50000 0.50000
vt 0.54960 0.50000
vt 0.59920 0.50000
vt 0.64880 0.50000
vt 0.69840 0.50000
vt 0.74800 0.50000
vt 0.79760 0.50000
vt 0.84720 0.50000
vt 0.89680 0.50000
vt 0.94640 0.50000
vt 0.99600 0.50000
vt 0.05360 0.58267
vt 0.00400 0.58267
vt 0.10320 0.58267
vt 0.15280 0.58267
vt 0.20240 0.58267
vt 0.25200 0.58267
vt 0.30160 0.58267
vt 0.35120 0.58267
vt 0.40080 0.58267
vt 0.45040 0.58267
vt 0.50000 0.58267
vt 0.54960 0.58267
vt 0.59920 0.58267
vt 0.64880 0.58267
vt 0.69840 0.58267
vt 0.74800 0.58267
vt 0.79760 0.58267
vt 0.84720 0.58267
vt 0.89680 0.58267
vt 0.94640 0.58267
vt 0.99600 0.58267
vt 0.05360 0.66533
vt 0.00400 0.66533
vt 0.10320 0.66533
vt 0.15280 0.66533
vt 0.20240 0.66533
vt 0.25200 0.66533
vt 0.30160 0.66533
vt 0.35120 0.66533
vt 0.40080 0.66533
vt 0.45040 0.66533
vt 0.50000 0.66533
vt 0.54960 0.66533
vt 0.59920 0.66533
vt 0.64880 0.66533
vt 0.69840 0.66533
vt 0.74800 0.66533
vt 0.79760 0.66533
vt 0.84720 0.66533
vt 0.89680 0.66533
vt 0.94640 0.66533
vt 0.99600 0.66533
vt 0.05360 0.74800
vt 0.00400 0.74800
vt 0.10320 0.74800
vt 0.15280 0.74800
vt 0.20240 0.74800
vt 0.25200 0.74800
vt 0.30160 0.74800
vt 0.35120 0.74800
vt 0.40080 0.74800
vt 0.45040 0.74800
vt 0.50000 0.74800
vt 0.54960 0.74800
vt 0.59920 0.74800
vt 0.64880 0.74800
vt 0.69840 0.74800
vt 0.74800 0.74800
vt 0.79760 0.74800
vt 0.84720 0.74800
vt 0.89680 0.74800
vt 0.94640 0.74800
vt 0.99600 0.74800
vt 0.05360 0.83067
vt 0.00400 0.83067
vt 0.10320 0.83067
vt 0.15280 0.83067
vt 0.20240 0.83067
vt 0.25200 0.83067
vt 0.30160 0.83067
vt 0.35120 0.83067
vt 0.40080 0.83067
vt 0.45040 0.83067
vt 0.50000 0.83067
vt 0.54960 0.83067
vt 0.59920 0.83067
vt 0.64880 0.83067
vt 0.69840 0.83067
vt 0.74800 0.83067
vt 0.79760 0.83067
vt 0.84720 0.83067
vt 0.89680 0.83067
vt 0.94640 0.83067
vt 0.99600 0.83067
vt 0.05360 0.91333
vt 0.00400 0.91333
vt 0.10320 0.91333
vt 0.15280 0.91333
vt 0.20240 0.91333
vt 0.25200 0.91333
vt 0.30160 0.91333
vt 0.35120 0.91333
vt 0.40080 0.91333
vt 0.45040 0.91333
vt 0.50000 0.91333
vt 0.54960 0.91333
vt 0.59920 0.91333
vt 0.64880 0.91333
vt 0.69840 0.91333
vt 0.74800 0.91333
vt 0.79760 0.91333
vt 0.84720 0.91333
vt 0.89680 0.91333
vt 0.94640 0.91333
vt 0.99600 0.91333
vt 0.05360 0.99600
vt 0.10320 0.99600
vt 0.15280 0.99600
vt 0.20240 0.99600
vt 0.25200 0.99600
vt 0.30160 0.99600
vt 0.35120 0.99600
vt 0.40080 0.99600
vt 0.45040 0.99600
vt 0.50000 0.99600
vt 0.54960 0.99600
vt 0.59920 0.99600
vt 0.64880 0.99600
vt 0.69840 0.99600
vt 0.74800 0.99600
vt 0.79760 0.99600
vt 0.84720 0.99600
vt 0.89680 0.99600
vt 0.94640 0.99600
vt 0.99600 0.99600
vt 0.00400 0.20240
vt 0.05360 0.20240
vt 0.10320 0.20240
vt 0.15280 0.20240
vt 0.20240 0.20240
vt 0.25200 0.20240
vt 0.30160 0.20240
vt 0.35120 0.20240
vt 0.40080 0.20240
vt 0.45040 0.20240
vt 0.50000 0.20240
vt 0.54960 0.20240
vt 0.59920 0.20240
vt 0.64880 0.20240
vt 0.69840 0.20240
vt 0.74800 0.20240
vt 0.79760 0.20240
vt 0.84720 0.20240
vt 0.89680 0.20240
vt 0.94640 0.20240
vt 0.99600 0.20240
vt 0.05360 0.40080
vt 0.00400 0.40080
vt 0.10320 0.40080
vt 0.15280 0.40080
vt 0.20240 0.40080
vt 0.25200 0.40080
vt 0.30160 0.40080
vt 0.35120 0.40080
vt 0.40080 0.40080
vt 0.45040 0.40080
vt 0.50000 0.40080
vt 0.54960 0.40080
vt 0.59920 0.40080
vt 0.64880 0.40080
vt 0.69840 0.40080
vt 0.74800 0.40080
vt 0.79760 0.40080
vt 0.84720 0.40080
vt 0.89680 0.40080
vt 0.94640 0.40080
vt 0.99600 0.40080
vt 0.05360 0.59920
vt 0.00400 0.59920
vt 0.10320 0.59920
vt 0.15280 0.59920
vt 0.20240 0.59920
vt 0.25200 0.59920
vt 0.30160 0.59920
vt 0.35120 0.59920
vt 0.40080 0.59920
vt 0.45040 0.59920
vt 0.50000 0.59920
vt 0.54960 0.59920
vt 0.59920 0.59920
vt 0.64880 0.59920
vt 0.69840 0.59920
vt 0.74800 0.59920
vt 0.79760 0.59920
vt 0.84720 0.59920
vt 0.89680 0.59920
vt 0.94640 0.59920
vt 0.99600 0.59920
vt 0.05360 0.79760
vt 0.00400 0.79760
vt 0.10320 0.79760
vt 0.15280 0.79760
vt 0.20240 0.79760
vt 0.25200 0.79760
vt 0.30160 0.79760
vt 0.35120 0.79760
vt 0.40080 0.79760
vt 0.45040 0.79760
vt 0.50000 0.79760
vt 0.54960 0.79760
vt 0.59920 0.79760
vt 0.64880 0.79760
vt 0.69840 0.79760
vt 0.74800 0.79760
vt 0.79760 0.79760
vt 0.84720 0.79760
vt 0.89680 0.79760
vt 0.94640 0.79760
vt 0.99600 0.79760
vt 0.00400 0.99600
vt 0.99600 0.00400
vt 0.12800 0.33467
vt 0.12800 0.00400
vt 0.37600 0.33467
vt 0.37600 0.00400
vt 0.62400 0.33467
vt 0.62400 0.00400
vt 0.87200 0.33467
vt 0.87200 0.00400
vt 0.12800 0.66533
vt 0.37600 0.66533
vt 0.62400 0.66533
vt 0.87200 0.66533
vt 0.12800 0.99600
vt 0.37600 0.99600
vt 0.62400 0.99600
vt 0.87200 0.99600
vt 0.31431 0.35120
vt 0.34779 0.35120
vt 0.34779 0.38840
vt 0.31431 0.38840
vt 0.41320 0.68569
vt 0.45040 0.68569
vt 0.45040 0.65221
vt 0.41320 0.65221
vt 0.54960 0.35120
vt 0.58680 0.35120
vt 0.58680 0.38840
vt 0.54960 0.38840
vt 0.54960 0.68569
vt 0.58680 0.68569
vt 0.58680 0.65221
vt 0.54960 0.65221
vt 0.41320 0.35120
vt 0.45040 0.35120
vt 0.45040 0.38840
vt 0.41320 0.38840
vt 0.32294 0.24270
vt 0.34526 0.24270
vt 0.34526 0.26750
vt 0.32294 0.26750
vt 0.41320 0.67706
vt 0.43800 0.67706
vt 0.43800 0.65474
vt 0.41320 0.65474
vt 0.56200 0.24270
vt 0.58680 0.24270
vt 0.58680 0.26750
vt 0.56200 0.26750
vt 0.31715 0.22643
vt 0.33947 0.22643
vt 0.33947 0.25123
vt 0.31715 0.25123
vt 0.45040 0.68285
vt 0.47520 0.68285
vt 0.47520 0.66053
vt 0.45040 0.66053
vt 0.52480 0.22643
vt 0.54960 0.22643
vt 0.54960 0.25123
vt 0.52480 0.25123
vt 0.31560 0.22100
vt 0.33792 0.22100
vt 0.33792 0.24580
vt 0.31560 0.24580
vt 0.48760 0.68440
vt 0.51240 0.68440
vt 0.51240 0.66208
vt 0.48760 0.66208
vt 0.48760 0.22100
vt 0.51240 0.22100
vt 0.51240 0.24580
vt 0.48760 0.24580
vt 0.52480 0.68285
vt 0.54960 0.68285
vt 0.54960 0.66053
vt 0.52480 0.66053
vt 0.45040 0.22643
vt 0.47520 0.22643
vt 0.47520 0.25123
vt 0.45040 0.25123
vt 0.56200 0.67706
vt 0.58680 0.67706
vt 0.58680 0.65474
vt 0.56200 0.65474
vt 0.41320 0.24270
vt 0.43800 0.24270
vt 0.43800 0.26750
vt 0.41320 0.26750
vt 0.23520 0.00400
vt 0.27091 0.00400
vt 0.27091 0.04368
vt 0.23520 0.04368
vt 0.48016 0.76480
vt 0.51984 0.76480
vt 0.51984 0.72909
vt 0.48016 0.72909
vt 0.48016 0.00400
vt 0.51984 0.00400
vt 0.51984 0.04368
vt 0.48016 0.04368
vt 0.21196 0.88936
vt 0.24767 0.88936
vt 0.24767 0.92904
vt 0.21196 0.92904
vt 0.48016 0.78804
vt 0.51984 0.78804
vt 0.51984 0.75233
vt 0.48016 0.75233
vt 0.48016 0.88936
vt 0.51984 0.88936
vt 0.51984 0.92904
vt 0.48016 0.92904
vt 0.22167 0.79636
vt 0.25738 0.79636
vt 0.25738 0.83604
vt 0.22167 0.83604
vt 0.48016 0.77833
vt 0.51984 0.77833
vt 0.51984 0.74262
vt 0.48016 0.74262
vt 0.48016 0.79636
vt 0.51984 0.79636
vt 0.51984 0.83604
vt 0.48016 0.83604
vt 0.96500 0.78520
vt 0.99600 0.78520
vt 0.96500 0.99600
vt 0.93400 0.03500
vt 0.99600 0.03500
vt 0.93400 0.00400
vt 0.93400 0.78520
vt 0.93400 0.99600
vt 0.97368 0.00400
vt 0.99600 0.02632
vt 0.97368 0.02632
vt 0.00400 0.02632
vt 0.35120 0.02632
vt 0.64880 0.02632
vt 0.98112 0.00400
vt 0.99600 0.01888
vt 0.98112 0.01888
vt 0.00400 0.01888
vt 0.10320 0.01888
vt 0.89680 0.01888
vn 0.13341 -0.99106 0.00000
vn 0.12688 -0.99106 0.04123
vn 0.00000 -1.00000 0.00000
vn 0.10793 -0.99106 0.07842
vn 0.07842 -0.99106 0.10793
vn 0.04123 -0.99106 0.12688
vn 0.00000 -0.99106 0.13341
vn -0.04123 -0.99106 0.12688
vn -0.07842 -0.99106 0.10793
vn -0.10793 -0.99106 0.07842
vn -0.12688 -0.99106 0.04123
vn -0.13341 -0.99106 0.00000
vn -0.12688 -0.99106 -0.04123
vn -0.10793 -0.99106 -0.07842
vn -0.07842 -0.99106 -0.10793
vn -0.04123 -0.99106 -0.12688
vn -0.00000 -0.99106 -0.13341
vn 0.04123 -0.99106 -0.12688
vn 0.07842 -0.99106 -0.10793
vn 0.10793 -0.99106 -0.07842
vn 0.12688 -0.99106 -0.04123
vn 0.13341 -0.99106 -0.00000
vn 0.51826 -0.83848 0.16839
vn 0.54493 -0.83848 0.00000
vn 0.44086 -0.83848 0.32030
vn 0.32030 -0.83848 0.44086
vn 0.16839 -0.83848 0.51826
vn 0.00000 -0.83848 0.54493
vn -0.16839 -0.83848 0.51826
vn -0.32030 -0.83848 0.44086
vn -0.44086 -0.83848 0.32030
vn -0.51826 -0.83848 0.16839
vn -0.54493 -0.83848 0.00000
vn -0.51826 -0.83848 -0.16839
vn -0.44086 -0.83848 -0.32030
vn -0.32030 -0.83848 -0.44086
vn -0.16839 -0.83848 -0.51826
vn -0.00000 -0.83848 -0.54493
vn 0.16839 -0.83848 -0.51826
vn 0.32030 -0.83848 -0.44086
vn 0.44086 -0.83848 -0.32030
vn 0.51826 -0.83848 -0.16839
vn 0.54493 -0.83848 -0.00000
vn 0.67250 -0.70711 0.21851
vn 0.70711 -0.70711 0.00000
vn 0.57206 -0.70711 0.41563
vn 0.41563 -0.70711 0.57206
vn 0.21851 -0.70711 0.67250
vn 0.00000 -0.70711 0.70711
vn -0.21851 -0.70711 0.67250
vn -0.41563 -0.70711 0.57206
vn -0.57206 -0.70711 0.41563
vn -0.67250 -0.70711 0.21851
vn -0.70711 -0.70711 0.00000
vn -0.67250 -0.70711 -0.21851
vn -0.57206 -0.70711 -0.41563
vn -0.41563 -0.70711 -0.57206
vn -0.21851 -0.70711 -0.67250
vn -0.00000 -0.70711 -0.70711
vn 0.21851 -0.70711 -0.67250
vn 0.41563 -0.70711 -0.57206
vn 0.57206 -0.70711 -0.41563
vn 0.67250 -0.70711 -0.21851
vn 0.70711 -0.70711 -0.00000
vn 0.82364 -0.50000 0.26762
vn 0.86603 -0.50000 0.00000
vn 0.70063 -0.50000 0.50904
vn 0.50904 -0.50000 0.70063
vn 0.26762 -0.50000 0.82364
vn 0.00000 -0.50000 0.86603
vn -0.26762 -0.50000 0.82364
vn -0.50904 -0.50000 0.70063
vn -0.70063 -0.50000 0.50904
vn -0.82364 -0.50000 0.26762
vn -0.86603 -0.50000 0.00000
vn -0.82364 -0.50000 -0.26762
vn -0.70063 -0.50000 -0.50904
vn -0.50904 -0.50000 -0.70063
vn -0.26762 -0.50000 -0.82364
vn -0.00000 -0.50000 -0.86603
vn 0.26762 -0.50000 -0.82364
vn 0.50904 -0.50000 -0.70063
vn 0.70063 -0.50000 -0.50904
vn 0.82364 -0.50000 -0.26762
vn 0.86603 -0.50000 -0.00000
vn 0.91865 -0.25882 0.29849
vn 0.96593 -0.25882 0.00000
vn 0.78145 -0.25882 0.56776
vn 0.56776 -0.25882 0.78145
vn 0.29849 -0.25882 0.91865
vn 0.00000 -0.25882 0.96593
vn -0.29849 -0.25882 0.91865
vn -0.56776 -0.25882 0.78145
vn -0.78145 -0.25882 0.56776
vn -0.91865 -0.25882 0.29849
vn -0.96593 -0.25882 0.00000
vn -0.91865 -0.25882 -0.29849
vn -0.78145 -0.25882 -0.56776
vn -0.56776 -0.25882 -0.78145
vn -0.29849 -0.25882 -0.91865
vn -0.00000 -0.25882 -0.96593
vn 0.29849 -0.25882 -0.91865
vn 0.56776 -0.25882 -0.78145
vn 0.78145 -0.25882 -0.56776
vn 0.91865 -0.25882 -0.29849
vn 0.96593 -0.25882 -0.00000
vn 0.95106 0.00000 0.30902
vn 1.00000 0.00000 0.00000
vn 0.80902 0.00000 0.58779
vn 0.58779 0.00000 0.80902
vn 0.30902 0.00000 0.95106
vn 0.00000 0.00000 1.00000
vn -0.30902 0.00000 0.95106
vn -0.58779 0.00000 0.80902
vn -0.80902 0.00000 0.58779
vn -0.95106 0.00000 0.30902
vn -1.00000 0.00000 0.00000
vn -0.95106 0.00000 -0.30902
vn -0.80902 0.00000 -0.58779
vn -0.58779 0.00000 -0.80902
vn -0.30902 0.00000 -0.95106
vn -0.00000 0.00000 -1.00000
vn 0.30902 0.00000 -0.95106
vn 0.58779 0.00000 -0.80902
vn 0.80902 0.00000 -0.58779
vn 0.95106 0.00000 -0.30902
vn 1.00000 0.00000 -0.00000
vn 0.91865 0.25882 0.29849
vn 0.96593 0.25882 0.00000
vn 0.78145 0.25882 0.56776
vn 0.56776 0.25882 0.78145
vn 0.29849 0.25882 0.91865
vn 0.00000 0.25882 0.96593
vn -0.29849 0.25882 0.91865
vn -0.56776 0.25882 0.78145
vn -0.78145 0.25882 0.56776
vn -0.91865 0.25882 0.29849
vn -0.96593 0.25882 0.00000
vn -0.91865 0.25882 -0.29849
vn -0.78145 0.25882 -0.56776
vn -0.56776 0.25882 -0.78145
vn -0.29849 0.25882 -0.91865
vn -0.00000 0.25882 -0.96593
vn 0.29849 0.25882 -0.91865
vn 0.56776 0.25882 -0.78145
vn 0.78145 0.25882 -0.56776
vn 0.91865 0.25882 -0.29849
vn 0.96593 0.25882 -0.00000
vn 0.82364 0.50000 0.26762
vn 0.86603 0.50000 0.00000
vn 0.70063 0.50000 0.50904
vn 0.50904 0.50000 0.70063
vn 0.26762 0.50000 0.82364
vn 0.00000 0.50000 0.86603
vn -0.26762 0.50000 0.82364
vn -0.50904 0.50000 0.70063
vn -0.70063 0.50000 0.50904
vn -0.82364 0.50000 0.26762
vn -0.86603 0.50000 0.00000
vn -0.82364 0.50000 -0.26762
vn -0.70063 0.50000 -0.50904
vn -0.50904 0.50000 -0.70063
vn -0.26762 0.50000 -0.82364
vn -0.00000 0.50000 -0.86603
vn 0.26762 0.50000 -0.82364
vn 0.50904 0.50000 -0.70063
vn 0.70063 0.50000 -0.50904
vn 0.82364 0.50000 -0.26762
vn 0.86603 0.50000 -0.00000
vn 0.67250 0.70711 0.21851
vn 0.70711 0.70711 0.00000
vn 0.57206 0.70711 0.41563
vn 0.41563 0.70711 0.57206
vn 0.21851 0.70711 0.67250
vn 0.00000 0.70711 0.70711
vn -0.21851 0.70711 0.67250
vn -0.41563 0.70711 0.57206
vn -0.57206 0.70711 0.41563
vn -0.67250 0.70711 0.21851
vn -0.70711 0.70711 0.00000
vn -0.67250 0.70711 -0.21851
vn -0.57206 0.70711 -0.41563
vn -0.41563 0.70711 -0.57206
vn -0.21851 0.70711 -0.67250
vn -0.00000 0.70711 -0.70711
vn 0.21851 0.70711 -0.67250
vn 0.41563 0.70711 -0.57206
vn 0.57206 0.70711 -0.41563
vn 0.67250 0.70711 -0.21851
vn 0.70711 0.70711 -0.00000
vn 0.47553 0.86603 0.15451
vn 0.50000 0.86603 0.00000
vn 0.40451 0.86603 0.29389
vn 0.29389 0.86603 0.40451
vn 0.15451 0.86603 0.47553
vn 0.00000 0.86603 0.50000
vn -0.15451 0.86603 0.47553
vn -0.29389 0.86603 0.40451
vn -0.40451 0.86603 0.29389
vn -0.47553 0.86603 0.15451
vn -0.50000 0.86603 0.00000
vn -0.47553 0.86603 -0.15451
vn -0.40451 0.86603 -0.29389
vn -0.29389 0.86603 -0.40451
vn -0.15451 0.86603 -0.47553
vn -0.00000 0.86603 -0.50000
vn 0.15451 0.86603 -0.47553
vn 0.29389 0.86603 -0.40451
vn 0.40451 0.86603 -0.29389
vn 0.47553 0.86603 -0.15451
vn 0.50000 0.86603 -0.00000
vn 0.24615 0.96593 0.07998
vn 0.25882 0.96593 0.00000
vn 0.20939 0.96593 0.15213
vn 0.15213 0.96593 0.20939
vn 0.07998 0.96593 0.24615
vn 0.00000 0.96593 0.25882
vn -0.07998 0.96593 0.24615
vn -0.15213 0.96593 0.20939
vn -0.20939 0.96593 0.15213
vn -0.24615 0.96593 0.07998
vn -0.25882 0.96593 0.00000
vn -0.24615 0.96593 -0.07998
vn -0.20939 0.96593 -0.15213
vn -0.15213 0.96593 -0.20939
vn -0.07998 0.96593 -0.24615
vn -0.00000 0.96593 -0.25882
vn 0.07998 0.96593 -0.24615
vn 0.15213 0.96593 -0.20939
vn 0.20939 0.96593 -0.15213
vn 0.24615 0.96593 -0.07998
vn 0.25882 0.96593 -0.00000
vn 0.12414 0.99144 0.04033
vn 0.10560 0.99144 0.07672
vn 0.07672 0.99144 0.10560
vn 0.04033 0.99144 0.12414
vn 0.00000 0.99144 0.13053
vn -0.04033 0.99144 0.12414
vn -0.07672 0.99144 0.10560
vn -0.10560 0.99144 0.07672
vn -0.12414 0.99144 0.04033
vn -0.13053 0.99144 0.00000
vn -0.12414 0.99144 -0.04033
vn -0.10560 0.99144 -0.07672
vn -0.07672 0.99144 -0.10560
vn -0.04033 0.99144 -0.12414
vn -0.00000 0.99144 -0.13053
vn 0.04033 0.99144 -0.12414
vn 0.07672 0.99144 -0.10560
vn 0.10560 0.99144 -0.07672
vn 0.12414 0.99144 -0.04033
vn 0.13053 0.99144 -0.00000
vn 0.25882 -0.96593 0.00000
vn 0.24615 -0.96593 0.07998
vn 0.13053 -0.99144 0.00000
vn 0.20939 -0.96593 0.15213
vn 0.12414 -0.99144 0.04033
vn 0.15213 -0.96593 0.20939
vn 0.10560 -0.99144 0.07672
vn 0.07998 -0.96593 0.24615
vn 0.07672 -0.99144 0.10560
vn 0.00000 -0.96593 0.25882
vn 0.04033 -0.99144 0.12414
vn -0.07998 -0.96593 0.24615
vn 0.00000 -0.99144 0.13053
vn -0.15213 -0.96593 0.20939
vn -0.04033 -0.99144 0.12414
vn -0.20939 -0.96593 0.15213
vn -0.07672 -0.99144 0.10560
vn -0.24615 -0.96593 0.07998
vn -0.10560 -0.99144 0.07672
vn -0.25882 -0.96593 0.00000
vn -0.12414 -0.99144 0.04033
vn -0.24615 -0.96593 -0.07998
vn -0.13053 -0.99144 0.00000
vn -0.20939 -0.96593 -0.15213
vn -0.12414 -0.99144 -0.04033
vn -0.15213 -0.96593 -0.20939
vn -0.10560 -0.99144 -0.07672
vn -0.07998 -0.96593 -0.24615
vn -0.07672 -0.99144 -0.10560
vn -0.00000 -0.96593 -0.25882
vn -0.04033 -0.99144 -0.12414
vn 0.07998 -0.96593 -0.24615
vn -0.00000 -0.99144 -0.13053
vn 0.15213 -0.96593 -0.20939
vn 0.04033 -0.99144 -0.12414
vn 0.20939 -0.96593 -0.15213
vn 0.07672 -0.99144 -0.10560
vn 0.24615 -0.96593 -0.07998
vn 0.10560 -0.99144 -0.07672
vn 0.25882 -0.96593 -0.00000
vn 0.12414 -0.99144 -0.04033
vn 0.47553 -0.86603 0.15451
vn 0.50000 -0.86603 0.00000
vn 0.40451 -0.86603 0.29389
vn 0.29389 -0.86603 0.40451
vn 0.15451 -0.86603 0.47553
vn 0.00000 -0.86603 0.50000
vn -0.15451 -0.86603 0.47553
vn -0.29389 -0.86603 0.40451
vn -0.40451 -0.86603 0.29389
vn -0.47553 -0.86603 0.15451
vn -0.50000 -0.86603 0.00000
vn -0.47553 -0.86603 -0.15451
vn -0.40451 -0.86603 -0.29389
vn -0.29389 -0.86603 -0.40451
vn -0.15451 -0.86603 -0.47553
vn -0.00000 -0.86603 -0.50000
vn 0.15451 -0.86603 -0.47553
vn 0.29389 -0.86603 -0.40451
vn 0.40451 -0.86603 -0.29389
vn 0.47553 -0.86603 -0.15451
vn 0.50000 -0.86603 -0.00000
vn 0.11043 -0.99388 0.00000
vn 0.10503 -0.99388 0.03413
vn 0.08934 -0.99388 0.06491
vn 0.06491 -0.99388 0.08934
vn 0.03413 -0.99388 0.10503
vn 0.00000 -0.99388 0.11043
vn -0.03413 -0.99388 0.10503
vn -0.06491 -0.99388 0.08934
vn -0.08934 -0.99388 0.06491
vn -0.10503 -0.99388 0.03413
vn -0.11043 -0.99388 0.00000
vn -0.10503 -0.99388 -0.03413
vn -0.08934 -0.99388 -0.06491
vn -0.06491 -0.99388 -0.08934
vn -0.03413 -0.99388 -0.10503
vn -0.00000 -0.99388 -0.11043
vn 0.03413 -0.99388 -0.10503
vn 0.06491 -0.99388 -0.08934
vn 0.08934 -0.99388 -0.06491
vn 0.10503 -0.99388 -0.03413
vn 0.11043 -0.99388 -0.00000
vn 0.30075 0.94868 0.09772
vn 0.31623 0.94868 0.00000
vn 0.25583 0.94868 0.18587
vn 0.18587 0.94868 0.25583
vn 0.09772 0.94868 0.30075
vn 0.00000 0.94868 0.31623
vn -0.09772 0.94868 0.30075
vn -0.18587 0.94868 0.25583
vn -0.25583 0.94868 0.18587
vn -0.30075 0.94868 0.09772
vn -0.31623 0.94868 0.00000
vn -0.30075 0.94868 -0.09772
vn -0.25583 0.94868 -0.18587
vn -0.18587 0.94868 -0.25583
vn -0.09772 0.94868 -0.30075
vn -0.00000 0.94868 -0.31623
vn 0.09772 0.94868 -0.30075
vn 0.18587 0.94868 -0.25583
vn 0.25583 0.94868 -0.18587
vn 0.30075 0.94868 -0.09772
vn 0.31623 0.94868 -0.00000
vn 0.90097 0.32023 0.29274
vn 0.94734 0.32023 0.00000
vn 0.76641 0.32023 0.55683
vn 0.55683 0.32023 0.76641
vn 0.29274 0.32023 0.90097
vn 0.00000 0.32023 0.94734
vn -0.29274 0.32023 0.90097
vn -0.55683 0.32023 0.76641
vn -0.76641 0.32023 0.55683
vn -0.90097 0.32023 0.29274
vn -0.94734 0.32023 0.00000
vn -0.90097 0.32023 -0.29274
vn -0.76641 0.32023 -0.55683
vn -0.55683 0.32023 -0.76641
vn -0.29274 0.32023 -0.90097
vn -0.00000 0.32023 -0.94734
vn 0.29274 0.32023 -0.90097
vn 0.55683 0.32023 -0.76641
vn 0.76641 0.32023 -0.55683
vn 0.90097 0.32023 -0.29274
vn 0.94734 0.32023 -0.00000
vn 0.78790 0.56007 0.25600
vn 0.82844 0.56007 0.00000
vn 0.67022 0.56007 0.48695
vn 0.48695 0.56007 0.67022
vn 0.25600 0.56007 0.78790
vn 0.00000 0.56007 0.82844
vn -0.25600 0.56007 0.78790
vn -0.48695 0.56007 0.67022
vn -0.67022 0.56007 0.48695
vn -0.78790 0.56007 0.25600
vn -0.82844 0.56007 0.00000
vn -0.78790 0.56007 -0.25600
vn -0.67022 0.56007 -0.48695
vn -0.48695 0.56007 -0.67022
vn -0.25600 0.56007 -0.78790
vn -0.00000 0.56007 -0.82844
vn 0.25600 0.56007 -0.78790
vn 0.48695 0.56007 -0.67022
vn 0.67022 0.56007 -0.48695
vn 0.78790 0.56007 -0.25600
vn 0.82844 0.56007 -0.00000
vn 0.00000 1.00000 0.00000
vn 0.97101 -0.00000 0.23902
vn 0.68661 0.68661 0.23902
vn 0.00000 -0.00000 1.00000
vn 0.00000 0.97101 0.23902
vn -0.68661 0.68661 0.23902
vn -0.97101 0.00000 0.23902
vn -0.68661 -0.68661 0.23902
vn -0.00000 -0.97101 0.23902
vn 0.68661 -0.68661 0.23902
vn 0.69749 0.69749 -0.16440
vn 0.98639 0.00000 -0.16440
vn 0.00000 0.98639 -0.16440
vn -0.69749 0.69749 -0.16440
vn -0.98639 0.00000 -0.16440
vn -0.69749 -0.69749 -0.16440
vn -0.00000 -0.98639 -0.16440
vn 0.69749 -0.69749 -0.16440
vn 0.98639 -0.00000 -0.16440
vn 0.68933 0.68933 -0.22282
vn 0.00000 0.97486 -0.22282
vn -0.68933 0.68933 -0.22282
vn -0.97486 0.00000 -0.22282
vn -0.68933 -0.68933 -0.22282
vn -0.00000 -0.97486 -0.22282
vn 0.68933 -0.68933 -0.22282
vn 0.97486 -0.00000 -0.22282
vn 0.00000 0.00000 -1.00000
vn 0.92388 0.00000 0.38268
vn 0.46194 -0.86603 0.19134
vn -0.46194 -0.86603 -0.19134
vn -0.92388 -0.00000 -0.38268
vn -1.00000 -0.00000 0.00000
vn -0.46194 0.86603 -0.19134
vn -0.50000 0.86603 -0.00000
vn 0.46194 0.86603 0.19134
vn 0.70711 0.00000 0.70711
vn 0.35355 -0.86603 0.35355
vn -0.35355 -0.86603 -0.35355
vn -0.70711 -0.00000 -0.70711
vn -0.35355 0.86603 -0.35355
vn 0.35355 0.86603 0.35355
vn 0.38268 0.00000 0.92388
vn 0.19134 -0.86603 0.46194
vn -0.19134 -0.86603 -0.46194
vn -0.38268 -0.00000 -0.92388
vn -0.19134 0.86603 -0.46194
vn 0.19134 0.86603 0.46194
vn -0.00000 -0.00000 -1.00000
vn -0.38268 0.00000 0.92388
vn -0.19134 -0.86603 0.46194
vn 0.19134 -0.86603 -0.46194
vn 0.38268 -0.00000 -0.92388
vn 0.19134 0.86603 -0.46194
vn -0.19134 0.86603 0.46194
vn -0.70711 0.00000 0.70711
vn -0.35355 -0.86603 0.35355
vn 0.35355 -0.86603 -0.35355
vn 0.70711 -0.00000 -0.70711
vn 0.35355 0.86603 -0.35355
vn -0.35355 0.86603 0.35355
vn -0.92388 0.00000 0.38268
vn -0.46194 -0.86603 0.19134
vn 0.46194 -0.86603 -0.19134
vn 0.92388 -0.00000 -0.38268
vn 0.46194 0.86603 -0.19134
vn -0.46194 0.86603 0.19134
vn 1.00000 -0.00000 -0.00000
vn 0.92388 -0.00000 0.38268
vn -0.92388 0.00000 -0.38268
vn 0.70711 -0.00000 0.70711
vn -0.70711 0.00000 -0.70711
vn 0.38268 -0.00000 0.92388
vn -0.38268 0.00000 -0.92388
vn -0.38268 -0.00000 0.92388
vn 0.38268 0.00000 -0.92388
vn -0.70711 -0.00000 0.70711
vn 0.70711 0.00000 -0.70711
vn -0.92388 -0.00000 0.38268
vn 0.92388 0.00000 -0.38268
vn 0.00000 -0.76604 -0.64279
vn 0.00000 0.76604 0.64279
vn 0.00000 0.64279 -0.76604
vn 0.00000 -0.64279 0.76604
vn -0.34202 -0.93969 0.00000
vn 0.34202 0.93969 0.00000
vn 0.93969 -0.34202 0.00000
vn -0.93969 0.34202 0.00000
vn -0.34202 0.93969 0.00000
vn 0.34202 -0.93969 0.00000
vn -0.93969 -0.34202 0.00000
vn 0.93969 0.34202 0.00000
usemtl snow
f 1/1/1 2/2/2 3/3/3
f 2/2/2 4/4/4 3/5/3
f 4/4/4 5/6/5 3/7/3
f 5/6/5 6/8/6 3/9/3
f 6/8/6 7/10/7 3/11/3
f 7/10/7 8/12/8 3/13/3
f 8/12/8 9/14/9 3/15/3
f 9/14/9 10/16/10 3/17/3
f 10/16/10 11/18/11 3/19/3
f 11/18/11 12/20/12 3/21/3
f 12/20/12 13/22/13 3/23/3
f 13/22/13 14/24/14 3/25/3
f 14/24/14 15/26/15 3/27/3
f 15/26/15 16/28/16 3/29/3
f 16/28/16 17/30/17 3/31/3
f 17/30/17 18/32/18 3/33/3
f 18/32/18 19/34/19 3/35/3
f 19/34/19 20/36/20 3/37/3
f 20/36/20 21/38/21 3/39/3
f 21/38/21 1/40/22 3/41/3
f 22/42/23 2/2/2 1/1/1
f 23/43/24 22/42/23 1/1/1
f 24/44/25 4/4/4 2/2/2
f 22/42/23 24/44/25 2/2/2
f 25/45/26 5/6/5 4/4/4
f 24/44/25 25/45/26 4/4/4
f 26/46/27 6/8/6 5/6/5
f 25/45/26 26/46/27 5/6/5
f 27/47/28 7/10/7 6/8/6
f 26/46/27 27/47/28 6/8/6
f 28/48/29 8/12/8 7/10/7
f 27/47/28 28/48/29 7/10/7
f 29/49/30 9/14/9 8/12/8
f 28/48/29 29/49/30 8/12/8
f 30/50/31 10/16/10 9/14/9
f 29/49/30 30/50/31 9/14/9
f 31/51/32 11/18/11 10/16/10
f 30/50/31 31/51/32 10/16/10
f 32/52/33 12/20/12 11/18/11
f 31/51/32 32/52/33 11/18/11
f 33/53/34 13/22/13 12/20/12
f 32/52/33 33/53/34 12/20/12
f 34/54/35 14/24/14 13/22/13
f 33/53/34 34/54/35 13/22/13
f 35/55/36 15/26/15 14/24/14
f 34/54/35 35/55/36 14/24/14
f 36/56/37 16/28/16 15/26/15
f 35/55/36 36/56/37 15/26/15
f 37/57/38 17/30/17 16/28/16
f 36/56/37 37/57/38 16/28/16
f 38/58/39 18/32/18 17/30/17
f 37/57/38 38/58/39 17/30/17
f 39/59/40 19/34/19 18/32/18
f 38/58/39 39/59/40 18/32/18
f 40/60/41 20/36/20 19/34/19
f 39/59/40 40/60/41 19/34/19
f 41/61/42 21/38/21 20/36/20
f 40/60/41 41/61/42 20/36/20
f 23/62/43 1/40/22 21/38/21
f 41/61/42 23/62/43 21/38/21
f 42/63/44 22/42/23 23/43/24
f 43/64/45 42/63/44 23/43/24
f 44/65/46 24/44/25 22/42/23
f 42/63/44 44/65/46 22/42/23
f 45/66/47 25/45/26 24/44/25
f 44/65/46 45/66/47 24/44/25
f 46/67/48 26/46/27 25/45/26
f 45/66/47 46/67/48 25/45/26
f 47/68/49 27/47/28 26/46/27
f 46/67/48 47/68/49 26/46/27
f 48/69/50 28/48/29 27/47/28
f 47/68/49 48/69/50 27/47/28
f 49/70/51 29/49/30 28/48/29
f 48/69/50 49/70/51 28/48/29
f 50/71/52 30/50/31 29/49/30
f 49/70/51 50/71/52 29/49/30
f 51/72/53 31/51/32 30/50/31
f 50/71/52 51/72/53 30/50/31
f 52/73/54 32/52/33 31/51/32
f 51/72/53 52/73/54 31/51/32
f 53/74/55 33/53/34 32/52/33
f 52/73/54 53/74/55 32/52/33
f 54/75/56 34/54/35 33/53/34
f 53/74/55 54/75/56 33/53/34
f 55/76/57 35/55/36 34/54/35
f 54/75/56 55/76/57 34/54/35
f 56/77/58 36/56/37 35/55/36
f 55/76/57 56/77/58 35/55/36
f 57/78/59 37/57/38 36/56/37
f 56/77/58 57/78/59 36/56/37
f 58/79/60 38/58/39 37/57/38
f 57/78/59 58/79/60 37/57/38
f 59/80/61 39/59/40 38/58/39
f 58/79/60 59/80/61 38/58/39
f 60/81/62 40/60/41 39/59/40
f 59/80/61 60/81/62 39/59/40
f 61/82/63 41/61/42 40/60/41
f 60/81/62 61/82/63 40/60/41
f 43/83/64 23/62/43 41/61/42
f 61/82/63 43/83/64 41/61/42
f 62/84/65 42/63/44 43/64/45
f 63/85/66 62/84/65 43/64/45
f 64/86/67 44/65/46 42/63/44
f 62/84/65 64/86/67 42/63/44
f 65/87/68 45/66/47 44/65/46
f 64/86/67 65/87/68 44/65/46
f 66/88/69 46/67/48 45/66/47
f 65/87/68 66/88/69 45/66/47
f 67/89/70 47/68/49 46/67/48
f 66/88/69 67/89/70 46/67/48
f 68/90/71 48/69/50 47/68/49
f 67/89/70 68/90/71 47/68/49
f 69/91/72 49/70/51 48/69/50
f 68/90/71 69/91/72 48/69/50
f 70/92/73 50/71/52 49/70/51
f 69/91/72 70/92/73 49/70/51
f 71/93/74 51/72/53 50/71/52
f 70/92/73 71/93/74 50/71/52
f 72/94/75 52/73/54 51/72/53
f 71/93/74 72/94/75 51/72/53
f 73/95/76 53/74/55 52/73/54
f 72/94/75 73/95/76 52/73/54
f 74/96/77 54/75/56 53/74/55
f 73/95/76 74/96/77 53/74/55
f 75/97/78 55/76/57 54/75/56
f 74/96/77 75/97/78 54/75/56
f 76/98/79 56/77/58 55/76/57
f 75/97/78 76/98/79 55/76/57
f 77/99/80 57/78/59 56/77/58
f 76/98/79 77/99/80 56/77/58
f 78/100/81 58/79/60 57/78/59
f 77/99/80 78/100/81 57/78/59
f 79/101/82 59/80/61 58/79/60
f 78/100/81 79/101/82 58/79/60
f 80/102/83 60/81/62 59/80/61
f 79/101/82 80/102/83 59/80/61
f 81/103/84 61/82/63 60/81/62
f 80/102/83 81/103/84 60/81/62
f 63/104/85 43/83/64 61/82/63
f 81/103/84 63/104/85 61/82/63
f 82/105/86 62/84/65 63/85/66
f 83/106/87 82/105/86 63/85/66
f 84/107/88 64/86/67 62/84/65
f 82/105/86 84/107/88 62/84/65
f 85/108/89 65/87/68 64/86/67
f 84/107/88 85/108/89 64/86/67
f 86/109/90 66/88/69 65/87/68
f 85/108/89 86/109/90 65/87/68
f 87/110/91 67/89/70 66/88/69
f 86/109/90 87/110/91 66/88/69
f 88/111/92 68/90/71 67/89/70
f 87/110/91 88/111/92 67/89/70
f 89/112/93 69/91/72 68/90/71
f 88/111/92 89/112/93 68/90/71
f 90/113/94 70/92/73 69/91/72
f 89/112/93 90/113/94 69/91/72
f 91/114/95 71/93/74 70/92/73
f 90/113/94 91/114/95 70/92/73
f 92/115/96 72/94/75 71/93/74
f 91/114/95 92/115/96 71/93/74
f 93/116/97 73/95/76 72/94/75
f 92/115/96 93/116/97 72/94/75
f 94/117/98 74/96/77 73/95/76
f 93/116/97 94/117/98 73/95/76
f 95/118/99 75/97/78 74/96/77
f 94/117/98 95/118/99 74/96/77
f 96/119/100 76/98/79 75/97/78
f 95/118/99 96/119/100 75/97/78
f 97/120/101 77/99/80 76/98/79
f 96/119/100 97/120/101 76/98/79
f 98/121/102 78/100/81 77/99/80
f 97/120/101 98/121/102 77/99/80
f 99/122/103 79/101/82 78/100/81
f 98/121/102 99/122/103 78/100/81
f 100/123/104 80/102/83 79/101/82
f 99/122/103 100/123/104 79/101/82
f 101/124/105 81/103/84 80/102/83
f 100/123/104 101/124/105 80/102/83
f 83/125/106 63/104/85 81/103/84
f 101/124/105 83/125/106 81/103/84
f 102/126/107 82/105/86 83/106/87
f 103/127/108 102/126/107 83/106/87
f 104/128/109 84/107/88 82/105/86
f 102/126/107 104/128/109 82/105/86
f 105/129/110 85/108/89 84/107/88
f 104/128/109 105/129/110 84/107/88
f 106/130/111 86/109/90 85/108/89
f 105/129/110 106/130/111 85/108/89
f 107/131/112 87/110/91 86/109/90
f 106/130/111 107/131/112 86/109/90
f 108/132/113 88/111/92 87/110/91
f 107/131/112 108/132/113 87/110/91
f 109/133/114 89/112/93 88/111/92
f 108/132/113 109/133/114 88/111/92
f 110/134/115 90/113/94 89/112/93
f 109/133/114 110/134/115 89/112/93
f 111/135/116 91/114/95 90/113/94
f 110/134/115 111/135/116 90/113/94
f 112/136/117 92/115/96 91/114/95
f 111/135/116 112/136/117 91/114/95
f 113/137/118 93/116/97 92/115/96
f 112/136/117 113/137/118 92/115/96
f 114/138/119 94/117/98 93/116/97
f 113/137/118 114/138/119 93/116/97
f 115/139/120 95/118/99 94/117/98
f 114/138/119 115/139/120 94/117/98
f 116/140/121 96/119/100 95/118/99
f 115/139/120 116/140/121 95/118/99
f 117/141/122 97/120/101 96/119/100
f 116/140/121 117/141/122 96/119/100
f 118/142/123 98/121/102 97/120/101
f 117/141/122 118/142/123 97/120/101
f 119/143/124 99/122/103 98/121/102
f 118/142/123 119/143/124 98/121/102
f 120/144/125 100/123/104 99/122/103
f 119/143/124 120/144/125 99/122/103
f 121/145/126 101/124/105 100/123/104
f 120/144/125 121/145/126 100/123/104
f 103/146/127 83/125/106 101/124/105
f 121/145/126 103/146/127 101/124/105
f 122/147/128 102/126/107 103/127/108
f 123/148/129 122/147/128 103/127/108
f 124/149/130 104/128/109 102/126/107
f 122/147/128 124/149/130 102/126/107
f 125/150/131 105/129/110 104/128/109
f 124/149/130 125/150/131 104/128/109
f 126/151/132 106/130/111 105/129/110
f 125/150/131 126/151/132 105/129/110
f 127/152/133 107/131/112 106/130/111
f 126/151/132 127/152/133 106/130/111
f 128/153/134 108/132/113 107/131/112
f 127/152/133 128/153/134 107/131/112
f 129/154/135 109/133/114 108/132/113
f 128/153/134 129/154/135 108/132/113
f 130/155/136 110/134/115 109/133/114
f 129/154/135 130/155/136 109/133/114
f 131/156/137 111/135/116 110/134/115
f 130/155/136 131/156/137 110/134/115
f 132/157/138 112/136/117 111/135/116
f 131/156/137 132/157/138 111/135/116
f 133/158/139 113/137/118 112/136/117
f 132/157/138 133/158/139 112/136/117
f 134/159/140 114/138/119 113/137/118
f 133/158/139 134/159/140 113/137/118
f 135/160/141 115/139/120 114/138/119
f 134/159/140 135/160/141 114/138/119
f 136/161/142 116/140/121 115/139/120
f 135/160/141 136/161/142 115/139/120
f 137/162/143 117/141/122 116/140/121
f 136/161/142 137/162/143 116/140/121
f 138/163/144 118/142/123 117/141/122
f 137/162/143 138/163/144 117/141/122
f 139/164/145 119/143/124 118/142/123
f 138/163/144 139/164/145 118/142/123
f 140/165/146 120/144/125 119/143/124
f 139/164/145 140/165/146 119/143/124
f 141/166/147 121/145/126 120/144/125
f 140/165/146 141/166/147 120/144/125
f 123/167/148 103/146/127 121/145/126
f 141/166/147 123/167/148 121/145/126
f 142/168/149 122/147/128 123/148/129
f 143/169/150 142/168/149 123/148/129
f 144/170/151 124/149/130 122/147/128
f 142/168/149 144/170/151 122/147/128
f 145/171/152 125/150/131 124/149/130
f 144/170/151 145/171/152 124/149/130
f 146/172/153 126/151/132 125/150/131
f 145/171/152 146/172/153 125/150/131
f 147/173/154 127/152/133 126/151/132
f 146/172/153 147/173/154 126/151/132
f 148/174/155 128/153/134 127/152/133
f 147/173/154 148/174/155 127/152/133
f 149/175/156 129/154/135 128/153/134
f 148/174/155 149/175/156 128/153/134
f 150/176/157 130/155/136 129/154/135
f 149/175/156 150/176/157 129/154/135
f 151/177/158 131/156/137 130/155/136
f 150/176/157 151/177/158 130/155/136
f 152/178/159 132/157/138 131/156/137
f 151/177/158 152/178/159 131/156/137
f 153/179/160 133/158/139 132/157/138
f 152/178/159 153/179/160 132/157/138
f 154/180/161 134/159/140 133/158/139
f 153/179/160 154/180/161 133/158/139
f 155/181/162 135/160/141 134/159/140
f 154/180/161 155/181/162 134/159/140
f 156/182/163 136/161/142 135/160/141
f 155/181/162 156/182/163 135/160/141
f 157/183/164 137/162/143 136/161/142
f 156/182/163 157/183/164 136/161/142
f 158/184/165 138/163/144 137/162/143
f 157/183/164 158/184/165 137/162/143
f 159/185/166 139/164/145 138/163/144
f 158/184/165 159/185/166 138/163/144
f 160/186/167 140/165/146 139/164/145
f 159/185/166 160/186/167 139/164/145
f 161/187/168 141/166/147 140/165/146
f 160/186/167 161/187/168 140/165/146
f 143/188/169 123/167/148 141/166/147
f 161/187/168 143/188/169 141/166/147
f 162/189/170 142/168/149 143/169/150
f 163/190/171 162/189/170 143/169/150
f 164/191/172 144/170/151 142/168/149
f 162/189/170 164/191/172 142/168/149
f 165/192/173 145/171/152 144/170/151
f 164/191/172 165/192/173 144/170/151
f 166/193/174 146/172/153 145/171/152
f 165/192/173 166/193/174 145/171/152
f 167/194/175 147/173/154 146/172/153
f 166/193/174 167/194/175 146/172/153
f 168/195/176 148/174/155 147/173/154
f 167/194/175 168/195/176 147/173/154
f 169/196/177 149/175/156 148/174/155
f 168/195/176 169/196/177 148/174/155
f 170/197/178 150/176/157 149/175/156
f 169/196/177 170/197/178 149/175/156
f 171/198/179 151/177/158 150/176/157
f 170/197/178 171/198/179 150/176/157
f 172/199/180 152/178/159 151/177/158
f 171/198/179 172/199/180 151/177/158
f 173/200/181 153/179/160 152/178/159
f 172/199/180 173/200/181 152/178/159
f 174/201/182 154/180/161 153/179/160
f 173/200/181 174/201/182 153/179/160
f 175/202/183 155/181/162 154/180/161
f 174/201/182 175/202/183 154/180/161
f 176/203/184 156/182/163 155/181/162
f 175/202/183 176/203/184 155/181/162
f 177/204/185 157/183/164 156/182/163
f 176/203/184 177/204/185 156/182/163
f 178/205/186 158/184/165 157/183/164
f 177/204/185 178/205/186 157/183/164
f 179/206/187 159/185/166 158/184/165
f 178/205/186 179/206/187 158/184/165
f 180/207/188 160/186/167 159/185/166
f 179/206/187 180/207/188 159/185/166
f 181/208/189 161/187/168 160/186/167
f 180/207/188 181/208/189 160/186/167
f 163/209/190 143/188/169 161/187/168
f 181/208/189 163/209/190 161/187/168
f 182/210/191 162/189/170 163/190/171
f 183/211/192 182/210/191 163/190/171
f 184/212/193 164/191/172 162/189/170
f 182/210/191 184/212/193 162/189/170
f 185/213/194 165/192/173 164/191/172
f 184/212/193 185/213/194 164/191/172
f 186/214/195 166/193/174 165/192/173
f 185/213/194 186/214/195 165/192/173
f 187/215/196 167/194/175 166/193/174
f 186/214/195 187/215/196 166/193/174
f 188/216/197 168/195/176 167/194/175
f 187/215/196 188/216/197 167/194/175
f 189/217/198 169/196/177 168/195/176
f 188/216/197 189/217/198 168/195/176
f 190/218/199 170/197/178 169/196/177
f 189/217/198 190/218/199 169/196/177
f 191/219/200 171/198/179 170/197/178
f 190/218/199 191/219/200 170/197/178
f 192/220/201 172/199/180 171/198/179
f 191/219/200 192/220/201 171/198/179
f 193/221/202 173/200/181 172/199/180
f 192/220/201 193/221/202 172/199/180
f 194/222/203 174/201/182 173/200/181
f 193/221/202 194/222/203 173/200/181
f 195/223/204 175/202/183 174/201/182
f 194/222/203 195/223/204 174/201/182
f 196/224/205 176/203/184 175/202/183
f 195/223/204 196/224/205 175/202/183
f 197/225/206 177/204/185 176/203/184
f 196/224/205 197/225/206 176/203/184
f 198/226/207 178/205/186 177/204/185
f 197/225/206 198/226/207 177/204/185
f 199/227/208 179/206/187 178/205/186
f 198/226/207 199/227/208 178/205/186
f 200/228/209 180/207/188 179/206/187
f 199/227/208 200/228/209 179/206/187
f 201/229/210 181/208/189 180/207/188
f 200/228/209 201/229/210 180/207/188
f 183/230/211 163/209/190 181/208/189
f 201/229/210 183/230/211 181/208/189
f 202/231/212 182/210/191 183/211/192
f 203/232/213 202/231/212 183/211/192
f 204/233/214 184/212/193 182/210/191
f 202/231/212 204/233/214 182/210/191
f 205/234/215 185/213/194 184/212/193
f 204/233/214 205/234/215 184/212/193
f 206/235/216 186/214/195 185/213/194
f 205/234/215 206/235/216 185/213/194
f 207/236/217 187/215/196 186/214/195
f 206/235/216 207/236/217 186/214/195
f 208/237/218 188/216/197 187/215/196
f 207/236/217 208/237/218 187/215/196
f 209/238/219 189/217/198 188/216/197
f 208/237/218 209/238/219 188/216/197
f 210/239/220 190/218/199 189/217/198
f 209/238/219 210/239/220 189/217/198
f 211/240/221 191/219/200 190/218/199
f 210/239/220 211/240/221 190/218/199
f 212/241/222 192/220/201 191/219/200
f 211/240/221 212/241/222 191/219/200
f 213/242/223 193/221/202 192/220/201
f 212/241/222 213/242/223 192/220/201
f 214/243/224 194/222/203 193/221/202
f 213/242/223 214/243/224 193/221/202
f 215/244/225 195/223/204 194/222/203
f 214/243/224 215/244/225 194/222/203
f 216/245/226 196/224/205 195/223/204
f 215/244/225 216/245/226 195/223/204
f 217/246/227 197/225/206 196/224/205
f 216/245/226 217/246/227 196/224/205
f 218/247/228 198/226/207 197/225/206
f 217/246/227 218/247/228 197/225/206
f 219/248/229 199/227/208 198/226/207
f 218/247/228 219/248/229 198/226/207
f 220/249/230 200/228/209 199/227/208
f 219/248/229 220/249/230 199/227/208
f 221/250/231 201/229/210 200/228/209
f 220/249/230 221/250/231 200/228/209
f 203/251/232 183/230/211 201/229/210
f 221/250/231 203/251/232 201/229/210
f 222/252/233 202/231/212 203/232/213
f 222/253/234 204/233/214 202/231/212
f 222/254/235 205/234/215 204/233/214
f 222/255/236 206/235/216 205/234/215
f 222/256/237 207/236/217 206/235/216
f 222/257/238 208/237/218 207/236/217
f 222/258/239 209/238/219 208/237/218
f 222/259/240 210/239/220 209/238/219
f 222/260/241 211/240/221 210/239/220
f 222/261/242 212/241/222 211/240/221
f 222/262/243 213/242/223 212/241/222
f 222/263/244 214/243/224 213/242/223
f 222/264/245 215/244/225 214/243/224
f 222/265/246 216/245/226 215/244/225
f 222/266/247 217/246/227 216/245/226
f 222/267/248 218/247/228 217/246/227
f 222/268/249 219/248/229 218/247/228
f 222/269/250 220/249/230 219/248/229
f 222/270/251 221/250/231 220/249/230
f 222/271/252 203/251/232 221/250/231
f 223/1/253 224/2/254 225/3/255
f 224/2/254 226/4/256 225/5/257
f 226/4/256 227/6/258 225/7/259
f 227/6/258 228/8/260 225/9/261
f 228/8/260 229/10/262 225/11/263
f 229/10/262 230/12/264 225/13/265
f 230/12/264 231/14/266 225/15/267
f 231/14/266 232/16/268 225/17/269
f 232/16/268 233/18/270 225/19/271
f 233/18/270 234/20/272 225/21/273
f 234/20/272 235/22/274 225/23/275
f 235/22/274 236/24/276 225/25/277
f 236/24/276 237/26/278 225/27/279
f 237/26/278 238/28/280 225/29/281
f 238/28/280 239/30/282 225/31/283
f 239/30/282 240/32/284 225/33/285
f 240/32/284 241/34/286 225/35/287
f 241/34/286 242/36/288 225/37/289
f 242/36/288 243/38/290 225/39/291
f 243/38/290 223/40/292 225/41/293
f 244/42/294 224/2/254 223/1/253
f 245/43/295 244/42/294 223/1/253
f 246/44/296 226/4/256 224/2/254
f 244/42/294 246/44/296 224/2/254
f 247/45/297 227/6/258 226/4/256
f 246/44/296 247/45/297 226/4/256
f 248/46/298 228/8/260 227/6/258
f 247/45/297 248/46/298 227/6/258
f 249/47/299 229/10/262 228/8/260
f 248/46/298 249/47/299 228/8/260
f 250/48/300 230/12/264 229/10/262
f 249/47/299 250/48/300 229/10/262
f 251/49/301 231/14/266 230/12/264
f 250/48/300 251/49/301 230/12/264
f 252/50/302 232/16/268 231/14/266
f 251/49/301 252/50/302 231/14/266
f 253/51/303 233/18/270 232/16/268
f 252/50/302 253/51/303 232/16/268
f 254/52/304 234/20/272 233/18/270
f 253/51/303 254/52/304 233/18/270
f 255/53/305 235/22/274 234/20/272
f 254/52/304 255/53/305 234/20/272
f 256/54/306 236/24/276 235/22/274
f 255/53/305 256/54/306 235/22/274
f 257/55/307 237/26/278 236/24/276
f 256/54/306 257/55/307 236/24/276
f 258/56/308 238/28/280 237/26/278
f 257/55/307 258/56/308 237/26/278
f 259/57/309 239/30/282 238/28/280
f 258/56/308 259/57/309 238/28/280
f 260/58/310 240/32/284 239/30/282
f 259/57/309 260/58/310 239/30/282
f 261/59/311 241/34/286 240/32/284
f 260/58/310 261/59/311 240/32/284
f 262/60/312 242/36/288 241/34/286
f 261/59/311 262/60/312 241/34/286
f 263/61/313 243/38/290 242/36/288
f 262/60/312 263/61/313 242/36/288
f 245/62/314 223/40/292 243/38/290
f 263/61/313 245/62/314 243/38/290
f 264/63/44 244/42/294 245/43/295
f 265/64/45 264/63/44 245/43/295
f 266/65/46 246/44/296 244/42/294
f 264/63/44 266/65/46 244/42/294
f 267/66/47 247/45/297 246/44/296
f 266/65/46 267/66/47 246/44/296
f 268/67/48 248/46/298 247/45/297
f 267/66/47 268/67/48 247/45/297
f 269/68/49 249/47/299 248/46/298
f 268/67/48 269/68/49 248/46/298
f 270/69/50 250/48/300 249/47/299
f 269/68/49 270/69/50 249/47/299
f 271/70/51 251/49/301 250/48/300
f 270/69/50 271/70/51 250/48/300
f 272/71/52 252/50/302 251/49/301
f 271/70/51 272/71/52 251/49/301
f 273/72/53 253/51/303 252/50/302
f 272/71/52 273/72/53 252/50/302
f 274/73/54 254/52/304 253/51/303
f 273/72/53 274/73/54 253/51/303
f 275/74/55 255/53/305 254/52/304
f 274/73/54 275/74/55 254/52/304
f 276/75/56 256/54/306 255/53/305
f 275/74/55 276/75/56 255/53/305
f 277/76/57 257/55/307 256/54/306
f 276/75/56 277/76/57 256/54/306
f 278/77/58 258/56/308 257/55/307
f 277/76/57 278/77/58 257/55/307
f 279/78/59 259/57/309 258/56/308
f 278/77/58 279/78/59 258/56/308
f 280/79/60 260/58/310 259/57/309
f 279/78/59 280/79/60 259/57/309
f 281/80/61 261/59/311 260/58/310
f 280/79/60 281/80/61 260/58/310
f 282/81/62 262/60/312 261/59/311
f 281/80/61 282/81/62 261/59/311
f 283/82/63 263/61/313 262/60/312
f 282/81/62 283/82/63 262/60/312
f 265/83/64 245/62/314 263/61/313
f 283/82/63 265/83/64 263/61/313
f 284/84/65 264/63/44 265/64/45
f 285/85/66 284/84/65 265/64/45
f 286/86/67 266/65/46 264/63/44
f 284/84/65 286/86/67 264/63/44
f 287/87/68 267/66/47 266/65/46
f 286/86/67 287/87/68 266/65/46
f 288/88/69 268/67/48 267/66/47
f 287/87/68 288/88/69 267/66/47
f 289/89/70 269/68/49 268/67/48
f 288/88/69 289/89/70 268/67/48
f 290/90/71 270/69/50 269/68/49
f 289/89/70 290/90/71 269/68/49
f 291/91/72 271/70/51 270/69/50
f 290/90/71 291/91/72 270/69/50
f 292/92/73 272/71/52 271/70/51
f 291/91/72 292/92/73 271/70/51
f 293/93/74 273/72/53 272/71/52
f 292/92/73 293/93/74 272/71/52
f 294/94/75 274/73/54 273/72/53
f 293/93/74 294/94/75 273/72/53
f 295/95/76 275/74/55 274/73/54
f 294/94/75 295/95/76 274/73/54
f 296/96/77 276/75/56 275/74/55
f 295/95/76 296/96/77 275/74/55
f 297/97/78 277/76/57 276/75/56
f 296/96/77 297/97/78 276/75/56
f 298/98/79 278/77/58 277/76/57
f 297/97/78 298/98/79 277/76/57
f 299/99/80 279/78/59 278/77/58
f 298/98/79 299/99/80 278/77/58
f 300/100/81 280/79/60 279/78/59
f 299/99/80 300/100/81 279/78/59
f 301/101/82 281/80/61 280/79/60
f 300/100/81 301/101/82 280/79/60
f 302/102/83 282/81/62 281/80/61
f 301/101/82 302/102/83 281/80/61
f 303/103/84 283/82/63 282/81/62
f 302/102/83 303/103/84 282/81/62
f 285/104/85 265/83/64 283/82/63
f 303/103/84 285/104/85 283/82/63
f 304/105/86 284/84/65 285/85/66
f 305/106/87 304/105/86 285/85/66
f 306/107/88 286/86/67 284/84/65
f 304/105/86 306/107/88 284/84/65
f 307/108/89 287/87/68 286/86/67
f 306/107/88 307/108/89 286/86/67
f 308/109/90 288/88/69 287/87/68
f 307/108/89 308/109/90 287/87/68
f 309/110/91 289/89/70 288/88/69
f 308/109/90 309/110/91 288/88/69
f 310/111/92 290/90/71 289/89/70
f 309/110/91 310/111/92 289/89/70
f 311/112/93 291/91/72 290/90/71
f 310/111/92 311/112/93 290/90/71
f 312/113/94 292/92/73 291/91/72
f 311/112/93 312/113/94 291/91/72
f 313/114/95 293/93/74 292/92/73
f 312/113/94 313/114/95 292/92/73
f 314/115/96 294/94/75 293/93/74
f 313/114/95 314/115/96 293/93/74
f 315/116/97 295/95/76 294/94/75
f 314/115/96 315/116/97 294/94/75
f 316/117/98 296/96/77 295/95/76
f 315/116/97 316/117/98 295/95/76
f 317/118/99 297/97/78 296/96/77
f 316/117/98 317/118/99 296/96/77
f 318/119/100 298/98/79 297/97/78
f 317/118/99 318/119/100 297/97/78
f 319/120/101 299/99/80 298/98/79
f 318/119/100 319/120/101 298/98/79
f 320/121/102 300/100/81 299/99/80
f 319/120/101 320/121/102 299/99/80
f 321/122/103 301/101/82 300/100/81
f 320/121/102 321/122/103 300/100/81
f 322/123/104 302/102/83 301/101/82
f 321/122/103 322/123/104 301/101/82
f 323/124/105 303/103/84 302/102/83
f 322/123/104 323/124/105 302/102/83
f 305/125/106 285/104/85 303/103/84
f 323/124/105 305/125/106 303/103/84
f 324/126/107 304/105/86 305/106/87
f 325/127/108 324/126/107 305/106/87
f 326/128/109 306/107/88 304/105/86
f 324/126/107 326/128/109 304/105/86
f 327/129/110 307/108/89 306/107/88
f 326/128/109 327/129/110 306/107/88
f 328/130/111 308/109/90 307/108/89
f 327/129/110 328/130/111 307/108/89
f 329/131/112 309/110/91 308/109/90
f 328/130/111 329/131/112 308/109/90
f 330/132/113 310/111/92 309/110/91
f 329/131/112 330/132/113 309/110/91
f 331/133/114 311/112/93 310/111/92
f 330/132/113 331/133/114 310/111/92
f 332/134/115 312/113/94 311/112/93
f 331/133/114 332/134/115 311/112/93
f 333/135/116 313/114/95 312/113/94
f 332/134/115 333/135/116 312/113/94
f 334/136/117 314/115/96 313/114/95
f 333/135/116 334/136/117 313/114/95
f 335/137/118 315/116/97 314/115/96
f 334/136/117 335/137/118 314/115/96
f 336/138/119 316/117/98 315/116/97
f 335/137/118 336/138/119 315/116/97
f 337/139/120 317/118/99 316/117/98
f 336/138/119 337/139/120 316/117/98
f 338/140/121 318/119/100 317/118/99
f 337/139/120 338/140/121 317/118/99
f 339/141/122 319/120/101 318/119/100
f 338/140/121 339/141/122 318/119/100
f 340/142/123 320/121/102 319/120/101
f 339/141/122 340/142/123 319/120/101
f 341/143/124 321/122/103 320/121/102
f 340/142/123 341/143/124 320/121/102
f 342/144/125 322/123/104 321/122/103
f 341/143/124 342/144/125 321/122/103
f 343/145/126 323/124/105 322/123/104
f 342/144/125 343/145/126 322/123/104
f 325/146/127 305/125/106 323/124/105
f 343/145/126 325/146/127 323/124/105
f 344/147/128 324/126/107 325/127/108
f 345/148/129 344/147/128 325/127/108
f 346/149/130 326/128/109 324/126/107
f 344/147/128 346/149/130 324/126/107
f 347/150/131 327/129/110 326/128/109
f 346/149/130 347/150/131 326/128/109
f 348/151/132 328/130/111 327/129/110
f 347/150/131 348/151/132 327/129/110
f 349/152/133 329/131/112 328/130/111
f 348/151/132 349/152/133 328/130/111
f 350/153/134 330/132/113 329/131/112
f 349/152/133 350/153/134 329/131/112
f 351/154/135 331/133/114 330/132/113
f 350/153/134 351/154/135 330/132/113
f 352/155/136 332/134/115 331/133/114
f 351/154/135 352/155/136 331/133/114
f 353/156/137 333/135/116 332/134/115
f 352/155/136 353/156/137 332/134/115
f 354/157/138 334/136/117 333/135/116
f 353/156/137 354/157/138 333/135/116
f 355/158/139 335/137/118 334/136/117
f 354/157/138 355/158/139 334/136/117
f 356/159/140 336/138/119 335/137/118
f 355/158/139 356/159/140 335/137/118
f 357/160/141 337/139/120 336/138/119
f 356/159/140 357/160/141 336/138/119
f 358/161/142 338/140/121 337/139/120
f 357/160/141 358/161/142 337/139/120
f 359/162/143 339/141/122 338/140/121
f 358/161/142 359/162/143 338/140/121
f 360/163/144 340/142/123 339/141/122
f 359/162/143 360/163/144 339/141/122
f 361/164/145 341/143/124 340/142/123
f 360/163/144 361/164/145 340/142/123
f 362/165/146 342/144/125 341/143/124
f 361/164/145 362/165/146 341/143/124
f 363/166/147 343/145/126 342/144/125
f 362/165/146 363/166/147 342/144/125
f 345/167/148 325/146/127 343/145/126
f 363/166/147 345/167/148 343/145/126
f 364/168/149 344/147/128 345/148/129
f 365/169/150 364/168/149 345/148/129
f 366/170/151 346/149/130 344/147/128
f 364/168/149 366/170/151 344/147/128
f 367/171/152 347/150/131 346/149/130
f 366/170/151 367/171/152 346/149/130
f 368/172/153 348/151/132 347/150/131
f 367/171/152 368/172/153 347/150/131
f 369/173/154 349/152/133 348/151/132
f 368/172/153 369/173/154 348/151/132
f 370/174/155 350/153/134 349/152/133
f 369/173/154 370/174/155 349/152/133
f 371/175/156 351/154/135 350/153/134
f 370/174/155 371/175/156 350/153/134
f 372/176/157 352/155/136 351/154/135
f 371/175/156 372/176/157 351/154/135
f 373/177/158 353/156/137 352/155/136
f 372/176/157 373/177/158 352/155/136
f 374/178/159 354/157/138 353/156/137
f 373/177/158 374/178/159 353/156/137
f 375/179/160 355/158/139 354/157/138
f 374/178/159 375/179/160 354/157/138
f 376/180/161 356/159/140 355/158/139
f 375/179/160 376/180/161 355/158/139
f 377/181/162 357/160/141 356/159/140
f 376/180/161 377/181/162 356/159/140
f 378/182/163 358/161/142 357/160/141
f 377/181/162 378/182/163 357/160/141
f 379/183/164 359/162/143 358/161/142
f 378/182/163 379/183/164 358/161/142
f 380/184/165 360/163/144 359/162/143
f 379/183/164 380/184/165 359/162/143
f 381/185/166 361/164/145 360/163/144
f 380/184/165 381/185/166 360/163/144
f 382/186/167 362/165/146 361/164/145
f 381/185/166 382/186/167 361/164/145
f 383/187/168 363/166/147 362/165/146
f 382/186/167 383/187/168 362/165/146
f 365/188/169 345/167/148 363/166/147
f 383/187/168 365/188/169 363/166/147
f 384/189/170 364/168/149 365/169/150
f 385/190/171 384/189/170 365/169/150
f 386/191/172 366/170/151 364/168/149
f 384/189/170 386/191/172 364/168/149
f 387/192/173 367/171/152 366/170/151
f 386/191/172 387/192/173 366/170/151
f 388/193/174 368/172/153 367/171/152
f 387/192/173 388/193/174 367/171/152
f 389/194/175 369/173/154 368/172/153
f 388/193/174 389/194/175 368/172/153
f 390/195/176 370/174/155 369/173/154
f 389/194/175 390/195/176 369/173/154
f 391/196/177 371/175/156 370/174/155
f 390/195/176 391/196/177 370/174/155
f 392/197/178 372/176/157 371/175/156
f 391/196/177 392/197/178 371/175/156
f 393/198/179 373/177/158 372/176/157
f 392/197/178 393/198/179 372/176/157
f 394/199/180 374/178/159 373/177/158
f 393/198/179 394/199/180 373/177/158
f 395/200/181 375/179/160 374/178/159
f 394/199/180 395/200/181 374/178/159
f 396/201/182 376/180/161 375/179/160
f 395/200/181 396/201/182 375/179/160
f 397/202/183 377/181/162 376/180/161
f 396/201/182 397/202/183 376/180/161
f 398/203/184 378/182/163 377/181/162
f 397/202/183 398/203/184 377/181/162
f 399/204/185 379/183/164 378/182/163
f 398/203/184 399/204/185 378/182/163
f 400/205/186 380/184/165 379/183/164
f 399/204/185 400/205/186 379/183/164
f 401/206/187 381/185/166 380/184/165
f 400/205/186 401/206/187 380/184/165
f 402/207/188 382/186/167 381/185/166
f 401/206/187 402/207/188 381/185/166
f 403/208/189 383/187/168 382/186/167
f 402/207/188 403/208/189 382/186/167
f 385/209/190 365/188/169 383/187/168
f 403/208/189 385/209/190 383/187/168
f 404/210/191 384/189/170 385/190/171
f 405/211/192 404/210/191 385/190/171
f 406/212/193 386/191/172 384/189/170
f 404/210/191 406/212/193 384/189/170
f 407/213/194 387/192/173 386/191/172
f 406/212/193 407/213/194 386/191/172
f 408/214/195 388/193/174 387/192/173
f 407/213/194 408/214/195 387/192/173
f 409/215/196 389/194/175 388/193/174
f 408/214/195 409/215/196 388/193/174
f 410/216/197 390/195/176 389/194/175
f 409/215/196 410/216/197 389/194/175
f 411/217/198 391/196/177 390/195/176
f 410/216/197 411/217/198 390/195/176
f 412/218/199 392/197/178 391/196/177
f 411/217/198 412/218/199 391/196/177
f 413/219/200 393/198/179 392/197/178
f 412/218/199 413/219/200 392/197/178
f 414/220/201 394/199/180 393/198/179
f 413/219/200 414/220/201 393/198/179
f 415/221/202 395/200/181 394/199/180
f 414/220/201 415/221/202 394/199/180
f 416/222/203 396/201/182 395/200/181
f 415/221/202 416/222/203 395/200/181
f 417/223/204 397/202/183 396/201/182
f 416/222/203 417/223/204 396/201/182
f 418/224/205 398/203/184 397/202/183
f 417/223/204 418/224/205 397/202/183
f 419/225/206 399/204/185 398/203/184
f 418/224/205 419/225/206 398/203/184
f 420/226/207 400/205/186 399/204/185
f 419/225/206 420/226/207 399/204/185
f 421/227/208 401/206/187 400/205/186
f 420/226/207 421/227/208 400/205/186
f 422/228/209 402/207/188 401/206/187
f 421/227/208 422/228/209 401/206/187
f 423/229/210 403/208/189 402/207/188
f 422/228/209 423/229/210 402/207/188
f 405/230/211 385/209/190 403/208/189
f 423/229/210 405/230/211 403/208/189
f 424/231/212 404/210/191 405/211/192
f 425/232/213 424/231/212 405/211/192
f 426/233/214 406/212/193 404/210/191
f 424/231/212 426/233/214 404/210/191
f 427/234/215 407/213/194 406/212/193
f 426/233/214 427/234/215 406/212/193
f 428/235/216 408/214/195 407/213/194
f 427/234/215 428/235/216 407/213/194
f 429/236/217 409/215/196 408/214/195
f 428/235/216 429/236/217 408/214/195
f 430/237/218 410/216/197 409/215/196
f 429/236/217 430/237/218 409/215/196
f 431/238/219 411/217/198 410/216/197
f 430/237/218 431/238/219 410/216/197
f 432/239/220 412/218/199 411/217/198
f 431/238/219 432/239/220 411/217/198
f 433/240/221 413/219/200 412/218/199
f 432/239/220 433/240/221 412/218/199
f 434/241/222 414/220/201 413/219/200
f 433/240/221 434/241/222 413/219/200
f 435/242/223 415/221/202 414/220/201
f 434/241/222 435/242/223 414/220/201
f 436/243/224 416/222/203 415/221/202
f 435/242/223 436/243/224 415/221/202
f 437/244/225 417/223/204 416/222/203
f 436/243/224 437/244/225 416/222/203
f 438/245/226 418/224/205 417/223/204
f 437/244/225 438/245/226 417/223/204
f 439/246/227 419/225/206 418/224/205
f 438/245/226 439/246/227 418/224/205
f 440/247/228 420/226/207 419/225/206
f 439/246/227 440/247/228 419/225/206
f 441/248/229 421/227/208 420/226/207
f 440/247/228 441/248/229 420/226/207
f 442/249/230 422/228/209 421/227/208
f 441/248/229 442/249/230 421/227/208
f 443/250/231 423/229/210 422/228/209
f 442/249/230 443/250/231 422/228/209
f 425/251/232 405/230/211 423/229/210
f 443/250/231 425/251/232 423/229/210
f 444/252/233 424/231/212 425/232/213
f 444/253/234 426/233/214 424/231/212
f 444/254/235 427/234/215 426/233/214
f 444/255/236 428/235/216 427/234/215
f 444/256/237 429/236/217 428/235/216
f 444/257/238 430/237/218 429/236/217
f 444/258/239 431/238/219 430/237/218
f 444/259/240 432/239/220 431/238/219
f 444/260/241 433/240/221 432/239/220
f 444/261/242 434/241/222 433/240/221
f 444/262/243 435/242/223 434/241/222
f 444/263/244 436/243/224 435/242/223
f 444/264/245 437/244/225 436/243/224
f 444/265/246 438/245/226 437/244/225
f 444/266/247 439/246/227 438/245/226
f 444/267/248 440/247/228 439/246/227
f 444/268/249 441/248/229 440/247/228
f 444/269/250 442/249/230 441/248/229
f 444/270/251 443/250/231 442/249/230
f 444/271/252 425/251/232 443/250/231
f 445/1/253 446/2/254 447/3/255
f 446/2/254 448/4/256 447/5/257
f 448/4/256 449/6/258 447/7/259
f 449/6/258 450/8/260 447/9/261
f 450/8/260 451/10/262 447/11/263
f 451/10/262 452/12/264 447/13/265
f 452/12/264 453/14/266 447/15/267
f 453/14/266 454/16/268 447/17/269
f 454/16/268 455/18/270 447/19/271
f 455/18/270 456/20/272 447/21/273
f 456/20/272 457/22/274 447/23/275
f 457/22/274 458/24/276 447/25/277
f 458/24/276 459/26/278 447/27/279
f 459/26/278 460/28/280 447/29/281
f 460/28/280 461/30/282 447/31/283
f 461/30/282 462/32/284 447/33/285
f 462/32/284 463/34/286 447/35/287
f 463/34/286 464/36/288 447/37/289
f 464/36/288 465/38/290 447/39/291
f 465/38/290 445/40/292 447/41/293
f 466/42/294 446/2/254 445/1/253
f 467/43/295 466/42/294 445/1/253
f 468/44/296 448/4/256 446/2/254
f 466/42/294 468/44/296 446/2/254
f 469/45/297 449/6/258 448/4/256
f 468/44/296 469/45/297 448/4/256
f 470/46/298 450/8/260 449/6/258
f 469/45/297 470/46/298 449/6/258
f 471/47/299 451/10/262 450/8/260
f 470/46/298 471/47/299 450/8/260
f 472/48/300 452/12/264 451/10/262
f 471/47/299 472/48/300 451/10/262
f 473/49/301 453/14/266 452/12/264
f 472/48/300 473/49/301 452/12/264
f 474/50/302 454/16/268 453/14/266
f 473/49/301 474/50/302 453/14/266
f 475/51/303 455/18/270 454/16/268
f 474/50/302 475/51/303 454/16/268
f 476/52/304 456/20/272 455/18/270
f 475/51/303 476/52/304 455/18/270
f 477/53/305 457/22/274 456/20/272
f 476/52/304 477/53/305 456/20/272
f 478/54/306 458/24/276 457/22/274
f 477/53/305 478/54/306 457/22/274
f 479/55/307 459/26/278 458/24/276
f 478/54/306 479/55/307 458/24/276
f 480/56/308 460/28/280 459/26/278
f 479/55/307 480/56/308 459/26/278
f 481/57/309 461/30/282 460/28/280
f 480/56/308 481/57/309 460/28/280
f 482/58/310 462/32/284 461/30/282
f 481/57/309 482/58/310 461/30/282
f 483/59/311 463/34/286 462/32/284
f 482/58/310 483/59/311 462/32/284
f 484/60/312 464/36/288 463/34/286
f 483/59/311 484/60/312 463/34/286
f 485/61/313 465/38/290 464/36/288
f 484/60/312 485/61/313 464/36/288
f 467/62/314 445/40/292 465/38/290
f 485/61/313 467/62/314 465/38/290
f 486/63/44 466/42/294 467/43/295
f 487/64/45 486/63/44 467/43/295
f 488/65/46 468/44/296 466/42/294
f 486/63/44 488/65/46 466/42/294
f 489/66/47 469/45/297 468/44/296
f 488/65/46 489/66/47 468/44/296
f 490/67/48 470/46/298 469/45/297
f 489/66/47 490/67/48 469/45/297
f 491/68/49 471/47/299 470/46/298
f 490/67/48 491/68/49 470/46/298
f 492/69/50 472/48/300 471/47/299
f 491/68/49 492/69/50 471/47/299
f 493/70/51 473/49/301 472/48/300
f 492/69/50 493/70/51 472/48/300
f 494/71/52 474/50/302 473/49/301
f 493/70/51 494/71/52 473/49/301
f 495/72/53 475/51/303 474/50/302
f 494/71/52 495/72/53 474/50/302
f 496/73/54 476/52/304 475/51/303
f 495/72/53 496/73/54 475/51/303
f 497/74/55 477/53/305 476/52/304
f 496/73/54 497/74/55 476/52/304
f 498/75/56 478/54/306 477/53/305
f 497/74/55 498/75/56 477/53/305
f 499/76/57 479/55/307 478/54/306
f 498/75/56 499/76/57 478/54/306
f 500/77/58 480/56/308 479/55/307
f 499/76/57 500/77/58 479/55/307
f 501/78/59 481/57/309 480/56/308
f 500/77/58 501/78/59 480/56/308
f 502/79/60 482/58/310 481/57/309
f 501/78/59 502/79/60 481/57/309
f 503/80/61 483/59/311 482/58/310
f 502/79/60 503/80/61 482/58/310
f 504/81/62 484/60/312 483/59/311
f 503/80/61 504/81/62 483/59/311
f 505/82/63 485/61/313 484/60/312
f 504/81/62 505/82/63 484/60/312
f 487/83/64 467/62/314 485/61/313
f 505/82/63 487/83/64 485/61/313
f 506/84/65 486/63/44 487/64/45
f 507/85/66 506/84/65 487/64/45
f 508/86/67 488/65/46 486/63/44
f 506/84/65 508/86/67 486/63/44
f 509/87/68 489/66/47 488/65/46
f 508/86/67 509/87/68 488/65/46
f 510/88/69 490/67/48 489/66/47
f 509/87/68 510/88/69 489/66/47
f 511/89/70 491/68/49 490/67/48
f 510/88/69 511/89/70 490/67/48
f 512/90/71 492/69/50 491/68/49
f 511/89/70 512/90/71 491/68/49
f 513/91/72 493/70/51 492/69/50
f 512/90/71 513/91/72 492/69/50
f 514/92/73 494/71/52 493/70/51
f 513/91/72 514/92/73 493/70/51
f 515/93/74 495/72/53 494/71/52
f 514/92/73 515/93/74 494/71/52
f 516/94/75 496/73/54 495/72/53
f 515/93/74 516/94/75 495/72/53
f 517/95/76 497/74/55 496/73/54
f 516/94/75 517/95/76 496/73/54
f 518/96/77 498/75/56 497/74/55
f 517/95/76 518/96/77 497/74/55
f 519/97/78 499/76/57 498/75/56
f 518/96/77 519/97/78 498/75/56
f 520/98/79 500/77/58 499/76/57
f 519/97/78 520/98/79 499/76/57
f 521/99/80 501/78/59 500/77/58
f 520/98/79 521/99/80 500/77/58
f 522/100/81 502/79/60 501/78/59
f 521/99/80 522/100/81 501/78/59
f 523/101/82 503/80/61 502/79/60
f 522/100/81 523/101/82 502/79/60
f 524/102/83 504/81/62 503/80/61
f 523/101/82 524/102/83 503/80/61
f 525/103/84 505/82/63 504/81/62
f 524/102/83 525/103/84 504/81/62
f 507/104/85 487/83/64 505/82/63
f 525/103/84 507/104/85 505/82/63
f 526/105/86 506/84/65 507/85/66
f 527/106/87 526/105/86 507/85/66
f 528/107/88 508/86/67 506/84/65
f 526/105/86 528/107/88 506/84/65
f 529/108/89 509/87/68 508/86/67
f 528/107/88 529/108/89 508/86/67
f 530/109/90 510/88/69 509/87/68
f 529/108/89 530/109/90 509/87/68
f 531/110/91 511/89/70 510/88/69
f 530/109/90 531/110/91 510/88/69
f 532/111/92 512/90/71 511/89/70
f 531/110/91 532/111/92 511/89/70
f 533/112/93 513/91/72 512/90/71
f 532/111/92 533/112/93 512/90/71
f 534/113/94 514/92/73 513/91/72
f 533/112/93 534/113/94 513/91/72
f 535/114/95 515/93/74 514/92/73
f 534/113/94 535/114/95 514/92/73
f 536/115/96 516/94/75 515/93/74
f 535/114/95 536/115/96 515/93/74
f 537/116/97 517/95/76 516/94/75
f 536/115/96 537/116/97 516/94/75
f 538/117/98 518/96/77 517/95/76
f 537/116/97 538/117/98 517/95/76
f 539/118/99 519/97/78 518/96/77
f 538/117/98 539/118/99 518/96/77
f 540/119/100 520/98/79 519/97/78
f 539/118/99 540/119/100 519/97/78
f 541/120/101 521/99/80 520/98/79
f 540/119/100 541/120/101 520/98/79
f 542/121/102 522/100/81 521/99/80
f 541/120/101 542/121/102 521/99/80
f 543/122/103 523/101/82 522/100/81
f 542/121/102 543/122/103 522/100/81
f 544/123/104 524/102/83 523/101/82
f 543/122/103 544/123/104 523/101/82
f 545/124/105 525/103/84 524/102/83
f 544/123/104 545/124/105 524/102/83
f 527/125/106 507/104/85 525/103/84
f 545/124/105 527/125/106 525/103/84
f 546/126/107 526/105/86 527/106/87
f 547/127/108 546/126/107 527/106/87
f 548/128/109 528/107/88 526/105/86
f 546/126/107 548/128/109 526/105/86
f 549/129/110 529/108/89 528/107/88
f 548/128/109 549/129/110 528/107/88
f 550/130/111 530/109/90 529/108/89
f 549/129/110 550/130/111 529/108/89
f 551/131/112 531/110/91 530/109/90
f 550/130/111 551/131/112 530/109/90
f 552/132/113 532/111/92 531/110/91
f 551/131/112 552/132/113 531/110/91
f 553/133/114 533/112/93 532/111/92
f 552/132/113 553/133/114 532/111/92
f 554/134/115 534/113/94 533/112/93
f 553/133/114 554/134/115 533/112/93
f 555/135/116 535/114/95 534/113/94
f 554/134/115 555/135/116 534/113/94
f 556/136/117 536/115/96 535/114/95
f 555/135/116 556/136/117 535/114/95
f 557/137/118 537/116/97 536/115/96
f 556/136/117 557/137/118 536/115/96
f 558/138/119 538/117/98 537/116/97
f 557/137/118 558/138/119 537/116/97
f 559/139/120 539/118/99 538/117/98
f 558/138/119 559/139/120 538/117/98
f 560/140/121 540/119/100 539/118/99
f 559/139/120 560/140/121 539/118/99
f 561/141/122 541/120/101 540/119/100
f 560/140/121 561/141/122 540/119/100
f 562/142/123 542/121/102 541/120/101
f 561/141/122 562/142/123 541/120/101
f 563/143/124 543/122/103 542/121/102
f 562/142/123 563/143/124 542/121/102
f 564/144/125 544/123/104 543/122/103
f 563/143/124 564/144/125 543/122/103
f 565/145/126 545/124/105 544/123/104
f 564/144/125 565/145/126 544/123/104
f 547/146/127 527/125/106 545/124/105
f 565/145/126 547/146/127 545/124/105
f 566/147/128 546/126/107 547/127/108
f 567/148/129 566/147/128 547/127/108
f 568/149/130 548/128/109 546/126/107
f 566/147/128 568/149/130 546/126/107
f 569/150/131 549/129/110 548/128/109
f 568/149/130 569/150/131 548/128/109
f 570/151/132 550/130/111 549/129/110
f 569/150/131 570/151/132 549/129/110
f 571/152/133 551/131/112 550/130/111
f 570/151/132 571/152/133 550/130/111
f 572/153/134 552/132/113 551/131/112
f 571/152/133 572/153/134 551/131/112
f 573/154/135 553/133/114 552/132/113
f 572/153/134 573/154/135 552/132/113
f 574/155/136 554/134/115 553/133/114
f 573/154/135 574/155/136 553/133/114
f 575/156/137 555/135/116 554/134/115
f 574/155/136 575/156/137 554/134/115
f 576/157/138 556/136/117 555/135/116
f 575/156/137 576/157/138 555/135/116
f 577/158/139 557/137/118 556/136/117
f 576/157/138 577/158/139 556/136/117
f 578/159/140 558/138/119 557/137/118
f 577/158/139 578/159/140 557/137/118
f 579/160/141 559/139/120 558/138/119
f 578/159/140 579/160/141 558/138/119
f 580/161/142 560/140/121 559/139/120
f 579/160/141 580/161/142 559/139/120
f 581/162/143 561/141/122 560/140/121
f 580/161/142 581/162/143 560/140/121
f 582/163/144 562/142/123 561/141/122
f 581/162/143 582/163/144 561/141/122
f 583/164/145 563/143/124 562/142/123
f 582/163/144 583/164/145 562/142/123
f 584/165/146 564/144/125 563/143/124
f 583/164/145 584/165/146 563/143/124
f 585/166/147 565/145/126 564/144/125
f 584/165/146 585/166/147 564/144/125
f 567/167/148 547/146/127 565/145/126
f 585/166/147 567/167/148 565/145/126
f 586/168/149 566/147/128 567/148/129
f 587/169/150 586/168/149 567/148/129
f 588/170/151 568/149/130 566/147/128
f 586/168/149 588/170/151 566/147/128
f 589/171/152 569/150/131 568/149/130
f 588/170/151 589/171/152 568/149/130
f 590/172/153 570/151/132 569/150/131
f 589/171/152 590/172/153 569/150/131
f 591/173/154 571/152/133 570/151/132
f 590/172/153 591/173/154 570/151/132
f 592/174/155 572/153/134 571/152/133
f 591/173/154 592/174/155 571/152/133
f 593/175/156 573/154/135 572/153/134
f 592/174/155 593/175/156 572/153/134
f 594/176/157 574/155/136 573/154/135
f 593/175/156 594/176/157 573/154/135
f 595/177/158 575/156/137 574/155/136
f 594/176/157 595/177/158 574/155/136
f 596/178/159 576/157/138 575/156/137
f 595/177/158 596/178/159 575/156/137
f 597/179/160 577/158/139 576/157/138
f 596/178/159 597/179/160 576/157/138
f 598/180/161 578/159/140 577/158/139
f 597/179/160 598/180/161 577/158/139
f 599/181/162 579/160/141 578/159/140
f 598/180/161 599/181/162 578/159/140
f 600/182/163 580/161/142 579/160/141
f 599/181/162 600/182/163 579/160/141
f 601/183/164 581/162/143 580/161/142
f 600/182/163 601/183/164 580/161/142
f 602/184/165 582/163/144 581/162/143
f 601/183/164 602/184/165 581/162/143
f 603/185/166 583/164/145 582/163/144
f 602/184/165 603/185/166 582/163/144
f 604/186/167 584/165/146 583/164/145
f 603/185/166 604/186/167 583/164/145
f 605/187/168 585/166/147 584/165/146
f 604/186/167 605/187/168 584/165/146
f 587/188/169 567/167/148 585/166/147
f 605/187/168 587/188/169 585/166/147
f 606/189/170 586/168/149 587/169/150
f 607/190/171 606/189/170 587/169/150
f 608/191/172 588/170/151 586/168/149
f 606/189/170 608/191/172 586/168/149
f 609/192/173 589/171/152 588/170/151
f 608/191/172 609/192/173 588/170/151
f 610/193/174 590/172/153 589/171/152
f 609/192/173 610/193/174 589/171/152
f 611/194/175 591/173/154 590/172/153
f 610/193/174 611/194/175 590/172/153
f 612/195/176 592/174/155 591/173/154
f 611/194/175 612/195/176 591/173/154
f 613/196/177 593/175/156 592/174/155
f 612/195/176 613/196/177 592/174/155
f 614/197/178 594/176/157 593/175/156
f 613/196/177 614/197/178 593/175/156
f 615/198/179 595/177/158 594/176/157
f 614/197/178 615/198/179 594/176/157
f 616/199/180 596/178/159 595/177/158
f 615/198/179 616/199/180 595/177/158
f 617/200/181 597/179/160 596/178/159
f 616/199/180 617/200/181 596/178/159
f 618/201/182 598/180/161 597/179/160
f 617/200/181 618/201/182 597/179/160
f 619/202/183 599/181/162 598/180/161
f 618/201/182 619/202/183 598/180/161
f 620/203/184 600/182/163 599/181/162
f 619/202/183 620/203/184 599/181/162
f 621/204/185 601/183/164 600/182/163
f 620/203/184 621/204/185 600/182/163
f 622/205/186 602/184/165 601/183/164
f 621/204/185 622/205/186 601/183/164
f 623/206/187 603/185/166 602/184/165
f 622/205/186 623/206/187 602/184/165
f 624/207/188 604/186/167 603/185/166
f 623/206/187 624/207/188 603/185/166
f 625/208/189 605/187/168 604/186/167
f 624/207/188 625/208/189 604/186/167
f 607/209/190 587/188/169 605/187/168
f 625/208/189 607/209/190 605/187/168
f 626/210/191 606/189/170 607/190/171
f 627/211/192 626/210/191 607/190/171
f 628/212/193 608/191/172 606/189/170
f 626/210/191 628/212/193 606/189/170
f 629/213/194 609/192/173 608/191/172
f 628/212/193 629/213/194 608/191/172
f 630/214/195 610/193/174 609/192/173
f 629/213/194 630/214/195 609/192/173
f 631/215/196 611/194/175 610/193/174
f 630/214/195 631/215/196 610/193/174
f 632/216/197 612/195/176 611/194/175
f 631/215/196 632/216/197 611/194/175
f 633/217/198 613/196/177 612/195/176
f 632/216/197 633/217/198 612/195/176
f 634/218/199 614/197/178 613/196/177
f 633/217/198 634/218/199 613/196/177
f 635/219/200 615/198/179 614/197/178
f 634/218/199 635/219/200 614/197/178
f 636/220/201 616/199/180 615/198/179
f 635/219/200 636/220/201 615/198/179
f 637/221/202 617/200/181 616/199/180
f 636/220/201 637/221/202 616/199/180
f 638/222/203 618/201/182 617/200/181
f 637/221/202 638/222/203 617/200/181
f 639/223/204 619/202/183 618/201/182
f 638/222/203 639/223/204 618/201/182
f 640/224/205 620/203/184 619/202/183
f 639/223/204 640/224/205 619/202/183
f 641/225/206 621/204/185 620/203/184
f 640/224/205 641/225/206 620/203/184
f 642/226/207 622/205/186 621/204/185
f 641/225/206 642/226/207 621/204/185
f 643/227/208 623/206/187 622/205/186
f 642/226/207 643/227/208 622/205/186
f 644/228/209 624/207/188 623/206/187
f 643/227/208 644/228/209 623/206/187
f 645/229/210 625/208/189 624/207/188
f 644/228/209 645/229/210 624/207/188
f 627/230/211 607/209/190 625/208/189
f 645/229/210 627/230/211 625/208/189
f 646/231/212 626/210/191 627/211/192
f 647/232/213 646/231/212 627/211/192
f 648/233/214 628/212/193 626/210/191
f 646/231/212 648/233/214 626/210/191
f 649/234/215 629/213/194 628/212/193
f 648/233/214 649/234/215 628/212/193
f 650/235/216 630/214/195 629/213/194
f 649/234/215 650/235/216 629/213/194
f 651/236/217 631/215/196 630/214/195
f 650/235/216 651/236/217 630/214/195
f 652/237/218 632/216/197 631/215/196
f 651/236/217 652/237/218 631/215/196
f 653/238/219 633/217/198 632/216/197
f 652/237/218 653/238/219 632/216/197
f 654/239/220 634/218/199 633/217/198
f 653/238/219 654/239/220 633/217/198
f 655/240/221 635/219/200 634/218/199
f 654/239/220 655/240/221 634/218/199
f 656/241/222 636/220/201 635/219/200
f 655/240/221 656/241/222 635/219/200
f 657/242/223 637/221/202 636/220/201
f 656/241/222 657/242/223 636/220/201
f 658/243/224 638/222/203 637/221/202
f 657/242/223 658/243/224 637/221/202
f 659/244/225 639/223/204 638/222/203
f 658/243/224 659/244/225 638/222/203
f 660/245/226 640/224/205 639/223/204
f 659/244/225 660/245/226 639/223/204
f 661/246/227 641/225/206 640/224/205
f 660/245/226 661/246/227 640/224/205
f 662/247/228 642/226/207 641/225/206
f 661/246/227 662/247/228 641/225/206
f 663/248/229 643/227/208 642/226/207
f 662/247/228 663/248/229 642/226/207
f 664/249/230 644/228/209 643/227/208
f 663/248/229 664/249/230 643/227/208
f 665/250/231 645/229/210 644/228/209
f 664/249/230 665/250/231 644/228/209
f 647/251/232 627/230/211 645/229/210
f 665/250/231 647/251/232 645/229/210
f 666/252/233 646/231/212 647/232/213
f 666/253/234 648/233/214 646/231/212
f 666/254/235 649/234/215 648/233/214
f 666/255/236 650/235/216 649/234/215
f 666/256/237 651/236/217 650/235/216
f 666/257/238 652/237/218 651/236/217
f 666/258/239 653/238/219 652/237/218
f 666/259/240 654/239/220 653/238/219
f 666/260/241 655/240/221 654/239/220
f 666/261/242 656/241/222 655/240/221
f 666/262/243 657/242/223 656/241/222
f 666/263/244 658/243/224 657/242/223
f 666/264/245 659/244/225 658/243/224
f 666/265/246 660/245/226 659/244/225
f 666/266/247 661/246/227 660/245/226
f 666/267/248 662/247/228 661/246/227
f 666/268/249 663/248/229 662/247/228
f 666/269/250 664/249/230 663/248/229
f 666/270/251 665/250/231 664/249/230
f 666/271/252 647/251/232 665/250/231
usemtl hat
f 667/272/315 668/273/316 669/3/3
f 668/273/316 670/274/317 669/5/3
f 670/274/317 671/275/318 669/7/3
f 671/275/318 672/276/319 669/9/3
f 672/276/319 673/277/320 669/11/3
f 673/277/320 674/278/321 669/13/3
f 674/278/321 675/279/322 669/15/3
f 675/279/322 676/280/323 669/17/3
f 676/280/323 677/281/324 669/19/3
f 677/281/324 678/282/325 669/21/3
f 678/282/325 679/283/326 669/23/3
f 679/283/326 680/284/327 669/25/3
f 680/284/327 681/285/328 669/27/3
f 681/285/328 682/286/329 669/29/3
f 682/286/329 683/287/330 669/31/3
f 683/287/330 684/288/331 669/33/3
f 684/288/331 685/289/332 669/35/3
f 685/289/332 686/290/333 669/37/3
f 686/290/333 687/291/334 669/39/3
f 687/291/334 667/292/335 669/41/3
f 688/293/336 668/273/316 667/272/315
f 689/294/337 688/293/336 667/272/315
f 690/295/338 670/274/317 668/273/316
f 688/293/336 690/295/338 668/273/316
f 691/296/339 671/275/318 670/274/317
f 690/295/338 691/296/339 670/274/317
f 692/297/340 672/276/319 671/275/318
f 691/296/339 692/297/340 671/275/318
f 693/298/341 673/277/320 672/276/319
f 692/297/340 693/298/341 672/276/319
f 694/299/342 674/278/321 673/277/320
f 693/298/341 694/299/342 673/277/320
f 695/300/343 675/279/322 674/278/321
f 694/299/342 695/300/343 674/278/321
f 696/301/344 676/280/323 675/279/322
f 695/300/343 696/301/344 675/279/322
f 697/302/345 677/281/324 676/280/323
f 696/301/344 697/302/345 676/280/323
f 698/303/346 678/282/325 677/281/324
f 697/302/345 698/303/346 677/281/324
f 699/304/347 679/283/326 678/282/325
f 698/303/346 699/304/347 678/282/325
f 700/305/348 680/284/327 679/283/326
f 699/304/347 700/305/348 679/283/326
f 701/306/349 681/285/328 680/284/327
f 700/305/348 701/306/349 680/284/327
f 702/307/350 682/286/329 681/285/328
f 701/306/349 702/307/350 681/285/328
f 703/308/351 683/287/330 682/286/329
f 702/307/350 703/308/351 682/286/329
f 704/309/352 684/288/331 683/287/330
f 703/308/351 704/309/352 683/287/330
f 705/310/353 685/289/332 684/288/331
f 704/309/352 705/310/353 684/288/331
f 706/311/354 686/290/333 685/289/332
f 705/310/353 706/311/354 685/289/332
f 707/312/355 687/291/334 686/290/333
f 706/311/354 707/312/355 686/290/333
f 689/313/356 667/292/335 687/291/334
f 707/312/355 689/313/356 687/291/334
f 708/314/357 688/293/336 689/294/337
f 709/315/358 708/314/357 689/294/337
f 710/316/359 690/295/338 688/293/336
f 708/314/357 710/316/359 688/293/336
f 711/317/360 691/296/339 690/295/338
f 710/316/359 711/317/360 690/295/338
f 712/318/361 692/297/340 691/296/339
f 711/317/360 712/318/361 691/296/339
f 713/319/362 693/298/341 692/297/340
f 712/318/361 713/319/362 692/297/340
f 714/320/363 694/299/342 693/298/341
f 713/319/362 714/320/363 693/298/341
f 715/321/364 695/300/343 694/299/342
f 714/320/363 715/321/364 694/299/342
f 716/322/365 696/301/344 695/300/343
f 715/321/364 716/322/365 695/300/343
f 717/323/366 697/302/345 696/301/344
f 716/322/365 717/323/366 696/301/344
f 718/324/367 698/303/346 697/302/345
f 717/323/366 718/324/367 697/302/345
f 719/325/368 699/304/347 698/303/346
f 718/324/367 719/325/368 698/303/346
f 720/326/369 700/305/348 699/304/347
f 719/325/368 720/326/369 699/304/347
f 721/327/370 701/306/349 700/305/348
f 720/326/369 721/327/370 700/305/348
f 722/328/371 702/307/350 701/306/349
f 721/327/370 722/328/371 701/306/349
f 723/329/372 703/308/351 702/307/350
f 722/328/371 723/329/372 702/307/350
f 724/330/373 704/309/352 703/308/351
f 723/329/372 724/330/373 703/308/351
f 725/331/374 705/310/353 704/309/352
f 724/330/373 725/331/374 704/309/352
f 726/332/375 706/311/354 705/310/353
f 725/331/374 726/332/375 705/310/353
f 727/333/376 707/312/355 706/311/354
f 726/332/375 727/333/376 706/311/354
f 709/334/377 689/313/356 707/312/355
f 727/333/376 709/334/377 707/312/355
f 728/335/378 708/314/357 709/315/358
f 729/336/379 728/335/378 709/315/358
f 730/337/380 710/316/359 708/314/357
f 728/335/378 730/337/380 708/314/357
f 731/338/381 711/317/360 710/316/359
f 730/337/380 731/338/381 710/316/359
f 732/339/382 712/318/361 711/317/360
f 731/338/381 732/339/382 711/317/360
f 733/340/383 713/319/362 712/318/361
f 732/339/382 733/340/383 712/318/361
f 734/341/384 714/320/363 713/319/362
f 733/340/383 734/341/384 713/319/362
f 735/342/385 715/321/364 714/320/363
f 734/341/384 735/342/385 714/320/363
f 736/343/386 716/322/365 715/321/364
f 735/342/385 736/343/386 715/321/364
f 737/344/387 717/323/366 716/322/365
f 736/343/386 737/344/387 716/322/365
f 738/345/388 718/324/367 717/323/366
f 737/344/387 738/345/388 717/323/366
f 739/346/389 719/325/368 718/324/367
f 738/345/388 739/346/389 718/324/367
f 740/347/390 720/326/369 719/325/368
f 739/346/389 740/347/390 719/325/368
f 741/348/391 721/327/370 720/326/369
f 740/347/390 741/348/391 720/326/369
f 742/349/392 722/328/371 721/327/370
f 741/348/391 742/349/392 721/327/370
f 743/350/393 723/329/372 722/328/371
f 742/349/392 743/350/393 722/328/371
f 744/351/394 724/330/373 723/329/372
f 743/350/393 744/351/394 723/329/372
f 745/352/395 725/331/374 724/330/373
f 744/351/394 745/352/395 724/330/373
f 746/353/396 726/332/375 725/331/374
f 745/352/395 746/353/396 725/331/374
f 747/354/397 727/333/376 726/332/375
f 746/353/396 747/354/397 726/332/375
f 729/355/398 709/334/377 727/333/376
f 747/354/397 729/355/398 727/333/376
f 748/252/399 728/335/378 729/336/379
f 748/253/399 730/337/380 728/335/378
f 748/254/399 731/338/381 730/337/380
f 748/255/399 732/339/382 731/338/381
f 748/256/399 733/340/383 732/339/382
f 748/257/399 734/341/384 733/340/383
f 748/258/399 735/342/385 734/341/384
f 748/259/399 736/343/386 735/342/385
f 748/260/399 737/344/387 736/343/386
f 748/261/399 738/345/388 737/344/387
f 748/262/399 739/346/389 738/345/388
f 748/263/399 740/347/390 739/346/389
f 748/264/399 741/348/391 740/347/390
f 748/265/399 742/349/392 741/348/391
f 748/266/399 743/350/393 742/349/392
f 748/267/399 744/351/394 743/350/393
f 748/268/399 745/352/395 744/351/394
f 748/269/399 746/353/396 745/352/395
f 748/270/399 747/354/397 746/353/396
f 748/271/399 729/355/398 747/354/397
usemtl band
f 749/252/107 750/5/107 751/3/108
f 752/356/108 749/252/107 751/3/108
f 753/253/109 754/7/109 750/5/107
f 749/252/107 753/253/109 750/5/107
f 755/254/110 756/9/110 754/7/109
f 753/253/109 755/254/110 754/7/109
f 757/255/111 758/11/111 756/9/110
f 755/254/110 757/255/111 756/9/110
f 759/256/112 760/13/112 758/11/111
f 757/255/111 759/256/112 758/11/111
f 761/257/113 762/15/113 760/13/112
f 759/256/112 761/257/113 760/13/112
f 763/258/114 764/17/114 762/15/113
f 761/257/113 763/258/114 762/15/113
f 765/259/115 766/19/115 764/17/114
f 763/258/114 765/259/115 764/17/114
f 767/260/116 768/21/116 766/19/115
f 765/259/115 767/260/116 766/19/115
f 769/261/117 770/23/117 768/21/116
f 767/260/116 769/261/117 768/21/116
f 771/262/118 772/25/118 770/23/117
f 769/261/117 771/262/118 770/23/117
f 773/263/119 774/27/119 772/25/118
f 771/262/118 773/263/119 772/25/118
f 775/264/120 776/29/120 774/27/119
f 773/263/119 775/264/120 774/27/119
f 777/265/121 778/31/121 776/29/120
f 775/264/120 777/265/121 776/29/120
f 779/266/122 780/33/122 778/31/121
f 777/265/121 779/266/122 778/31/121
f 781/267/123 782/35/123 780/33/122
f 779/266/122 781/267/123 780/33/122
f 783/268/124 784/37/124 782/35/123
f 781/267/123 783/268/124 782/35/123
f 785/269/125 786/39/125 784/37/124
f 783/268/124 785/269/125 784/37/124
f 787/270/126 788/41/126 786/39/125
f 785/269/125 787/270/126 786/39/125
f 752/271/127 751/357/127 788/41/126
f 787/270/126 752/271/127 788/41/126
usemtl carrot
f 789/85/400 790/358/401 791/3/402
f 790/358/401 792/89/403 791/359/402
f 792/89/403 793/360/404 791/13/402
f 793/360/404 794/94/405 791/361/402
f 794/94/405 795/362/406 791/23/402
f 795/362/406 796/99/407 791/363/402
f 796/99/407 797/364/408 791/33/402
f 797/364/408 789/104/400 791/365/402
f 798/366/409 790/358/401 789/85/400
f 799/169/410 798/366/409 789/85/400
f 800/173/411 792/89/403 790/358/401
f 798/366/409 800/173/411 790/358/401
f 801/367/412 793/360/404 792/89/403
f 800/173/411 801/367/412 792/89/403
f 802/178/413 794/94/405 793/360/404
f 801/367/412 802/178/413 793/360/404
f 803/368/414 795/362/406 794/94/405
f 802/178/413 803/368/414 794/94/405
f 804/183/415 796/99/407 795/362/406
f 803/368/414 804/183/415 795/362/406
f 805/369/416 797/364/408 796/99/407
f 804/183/415 805/369/416 796/99/407
f 799/188/417 789/104/400 797/364/408
f 805/369/416 799/188/417 797/364/408
f 806/370/418 798/366/409 799/169/410
f 806/256/419 800/173/411 798/366/409
f 806/371/420 801/367/412 800/173/411
f 806/261/421 802/178/413 801/367/412
f 806/372/422 803/368/414 802/178/413
f 806/266/423 804/183/415 803/368/414
f 806/373/424 805/369/416 804/183/415
f 806/271/425 799/188/417 805/369/416
usemtl coal
f 807/374/117 808/375/117 809/376/117
f 807/374/117 809/376/117 810/377/117
f 811/376/108 812/375/108 813/374/108
f 814/377/108 811/376/108 813/374/108
f 807/378/3 813/379/3 812/380/3
f 807/378/3 812/380/3 808/381/3
f 811/380/399 814/379/399 810/378/399
f 809/381/399 811/380/399 810/378/399
f 813/382/426 807/383/426 810/384/426
f 813/382/426 810/384/426 814/385/426
f 809/384/112 808/383/112 812/382/112
f 811/385/112 809/384/112 812/382/112
f 815/374/117 816/375/117 817/376/117
f 815/374/117 817/376/117 818/377/117
f 819/376/108 820/375/108 821/374/108
f 822/377/108 819/376/108 821/374/108
f 815/386/3 821/387/3 820/388/3
f 815/386/3 820/388/3 816/389/3
f 819/388/399 822/387/399 818/386/399
f 817/389/399 819/388/399 818/386/399
f 821/390/426 815/391/426 818/392/426
f 821/390/426 818/392/426 822/393/426
f 817/392/112 816/391/112 820/390/112
f 819/393/112 817/392/112 820/390/112
f 823/394/117 824/395/117 825/396/117
f 823/394/117 825/396/117 826/397/117
f 827/396/108 828/395/108 829/394/108
f 830/397/108 827/396/108 829/394/108
f 823/398/3 829/399/3 828/400/3
f 823/398/3 828/400/3 824/401/3
f 827/400/399 830/399/399 826/398/399
f 825/401/399 827/400/399 826/398/399
f 829/402/426 823/403/426 826/404/426
f 829/402/426 826/404/426 830/405/426
f 825/404/112 824/403/112 828/402/112
f 827/405/112 825/404/112 828/402/112
f 831/406/117 832/407/117 833/408/117
f 831/406/117 833/408/117 834/409/117
f 835/408/108 836/407/108 837/406/108
f 838/409/108 835/408/108 837/406/108
f 831/410/3 837/411/3 836/412/3
f 831/410/3 836/412/3 832/413/3
f 835/412/399 838/411/399 834/410/399
f 833/413/399 835/412/399 834/410/399
f 837/414/426 831/415/426 834/416/426
f 837/414/426 834/416/426 838/417/426
f 833/416/112 832/415/112 836/414/112
f 835/417/112 833/416/112 836/414/112
f 839/418/117 840/419/117 841/420/117
f 839/418/117 841/420/117 842/421/117
f 843/420/108 844/419/108 845/418/108
f 846/421/108 843/420/108 845/418/108
f 839/422/3 845/423/3 844/424/3
f 839/422/3 844/424/3 840/425/3
f 843/424/399 846/423/399 842/422/399
f 841/425/399 843/424/399 842/422/399
f 845/426/426 839/427/426 842/428/426
f 845/426/426 842/428/426 846/429/426
f 841/428/112 840/427/112 844/426/112
f 843/429/112 841/428/112 844/426/112
f 847/406/117 848/407/117 849/408/117
f 847/406/117 849/408/117 850/409/117
f 851/408/108 852/407/108 853/406/108
f 854/409/108 851/408/108 853/406/108
f 847/430/3 853/431/3 852/432/3
f 847/430/3 852/432/3 848/433/3
f 851/432/399 854/431/399 850/430/399
f 849/433/399 851/432/399 850/430/399
f 853/434/426 847/435/426 850/436/426
f 853/434/426 850/436/426 854/437/426
f 849/436/112 848/435/112 852/434/112
f 851/437/112 849/436/112 852/434/112
f 855/394/117 856/395/117 857/396/117
f 855/394/117 857/396/117 858/397/117
f 859/396/108 860/395/108 861/394/108
f 862/397/108 859/396/108 861/394/108
f 855/438/3 861/439/3 860/440/3
f 855/438/3 860/440/3 856/441/3
f 859/440/399 862/439/399 858/438/399
f 857/441/399 859/440/399 858/438/399
f 861/442/426 855/443/426 858/444/426
f 861/442/426 858/444/426 862/445/426
f 857/444/112 856/443/112 860/442/112
f 859/445/112 857/444/112 860/442/112
f 863/446/117 864/447/117 865/448/117
f 863/446/117 865/448/117 866/449/117
f 867/448/108 868/447/108 869/446/108
f 870/449/108 867/448/108 869/446/108
f 863/450/3 869/451/3 868/452/3
f 863/450/3 868/452/3 864/453/3
f 867/452/399 870/451/399 866/450/399
f 865/453/399 867/452/399 866/450/399
f 869/454/426 863/455/426 866/456/426
f 869/454/426 866/456/426 870/457/426
f 865/456/112 864/455/112 868/454/112
f 867/457/112 865/456/112 868/454/112
f 871/458/117 872/459/117 873/460/117
f 871/458/117 873/460/117 874/461/117
f 875/460/108 876/459/108 877/458/108
f 878/461/108 875/460/108 877/458/108
f 871/462/3 877/463/3 876/464/3
f 871/462/3 876/464/3 872/465/3
f 875/464/399 878/463/399 874/462/399
f 873/465/399 875/464/399 874/462/399
f 877/466/426 871/467/426 874/468/426
f 877/466/426 874/468/426 878/469/426
f 873/468/112 872/467/112 876/466/112
f 875/469/112 873/468/112 876/466/112
f 879/470/117 880/471/117 881/472/117
f 879/470/117 881/472/117 882/473/117
f 883/472/108 884/471/108 885/470/108
f 886/473/108 883/472/108 885/470/108
f 879/474/3 885/475/3 884/476/3
f 879/474/3 884/476/3 880/477/3
f 883/476/399 886/475/399 882/474/399
f 881/477/399 883/476/399 882/474/399
f 885/478/426 879/479/426 882/480/426
f 885/478/426 882/480/426 886/481/426
f 881/480/112 880/479/112 884/478/112
f 883/481/112 881/480/112 884/478/112
usemtl scarf
f 887/356/108 888/371/427 889/367/428
f 887/356/108 889/367/428 890/169/295
f 890/169/295 889/367/428 891/360/429
f 890/169/295 891/360/429 892/85/304
f 892/85/304 891/360/429 893/361/430
f 892/85/304 893/361/430 894/3/431
f 894/3/431 893/361/430 895/360/432
f 894/3/431 895/360/432 896/85/433
f 896/85/433 895/360/432 897/367/434
f 896/85/433 897/367/434 898/169/211
f 898/169/211 897/367/434 888/371/427
f 898/169/211 888/371/427 887/356/127
f 888/371/427 899/266/435 900/183/436
f 888/371/427 900/183/436 889/367/428
f 889/367/428 900/183/436 901/99/437
f 889/367/428 901/99/437 891/360/429
f 891/360/429 901/99/437 902/33/438
f 891/360/429 902/33/438 893/361/430
f 893/361/430 902/33/438 903/99/439
f 893/361/430 903/99/439 895/360/432
f 895/360/432 903/99/439 904/183/440
f 895/360/432 904/183/440 897/367/434
f 897/367/434 904/183/440 899/266/435
f 897/367/434 899/266/435 888/371/427
f 899/266/435 905/373/441 906/369/442
f 899/266/435 906/369/442 900/183/436
f 900/183/436 906/369/442 907/364/443
f 900/183/436 907/364/443 901/99/437
f 901/99/437 907/364/443 908/365/444
f 901/99/437 908/365/444 902/33/438
f 902/33/438 908/365/444 909/364/445
f 902/33/438 909/364/445 903/99/439
f 903/99/439 909/364/445 910/369/446
f 903/99/439 910/369/446 904/183/440
f 904/183/440 910/369/446 905/373/441
f 904/183/440 905/373/441 899/266/435
f 905/373/441 911/261/112 912/178/299
f 905/373/441 912/178/299 906/369/442
f 906/369/442 912/178/299 913/94/309
f 906/369/442 913/94/309 907/364/443
f 907/364/443 913/94/309 914/23/447
f 907/364/443 914/23/447 908/365/444
f 908/365/444 914/23/447 915/94/206
f 908/365/444 915/94/206 909/364/445
f 909/364/445 915/94/206 916/178/196
f 909/364/445 916/178/196 910/369/446
f 910/369/446 916/178/196 911/261/112
f 910/369/446 911/261/112 905/373/441
f 911/261/112 917/370/448 918/366/449
f 911/261/112 918/366/449 912/178/299
f 912/178/299 918/366/449 919/358/450
f 912/178/299 919/358/450 913/94/309
f 913/94/309 919/358/450 920/359/451
f 913/94/309 920/359/451 914/23/447
f 914/23/447 920/359/451 921/358/452
f 914/23/447 921/358/452 915/94/206
f 915/94/206 921/358/452 922/366/453
f 915/94/206 922/366/453 916/178/196
f 916/178/196 922/366/453 917/370/448
f 916/178/196 917/370/448 911/261/112
f 917/370/448 923/256/454 924/173/455
f 917/370/448 924/173/455 918/366/449
f 918/366/449 924/173/455 925/89/456
f 918/366/449 925/89/456 919/358/450
f 919/358/450 925/89/456 926/13/457
f 919/358/450 926/13/457 920/359/451
f 920/359/451 926/13/457 927/89/458
f 920/359/451 927/89/458 921/358/452
f 921/358/452 927/89/458 928/173/459
f 921/358/452 928/173/459 922/366/453
f 922/366/453 928/173/459 923/256/454
f 922/366/453 923/256/454 917/370/448
f 923/256/454 929/372/460 930/368/461
f 923/256/454 930/368/461 924/173/455
f 924/173/455 930/368/461 931/362/462
f 924/173/455 931/362/462 925/89/456
f 925/89/456 931/362/462 932/363/463
f 925/89/456 932/363/463 926/13/457
f 926/13/457 932/363/463 933/362/464
f 926/13/457 933/362/464 927/89/458
f 927/89/458 933/362/464 934/368/465
f 927/89/458 934/368/465 928/173/459
f 928/173/459 934/368/465 929/372/460
f 928/173/459 929/372/460 923/256/454
f 929/372/460 935/271/117 936/188/304
f 929/372/460 936/188/304 930/368/461
f 930/368/461 936/188/304 937/104/314
f 930/368/461 937/104/314 931/362/462
f 931/362/462 937/104/314 938/357/466
f 931/362/462 938/357/466 932/363/463
f 932/363/463 938/357/466 939/104/211
f 932/363/463 939/104/211 933/362/464
f 933/362/464 939/104/211 940/188/201
f 933/362/464 940/188/201 934/368/465
f 934/368/465 940/188/201 935/271/117
f 934/368/465 935/271/117 929/372/460
f 935/271/117 941/372/430 942/368/429
f 935/271/117 942/368/429 936/188/304
f 936/188/304 942/368/429 943/362/428
f 936/188/304 943/362/428 937/104/314
f 937/104/314 943/362/428 944/363/467
f 937/104/314 944/363/467 938/357/466
f 938/357/466 944/363/467 945/362/434
f 938/357/466 945/362/434 939/104/211
f 939/104/211 945/362/434 946/368/432
f 939/104/211 946/368/432 940/188/201
f 940/188/201 946/368/432 941/372/468
f 940/188/201 941/372/468 935/271/117
f 941/372/430 947/256/438 948/173/437
f 941/372/430 948/173/437 942/368/429
f 942/368/429 948/173/437 949/89/436
f 942/368/429 949/89/436 943/362/428
f 943/362/428 949/89/436 950/13/469
f 943/362/428 950/13/469 944/363/467
f 944/363/467 950/13/469 951/89/440
f 944/363/467 951/89/440 945/362/434
f 945/362/434 951/89/440 952/173/439
f 945/362/434 952/173/439 946/368/432
f 946/368/432 952/173/439 947/256/470
f 946/368/432 947/256/470 941/372/468
f 947/256/438 953/370/444 954/366/443
f 947/256/438 954/366/443 948/173/437
f 948/173/437 954/366/443 955/358/442
f 948/173/437 955/358/442 949/89/436
f 949/89/436 955/358/442 956/359/471
f 949/89/436 956/359/471 950/13/469
f 950/13/469 956/359/471 957/358/446
f 950/13/469 957/358/446 951/89/440
f 951/89/440 957/358/446 958/366/445
f 951/89/440 958/366/445 952/173/439
f 952/173/439 958/366/445 953/370/472
f 952/173/439 953/370/472 947/256/470
f 953/370/444 959/261/447 960/178/309
f 953/370/444 960/178/309 954/366/443
f 954/366/443 960/178/309 961/94/299
f 954/366/443 961/94/299 955/358/442
f 955/358/442 961/94/299 962/23/402
f 955/358/442 962/23/402 956/359/471
f 956/359/471 962/23/402 963/94/196
f 956/359/471 963/94/196 957/358/446
f 957/358/446 963/94/196 964/178/206
f 957/358/446 964/178/206 958/366/445
f 958/366/445 964/178/206 959/261/122
f 958/366/445 959/261/122 953/370/472
f 959/261/447 965/373/451 966/369/450
f 959/261/447 966/369/450 960/178/309
f 960/178/309 966/369/450 967/364/449
f 960/178/309 967/364/449 961/94/299
f 961/94/299 967/364/449 968/365/473
f 961/94/299 968/365/473 962/23/402
f 962/23/402 968/365/473 969/364/453
f 962/23/402 969/364/453 963/94/196
f 963/94/196 969/364/453 970/369/452
f 963/94/196 970/369/452 964/178/206
f 964/178/206 970/369/452 965/373/474
f 964/178/206 965/373/474 959/261/122
f 965/373/451 971/266/457 972/183/456
f 965/373/451 972/183/456 966/369/450
f 966/369/450 972/183/456 973/99/455
f 966/369/450 973/99/455 967/364/449
f 967/364/449 973/99/455 974/33/475
f 967/364/449 974/33/475 968/365/473
f 968/365/473 974/33/475 975/99/459
f 968/365/473 975/99/459 969/364/453
f 969/364/453 975/99/459 976/183/458
f 969/364/453 976/183/458 970/369/452
f 970/369/452 976/183/458 971/266/476
f 970/369/452 971/266/476 965/373/474
f 971/266/457 977/371/463 978/367/462
f 971/266/457 978/367/462 972/183/456
f 972/183/456 978/367/462 979/360/461
f 972/183/456 979/360/461 973/99/455
f 973/99/455 979/360/461 980/361/477
f 973/99/455 980/361/477 974/33/475
f 974/33/475 980/361/477 981/360/465
f 974/33/475 981/360/465 975/99/459
f 975/99/459 981/360/465 982/367/464
f 975/99/459 982/367/464 976/183/458
f 976/183/458 982/367/464 977/371/478
f 976/183/458 977/371/478 971/266/476
f 977/371/463 887/356/466 890/169/314
f 977/371/463 890/169/314 978/367/462
f 978/367/462 890/169/314 892/85/304
f 978/367/462 892/85/304 979/360/461
f 979/360/461 892/85/304 894/3/431
f 979/360/461 894/3/431 980/361/477
f 980/361/477 894/3/431 896/85/201
f 980/361/477 896/85/201 981/360/465
f 981/360/465 896/85/201 898/169/211
f 981/360/465 898/169/211 982/367/464
f 982/367/464 898/169/211 887/356/127
f 982/367/464 887/356/127 977/371/478
f 983/482/117 984/483/117 985/271/117
f 983/482/117 985/271/117 986/484/117
f 987/271/108 988/483/108 989/482/108
f 990/484/108 987/271/108 989/482/108
f 983/485/479 989/486/479 988/357/479
f 983/485/479 988/357/479 984/487/479
f 987/357/480 990/486/480 986/485/480
f 985/487/480 987/357/480 986/485/480
f 989/488/481 983/483/481 986/271/481
f 989/488/481 986/271/481 990/489/481
f 985/271/482 984/483/482 988/488/482
f 987/489/482 985/271/482 988/488/482
usemtl stick
f 991/490/75 992/357/75 993/491/75
f 991/490/75 993/491/75 994/492/75
f 995/491/150 996/357/150 997/490/150
f 998/492/150 995/491/150 997/490/150
f 991/493/295 997/494/295 996/17/295
f 991/493/295 996/17/295 992/3/295
f 995/17/201 998/494/201 994/493/201
f 993/3/201 995/17/201 994/493/201
f 997/29/426 991/357/426 994/491/426
f 997/29/426 994/491/426 998/495/426
f 993/491/112 992/357/112 996/29/112
f 995/495/112 993/491/112 996/29/112
f 999/496/483 1000/357/483 1001/497/483
f 999/496/483 1001/497/483 1002/498/483
f 1003/497/484 1004/357/484 1005/496/484
f 1006/498/484 1003/497/484 1005/496/484
f 999/499/485 1005/500/485 1004/7/485
f 999/499/485 1004/7/485 1000/3/485
f 1003/7/486 1006/500/486 1002/499/486
f 1001/3/486 1003/7/486 1002/499/486
f 1005/39/426 999/357/426 1002/497/426
f 1005/39/426 1002/497/426 1006/501/426
f 1001/497/112 1000/357/112 1004/39/112
f 1003/501/112 1001/497/112 1004/39/112
f 1007/490/159 1008/357/159 1009/491/159
f 1007/490/159 1009/491/159 1010/492/159
f 1011/491/66 1012/357/66 1013/490/66
f 1014/492/66 1011/491/66 1013/490/66
f 1007/495/304 1013/491/304 1012/357/304
f 1007/495/304 1012/357/304 1008/29/304
f 1011/357/192 1014/491/192 1010/495/192
f 1009/29/192 1011/357/192 1010/495/192
f 1013/3/426 1007/17/426 1010/494/426
f 1013/3/426 1010/494/426 1014/493/426
f 1009/494/112 1008/17/112 1012/3/112
f 1011/493/112 1009/494/112 1012/3/112
f 1015/496/487 1016/357/487 1017/497/487
f 1015/496/487 1017/497/487 1018/498/487
f 1019/497/488 1020/357/488 1021/496/488
f 1022/498/488 1019/497/488 1021/496/488
f 1015/501/489 1021/497/489 1020/357/489
f 1015/501/489 1020/357/489 1016/39/489
f 1019/357/490 1022/497/490 1018/501/490
f 1017/39/490 1019/357/490 1018/501/490
f 1021/3/426 1015/7/426 1018/500/426
f 1021/3/426 1018/500/426 1022/499/426
f 1017/500/112 1016/7/112 1020/3/112
f 1019/499/112 1017/500/112 1020/3/112
