# Procedurally generated by dev-env-utils/scripts/gen_miovision_obj.py
# Miovision SmartView 360 camera
mtllib alpr_camera_solar.mtl
o miovision360
v 0.090000 -2.977760 0.134678
v 0.090000 2.572240 0.134678
v 0.077942 2.572240 0.179678
v 0.090000 -2.977760 0.134678
v 0.077942 2.572240 0.179678
v 0.077942 -2.977760 0.179678
v 0.077942 -2.977760 0.179678
v 0.077942 2.572240 0.179678
v 0.045000 2.572240 0.212621
v 0.077942 -2.977760 0.179678
v 0.045000 2.572240 0.212621
v 0.045000 -2.977760 0.212621
v 0.045000 -2.977760 0.212621
v 0.045000 2.572240 0.212621
v 0.000000 2.572240 0.224678
v 0.045000 -2.977760 0.212621
v 0.000000 2.572240 0.224678
v 0.000000 -2.977760 0.224678
v 0.000000 -2.977760 0.224678
v 0.000000 2.572240 0.224678
v -0.045000 2.572240 0.212621
v 0.000000 -2.977760 0.224678
v -0.045000 2.572240 0.212621
v -0.045000 -2.977760 0.212621
v -0.045000 -2.977760 0.212621
v -0.045000 2.572240 0.212621
v -0.077942 2.572240 0.179678
v -0.045000 -2.977760 0.212621
v -0.077942 2.572240 0.179678
v -0.077942 -2.977760 0.179678
v -0.077942 -2.977760 0.179678
v -0.077942 2.572240 0.179678
v -0.090000 2.572240 0.134678
v -0.077942 -2.977760 0.179678
v -0.090000 2.572240 0.134678
v -0.090000 -2.977760 0.134678
v -0.090000 -2.977760 0.134678
v -0.090000 2.572240 0.134678
v -0.077942 2.572240 0.089678
v -0.090000 -2.977760 0.134678
v -0.077942 2.572240 0.089678
v -0.077942 -2.977760 0.089678
v -0.077942 -2.977760 0.089678
v -0.077942 2.572240 0.089678
v -0.045000 2.572240 0.056736
v -0.077942 -2.977760 0.089678
v -0.045000 2.572240 0.056736
v -0.045000 -2.977760 0.056736
v -0.045000 -2.977760 0.056736
v -0.045000 2.572240 0.056736
v -0.000000 2.572240 0.044678
v -0.045000 -2.977760 0.056736
v -0.000000 2.572240 0.044678
v -0.000000 -2.977760 0.044678
v -0.000000 -2.977760 0.044678
v -0.000000 2.572240 0.044678
v 0.045000 2.572240 0.056736
v -0.000000 -2.977760 0.044678
v 0.045000 2.572240 0.056736
v 0.045000 -2.977760 0.056736
v 0.045000 -2.977760 0.056736
v 0.045000 2.572240 0.056736
v 0.077942 2.572240 0.089678
v 0.045000 -2.977760 0.056736
v 0.077942 2.572240 0.089678
v 0.077942 -2.977760 0.089678
v 0.077942 -2.977760 0.089678
v 0.077942 2.572240 0.089678
v 0.090000 2.572240 0.134678
v 0.077942 -2.977760 0.089678
v 0.090000 2.572240 0.134678
v 0.090000 -2.977760 0.134678
v -0.160000 -2.977760 0.294678
v -0.160000 -2.977760 -0.025322
v 0.160000 -2.977760 -0.025322
v -0.160000 -2.977760 0.294678
v 0.160000 -2.977760 -0.025322
v 0.160000 -2.977760 0.294678
v -0.160000 -2.917760 -0.025322
v -0.160000 -2.917760 0.294678
v 0.160000 -2.917760 0.294678
v -0.160000 -2.917760 -0.025322
v 0.160000 -2.917760 0.294678
v 0.160000 -2.917760 -0.025322
v -0.160000 -2.977760 -0.025322
v -0.160000 -2.917760 -0.025322
v 0.160000 -2.917760 -0.025322
v -0.160000 -2.977760 -0.025322
v 0.160000 -2.917760 -0.025322
v 0.160000 -2.977760 -0.025322
v 0.160000 -2.977760 0.294678
v 0.160000 -2.917760 0.294678
v -0.160000 -2.917760 0.294678
v 0.160000 -2.977760 0.294678
v -0.160000 -2.917760 0.294678
v -0.160000 -2.977760 0.294678
v 0.160000 -2.977760 -0.025322
v 0.160000 -2.917760 -0.025322
v 0.160000 -2.917760 0.294678
v 0.160000 -2.977760 -0.025322
v 0.160000 -2.917760 0.294678
v 0.160000 -2.977760 0.294678
v -0.160000 -2.977760 0.294678
v -0.160000 -2.917760 0.294678
v -0.160000 -2.917760 -0.025322
v -0.160000 -2.977760 0.294678
v -0.160000 -2.917760 -0.025322
v -0.160000 -2.977760 -0.025322
v -0.090000 2.532240 0.224678
v -0.090000 2.532240 0.044678
v 0.090000 2.532240 0.044678
v -0.090000 2.532240 0.224678
v 0.090000 2.532240 0.044678
v 0.090000 2.532240 0.224678
v -0.090000 2.592240 0.044678
v -0.090000 2.592240 0.224678
v 0.090000 2.592240 0.224678
v -0.090000 2.592240 0.044678
v 0.090000 2.592240 0.224678
v 0.090000 2.592240 0.044678
v -0.090000 2.532240 0.044678
v -0.090000 2.592240 0.044678
v 0.090000 2.592240 0.044678
v -0.090000 2.532240 0.044678
v 0.090000 2.592240 0.044678
v 0.090000 2.532240 0.044678
v 0.090000 2.532240 0.224678
v 0.090000 2.592240 0.224678
v -0.090000 2.592240 0.224678
v 0.090000 2.532240 0.224678
v -0.090000 2.592240 0.224678
v -0.090000 2.532240 0.224678
v 0.090000 2.532240 0.044678
v 0.090000 2.592240 0.044678
v 0.090000 2.592240 0.224678
v 0.090000 2.532240 0.044678
v 0.090000 2.592240 0.224678
v 0.090000 2.532240 0.224678
v -0.090000 2.532240 0.224678
v -0.090000 2.592240 0.224678
v -0.090000 2.592240 0.044678
v -0.090000 2.532240 0.224678
v -0.090000 2.592240 0.044678
v -0.090000 2.532240 0.044678
v 0.053126 1.718648 0.019657
v 0.097794 1.693369 -0.061064
v 0.088971 1.736642 -0.069416
v 0.053126 1.718648 0.019657
v 0.088971 1.736642 -0.069416
v 0.049082 1.741189 0.015153
v 0.049082 1.741189 0.015153
v 0.088971 1.736642 -0.069416
v 0.063844 1.774471 -0.071910
v 0.049082 1.741189 0.015153
v 0.063844 1.774471 -0.071910
v 0.037566 1.760823 0.013438
v 0.037566 1.760823 0.013438
v 0.063844 1.774471 -0.071910
v 0.026240 1.801097 -0.068164
v 0.037566 1.760823 0.013438
v 0.026240 1.801097 -0.068164
v 0.020330 1.774560 0.014773
v 0.020330 1.774560 0.014773
v 0.026240 1.801097 -0.068164
v -0.018117 1.812466 -0.058749
v 0.020330 1.774560 0.014773
v -0.018117 1.812466 -0.058749
v 0.000000 1.780309 0.018954
v 0.000000 1.780309 0.018954
v -0.018117 1.812466 -0.058749
v -0.062475 1.806848 -0.045099
v 0.000000 1.780309 0.018954
v -0.062475 1.806848 -0.045099
v -0.020330 1.777196 0.025344
v -0.020330 1.777196 0.025344
v -0.062475 1.806848 -0.045099
v -0.100079 1.785097 -0.029291
v -0.020330 1.777196 0.025344
v -0.100079 1.785097 -0.029291
v -0.037566 1.765693 0.032972
v -0.037566 1.765693 0.032972
v -0.100079 1.785097 -0.029291
v -0.125205 1.750526 -0.013733
v -0.037566 1.765693 0.032972
v -0.125205 1.750526 -0.013733
v -0.049082 1.747552 0.040675
v -0.049082 1.747552 0.040675
v -0.125205 1.750526 -0.013733
v -0.134028 1.708396 -0.000792
v -0.049082 1.747552 0.040675
v -0.134028 1.708396 -0.000792
v -0.053126 1.725535 0.047281
v -0.053126 1.725535 0.047281
v -0.134028 1.708396 -0.000792
v -0.125205 1.665123 0.007560
v -0.053126 1.725535 0.047281
v -0.125205 1.665123 0.007560
v -0.049082 1.702994 0.051784
v -0.049082 1.702994 0.051784
v -0.125205 1.665123 0.007560
v -0.100079 1.627294 0.010054
v -0.049082 1.702994 0.051784
v -0.100079 1.627294 0.010054
v -0.037566 1.683360 0.053499
v -0.037566 1.683360 0.053499
v -0.100079 1.627294 0.010054
v -0.062475 1.600668 0.006308
v -0.037566 1.683360 0.053499
v -0.062475 1.600668 0.006308
v -0.020330 1.669623 0.052165
v -0.020330 1.669623 0.052165
v -0.062475 1.600668 0.006308
v -0.018117 1.589298 -0.003107
v -0.020330 1.669623 0.052165
v -0.018117 1.589298 -0.003107
v -0.000000 1.663874 0.047984
v -0.000000 1.663874 0.047984
v -0.018117 1.589298 -0.003107
v 0.026240 1.594917 -0.016757
v -0.000000 1.663874 0.047984
v 0.026240 1.594917 -0.016757
v 0.020330 1.666987 0.041594
v 0.020330 1.666987 0.041594
v 0.026240 1.594917 -0.016757
v 0.063844 1.616668 -0.032565
v 0.020330 1.666987 0.041594
v 0.063844 1.616668 -0.032565
v 0.037566 1.678490 0.033966
v 0.037566 1.678490 0.033966
v 0.063844 1.616668 -0.032565
v 0.088971 1.651239 -0.048123
v 0.037566 1.678490 0.033966
v 0.088971 1.651239 -0.048123
v 0.049082 1.696631 0.026263
v 0.049082 1.696631 0.026263
v 0.088971 1.651239 -0.048123
v 0.097794 1.693369 -0.061064
v 0.049082 1.696631 0.026263
v 0.097794 1.693369 -0.061064
v 0.053126 1.718648 0.019657
v 0.097794 1.693369 -0.061064
v 0.125038 1.642300 -0.162551
v 0.112171 1.702544 -0.174019
v 0.097794 1.693369 -0.061064
v 0.112171 1.702544 -0.174019
v 0.088971 1.736642 -0.069416
v 0.088971 1.736642 -0.069416
v 0.112171 1.702544 -0.174019
v 0.075528 1.755286 -0.177049
v 0.088971 1.736642 -0.069416
v 0.075528 1.755286 -0.177049
v 0.063844 1.774471 -0.071910
v 0.063844 1.774471 -0.071910
v 0.075528 1.755286 -0.177049
v 0.020688 1.792494 -0.171182
v 0.063844 1.774471 -0.071910
v 0.020688 1.792494 -0.171182
v 0.026240 1.801097 -0.068164
v 0.026240 1.801097 -0.068164
v 0.020688 1.792494 -0.171182
v -0.043999 1.808505 -0.157311
v 0.026240 1.801097 -0.068164
v -0.043999 1.808505 -0.157311
v -0.018117 1.812466 -0.058749
v -0.018117 1.812466 -0.058749
v -0.043999 1.808505 -0.157311
v -0.108687 1.800880 -0.137546
v -0.018117 1.812466 -0.058749
v -0.108687 1.800880 -0.137546
v -0.062475 1.806848 -0.045099
v -0.062475 1.806848 -0.045099
v -0.108687 1.800880 -0.137546
v -0.163526 1.770782 -0.114898
v -0.062475 1.806848 -0.045099
v -0.163526 1.770782 -0.114898
v -0.100079 1.785097 -0.029291
v -0.100079 1.785097 -0.029291
v -0.163526 1.770782 -0.114898
v -0.200169 1.722791 -0.092813
v -0.100079 1.785097 -0.029291
v -0.200169 1.722791 -0.092813
v -0.125205 1.750526 -0.013733
v -0.125205 1.750526 -0.013733
v -0.200169 1.722791 -0.092813
v -0.213036 1.664215 -0.074655
v -0.125205 1.750526 -0.013733
v -0.213036 1.664215 -0.074655
v -0.134028 1.708396 -0.000792
v -0.134028 1.708396 -0.000792
v -0.213036 1.664215 -0.074655
v -0.200169 1.603970 -0.063188
v -0.134028 1.708396 -0.000792
v -0.200169 1.603970 -0.063188
v -0.125205 1.665123 0.007560
v -0.125205 1.665123 0.007560
v -0.200169 1.603970 -0.063188
v -0.163526 1.551229 -0.060157
v -0.125205 1.665123 0.007560
v -0.163526 1.551229 -0.060157
v -0.100079 1.627294 0.010054
v -0.100079 1.627294 0.010054
v -0.163526 1.551229 -0.060157
v -0.108687 1.514021 -0.066024
v -0.100079 1.627294 0.010054
v -0.108687 1.514021 -0.066024
v -0.062475 1.600668 0.006308
v -0.062475 1.600668 0.006308
v -0.108687 1.514021 -0.066024
v -0.043999 1.498010 -0.079896
v -0.062475 1.600668 0.006308
v -0.043999 1.498010 -0.079896
v -0.018117 1.589298 -0.003107
v -0.018117 1.589298 -0.003107
v -0.043999 1.498010 -0.079896
v 0.020688 1.505634 -0.099660
v -0.018117 1.589298 -0.003107
v 0.020688 1.505634 -0.099660
v 0.026240 1.594917 -0.016757
v 0.026240 1.594917 -0.016757
v 0.020688 1.505634 -0.099660
v 0.075528 1.535733 -0.122309
v 0.026240 1.594917 -0.016757
v 0.075528 1.535733 -0.122309
v 0.063844 1.616668 -0.032565
v 0.063844 1.616668 -0.032565
v 0.075528 1.535733 -0.122309
v 0.112171 1.583723 -0.144393
v 0.063844 1.616668 -0.032565
v 0.112171 1.583723 -0.144393
v 0.088971 1.651239 -0.048123
v 0.088971 1.651239 -0.048123
v 0.112171 1.583723 -0.144393
v 0.125038 1.642300 -0.162551
v 0.088971 1.651239 -0.048123
v 0.125038 1.642300 -0.162551
v 0.097794 1.693369 -0.061064
v 0.125038 1.642300 -0.162551
v 0.128134 1.587945 -0.256551
v 0.113061 1.657615 -0.269759
v 0.125038 1.642300 -0.162551
v 0.113061 1.657615 -0.269759
v 0.112171 1.702544 -0.174019
v 0.112171 1.702544 -0.174019
v 0.113061 1.657615 -0.269759
v 0.070136 1.718633 -0.273119
v 0.112171 1.702544 -0.174019
v 0.070136 1.718633 -0.273119
v 0.075528 1.755286 -0.177049
v 0.075528 1.755286 -0.177049
v 0.070136 1.718633 -0.273119
v 0.005896 1.761709 -0.266119
v 0.075528 1.755286 -0.177049
v 0.005896 1.761709 -0.266119
v 0.020688 1.792494 -0.171182
v 0.020688 1.792494 -0.171182
v 0.005896 1.761709 -0.266119
v -0.069881 1.780285 -0.249825
v 0.020688 1.792494 -0.171182
v -0.069881 1.780285 -0.249825
v -0.043999 1.808505 -0.157311
v -0.043999 1.808505 -0.157311
v -0.069881 1.780285 -0.249825
v -0.145658 1.771533 -0.226716
v -0.043999 1.808505 -0.157311
v -0.145658 1.771533 -0.226716
v -0.108687 1.800880 -0.137546
v -0.108687 1.800880 -0.137546
v -0.145658 1.771533 -0.226716
v -0.209899 1.736786 -0.200313
v -0.108687 1.800880 -0.137546
v -0.209899 1.736786 -0.200313
v -0.163526 1.770782 -0.114898
v -0.163526 1.770782 -0.114898
v -0.209899 1.736786 -0.200313
v -0.252823 1.681333 -0.174633
v -0.163526 1.770782 -0.114898
v -0.252823 1.681333 -0.174633
v -0.200169 1.722791 -0.092813
v -0.200169 1.722791 -0.092813
v -0.252823 1.681333 -0.174633
v -0.267896 1.613616 -0.153587
v -0.200169 1.722791 -0.092813
v -0.267896 1.613616 -0.153587
v -0.213036 1.664215 -0.074655
v -0.213036 1.664215 -0.074655
v -0.267896 1.613616 -0.153587
v -0.252823 1.543946 -0.140379
v -0.213036 1.664215 -0.074655
v -0.252823 1.543946 -0.140379
v -0.200169 1.603970 -0.063188
v -0.200169 1.603970 -0.063188
v -0.252823 1.543946 -0.140379
v -0.209899 1.482928 -0.137019
v -0.200169 1.603970 -0.063188
v -0.209899 1.482928 -0.137019
v -0.163526 1.551229 -0.060157
v -0.163526 1.551229 -0.060157
v -0.209899 1.482928 -0.137019
v -0.145658 1.439852 -0.144019
v -0.163526 1.551229 -0.060157
v -0.145658 1.439852 -0.144019
v -0.108687 1.514021 -0.066024
v -0.108687 1.514021 -0.066024
v -0.145658 1.439852 -0.144019
v -0.069881 1.421276 -0.160313
v -0.108687 1.514021 -0.066024
v -0.069881 1.421276 -0.160313
v -0.043999 1.498010 -0.079896
v -0.043999 1.498010 -0.079896
v -0.069881 1.421276 -0.160313
v 0.005896 1.430028 -0.183421
v -0.043999 1.498010 -0.079896
v 0.005896 1.430028 -0.183421
v 0.020688 1.505634 -0.099660
v 0.020688 1.505634 -0.099660
v 0.005896 1.430028 -0.183421
v 0.070136 1.464775 -0.209825
v 0.020688 1.505634 -0.099660
v 0.070136 1.464775 -0.209825
v 0.075528 1.535733 -0.122309
v 0.075528 1.535733 -0.122309
v 0.070136 1.464775 -0.209825
v 0.113061 1.520228 -0.235505
v 0.075528 1.535733 -0.122309
v 0.113061 1.520228 -0.235505
v 0.112171 1.583723 -0.144393
v 0.112171 1.583723 -0.144393
v 0.113061 1.520228 -0.235505
v 0.128134 1.587945 -0.256551
v 0.112171 1.583723 -0.144393
v 0.128134 1.587945 -0.256551
v 0.125038 1.642300 -0.162551
v 0.128134 1.587945 -0.256551
v 0.111911 1.544545 -0.347947
v 0.096103 1.619833 -0.362353
v 0.128134 1.587945 -0.256551
v 0.096103 1.619833 -0.362353
v 0.113061 1.657615 -0.269759
v 0.113061 1.657615 -0.269759
v 0.096103 1.619833 -0.362353
v 0.051085 1.685708 -0.366346
v 0.113061 1.657615 -0.269759
v 0.051085 1.685708 -0.366346
v 0.070136 1.718633 -0.273119
v 0.070136 1.718633 -0.273119
v 0.051085 1.685708 -0.366346
v -0.016290 1.732142 -0.359318
v 0.070136 1.718633 -0.273119
v -0.016290 1.732142 -0.359318
v 0.005896 1.761709 -0.266119
v 0.005896 1.761709 -0.266119
v -0.016290 1.732142 -0.359318
v -0.095763 1.752066 -0.342338
v 0.005896 1.761709 -0.266119
v -0.095763 1.752066 -0.342338
v -0.069881 1.780285 -0.249825
v -0.069881 1.780285 -0.249825
v -0.095763 1.752066 -0.342338
v -0.175236 1.742446 -0.317993
v -0.069881 1.780285 -0.249825
v -0.175236 1.742446 -0.317993
v -0.145658 1.771533 -0.226716
v -0.145658 1.771533 -0.226716
v -0.175236 1.742446 -0.317993
v -0.242611 1.704746 -0.289988
v -0.145658 1.771533 -0.226716
v -0.242611 1.704746 -0.289988
v -0.209899 1.736786 -0.200313
v -0.209899 1.736786 -0.200313
v -0.242611 1.704746 -0.289988
v -0.287629 1.644707 -0.262587
v -0.209899 1.736786 -0.200313
v -0.287629 1.644707 -0.262587
v -0.252823 1.681333 -0.174633
v -0.252823 1.681333 -0.174633
v -0.287629 1.644707 -0.262587
v -0.303437 1.571469 -0.239961
v -0.252823 1.681333 -0.174633
v -0.303437 1.571469 -0.239961
v -0.267896 1.613616 -0.153587
v -0.267896 1.613616 -0.153587
v -0.303437 1.571469 -0.239961
v -0.287629 1.496181 -0.225555
v -0.267896 1.613616 -0.153587
v -0.287629 1.496181 -0.225555
v -0.252823 1.543946 -0.140379
v -0.252823 1.543946 -0.140379
v -0.287629 1.496181 -0.225555
v -0.242611 1.430305 -0.221562
v -0.252823 1.543946 -0.140379
v -0.242611 1.430305 -0.221562
v -0.209899 1.482928 -0.137019
v -0.209899 1.482928 -0.137019
v -0.242611 1.430305 -0.221562
v -0.175236 1.383871 -0.228590
v -0.209899 1.482928 -0.137019
v -0.175236 1.383871 -0.228590
v -0.145658 1.439852 -0.144019
v -0.145658 1.439852 -0.144019
v -0.175236 1.383871 -0.228590
v -0.095763 1.363948 -0.245570
v -0.145658 1.439852 -0.144019
v -0.095763 1.363948 -0.245570
v -0.069881 1.421276 -0.160313
v -0.069881 1.421276 -0.160313
v -0.095763 1.363948 -0.245570
v -0.016290 1.373568 -0.269915
v -0.069881 1.421276 -0.160313
v -0.016290 1.373568 -0.269915
v 0.005896 1.430028 -0.183421
v 0.005896 1.430028 -0.183421
v -0.016290 1.373568 -0.269915
v 0.051085 1.411267 -0.297920
v 0.005896 1.430028 -0.183421
v 0.051085 1.411267 -0.297920
v 0.070136 1.464775 -0.209825
v 0.070136 1.464775 -0.209825
v 0.051085 1.411267 -0.297920
v 0.096103 1.471306 -0.325321
v 0.070136 1.464775 -0.209825
v 0.096103 1.471306 -0.325321
v 0.113061 1.520228 -0.235505
v 0.113061 1.520228 -0.235505
v 0.096103 1.471306 -0.325321
v 0.111911 1.544545 -0.347947
v 0.113061 1.520228 -0.235505
v 0.111911 1.544545 -0.347947
v 0.128134 1.587945 -0.256551
v 0.111911 1.544545 -0.347947
v 0.088617 1.508959 -0.428669
v 0.072809 1.586104 -0.443538
v 0.111911 1.544545 -0.347947
v 0.072809 1.586104 -0.443538
v 0.096103 1.619833 -0.362353
v 0.096103 1.619833 -0.362353
v 0.072809 1.586104 -0.443538
v 0.027791 1.653553 -0.447923
v 0.096103 1.619833 -0.362353
v 0.027791 1.653553 -0.447923
v 0.051085 1.685708 -0.366346
v 0.051085 1.685708 -0.366346
v 0.027791 1.653553 -0.447923
v -0.039583 1.701039 -0.441157
v 0.051085 1.685708 -0.366346
v -0.039583 1.701039 -0.441157
v -0.016290 1.732142 -0.359318
v -0.016290 1.732142 -0.359318
v -0.039583 1.701039 -0.441157
v -0.119057 1.721332 -0.424270
v -0.016290 1.732142 -0.359318
v -0.119057 1.721332 -0.424270
v -0.095763 1.752066 -0.342338
v -0.095763 1.752066 -0.342338
v -0.119057 1.721332 -0.424270
v -0.198530 1.711342 -0.399833
v -0.095763 1.752066 -0.342338
v -0.198530 1.711342 -0.399833
v -0.175236 1.742446 -0.317993
v -0.175236 1.742446 -0.317993
v -0.198530 1.711342 -0.399833
v -0.265904 1.672591 -0.371565
v -0.175236 1.742446 -0.317993
v -0.265904 1.672591 -0.371565
v -0.242611 1.704746 -0.289988
v -0.242611 1.704746 -0.289988
v -0.265904 1.672591 -0.371565
v -0.310923 1.610978 -0.343772
v -0.242611 1.704746 -0.289988
v -0.310923 1.610978 -0.343772
v -0.287629 1.644707 -0.262587
v -0.287629 1.644707 -0.262587
v -0.310923 1.610978 -0.343772
v -0.326731 1.535883 -0.320683
v -0.287629 1.644707 -0.262587
v -0.326731 1.535883 -0.320683
v -0.303437 1.571469 -0.239961
v -0.303437 1.571469 -0.239961
v -0.326731 1.535883 -0.320683
v -0.310923 1.458739 -0.305814
v -0.303437 1.571469 -0.239961
v -0.310923 1.458739 -0.305814
v -0.287629 1.496181 -0.225555
v -0.287629 1.496181 -0.225555
v -0.310923 1.458739 -0.305814
v -0.265904 1.391289 -0.301429
v -0.287629 1.496181 -0.225555
v -0.265904 1.391289 -0.301429
v -0.242611 1.430305 -0.221562
v -0.242611 1.430305 -0.221562
v -0.265904 1.391289 -0.301429
v -0.198530 1.343803 -0.308195
v -0.242611 1.430305 -0.221562
v -0.198530 1.343803 -0.308195
v -0.175236 1.383871 -0.228590
v -0.175236 1.383871 -0.228590
v -0.198530 1.343803 -0.308195
v -0.119057 1.323511 -0.325082
v -0.175236 1.383871 -0.228590
v -0.119057 1.323511 -0.325082
v -0.095763 1.363948 -0.245570
v -0.095763 1.363948 -0.245570
v -0.119057 1.323511 -0.325082
v -0.039583 1.333500 -0.349520
v -0.095763 1.363948 -0.245570
v -0.039583 1.333500 -0.349520
v -0.016290 1.373568 -0.269915
v -0.016290 1.373568 -0.269915
v -0.039583 1.333500 -0.349520
v 0.027791 1.372251 -0.377787
v -0.016290 1.373568 -0.269915
v 0.027791 1.372251 -0.377787
v 0.051085 1.411267 -0.297920
v 0.051085 1.411267 -0.297920
v 0.027791 1.372251 -0.377787
v 0.072809 1.433864 -0.405580
v 0.051085 1.411267 -0.297920
v 0.072809 1.433864 -0.405580
v 0.096103 1.471306 -0.325321
v 0.096103 1.471306 -0.325321
v 0.072809 1.433864 -0.405580
v 0.088617 1.508959 -0.428669
v 0.096103 1.471306 -0.325321
v 0.088617 1.508959 -0.428669
v 0.111911 1.544545 -0.347947
v 0.088617 1.508959 -0.428669
v 0.054116 1.496326 -0.458671
v 0.040146 1.567782 -0.472629
v 0.088617 1.508959 -0.428669
v 0.040146 1.567782 -0.472629
v 0.072809 1.586104 -0.443538
v 0.072809 1.586104 -0.443538
v 0.040146 1.567782 -0.472629
v 0.000363 1.630170 -0.477198
v 0.072809 1.586104 -0.443538
v 0.000363 1.630170 -0.477198
v 0.027791 1.653553 -0.447923
v 0.027791 1.653553 -0.447923
v 0.000363 1.630170 -0.477198
v -0.059177 1.673993 -0.471682
v 0.027791 1.653553 -0.447923
v -0.059177 1.673993 -0.471682
v -0.039583 1.701039 -0.441157
v -0.039583 1.701039 -0.441157
v -0.059177 1.673993 -0.471682
v -0.129410 1.692579 -0.456921
v -0.039583 1.701039 -0.441157
v -0.129410 1.692579 -0.456921
v -0.119057 1.721332 -0.424270
v -0.119057 1.721332 -0.424270
v -0.129410 1.692579 -0.456921
v -0.199642 1.683098 -0.435162
v -0.119057 1.721332 -0.424270
v -0.199642 1.683098 -0.435162
v -0.198530 1.711342 -0.399833
v -0.198530 1.711342 -0.399833
v -0.199642 1.683098 -0.435162
v -0.259182 1.646994 -0.409719
v -0.198530 1.711342 -0.399833
v -0.259182 1.646994 -0.409719
v -0.265904 1.672591 -0.371565
v -0.265904 1.672591 -0.371565
v -0.259182 1.646994 -0.409719
v -0.298965 1.589764 -0.384463
v -0.265904 1.672591 -0.371565
v -0.298965 1.589764 -0.384463
v -0.310923 1.610978 -0.343772
v -0.310923 1.610978 -0.343772
v -0.298965 1.589764 -0.384463
v -0.312935 1.520119 -0.363241
v -0.310923 1.610978 -0.343772
v -0.312935 1.520119 -0.363241
v -0.326731 1.535883 -0.320683
v -0.326731 1.535883 -0.320683
v -0.312935 1.520119 -0.363241
v -0.298965 1.448664 -0.349283
v -0.326731 1.535883 -0.320683
v -0.298965 1.448664 -0.349283
v -0.310923 1.458739 -0.305814
v -0.310923 1.458739 -0.305814
v -0.298965 1.448664 -0.349283
v -0.259182 1.386275 -0.344714
v -0.310923 1.458739 -0.305814
v -0.259182 1.386275 -0.344714
v -0.265904 1.391289 -0.301429
v -0.265904 1.391289 -0.301429
v -0.259182 1.386275 -0.344714
v -0.199642 1.342452 -0.350230
v -0.265904 1.391289 -0.301429
v -0.199642 1.342452 -0.350230
v -0.198530 1.343803 -0.308195
v -0.198530 1.343803 -0.308195
v -0.199642 1.342452 -0.350230
v -0.129410 1.323866 -0.364991
v -0.198530 1.343803 -0.308195
v -0.129410 1.323866 -0.364991
v -0.119057 1.323511 -0.325082
v -0.119057 1.323511 -0.325082
v -0.129410 1.323866 -0.364991
v -0.059177 1.333347 -0.386749
v -0.119057 1.323511 -0.325082
v -0.059177 1.333347 -0.386749
v -0.039583 1.333500 -0.349520
v -0.039583 1.333500 -0.349520
v -0.059177 1.333347 -0.386749
v 0.000363 1.369451 -0.412193
v -0.039583 1.333500 -0.349520
v 0.000363 1.369451 -0.412193
v 0.027791 1.372251 -0.377787
v 0.027791 1.372251 -0.377787
v 0.000363 1.369451 -0.412193
v 0.040146 1.426681 -0.437449
v 0.027791 1.372251 -0.377787
v 0.040146 1.426681 -0.437449
v 0.072809 1.433864 -0.405580
v 0.072809 1.433864 -0.405580
v 0.040146 1.426681 -0.437449
v 0.054116 1.496326 -0.458671
v 0.072809 1.433864 -0.405580
v 0.054116 1.496326 -0.458671
v 0.088617 1.508959 -0.428669
v 0.000000 1.722091 0.033469
v 0.053126 1.718648 0.019657
v 0.049082 1.741189 0.015153
v 0.000000 1.722091 0.033469
v 0.049082 1.741189 0.015153
v 0.037566 1.760823 0.013438
v 0.000000 1.722091 0.033469
v 0.037566 1.760823 0.013438
v 0.020330 1.774560 0.014773
v 0.000000 1.722091 0.033469
v 0.020330 1.774560 0.014773
v 0.000000 1.780309 0.018954
v 0.000000 1.722091 0.033469
v 0.000000 1.780309 0.018954
v -0.020330 1.777196 0.025344
v 0.000000 1.722091 0.033469
v -0.020330 1.777196 0.025344
v -0.037566 1.765693 0.032972
v 0.000000 1.722091 0.033469
v -0.037566 1.765693 0.032972
v -0.049082 1.747552 0.040675
v 0.000000 1.722091 0.033469
v -0.049082 1.747552 0.040675
v -0.053126 1.725535 0.047281
v 0.000000 1.722091 0.033469
v -0.053126 1.725535 0.047281
v -0.049082 1.702994 0.051784
v 0.000000 1.722091 0.033469
v -0.049082 1.702994 0.051784
v -0.037566 1.683360 0.053499
v 0.000000 1.722091 0.033469
v -0.037566 1.683360 0.053499
v -0.020330 1.669623 0.052165
v 0.000000 1.722091 0.033469
v -0.020330 1.669623 0.052165
v -0.000000 1.663874 0.047984
v 0.000000 1.722091 0.033469
v -0.000000 1.663874 0.047984
v 0.020330 1.666987 0.041594
v 0.000000 1.722091 0.033469
v 0.020330 1.666987 0.041594
v 0.037566 1.678490 0.033966
v 0.000000 1.722091 0.033469
v 0.037566 1.678490 0.033966
v 0.049082 1.696631 0.026263
v 0.000000 1.722091 0.033469
v 0.049082 1.696631 0.026263
v 0.053126 1.718648 0.019657
v 0.054116 1.496326 -0.458671
v 0.003925 1.507093 -0.415486
v -0.005633 1.555984 -0.425036
v 0.054116 1.496326 -0.458671
v -0.005633 1.555984 -0.425036
v 0.040146 1.567782 -0.472629
v 0.040146 1.567782 -0.472629
v -0.005633 1.555984 -0.425036
v -0.032853 1.598671 -0.428162
v 0.040146 1.567782 -0.472629
v -0.032853 1.598671 -0.428162
v 0.000363 1.630170 -0.477198
v 0.000363 1.630170 -0.477198
v -0.032853 1.598671 -0.428162
v -0.073591 1.628655 -0.424388
v 0.000363 1.630170 -0.477198
v -0.073591 1.628655 -0.424388
v -0.059177 1.673993 -0.471682
v -0.059177 1.673993 -0.471682
v -0.073591 1.628655 -0.424388
v -0.121645 1.641371 -0.414289
v -0.059177 1.673993 -0.471682
v -0.121645 1.641371 -0.414289
v -0.129410 1.692579 -0.456921
v -0.129410 1.692579 -0.456921
v -0.121645 1.641371 -0.414289
v -0.169699 1.634885 -0.399401
v -0.129410 1.692579 -0.456921
v -0.169699 1.634885 -0.399401
v -0.199642 1.683098 -0.435162
v -0.199642 1.683098 -0.435162
v -0.169699 1.634885 -0.399401
v -0.210437 1.610182 -0.381992
v -0.199642 1.683098 -0.435162
v -0.210437 1.610182 -0.381992
v -0.259182 1.646994 -0.409719
v -0.259182 1.646994 -0.409719
v -0.210437 1.610182 -0.381992
v -0.237657 1.571024 -0.364712
v -0.259182 1.646994 -0.409719
v -0.237657 1.571024 -0.364712
v -0.298965 1.589764 -0.384463
v -0.298965 1.589764 -0.384463
v -0.237657 1.571024 -0.364712
v -0.247215 1.523373 -0.350192
v -0.298965 1.589764 -0.384463
v -0.247215 1.523373 -0.350192
v -0.312935 1.520119 -0.363241
v -0.312935 1.520119 -0.363241
v -0.247215 1.523373 -0.350192
v -0.237657 1.474482 -0.340642
v -0.312935 1.520119 -0.363241
v -0.237657 1.474482 -0.340642
v -0.298965 1.448664 -0.349283
v -0.298965 1.448664 -0.349283
v -0.237657 1.474482 -0.340642
v -0.210437 1.431795 -0.337515
v -0.298965 1.448664 -0.349283
v -0.210437 1.431795 -0.337515
v -0.259182 1.386275 -0.344714
v -0.259182 1.386275 -0.344714
v -0.210437 1.431795 -0.337515
v -0.169699 1.401811 -0.341289
v -0.259182 1.386275 -0.344714
v -0.169699 1.401811 -0.341289
v -0.199642 1.342452 -0.350230
v -0.199642 1.342452 -0.350230
v -0.169699 1.401811 -0.341289
v -0.121645 1.389094 -0.351389
v -0.199642 1.342452 -0.350230
v -0.121645 1.389094 -0.351389
v -0.129410 1.323866 -0.364991
v -0.129410 1.323866 -0.364991
v -0.121645 1.389094 -0.351389
v -0.073591 1.395581 -0.366276
v -0.129410 1.323866 -0.364991
v -0.073591 1.395581 -0.366276
v -0.059177 1.333347 -0.386749
v -0.059177 1.333347 -0.386749
v -0.073591 1.395581 -0.366276
v -0.032853 1.420284 -0.383685
v -0.059177 1.333347 -0.386749
v -0.032853 1.420284 -0.383685
v 0.000363 1.369451 -0.412193
v 0.000363 1.369451 -0.412193
v -0.032853 1.420284 -0.383685
v -0.005633 1.459442 -0.400965
v 0.000363 1.369451 -0.412193
v -0.005633 1.459442 -0.400965
v 0.040146 1.426681 -0.437449
v 0.040146 1.426681 -0.437449
v -0.005633 1.459442 -0.400965
v 0.003925 1.507093 -0.415486
v 0.040146 1.426681 -0.437449
v 0.003925 1.507093 -0.415486
v 0.054116 1.496326 -0.458671
v -0.121645 1.515233 -0.382839
v -0.005633 1.555984 -0.425036
v 0.003925 1.507093 -0.415486
v -0.121645 1.515233 -0.382839
v -0.032853 1.598671 -0.428162
v -0.005633 1.555984 -0.425036
v -0.121645 1.515233 -0.382839
v -0.073591 1.628655 -0.424388
v -0.032853 1.598671 -0.428162
v -0.121645 1.515233 -0.382839
v -0.121645 1.641371 -0.414289
v -0.073591 1.628655 -0.424388
v -0.121645 1.515233 -0.382839
v -0.169699 1.634885 -0.399401
v -0.121645 1.641371 -0.414289
v -0.121645 1.515233 -0.382839
v -0.210437 1.610182 -0.381992
v -0.169699 1.634885 -0.399401
v -0.121645 1.515233 -0.382839
v -0.237657 1.571024 -0.364712
v -0.210437 1.610182 -0.381992
v -0.121645 1.515233 -0.382839
v -0.247215 1.523373 -0.350192
v -0.237657 1.571024 -0.364712
v -0.121645 1.515233 -0.382839
v -0.237657 1.474482 -0.340642
v -0.247215 1.523373 -0.350192
v -0.121645 1.515233 -0.382839
v -0.210437 1.431795 -0.337515
v -0.237657 1.474482 -0.340642
v -0.121645 1.515233 -0.382839
v -0.169699 1.401811 -0.341289
v -0.210437 1.431795 -0.337515
v -0.121645 1.515233 -0.382839
v -0.121645 1.389094 -0.351389
v -0.169699 1.401811 -0.341289
v -0.121645 1.515233 -0.382839
v -0.073591 1.395581 -0.366276
v -0.121645 1.389094 -0.351389
v -0.121645 1.515233 -0.382839
v -0.032853 1.420284 -0.383685
v -0.073591 1.395581 -0.366276
v -0.121645 1.515233 -0.382839
v -0.005633 1.459442 -0.400965
v -0.032853 1.420284 -0.383685
v -0.121645 1.515233 -0.382839
v 0.003925 1.507093 -0.415486
v -0.005633 1.459442 -0.400965
v -0.167353 1.520700 -0.360910
v -0.158129 1.548619 -0.370418
v -0.164600 1.542777 -0.393849
v -0.167353 1.520700 -0.360910
v -0.164600 1.542777 -0.393849
v -0.173824 1.514858 -0.384341
v -0.158129 1.548619 -0.370418
v -0.133981 1.564677 -0.381090
v -0.140452 1.558836 -0.404521
v -0.158129 1.548619 -0.370418
v -0.140452 1.558836 -0.404521
v -0.164600 1.542777 -0.393849
v -0.133981 1.564677 -0.381090
v -0.104132 1.562743 -0.388851
v -0.110603 1.556901 -0.412282
v -0.133981 1.564677 -0.381090
v -0.110603 1.556901 -0.412282
v -0.140452 1.558836 -0.404521
v -0.104132 1.562743 -0.388851
v -0.079984 1.543553 -0.390735
v -0.086455 1.537711 -0.414166
v -0.104132 1.562743 -0.388851
v -0.086455 1.537711 -0.414166
v -0.110603 1.556901 -0.412282
v -0.079984 1.543553 -0.390735
v -0.070760 1.514439 -0.386023
v -0.077231 1.508597 -0.409454
v -0.079984 1.543553 -0.390735
v -0.077231 1.508597 -0.409454
v -0.086455 1.537711 -0.414166
v -0.070760 1.514439 -0.386023
v -0.079984 1.486521 -0.376515
v -0.086455 1.480679 -0.399946
v -0.070760 1.514439 -0.386023
v -0.086455 1.480679 -0.399946
v -0.077231 1.508597 -0.409454
v -0.079984 1.486521 -0.376515
v -0.104132 1.470462 -0.365843
v -0.110603 1.464620 -0.389273
v -0.079984 1.486521 -0.376515
v -0.110603 1.464620 -0.389273
v -0.086455 1.480679 -0.399946
v -0.104132 1.470462 -0.365843
v -0.133981 1.472397 -0.358082
v -0.140452 1.466555 -0.381513
v -0.104132 1.470462 -0.365843
v -0.140452 1.466555 -0.381513
v -0.110603 1.464620 -0.389273
v -0.133981 1.472397 -0.358082
v -0.158129 1.491586 -0.356198
v -0.164600 1.485744 -0.379629
v -0.133981 1.472397 -0.358082
v -0.164600 1.485744 -0.379629
v -0.140452 1.466555 -0.381513
v -0.158129 1.491586 -0.356198
v -0.167353 1.520700 -0.360910
v -0.173824 1.514858 -0.384341
v -0.158129 1.491586 -0.356198
v -0.173824 1.514858 -0.384341
v -0.164600 1.485744 -0.379629
v -0.173824 1.514858 -0.384341
v -0.164600 1.542777 -0.393849
v -0.171070 1.536935 -0.417280
v -0.173824 1.514858 -0.384341
v -0.171070 1.536935 -0.417280
v -0.180294 1.509016 -0.407772
v -0.164600 1.542777 -0.393849
v -0.140452 1.558836 -0.404521
v -0.146922 1.552994 -0.427952
v -0.164600 1.542777 -0.393849
v -0.146922 1.552994 -0.427952
v -0.171070 1.536935 -0.417280
v -0.140452 1.558836 -0.404521
v -0.110603 1.556901 -0.412282
v -0.117073 1.551059 -0.435712
v -0.140452 1.558836 -0.404521
v -0.117073 1.551059 -0.435712
v -0.146922 1.552994 -0.427952
v -0.110603 1.556901 -0.412282
v -0.086455 1.537711 -0.414166
v -0.092925 1.531869 -0.437597
v -0.110603 1.556901 -0.412282
v -0.092925 1.531869 -0.437597
v -0.117073 1.551059 -0.435712
v -0.086455 1.537711 -0.414166
v -0.077231 1.508597 -0.409454
v -0.083701 1.502755 -0.432885
v -0.086455 1.537711 -0.414166
v -0.083701 1.502755 -0.432885
v -0.092925 1.531869 -0.437597
v -0.077231 1.508597 -0.409454
v -0.086455 1.480679 -0.399946
v -0.092925 1.474837 -0.423377
v -0.077231 1.508597 -0.409454
v -0.092925 1.474837 -0.423377
v -0.083701 1.502755 -0.432885
v -0.086455 1.480679 -0.399946
v -0.110603 1.464620 -0.389273
v -0.117073 1.458778 -0.412704
v -0.086455 1.480679 -0.399946
v -0.117073 1.458778 -0.412704
v -0.092925 1.474837 -0.423377
v -0.110603 1.464620 -0.389273
v -0.140452 1.466555 -0.381513
v -0.146922 1.460713 -0.404944
v -0.110603 1.464620 -0.389273
v -0.146922 1.460713 -0.404944
v -0.117073 1.458778 -0.412704
v -0.140452 1.466555 -0.381513
v -0.164600 1.485744 -0.379629
v -0.171070 1.479902 -0.403060
v -0.140452 1.466555 -0.381513
v -0.171070 1.479902 -0.403060
v -0.146922 1.460713 -0.404944
v -0.164600 1.485744 -0.379629
v -0.173824 1.514858 -0.384341
v -0.180294 1.509016 -0.407772
v -0.164600 1.485744 -0.379629
v -0.180294 1.509016 -0.407772
v -0.171070 1.479902 -0.403060
v -0.119057 1.517570 -0.373466
v -0.158129 1.548619 -0.370418
v -0.167353 1.520700 -0.360910
v -0.119057 1.517570 -0.373466
v -0.133981 1.564677 -0.381090
v -0.158129 1.548619 -0.370418
v -0.119057 1.517570 -0.373466
v -0.104132 1.562743 -0.388851
v -0.133981 1.564677 -0.381090
v -0.119057 1.517570 -0.373466
v -0.079984 1.543553 -0.390735
v -0.104132 1.562743 -0.388851
v -0.119057 1.517570 -0.373466
v -0.070760 1.514439 -0.386023
v -0.079984 1.543553 -0.390735
v -0.119057 1.517570 -0.373466
v -0.079984 1.486521 -0.376515
v -0.070760 1.514439 -0.386023
v -0.119057 1.517570 -0.373466
v -0.104132 1.470462 -0.365843
v -0.079984 1.486521 -0.376515
v -0.119057 1.517570 -0.373466
v -0.133981 1.472397 -0.358082
v -0.104132 1.470462 -0.365843
v -0.119057 1.517570 -0.373466
v -0.158129 1.491586 -0.356198
v -0.133981 1.472397 -0.358082
v -0.119057 1.517570 -0.373466
v -0.167353 1.520700 -0.360910
v -0.158129 1.491586 -0.356198
v -0.131998 1.505886 -0.420328
v -0.180294 1.509016 -0.407772
v -0.171070 1.536935 -0.417280
v -0.131998 1.505886 -0.420328
v -0.171070 1.536935 -0.417280
v -0.146922 1.552994 -0.427952
v -0.131998 1.505886 -0.420328
v -0.146922 1.552994 -0.427952
v -0.117073 1.551059 -0.435712
v -0.131998 1.505886 -0.420328
v -0.117073 1.551059 -0.435712
v -0.092925 1.531869 -0.437597
v -0.131998 1.505886 -0.420328
v -0.092925 1.531869 -0.437597
v -0.083701 1.502755 -0.432885
v -0.131998 1.505886 -0.420328
v -0.083701 1.502755 -0.432885
v -0.092925 1.474837 -0.423377
v -0.131998 1.505886 -0.420328
v -0.092925 1.474837 -0.423377
v -0.117073 1.458778 -0.412704
v -0.131998 1.505886 -0.420328
v -0.117073 1.458778 -0.412704
v -0.146922 1.460713 -0.404944
v -0.131998 1.505886 -0.420328
v -0.146922 1.460713 -0.404944
v -0.171070 1.479902 -0.403060
v -0.131998 1.505886 -0.420328
v -0.171070 1.479902 -0.403060
v -0.180294 1.509016 -0.407772
v -0.110000 1.587240 0.254678
v -0.110000 1.587240 0.014678
v 0.110000 1.587240 0.014678
v -0.110000 1.587240 0.254678
v 0.110000 1.587240 0.014678
v 0.110000 1.587240 0.254678
v -0.110000 1.627240 0.014678
v -0.110000 1.627240 0.254678
v 0.110000 1.627240 0.254678
v -0.110000 1.627240 0.014678
v 0.110000 1.627240 0.254678
v 0.110000 1.627240 0.014678
v -0.110000 1.587240 0.014678
v -0.110000 1.627240 0.014678
v 0.110000 1.627240 0.014678
v -0.110000 1.587240 0.014678
v 0.110000 1.627240 0.014678
v 0.110000 1.587240 0.014678
v 0.110000 1.587240 0.254678
v 0.110000 1.627240 0.254678
v -0.110000 1.627240 0.254678
v 0.110000 1.587240 0.254678
v -0.110000 1.627240 0.254678
v -0.110000 1.587240 0.254678
v 0.110000 1.587240 0.014678
v 0.110000 1.627240 0.014678
v 0.110000 1.627240 0.254678
v 0.110000 1.587240 0.014678
v 0.110000 1.627240 0.254678
v 0.110000 1.587240 0.254678
v -0.110000 1.587240 0.254678
v -0.110000 1.627240 0.254678
v -0.110000 1.627240 0.014678
v -0.110000 1.587240 0.254678
v -0.110000 1.627240 0.014678
v -0.110000 1.587240 0.014678
v -0.110000 1.807240 0.254678
v -0.110000 1.807240 0.014678
v 0.110000 1.807240 0.014678
v -0.110000 1.807240 0.254678
v 0.110000 1.807240 0.014678
v 0.110000 1.807240 0.254678
v -0.110000 1.847240 0.014678
v -0.110000 1.847240 0.254678
v 0.110000 1.847240 0.254678
v -0.110000 1.847240 0.014678
v 0.110000 1.847240 0.254678
v 0.110000 1.847240 0.014678
v -0.110000 1.807240 0.014678
v -0.110000 1.847240 0.014678
v 0.110000 1.847240 0.014678
v -0.110000 1.807240 0.014678
v 0.110000 1.847240 0.014678
v 0.110000 1.807240 0.014678
v 0.110000 1.807240 0.254678
v 0.110000 1.847240 0.254678
v -0.110000 1.847240 0.254678
v 0.110000 1.807240 0.254678
v -0.110000 1.847240 0.254678
v -0.110000 1.807240 0.254678
v 0.110000 1.807240 0.014678
v 0.110000 1.847240 0.014678
v 0.110000 1.847240 0.254678
v 0.110000 1.807240 0.014678
v 0.110000 1.847240 0.254678
v 0.110000 1.807240 0.254678
v -0.110000 1.807240 0.254678
v -0.110000 1.847240 0.254678
v -0.110000 1.847240 0.014678
v -0.110000 1.807240 0.254678
v -0.110000 1.847240 0.014678
v -0.110000 1.807240 0.014678
v -0.060000 1.587240 0.114678
v -0.060000 1.587240 0.014678
v 0.060000 1.587240 0.014678
v -0.060000 1.587240 0.114678
v 0.060000 1.587240 0.014678
v 0.060000 1.587240 0.114678
v -0.060000 1.847240 0.014678
v -0.060000 1.847240 0.114678
v 0.060000 1.847240 0.114678
v -0.060000 1.847240 0.014678
v 0.060000 1.847240 0.114678
v 0.060000 1.847240 0.014678
v -0.060000 1.587240 0.014678
v -0.060000 1.847240 0.014678
v 0.060000 1.847240 0.014678
v -0.060000 1.587240 0.014678
v 0.060000 1.847240 0.014678
v 0.060000 1.587240 0.014678
v 0.060000 1.587240 0.114678
v 0.060000 1.847240 0.114678
v -0.060000 1.847240 0.114678
v 0.060000 1.587240 0.114678
v -0.060000 1.847240 0.114678
v -0.060000 1.587240 0.114678
v 0.060000 1.587240 0.014678
v 0.060000 1.847240 0.014678
v 0.060000 1.847240 0.114678
v 0.060000 1.587240 0.014678
v 0.060000 1.847240 0.114678
v 0.060000 1.587240 0.114678
v -0.060000 1.587240 0.114678
v -0.060000 1.847240 0.114678
v -0.060000 1.847240 0.014678
v -0.060000 1.587240 0.114678
v -0.060000 1.847240 0.014678
v -0.060000 1.587240 0.014678
v -0.050000 1.667240 0.034678
v -0.050000 1.667240 -0.025322
v 0.050000 1.667240 -0.025322
v -0.050000 1.667240 0.034678
v 0.050000 1.667240 -0.025322
v 0.050000 1.667240 0.034678
v -0.050000 1.767240 -0.025322
v -0.050000 1.767240 0.034678
v 0.050000 1.767240 0.034678
v -0.050000 1.767240 -0.025322
v 0.050000 1.767240 0.034678
v 0.050000 1.767240 -0.025322
v -0.050000 1.667240 -0.025322
v -0.050000 1.767240 -0.025322
v 0.050000 1.767240 -0.025322
v -0.050000 1.667240 -0.025322
v 0.050000 1.767240 -0.025322
v 0.050000 1.667240 -0.025322
v 0.050000 1.667240 0.034678
v 0.050000 1.767240 0.034678
v -0.050000 1.767240 0.034678
v 0.050000 1.667240 0.034678
v -0.050000 1.767240 0.034678
v -0.050000 1.667240 0.034678
v 0.050000 1.667240 -0.025322
v 0.050000 1.767240 -0.025322
v 0.050000 1.767240 0.034678
v 0.050000 1.667240 -0.025322
v 0.050000 1.767240 0.034678
v 0.050000 1.667240 0.034678
v -0.050000 1.667240 0.034678
v -0.050000 1.767240 0.034678
v -0.050000 1.767240 -0.025322
v -0.050000 1.667240 0.034678
v -0.050000 1.767240 -0.025322
v -0.050000 1.667240 -0.025322
v -0.520000 2.663101 -0.407841
v -0.520000 2.977760 0.456676
v 0.520000 2.977760 0.456676
v -0.520000 2.663101 -0.407841
v 0.520000 2.977760 0.456676
v 0.520000 2.663101 -0.407841
v -0.520000 2.606720 -0.387320
v 0.520000 2.606720 -0.387320
v 0.520000 2.921378 0.477198
v -0.520000 2.606720 -0.387320
v 0.520000 2.921378 0.477198
v -0.520000 2.921378 0.477198
v -0.520000 2.921378 0.477198
v 0.520000 2.921378 0.477198
v 0.520000 2.977760 0.456676
v -0.520000 2.921378 0.477198
v 0.520000 2.977760 0.456676
v -0.520000 2.977760 0.456676
v -0.520000 2.606720 -0.387320
v -0.520000 2.663101 -0.407841
v 0.520000 2.663101 -0.407841
v -0.520000 2.606720 -0.387320
v 0.520000 2.663101 -0.407841
v 0.520000 2.606720 -0.387320
v 0.520000 2.606720 -0.387320
v 0.520000 2.663101 -0.407841
v 0.520000 2.977760 0.456676
v 0.520000 2.606720 -0.387320
v 0.520000 2.977760 0.456676
v 0.520000 2.921378 0.477198
v -0.520000 2.606720 -0.387320
v -0.520000 2.921378 0.477198
v -0.520000 2.977760 0.456676
v -0.520000 2.606720 -0.387320
v -0.520000 2.977760 0.456676
v -0.520000 2.663101 -0.407841
v 0.000000 2.566313 0.157421
v 0.031820 2.562191 0.144902
v 0.031820 2.632794 0.121656
v 0.000000 2.566313 0.157421
v 0.031820 2.632794 0.121656
v 0.000000 2.636916 0.134175
v 0.031820 2.562191 0.144902
v 0.045000 2.552240 0.114678
v 0.045000 2.622843 0.091432
v 0.031820 2.562191 0.144902
v 0.045000 2.622843 0.091432
v 0.031820 2.632794 0.121656
v 0.045000 2.552240 0.114678
v 0.031820 2.542289 0.084455
v 0.031820 2.612892 0.061208
v 0.045000 2.552240 0.114678
v 0.031820 2.612892 0.061208
v 0.045000 2.622843 0.091432
v 0.031820 2.542289 0.084455
v 0.000000 2.538167 0.071936
v 0.000000 2.608770 0.048689
v 0.031820 2.542289 0.084455
v 0.000000 2.608770 0.048689
v 0.031820 2.612892 0.061208
v 0.000000 2.538167 0.071936
v -0.031820 2.542289 0.084455
v -0.031820 2.612892 0.061208
v 0.000000 2.538167 0.071936
v -0.031820 2.612892 0.061208
v 0.000000 2.608770 0.048689
v -0.031820 2.542289 0.084455
v -0.045000 2.552240 0.114678
v -0.045000 2.622843 0.091432
v -0.031820 2.542289 0.084455
v -0.045000 2.622843 0.091432
v -0.031820 2.612892 0.061208
v -0.045000 2.552240 0.114678
v -0.031820 2.562191 0.144902
v -0.031820 2.632794 0.121656
v -0.045000 2.552240 0.114678
v -0.031820 2.632794 0.121656
v -0.045000 2.622843 0.091432
v -0.031820 2.562191 0.144902
v 0.000000 2.566313 0.157421
v 0.000000 2.636916 0.134175
v -0.031820 2.562191 0.144902
v 0.000000 2.636916 0.134175
v -0.031820 2.632794 0.121656
v 0.000000 2.636916 0.134175
v 0.031820 2.632794 0.121656
v 0.031820 2.703397 0.098409
v 0.000000 2.636916 0.134175
v 0.031820 2.703397 0.098409
v 0.000000 2.707519 0.110928
v 0.031820 2.632794 0.121656
v 0.045000 2.622843 0.091432
v 0.045000 2.693446 0.068186
v 0.031820 2.632794 0.121656
v 0.045000 2.693446 0.068186
v 0.031820 2.703397 0.098409
v 0.045000 2.622843 0.091432
v 0.031820 2.612892 0.061208
v 0.031820 2.683495 0.037962
v 0.045000 2.622843 0.091432
v 0.031820 2.683495 0.037962
v 0.045000 2.693446 0.068186
v 0.031820 2.612892 0.061208
v 0.000000 2.608770 0.048689
v 0.000000 2.679373 0.025443
v 0.031820 2.612892 0.061208
v 0.000000 2.679373 0.025443
v 0.031820 2.683495 0.037962
v 0.000000 2.608770 0.048689
v -0.031820 2.612892 0.061208
v -0.031820 2.683495 0.037962
v 0.000000 2.608770 0.048689
v -0.031820 2.683495 0.037962
v 0.000000 2.679373 0.025443
v -0.031820 2.612892 0.061208
v -0.045000 2.622843 0.091432
v -0.045000 2.693446 0.068186
v -0.031820 2.612892 0.061208
v -0.045000 2.693446 0.068186
v -0.031820 2.683495 0.037962
v -0.045000 2.622843 0.091432
v -0.031820 2.632794 0.121656
v -0.031820 2.703397 0.098409
v -0.045000 2.622843 0.091432
v -0.031820 2.703397 0.098409
v -0.045000 2.693446 0.068186
v -0.031820 2.632794 0.121656
v 0.000000 2.636916 0.134175
v 0.000000 2.707519 0.110928
v -0.031820 2.632794 0.121656
v 0.000000 2.707519 0.110928
v -0.031820 2.703397 0.098409
v 0.000000 2.707519 0.110928
v 0.031820 2.703397 0.098409
v 0.031820 2.774001 0.075163
v 0.000000 2.707519 0.110928
v 0.031820 2.774001 0.075163
v 0.000000 2.778122 0.087682
v 0.031820 2.703397 0.098409
v 0.045000 2.693446 0.068186
v 0.045000 2.764049 0.044939
v 0.031820 2.703397 0.098409
v 0.045000 2.764049 0.044939
v 0.031820 2.774001 0.075163
v 0.045000 2.693446 0.068186
v 0.031820 2.683495 0.037962
v 0.031820 2.754098 0.014715
v 0.045000 2.693446 0.068186
v 0.031820 2.754098 0.014715
v 0.045000 2.764049 0.044939
v 0.031820 2.683495 0.037962
v 0.000000 2.679373 0.025443
v 0.000000 2.749976 0.002196
v 0.031820 2.683495 0.037962
v 0.000000 2.749976 0.002196
v 0.031820 2.754098 0.014715
v 0.000000 2.679373 0.025443
v -0.031820 2.683495 0.037962
v -0.031820 2.754098 0.014715
v 0.000000 2.679373 0.025443
v -0.031820 2.754098 0.014715
v 0.000000 2.749976 0.002196
v -0.031820 2.683495 0.037962
v -0.045000 2.693446 0.068186
v -0.045000 2.764049 0.044939
v -0.031820 2.683495 0.037962
v -0.045000 2.764049 0.044939
v -0.031820 2.754098 0.014715
v -0.045000 2.693446 0.068186
v -0.031820 2.703397 0.098409
v -0.031820 2.774001 0.075163
v -0.045000 2.693446 0.068186
v -0.031820 2.774001 0.075163
v -0.045000 2.764049 0.044939
v -0.031820 2.703397 0.098409
v 0.000000 2.707519 0.110928
v 0.000000 2.778122 0.087682
v -0.031820 2.703397 0.098409
v 0.000000 2.778122 0.087682
v -0.031820 2.774001 0.075163
v 0.000000 2.552240 0.114678
v 0.031820 2.562191 0.144902
v 0.000000 2.566313 0.157421
v 0.000000 2.552240 0.114678
v 0.045000 2.552240 0.114678
v 0.031820 2.562191 0.144902
v 0.000000 2.552240 0.114678
v 0.031820 2.542289 0.084455
v 0.045000 2.552240 0.114678
v 0.000000 2.552240 0.114678
v 0.000000 2.538167 0.071936
v 0.031820 2.542289 0.084455
v 0.000000 2.552240 0.114678
v -0.031820 2.542289 0.084455
v 0.000000 2.538167 0.071936
v 0.000000 2.552240 0.114678
v -0.045000 2.552240 0.114678
v -0.031820 2.542289 0.084455
v 0.000000 2.552240 0.114678
v -0.031820 2.562191 0.144902
v -0.045000 2.552240 0.114678
v 0.000000 2.552240 0.114678
v 0.000000 2.566313 0.157421
v -0.031820 2.562191 0.144902
v 0.000000 2.764049 0.044939
v 0.000000 2.778122 0.087682
v 0.031820 2.774001 0.075163
v 0.000000 2.764049 0.044939
v 0.031820 2.774001 0.075163
v 0.045000 2.764049 0.044939
v 0.000000 2.764049 0.044939
v 0.045000 2.764049 0.044939
v 0.031820 2.754098 0.014715
v 0.000000 2.764049 0.044939
v 0.031820 2.754098 0.014715
v 0.000000 2.749976 0.002196
v 0.000000 2.764049 0.044939
v 0.000000 2.749976 0.002196
v -0.031820 2.754098 0.014715
v 0.000000 2.764049 0.044939
v -0.031820 2.754098 0.014715
v -0.045000 2.764049 0.044939
v 0.000000 2.764049 0.044939
v -0.045000 2.764049 0.044939
v -0.031820 2.774001 0.075163
v 0.000000 2.764049 0.044939
v -0.031820 2.774001 0.075163
v 0.000000 2.778122 0.087682
v 0.000000 2.605309 -0.405264
v 0.015575 2.605368 -0.396241
v 0.011045 2.496809 -0.387703
v 0.000000 2.605309 -0.405264
v 0.011045 2.496809 -0.387703
v -0.004529 2.496749 -0.396726
v 0.015575 2.605368 -0.396241
v 0.015575 2.606780 -0.378296
v 0.011045 2.498234 -0.369759
v 0.015575 2.605368 -0.396241
v 0.011045 2.498234 -0.369759
v 0.011045 2.496809 -0.387703
v 0.015575 2.606780 -0.378296
v 0.000000 2.608131 -0.369375
v -0.004529 2.499599 -0.360839
v 0.015575 2.606780 -0.378296
v -0.004529 2.499599 -0.360839
v 0.011045 2.498234 -0.369759
v 0.000000 2.608131 -0.369375
v -0.015575 2.608071 -0.378398
v -0.020104 2.499539 -0.369863
v 0.000000 2.608131 -0.369375
v -0.020104 2.499539 -0.369863
v -0.004529 2.499599 -0.360839
v -0.015575 2.608071 -0.378398
v -0.015575 2.606660 -0.396343
v -0.020104 2.498114 -0.387806
v -0.015575 2.608071 -0.378398
v -0.020104 2.498114 -0.387806
v -0.020104 2.499539 -0.369863
v -0.015575 2.606660 -0.396343
v 0.000000 2.605309 -0.405264
v -0.004529 2.496749 -0.396726
v -0.015575 2.606660 -0.396343
v -0.004529 2.496749 -0.396726
v -0.020104 2.498114 -0.387806
v -0.004529 2.496749 -0.396726
v 0.011045 2.496809 -0.387703
v 0.006515 2.390322 -0.379161
v -0.004529 2.496749 -0.396726
v 0.006515 2.390322 -0.379161
v -0.009059 2.390260 -0.388186
v 0.011045 2.496809 -0.387703
v 0.011045 2.498234 -0.369759
v 0.006515 2.391789 -0.361221
v 0.011045 2.496809 -0.387703
v 0.006515 2.391789 -0.361221
v 0.006515 2.390322 -0.379161
v 0.011045 2.498234 -0.369759
v -0.004529 2.499599 -0.360839
v -0.009059 2.393194 -0.352306
v 0.011045 2.498234 -0.369759
v -0.009059 2.393194 -0.352306
v 0.006515 2.391789 -0.361221
v -0.004529 2.499599 -0.360839
v -0.020104 2.499539 -0.369863
v -0.024633 2.393132 -0.361331
v -0.004529 2.499599 -0.360839
v -0.024633 2.393132 -0.361331
v -0.009059 2.393194 -0.352306
v -0.020104 2.499539 -0.369863
v -0.020104 2.498114 -0.387806
v -0.024633 2.391665 -0.379271
v -0.020104 2.499539 -0.369863
v -0.024633 2.391665 -0.379271
v -0.024633 2.393132 -0.361331
v -0.020104 2.498114 -0.387806
v -0.004529 2.496749 -0.396726
v -0.009059 2.390260 -0.388186
v -0.020104 2.498114 -0.387806
v -0.009059 2.390260 -0.388186
v -0.024633 2.391665 -0.379271
v -0.009059 2.390260 -0.388186
v 0.006515 2.390322 -0.379161
v 0.001984 2.287923 -0.370615
v -0.009059 2.390260 -0.388186
v 0.001984 2.287923 -0.370615
v -0.013588 2.287857 -0.379643
v 0.006515 2.390322 -0.379161
v 0.006515 2.391789 -0.361221
v 0.001984 2.289464 -0.352681
v 0.006515 2.390322 -0.379161
v 0.001984 2.289464 -0.352681
v 0.001984 2.287923 -0.370615
v 0.006515 2.391789 -0.361221
v -0.009059 2.393194 -0.352306
v -0.013588 2.290939 -0.343775
v 0.006515 2.391789 -0.361221
v -0.013588 2.290939 -0.343775
v 0.001984 2.289464 -0.352681
v -0.009059 2.393194 -0.352306
v -0.024633 2.393132 -0.361331
v -0.029160 2.290873 -0.352803
v -0.009059 2.393194 -0.352306
v -0.029160 2.290873 -0.352803
v -0.013588 2.290939 -0.343775
v -0.024633 2.393132 -0.361331
v -0.024633 2.391665 -0.379271
v -0.029160 2.289332 -0.370736
v -0.024633 2.393132 -0.361331
v -0.029160 2.289332 -0.370736
v -0.029160 2.290873 -0.352803
v -0.024633 2.391665 -0.379271
v -0.009059 2.390260 -0.388186
v -0.013588 2.287857 -0.379643
v -0.024633 2.391665 -0.379271
v -0.013588 2.287857 -0.379643
v -0.029160 2.289332 -0.370736
v -0.013588 2.287857 -0.379643
v 0.001984 2.287923 -0.370615
v -0.002547 2.191465 -0.362064
v -0.013588 2.287857 -0.379643
v -0.002547 2.191465 -0.362064
v -0.018117 2.191394 -0.371096
v 0.001984 2.287923 -0.370615
v 0.001984 2.289464 -0.352681
v -0.002547 2.193118 -0.344140
v 0.001984 2.287923 -0.370615
v -0.002547 2.193118 -0.344140
v -0.002547 2.191465 -0.362064
v 0.001984 2.289464 -0.352681
v -0.013588 2.290939 -0.343775
v -0.018117 2.194700 -0.335248
v 0.001984 2.289464 -0.352681
v -0.018117 2.194700 -0.335248
v -0.002547 2.193118 -0.344140
v -0.013588 2.290939 -0.343775
v -0.029160 2.290873 -0.352803
v -0.033687 2.194629 -0.344280
v -0.013588 2.290939 -0.343775
v -0.033687 2.194629 -0.344280
v -0.018117 2.194700 -0.335248
v -0.029160 2.290873 -0.352803
v -0.029160 2.289332 -0.370736
v -0.033687 2.192976 -0.362204
v -0.029160 2.290873 -0.352803
v -0.033687 2.192976 -0.362204
v -0.033687 2.194629 -0.344280
v -0.029160 2.289332 -0.370736
v -0.013588 2.287857 -0.379643
v -0.018117 2.191394 -0.371096
v -0.029160 2.289332 -0.370736
v -0.018117 2.191394 -0.371096
v -0.033687 2.192976 -0.362204
v -0.018117 2.191394 -0.371096
v -0.002547 2.191465 -0.362064
v -0.007080 2.102569 -0.353505
v -0.018117 2.191394 -0.371096
v -0.007080 2.102569 -0.353505
v -0.022647 2.102491 -0.362544
v -0.002547 2.191465 -0.362064
v -0.002547 2.193118 -0.344140
v -0.007080 2.104384 -0.335597
v -0.002547 2.191465 -0.362064
v -0.007080 2.104384 -0.335597
v -0.007080 2.102569 -0.353505
v -0.002547 2.193118 -0.344140
v -0.018117 2.194700 -0.335248
v -0.022647 2.106119 -0.326727
v -0.002547 2.193118 -0.344140
v -0.022647 2.106119 -0.326727
v -0.007080 2.104384 -0.335597
v -0.018117 2.194700 -0.335248
v -0.033687 2.194629 -0.344280
v -0.038213 2.106040 -0.335765
v -0.018117 2.194700 -0.335248
v -0.038213 2.106040 -0.335765
v -0.022647 2.106119 -0.326727
v -0.033687 2.194629 -0.344280
v -0.033687 2.192976 -0.362204
v -0.038213 2.104226 -0.353673
v -0.033687 2.194629 -0.344280
v -0.038213 2.104226 -0.353673
v -0.038213 2.106040 -0.335765
v -0.033687 2.192976 -0.362204
v -0.018117 2.191394 -0.371096
v -0.022647 2.102491 -0.362544
v -0.033687 2.192976 -0.362204
v -0.022647 2.102491 -0.362544
v -0.038213 2.104226 -0.353673
v -0.022647 2.102491 -0.362544
v -0.007080 2.102569 -0.353505
v -0.011616 2.022559 -0.344934
v -0.022647 2.102491 -0.362544
v -0.011616 2.022559 -0.344934
v -0.027176 2.022469 -0.353982
v -0.007080 2.102569 -0.353505
v -0.007080 2.104384 -0.335597
v -0.011616 2.024600 -0.327050
v -0.007080 2.102569 -0.353505
v -0.011616 2.024600 -0.327050
v -0.011616 2.022559 -0.344934
v -0.007080 2.104384 -0.335597
v -0.022647 2.106119 -0.326727
v -0.027176 2.026550 -0.318214
v -0.007080 2.104384 -0.335597
v -0.027176 2.026550 -0.318214
v -0.011616 2.024600 -0.327050
v -0.022647 2.106119 -0.326727
v -0.038213 2.106040 -0.335765
v -0.042736 2.026459 -0.327262
v -0.022647 2.106119 -0.326727
v -0.042736 2.026459 -0.327262
v -0.027176 2.026550 -0.318214
v -0.038213 2.106040 -0.335765
v -0.038213 2.104226 -0.353673
v -0.042736 2.024419 -0.345146
v -0.038213 2.106040 -0.335765
v -0.042736 2.024419 -0.345146
v -0.042736 2.026459 -0.327262
v -0.038213 2.104226 -0.353673
v -0.022647 2.102491 -0.362544
v -0.027176 2.022469 -0.353982
v -0.038213 2.104226 -0.353673
v -0.027176 2.022469 -0.353982
v -0.042736 2.024419 -0.345146
v -0.027176 2.022469 -0.353982
v -0.011616 2.022559 -0.344934
v -0.016154 1.952403 -0.336342
v -0.027176 2.022469 -0.353982
v -0.016154 1.952403 -0.336342
v -0.031705 1.952296 -0.345406
v -0.011616 2.022559 -0.344934
v -0.011616 2.024600 -0.327050
v -0.016154 1.954762 -0.318497
v -0.011616 2.022559 -0.344934
v -0.016154 1.954762 -0.318497
v -0.016154 1.952403 -0.336342
v -0.011616 2.024600 -0.327050
v -0.027176 2.026550 -0.318214
v -0.031705 1.957014 -0.309717
v -0.011616 2.024600 -0.327050
v -0.031705 1.957014 -0.309717
v -0.016154 1.954762 -0.318497
v -0.027176 2.026550 -0.318214
v -0.042736 2.026459 -0.327262
v -0.047256 1.956906 -0.318781
v -0.027176 2.026550 -0.318214
v -0.047256 1.956906 -0.318781
v -0.031705 1.957014 -0.309717
v -0.042736 2.026459 -0.327262
v -0.042736 2.024419 -0.345146
v -0.047256 1.954547 -0.336626
v -0.042736 2.026459 -0.327262
v -0.047256 1.954547 -0.336626
v -0.047256 1.956906 -0.318781
v -0.042736 2.024419 -0.345146
v -0.027176 2.022469 -0.353982
v -0.031705 1.952296 -0.345406
v -0.042736 2.024419 -0.345146
v -0.031705 1.952296 -0.345406
v -0.047256 1.954547 -0.336626
v -0.031705 1.952296 -0.345406
v -0.016154 1.952403 -0.336342
v -0.020700 1.892674 -0.327712
v -0.031705 1.952296 -0.345406
v -0.020700 1.892674 -0.327712
v -0.036235 1.892539 -0.336803
v -0.016154 1.952403 -0.336342
v -0.016154 1.954762 -0.318497
v -0.020700 1.895488 -0.309934
v -0.016154 1.952403 -0.336342
v -0.020700 1.895488 -0.309934
v -0.020700 1.892674 -0.327712
v -0.016154 1.954762 -0.318497
v -0.031705 1.957014 -0.309717
v -0.036235 1.898169 -0.301246
v -0.016154 1.954762 -0.318497
v -0.036235 1.898169 -0.301246
v -0.020700 1.895488 -0.309934
v -0.031705 1.957014 -0.309717
v -0.047256 1.956906 -0.318781
v -0.051770 1.898034 -0.310337
v -0.031705 1.957014 -0.309717
v -0.051770 1.898034 -0.310337
v -0.036235 1.898169 -0.301246
v -0.047256 1.956906 -0.318781
v -0.047256 1.954547 -0.336626
v -0.051770 1.895220 -0.328115
v -0.047256 1.956906 -0.318781
v -0.051770 1.895220 -0.328115
v -0.051770 1.898034 -0.310337
v -0.047256 1.954547 -0.336626
v -0.031705 1.952296 -0.345406
v -0.036235 1.892539 -0.336803
v -0.047256 1.954547 -0.336626
v -0.036235 1.892539 -0.336803
v -0.051770 1.895220 -0.328115
v -0.036235 1.892539 -0.336803
v -0.020700 1.892674 -0.327712
v -0.025257 1.843508 -0.319009
v -0.036235 1.892539 -0.336803
v -0.025257 1.843508 -0.319009
v -0.040764 1.843329 -0.328147
v -0.020700 1.892674 -0.327712
v -0.020700 1.895488 -0.309934
v -0.025257 1.846993 -0.301350
v -0.020700 1.892674 -0.327712
v -0.025257 1.846993 -0.301350
v -0.025257 1.843508 -0.319009
v -0.020700 1.895488 -0.309934
v -0.036235 1.898169 -0.301246
v -0.040764 1.850298 -0.292828
v -0.020700 1.895488 -0.309934
v -0.040764 1.850298 -0.292828
v -0.025257 1.846993 -0.301350
v -0.036235 1.898169 -0.301246
v -0.051770 1.898034 -0.310337
v -0.056271 1.850118 -0.301966
v -0.036235 1.898169 -0.301246
v -0.056271 1.850118 -0.301966
v -0.040764 1.850298 -0.292828
v -0.051770 1.898034 -0.310337
v -0.051770 1.895220 -0.328115
v -0.056271 1.846634 -0.319626
v -0.051770 1.898034 -0.310337
v -0.056271 1.846634 -0.319626
v -0.056271 1.850118 -0.301966
v -0.051770 1.895220 -0.328115
v -0.036235 1.892539 -0.336803
v -0.040764 1.843329 -0.328147
v -0.051770 1.895220 -0.328115
v -0.040764 1.843329 -0.328147
v -0.056271 1.846634 -0.319626
v -0.040764 1.843329 -0.328147
v -0.025257 1.843508 -0.319009
v -0.029841 1.804586 -0.310151
v -0.040764 1.843329 -0.328147
v -0.029841 1.804586 -0.310151
v -0.045293 1.804320 -0.319378
v -0.025257 1.843508 -0.319009
v -0.025257 1.846993 -0.301350
v -0.029841 1.809092 -0.292724
v -0.025257 1.843508 -0.319009
v -0.029841 1.809092 -0.292724
v -0.029841 1.804586 -0.310151
v -0.025257 1.846993 -0.301350
v -0.040764 1.850298 -0.292828
v -0.045293 1.813332 -0.284524
v -0.025257 1.846993 -0.301350
v -0.045293 1.813332 -0.284524
v -0.029841 1.809092 -0.292724
v -0.040764 1.850298 -0.292828
v -0.056271 1.850118 -0.301966
v -0.060746 1.813066 -0.293751
v -0.040764 1.850298 -0.292828
v -0.060746 1.813066 -0.293751
v -0.045293 1.813332 -0.284524
v -0.056271 1.850118 -0.301966
v -0.056271 1.846634 -0.319626
v -0.060746 1.808560 -0.311178
v -0.056271 1.850118 -0.301966
v -0.060746 1.808560 -0.311178
v -0.060746 1.813066 -0.293751
v -0.056271 1.846634 -0.319626
v -0.040764 1.843329 -0.328147
v -0.045293 1.804320 -0.319378
v -0.056271 1.846634 -0.319626
v -0.045293 1.804320 -0.319378
v -0.060746 1.808560 -0.311178
v -0.045293 1.804320 -0.319378
v -0.029841 1.804586 -0.310151
v -0.034483 1.775110 -0.300932
v -0.045293 1.804320 -0.319378
v -0.034483 1.775110 -0.300932
v -0.049823 1.774651 -0.310338
v -0.029841 1.804586 -0.310151
v -0.029841 1.809092 -0.292724
v -0.034483 1.781239 -0.284008
v -0.029841 1.804586 -0.310151
v -0.034483 1.781239 -0.284008
v -0.034483 1.775110 -0.300932
v -0.029841 1.809092 -0.292724
v -0.045293 1.813332 -0.284524
v -0.049823 1.786909 -0.276490
v -0.029841 1.809092 -0.292724
v -0.049823 1.786909 -0.276490
v -0.034483 1.781239 -0.284008
v -0.045293 1.813332 -0.284524
v -0.060746 1.813066 -0.293751
v -0.065163 1.786451 -0.285895
v -0.045293 1.813332 -0.284524
v -0.065163 1.786451 -0.285895
v -0.049823 1.786909 -0.276490
v -0.060746 1.813066 -0.293751
v -0.060746 1.808560 -0.311178
v -0.065163 1.780321 -0.302820
v -0.060746 1.813066 -0.293751
v -0.065163 1.780321 -0.302820
v -0.065163 1.786451 -0.285895
v -0.060746 1.808560 -0.311178
v -0.045293 1.804320 -0.319378
v -0.049823 1.774651 -0.310338
v -0.060746 1.808560 -0.311178
v -0.049823 1.774651 -0.310338
v -0.065163 1.780321 -0.302820
v -0.049823 1.774651 -0.310338
v -0.034483 1.775110 -0.300932
v -0.039260 1.753887 -0.290834
v -0.049823 1.774651 -0.310338
v -0.039260 1.753887 -0.290834
v -0.054352 1.752908 -0.300595
v -0.034483 1.775110 -0.300932
v -0.034483 1.781239 -0.284008
v -0.039260 1.762660 -0.275116
v -0.034483 1.775110 -0.300932
v -0.039260 1.762660 -0.275116
v -0.039260 1.753887 -0.290834
v -0.034483 1.781239 -0.284008
v -0.049823 1.786909 -0.276490
v -0.054352 1.770454 -0.269160
v -0.034483 1.781239 -0.284008
v -0.054352 1.770454 -0.269160
v -0.039260 1.762660 -0.275116
v -0.049823 1.786909 -0.276490
v -0.065163 1.786451 -0.285895
v -0.069444 1.769475 -0.278920
v -0.049823 1.786909 -0.276490
v -0.069444 1.769475 -0.278920
v -0.054352 1.770454 -0.269160
v -0.065163 1.786451 -0.285895
v -0.065163 1.780321 -0.302820
v -0.069444 1.760702 -0.294638
v -0.065163 1.786451 -0.285895
v -0.069444 1.760702 -0.294638
v -0.069444 1.769475 -0.278920
v -0.065163 1.780321 -0.302820
v -0.049823 1.774651 -0.310338
v -0.054352 1.752908 -0.300595
v -0.065163 1.780321 -0.302820
v -0.054352 1.752908 -0.300595
v -0.069444 1.760702 -0.294638
v -0.054352 1.752908 -0.300595
v -0.039260 1.753887 -0.290834
v -0.044290 1.739943 -0.278804
v -0.054352 1.752908 -0.300595
v -0.044290 1.739943 -0.278804
v -0.058881 1.737436 -0.289042
v -0.039260 1.753887 -0.290834
v -0.039260 1.762660 -0.275116
v -0.044290 1.752697 -0.266103
v -0.039260 1.753887 -0.290834
v -0.044290 1.752697 -0.266103
v -0.044290 1.739943 -0.278804
v -0.039260 1.762660 -0.275116
v -0.054352 1.770454 -0.269160
v -0.058881 1.762945 -0.263639
v -0.039260 1.762660 -0.275116
v -0.058881 1.762945 -0.263639
v -0.044290 1.752697 -0.266103
v -0.054352 1.770454 -0.269160
v -0.069444 1.769475 -0.278920
v -0.073473 1.760439 -0.273876
v -0.054352 1.770454 -0.269160
v -0.073473 1.760439 -0.273876
v -0.058881 1.762945 -0.263639
v -0.069444 1.769475 -0.278920
v -0.069444 1.760702 -0.294638
v -0.073473 1.747684 -0.286578
v -0.069444 1.769475 -0.278920
v -0.073473 1.747684 -0.286578
v -0.073473 1.760439 -0.273876
v -0.069444 1.760702 -0.294638
v -0.054352 1.752908 -0.300595
v -0.058881 1.737436 -0.289042
v -0.069444 1.760702 -0.294638
v -0.058881 1.737436 -0.289042
v -0.073473 1.747684 -0.286578
v -0.058881 1.737436 -0.289042
v -0.044290 1.739943 -0.278804
v -0.049423 1.733755 -0.264801
v -0.058881 1.737436 -0.289042
v -0.049423 1.733755 -0.264801
v -0.063411 1.727992 -0.274554
v -0.044290 1.739943 -0.278804
v -0.044290 1.752697 -0.266103
v -0.049423 1.750441 -0.258050
v -0.044290 1.739943 -0.278804
v -0.049423 1.750441 -0.258050
v -0.049423 1.733755 -0.264801
v -0.044290 1.752697 -0.266103
v -0.058881 1.762945 -0.263639
v -0.063411 1.761364 -0.261053
v -0.044290 1.752697 -0.266103
v -0.063411 1.761364 -0.261053
v -0.049423 1.750441 -0.258050
v -0.058881 1.762945 -0.263639
v -0.073473 1.760439 -0.273876
v -0.077399 1.755601 -0.270806
v -0.058881 1.762945 -0.263639
v -0.077399 1.755601 -0.270806
v -0.063411 1.761364 -0.261053
v -0.073473 1.760439 -0.273876
v -0.073473 1.747684 -0.286578
v -0.077399 1.738915 -0.277556
v -0.073473 1.760439 -0.273876
v -0.077399 1.738915 -0.277556
v -0.077399 1.755601 -0.270806
v -0.073473 1.747684 -0.286578
v -0.058881 1.737436 -0.289042
v -0.063411 1.727992 -0.274554
v -0.073473 1.747684 -0.286578
v -0.063411 1.727992 -0.274554
v -0.077399 1.738915 -0.277556
v -0.063411 1.727992 -0.274554
v -0.049423 1.733755 -0.264801
v -0.054167 1.733996 -0.252335
v -0.063411 1.727992 -0.274554
v -0.054167 1.733996 -0.252335
v -0.067940 1.725298 -0.259993
v -0.049423 1.733755 -0.264801
v -0.049423 1.750441 -0.258050
v -0.054167 1.751981 -0.251608
v -0.049423 1.733755 -0.264801
v -0.054167 1.751981 -0.251608
v -0.054167 1.733996 -0.252335
v -0.049423 1.750441 -0.258050
v -0.063411 1.761364 -0.261053
v -0.067940 1.761269 -0.258539
v -0.049423 1.750441 -0.258050
v -0.067940 1.761269 -0.258539
v -0.054167 1.751981 -0.251608
v -0.063411 1.761364 -0.261053
v -0.077399 1.755601 -0.270806
v -0.081713 1.752571 -0.266198
v -0.063411 1.761364 -0.261053
v -0.081713 1.752571 -0.266198
v -0.067940 1.761269 -0.258539
v -0.077399 1.755601 -0.270806
v -0.077399 1.738915 -0.277556
v -0.081713 1.734586 -0.266925
v -0.077399 1.755601 -0.270806
v -0.081713 1.734586 -0.266925
v -0.081713 1.752571 -0.266198
v -0.077399 1.738915 -0.277556
v -0.063411 1.727992 -0.274554
v -0.067940 1.725298 -0.259993
v -0.077399 1.738915 -0.277556
v -0.067940 1.725298 -0.259993
v -0.081713 1.734586 -0.266925
v -0.067940 1.725298 -0.259993
v -0.054167 1.733996 -0.252335
v -0.058689 1.735618 -0.242727
v -0.067940 1.725298 -0.259993
v -0.058689 1.735618 -0.242727
v -0.072469 1.726049 -0.249249
v -0.054167 1.733996 -0.252335
v -0.054167 1.751981 -0.251608
v -0.058689 1.753557 -0.244208
v -0.054167 1.733996 -0.252335
v -0.058689 1.753557 -0.244208
v -0.058689 1.735618 -0.242727
v -0.054167 1.751981 -0.251608
v -0.067940 1.761269 -0.258539
v -0.072469 1.761927 -0.252210
v -0.054167 1.751981 -0.251608
v -0.072469 1.761927 -0.252210
v -0.058689 1.753557 -0.244208
v -0.067940 1.761269 -0.258539
v -0.081713 1.752571 -0.266198
v -0.086250 1.752358 -0.258732
v -0.067940 1.761269 -0.258539
v -0.086250 1.752358 -0.258732
v -0.072469 1.761927 -0.252210
v -0.081713 1.752571 -0.266198
v -0.081713 1.734586 -0.266925
v -0.086250 1.734419 -0.257251
v -0.081713 1.752571 -0.266198
v -0.086250 1.734419 -0.257251
v -0.086250 1.752358 -0.258732
v -0.081713 1.734586 -0.266925
v -0.067940 1.725298 -0.259993
v -0.072469 1.726049 -0.249249
v -0.081713 1.734586 -0.266925
v -0.072469 1.726049 -0.249249
v -0.086250 1.734419 -0.257251
v 0.000000 2.606720 -0.387320
v 0.015575 2.605368 -0.396241
v 0.000000 2.605309 -0.405264
v 0.000000 2.606720 -0.387320
v 0.015575 2.606780 -0.378296
v 0.015575 2.605368 -0.396241
v 0.000000 2.606720 -0.387320
v 0.000000 2.608131 -0.369375
v 0.015575 2.606780 -0.378296
v 0.000000 2.606720 -0.387320
v -0.015575 2.608071 -0.378398
v 0.000000 2.608131 -0.369375
v 0.000000 2.606720 -0.387320
v -0.015575 2.606660 -0.396343
v -0.015575 2.608071 -0.378398
v 0.000000 2.606720 -0.387320
v 0.000000 2.605309 -0.405264
v -0.015575 2.606660 -0.396343
v -0.072469 1.743988 -0.250730
v -0.072469 1.726049 -0.249249
v -0.058689 1.735618 -0.242727
v -0.072469 1.743988 -0.250730
v -0.058689 1.735618 -0.242727
v -0.058689 1.753557 -0.244208
v -0.072469 1.743988 -0.250730
v -0.058689 1.753557 -0.244208
v -0.072469 1.761927 -0.252210
v -0.072469 1.743988 -0.250730
v -0.072469 1.761927 -0.252210
v -0.086250 1.752358 -0.258732
v -0.072469 1.743988 -0.250730
v -0.086250 1.752358 -0.258732
v -0.086250 1.734419 -0.257251
v -0.072469 1.743988 -0.250730
v -0.086250 1.734419 -0.257251
v -0.072469 1.726049 -0.249249
vt 0.040000 0.040000
vt 0.040000 0.960000
vt 0.083333 0.960000
vt 0.040000 0.040000
vt 0.083333 0.960000
vt 0.083333 0.040000
vt 0.083333 0.040000
vt 0.083333 0.960000
vt 0.166667 0.960000
vt 0.083333 0.040000
vt 0.166667 0.960000
vt 0.166667 0.040000
vt 0.166667 0.040000
vt 0.166667 0.960000
vt 0.250000 0.960000
vt 0.166667 0.040000
vt 0.250000 0.960000
vt 0.250000 0.040000
vt 0.250000 0.040000
vt 0.250000 0.960000
vt 0.333333 0.960000
vt 0.250000 0.040000
vt 0.333333 0.960000
vt 0.333333 0.040000
vt 0.333333 0.040000
vt 0.333333 0.960000
vt 0.416667 0.960000
vt 0.333333 0.040000
vt 0.416667 0.960000
vt 0.416667 0.040000
vt 0.416667 0.040000
vt 0.416667 0.960000
vt 0.500000 0.960000
vt 0.416667 0.040000
vt 0.500000 0.960000
vt 0.500000 0.040000
vt 0.500000 0.040000
vt 0.500000 0.960000
vt 0.583333 0.960000
vt 0.500000 0.040000
vt 0.583333 0.960000
vt 0.583333 0.040000
vt 0.583333 0.040000
vt 0.583333 0.960000
vt 0.666667 0.960000
vt 0.583333 0.040000
vt 0.666667 0.960000
vt 0.666667 0.040000
vt 0.666667 0.040000
vt 0.666667 0.960000
vt 0.750000 0.960000
vt 0.666667 0.040000
vt 0.750000 0.960000
vt 0.750000 0.040000
vt 0.750000 0.040000
vt 0.750000 0.960000
vt 0.833333 0.960000
vt 0.750000 0.040000
vt 0.833333 0.960000
vt 0.833333 0.040000
vt 0.833333 0.040000
vt 0.833333 0.960000
vt 0.916667 0.960000
vt 0.833333 0.040000
vt 0.916667 0.960000
vt 0.916667 0.040000
vt 0.916667 0.040000
vt 0.916667 0.960000
vt 0.960000 0.960000
vt 0.916667 0.040000
vt 0.960000 0.960000
vt 0.960000 0.040000
vt 0.040000 0.040000
vt 0.040000 0.960000
vt 0.960000 0.960000
vt 0.040000 0.040000
vt 0.960000 0.960000
vt 0.960000 0.040000
vt 0.040000 0.040000
vt 0.040000 0.960000
vt 0.960000 0.960000
vt 0.040000 0.040000
vt 0.960000 0.960000
vt 0.960000 0.040000
vt 0.040000 0.040000
vt 0.040000 0.960000
vt 0.960000 0.960000
vt 0.040000 0.040000
vt 0.960000 0.960000
vt 0.960000 0.040000
vt 0.040000 0.040000
vt 0.040000 0.960000
vt 0.960000 0.960000
vt 0.040000 0.040000
vt 0.960000 0.960000
vt 0.960000 0.040000
vt 0.040000 0.040000
vt 0.040000 0.960000
vt 0.960000 0.960000
vt 0.040000 0.040000
vt 0.960000 0.960000
vt 0.960000 0.040000
vt 0.040000 0.040000
vt 0.040000 0.960000
vt 0.960000 0.960000
vt 0.040000 0.040000
vt 0.960000 0.960000
vt 0.960000 0.040000
vt 0.040000 0.040000
vt 0.040000 0.960000
vt 0.960000 0.960000
vt 0.040000 0.040000
vt 0.960000 0.960000
vt 0.960000 0.040000
vt 0.040000 0.040000
vt 0.040000 0.960000
vt 0.960000 0.960000
vt 0.040000 0.040000
vt 0.960000 0.960000
vt 0.960000 0.040000
vt 0.040000 0.040000
vt 0.040000 0.960000
vt 0.960000 0.960000
vt 0.040000 0.040000
vt 0.960000 0.960000
vt 0.960000 0.040000
vt 0.040000 0.040000
vt 0.040000 0.960000
vt 0.960000 0.960000
vt 0.040000 0.040000
vt 0.960000 0.960000
vt 0.960000 0.040000
vt 0.040000 0.040000
vt 0.040000 0.960000
vt 0.960000 0.960000
vt 0.040000 0.040000
vt 0.960000 0.960000
vt 0.960000 0.040000
vt 0.040000 0.040000
vt 0.040000 0.960000
vt 0.960000 0.960000
vt 0.040000 0.040000
vt 0.960000 0.960000
vt 0.960000 0.040000
vt 0.040000 0.040000
vt 0.040000 0.166667
vt 0.062500 0.166667
vt 0.040000 0.040000
vt 0.062500 0.166667
vt 0.062500 0.040000
vt 0.062500 0.040000
vt 0.062500 0.166667
vt 0.125000 0.166667
vt 0.062500 0.040000
vt 0.125000 0.166667
vt 0.125000 0.040000
vt 0.125000 0.040000
vt 0.125000 0.166667
vt 0.187500 0.166667
vt 0.125000 0.040000
vt 0.187500 0.166667
vt 0.187500 0.040000
vt 0.187500 0.040000
vt 0.187500 0.166667
vt 0.250000 0.166667
vt 0.187500 0.040000
vt 0.250000 0.166667
vt 0.250000 0.040000
vt 0.250000 0.040000
vt 0.250000 0.166667
vt 0.312500 0.166667
vt 0.250000 0.040000
vt 0.312500 0.166667
vt 0.312500 0.040000
vt 0.312500 0.040000
vt 0.312500 0.166667
vt 0.375000 0.166667
vt 0.312500 0.040000
vt 0.375000 0.166667
vt 0.375000 0.040000
vt 0.375000 0.040000
vt 0.375000 0.166667
vt 0.437500 0.166667
vt 0.375000 0.040000
vt 0.437500 0.166667
vt 0.437500 0.040000
vt 0.437500 0.040000
vt 0.437500 0.166667
vt 0.500000 0.166667
vt 0.437500 0.040000
vt 0.500000 0.166667
vt 0.500000 0.040000
vt 0.500000 0.040000
vt 0.500000 0.166667
vt 0.562500 0.166667
vt 0.500000 0.040000
vt 0.562500 0.166667
vt 0.562500 0.040000
vt 0.562500 0.040000
vt 0.562500 0.166667
vt 0.625000 0.166667
vt 0.562500 0.040000
vt 0.625000 0.166667
vt 0.625000 0.040000
vt 0.625000 0.040000
vt 0.625000 0.166667
vt 0.687500 0.166667
vt 0.625000 0.040000
vt 0.687500 0.166667
vt 0.687500 0.040000
vt 0.687500 0.040000
vt 0.687500 0.166667
vt 0.750000 0.166667
vt 0.687500 0.040000
vt 0.750000 0.166667
vt 0.750000 0.040000
vt 0.750000 0.040000
vt 0.750000 0.166667
vt 0.812500 0.166667
vt 0.750000 0.040000
vt 0.812500 0.166667
vt 0.812500 0.040000
vt 0.812500 0.040000
vt 0.812500 0.166667
vt 0.875000 0.166667
vt 0.812500 0.040000
vt 0.875000 0.166667
vt 0.875000 0.040000
vt 0.875000 0.040000
vt 0.875000 0.166667
vt 0.937500 0.166667
vt 0.875000 0.040000
vt 0.937500 0.166667
vt 0.937500 0.040000
vt 0.937500 0.040000
vt 0.937500 0.166667
vt 0.960000 0.166667
vt 0.937500 0.040000
vt 0.960000 0.166667
vt 0.960000 0.040000
vt 0.040000 0.166667
vt 0.040000 0.333333
vt 0.062500 0.333333
vt 0.040000 0.166667
vt 0.062500 0.333333
vt 0.062500 0.166667
vt 0.062500 0.166667
vt 0.062500 0.333333
vt 0.125000 0.333333
vt 0.062500 0.166667
vt 0.125000 0.333333
vt 0.125000 0.166667
vt 0.125000 0.166667
vt 0.125000 0.333333
vt 0.187500 0.333333
vt 0.125000 0.166667
vt 0.187500 0.333333
vt 0.187500 0.166667
vt 0.187500 0.166667
vt 0.187500 0.333333
vt 0.250000 0.333333
vt 0.187500 0.166667
vt 0.250000 0.333333
vt 0.250000 0.166667
vt 0.250000 0.166667
vt 0.250000 0.333333
vt 0.312500 0.333333
vt 0.250000 0.166667
vt 0.312500 0.333333
vt 0.312500 0.166667
vt 0.312500 0.166667
vt 0.312500 0.333333
vt 0.375000 0.333333
vt 0.312500 0.166667
vt 0.375000 0.333333
vt 0.375000 0.166667
vt 0.375000 0.166667
vt 0.375000 0.333333
vt 0.437500 0.333333
vt 0.375000 0.166667
vt 0.437500 0.333333
vt 0.437500 0.166667
vt 0.437500 0.166667
vt 0.437500 0.333333
vt 0.500000 0.333333
vt 0.437500 0.166667
vt 0.500000 0.333333
vt 0.500000 0.166667
vt 0.500000 0.166667
vt 0.500000 0.333333
vt 0.562500 0.333333
vt 0.500000 0.166667
vt 0.562500 0.333333
vt 0.562500 0.166667
vt 0.562500 0.166667
vt 0.562500 0.333333
vt 0.625000 0.333333
vt 0.562500 0.166667
vt 0.625000 0.333333
vt 0.625000 0.166667
vt 0.625000 0.166667
vt 0.625000 0.333333
vt 0.687500 0.333333
vt 0.625000 0.166667
vt 0.687500 0.333333
vt 0.687500 0.166667
vt 0.687500 0.166667
vt 0.687500 0.333333
vt 0.750000 0.333333
vt 0.687500 0.166667
vt 0.750000 0.333333
vt 0.750000 0.166667
vt 0.750000 0.166667
vt 0.750000 0.333333
vt 0.812500 0.333333
vt 0.750000 0.166667
vt 0.812500 0.333333
vt 0.812500 0.166667
vt 0.812500 0.166667
vt 0.812500 0.333333
vt 0.875000 0.333333
vt 0.812500 0.166667
vt 0.875000 0.333333
vt 0.875000 0.166667
vt 0.875000 0.166667
vt 0.875000 0.333333
vt 0.937500 0.333333
vt 0.875000 0.166667
vt 0.937500 0.333333
vt 0.937500 0.166667
vt 0.937500 0.166667
vt 0.937500 0.333333
vt 0.960000 0.333333
vt 0.937500 0.166667
vt 0.960000 0.333333
vt 0.960000 0.166667
vt 0.040000 0.333333
vt 0.040000 0.500000
vt 0.062500 0.500000
vt 0.040000 0.333333
vt 0.062500 0.500000
vt 0.062500 0.333333
vt 0.062500 0.333333
vt 0.062500 0.500000
vt 0.125000 0.500000
vt 0.062500 0.333333
vt 0.125000 0.500000
vt 0.125000 0.333333
vt 0.125000 0.333333
vt 0.125000 0.500000
vt 0.187500 0.500000
vt 0.125000 0.333333
vt 0.187500 0.500000
vt 0.187500 0.333333
vt 0.187500 0.333333
vt 0.187500 0.500000
vt 0.250000 0.500000
vt 0.187500 0.333333
vt 0.250000 0.500000
vt 0.250000 0.333333
vt 0.250000 0.333333
vt 0.250000 0.500000
vt 0.312500 0.500000
vt 0.250000 0.333333
vt 0.312500 0.500000
vt 0.312500 0.333333
vt 0.312500 0.333333
vt 0.312500 0.500000
vt 0.375000 0.500000
vt 0.312500 0.333333
vt 0.375000 0.500000
vt 0.375000 0.333333
vt 0.375000 0.333333
vt 0.375000 0.500000
vt 0.437500 0.500000
vt 0.375000 0.333333
vt 0.437500 0.500000
vt 0.437500 0.333333
vt 0.437500 0.333333
vt 0.437500 0.500000
vt 0.500000 0.500000
vt 0.437500 0.333333
vt 0.500000 0.500000
vt 0.500000 0.333333
vt 0.500000 0.333333
vt 0.500000 0.500000
vt 0.562500 0.500000
vt 0.500000 0.333333
vt 0.562500 0.500000
vt 0.562500 0.333333
vt 0.562500 0.333333
vt 0.562500 0.500000
vt 0.625000 0.500000
vt 0.562500 0.333333
vt 0.625000 0.500000
vt 0.625000 0.333333
vt 0.625000 0.333333
vt 0.625000 0.500000
vt 0.687500 0.500000
vt 0.625000 0.333333
vt 0.687500 0.500000
vt 0.687500 0.333333
vt 0.687500 0.333333
vt 0.687500 0.500000
vt 0.750000 0.500000
vt 0.687500 0.333333
vt 0.750000 0.500000
vt 0.750000 0.333333
vt 0.750000 0.333333
vt 0.750000 0.500000
vt 0.812500 0.500000
vt 0.750000 0.333333
vt 0.812500 0.500000
vt 0.812500 0.333333
vt 0.812500 0.333333
vt 0.812500 0.500000
vt 0.875000 0.500000
vt 0.812500 0.333333
vt 0.875000 0.500000
vt 0.875000 0.333333
vt 0.875000 0.333333
vt 0.875000 0.500000
vt 0.937500 0.500000
vt 0.875000 0.333333
vt 0.937500 0.500000
vt 0.937500 0.333333
vt 0.937500 0.333333
vt 0.937500 0.500000
vt 0.960000 0.500000
vt 0.937500 0.333333
vt 0.960000 0.500000
vt 0.960000 0.333333
vt 0.040000 0.500000
vt 0.040000 0.666667
vt 0.062500 0.666667
vt 0.040000 0.500000
vt 0.062500 0.666667
vt 0.062500 0.500000
vt 0.062500 0.500000
vt 0.062500 0.666667
vt 0.125000 0.666667
vt 0.062500 0.500000
vt 0.125000 0.666667
vt 0.125000 0.500000
vt 0.125000 0.500000
vt 0.125000 0.666667
vt 0.187500 0.666667
vt 0.125000 0.500000
vt 0.187500 0.666667
vt 0.187500 0.500000
vt 0.187500 0.500000
vt 0.187500 0.666667
vt 0.250000 0.666667
vt 0.187500 0.500000
vt 0.250000 0.666667
vt 0.250000 0.500000
vt 0.250000 0.500000
vt 0.250000 0.666667
vt 0.312500 0.666667
vt 0.250000 0.500000
vt 0.312500 0.666667
vt 0.312500 0.500000
vt 0.312500 0.500000
vt 0.312500 0.666667
vt 0.375000 0.666667
vt 0.312500 0.500000
vt 0.375000 0.666667
vt 0.375000 0.500000
vt 0.375000 0.500000
vt 0.375000 0.666667
vt 0.437500 0.666667
vt 0.375000 0.500000
vt 0.437500 0.666667
vt 0.437500 0.500000
vt 0.437500 0.500000
vt 0.437500 0.666667
vt 0.500000 0.666667
vt 0.437500 0.500000
vt 0.500000 0.666667
vt 0.500000 0.500000
vt 0.500000 0.500000
vt 0.500000 0.666667
vt 0.562500 0.666667
vt 0.500000 0.500000
vt 0.562500 0.666667
vt 0.562500 0.500000
vt 0.562500 0.500000
vt 0.562500 0.666667
vt 0.625000 0.666667
vt 0.562500 0.500000
vt 0.625000 0.666667
vt 0.625000 0.500000
vt 0.625000 0.500000
vt 0.625000 0.666667
vt 0.687500 0.666667
vt 0.625000 0.500000
vt 0.687500 0.666667
vt 0.687500 0.500000
vt 0.687500 0.500000
vt 0.687500 0.666667
vt 0.750000 0.666667
vt 0.687500 0.500000
vt 0.750000 0.666667
vt 0.750000 0.500000
vt 0.750000 0.500000
vt 0.750000 0.666667
vt 0.812500 0.666667
vt 0.750000 0.500000
vt 0.812500 0.666667
vt 0.812500 0.500000
vt 0.812500 0.500000
vt 0.812500 0.666667
vt 0.875000 0.666667
vt 0.812500 0.500000
vt 0.875000 0.666667
vt 0.875000 0.500000
vt 0.875000 0.500000
vt 0.875000 0.666667
vt 0.937500 0.666667
vt 0.875000 0.500000
vt 0.937500 0.666667
vt 0.937500 0.500000
vt 0.937500 0.500000
vt 0.937500 0.666667
vt 0.960000 0.666667
vt 0.937500 0.500000
vt 0.960000 0.666667
vt 0.960000 0.500000
vt 0.040000 0.666667
vt 0.040000 0.833333
vt 0.062500 0.833333
vt 0.040000 0.666667
vt 0.062500 0.833333
vt 0.062500 0.666667
vt 0.062500 0.666667
vt 0.062500 0.833333
vt 0.125000 0.833333
vt 0.062500 0.666667
vt 0.125000 0.833333
vt 0.125000 0.666667
vt 0.125000 0.666667
vt 0.125000 0.833333
vt 0.187500 0.833333
vt 0.125000 0.666667
vt 0.187500 0.833333
vt 0.187500 0.666667
vt 0.187500 0.666667
vt 0.187500 0.833333
vt 0.250000 0.833333
vt 0.187500 0.666667
vt 0.250000 0.833333
vt 0.250000 0.666667
vt 0.250000 0.666667
vt 0.250000 0.833333
vt 0.312500 0.833333
vt 0.250000 0.666667
vt 0.312500 0.833333
vt 0.312500 0.666667
vt 0.312500 0.666667
vt 0.312500 0.833333
vt 0.375000 0.833333
vt 0.312500 0.666667
vt 0.375000 0.833333
vt 0.375000 0.666667
vt 0.375000 0.666667
vt 0.375000 0.833333
vt 0.437500 0.833333
vt 0.375000 0.666667
vt 0.437500 0.833333
vt 0.437500 0.666667
vt 0.437500 0.666667
vt 0.437500 0.833333
vt 0.500000 0.833333
vt 0.437500 0.666667
vt 0.500000 0.833333
vt 0.500000 0.666667
vt 0.500000 0.666667
vt 0.500000 0.833333
vt 0.562500 0.833333
vt 0.500000 0.666667
vt 0.562500 0.833333
vt 0.562500 0.666667
vt 0.562500 0.666667
vt 0.562500 0.833333
vt 0.625000 0.833333
vt 0.562500 0.666667
vt 0.625000 0.833333
vt 0.625000 0.666667
vt 0.625000 0.666667
vt 0.625000 0.833333
vt 0.687500 0.833333
vt 0.625000 0.666667
vt 0.687500 0.833333
vt 0.687500 0.666667
vt 0.687500 0.666667
vt 0.687500 0.833333
vt 0.750000 0.833333
vt 0.687500 0.666667
vt 0.750000 0.833333
vt 0.750000 0.666667
vt 0.750000 0.666667
vt 0.750000 0.833333
vt 0.812500 0.833333
vt 0.750000 0.666667
vt 0.812500 0.833333
vt 0.812500 0.666667
vt 0.812500 0.666667
vt 0.812500 0.833333
vt 0.875000 0.833333
vt 0.812500 0.666667
vt 0.875000 0.833333
vt 0.875000 0.666667
vt 0.875000 0.666667
vt 0.875000 0.833333
vt 0.937500 0.833333
vt 0.875000 0.666667
vt 0.937500 0.833333
vt 0.937500 0.666667
vt 0.937500 0.666667
vt 0.937500 0.833333
vt 0.960000 0.833333
vt 0.937500 0.666667
vt 0.960000 0.833333
vt 0.960000 0.666667
vt 0.040000 0.833333
vt 0.040000 0.960000
vt 0.062500 0.960000
vt 0.040000 0.833333
vt 0.062500 0.960000
vt 0.062500 0.833333
vt 0.062500 0.833333
vt 0.062500 0.960000
vt 0.125000 0.960000
vt 0.062500 0.833333
vt 0.125000 0.960000
vt 0.125000 0.833333
vt 0.125000 0.833333
vt 0.125000 0.960000
vt 0.187500 0.960000
vt 0.125000 0.833333
vt 0.187500 0.960000
vt 0.187500 0.833333
vt 0.187500 0.833333
vt 0.187500 0.960000
vt 0.250000 0.960000
vt 0.187500 0.833333
vt 0.250000 0.960000
vt 0.250000 0.833333
vt 0.250000 0.833333
vt 0.250000 0.960000
vt 0.312500 0.960000
vt 0.250000 0.833333
vt 0.312500 0.960000
vt 0.312500 0.833333
vt 0.312500 0.833333
vt 0.312500 0.960000
vt 0.375000 0.960000
vt 0.312500 0.833333
vt 0.375000 0.960000
vt 0.375000 0.833333
vt 0.375000 0.833333
vt 0.375000 0.960000
vt 0.437500 0.960000
vt 0.375000 0.833333
vt 0.437500 0.960000
vt 0.437500 0.833333
vt 0.437500 0.833333
vt 0.437500 0.960000
vt 0.500000 0.960000
vt 0.437500 0.833333
vt 0.500000 0.960000
vt 0.500000 0.833333
vt 0.500000 0.833333
vt 0.500000 0.960000
vt 0.562500 0.960000
vt 0.500000 0.833333
vt 0.562500 0.960000
vt 0.562500 0.833333
vt 0.562500 0.833333
vt 0.562500 0.960000
vt 0.625000 0.960000
vt 0.562500 0.833333
vt 0.625000 0.960000
vt 0.625000 0.833333
vt 0.625000 0.833333
vt 0.625000 0.960000
vt 0.687500 0.960000
vt 0.625000 0.833333
vt 0.687500 0.960000
vt 0.687500 0.833333
vt 0.687500 0.833333
vt 0.687500 0.960000
vt 0.750000 0.960000
vt 0.687500 0.833333
vt 0.750000 0.960000
vt 0.750000 0.833333
vt 0.750000 0.833333
vt 0.750000 0.960000
vt 0.812500 0.960000
vt 0.750000 0.833333
vt 0.812500 0.960000
vt 0.812500 0.833333
vt 0.812500 0.833333
vt 0.812500 0.960000
vt 0.875000 0.960000
vt 0.812500 0.833333
vt 0.875000 0.960000
vt 0.875000 0.833333
vt 0.875000 0.833333
vt 0.875000 0.960000
vt 0.937500 0.960000
vt 0.875000 0.833333
vt 0.937500 0.960000
vt 0.937500 0.833333
vt 0.937500 0.833333
vt 0.937500 0.960000
vt 0.960000 0.960000
vt 0.937500 0.833333
vt 0.960000 0.960000
vt 0.960000 0.833333
vt 0.500000 0.500000
vt 0.900000 0.500000
vt 0.500000 0.900000
vt 0.500000 0.500000
vt 0.900000 0.500000
vt 0.500000 0.900000
vt 0.500000 0.500000
vt 0.900000 0.500000
vt 0.500000 0.900000
vt 0.500000 0.500000
vt 0.900000 0.500000
vt 0.500000 0.900000
vt 0.500000 0.500000
vt 0.900000 0.500000
vt 0.500000 0.900000
vt 0.500000 0.500000
vt 0.900000 0.500000
vt 0.500000 0.900000
vt 0.500000 0.500000
vt 0.900000 0.500000
vt 0.500000 0.900000
vt 0.500000 0.500000
vt 0.900000 0.500000
vt 0.500000 0.900000
vt 0.500000 0.500000
vt 0.900000 0.500000
vt 0.500000 0.900000
vt 0.500000 0.500000
vt 0.900000 0.500000
vt 0.500000 0.900000
vt 0.500000 0.500000
vt 0.900000 0.500000
vt 0.500000 0.900000
vt 0.500000 0.500000
vt 0.900000 0.500000
vt 0.500000 0.900000
vt 0.500000 0.500000
vt 0.900000 0.500000
vt 0.500000 0.900000
vt 0.500000 0.500000
vt 0.900000 0.500000
vt 0.500000 0.900000
vt 0.500000 0.500000
vt 0.900000 0.500000
vt 0.500000 0.900000
vt 0.500000 0.500000
vt 0.900000 0.500000
vt 0.500000 0.900000
vt 0.040000 0.040000
vt 0.040000 0.960000
vt 0.960000 0.960000
vt 0.040000 0.040000
vt 0.960000 0.960000
vt 0.960000 0.040000
vt 0.040000 0.040000
vt 0.040000 0.960000
vt 0.960000 0.960000
vt 0.040000 0.040000
vt 0.960000 0.960000
vt 0.960000 0.040000
vt 0.040000 0.040000
vt 0.040000 0.960000
vt 0.960000 0.960000
vt 0.040000 0.040000
vt 0.960000 0.960000
vt 0.960000 0.040000
vt 0.040000 0.040000
vt 0.040000 0.960000
vt 0.960000 0.960000
vt 0.040000 0.040000
vt 0.960000 0.960000
vt 0.960000 0.040000
vt 0.040000 0.040000
vt 0.040000 0.960000
vt 0.960000 0.960000
vt 0.040000 0.040000
vt 0.960000 0.960000
vt 0.960000 0.040000
vt 0.040000 0.040000
vt 0.040000 0.960000
vt 0.960000 0.960000
vt 0.040000 0.040000
vt 0.960000 0.960000
vt 0.960000 0.040000
vt 0.040000 0.040000
vt 0.040000 0.960000
vt 0.960000 0.960000
vt 0.040000 0.040000
vt 0.960000 0.960000
vt 0.960000 0.040000
vt 0.040000 0.040000
vt 0.040000 0.960000
vt 0.960000 0.960000
vt 0.040000 0.040000
vt 0.960000 0.960000
vt 0.960000 0.040000
vt 0.040000 0.040000
vt 0.040000 0.960000
vt 0.960000 0.960000
vt 0.040000 0.040000
vt 0.960000 0.960000
vt 0.960000 0.040000
vt 0.040000 0.040000
vt 0.040000 0.960000
vt 0.960000 0.960000
vt 0.040000 0.040000
vt 0.960000 0.960000
vt 0.960000 0.040000
vt 0.040000 0.040000
vt 0.040000 0.960000
vt 0.960000 0.960000
vt 0.040000 0.040000
vt 0.960000 0.960000
vt 0.960000 0.040000
vt 0.040000 0.040000
vt 0.040000 0.960000
vt 0.960000 0.960000
vt 0.040000 0.040000
vt 0.960000 0.960000
vt 0.960000 0.040000
vt 0.040000 0.040000
vt 0.040000 0.960000
vt 0.960000 0.960000
vt 0.040000 0.040000
vt 0.960000 0.960000
vt 0.960000 0.040000
vt 0.040000 0.040000
vt 0.040000 0.960000
vt 0.960000 0.960000
vt 0.040000 0.040000
vt 0.960000 0.960000
vt 0.960000 0.040000
vt 0.040000 0.040000
vt 0.040000 0.960000
vt 0.960000 0.960000
vt 0.040000 0.040000
vt 0.960000 0.960000
vt 0.960000 0.040000
vt 0.040000 0.040000
vt 0.040000 0.960000
vt 0.960000 0.960000
vt 0.040000 0.040000
vt 0.960000 0.960000
vt 0.960000 0.040000
vt 0.500000 0.500000
vt 0.915746 0.672208
vt 0.950000 0.500000
vt 0.500000 0.500000
vt 0.818198 0.818198
vt 0.915746 0.672208
vt 0.500000 0.500000
vt 0.672208 0.915746
vt 0.818198 0.818198
vt 0.500000 0.500000
vt 0.500000 0.950000
vt 0.672208 0.915746
vt 0.500000 0.500000
vt 0.327792 0.915746
vt 0.500000 0.950000
vt 0.500000 0.500000
vt 0.181802 0.818198
vt 0.327792 0.915746
vt 0.500000 0.500000
vt 0.084254 0.672208
vt 0.181802 0.818198
vt 0.500000 0.500000
vt 0.050000 0.500000
vt 0.084254 0.672208
vt 0.500000 0.500000
vt 0.084254 0.327792
vt 0.050000 0.500000
vt 0.500000 0.500000
vt 0.181802 0.181802
vt 0.084254 0.327792
vt 0.500000 0.500000
vt 0.327792 0.084254
vt 0.181802 0.181802
vt 0.500000 0.500000
vt 0.500000 0.050000
vt 0.327792 0.084254
vt 0.500000 0.500000
vt 0.672208 0.084254
vt 0.500000 0.050000
vt 0.500000 0.500000
vt 0.818198 0.181802
vt 0.672208 0.084254
vt 0.500000 0.500000
vt 0.915746 0.327792
vt 0.818198 0.181802
vt 0.500000 0.500000
vt 0.950000 0.500000
vt 0.915746 0.327792
vt 0.040000 0.040000
vt 0.100000 0.040000
vt 0.100000 0.500000
vt 0.040000 0.040000
vt 0.100000 0.500000
vt 0.040000 0.500000
vt 0.100000 0.040000
vt 0.200000 0.040000
vt 0.200000 0.500000
vt 0.100000 0.040000
vt 0.200000 0.500000
vt 0.100000 0.500000
vt 0.200000 0.040000
vt 0.300000 0.040000
vt 0.300000 0.500000
vt 0.200000 0.040000
vt 0.300000 0.500000
vt 0.200000 0.500000
vt 0.300000 0.040000
vt 0.400000 0.040000
vt 0.400000 0.500000
vt 0.300000 0.040000
vt 0.400000 0.500000
vt 0.300000 0.500000
vt 0.400000 0.040000
vt 0.500000 0.040000
vt 0.500000 0.500000
vt 0.400000 0.040000
vt 0.500000 0.500000
vt 0.400000 0.500000
vt 0.500000 0.040000
vt 0.600000 0.040000
vt 0.600000 0.500000
vt 0.500000 0.040000
vt 0.600000 0.500000
vt 0.500000 0.500000
vt 0.600000 0.040000
vt 0.700000 0.040000
vt 0.700000 0.500000
vt 0.600000 0.040000
vt 0.700000 0.500000
vt 0.600000 0.500000
vt 0.700000 0.040000
vt 0.800000 0.040000
vt 0.800000 0.500000
vt 0.700000 0.040000
vt 0.800000 0.500000
vt 0.700000 0.500000
vt 0.800000 0.040000
vt 0.900000 0.040000
vt 0.900000 0.500000
vt 0.800000 0.040000
vt 0.900000 0.500000
vt 0.800000 0.500000
vt 0.900000 0.040000
vt 0.960000 0.040000
vt 0.960000 0.500000
vt 0.900000 0.040000
vt 0.960000 0.500000
vt 0.900000 0.500000
vt 0.040000 0.500000
vt 0.100000 0.500000
vt 0.100000 0.960000
vt 0.040000 0.500000
vt 0.100000 0.960000
vt 0.040000 0.960000
vt 0.100000 0.500000
vt 0.200000 0.500000
vt 0.200000 0.960000
vt 0.100000 0.500000
vt 0.200000 0.960000
vt 0.100000 0.960000
vt 0.200000 0.500000
vt 0.300000 0.500000
vt 0.300000 0.960000
vt 0.200000 0.500000
vt 0.300000 0.960000
vt 0.200000 0.960000
vt 0.300000 0.500000
vt 0.400000 0.500000
vt 0.400000 0.960000
vt 0.300000 0.500000
vt 0.400000 0.960000
vt 0.300000 0.960000
vt 0.400000 0.500000
vt 0.500000 0.500000
vt 0.500000 0.960000
vt 0.400000 0.500000
vt 0.500000 0.960000
vt 0.400000 0.960000
vt 0.500000 0.500000
vt 0.600000 0.500000
vt 0.600000 0.960000
vt 0.500000 0.500000
vt 0.600000 0.960000
vt 0.500000 0.960000
vt 0.600000 0.500000
vt 0.700000 0.500000
vt 0.700000 0.960000
vt 0.600000 0.500000
vt 0.700000 0.960000
vt 0.600000 0.960000
vt 0.700000 0.500000
vt 0.800000 0.500000
vt 0.800000 0.960000
vt 0.700000 0.500000
vt 0.800000 0.960000
vt 0.700000 0.960000
vt 0.800000 0.500000
vt 0.900000 0.500000
vt 0.900000 0.960000
vt 0.800000 0.500000
vt 0.900000 0.960000
vt 0.800000 0.960000
vt 0.900000 0.500000
vt 0.960000 0.500000
vt 0.960000 0.960000
vt 0.900000 0.500000
vt 0.960000 0.960000
vt 0.900000 0.960000
vt 0.500000 0.500000
vt 0.500000 0.900000
vt 0.900000 0.500000
vt 0.500000 0.500000
vt 0.500000 0.900000
vt 0.900000 0.500000
vt 0.500000 0.500000
vt 0.500000 0.900000
vt 0.900000 0.500000
vt 0.500000 0.500000
vt 0.500000 0.900000
vt 0.900000 0.500000
vt 0.500000 0.500000
vt 0.500000 0.900000
vt 0.900000 0.500000
vt 0.500000 0.500000
vt 0.500000 0.900000
vt 0.900000 0.500000
vt 0.500000 0.500000
vt 0.500000 0.900000
vt 0.900000 0.500000
vt 0.500000 0.500000
vt 0.500000 0.900000
vt 0.900000 0.500000
vt 0.500000 0.500000
vt 0.500000 0.900000
vt 0.900000 0.500000
vt 0.500000 0.500000
vt 0.500000 0.900000
vt 0.900000 0.500000
vt 0.500000 0.500000
vt 0.900000 0.500000
vt 0.500000 0.900000
vt 0.500000 0.500000
vt 0.900000 0.500000
vt 0.500000 0.900000
vt 0.500000 0.500000
vt 0.900000 0.500000
vt 0.500000 0.900000
vt 0.500000 0.500000
vt 0.900000 0.500000
vt 0.500000 0.900000
vt 0.500000 0.500000
vt 0.900000 0.500000
vt 0.500000 0.900000
vt 0.500000 0.500000
vt 0.900000 0.500000
vt 0.500000 0.900000
vt 0.500000 0.500000
vt 0.900000 0.500000
vt 0.500000 0.900000
vt 0.500000 0.500000
vt 0.900000 0.500000
vt 0.500000 0.900000
vt 0.500000 0.500000
vt 0.900000 0.500000
vt 0.500000 0.900000
vt 0.500000 0.500000
vt 0.900000 0.500000
vt 0.500000 0.900000
vt 0.040000 0.040000
vt 0.040000 0.960000
vt 0.960000 0.960000
vt 0.040000 0.040000
vt 0.960000 0.960000
vt 0.960000 0.040000
vt 0.040000 0.040000
vt 0.040000 0.960000
vt 0.960000 0.960000
vt 0.040000 0.040000
vt 0.960000 0.960000
vt 0.960000 0.040000
vt 0.040000 0.040000
vt 0.040000 0.960000
vt 0.960000 0.960000
vt 0.040000 0.040000
vt 0.960000 0.960000
vt 0.960000 0.040000
vt 0.040000 0.040000
vt 0.040000 0.960000
vt 0.960000 0.960000
vt 0.040000 0.040000
vt 0.960000 0.960000
vt 0.960000 0.040000
vt 0.040000 0.040000
vt 0.040000 0.960000
vt 0.960000 0.960000
vt 0.040000 0.040000
vt 0.960000 0.960000
vt 0.960000 0.040000
vt 0.040000 0.040000
vt 0.040000 0.960000
vt 0.960000 0.960000
vt 0.040000 0.040000
vt 0.960000 0.960000
vt 0.960000 0.040000
vt 0.040000 0.040000
vt 0.040000 0.960000
vt 0.960000 0.960000
vt 0.040000 0.040000
vt 0.960000 0.960000
vt 0.960000 0.040000
vt 0.040000 0.040000
vt 0.040000 0.960000
vt 0.960000 0.960000
vt 0.040000 0.040000
vt 0.960000 0.960000
vt 0.960000 0.040000
vt 0.040000 0.040000
vt 0.040000 0.960000
vt 0.960000 0.960000
vt 0.040000 0.040000
vt 0.960000 0.960000
vt 0.960000 0.040000
vt 0.040000 0.040000
vt 0.040000 0.960000
vt 0.960000 0.960000
vt 0.040000 0.040000
vt 0.960000 0.960000
vt 0.960000 0.040000
vt 0.040000 0.040000
vt 0.040000 0.960000
vt 0.960000 0.960000
vt 0.040000 0.040000
vt 0.960000 0.960000
vt 0.960000 0.040000
vt 0.040000 0.040000
vt 0.040000 0.960000
vt 0.960000 0.960000
vt 0.040000 0.040000
vt 0.960000 0.960000
vt 0.960000 0.040000
vt 0.040000 0.040000
vt 0.040000 0.960000
vt 0.960000 0.960000
vt 0.040000 0.040000
vt 0.960000 0.960000
vt 0.960000 0.040000
vt 0.040000 0.040000
vt 0.040000 0.960000
vt 0.960000 0.960000
vt 0.040000 0.040000
vt 0.960000 0.960000
vt 0.960000 0.040000
vt 0.040000 0.040000
vt 0.040000 0.960000
vt 0.960000 0.960000
vt 0.040000 0.040000
vt 0.960000 0.960000
vt 0.960000 0.040000
vt 0.040000 0.040000
vt 0.040000 0.960000
vt 0.960000 0.960000
vt 0.040000 0.040000
vt 0.960000 0.960000
vt 0.960000 0.040000
vt 0.040000 0.040000
vt 0.040000 0.960000
vt 0.960000 0.960000
vt 0.040000 0.040000
vt 0.960000 0.960000
vt 0.960000 0.040000
vt 0.040000 0.040000
vt 0.040000 0.960000
vt 0.960000 0.960000
vt 0.040000 0.040000
vt 0.960000 0.960000
vt 0.960000 0.040000
vt 0.040000 0.040000
vt 0.040000 0.960000
vt 0.960000 0.960000
vt 0.040000 0.040000
vt 0.960000 0.960000
vt 0.960000 0.040000
vt 0.040000 0.040000
vt 0.040000 0.960000
vt 0.960000 0.960000
vt 0.040000 0.040000
vt 0.960000 0.960000
vt 0.960000 0.040000
vt 0.040000 0.040000
vt 0.040000 0.960000
vt 0.960000 0.960000
vt 0.040000 0.040000
vt 0.960000 0.960000
vt 0.960000 0.040000
vt 0.040000 0.040000
vt 0.040000 0.960000
vt 0.960000 0.960000
vt 0.040000 0.040000
vt 0.960000 0.960000
vt 0.960000 0.040000
vt 0.040000 0.040000
vt 0.040000 0.960000
vt 0.960000 0.960000
vt 0.040000 0.040000
vt 0.960000 0.960000
vt 0.960000 0.040000
vt 0.040000 0.040000
vt 0.040000 0.960000
vt 0.960000 0.960000
vt 0.040000 0.040000
vt 0.960000 0.960000
vt 0.960000 0.040000
vt 0.040000 0.040000
vt 0.040000 0.960000
vt 0.960000 0.960000
vt 0.040000 0.040000
vt 0.960000 0.960000
vt 0.960000 0.040000
vt 0.040000 0.040000
vt 0.960000 0.040000
vt 0.960000 0.960000
vt 0.040000 0.040000
vt 0.960000 0.960000
vt 0.040000 0.960000
vt 0.040000 0.040000
vt 0.960000 0.040000
vt 0.960000 0.960000
vt 0.040000 0.040000
vt 0.960000 0.960000
vt 0.040000 0.960000
vt 0.040000 0.040000
vt 0.040000 0.960000
vt 0.960000 0.960000
vt 0.040000 0.040000
vt 0.960000 0.960000
vt 0.960000 0.040000
vt 0.040000 0.040000
vt 0.040000 0.960000
vt 0.960000 0.960000
vt 0.040000 0.040000
vt 0.960000 0.960000
vt 0.960000 0.040000
vt 0.040000 0.040000
vt 0.960000 0.040000
vt 0.960000 0.960000
vt 0.040000 0.040000
vt 0.960000 0.960000
vt 0.040000 0.960000
vt 0.040000 0.040000
vt 0.125000 0.040000
vt 0.125000 0.333333
vt 0.040000 0.040000
vt 0.125000 0.333333
vt 0.040000 0.333333
vt 0.125000 0.040000
vt 0.250000 0.040000
vt 0.250000 0.333333
vt 0.125000 0.040000
vt 0.250000 0.333333
vt 0.125000 0.333333
vt 0.250000 0.040000
vt 0.375000 0.040000
vt 0.375000 0.333333
vt 0.250000 0.040000
vt 0.375000 0.333333
vt 0.250000 0.333333
vt 0.375000 0.040000
vt 0.500000 0.040000
vt 0.500000 0.333333
vt 0.375000 0.040000
vt 0.500000 0.333333
vt 0.375000 0.333333
vt 0.500000 0.040000
vt 0.625000 0.040000
vt 0.625000 0.333333
vt 0.500000 0.040000
vt 0.625000 0.333333
vt 0.500000 0.333333
vt 0.625000 0.040000
vt 0.750000 0.040000
vt 0.750000 0.333333
vt 0.625000 0.040000
vt 0.750000 0.333333
vt 0.625000 0.333333
vt 0.750000 0.040000
vt 0.875000 0.040000
vt 0.875000 0.333333
vt 0.750000 0.040000
vt 0.875000 0.333333
vt 0.750000 0.333333
vt 0.875000 0.040000
vt 0.960000 0.040000
vt 0.960000 0.333333
vt 0.875000 0.040000
vt 0.960000 0.333333
vt 0.875000 0.333333
vt 0.040000 0.333333
vt 0.125000 0.333333
vt 0.125000 0.666667
vt 0.040000 0.333333
vt 0.125000 0.666667
vt 0.040000 0.666667
vt 0.125000 0.333333
vt 0.250000 0.333333
vt 0.250000 0.666667
vt 0.125000 0.333333
vt 0.250000 0.666667
vt 0.125000 0.666667
vt 0.250000 0.333333
vt 0.375000 0.333333
vt 0.375000 0.666667
vt 0.250000 0.333333
vt 0.375000 0.666667
vt 0.250000 0.666667
vt 0.375000 0.333333
vt 0.500000 0.333333
vt 0.500000 0.666667
vt 0.375000 0.333333
vt 0.500000 0.666667
vt 0.375000 0.666667
vt 0.500000 0.333333
vt 0.625000 0.333333
vt 0.625000 0.666667
vt 0.500000 0.333333
vt 0.625000 0.666667
vt 0.500000 0.666667
vt 0.625000 0.333333
vt 0.750000 0.333333
vt 0.750000 0.666667
vt 0.625000 0.333333
vt 0.750000 0.666667
vt 0.625000 0.666667
vt 0.750000 0.333333
vt 0.875000 0.333333
vt 0.875000 0.666667
vt 0.750000 0.333333
vt 0.875000 0.666667
vt 0.750000 0.666667
vt 0.875000 0.333333
vt 0.960000 0.333333
vt 0.960000 0.666667
vt 0.875000 0.333333
vt 0.960000 0.666667
vt 0.875000 0.666667
vt 0.040000 0.666667
vt 0.125000 0.666667
vt 0.125000 0.960000
vt 0.040000 0.666667
vt 0.125000 0.960000
vt 0.040000 0.960000
vt 0.125000 0.666667
vt 0.250000 0.666667
vt 0.250000 0.960000
vt 0.125000 0.666667
vt 0.250000 0.960000
vt 0.125000 0.960000
vt 0.250000 0.666667
vt 0.375000 0.666667
vt 0.375000 0.960000
vt 0.250000 0.666667
vt 0.375000 0.960000
vt 0.250000 0.960000
vt 0.375000 0.666667
vt 0.500000 0.666667
vt 0.500000 0.960000
vt 0.375000 0.666667
vt 0.500000 0.960000
vt 0.375000 0.960000
vt 0.500000 0.666667
vt 0.625000 0.666667
vt 0.625000 0.960000
vt 0.500000 0.666667
vt 0.625000 0.960000
vt 0.500000 0.960000
vt 0.625000 0.666667
vt 0.750000 0.666667
vt 0.750000 0.960000
vt 0.625000 0.666667
vt 0.750000 0.960000
vt 0.625000 0.960000
vt 0.750000 0.666667
vt 0.875000 0.666667
vt 0.875000 0.960000
vt 0.750000 0.666667
vt 0.875000 0.960000
vt 0.750000 0.960000
vt 0.875000 0.666667
vt 0.960000 0.666667
vt 0.960000 0.960000
vt 0.875000 0.666667
vt 0.960000 0.960000
vt 0.875000 0.960000
vt 0.500000 0.500000
vt 0.500000 0.900000
vt 0.900000 0.500000
vt 0.500000 0.500000
vt 0.500000 0.900000
vt 0.900000 0.500000
vt 0.500000 0.500000
vt 0.500000 0.900000
vt 0.900000 0.500000
vt 0.500000 0.500000
vt 0.500000 0.900000
vt 0.900000 0.500000
vt 0.500000 0.500000
vt 0.500000 0.900000
vt 0.900000 0.500000
vt 0.500000 0.500000
vt 0.500000 0.900000
vt 0.900000 0.500000
vt 0.500000 0.500000
vt 0.500000 0.900000
vt 0.900000 0.500000
vt 0.500000 0.500000
vt 0.500000 0.900000
vt 0.900000 0.500000
vt 0.500000 0.500000
vt 0.900000 0.500000
vt 0.500000 0.900000
vt 0.500000 0.500000
vt 0.900000 0.500000
vt 0.500000 0.900000
vt 0.500000 0.500000
vt 0.900000 0.500000
vt 0.500000 0.900000
vt 0.500000 0.500000
vt 0.900000 0.500000
vt 0.500000 0.900000
vt 0.500000 0.500000
vt 0.900000 0.500000
vt 0.500000 0.900000
vt 0.500000 0.500000
vt 0.900000 0.500000
vt 0.500000 0.900000
vt 0.500000 0.500000
vt 0.900000 0.500000
vt 0.500000 0.900000
vt 0.500000 0.500000
vt 0.900000 0.500000
vt 0.500000 0.900000
vt 0.040000 0.040000
vt 0.166667 0.040000
vt 0.166667 0.062500
vt 0.040000 0.040000
vt 0.166667 0.062500
vt 0.040000 0.062500
vt 0.166667 0.040000
vt 0.333333 0.040000
vt 0.333333 0.062500
vt 0.166667 0.040000
vt 0.333333 0.062500
vt 0.166667 0.062500
vt 0.333333 0.040000
vt 0.500000 0.040000
vt 0.500000 0.062500
vt 0.333333 0.040000
vt 0.500000 0.062500
vt 0.333333 0.062500
vt 0.500000 0.040000
vt 0.666667 0.040000
vt 0.666667 0.062500
vt 0.500000 0.040000
vt 0.666667 0.062500
vt 0.500000 0.062500
vt 0.666667 0.040000
vt 0.833333 0.040000
vt 0.833333 0.062500
vt 0.666667 0.040000
vt 0.833333 0.062500
vt 0.666667 0.062500
vt 0.833333 0.040000
vt 0.960000 0.040000
vt 0.960000 0.062500
vt 0.833333 0.040000
vt 0.960000 0.062500
vt 0.833333 0.062500
vt 0.040000 0.062500
vt 0.166667 0.062500
vt 0.166667 0.125000
vt 0.040000 0.062500
vt 0.166667 0.125000
vt 0.040000 0.125000
vt 0.166667 0.062500
vt 0.333333 0.062500
vt 0.333333 0.125000
vt 0.166667 0.062500
vt 0.333333 0.125000
vt 0.166667 0.125000
vt 0.333333 0.062500
vt 0.500000 0.062500
vt 0.500000 0.125000
vt 0.333333 0.062500
vt 0.500000 0.125000
vt 0.333333 0.125000
vt 0.500000 0.062500
vt 0.666667 0.062500
vt 0.666667 0.125000
vt 0.500000 0.062500
vt 0.666667 0.125000
vt 0.500000 0.125000
vt 0.666667 0.062500
vt 0.833333 0.062500
vt 0.833333 0.125000
vt 0.666667 0.062500
vt 0.833333 0.125000
vt 0.666667 0.125000
vt 0.833333 0.062500
vt 0.960000 0.062500
vt 0.960000 0.125000
vt 0.833333 0.062500
vt 0.960000 0.125000
vt 0.833333 0.125000
vt 0.040000 0.125000
vt 0.166667 0.125000
vt 0.166667 0.187500
vt 0.040000 0.125000
vt 0.166667 0.187500
vt 0.040000 0.187500
vt 0.166667 0.125000
vt 0.333333 0.125000
vt 0.333333 0.187500
vt 0.166667 0.125000
vt 0.333333 0.187500
vt 0.166667 0.187500
vt 0.333333 0.125000
vt 0.500000 0.125000
vt 0.500000 0.187500
vt 0.333333 0.125000
vt 0.500000 0.187500
vt 0.333333 0.187500
vt 0.500000 0.125000
vt 0.666667 0.125000
vt 0.666667 0.187500
vt 0.500000 0.125000
vt 0.666667 0.187500
vt 0.500000 0.187500
vt 0.666667 0.125000
vt 0.833333 0.125000
vt 0.833333 0.187500
vt 0.666667 0.125000
vt 0.833333 0.187500
vt 0.666667 0.187500
vt 0.833333 0.125000
vt 0.960000 0.125000
vt 0.960000 0.187500
vt 0.833333 0.125000
vt 0.960000 0.187500
vt 0.833333 0.187500
vt 0.040000 0.187500
vt 0.166667 0.187500
vt 0.166667 0.250000
vt 0.040000 0.187500
vt 0.166667 0.250000
vt 0.040000 0.250000
vt 0.166667 0.187500
vt 0.333333 0.187500
vt 0.333333 0.250000
vt 0.166667 0.187500
vt 0.333333 0.250000
vt 0.166667 0.250000
vt 0.333333 0.187500
vt 0.500000 0.187500
vt 0.500000 0.250000
vt 0.333333 0.187500
vt 0.500000 0.250000
vt 0.333333 0.250000
vt 0.500000 0.187500
vt 0.666667 0.187500
vt 0.666667 0.250000
vt 0.500000 0.187500
vt 0.666667 0.250000
vt 0.500000 0.250000
vt 0.666667 0.187500
vt 0.833333 0.187500
vt 0.833333 0.250000
vt 0.666667 0.187500
vt 0.833333 0.250000
vt 0.666667 0.250000
vt 0.833333 0.187500
vt 0.960000 0.187500
vt 0.960000 0.250000
vt 0.833333 0.187500
vt 0.960000 0.250000
vt 0.833333 0.250000
vt 0.040000 0.250000
vt 0.166667 0.250000
vt 0.166667 0.312500
vt 0.040000 0.250000
vt 0.166667 0.312500
vt 0.040000 0.312500
vt 0.166667 0.250000
vt 0.333333 0.250000
vt 0.333333 0.312500
vt 0.166667 0.250000
vt 0.333333 0.312500
vt 0.166667 0.312500
vt 0.333333 0.250000
vt 0.500000 0.250000
vt 0.500000 0.312500
vt 0.333333 0.250000
vt 0.500000 0.312500
vt 0.333333 0.312500
vt 0.500000 0.250000
vt 0.666667 0.250000
vt 0.666667 0.312500
vt 0.500000 0.250000
vt 0.666667 0.312500
vt 0.500000 0.312500
vt 0.666667 0.250000
vt 0.833333 0.250000
vt 0.833333 0.312500
vt 0.666667 0.250000
vt 0.833333 0.312500
vt 0.666667 0.312500
vt 0.833333 0.250000
vt 0.960000 0.250000
vt 0.960000 0.312500
vt 0.833333 0.250000
vt 0.960000 0.312500
vt 0.833333 0.312500
vt 0.040000 0.312500
vt 0.166667 0.312500
vt 0.166667 0.375000
vt 0.040000 0.312500
vt 0.166667 0.375000
vt 0.040000 0.375000
vt 0.166667 0.312500
vt 0.333333 0.312500
vt 0.333333 0.375000
vt 0.166667 0.312500
vt 0.333333 0.375000
vt 0.166667 0.375000
vt 0.333333 0.312500
vt 0.500000 0.312500
vt 0.500000 0.375000
vt 0.333333 0.312500
vt 0.500000 0.375000
vt 0.333333 0.375000
vt 0.500000 0.312500
vt 0.666667 0.312500
vt 0.666667 0.375000
vt 0.500000 0.312500
vt 0.666667 0.375000
vt 0.500000 0.375000
vt 0.666667 0.312500
vt 0.833333 0.312500
vt 0.833333 0.375000
vt 0.666667 0.312500
vt 0.833333 0.375000
vt 0.666667 0.375000
vt 0.833333 0.312500
vt 0.960000 0.312500
vt 0.960000 0.375000
vt 0.833333 0.312500
vt 0.960000 0.375000
vt 0.833333 0.375000
vt 0.040000 0.375000
vt 0.166667 0.375000
vt 0.166667 0.437500
vt 0.040000 0.375000
vt 0.166667 0.437500
vt 0.040000 0.437500
vt 0.166667 0.375000
vt 0.333333 0.375000
vt 0.333333 0.437500
vt 0.166667 0.375000
vt 0.333333 0.437500
vt 0.166667 0.437500
vt 0.333333 0.375000
vt 0.500000 0.375000
vt 0.500000 0.437500
vt 0.333333 0.375000
vt 0.500000 0.437500
vt 0.333333 0.437500
vt 0.500000 0.375000
vt 0.666667 0.375000
vt 0.666667 0.437500
vt 0.500000 0.375000
vt 0.666667 0.437500
vt 0.500000 0.437500
vt 0.666667 0.375000
vt 0.833333 0.375000
vt 0.833333 0.437500
vt 0.666667 0.375000
vt 0.833333 0.437500
vt 0.666667 0.437500
vt 0.833333 0.375000
vt 0.960000 0.375000
vt 0.960000 0.437500
vt 0.833333 0.375000
vt 0.960000 0.437500
vt 0.833333 0.437500
vt 0.040000 0.437500
vt 0.166667 0.437500
vt 0.166667 0.500000
vt 0.040000 0.437500
vt 0.166667 0.500000
vt 0.040000 0.500000
vt 0.166667 0.437500
vt 0.333333 0.437500
vt 0.333333 0.500000
vt 0.166667 0.437500
vt 0.333333 0.500000
vt 0.166667 0.500000
vt 0.333333 0.437500
vt 0.500000 0.437500
vt 0.500000 0.500000
vt 0.333333 0.437500
vt 0.500000 0.500000
vt 0.333333 0.500000
vt 0.500000 0.437500
vt 0.666667 0.437500
vt 0.666667 0.500000
vt 0.500000 0.437500
vt 0.666667 0.500000
vt 0.500000 0.500000
vt 0.666667 0.437500
vt 0.833333 0.437500
vt 0.833333 0.500000
vt 0.666667 0.437500
vt 0.833333 0.500000
vt 0.666667 0.500000
vt 0.833333 0.437500
vt 0.960000 0.437500
vt 0.960000 0.500000
vt 0.833333 0.437500
vt 0.960000 0.500000
vt 0.833333 0.500000
vt 0.040000 0.500000
vt 0.166667 0.500000
vt 0.166667 0.562500
vt 0.040000 0.500000
vt 0.166667 0.562500
vt 0.040000 0.562500
vt 0.166667 0.500000
vt 0.333333 0.500000
vt 0.333333 0.562500
vt 0.166667 0.500000
vt 0.333333 0.562500
vt 0.166667 0.562500
vt 0.333333 0.500000
vt 0.500000 0.500000
vt 0.500000 0.562500
vt 0.333333 0.500000
vt 0.500000 0.562500
vt 0.333333 0.562500
vt 0.500000 0.500000
vt 0.666667 0.500000
vt 0.666667 0.562500
vt 0.500000 0.500000
vt 0.666667 0.562500
vt 0.500000 0.562500
vt 0.666667 0.500000
vt 0.833333 0.500000
vt 0.833333 0.562500
vt 0.666667 0.500000
vt 0.833333 0.562500
vt 0.666667 0.562500
vt 0.833333 0.500000
vt 0.960000 0.500000
vt 0.960000 0.562500
vt 0.833333 0.500000
vt 0.960000 0.562500
vt 0.833333 0.562500
vt 0.040000 0.562500
vt 0.166667 0.562500
vt 0.166667 0.625000
vt 0.040000 0.562500
vt 0.166667 0.625000
vt 0.040000 0.625000
vt 0.166667 0.562500
vt 0.333333 0.562500
vt 0.333333 0.625000
vt 0.166667 0.562500
vt 0.333333 0.625000
vt 0.166667 0.625000
vt 0.333333 0.562500
vt 0.500000 0.562500
vt 0.500000 0.625000
vt 0.333333 0.562500
vt 0.500000 0.625000
vt 0.333333 0.625000
vt 0.500000 0.562500
vt 0.666667 0.562500
vt 0.666667 0.625000
vt 0.500000 0.562500
vt 0.666667 0.625000
vt 0.500000 0.625000
vt 0.666667 0.562500
vt 0.833333 0.562500
vt 0.833333 0.625000
vt 0.666667 0.562500
vt 0.833333 0.625000
vt 0.666667 0.625000
vt 0.833333 0.562500
vt 0.960000 0.562500
vt 0.960000 0.625000
vt 0.833333 0.562500
vt 0.960000 0.625000
vt 0.833333 0.625000
vt 0.040000 0.625000
vt 0.166667 0.625000
vt 0.166667 0.687500
vt 0.040000 0.625000
vt 0.166667 0.687500
vt 0.040000 0.687500
vt 0.166667 0.625000
vt 0.333333 0.625000
vt 0.333333 0.687500
vt 0.166667 0.625000
vt 0.333333 0.687500
vt 0.166667 0.687500
vt 0.333333 0.625000
vt 0.500000 0.625000
vt 0.500000 0.687500
vt 0.333333 0.625000
vt 0.500000 0.687500
vt 0.333333 0.687500
vt 0.500000 0.625000
vt 0.666667 0.625000
vt 0.666667 0.687500
vt 0.500000 0.625000
vt 0.666667 0.687500
vt 0.500000 0.687500
vt 0.666667 0.625000
vt 0.833333 0.625000
vt 0.833333 0.687500
vt 0.666667 0.625000
vt 0.833333 0.687500
vt 0.666667 0.687500
vt 0.833333 0.625000
vt 0.960000 0.625000
vt 0.960000 0.687500
vt 0.833333 0.625000
vt 0.960000 0.687500
vt 0.833333 0.687500
vt 0.040000 0.687500
vt 0.166667 0.687500
vt 0.166667 0.750000
vt 0.040000 0.687500
vt 0.166667 0.750000
vt 0.040000 0.750000
vt 0.166667 0.687500
vt 0.333333 0.687500
vt 0.333333 0.750000
vt 0.166667 0.687500
vt 0.333333 0.750000
vt 0.166667 0.750000
vt 0.333333 0.687500
vt 0.500000 0.687500
vt 0.500000 0.750000
vt 0.333333 0.687500
vt 0.500000 0.750000
vt 0.333333 0.750000
vt 0.500000 0.687500
vt 0.666667 0.687500
vt 0.666667 0.750000
vt 0.500000 0.687500
vt 0.666667 0.750000
vt 0.500000 0.750000
vt 0.666667 0.687500
vt 0.833333 0.687500
vt 0.833333 0.750000
vt 0.666667 0.687500
vt 0.833333 0.750000
vt 0.666667 0.750000
vt 0.833333 0.687500
vt 0.960000 0.687500
vt 0.960000 0.750000
vt 0.833333 0.687500
vt 0.960000 0.750000
vt 0.833333 0.750000
vt 0.040000 0.750000
vt 0.166667 0.750000
vt 0.166667 0.812500
vt 0.040000 0.750000
vt 0.166667 0.812500
vt 0.040000 0.812500
vt 0.166667 0.750000
vt 0.333333 0.750000
vt 0.333333 0.812500
vt 0.166667 0.750000
vt 0.333333 0.812500
vt 0.166667 0.812500
vt 0.333333 0.750000
vt 0.500000 0.750000
vt 0.500000 0.812500
vt 0.333333 0.750000
vt 0.500000 0.812500
vt 0.333333 0.812500
vt 0.500000 0.750000
vt 0.666667 0.750000
vt 0.666667 0.812500
vt 0.500000 0.750000
vt 0.666667 0.812500
vt 0.500000 0.812500
vt 0.666667 0.750000
vt 0.833333 0.750000
vt 0.833333 0.812500
vt 0.666667 0.750000
vt 0.833333 0.812500
vt 0.666667 0.812500
vt 0.833333 0.750000
vt 0.960000 0.750000
vt 0.960000 0.812500
vt 0.833333 0.750000
vt 0.960000 0.812500
vt 0.833333 0.812500
vt 0.040000 0.812500
vt 0.166667 0.812500
vt 0.166667 0.875000
vt 0.040000 0.812500
vt 0.166667 0.875000
vt 0.040000 0.875000
vt 0.166667 0.812500
vt 0.333333 0.812500
vt 0.333333 0.875000
vt 0.166667 0.812500
vt 0.333333 0.875000
vt 0.166667 0.875000
vt 0.333333 0.812500
vt 0.500000 0.812500
vt 0.500000 0.875000
vt 0.333333 0.812500
vt 0.500000 0.875000
vt 0.333333 0.875000
vt 0.500000 0.812500
vt 0.666667 0.812500
vt 0.666667 0.875000
vt 0.500000 0.812500
vt 0.666667 0.875000
vt 0.500000 0.875000
vt 0.666667 0.812500
vt 0.833333 0.812500
vt 0.833333 0.875000
vt 0.666667 0.812500
vt 0.833333 0.875000
vt 0.666667 0.875000
vt 0.833333 0.812500
vt 0.960000 0.812500
vt 0.960000 0.875000
vt 0.833333 0.812500
vt 0.960000 0.875000
vt 0.833333 0.875000
vt 0.040000 0.875000
vt 0.166667 0.875000
vt 0.166667 0.937500
vt 0.040000 0.875000
vt 0.166667 0.937500
vt 0.040000 0.937500
vt 0.166667 0.875000
vt 0.333333 0.875000
vt 0.333333 0.937500
vt 0.166667 0.875000
vt 0.333333 0.937500
vt 0.166667 0.937500
vt 0.333333 0.875000
vt 0.500000 0.875000
vt 0.500000 0.937500
vt 0.333333 0.875000
vt 0.500000 0.937500
vt 0.333333 0.937500
vt 0.500000 0.875000
vt 0.666667 0.875000
vt 0.666667 0.937500
vt 0.500000 0.875000
vt 0.666667 0.937500
vt 0.500000 0.937500
vt 0.666667 0.875000
vt 0.833333 0.875000
vt 0.833333 0.937500
vt 0.666667 0.875000
vt 0.833333 0.937500
vt 0.666667 0.937500
vt 0.833333 0.875000
vt 0.960000 0.875000
vt 0.960000 0.937500
vt 0.833333 0.875000
vt 0.960000 0.937500
vt 0.833333 0.937500
vt 0.040000 0.937500
vt 0.166667 0.937500
vt 0.166667 0.960000
vt 0.040000 0.937500
vt 0.166667 0.960000
vt 0.040000 0.960000
vt 0.166667 0.937500
vt 0.333333 0.937500
vt 0.333333 0.960000
vt 0.166667 0.937500
vt 0.333333 0.960000
vt 0.166667 0.960000
vt 0.333333 0.937500
vt 0.500000 0.937500
vt 0.500000 0.960000
vt 0.333333 0.937500
vt 0.500000 0.960000
vt 0.333333 0.960000
vt 0.500000 0.937500
vt 0.666667 0.937500
vt 0.666667 0.960000
vt 0.500000 0.937500
vt 0.666667 0.960000
vt 0.500000 0.960000
vt 0.666667 0.937500
vt 0.833333 0.937500
vt 0.833333 0.960000
vt 0.666667 0.937500
vt 0.833333 0.960000
vt 0.666667 0.960000
vt 0.833333 0.937500
vt 0.960000 0.937500
vt 0.960000 0.960000
vt 0.833333 0.937500
vt 0.960000 0.960000
vt 0.833333 0.960000
vt 0.500000 0.500000
vt 0.500000 0.900000
vt 0.900000 0.500000
vt 0.500000 0.500000
vt 0.500000 0.900000
vt 0.900000 0.500000
vt 0.500000 0.500000
vt 0.500000 0.900000
vt 0.900000 0.500000
vt 0.500000 0.500000
vt 0.500000 0.900000
vt 0.900000 0.500000
vt 0.500000 0.500000
vt 0.500000 0.900000
vt 0.900000 0.500000
vt 0.500000 0.500000
vt 0.500000 0.900000
vt 0.900000 0.500000
vt 0.500000 0.500000
vt 0.900000 0.500000
vt 0.500000 0.900000
vt 0.500000 0.500000
vt 0.900000 0.500000
vt 0.500000 0.900000
vt 0.500000 0.500000
vt 0.900000 0.500000
vt 0.500000 0.900000
vt 0.500000 0.500000
vt 0.900000 0.500000
vt 0.500000 0.900000
vt 0.500000 0.500000
vt 0.900000 0.500000
vt 0.500000 0.900000
vt 0.500000 0.500000
vt 0.900000 0.500000
vt 0.500000 0.900000
vn 0.965926 -0.000000 0.258819
vn 0.965926 0.000000 0.258819
vn 0.707107 -0.000000 0.707107
vn 0.707107 0.000000 0.707107
vn 0.258819 -0.000000 0.965926
vn 0.258819 0.000000 0.965926
vn -0.258819 0.000000 0.965926
vn -0.258819 0.000000 0.965926
vn -0.707107 0.000000 0.707107
vn -0.707107 0.000000 0.707107
vn -0.965926 0.000000 0.258819
vn -0.965926 0.000000 0.258819
vn -0.965926 0.000000 -0.258819
vn -0.965926 0.000000 -0.258819
vn -0.707107 0.000000 -0.707107
vn -0.707107 0.000000 -0.707107
vn -0.258819 0.000000 -0.965926
vn -0.258819 0.000000 -0.965926
vn 0.258819 0.000000 -0.965926
vn 0.258819 0.000000 -0.965926
vn 0.707107 0.000000 -0.707107
vn 0.707107 0.000000 -0.707107
vn 0.965926 0.000000 -0.258819
vn 0.965926 0.000000 -0.258819
vn 0.000000 -1.000000 0.000000
vn 0.000000 -1.000000 0.000000
vn 0.000000 1.000000 0.000000
vn 0.000000 1.000000 0.000000
vn 0.000000 0.000000 -1.000000
vn 0.000000 0.000000 -1.000000
vn 0.000000 -0.000000 1.000000
vn 0.000000 0.000000 1.000000
vn 1.000000 0.000000 0.000000
vn 1.000000 0.000000 0.000000
vn -1.000000 0.000000 0.000000
vn -1.000000 0.000000 0.000000
vn 0.000000 -1.000000 0.000000
vn 0.000000 -1.000000 0.000000
vn 0.000000 1.000000 0.000000
vn 0.000000 1.000000 0.000000
vn 0.000000 0.000000 -1.000000
vn 0.000000 0.000000 -1.000000
vn 0.000000 -0.000000 1.000000
vn 0.000000 0.000000 1.000000
vn 1.000000 0.000000 0.000000
vn 1.000000 0.000000 0.000000
vn -1.000000 0.000000 0.000000
vn -1.000000 0.000000 0.000000
vn 0.877419 0.257080 0.405025
vn 0.883110 0.239083 0.403679
vn 0.774115 0.536335 0.336289
vn 0.802436 0.499228 0.326906
vn 0.571188 0.764749 0.298167
vn 0.611472 0.739943 0.280333
vn 0.297276 0.903022 0.310126
vn 0.316105 0.900400 0.298928
vn 0.000596 0.924047 0.382279
vn -0.016101 0.918071 0.396089
vn -0.263818 0.822411 0.504024
vn -0.290139 0.791460 0.537968
vn -0.450472 0.617556 0.644748
vn -0.459429 0.578032 0.674391
vn -0.535989 0.348449 0.768960
vn -0.532862 0.331485 0.778573
vn -0.519118 0.058741 0.852682
vn -0.528293 0.074203 0.845814
vn -0.409239 -0.213351 0.887133
vn -0.444301 -0.184021 0.876774
vn -0.219410 -0.432883 0.874341
vn -0.264704 -0.416593 0.869703
vn 0.029768 -0.566059 0.823827
vn 0.009172 -0.566672 0.823892
vn 0.305060 -0.587568 0.749468
vn 0.323864 -0.579153 0.748127
vn 0.563429 -0.491466 0.664085
vn 0.596733 -0.456526 0.659919
vn 0.762607 -0.295235 0.575559
vn 0.780242 -0.252282 0.572343
vn 0.872325 -0.032851 0.487821
vn 0.873009 -0.014076 0.487501
vn 0.962285 0.232434 0.141360
vn 0.964384 0.223835 0.140929
vn 0.821343 0.570422 -0.003775
vn 0.833219 0.552881 -0.008296
vn 0.552593 0.828600 -0.089794
vn 0.568461 0.816751 -0.098843
vn 0.220388 0.970972 -0.092966
vn 0.227374 0.968798 -0.098651
vn -0.119609 0.992785 -0.008499
vn -0.125982 0.992032 -0.001063
vn -0.425341 0.891651 0.155060
vn -0.436431 0.882375 0.175907
vn -0.648682 0.665336 0.369513
vn -0.652239 0.649740 0.390414
vn -0.738910 0.342236 0.580419
vn -0.736601 0.334775 0.587660
vn -0.681088 -0.006101 0.732176
vn -0.686523 0.000369 0.727108
vn -0.508593 -0.307127 0.804367
vn -0.526027 -0.296864 0.796974
vn -0.268283 -0.522978 0.809023
vn -0.287224 -0.518920 0.805124
vn 0.005297 -0.642497 0.766270
vn -0.002392 -0.643316 0.765597
vn 0.289143 -0.662903 0.690620
vn 0.296114 -0.659748 0.690688
vn 0.562044 -0.581295 0.588390
vn 0.575816 -0.568453 0.587620
vn 0.795032 -0.395337 0.460036
vn 0.804130 -0.377939 0.458843
vn 0.945132 -0.112540 0.306693
vn 0.946208 -0.104060 0.306370
vn 0.977232 0.196032 -0.081170
vn 0.977741 0.193292 -0.081619
vn 0.798406 0.547904 -0.249698
vn 0.801487 0.542368 -0.251904
vn 0.499818 0.799523 -0.333084
vn 0.503803 0.795589 -0.336483
vn 0.158147 0.931773 -0.326784
vn 0.159906 0.930813 -0.328660
vn -0.183178 0.953440 -0.239580
vn -0.184885 0.953701 -0.237218
vn -0.498739 0.863295 -0.077337
vn -0.502145 0.861911 -0.070431
vn -0.747630 0.647360 0.148237
vn -0.749168 0.643768 0.155916
vn -0.862725 0.314982 0.395591
vn -0.862096 0.312928 0.398581
vn -0.801081 -0.060414 0.595500
vn -0.802904 -0.058567 0.593224
vn -0.597929 -0.381817 0.704767
vn -0.603765 -0.379177 0.701208
vn -0.323906 -0.601697 0.730100
vn -0.329922 -0.601039 0.727945
vn -0.026496 -0.718101 0.695434
vn -0.028828 -0.718531 0.694897
vn 0.273297 -0.738346 0.616567
vn 0.275383 -0.737302 0.616887
vn 0.561931 -0.660954 0.497366
vn 0.566177 -0.656990 0.497802
vn 0.813840 -0.474880 0.334892
vn 0.816863 -0.469475 0.335154
vn 0.975465 -0.176038 0.132209
vn 0.975925 -0.173341 0.132376
vn 0.957560 0.154500 -0.243330
vn 0.956997 0.161334 -0.241099
vn 0.782381 0.513285 -0.352731
vn 0.776539 0.527278 -0.344913
vn 0.498474 0.780404 -0.377484
vn 0.490020 0.790492 -0.367427
vn 0.161687 0.928897 -0.333177
vn 0.157734 0.931341 -0.328214
vn -0.188244 0.952853 -0.237984
vn -0.184293 0.952176 -0.243715
vn -0.517917 0.849232 -0.102797
vn -0.509660 0.852169 -0.118551
vn -0.783833 0.617529 0.065297
vn -0.778998 0.625191 0.047932
vn -0.927210 0.277758 0.251262
vn -0.927768 0.282342 0.243986
vn -0.899713 -0.107991 0.422912
vn -0.896140 -0.112493 0.429277
vn -0.708486 -0.451280 0.542581
vn -0.694888 -0.458318 0.554144
vn -0.415020 -0.691646 0.591087
vn -0.399884 -0.693710 0.599048
vn -0.083106 -0.817358 0.570104
vn -0.077056 -0.816383 0.572348
vn 0.250406 -0.836894 0.486729
vn 0.244896 -0.839441 0.485143
vn 0.563482 -0.750479 0.345354
vn 0.551985 -0.760301 0.342426
vn 0.822989 -0.546753 0.154110
vn 0.814365 -0.560255 0.151408
vn 0.971839 -0.228075 -0.059259
vn 0.970145 -0.234809 -0.060699
vn 0.936218 0.128830 -0.326954
vn 0.936270 0.134495 -0.324513
vn 0.766767 0.484380 -0.421241
vn 0.763179 0.496472 -0.413611
vn 0.488393 0.755234 -0.437143
vn 0.482248 0.764476 -0.427801
vn 0.149702 0.909334 -0.388203
vn 0.146597 0.911751 -0.383692
vn -0.207014 0.933911 -0.291471
vn -0.203794 0.933008 -0.296586
vn -0.541629 0.825345 -0.159512
vn -0.534790 0.827027 -0.173281
vn -0.807795 0.589461 -0.001686
vn -0.803586 0.594957 -0.016613
vn -0.952835 0.252397 0.168528
vn -0.953014 0.255823 0.162231
vn -0.936218 -0.128830 0.326954
vn -0.933681 -0.132378 0.332739
vn -0.758717 -0.477592 0.443006
vn -0.748040 -0.483652 0.454441
vn -0.467061 -0.733119 0.494360
vn -0.454271 -0.735267 0.503012
vn -0.121795 -0.871815 0.474453
vn -0.116444 -0.871092 0.477116
vn 0.231055 -0.892916 0.386413
vn 0.226090 -0.895070 0.384361
vn 0.557254 -0.795674 0.237427
vn 0.546878 -0.804052 0.233290
vn 0.815941 -0.576485 0.043646
vn 0.808051 -0.587775 0.039684
vn 0.954799 -0.250295 -0.160346
vn 0.953014 -0.255823 -0.162231
vn 0.659778 -0.017757 -0.751251
vn 0.667213 -0.006836 -0.744835
vn 0.541899 0.287726 -0.789658
vn 0.551704 0.318100 -0.770996
vn 0.338075 0.554991 -0.760060
vn 0.338805 0.585630 -0.736375
vn 0.050520 0.731192 -0.680298
vn 0.047432 0.742131 -0.668575
vn -0.283151 0.762520 -0.581711
vn -0.277665 0.754609 -0.594532
vn -0.595449 0.636548 -0.490150
vn -0.579154 0.626097 -0.522096
vn -0.824024 0.392528 -0.408540
vn -0.807683 0.391097 -0.441238
vn -0.941810 0.090249 -0.323803
vn -0.936489 0.093192 -0.338087
vn -0.947723 -0.228745 -0.222479
vn -0.949834 -0.234519 -0.206920
vn -0.835056 -0.540147 -0.104510
vn -0.828115 -0.556880 -0.064107
vn -0.592697 -0.805425 0.001246
vn -0.572815 -0.818635 0.041462
vn -0.248239 -0.967966 0.037678
vn -0.236531 -0.970193 0.052709
vn 0.121386 -0.991786 -0.040331
vn 0.108476 -0.992685 -0.053010
vn 0.433337 -0.872828 -0.224476
vn 0.402267 -0.881018 -0.248977
vn 0.628383 -0.635067 -0.449250
vn 0.599498 -0.649200 -0.468125
vn 0.694913 -0.333523 -0.637070
vn 0.684802 -0.342005 -0.643490
vn 0.258819 0.233679 0.937234
vn 0.258819 0.233679 0.937234
vn 0.258819 0.233679 0.937234
vn 0.258819 0.233679 0.937234
vn 0.258819 0.233679 0.937234
vn 0.258819 0.233679 0.937234
vn 0.258819 0.233679 0.937234
vn 0.258819 0.233679 0.937234
vn 0.258819 0.233679 0.937234
vn 0.258819 0.233679 0.937234
vn 0.258819 0.233679 0.937234
vn 0.258819 0.233679 0.937234
vn 0.258819 0.233679 0.937234
vn 0.258819 0.233679 0.937234
vn 0.258819 0.233679 0.937234
vn 0.258819 0.233679 0.937234
vn -0.660860 -0.266269 -0.701687
vn -0.660860 -0.266269 -0.701687
vn -0.595355 -0.429375 -0.679109
vn -0.595355 -0.429375 -0.679109
vn -0.474316 -0.558808 -0.680263
vn -0.474316 -0.558808 -0.680263
vn -0.316171 -0.634861 -0.704973
vn -0.316171 -0.634861 -0.704973
vn -0.144997 -0.645957 -0.749477
vn -0.144997 -0.645957 -0.749477
vn 0.013148 -0.590406 -0.806999
vn 0.013148 -0.590406 -0.806999
vn 0.134186 -0.476666 -0.868783
vn 0.134186 -0.476666 -0.868783
vn 0.199692 -0.322053 -0.925422
vn 0.199692 -0.322053 -0.925422
vn 0.199692 -0.150104 -0.968293
vn 0.199692 -0.150104 -0.968293
vn 0.134186 0.013003 -0.990871
vn 0.134186 0.013003 -0.990871
vn 0.013148 0.142435 -0.989717
vn 0.013148 0.142435 -0.989717
vn -0.144997 0.218488 -0.965007
vn -0.144997 0.218488 -0.965007
vn -0.316171 0.229584 -0.920503
vn -0.316171 0.229584 -0.920503
vn -0.474316 0.174034 -0.862981
vn -0.474316 0.174034 -0.862981
vn -0.595355 0.060293 -0.801198
vn -0.595355 0.060293 -0.801198
vn -0.660860 -0.094320 -0.744558
vn -0.660860 -0.094320 -0.744558
vn -0.258819 -0.233679 -0.937234
vn -0.258819 -0.233679 -0.937234
vn -0.258819 -0.233679 -0.937234
vn -0.258819 -0.233679 -0.937234
vn -0.258819 -0.233679 -0.937234
vn -0.258819 -0.233679 -0.937234
vn -0.258819 -0.233679 -0.937234
vn -0.258819 -0.233679 -0.937234
vn -0.258819 -0.233679 -0.937234
vn -0.258819 -0.233679 -0.937234
vn -0.258819 -0.233679 -0.937234
vn -0.258819 -0.233679 -0.937234
vn -0.258819 -0.233679 -0.937234
vn -0.258819 -0.233679 -0.937234
vn -0.258819 -0.233679 -0.937234
vn -0.258819 -0.233679 -0.937234
vn -0.918650 0.359387 0.164082
vn -0.918650 0.359387 0.164082
vn -0.567757 0.821789 -0.048108
vn -0.567757 0.821789 -0.048108
vn 0.000000 0.970296 -0.241922
vn 0.000000 0.970296 -0.241922
vn 0.567757 0.748182 -0.343330
vn 0.567757 0.748182 -0.343330
vn 0.918650 0.240288 -0.313598
vn 0.918650 0.240288 -0.313598
vn 0.918650 -0.359387 -0.164082
vn 0.918650 -0.359387 -0.164082
vn 0.567757 -0.821789 0.048108
vn 0.567757 -0.821789 0.048108
vn 0.000000 -0.970296 0.241922
vn 0.000000 -0.970296 0.241922
vn -0.567757 -0.748182 0.343330
vn -0.567757 -0.748182 0.343330
vn -0.918650 -0.240288 0.313598
vn -0.918650 -0.240288 0.313598
vn -0.918650 0.359387 0.164082
vn -0.918650 0.359387 0.164082
vn -0.567757 0.821789 -0.048108
vn -0.567757 0.821789 -0.048108
vn 0.000000 0.970296 -0.241922
vn 0.000000 0.970296 -0.241922
vn 0.567757 0.748182 -0.343330
vn 0.567757 0.748182 -0.343330
vn 0.918650 0.240288 -0.313598
vn 0.918650 0.240288 -0.313598
vn 0.918650 -0.359387 -0.164082
vn 0.918650 -0.359387 -0.164082
vn 0.567757 -0.821789 0.048108
vn 0.567757 -0.821789 0.048108
vn 0.000000 -0.970296 0.241922
vn 0.000000 -0.970296 0.241922
vn -0.567757 -0.748182 0.343330
vn -0.567757 -0.748182 0.343330
vn -0.918650 -0.240288 0.313598
vn -0.918650 -0.240288 0.313598
vn 0.258819 0.233679 0.937234
vn 0.258819 0.233679 0.937234
vn 0.258819 0.233679 0.937234
vn 0.258819 0.233679 0.937234
vn 0.258819 0.233679 0.937234
vn 0.258819 0.233679 0.937234
vn 0.258819 0.233679 0.937234
vn 0.258819 0.233679 0.937234
vn 0.258819 0.233679 0.937234
vn 0.258819 0.233679 0.937234
vn -0.258819 -0.233679 -0.937234
vn -0.258819 -0.233679 -0.937234
vn -0.258819 -0.233679 -0.937234
vn -0.258819 -0.233679 -0.937234
vn -0.258819 -0.233679 -0.937234
vn -0.258819 -0.233679 -0.937234
vn -0.258819 -0.233679 -0.937234
vn -0.258819 -0.233679 -0.937234
vn -0.258819 -0.233679 -0.937234
vn -0.258819 -0.233679 -0.937234
vn 0.000000 -1.000000 0.000000
vn 0.000000 -1.000000 0.000000
vn 0.000000 1.000000 0.000000
vn 0.000000 1.000000 0.000000
vn 0.000000 0.000000 -1.000000
vn 0.000000 0.000000 -1.000000
vn 0.000000 -0.000000 1.000000
vn 0.000000 0.000000 1.000000
vn 1.000000 0.000000 0.000000
vn 1.000000 0.000000 0.000000
vn -1.000000 0.000000 0.000000
vn -1.000000 0.000000 0.000000
vn 0.000000 -1.000000 0.000000
vn 0.000000 -1.000000 0.000000
vn 0.000000 1.000000 0.000000
vn 0.000000 1.000000 0.000000
vn 0.000000 0.000000 -1.000000
vn 0.000000 0.000000 -1.000000
vn 0.000000 -0.000000 1.000000
vn 0.000000 0.000000 1.000000
vn 1.000000 0.000000 0.000000
vn 1.000000 0.000000 0.000000
vn -1.000000 0.000000 0.000000
vn -1.000000 0.000000 0.000000
vn 0.000000 -1.000000 0.000000
vn 0.000000 -1.000000 0.000000
vn 0.000000 1.000000 0.000000
vn 0.000000 1.000000 0.000000
vn 0.000000 0.000000 -1.000000
vn 0.000000 0.000000 -1.000000
vn 0.000000 -0.000000 1.000000
vn 0.000000 0.000000 1.000000
vn 1.000000 0.000000 0.000000
vn 1.000000 0.000000 0.000000
vn -1.000000 0.000000 0.000000
vn -1.000000 0.000000 0.000000
vn 0.000000 -1.000000 0.000000
vn 0.000000 -1.000000 0.000000
vn 0.000000 1.000000 0.000000
vn 0.000000 1.000000 0.000000
vn 0.000000 0.000000 -1.000000
vn 0.000000 0.000000 -1.000000
vn 0.000000 -0.000000 1.000000
vn 0.000000 0.000000 1.000000
vn 1.000000 0.000000 0.000000
vn 1.000000 0.000000 0.000000
vn -1.000000 0.000000 0.000000
vn -1.000000 0.000000 0.000000
vn 0.000000 0.939693 -0.342020
vn 0.000000 0.939693 -0.342020
vn 0.000000 -0.939693 0.342020
vn 0.000000 -0.939693 0.342020
vn -0.000000 0.342020 0.939693
vn 0.000000 0.342020 0.939693
vn 0.000000 -0.342020 -0.939693
vn 0.000000 -0.342020 -0.939693
vn 1.000000 -0.000000 0.000000
vn 1.000000 0.000000 0.000000
vn -1.000000 0.000000 0.000000
vn -1.000000 0.000000 0.000000
vn 0.382683 0.288934 0.877537
vn 0.382683 0.288934 0.877537
vn 0.923880 0.119680 0.363488
vn 0.923880 0.119680 0.363488
vn 0.923880 -0.119680 -0.363488
vn 0.923880 -0.119680 -0.363488
vn 0.382683 -0.288934 -0.877537
vn 0.382683 -0.288934 -0.877537
vn -0.382683 -0.288934 -0.877537
vn -0.382683 -0.288934 -0.877537
vn -0.923880 -0.119680 -0.363488
vn -0.923880 -0.119680 -0.363488
vn -0.923880 0.119680 0.363488
vn -0.923880 0.119680 0.363488
vn -0.382683 0.288934 0.877537
vn -0.382683 0.288934 0.877537
vn 0.382683 0.288934 0.877537
vn 0.382683 0.288934 0.877537
vn 0.923880 0.119680 0.363488
vn 0.923880 0.119680 0.363488
vn 0.923880 -0.119680 -0.363488
vn 0.923880 -0.119680 -0.363488
vn 0.382683 -0.288934 -0.877537
vn 0.382683 -0.288934 -0.877537
vn -0.382683 -0.288934 -0.877537
vn -0.382683 -0.288934 -0.877537
vn -0.923880 -0.119680 -0.363488
vn -0.923880 -0.119680 -0.363488
vn -0.923880 0.119680 0.363488
vn -0.923880 0.119680 0.363488
vn -0.382683 0.288934 0.877537
vn -0.382683 0.288934 0.877537
vn 0.382683 0.288934 0.877537
vn 0.382683 0.288934 0.877537
vn 0.923880 0.119680 0.363488
vn 0.923880 0.119680 0.363488
vn 0.923880 -0.119680 -0.363488
vn 0.923880 -0.119680 -0.363488
vn 0.382683 -0.288934 -0.877537
vn 0.382683 -0.288934 -0.877537
vn -0.382683 -0.288934 -0.877537
vn -0.382683 -0.288934 -0.877537
vn -0.923880 -0.119680 -0.363488
vn -0.923880 -0.119680 -0.363488
vn -0.923880 0.119680 0.363488
vn -0.923880 0.119680 0.363488
vn -0.382683 0.288934 0.877537
vn -0.382683 0.288934 0.877537
vn -0.000000 -0.949839 0.312740
vn 0.000000 -0.949839 0.312740
vn 0.000000 -0.949839 0.312740
vn 0.000000 -0.949839 0.312740
vn -0.000000 -0.949839 0.312740
vn 0.000000 -0.949839 0.312740
vn 0.000000 -0.949839 0.312740
vn 0.000000 -0.949839 0.312740
vn 0.000000 0.949839 -0.312740
vn 0.000000 0.949839 -0.312740
vn 0.000000 0.949839 -0.312740
vn -0.000000 0.949839 -0.312740
vn 0.000000 0.949839 -0.312740
vn 0.000000 0.949839 -0.312740
vn 0.000000 0.949839 -0.312740
vn -0.000000 0.949839 -0.312740
vn 0.499568 -0.088621 -0.861730
vn 0.499596 -0.088616 -0.861714
vn 0.999136 -0.041438 0.003259
vn 0.999136 -0.041430 0.003290
vn 0.499568 0.047181 0.864989
vn 0.499540 0.047189 0.865004
vn -0.499568 0.088616 0.861730
vn -0.499595 0.088621 0.861714
vn -0.999136 0.041432 -0.003259
vn -0.999136 0.041435 -0.003291
vn -0.499568 -0.047186 -0.864989
vn -0.499540 -0.047183 -0.865005
vn 0.499522 -0.090360 -0.861576
vn 0.499609 -0.090343 -0.861527
vn 0.999101 -0.042251 0.003355
vn 0.999102 -0.042227 0.003453
vn 0.499579 0.048101 0.864932
vn 0.499492 0.048125 0.864981
vn -0.499523 0.090343 0.861577
vn -0.499609 0.090360 0.861526
vn -0.999102 0.042235 -0.003354
vn -0.999101 0.042243 -0.003455
vn -0.499579 -0.048117 -0.864931
vn -0.499492 -0.048108 -0.864982
vn 0.499452 -0.093972 -0.861230
vn 0.499611 -0.093940 -0.861141
vn 0.999028 -0.043936 0.003593
vn 0.999029 -0.043889 0.003772
vn 0.499575 0.050020 0.864826
vn 0.499417 0.050067 0.864914
vn -0.499453 0.093940 0.861233
vn -0.499610 0.093971 0.861138
vn -0.999029 0.043904 -0.003590
vn -0.999028 0.043920 -0.003774
vn -0.499576 -0.050052 -0.864823
vn -0.499416 -0.050035 -0.864917
vn 0.499346 -0.099756 -0.860641
vn 0.499603 -0.099701 -0.860498
vn 0.998904 -0.046630 0.004007
vn 0.998907 -0.046550 0.004294
vn 0.499555 0.053099 0.864653
vn 0.499302 0.053178 0.864795
vn -0.499348 0.099700 0.860646
vn -0.499600 0.099754 0.860493
vn -0.998907 0.046575 -0.004002
vn -0.998904 0.046604 -0.004299
vn -0.499558 -0.053154 -0.864648
vn -0.499299 -0.053124 -0.864800
vn 0.499185 -0.108228 -0.859710
vn 0.499585 -0.108135 -0.859489
vn 0.998710 -0.050571 0.004665
vn 0.998714 -0.050436 0.005109
vn 0.499518 0.057610 0.864386
vn 0.499124 0.057745 0.864604
vn -0.499190 0.108134 0.859719
vn -0.499581 0.108224 0.859480
vn -0.998714 0.050479 -0.004656
vn -0.998710 0.050527 -0.005119
vn -0.499523 -0.057703 -0.864377
vn -0.499119 -0.057653 -0.864613
vn 0.498934 -0.120224 -0.858261
vn 0.499562 -0.120061 -0.857918
vn 0.998406 -0.056144 0.005688
vn 0.998415 -0.055910 0.006379
vn 0.499460 0.063999 0.863970
vn 0.498845 0.064233 0.864308
vn -0.498943 0.120060 0.858278
vn -0.499553 0.120216 0.857901
vn -0.998416 0.055984 -0.005671
vn -0.998407 0.056067 -0.006397
vn -0.499468 -0.064161 -0.863953
vn -0.498835 -0.064074 -0.864325
vn 0.498527 -0.137084 -0.855967
vn 0.499542 -0.136787 -0.855422
vn 0.997926 -0.063962 0.007298
vn 0.997944 -0.063534 0.008399
vn 0.499373 0.072973 0.863309
vn 0.498387 0.073403 0.863842
vn -0.498546 0.136783 0.856004
vn -0.499524 0.137070 0.855388
vn -0.997945 0.063670 -0.007264
vn -0.997926 0.063821 -0.008437
vn -0.499390 -0.073271 -0.863273
vn -0.498366 -0.073112 -0.863879
vn 0.497830 -0.161009 -0.852198
vn 0.499552 -0.160425 -0.851300
vn 0.997132 -0.075028 0.009918
vn 0.997175 -0.074184 0.011745
vn 0.499246 0.085687 0.862213
vn 0.497595 0.086538 0.863082
vn -0.497876 0.160413 0.852284
vn -0.499510 0.160980 0.851220
vn -0.997176 0.074451 -0.009842
vn -0.997132 0.074749 -0.011834
vn -0.499285 -0.086276 -0.862132
vn -0.497544 -0.085963 -0.863169
vn 0.496552 -0.195727 -0.845652
vn 0.499676 -0.194465 -0.844102
vn 0.995744 -0.091028 0.014412
vn 0.995858 -0.089199 0.017601
vn 0.499061 0.104059 0.860297
vn 0.496133 0.105914 0.861762
vn -0.496674 0.194425 0.845880
vn -0.499565 0.195660 0.843891
vn -0.995861 0.089775 -0.014213
vn -0.995744 0.090421 -0.017842
vn -0.499162 -0.105342 -0.860082
vn -0.495995 -0.104670 -0.861994
vn 0.493986 -0.247850 -0.833396
vn 0.500182 -0.244803 -0.830596
vn 0.993114 -0.114938 0.022680
vn 0.993467 -0.110488 0.028568
vn 0.498781 0.131345 0.856718
vn 0.493219 0.135908 0.859223
vn -0.494371 0.244650 0.834113
vn -0.499843 0.247690 0.829944
vn -0.993477 0.111877 -0.022076
vn -0.993111 0.113446 -0.029333
vn -0.499086 -0.134499 -0.856051
vn -0.492775 -0.132884 -0.859950
vn 0.488206 -0.329598 -0.808096
vn 0.501970 -0.321283 -0.802996
vn 0.987555 -0.152266 0.039370
vn 0.988871 -0.139886 0.050660
vn 0.498271 0.172925 0.849602
vn 0.486979 0.185880 0.853405
vn -0.489682 0.320578 0.810827
vn -0.500709 0.329253 0.800552
vn -0.988927 0.143678 -0.037150
vn -0.987526 0.148049 -0.053616
vn -0.499382 -0.181848 -0.847083
vn -0.485243 -0.177518 -0.856170
vn 0.473311 -0.463109 -0.749338
vn 0.508024 -0.438156 -0.741573
vn 0.973896 -0.213432 0.077295
vn 0.979878 -0.174288 0.097279
vn 0.496525 0.235487 0.835469
vn 0.473514 0.278195 0.835699
vn -0.480262 0.434258 0.762081
vn -0.502222 0.463437 0.730067
vn -0.980271 0.185846 -0.067305
vn -0.973493 0.199715 -0.111472
vn -0.501522 -0.264645 -0.823674
vn -0.465202 -0.252335 -0.848477
vn 0.431764 -0.673422 -0.600069
vn 0.525164 -0.602498 -0.600998
vn 0.933480 -0.313153 0.174788
vn 0.964474 -0.186414 0.187190
vn 0.483345 0.310308 0.818588
vn 0.452920 0.461485 0.762820
vn -0.468386 0.580560 0.666006
vn -0.492060 0.688511 0.532757
vn -0.967020 0.222403 -0.124135
vn -0.926912 0.264809 -0.265912
vn -0.510929 -0.413262 -0.753768
vn -0.410026 -0.385024 -0.826822
vn 0.344480 -0.898852 -0.270920
vn 0.547163 -0.769099 -0.330302
vn 0.817940 -0.405955 0.407645
vn 0.948086 -0.119261 0.294804
vn 0.378236 0.330669 0.864636
vn 0.463611 0.731232 0.500365
vn -0.480364 0.713584 0.509949
vn -0.352652 0.934600 -0.046470
vn -0.954594 0.210216 -0.211091
vn -0.764790 0.241618 -0.597257
vn -0.533756 -0.622328 -0.572549
vn -0.317721 -0.607080 -0.728360
vn 0.297782 -0.945517 0.131618
vn 0.530646 -0.847553 0.008271
vn 0.750920 -0.247661 0.612195
vn 0.934408 -0.014386 0.355914
vn 0.359930 0.645966 0.673185
vn 0.495064 0.853911 0.160462
vn -0.461163 0.875543 0.144059
vn -0.274726 0.842713 -0.462990
vn -0.936073 0.131934 -0.326129
vn -0.738577 0.027228 -0.673619
vn -0.541939 -0.780003 -0.312886
vn -0.321297 -0.824336 -0.466089
vn 0.371166 -0.871045 0.321739
vn 0.466723 -0.846570 0.255910
vn 0.851100 -0.021203 0.524575
vn 0.906500 0.034727 0.420775
vn 0.457637 0.856582 0.238403
vn 0.472373 0.875450 0.102233
vn -0.423624 0.875501 -0.232465
vn -0.402490 0.835147 -0.374876
vn -0.905353 0.017151 -0.424314
vn -0.853263 -0.042892 -0.519714
vn -0.499368 -0.853149 -0.150890
vn -0.415520 -0.884984 -0.210111
vn 0.041563 0.996060 -0.078338
vn 0.041563 0.996060 -0.078338
vn 0.041563 0.996060 -0.078338
vn 0.041563 0.996060 -0.078338
vn 0.041563 0.996060 -0.078338
vn 0.041563 0.996060 -0.078338
vn -0.467440 0.072711 0.881029
vn -0.467440 0.072711 0.881029
vn -0.467440 0.072711 0.881029
vn -0.467440 0.072711 0.881029
vn -0.467440 0.072711 0.881029
vn -0.467440 0.072711 0.881029
usemtl housing
f 1/1/1 2/2/1 3/3/1
f 4/4/2 5/5/2 6/6/2
f 7/7/3 8/8/3 9/9/3
f 10/10/4 11/11/4 12/12/4
f 13/13/5 14/14/5 15/15/5
f 16/16/6 17/17/6 18/18/6
f 19/19/7 20/20/7 21/21/7
f 22/22/8 23/23/8 24/24/8
f 25/25/9 26/26/9 27/27/9
f 28/28/10 29/29/10 30/30/10
f 31/31/11 32/32/11 33/33/11
f 34/34/12 35/35/12 36/36/12
f 37/37/13 38/38/13 39/39/13
f 40/40/14 41/41/14 42/42/14
f 43/43/15 44/44/15 45/45/15
f 46/46/16 47/47/16 48/48/16
f 49/49/17 50/50/17 51/51/17
f 52/52/18 53/53/18 54/54/18
f 55/55/19 56/56/19 57/57/19
f 58/58/20 59/59/20 60/60/20
f 61/61/21 62/62/21 63/63/21
f 64/64/22 65/65/22 66/66/22
f 67/67/23 68/68/23 69/69/23
f 70/70/24 71/71/24 72/72/24
f 73/73/25 74/74/25 75/75/25
f 76/76/26 77/77/26 78/78/26
f 79/79/27 80/80/27 81/81/27
f 82/82/28 83/83/28 84/84/28
f 85/85/29 86/86/29 87/87/29
f 88/88/30 89/89/30 90/90/30
f 91/91/31 92/92/31 93/93/31
f 94/94/32 95/95/32 96/96/32
f 97/97/33 98/98/33 99/99/33
f 100/100/34 101/101/34 102/102/34
f 103/103/35 104/104/35 105/105/35
f 106/106/36 107/107/36 108/108/36
f 109/109/37 110/110/37 111/111/37
f 112/112/38 113/113/38 114/114/38
f 115/115/39 116/116/39 117/117/39
f 118/118/40 119/119/40 120/120/40
f 121/121/41 122/122/41 123/123/41
f 124/124/42 125/125/42 126/126/42
f 127/127/43 128/128/43 129/129/43
f 130/130/44 131/131/44 132/132/44
f 133/133/45 134/134/45 135/135/45
f 136/136/46 137/137/46 138/138/46
f 139/139/47 140/140/47 141/141/47
f 142/142/48 143/143/48 144/144/48
f 145/145/49 146/146/49 147/147/49
f 148/148/50 149/149/50 150/150/50
f 151/151/51 152/152/51 153/153/51
f 154/154/52 155/155/52 156/156/52
f 157/157/53 158/158/53 159/159/53
f 160/160/54 161/161/54 162/162/54
f 163/163/55 164/164/55 165/165/55
f 166/166/56 167/167/56 168/168/56
f 169/169/57 170/170/57 171/171/57
f 172/172/58 173/173/58 174/174/58
f 175/175/59 176/176/59 177/177/59
f 178/178/60 179/179/60 180/180/60
f 181/181/61 182/182/61 183/183/61
f 184/184/62 185/185/62 186/186/62
f 187/187/63 188/188/63 189/189/63
f 190/190/64 191/191/64 192/192/64
f 193/193/65 194/194/65 195/195/65
f 196/196/66 197/197/66 198/198/66
f 199/199/67 200/200/67 201/201/67
f 202/202/68 203/203/68 204/204/68
f 205/205/69 206/206/69 207/207/69
f 208/208/70 209/209/70 210/210/70
f 211/211/71 212/212/71 213/213/71
f 214/214/72 215/215/72 216/216/72
f 217/217/73 218/218/73 219/219/73
f 220/220/74 221/221/74 222/222/74
f 223/223/75 224/224/75 225/225/75
f 226/226/76 227/227/76 228/228/76
f 229/229/77 230/230/77 231/231/77
f 232/232/78 233/233/78 234/234/78
f 235/235/79 236/236/79 237/237/79
f 238/238/80 239/239/80 240/240/80
f 241/241/81 242/242/81 243/243/81
f 244/244/82 245/245/82 246/246/82
f 247/247/83 248/248/83 249/249/83
f 250/250/84 251/251/84 252/252/84
f 253/253/85 254/254/85 255/255/85
f 256/256/86 257/257/86 258/258/86
f 259/259/87 260/260/87 261/261/87
f 262/262/88 263/263/88 264/264/88
f 265/265/89 266/266/89 267/267/89
f 268/268/90 269/269/90 270/270/90
f 271/271/91 272/272/91 273/273/91
f 274/274/92 275/275/92 276/276/92
f 277/277/93 278/278/93 279/279/93
f 280/280/94 281/281/94 282/282/94
f 283/283/95 284/284/95 285/285/95
f 286/286/96 287/287/96 288/288/96
f 289/289/97 290/290/97 291/291/97
f 292/292/98 293/293/98 294/294/98
f 295/295/99 296/296/99 297/297/99
f 298/298/100 299/299/100 300/300/100
f 301/301/101 302/302/101 303/303/101
f 304/304/102 305/305/102 306/306/102
f 307/307/103 308/308/103 309/309/103
f 310/310/104 311/311/104 312/312/104
f 313/313/105 314/314/105 315/315/105
f 316/316/106 317/317/106 318/318/106
f 319/319/107 320/320/107 321/321/107
f 322/322/108 323/323/108 324/324/108
f 325/325/109 326/326/109 327/327/109
f 328/328/110 329/329/110 330/330/110
f 331/331/111 332/332/111 333/333/111
f 334/334/112 335/335/112 336/336/112
f 337/337/113 338/338/113 339/339/113
f 340/340/114 341/341/114 342/342/114
f 343/343/115 344/344/115 345/345/115
f 346/346/116 347/347/116 348/348/116
f 349/349/117 350/350/117 351/351/117
f 352/352/118 353/353/118 354/354/118
f 355/355/119 356/356/119 357/357/119
f 358/358/120 359/359/120 360/360/120
f 361/361/121 362/362/121 363/363/121
f 364/364/122 365/365/122 366/366/122
f 367/367/123 368/368/123 369/369/123
f 370/370/124 371/371/124 372/372/124
f 373/373/125 374/374/125 375/375/125
f 376/376/126 377/377/126 378/378/126
f 379/379/127 380/380/127 381/381/127
f 382/382/128 383/383/128 384/384/128
f 385/385/129 386/386/129 387/387/129
f 388/388/130 389/389/130 390/390/130
f 391/391/131 392/392/131 393/393/131
f 394/394/132 395/395/132 396/396/132
f 397/397/133 398/398/133 399/399/133
f 400/400/134 401/401/134 402/402/134
f 403/403/135 404/404/135 405/405/135
f 406/406/136 407/407/136 408/408/136
f 409/409/137 410/410/137 411/411/137
f 412/412/138 413/413/138 414/414/138
f 415/415/139 416/416/139 417/417/139
f 418/418/140 419/419/140 420/420/140
f 421/421/141 422/422/141 423/423/141
f 424/424/142 425/425/142 426/426/142
f 427/427/143 428/428/143 429/429/143
f 430/430/144 431/431/144 432/432/144
f 433/433/145 434/434/145 435/435/145
f 436/436/146 437/437/146 438/438/146
f 439/439/147 440/440/147 441/441/147
f 442/442/148 443/443/148 444/444/148
f 445/445/149 446/446/149 447/447/149
f 448/448/150 449/449/150 450/450/150
f 451/451/151 452/452/151 453/453/151
f 454/454/152 455/455/152 456/456/152
f 457/457/153 458/458/153 459/459/153
f 460/460/154 461/461/154 462/462/154
f 463/463/155 464/464/155 465/465/155
f 466/466/156 467/467/156 468/468/156
f 469/469/157 470/470/157 471/471/157
f 472/472/158 473/473/158 474/474/158
f 475/475/159 476/476/159 477/477/159
f 478/478/160 479/479/160 480/480/160
f 481/481/161 482/482/161 483/483/161
f 484/484/162 485/485/162 486/486/162
f 487/487/163 488/488/163 489/489/163
f 490/490/164 491/491/164 492/492/164
f 493/493/165 494/494/165 495/495/165
f 496/496/166 497/497/166 498/498/166
f 499/499/167 500/500/167 501/501/167
f 502/502/168 503/503/168 504/504/168
f 505/505/169 506/506/169 507/507/169
f 508/508/170 509/509/170 510/510/170
f 511/511/171 512/512/171 513/513/171
f 514/514/172 515/515/172 516/516/172
f 517/517/173 518/518/173 519/519/173
f 520/520/174 521/521/174 522/522/174
f 523/523/175 524/524/175 525/525/175
f 526/526/176 527/527/176 528/528/176
f 529/529/177 530/530/177 531/531/177
f 532/532/178 533/533/178 534/534/178
f 535/535/179 536/536/179 537/537/179
f 538/538/180 539/539/180 540/540/180
f 541/541/181 542/542/181 543/543/181
f 544/544/182 545/545/182 546/546/182
f 547/547/183 548/548/183 549/549/183
f 550/550/184 551/551/184 552/552/184
f 553/553/185 554/554/185 555/555/185
f 556/556/186 557/557/186 558/558/186
f 559/559/187 560/560/187 561/561/187
f 562/562/188 563/563/188 564/564/188
f 565/565/189 566/566/189 567/567/189
f 568/568/190 569/569/190 570/570/190
f 571/571/191 572/572/191 573/573/191
f 574/574/192 575/575/192 576/576/192
f 577/577/193 578/578/193 579/579/193
f 580/580/194 581/581/194 582/582/194
f 583/583/195 584/584/195 585/585/195
f 586/586/196 587/587/196 588/588/196
f 589/589/197 590/590/197 591/591/197
f 592/592/198 593/593/198 594/594/198
f 595/595/199 596/596/199 597/597/199
f 598/598/200 599/599/200 600/600/200
f 601/601/201 602/602/201 603/603/201
f 604/604/202 605/605/202 606/606/202
f 607/607/203 608/608/203 609/609/203
f 610/610/204 611/611/204 612/612/204
f 613/613/205 614/614/205 615/615/205
f 616/616/206 617/617/206 618/618/206
f 619/619/207 620/620/207 621/621/207
f 622/622/208 623/623/208 624/624/208
f 625/625/209 626/626/209 627/627/209
f 628/628/210 629/629/210 630/630/210
f 631/631/211 632/632/211 633/633/211
f 634/634/212 635/635/212 636/636/212
f 637/637/213 638/638/213 639/639/213
f 640/640/214 641/641/214 642/642/214
f 643/643/215 644/644/215 645/645/215
f 646/646/216 647/647/216 648/648/216
f 649/649/217 650/650/217 651/651/217
f 652/652/218 653/653/218 654/654/218
f 655/655/219 656/656/219 657/657/219
f 658/658/220 659/659/220 660/660/220
f 661/661/221 662/662/221 663/663/221
f 664/664/222 665/665/222 666/666/222
f 667/667/223 668/668/223 669/669/223
f 670/670/224 671/671/224 672/672/224
f 673/673/225 674/674/225 675/675/225
f 676/676/226 677/677/226 678/678/226
f 679/679/227 680/680/227 681/681/227
f 682/682/228 683/683/228 684/684/228
f 685/685/229 686/686/229 687/687/229
f 688/688/230 689/689/230 690/690/230
f 691/691/231 692/692/231 693/693/231
f 694/694/232 695/695/232 696/696/232
f 697/697/233 698/698/233 699/699/233
f 700/700/234 701/701/234 702/702/234
f 703/703/235 704/704/235 705/705/235
f 706/706/236 707/707/236 708/708/236
f 709/709/237 710/710/237 711/711/237
f 712/712/238 713/713/238 714/714/238
f 715/715/239 716/716/239 717/717/239
f 718/718/240 719/719/240 720/720/240
f 721/721/241 722/722/241 723/723/241
f 724/724/242 725/725/242 726/726/242
f 727/727/243 728/728/243 729/729/243
f 730/730/244 731/731/244 732/732/244
f 733/733/245 734/734/245 735/735/245
f 736/736/246 737/737/246 738/738/246
f 739/739/247 740/740/247 741/741/247
f 742/742/248 743/743/248 744/744/248
f 745/745/249 746/746/249 747/747/249
f 748/748/250 749/749/250 750/750/250
f 751/751/251 752/752/251 753/753/251
f 754/754/252 755/755/252 756/756/252
f 757/757/253 758/758/253 759/759/253
f 760/760/254 761/761/254 762/762/254
f 763/763/255 764/764/255 765/765/255
f 766/766/256 767/767/256 768/768/256
f 769/769/257 770/770/257 771/771/257
f 772/772/258 773/773/258 774/774/258
f 775/775/259 776/776/259 777/777/259
f 778/778/260 779/779/260 780/780/260
f 781/781/261 782/782/261 783/783/261
f 784/784/262 785/785/262 786/786/262
f 787/787/263 788/788/263 789/789/263
f 790/790/264 791/791/264 792/792/264
f 793/793/265 794/794/265 795/795/265
f 796/796/266 797/797/266 798/798/266
f 799/799/267 800/800/267 801/801/267
f 802/802/268 803/803/268 804/804/268
f 805/805/269 806/806/269 807/807/269
f 808/808/270 809/809/270 810/810/270
f 811/811/271 812/812/271 813/813/271
f 814/814/272 815/815/272 816/816/272
f 817/817/273 818/818/273 819/819/273
f 820/820/274 821/821/274 822/822/274
f 823/823/275 824/824/275 825/825/275
f 826/826/276 827/827/276 828/828/276
f 829/829/277 830/830/277 831/831/277
f 832/832/278 833/833/278 834/834/278
f 835/835/279 836/836/279 837/837/279
f 838/838/280 839/839/280 840/840/280
f 841/841/281 842/842/281 843/843/281
f 844/844/282 845/845/282 846/846/282
f 847/847/283 848/848/283 849/849/283
f 850/850/284 851/851/284 852/852/284
f 853/853/285 854/854/285 855/855/285
f 856/856/286 857/857/286 858/858/286
f 859/859/287 860/860/287 861/861/287
f 862/862/288 863/863/288 864/864/288
usemtl lens
f 865/865/289 866/866/289 867/867/289
f 868/868/290 869/869/290 870/870/290
f 871/871/291 872/872/291 873/873/291
f 874/874/292 875/875/292 876/876/292
f 877/877/293 878/878/293 879/879/293
f 880/880/294 881/881/294 882/882/294
f 883/883/295 884/884/295 885/885/295
f 886/886/296 887/887/296 888/888/296
f 889/889/297 890/890/297 891/891/297
f 892/892/298 893/893/298 894/894/298
f 895/895/299 896/896/299 897/897/299
f 898/898/300 899/899/300 900/900/300
f 901/901/301 902/902/301 903/903/301
f 904/904/302 905/905/302 906/906/302
f 907/907/303 908/908/303 909/909/303
f 910/910/304 911/911/304 912/912/304
f 913/913/305 914/914/305 915/915/305
f 916/916/306 917/917/306 918/918/306
f 919/919/307 920/920/307 921/921/307
f 922/922/308 923/923/308 924/924/308
f 925/925/309 926/926/309 927/927/309
f 928/928/310 929/929/310 930/930/310
f 931/931/311 932/932/311 933/933/311
f 934/934/312 935/935/312 936/936/312
f 937/937/313 938/938/313 939/939/313
f 940/940/314 941/941/314 942/942/314
f 943/943/315 944/944/315 945/945/315
f 946/946/316 947/947/316 948/948/316
f 949/949/317 950/950/317 951/951/317
f 952/952/318 953/953/318 954/954/318
f 955/955/319 956/956/319 957/957/319
f 958/958/320 959/959/320 960/960/320
f 961/961/321 962/962/321 963/963/321
f 964/964/322 965/965/322 966/966/322
f 967/967/323 968/968/323 969/969/323
f 970/970/324 971/971/324 972/972/324
f 973/973/325 974/974/325 975/975/325
f 976/976/326 977/977/326 978/978/326
f 979/979/327 980/980/327 981/981/327
f 982/982/328 983/983/328 984/984/328
f 985/985/329 986/986/329 987/987/329
f 988/988/330 989/989/330 990/990/330
f 991/991/331 992/992/331 993/993/331
f 994/994/332 995/995/332 996/996/332
f 997/997/333 998/998/333 999/999/333
f 1000/1000/334 1001/1001/334 1002/1002/334
f 1003/1003/335 1004/1004/335 1005/1005/335
f 1006/1006/336 1007/1007/336 1008/1008/336
f 1009/1009/337 1010/1010/337 1011/1011/337
f 1012/1012/338 1013/1013/338 1014/1014/338
f 1015/1015/339 1016/1016/339 1017/1017/339
f 1018/1018/340 1019/1019/340 1020/1020/340
f 1021/1021/341 1022/1022/341 1023/1023/341
f 1024/1024/342 1025/1025/342 1026/1026/342
f 1027/1027/343 1028/1028/343 1029/1029/343
f 1030/1030/344 1031/1031/344 1032/1032/344
f 1033/1033/345 1034/1034/345 1035/1035/345
f 1036/1036/346 1037/1037/346 1038/1038/346
f 1039/1039/347 1040/1040/347 1041/1041/347
f 1042/1042/348 1043/1043/348 1044/1044/348
f 1045/1045/349 1046/1046/349 1047/1047/349
f 1048/1048/350 1049/1049/350 1050/1050/350
f 1051/1051/351 1052/1052/351 1053/1053/351
f 1054/1054/352 1055/1055/352 1056/1056/352
f 1057/1057/353 1058/1058/353 1059/1059/353
f 1060/1060/354 1061/1061/354 1062/1062/354
f 1063/1063/355 1064/1064/355 1065/1065/355
f 1066/1066/356 1067/1067/356 1068/1068/356
f 1069/1069/357 1070/1070/357 1071/1071/357
f 1072/1072/358 1073/1073/358 1074/1074/358
f 1075/1075/359 1076/1076/359 1077/1077/359
f 1078/1078/360 1079/1079/360 1080/1080/360
f 1081/1081/361 1082/1082/361 1083/1083/361
f 1084/1084/362 1085/1085/362 1086/1086/362
f 1087/1087/363 1088/1088/363 1089/1089/363
f 1090/1090/364 1091/1091/364 1092/1092/364
usemtl housing
f 1093/1093/365 1094/1094/365 1095/1095/365
f 1096/1096/366 1097/1097/366 1098/1098/366
f 1099/1099/367 1100/1100/367 1101/1101/367
f 1102/1102/368 1103/1103/368 1104/1104/368
f 1105/1105/369 1106/1106/369 1107/1107/369
f 1108/1108/370 1109/1109/370 1110/1110/370
f 1111/1111/371 1112/1112/371 1113/1113/371
f 1114/1114/372 1115/1115/372 1116/1116/372
f 1117/1117/373 1118/1118/373 1119/1119/373
f 1120/1120/374 1121/1121/374 1122/1122/374
f 1123/1123/375 1124/1124/375 1125/1125/375
f 1126/1126/376 1127/1127/376 1128/1128/376
f 1129/1129/377 1130/1130/377 1131/1131/377
f 1132/1132/378 1133/1133/378 1134/1134/378
f 1135/1135/379 1136/1136/379 1137/1137/379
f 1138/1138/380 1139/1139/380 1140/1140/380
f 1141/1141/381 1142/1142/381 1143/1143/381
f 1144/1144/382 1145/1145/382 1146/1146/382
f 1147/1147/383 1148/1148/383 1149/1149/383
f 1150/1150/384 1151/1151/384 1152/1152/384
f 1153/1153/385 1154/1154/385 1155/1155/385
f 1156/1156/386 1157/1157/386 1158/1158/386
f 1159/1159/387 1160/1160/387 1161/1161/387
f 1162/1162/388 1163/1163/388 1164/1164/388
f 1165/1165/389 1166/1166/389 1167/1167/389
f 1168/1168/390 1169/1169/390 1170/1170/390
f 1171/1171/391 1172/1172/391 1173/1173/391
f 1174/1174/392 1175/1175/392 1176/1176/392
f 1177/1177/393 1178/1178/393 1179/1179/393
f 1180/1180/394 1181/1181/394 1182/1182/394
f 1183/1183/395 1184/1184/395 1185/1185/395
f 1186/1186/396 1187/1187/396 1188/1188/396
f 1189/1189/397 1190/1190/397 1191/1191/397
f 1192/1192/398 1193/1193/398 1194/1194/398
f 1195/1195/399 1196/1196/399 1197/1197/399
f 1198/1198/400 1199/1199/400 1200/1200/400
f 1201/1201/401 1202/1202/401 1203/1203/401
f 1204/1204/402 1205/1205/402 1206/1206/402
f 1207/1207/403 1208/1208/403 1209/1209/403
f 1210/1210/404 1211/1211/404 1212/1212/404
f 1213/1213/405 1214/1214/405 1215/1215/405
f 1216/1216/406 1217/1217/406 1218/1218/406
f 1219/1219/407 1220/1220/407 1221/1221/407
f 1222/1222/408 1223/1223/408 1224/1224/408
f 1225/1225/409 1226/1226/409 1227/1227/409
f 1228/1228/410 1229/1229/410 1230/1230/410
f 1231/1231/411 1232/1232/411 1233/1233/411
f 1234/1234/412 1235/1235/412 1236/1236/412
usemtl solar
f 1237/1237/413 1238/1238/413 1239/1239/413
f 1240/1240/414 1241/1241/414 1242/1242/414
usemtl frame
f 1243/1243/415 1244/1244/415 1245/1245/415
f 1246/1246/416 1247/1247/416 1248/1248/416
f 1249/1249/417 1250/1250/417 1251/1251/417
f 1252/1252/418 1253/1253/418 1254/1254/418
f 1255/1255/419 1256/1256/419 1257/1257/419
f 1258/1258/420 1259/1259/420 1260/1260/420
f 1261/1261/421 1262/1262/421 1263/1263/421
f 1264/1264/422 1265/1265/422 1266/1266/422
f 1267/1267/423 1268/1268/423 1269/1269/423
f 1270/1270/424 1271/1271/424 1272/1272/424
usemtl housing
f 1273/1273/425 1274/1274/425 1275/1275/425
f 1276/1276/426 1277/1277/426 1278/1278/426
f 1279/1279/427 1280/1280/427 1281/1281/427
f 1282/1282/428 1283/1283/428 1284/1284/428
f 1285/1285/429 1286/1286/429 1287/1287/429
f 1288/1288/430 1289/1289/430 1290/1290/430
f 1291/1291/431 1292/1292/431 1293/1293/431
f 1294/1294/432 1295/1295/432 1296/1296/432
f 1297/1297/433 1298/1298/433 1299/1299/433
f 1300/1300/434 1301/1301/434 1302/1302/434
f 1303/1303/435 1304/1304/435 1305/1305/435
f 1306/1306/436 1307/1307/436 1308/1308/436
f 1309/1309/437 1310/1310/437 1311/1311/437
f 1312/1312/438 1313/1313/438 1314/1314/438
f 1315/1315/439 1316/1316/439 1317/1317/439
f 1318/1318/440 1319/1319/440 1320/1320/440
f 1321/1321/441 1322/1322/441 1323/1323/441
f 1324/1324/442 1325/1325/442 1326/1326/442
f 1327/1327/443 1328/1328/443 1329/1329/443
f 1330/1330/444 1331/1331/444 1332/1332/444
f 1333/1333/445 1334/1334/445 1335/1335/445
f 1336/1336/446 1337/1337/446 1338/1338/446
f 1339/1339/447 1340/1340/447 1341/1341/447
f 1342/1342/448 1343/1343/448 1344/1344/448
f 1345/1345/449 1346/1346/449 1347/1347/449
f 1348/1348/450 1349/1349/450 1350/1350/450
f 1351/1351/451 1352/1352/451 1353/1353/451
f 1354/1354/452 1355/1355/452 1356/1356/452
f 1357/1357/453 1358/1358/453 1359/1359/453
f 1360/1360/454 1361/1361/454 1362/1362/454
f 1363/1363/455 1364/1364/455 1365/1365/455
f 1366/1366/456 1367/1367/456 1368/1368/456
f 1369/1369/457 1370/1370/457 1371/1371/457
f 1372/1372/458 1373/1373/458 1374/1374/458
f 1375/1375/459 1376/1376/459 1377/1377/459
f 1378/1378/460 1379/1379/460 1380/1380/460
f 1381/1381/461 1382/1382/461 1383/1383/461
f 1384/1384/462 1385/1385/462 1386/1386/462
f 1387/1387/463 1388/1388/463 1389/1389/463
f 1390/1390/464 1391/1391/464 1392/1392/464
f 1393/1393/465 1394/1394/465 1395/1395/465
f 1396/1396/466 1397/1397/466 1398/1398/466
f 1399/1399/467 1400/1400/467 1401/1401/467
f 1402/1402/468 1403/1403/468 1404/1404/468
f 1405/1405/469 1406/1406/469 1407/1407/469
f 1408/1408/470 1409/1409/470 1410/1410/470
f 1411/1411/471 1412/1412/471 1413/1413/471
f 1414/1414/472 1415/1415/472 1416/1416/472
f 1417/1417/473 1418/1418/473 1419/1419/473
f 1420/1420/474 1421/1421/474 1422/1422/474
f 1423/1423/475 1424/1424/475 1425/1425/475
f 1426/1426/476 1427/1427/476 1428/1428/476
f 1429/1429/477 1430/1430/477 1431/1431/477
f 1432/1432/478 1433/1433/478 1434/1434/478
f 1435/1435/479 1436/1436/479 1437/1437/479
f 1438/1438/480 1439/1439/480 1440/1440/480
f 1441/1441/481 1442/1442/481 1443/1443/481
f 1444/1444/482 1445/1445/482 1446/1446/482
f 1447/1447/483 1448/1448/483 1449/1449/483
f 1450/1450/484 1451/1451/484 1452/1452/484
f 1453/1453/485 1454/1454/485 1455/1455/485
f 1456/1456/486 1457/1457/486 1458/1458/486
f 1459/1459/487 1460/1460/487 1461/1461/487
f 1462/1462/488 1463/1463/488 1464/1464/488
usemtl wire
f 1465/1465/489 1466/1466/489 1467/1467/489
f 1468/1468/490 1469/1469/490 1470/1470/490
f 1471/1471/491 1472/1472/491 1473/1473/491
f 1474/1474/492 1475/1475/492 1476/1476/492
f 1477/1477/493 1478/1478/493 1479/1479/493
f 1480/1480/494 1481/1481/494 1482/1482/494
f 1483/1483/495 1484/1484/495 1485/1485/495
f 1486/1486/496 1487/1487/496 1488/1488/496
f 1489/1489/497 1490/1490/497 1491/1491/497
f 1492/1492/498 1493/1493/498 1494/1494/498
f 1495/1495/499 1496/1496/499 1497/1497/499
f 1498/1498/500 1499/1499/500 1500/1500/500
f 1501/1501/501 1502/1502/501 1503/1503/501
f 1504/1504/502 1505/1505/502 1506/1506/502
f 1507/1507/503 1508/1508/503 1509/1509/503
f 1510/1510/504 1511/1511/504 1512/1512/504
f 1513/1513/505 1514/1514/505 1515/1515/505
f 1516/1516/506 1517/1517/506 1518/1518/506
f 1519/1519/507 1520/1520/507 1521/1521/507
f 1522/1522/508 1523/1523/508 1524/1524/508
f 1525/1525/509 1526/1526/509 1527/1527/509
f 1528/1528/510 1529/1529/510 1530/1530/510
f 1531/1531/511 1532/1532/511 1533/1533/511
f 1534/1534/512 1535/1535/512 1536/1536/512
f 1537/1537/513 1538/1538/513 1539/1539/513
f 1540/1540/514 1541/1541/514 1542/1542/514
f 1543/1543/515 1544/1544/515 1545/1545/515
f 1546/1546/516 1547/1547/516 1548/1548/516
f 1549/1549/517 1550/1550/517 1551/1551/517
f 1552/1552/518 1553/1553/518 1554/1554/518
f 1555/1555/519 1556/1556/519 1557/1557/519
f 1558/1558/520 1559/1559/520 1560/1560/520
f 1561/1561/521 1562/1562/521 1563/1563/521
f 1564/1564/522 1565/1565/522 1566/1566/522
f 1567/1567/523 1568/1568/523 1569/1569/523
f 1570/1570/524 1571/1571/524 1572/1572/524
f 1573/1573/525 1574/1574/525 1575/1575/525
f 1576/1576/526 1577/1577/526 1578/1578/526
f 1579/1579/527 1580/1580/527 1581/1581/527
f 1582/1582/528 1583/1583/528 1584/1584/528
f 1585/1585/529 1586/1586/529 1587/1587/529
f 1588/1588/530 1589/1589/530 1590/1590/530
f 1591/1591/531 1592/1592/531 1593/1593/531
f 1594/1594/532 1595/1595/532 1596/1596/532
f 1597/1597/533 1598/1598/533 1599/1599/533
f 1600/1600/534 1601/1601/534 1602/1602/534
f 1603/1603/535 1604/1604/535 1605/1605/535
f 1606/1606/536 1607/1607/536 1608/1608/536
f 1609/1609/537 1610/1610/537 1611/1611/537
f 1612/1612/538 1613/1613/538 1614/1614/538
f 1615/1615/539 1616/1616/539 1617/1617/539
f 1618/1618/540 1619/1619/540 1620/1620/540
f 1621/1621/541 1622/1622/541 1623/1623/541
f 1624/1624/542 1625/1625/542 1626/1626/542
f 1627/1627/543 1628/1628/543 1629/1629/543
f 1630/1630/544 1631/1631/544 1632/1632/544
f 1633/1633/545 1634/1634/545 1635/1635/545
f 1636/1636/546 1637/1637/546 1638/1638/546
f 1639/1639/547 1640/1640/547 1641/1641/547
f 1642/1642/548 1643/1643/548 1644/1644/548
f 1645/1645/549 1646/1646/549 1647/1647/549
f 1648/1648/550 1649/1649/550 1650/1650/550
f 1651/1651/551 1652/1652/551 1653/1653/551
f 1654/1654/552 1655/1655/552 1656/1656/552
f 1657/1657/553 1658/1658/553 1659/1659/553
f 1660/1660/554 1661/1661/554 1662/1662/554
f 1663/1663/555 1664/1664/555 1665/1665/555
f 1666/1666/556 1667/1667/556 1668/1668/556
f 1669/1669/557 1670/1670/557 1671/1671/557
f 1672/1672/558 1673/1673/558 1674/1674/558
f 1675/1675/559 1676/1676/559 1677/1677/559
f 1678/1678/560 1679/1679/560 1680/1680/560
f 1681/1681/561 1682/1682/561 1683/1683/561
f 1684/1684/562 1685/1685/562 1686/1686/562
f 1687/1687/563 1688/1688/563 1689/1689/563
f 1690/1690/564 1691/1691/564 1692/1692/564
f 1693/1693/565 1694/1694/565 1695/1695/565
f 1696/1696/566 1697/1697/566 1698/1698/566
f 1699/1699/567 1700/1700/567 1701/1701/567
f 1702/1702/568 1703/1703/568 1704/1704/568
f 1705/1705/569 1706/1706/569 1707/1707/569
f 1708/1708/570 1709/1709/570 1710/1710/570
f 1711/1711/571 1712/1712/571 1713/1713/571
f 1714/1714/572 1715/1715/572 1716/1716/572
f 1717/1717/573 1718/1718/573 1719/1719/573
f 1720/1720/574 1721/1721/574 1722/1722/574
f 1723/1723/575 1724/1724/575 1725/1725/575
f 1726/1726/576 1727/1727/576 1728/1728/576
f 1729/1729/577 1730/1730/577 1731/1731/577
f 1732/1732/578 1733/1733/578 1734/1734/578
f 1735/1735/579 1736/1736/579 1737/1737/579
f 1738/1738/580 1739/1739/580 1740/1740/580
f 1741/1741/581 1742/1742/581 1743/1743/581
f 1744/1744/582 1745/1745/582 1746/1746/582
f 1747/1747/583 1748/1748/583 1749/1749/583
f 1750/1750/584 1751/1751/584 1752/1752/584
f 1753/1753/585 1754/1754/585 1755/1755/585
f 1756/1756/586 1757/1757/586 1758/1758/586
f 1759/1759/587 1760/1760/587 1761/1761/587
f 1762/1762/588 1763/1763/588 1764/1764/588
f 1765/1765/589 1766/1766/589 1767/1767/589
f 1768/1768/590 1769/1769/590 1770/1770/590
f 1771/1771/591 1772/1772/591 1773/1773/591
f 1774/1774/592 1775/1775/592 1776/1776/592
f 1777/1777/593 1778/1778/593 1779/1779/593
f 1780/1780/594 1781/1781/594 1782/1782/594
f 1783/1783/595 1784/1784/595 1785/1785/595
f 1786/1786/596 1787/1787/596 1788/1788/596
f 1789/1789/597 1790/1790/597 1791/1791/597
f 1792/1792/598 1793/1793/598 1794/1794/598
f 1795/1795/599 1796/1796/599 1797/1797/599
f 1798/1798/600 1799/1799/600 1800/1800/600
f 1801/1801/601 1802/1802/601 1803/1803/601
f 1804/1804/602 1805/1805/602 1806/1806/602
f 1807/1807/603 1808/1808/603 1809/1809/603
f 1810/1810/604 1811/1811/604 1812/1812/604
f 1813/1813/605 1814/1814/605 1815/1815/605
f 1816/1816/606 1817/1817/606 1818/1818/606
f 1819/1819/607 1820/1820/607 1821/1821/607
f 1822/1822/608 1823/1823/608 1824/1824/608
f 1825/1825/609 1826/1826/609 1827/1827/609
f 1828/1828/610 1829/1829/610 1830/1830/610
f 1831/1831/611 1832/1832/611 1833/1833/611
f 1834/1834/612 1835/1835/612 1836/1836/612
f 1837/1837/613 1838/1838/613 1839/1839/613
f 1840/1840/614 1841/1841/614 1842/1842/614
f 1843/1843/615 1844/1844/615 1845/1845/615
f 1846/1846/616 1847/1847/616 1848/1848/616
f 1849/1849/617 1850/1850/617 1851/1851/617
f 1852/1852/618 1853/1853/618 1854/1854/618
f 1855/1855/619 1856/1856/619 1857/1857/619
f 1858/1858/620 1859/1859/620 1860/1860/620
f 1861/1861/621 1862/1862/621 1863/1863/621
f 1864/1864/622 1865/1865/622 1866/1866/622
f 1867/1867/623 1868/1868/623 1869/1869/623
f 1870/1870/624 1871/1871/624 1872/1872/624
f 1873/1873/625 1874/1874/625 1875/1875/625
f 1876/1876/626 1877/1877/626 1878/1878/626
f 1879/1879/627 1880/1880/627 1881/1881/627
f 1882/1882/628 1883/1883/628 1884/1884/628
f 1885/1885/629 1886/1886/629 1887/1887/629
f 1888/1888/630 1889/1889/630 1890/1890/630
f 1891/1891/631 1892/1892/631 1893/1893/631
f 1894/1894/632 1895/1895/632 1896/1896/632
f 1897/1897/633 1898/1898/633 1899/1899/633
f 1900/1900/634 1901/1901/634 1902/1902/634
f 1903/1903/635 1904/1904/635 1905/1905/635
f 1906/1906/636 1907/1907/636 1908/1908/636
f 1909/1909/637 1910/1910/637 1911/1911/637
f 1912/1912/638 1913/1913/638 1914/1914/638
f 1915/1915/639 1916/1916/639 1917/1917/639
f 1918/1918/640 1919/1919/640 1920/1920/640
f 1921/1921/641 1922/1922/641 1923/1923/641
f 1924/1924/642 1925/1925/642 1926/1926/642
f 1927/1927/643 1928/1928/643 1929/1929/643
f 1930/1930/644 1931/1931/644 1932/1932/644
f 1933/1933/645 1934/1934/645 1935/1935/645
f 1936/1936/646 1937/1937/646 1938/1938/646
f 1939/1939/647 1940/1940/647 1941/1941/647
f 1942/1942/648 1943/1943/648 1944/1944/648
f 1945/1945/649 1946/1946/649 1947/1947/649
f 1948/1948/650 1949/1949/650 1950/1950/650
f 1951/1951/651 1952/1952/651 1953/1953/651
f 1954/1954/652 1955/1955/652 1956/1956/652
f 1957/1957/653 1958/1958/653 1959/1959/653
f 1960/1960/654 1961/1961/654 1962/1962/654
f 1963/1963/655 1964/1964/655 1965/1965/655
f 1966/1966/656 1967/1967/656 1968/1968/656
f 1969/1969/657 1970/1970/657 1971/1971/657
f 1972/1972/658 1973/1973/658 1974/1974/658
f 1975/1975/659 1976/1976/659 1977/1977/659
f 1978/1978/660 1979/1979/660 1980/1980/660
f 1981/1981/661 1982/1982/661 1983/1983/661
f 1984/1984/662 1985/1985/662 1986/1986/662
f 1987/1987/663 1988/1988/663 1989/1989/663
f 1990/1990/664 1991/1991/664 1992/1992/664
f 1993/1993/665 1994/1994/665 1995/1995/665
f 1996/1996/666 1997/1997/666 1998/1998/666
f 1999/1999/667 2000/2000/667 2001/2001/667
f 2002/2002/668 2003/2003/668 2004/2004/668
f 2005/2005/669 2006/2006/669 2007/2007/669
f 2008/2008/670 2009/2009/670 2010/2010/670
f 2011/2011/671 2012/2012/671 2013/2013/671
f 2014/2014/672 2015/2015/672 2016/2016/672
f 2017/2017/673 2018/2018/673 2019/2019/673
f 2020/2020/674 2021/2021/674 2022/2022/674
f 2023/2023/675 2024/2024/675 2025/2025/675
f 2026/2026/676 2027/2027/676 2028/2028/676
f 2029/2029/677 2030/2030/677 2031/2031/677
f 2032/2032/678 2033/2033/678 2034/2034/678
f 2035/2035/679 2036/2036/679 2037/2037/679
f 2038/2038/680 2039/2039/680 2040/2040/680
f 2041/2041/681 2042/2042/681 2043/2043/681
f 2044/2044/682 2045/2045/682 2046/2046/682
f 2047/2047/683 2048/2048/683 2049/2049/683
f 2050/2050/684 2051/2051/684 2052/2052/684
f 2053/2053/685 2054/2054/685 2055/2055/685
f 2056/2056/686 2057/2057/686 2058/2058/686
f 2059/2059/687 2060/2060/687 2061/2061/687
f 2062/2062/688 2063/2063/688 2064/2064/688
f 2065/2065/689 2066/2066/689 2067/2067/689
f 2068/2068/690 2069/2069/690 2070/2070/690
f 2071/2071/691 2072/2072/691 2073/2073/691
f 2074/2074/692 2075/2075/692 2076/2076/692
