# Procedurally generated by dev-env-utils/scripts/gen_mast_arm_curves.py
# inventory icon: whole sweep fitted to one block
mtllib mastarmcurve.mtl
o mastarm_4x1_inv
v 0.593247 0.402269 1.000000
v 0.593247 0.402269 0.968416
v 0.586149 0.441350 0.968416
v 0.586149 0.441350 1.000000
v 0.565935 0.474481 0.968416
v 0.565935 0.474481 1.000000
v 0.535684 0.496618 0.968416
v 0.535684 0.496618 1.000000
v 0.500000 0.504392 0.968416
v 0.500000 0.504392 1.000000
v 0.464316 0.496618 0.968416
v 0.464316 0.496618 1.000000
v 0.434065 0.474481 0.968416
v 0.434065 0.474481 1.000000
v 0.413851 0.441350 0.968416
v 0.413851 0.441350 1.000000
v 0.406753 0.402269 0.968416
v 0.406753 0.402269 1.000000
v 0.413851 0.363188 0.968416
v 0.413851 0.363188 1.000000
v 0.434065 0.330057 0.968416
v 0.434065 0.330057 1.000000
v 0.464316 0.307920 0.968416
v 0.464316 0.307920 1.000000
v 0.500000 0.300146 0.968416
v 0.500000 0.300146 1.000000
v 0.535684 0.307920 0.968416
v 0.535684 0.307920 1.000000
v 0.565935 0.330057 0.968416
v 0.565935 0.330057 1.000000
v 0.586149 0.363188 0.968416
v 0.586149 0.363188 1.000000
v 0.500000 0.402269 1.000000
v 0.500000 0.402269 0.968416
v 0.575786 0.383102 1.000000
v 0.575199 0.402269 0.962401
v 0.569475 0.428008 0.975270
v 0.569827 0.415650 1.000000
v 0.553174 0.449829 0.986181
v 0.553323 0.443038 1.000000
v 0.528777 0.464409 0.993471
v 0.528815 0.461236 1.000000
v 0.500000 0.469529 0.996031
v 0.500000 0.467607 1.000000
v 0.471223 0.464409 0.993471
v 0.471185 0.461236 1.000000
v 0.446826 0.449829 0.986181
v 0.446677 0.443038 1.000000
v 0.430525 0.428008 0.975270
v 0.430173 0.415650 1.000000
v 0.424801 0.402269 0.962401
v 0.424214 0.383102 1.000000
v 0.430525 0.376530 0.949531
v 0.429787 0.350281 1.000000
v 0.446826 0.354709 0.938621
v 0.446131 0.322234 1.000000
v 0.471223 0.340129 0.931330
v 0.470798 0.303375 1.000000
v 0.500000 0.335009 0.928771
v 0.500000 0.296730 1.000000
v 0.528777 0.340129 0.931330
v 0.529202 0.303375 1.000000
v 0.553174 0.354709 0.938621
v 0.553869 0.322234 1.000000
v 0.569475 0.376530 0.949531
v 0.570213 0.350281 1.000000
v 0.574886 0.412191 0.942347
v 0.569185 0.437929 0.954949
v 0.552952 0.459749 0.965631
v 0.528657 0.474329 0.972769
v 0.500000 0.479449 0.975276
v 0.471343 0.474329 0.972769
v 0.447048 0.459749 0.965631
v 0.430815 0.437929 0.954949
v 0.425114 0.412191 0.942347
v 0.430815 0.386453 0.929746
v 0.447048 0.364633 0.919064
v 0.471343 0.350053 0.911926
v 0.500000 0.344933 0.909419
v 0.528657 0.350053 0.911926
v 0.552952 0.364633 0.919064
v 0.569185 0.386453 0.929746
v 0.574572 0.421904 0.922294
v 0.568896 0.447640 0.934626
v 0.552731 0.469457 0.945080
v 0.528538 0.484036 0.952066
v 0.500000 0.489155 0.954519
v 0.471462 0.484036 0.952066
v 0.447269 0.469457 0.945080
v 0.431104 0.447640 0.934626
v 0.425428 0.421904 0.922294
v 0.431104 0.396169 0.909963
v 0.447269 0.374351 0.899509
v 0.471462 0.359773 0.892523
v 0.500000 0.354654 0.890070
v 0.528538 0.359773 0.892523
v 0.552731 0.374351 0.899509
v 0.568896 0.396169 0.909963
v 0.574259 0.431408 0.902241
v 0.568606 0.457140 0.914303
v 0.552509 0.478953 0.924528
v 0.528418 0.493529 0.931360
v 0.500000 0.498647 0.933759
v 0.471582 0.493529 0.931360
v 0.447491 0.478953 0.924528
v 0.431394 0.457140 0.914303
v 0.425741 0.431408 0.902241
v 0.431394 0.405677 0.890180
v 0.447491 0.383864 0.879955
v 0.471582 0.369288 0.873123
v 0.500000 0.364170 0.870723
v 0.528418 0.369288 0.873123
v 0.552509 0.383864 0.879955
v 0.568606 0.405677 0.890180
v 0.573946 0.440704 0.882188
v 0.568317 0.466428 0.893979
v 0.552287 0.488237 0.903974
v 0.528298 0.502808 0.910653
v 0.500000 0.507925 0.912998
v 0.471702 0.502808 0.910653
v 0.447713 0.488237 0.903974
v 0.431683 0.466428 0.893979
v 0.426054 0.440704 0.882188
v 0.431683 0.414979 0.870398
v 0.447713 0.393171 0.860403
v 0.471702 0.378599 0.853724
v 0.500000 0.373483 0.851379
v 0.528298 0.378599 0.853724
v 0.552287 0.393171 0.860403
v 0.568317 0.414979 0.870398
v 0.573632 0.449790 0.862135
v 0.568027 0.475506 0.873654
v 0.552066 0.497307 0.883419
v 0.528178 0.511874 0.889944
v 0.500000 0.516990 0.892235
v 0.471822 0.511874 0.889944
v 0.447934 0.497307 0.883419
v 0.431973 0.475506 0.873654
v 0.426368 0.449790 0.862135
v 0.431973 0.424074 0.850617
v 0.447934 0.402273 0.840852
v 0.471822 0.387707 0.834327
v 0.500000 0.382591 0.832036
v 0.528178 0.387707 0.834327
v 0.552066 0.402273 0.840852
v 0.568027 0.424074 0.850617
v 0.573319 0.458668 0.842082
v 0.567738 0.484374 0.853328
v 0.551844 0.506166 0.862862
v 0.528058 0.520727 0.869233
v 0.500000 0.525840 0.871470
v 0.471942 0.520727 0.869233
v 0.448156 0.506166 0.862862
v 0.432262 0.484374 0.853328
v 0.426681 0.458668 0.842082
v 0.432262 0.432963 0.830836
v 0.448156 0.411171 0.821302
v 0.471942 0.396610 0.814932
v 0.500000 0.391496 0.812695
v 0.528058 0.396610 0.814932
v 0.551844 0.411171 0.821302
v 0.567738 0.432963 0.830836
v 0.573006 0.467337 0.822029
v 0.567448 0.493030 0.833002
v 0.551623 0.514811 0.842305
v 0.527938 0.529365 0.848520
v 0.500000 0.534476 0.850703
v 0.472062 0.529365 0.848520
v 0.448377 0.514811 0.842305
v 0.432552 0.493030 0.833002
v 0.426994 0.467337 0.822029
v 0.432552 0.441644 0.811056
v 0.448377 0.419863 0.801754
v 0.472062 0.405309 0.795538
v 0.500000 0.400198 0.793355
v 0.527938 0.405309 0.795538
v 0.551623 0.419863 0.801754
v 0.567448 0.441644 0.811056
v 0.572692 0.475797 0.801976
v 0.567159 0.501475 0.812675
v 0.551401 0.523244 0.821746
v 0.527818 0.537790 0.827807
v 0.500000 0.542897 0.829935
v 0.472182 0.537790 0.827807
v 0.448599 0.523244 0.821746
v 0.432841 0.501475 0.812675
v 0.427308 0.475797 0.801976
v 0.432841 0.450118 0.791277
v 0.448599 0.428349 0.782206
v 0.472182 0.413804 0.776146
v 0.500000 0.408696 0.774018
v 0.527818 0.413804 0.776146
v 0.551401 0.428349 0.782206
v 0.567159 0.450118 0.791277
v 0.572379 0.484048 0.781923
v 0.566869 0.509709 0.792348
v 0.551180 0.531464 0.801186
v 0.527698 0.546000 0.807091
v 0.500000 0.551104 0.809165
v 0.472302 0.546000 0.807091
v 0.448820 0.531464 0.801186
v 0.433131 0.509709 0.792348
v 0.427621 0.484048 0.781923
v 0.433131 0.458386 0.771498
v 0.448820 0.436631 0.762660
v 0.472302 0.422095 0.756755
v 0.500000 0.416991 0.754681
v 0.527698 0.422095 0.756755
v 0.551180 0.436631 0.762660
v 0.566869 0.458386 0.771498
v 0.572066 0.492090 0.761870
v 0.566580 0.517732 0.772020
v 0.550958 0.539471 0.780625
v 0.527578 0.553996 0.786375
v 0.500000 0.559097 0.788394
v 0.472422 0.553996 0.786375
v 0.449042 0.539471 0.780625
v 0.433420 0.517732 0.772020
v 0.427934 0.492090 0.761870
v 0.433420 0.466447 0.751720
v 0.449042 0.444709 0.743115
v 0.472422 0.430183 0.737365
v 0.500000 0.425083 0.735346
v 0.527578 0.430183 0.737365
v 0.550958 0.444709 0.743115
v 0.566580 0.466447 0.751720
v 0.571752 0.499923 0.741817
v 0.566290 0.525544 0.751692
v 0.550737 0.547265 0.760063
v 0.527458 0.561778 0.765657
v 0.500000 0.566875 0.767621
v 0.472542 0.561778 0.765657
v 0.449263 0.547265 0.760063
v 0.433710 0.525544 0.751692
v 0.428248 0.499923 0.741817
v 0.433710 0.474302 0.731942
v 0.449263 0.452581 0.723571
v 0.472542 0.438068 0.717977
v 0.500000 0.432971 0.716013
v 0.527458 0.438068 0.717977
v 0.550737 0.452581 0.723571
v 0.566290 0.474302 0.731942
v 0.571439 0.507547 0.721764
v 0.566001 0.533145 0.731363
v 0.550515 0.554846 0.739501
v 0.527339 0.569346 0.744938
v 0.500000 0.574438 0.746848
v 0.472661 0.569346 0.744938
v 0.449485 0.554846 0.739501
v 0.433999 0.533145 0.731363
v 0.428561 0.507547 0.721764
v 0.433999 0.481950 0.712165
v 0.449485 0.460249 0.704027
v 0.472661 0.445749 0.698589
v 0.500000 0.440657 0.696680
v 0.527339 0.445749 0.698589
v 0.550515 0.460249 0.704027
v 0.566001 0.481950 0.712165
v 0.571126 0.514963 0.701711
v 0.565712 0.540535 0.711034
v 0.550293 0.562214 0.718938
v 0.527219 0.576699 0.724219
v 0.500000 0.581786 0.726074
v 0.472781 0.576699 0.724219
v 0.449707 0.562214 0.718938
v 0.434288 0.540535 0.711034
v 0.428874 0.514963 0.701711
v 0.434288 0.489391 0.692388
v 0.449707 0.467712 0.684484
v 0.472781 0.453226 0.679203
v 0.500000 0.448140 0.677348
v 0.527219 0.453226 0.679203
v 0.550293 0.467712 0.684484
v 0.565712 0.489391 0.692388
v 0.570812 0.522169 0.681658
v 0.565422 0.547713 0.690705
v 0.550072 0.569369 0.698374
v 0.527099 0.583838 0.703499
v 0.500000 0.588919 0.705298
v 0.472901 0.583838 0.703499
v 0.449928 0.569369 0.698374
v 0.434578 0.547713 0.690705
v 0.429188 0.522169 0.681658
v 0.434578 0.496625 0.672611
v 0.449928 0.474970 0.664942
v 0.472901 0.460501 0.659817
v 0.500000 0.455420 0.658017
v 0.527099 0.460501 0.659817
v 0.550072 0.474970 0.664942
v 0.565422 0.496625 0.672611
v 0.570794 0.522587 0.680477
v 0.565405 0.548129 0.689508
v 0.550059 0.569783 0.697164
v 0.527092 0.584252 0.702279
v 0.500000 0.589332 0.704075
v 0.472908 0.584252 0.702279
v 0.449941 0.569783 0.697164
v 0.434595 0.548129 0.689508
v 0.429206 0.522587 0.680477
v 0.434595 0.497045 0.671447
v 0.449941 0.475391 0.663791
v 0.472908 0.460923 0.658676
v 0.500000 0.455842 0.656879
v 0.527092 0.460923 0.658676
v 0.550059 0.475391 0.663791
v 0.565405 0.497045 0.671447
v 0.570499 0.529167 0.661605
v 0.565133 0.554681 0.670375
v 0.549850 0.576310 0.677810
v 0.526979 0.590762 0.682778
v 0.500000 0.595837 0.684523
v 0.473021 0.590762 0.682778
v 0.450150 0.576310 0.677810
v 0.434867 0.554681 0.670375
v 0.429501 0.529167 0.661605
v 0.434867 0.503654 0.652835
v 0.450150 0.482024 0.645400
v 0.473021 0.467572 0.640432
v 0.500000 0.462497 0.638687
v 0.526979 0.467572 0.640432
v 0.549850 0.482024 0.645400
v 0.565133 0.503654 0.652835
v 0.570186 0.535956 0.641552
v 0.564843 0.561436 0.650045
v 0.549629 0.583038 0.657246
v 0.526859 0.597471 0.662057
v 0.500000 0.602540 0.663746
v 0.473141 0.597471 0.662057
v 0.450371 0.583038 0.657246
v 0.435157 0.561436 0.650045
v 0.429814 0.535956 0.641552
v 0.435157 0.510475 0.633058
v 0.450371 0.488874 0.625858
v 0.473141 0.474440 0.621047
v 0.500000 0.469372 0.619357
v 0.526859 0.474440 0.621047
v 0.549629 0.488874 0.625858
v 0.564843 0.510475 0.633058
v 0.569872 0.542536 0.621499
v 0.564554 0.567981 0.629715
v 0.549407 0.589552 0.636681
v 0.526739 0.603966 0.641336
v 0.500000 0.609027 0.642970
v 0.473261 0.603966 0.641336
v 0.450593 0.589552 0.636681
v 0.435446 0.567981 0.629715
v 0.430128 0.542536 0.621499
v 0.435446 0.517091 0.613282
v 0.450593 0.495519 0.606316
v 0.473261 0.481106 0.601662
v 0.500000 0.476044 0.600028
v 0.526739 0.481106 0.601662
v 0.549407 0.495519 0.606316
v 0.564554 0.517091 0.613282
v 0.569559 0.548907 0.601446
v 0.564264 0.574314 0.609386
v 0.549186 0.595854 0.616117
v 0.526619 0.610246 0.620614
v 0.500000 0.615299 0.622193
v 0.473381 0.610246 0.620614
v 0.450814 0.595854 0.616117
v 0.435736 0.574314 0.609386
v 0.430441 0.548907 0.601446
v 0.435736 0.523499 0.593506
v 0.450814 0.501960 0.586775
v 0.473381 0.487568 0.582277
v 0.500000 0.482514 0.580698
v 0.526619 0.487568 0.582277
v 0.549186 0.501960 0.586775
v 0.564264 0.523499 0.593506
v 0.569246 0.555069 0.581393
v 0.563975 0.580436 0.589056
v 0.548964 0.601941 0.595552
v 0.526499 0.616310 0.599893
v 0.500000 0.621356 0.601417
v 0.473501 0.616310 0.599893
v 0.451036 0.601941 0.595552
v 0.436025 0.580436 0.589056
v 0.430754 0.555069 0.581393
v 0.436025 0.529702 0.573730
v 0.451036 0.508197 0.567233
v 0.473501 0.493828 0.562893
v 0.500000 0.488782 0.561368
v 0.526499 0.493828 0.562893
v 0.548964 0.508197 0.567233
v 0.563975 0.529702 0.573730
v 0.568932 0.561022 0.561340
v 0.563685 0.586346 0.568726
v 0.548743 0.607815 0.574988
v 0.526379 0.622160 0.579171
v 0.500000 0.627197 0.580641
v 0.473621 0.622160 0.579171
v 0.451257 0.607815 0.574988
v 0.436315 0.586346 0.568726
v 0.431068 0.561022 0.561340
v 0.436315 0.535698 0.553953
v 0.451257 0.514229 0.547692
v 0.473621 0.499884 0.543508
v 0.500000 0.494847 0.542039
v 0.526379 0.499884 0.543508
v 0.548743 0.514229 0.547692
v 0.563685 0.535698 0.553953
v 0.568619 0.566767 0.541287
v 0.563396 0.592045 0.548396
v 0.548521 0.613475 0.554423
v 0.526259 0.627794 0.558451
v 0.500000 0.632823 0.559865
v 0.473741 0.627794 0.558451
v 0.451479 0.613475 0.554423
v 0.436604 0.592045 0.548396
v 0.431381 0.566767 0.541287
v 0.436604 0.541488 0.534177
v 0.451479 0.520058 0.528150
v 0.473741 0.505739 0.524122
v 0.500000 0.500710 0.522708
v 0.526259 0.505739 0.524122
v 0.548521 0.520058 0.528150
v 0.563396 0.541488 0.534177
v 0.568306 0.572302 0.521234
v 0.563106 0.597533 0.528067
v 0.548299 0.618922 0.533860
v 0.526139 0.633214 0.537730
v 0.500000 0.638232 0.539090
v 0.473861 0.633214 0.537730
v 0.451701 0.618922 0.533860
v 0.436894 0.597533 0.528067
v 0.431694 0.572302 0.521234
v 0.436894 0.547072 0.514400
v 0.451701 0.525682 0.508607
v 0.473861 0.511390 0.504737
v 0.500000 0.506372 0.503377
v 0.526139 0.511390 0.504737
v 0.548299 0.525682 0.508607
v 0.563106 0.547072 0.514400
v 0.567992 0.577629 0.501180
v 0.562817 0.602808 0.507738
v 0.548078 0.624155 0.513297
v 0.526020 0.638418 0.517011
v 0.500000 0.643426 0.518315
v 0.473980 0.638418 0.517011
v 0.451922 0.624155 0.513297
v 0.437183 0.602808 0.507738
v 0.432008 0.577629 0.501180
v 0.437183 0.552449 0.494623
v 0.451922 0.531103 0.489064
v 0.473980 0.516839 0.485350
v 0.500000 0.511831 0.484046
v 0.526020 0.516839 0.485350
v 0.548078 0.531103 0.489064
v 0.562817 0.552449 0.494623
v 0.567679 0.582746 0.481127
v 0.562527 0.607873 0.487409
v 0.547856 0.629174 0.492734
v 0.525900 0.643407 0.496293
v 0.500000 0.648405 0.497542
v 0.474100 0.643407 0.496293
v 0.452144 0.629174 0.492734
v 0.437473 0.607873 0.487409
v 0.432321 0.582746 0.481127
v 0.437473 0.557620 0.474846
v 0.452144 0.536319 0.469521
v 0.474100 0.522086 0.465962
v 0.500000 0.517088 0.464713
v 0.525900 0.522086 0.465962
v 0.547856 0.536319 0.469521
v 0.562527 0.557620 0.474846
v 0.567366 0.587655 0.461074
v 0.562238 0.612725 0.467081
v 0.547635 0.633979 0.472173
v 0.525780 0.648180 0.475575
v 0.500000 0.653167 0.476770
v 0.474220 0.648180 0.475575
v 0.452365 0.633979 0.472173
v 0.437762 0.612725 0.467081
v 0.432634 0.587655 0.461074
v 0.437762 0.562585 0.455068
v 0.452365 0.541331 0.449976
v 0.474220 0.527130 0.446574
v 0.500000 0.522143 0.445379
v 0.525780 0.527130 0.446574
v 0.547635 0.541331 0.449976
v 0.562238 0.562585 0.455068
v 0.567052 0.592355 0.441021
v 0.561948 0.617367 0.446753
v 0.547413 0.638570 0.451612
v 0.525660 0.652738 0.454859
v 0.500000 0.657713 0.455999
v 0.474340 0.652738 0.454859
v 0.452587 0.638570 0.451612
v 0.438052 0.617367 0.446753
v 0.432948 0.592355 0.441021
v 0.438052 0.567344 0.435290
v 0.452587 0.546140 0.430430
v 0.474340 0.531972 0.427184
v 0.500000 0.526997 0.426043
v 0.525660 0.531972 0.427184
v 0.547413 0.546140 0.430430
v 0.561948 0.567344 0.435290
v 0.566739 0.596846 0.420968
v 0.561659 0.621796 0.426426
v 0.547192 0.642948 0.431053
v 0.525540 0.657081 0.434145
v 0.500000 0.662043 0.435230
v 0.474460 0.657081 0.434145
v 0.452808 0.642948 0.431053
v 0.438341 0.621796 0.426426
v 0.433261 0.596846 0.420968
v 0.438341 0.571896 0.415510
v 0.452808 0.550745 0.410884
v 0.474460 0.536612 0.407792
v 0.500000 0.531649 0.406706
v 0.525540 0.536612 0.407792
v 0.547192 0.550745 0.410884
v 0.561659 0.571896 0.415510
v 0.566426 0.601128 0.400915
v 0.561369 0.626014 0.406100
v 0.546970 0.647111 0.410495
v 0.525420 0.661208 0.413432
v 0.500000 0.666158 0.414463
v 0.474580 0.661208 0.413432
v 0.453030 0.647111 0.410495
v 0.438631 0.626014 0.406100
v 0.433574 0.601128 0.400915
v 0.438631 0.576243 0.395731
v 0.453030 0.555145 0.391335
v 0.474580 0.541049 0.388399
v 0.500000 0.536099 0.387367
v 0.525420 0.541049 0.388399
v 0.546970 0.555145 0.391335
v 0.561369 0.576243 0.395731
v 0.566112 0.605202 0.380862
v 0.561080 0.630020 0.385774
v 0.546749 0.651061 0.389938
v 0.525300 0.665119 0.392721
v 0.500000 0.670056 0.393698
v 0.474700 0.665119 0.392721
v 0.453251 0.651061 0.389938
v 0.438920 0.630020 0.385774
v 0.433888 0.605202 0.380862
v 0.438920 0.580383 0.375950
v 0.453251 0.559343 0.371786
v 0.474700 0.545284 0.369003
v 0.500000 0.540347 0.368026
v 0.525300 0.545284 0.369003
v 0.546749 0.559343 0.371786
v 0.561080 0.580383 0.375950
v 0.565799 0.609066 0.360809
v 0.560790 0.633815 0.365450
v 0.546527 0.654796 0.369384
v 0.525180 0.668815 0.372012
v 0.500000 0.673738 0.372935
v 0.474820 0.668815 0.372012
v 0.453473 0.654796 0.369384
v 0.439210 0.633815 0.365450
v 0.434201 0.609066 0.360809
v 0.439210 0.584317 0.356169
v 0.453473 0.563336 0.352235
v 0.474820 0.549317 0.349606
v 0.500000 0.544394 0.348683
v 0.525180 0.549317 0.349606
v 0.546527 0.563336 0.352235
v 0.560790 0.584317 0.356169
v 0.565486 0.612721 0.340756
v 0.560501 0.637398 0.345126
v 0.546305 0.658317 0.348830
v 0.525060 0.672296 0.351306
v 0.500000 0.677204 0.352175
v 0.474940 0.672296 0.351306
v 0.453695 0.658317 0.348830
v 0.439499 0.637398 0.345126
v 0.434514 0.612721 0.340756
v 0.439499 0.588045 0.336386
v 0.453695 0.567125 0.332682
v 0.474940 0.553147 0.330207
v 0.500000 0.548239 0.329337
v 0.525060 0.553147 0.330207
v 0.546305 0.567125 0.332682
v 0.560501 0.588045 0.336386
v 0.565172 0.616168 0.320703
v 0.560211 0.640769 0.324803
v 0.546084 0.661625 0.328279
v 0.524940 0.675560 0.330602
v 0.500000 0.680454 0.331417
v 0.475060 0.675560 0.330602
v 0.453916 0.661625 0.328279
v 0.439789 0.640769 0.324803
v 0.434828 0.616168 0.320703
v 0.439789 0.591567 0.316603
v 0.453916 0.570711 0.313127
v 0.475060 0.556776 0.310804
v 0.500000 0.551882 0.309989
v 0.524940 0.556776 0.310804
v 0.546084 0.570711 0.313127
v 0.560211 0.591567 0.316603
v 0.564859 0.619406 0.300650
v 0.559922 0.643929 0.304482
v 0.545862 0.664718 0.307730
v 0.524820 0.678609 0.309901
v 0.500000 0.683487 0.310663
v 0.475180 0.678609 0.309901
v 0.454138 0.664718 0.307730
v 0.440078 0.643929 0.304482
v 0.435141 0.619406 0.300650
v 0.440078 0.594883 0.296818
v 0.454138 0.574093 0.293570
v 0.475180 0.560202 0.291399
v 0.500000 0.555324 0.290637
v 0.524820 0.560202 0.291399
v 0.545862 0.574093 0.293570
v 0.559922 0.594883 0.296818
v 0.564546 0.622435 0.280597
v 0.559632 0.646877 0.284161
v 0.545641 0.667598 0.287183
v 0.524701 0.681443 0.289202
v 0.500000 0.686305 0.289911
v 0.475299 0.681443 0.289202
v 0.454359 0.667598 0.287183
v 0.440368 0.646877 0.284161
v 0.435454 0.622435 0.280597
v 0.440368 0.597993 0.277032
v 0.454359 0.577272 0.274011
v 0.475299 0.563426 0.271992
v 0.500000 0.558564 0.271283
v 0.524701 0.563426 0.271992
v 0.545641 0.577272 0.274011
v 0.559632 0.597993 0.277032
v 0.564232 0.625255 0.260544
v 0.559343 0.649613 0.263842
v 0.545419 0.670263 0.266639
v 0.524581 0.684061 0.268507
v 0.500000 0.688906 0.269163
v 0.475419 0.684061 0.268507
v 0.454581 0.670263 0.266639
v 0.440657 0.649613 0.263842
v 0.435768 0.625255 0.260544
v 0.440657 0.600896 0.257245
v 0.454581 0.580246 0.254449
v 0.475419 0.566448 0.252581
v 0.500000 0.561603 0.251924
v 0.524581 0.566448 0.252581
v 0.545419 0.580246 0.254449
v 0.559343 0.600896 0.257245
v 0.563919 0.627866 0.240491
v 0.559054 0.652138 0.243525
v 0.545198 0.672714 0.246097
v 0.524461 0.686463 0.247816
v 0.500000 0.691291 0.248419
v 0.475539 0.686463 0.247816
v 0.454802 0.672714 0.246097
v 0.440946 0.652138 0.243525
v 0.436081 0.627866 0.240491
v 0.440946 0.603594 0.237457
v 0.454802 0.583017 0.234885
v 0.475539 0.569268 0.233166
v 0.500000 0.564440 0.232563
v 0.524461 0.569268 0.233166
v 0.545198 0.583017 0.234885
v 0.559054 0.603594 0.237457
v 0.563606 0.630268 0.220438
v 0.558764 0.654450 0.223209
v 0.544976 0.674952 0.225558
v 0.524341 0.688650 0.227127
v 0.500000 0.693460 0.227679
v 0.475659 0.688650 0.227127
v 0.455024 0.674952 0.225558
v 0.441236 0.654450 0.223209
v 0.436394 0.630268 0.220438
v 0.441236 0.606085 0.217667
v 0.455024 0.585584 0.215318
v 0.475659 0.571886 0.213748
v 0.500000 0.567076 0.213197
v 0.524341 0.571886 0.213748
v 0.544976 0.585584 0.215318
v 0.558764 0.606085 0.217667
v 0.563292 0.632461 0.200385
v 0.558475 0.656552 0.202894
v 0.544755 0.676975 0.205022
v 0.524221 0.690621 0.206443
v 0.500000 0.695413 0.206942
v 0.475779 0.690621 0.206443
v 0.455245 0.676975 0.205022
v 0.441525 0.656552 0.202894
v 0.436708 0.632461 0.200385
v 0.441525 0.608371 0.197875
v 0.455245 0.587948 0.195748
v 0.475779 0.574301 0.194326
v 0.500000 0.569509 0.193827
v 0.524221 0.574301 0.194326
v 0.544755 0.587948 0.195748
v 0.558475 0.608371 0.197875
v 0.562979 0.634446 0.180332
v 0.558185 0.658441 0.182581
v 0.544533 0.678784 0.184488
v 0.524101 0.692377 0.185763
v 0.500000 0.697150 0.186210
v 0.475899 0.692377 0.185763
v 0.455467 0.678784 0.184488
v 0.441815 0.658441 0.182581
v 0.437021 0.634446 0.180332
v 0.441815 0.610450 0.178082
v 0.455467 0.590107 0.176175
v 0.475899 0.576515 0.174901
v 0.500000 0.571741 0.174453
v 0.524101 0.576515 0.174901
v 0.544533 0.590107 0.176175
v 0.558185 0.610450 0.178082
v 0.562666 0.636221 0.160279
v 0.557896 0.660119 0.162270
v 0.544311 0.680379 0.163959
v 0.523981 0.693917 0.165087
v 0.500000 0.698670 0.165483
v 0.476019 0.693917 0.165087
v 0.455689 0.680379 0.163959
v 0.442104 0.660119 0.162270
v 0.437334 0.636221 0.160279
v 0.442104 0.612323 0.158287
v 0.455689 0.592063 0.156599
v 0.476019 0.578525 0.155471
v 0.500000 0.573772 0.155075
v 0.523981 0.578525 0.155471
v 0.544311 0.592063 0.156599
v 0.557896 0.612323 0.158287
v 0.562352 0.637788 0.140226
v 0.557606 0.661586 0.141961
v 0.544090 0.681761 0.143432
v 0.523861 0.695241 0.144415
v 0.500000 0.699975 0.144760
v 0.476139 0.695241 0.144415
v 0.455910 0.681761 0.143432
v 0.442394 0.661586 0.141961
v 0.437648 0.637788 0.140226
v 0.442394 0.613990 0.138490
v 0.455910 0.593815 0.137019
v 0.476139 0.580334 0.136036
v 0.500000 0.575600 0.135691
v 0.523861 0.580334 0.136036
v 0.544090 0.593815 0.137019
v 0.557606 0.613990 0.138490
v 0.562039 0.639146 0.120173
v 0.557317 0.662841 0.121654
v 0.543868 0.682928 0.122909
v 0.523741 0.696351 0.123748
v 0.500000 0.701064 0.124042
v 0.476259 0.696351 0.123748
v 0.456132 0.682928 0.122909
v 0.442683 0.662841 0.121654
v 0.437961 0.639146 0.120173
v 0.442683 0.615450 0.118692
v 0.456132 0.595363 0.117436
v 0.476259 0.581940 0.116597
v 0.500000 0.577227 0.116303
v 0.523741 0.581940 0.116597
v 0.543868 0.595363 0.117436
v 0.557317 0.615450 0.118692
v 0.561726 0.640294 0.100120
v 0.557027 0.663884 0.101348
v 0.543647 0.683882 0.102390
v 0.523621 0.697244 0.103086
v 0.500000 0.701937 0.103330
v 0.476379 0.697244 0.103086
v 0.456353 0.683882 0.102390
v 0.442973 0.663884 0.101348
v 0.438274 0.640294 0.100120
v 0.442973 0.616705 0.098891
v 0.456353 0.596707 0.097849
v 0.476379 0.583344 0.097153
v 0.500000 0.578652 0.096909
v 0.523621 0.583344 0.097153
v 0.543647 0.596707 0.097849
v 0.557027 0.616705 0.098891
v 0.561412 0.641234 0.080066
v 0.556738 0.664716 0.081045
v 0.543425 0.684622 0.081874
v 0.523502 0.697923 0.082429
v 0.500000 0.702594 0.082623
v 0.476498 0.697923 0.082429
v 0.456575 0.684622 0.081874
v 0.443262 0.664716 0.081045
v 0.438588 0.641234 0.080066
v 0.443262 0.617753 0.079088
v 0.456575 0.597847 0.078259
v 0.476498 0.584546 0.077704
v 0.500000 0.579875 0.077510
v 0.523502 0.584546 0.077704
v 0.543425 0.597847 0.078259
v 0.556738 0.617753 0.079088
v 0.561099 0.641965 0.060013
v 0.556448 0.665336 0.060744
v 0.543204 0.685148 0.061363
v 0.523382 0.698386 0.061777
v 0.500000 0.703035 0.061922
v 0.476618 0.698386 0.061777
v 0.456796 0.685148 0.061363
v 0.443552 0.665336 0.060744
v 0.438901 0.641965 0.060013
v 0.443552 0.618595 0.059283
v 0.456796 0.598783 0.058664
v 0.476618 0.585545 0.058250
v 0.500000 0.580896 0.058105
v 0.523382 0.585545 0.058250
v 0.543204 0.598783 0.058664
v 0.556448 0.618595 0.059283
v 0.560786 0.642488 0.039960
v 0.556159 0.665744 0.040445
v 0.542982 0.685460 0.040856
v 0.523262 0.698634 0.041130
v 0.500000 0.703260 0.041226
v 0.476738 0.698634 0.041130
v 0.457018 0.685460 0.040856
v 0.443841 0.665744 0.040445
v 0.439214 0.642488 0.039960
v 0.443841 0.619231 0.039476
v 0.457018 0.599515 0.039065
v 0.476738 0.586341 0.038791
v 0.500000 0.581715 0.038694
v 0.523262 0.586341 0.038791
v 0.542982 0.599515 0.039065
v 0.556159 0.619231 0.039476
v 0.560472 0.642801 0.019907
v 0.555869 0.665942 0.020148
v 0.542760 0.685559 0.020353
v 0.523142 0.698667 0.020489
v 0.500000 0.703270 0.020537
v 0.476858 0.698667 0.020489
v 0.457240 0.685559 0.020353
v 0.444131 0.665942 0.020148
v 0.439528 0.642801 0.019907
v 0.444131 0.619660 0.019666
v 0.457240 0.600043 0.019462
v 0.476858 0.586935 0.019325
v 0.500000 0.582332 0.019277
v 0.523142 0.586935 0.019325
v 0.542760 0.600043 0.019462
v 0.555869 0.619660 0.019666
v 0.560161 0.642905 0.000005
v 0.555582 0.665928 0.000006
v 0.542541 0.685446 0.000008
v 0.523023 0.698487 0.000009
v 0.500000 0.703067 0.000009
v 0.476977 0.698487 0.000009
v 0.457459 0.685446 0.000008
v 0.444418 0.665928 0.000006
v 0.439839 0.642905 0.000005
v 0.444418 0.619883 0.000003
v 0.457459 0.600365 0.000001
v 0.476977 0.587323 0.000000
v 0.500000 0.582744 0.000000
v 0.523023 0.587323 0.000000
v 0.542541 0.600365 0.000001
v 0.555582 0.619883 0.000003
v 0.500000 0.642905 0.000005
vt 0.250000 0.750000
vt 0.250000 0.684375
vt 0.281250 0.684375
vt 0.281250 0.750000
vt 0.312500 0.684375
vt 0.312500 0.750000
vt 0.343750 0.684375
vt 0.343750 0.750000
vt 0.375000 0.684375
vt 0.375000 0.750000
vt 0.406250 0.684375
vt 0.406250 0.750000
vt 0.437500 0.684375
vt 0.437500 0.750000
vt 0.468750 0.684375
vt 0.468750 0.750000
vt 0.500000 0.684375
vt 0.500000 0.750000
vt 0.531250 0.684375
vt 0.531250 0.750000
vt 0.562500 0.684375
vt 0.562500 0.750000
vt 0.593750 0.684375
vt 0.593750 0.750000
vt 0.625000 0.684375
vt 0.625000 0.750000
vt 0.656250 0.684375
vt 0.656250 0.750000
vt 0.687500 0.684375
vt 0.687500 0.750000
vt 0.718750 0.684375
vt 0.718750 0.750000
vt 0.750000 0.684375
vt 0.750000 0.750000
vt 0.500000 0.500000
vt 0.700000 0.500000
vt 0.684776 0.423463
vt 0.641421 0.358579
vt 0.576537 0.315224
vt 0.500000 0.300000
vt 0.423463 0.315224
vt 0.358579 0.358579
vt 0.315224 0.423463
vt 0.300000 0.500000
vt 0.315224 0.576537
vt 0.358579 0.641421
vt 0.423463 0.684776
vt 0.500000 0.700000
vt 0.576537 0.684776
vt 0.641421 0.641421
vt 0.684776 0.576537
vt 0.250000 0.741086
vt 0.281250 0.741086
vt 0.312500 0.741086
vt 0.343750 0.741086
vt 0.375000 0.741086
vt 0.406250 0.741086
vt 0.437500 0.741086
vt 0.468750 0.741086
vt 0.500000 0.741086
vt 0.531250 0.741086
vt 0.562500 0.741086
vt 0.593750 0.741086
vt 0.625000 0.741086
vt 0.656250 0.741086
vt 0.687500 0.741086
vt 0.718750 0.741086
vt 0.750000 0.741086
vt 0.250000 0.694598
vt 0.281250 0.694598
vt 0.312500 0.694598
vt 0.343750 0.694598
vt 0.375000 0.694598
vt 0.406250 0.694598
vt 0.437500 0.694598
vt 0.468750 0.694598
vt 0.500000 0.694598
vt 0.531250 0.694598
vt 0.562500 0.694598
vt 0.593750 0.694598
vt 0.625000 0.694598
vt 0.656250 0.694598
vt 0.687500 0.694598
vt 0.718750 0.694598
vt 0.750000 0.694598
vt 0.250000 0.648301
vt 0.281250 0.648301
vt 0.312500 0.648301
vt 0.343750 0.648301
vt 0.375000 0.648301
vt 0.406250 0.648301
vt 0.437500 0.648301
vt 0.468750 0.648301
vt 0.500000 0.648301
vt 0.531250 0.648301
vt 0.562500 0.648301
vt 0.593750 0.648301
vt 0.625000 0.648301
vt 0.656250 0.648301
vt 0.687500 0.648301
vt 0.718750 0.648301
vt 0.750000 0.648301
vt 0.250000 0.602191
vt 0.281250 0.602191
vt 0.312500 0.602191
vt 0.343750 0.602191
vt 0.375000 0.602191
vt 0.406250 0.602191
vt 0.437500 0.602191
vt 0.468750 0.602191
vt 0.500000 0.602191
vt 0.531250 0.602191
vt 0.562500 0.602191
vt 0.593750 0.602191
vt 0.625000 0.602191
vt 0.656250 0.602191
vt 0.687500 0.602191
vt 0.718750 0.602191
vt 0.750000 0.602191
vt 0.250000 0.556266
vt 0.281250 0.556266
vt 0.312500 0.556266
vt 0.343750 0.556266
vt 0.375000 0.556266
vt 0.406250 0.556266
vt 0.437500 0.556266
vt 0.468750 0.556266
vt 0.500000 0.556266
vt 0.531250 0.556266
vt 0.562500 0.556266
vt 0.593750 0.556266
vt 0.625000 0.556266
vt 0.656250 0.556266
vt 0.687500 0.556266
vt 0.718750 0.556266
vt 0.750000 0.556266
vt 0.250000 0.510521
vt 0.281250 0.510521
vt 0.312500 0.510521
vt 0.343750 0.510521
vt 0.375000 0.510521
vt 0.406250 0.510521
vt 0.437500 0.510521
vt 0.468750 0.510521
vt 0.500000 0.510521
vt 0.531250 0.510521
vt 0.562500 0.510521
vt 0.593750 0.510521
vt 0.625000 0.510521
vt 0.656250 0.510521
vt 0.687500 0.510521
vt 0.718750 0.510521
vt 0.750000 0.510521
vt 0.250000 0.464954
vt 0.281250 0.464954
vt 0.312500 0.464954
vt 0.343750 0.464954
vt 0.375000 0.464954
vt 0.406250 0.464954
vt 0.437500 0.464954
vt 0.468750 0.464954
vt 0.500000 0.464954
vt 0.531250 0.464954
vt 0.562500 0.464954
vt 0.593750 0.464954
vt 0.625000 0.464954
vt 0.656250 0.464954
vt 0.687500 0.464954
vt 0.718750 0.464954
vt 0.750000 0.464954
vt 0.250000 0.419561
vt 0.281250 0.419561
vt 0.312500 0.419561
vt 0.343750 0.419561
vt 0.375000 0.419561
vt 0.406250 0.419561
vt 0.437500 0.419561
vt 0.468750 0.419561
vt 0.500000 0.419561
vt 0.531250 0.419561
vt 0.562500 0.419561
vt 0.593750 0.419561
vt 0.625000 0.419561
vt 0.656250 0.419561
vt 0.687500 0.419561
vt 0.718750 0.419561
vt 0.750000 0.419561
vt 0.250000 0.374338
vt 0.281250 0.374338
vt 0.312500 0.374338
vt 0.343750 0.374338
vt 0.375000 0.374338
vt 0.406250 0.374338
vt 0.437500 0.374338
vt 0.468750 0.374338
vt 0.500000 0.374338
vt 0.531250 0.374338
vt 0.562500 0.374338
vt 0.593750 0.374338
vt 0.625000 0.374338
vt 0.656250 0.374338
vt 0.687500 0.374338
vt 0.718750 0.374338
vt 0.750000 0.374338
vt 0.250000 0.329282
vt 0.281250 0.329282
vt 0.312500 0.329282
vt 0.343750 0.329282
vt 0.375000 0.329282
vt 0.406250 0.329282
vt 0.437500 0.329282
vt 0.468750 0.329282
vt 0.500000 0.329282
vt 0.531250 0.329282
vt 0.562500 0.329282
vt 0.593750 0.329282
vt 0.625000 0.329282
vt 0.656250 0.329282
vt 0.687500 0.329282
vt 0.718750 0.329282
vt 0.750000 0.329282
vt 0.250000 0.284389
vt 0.281250 0.284389
vt 0.312500 0.284389
vt 0.343750 0.284389
vt 0.375000 0.284389
vt 0.406250 0.284389
vt 0.437500 0.284389
vt 0.468750 0.284389
vt 0.500000 0.284389
vt 0.531250 0.284389
vt 0.562500 0.284389
vt 0.593750 0.284389
vt 0.625000 0.284389
vt 0.656250 0.284389
vt 0.687500 0.284389
vt 0.718750 0.284389
vt 0.750000 0.284389
vt 0.250000 0.260343
vt 0.281250 0.260343
vt 0.312500 0.260343
vt 0.343750 0.260343
vt 0.375000 0.260343
vt 0.406250 0.260343
vt 0.437500 0.260343
vt 0.468750 0.260343
vt 0.500000 0.260343
vt 0.531250 0.260343
vt 0.562500 0.260343
vt 0.593750 0.260343
vt 0.625000 0.260343
vt 0.656250 0.260343
vt 0.687500 0.260343
vt 0.718750 0.260343
vt 0.750000 0.260343
vt 0.250000 0.304920
vt 0.281250 0.304920
vt 0.312500 0.304920
vt 0.343750 0.304920
vt 0.375000 0.304920
vt 0.406250 0.304920
vt 0.437500 0.304920
vt 0.468750 0.304920
vt 0.500000 0.304920
vt 0.531250 0.304920
vt 0.562500 0.304920
vt 0.593750 0.304920
vt 0.625000 0.304920
vt 0.656250 0.304920
vt 0.687500 0.304920
vt 0.718750 0.304920
vt 0.750000 0.304920
vt 0.250000 0.349344
vt 0.281250 0.349344
vt 0.312500 0.349344
vt 0.343750 0.349344
vt 0.375000 0.349344
vt 0.406250 0.349344
vt 0.437500 0.349344
vt 0.468750 0.349344
vt 0.500000 0.349344
vt 0.531250 0.349344
vt 0.562500 0.349344
vt 0.593750 0.349344
vt 0.625000 0.349344
vt 0.656250 0.349344
vt 0.687500 0.349344
vt 0.718750 0.349344
vt 0.750000 0.349344
vt 0.250000 0.393620
vt 0.281250 0.393620
vt 0.312500 0.393620
vt 0.343750 0.393620
vt 0.375000 0.393620
vt 0.406250 0.393620
vt 0.437500 0.393620
vt 0.468750 0.393620
vt 0.500000 0.393620
vt 0.531250 0.393620
vt 0.562500 0.393620
vt 0.593750 0.393620
vt 0.625000 0.393620
vt 0.656250 0.393620
vt 0.687500 0.393620
vt 0.718750 0.393620
vt 0.750000 0.393620
vt 0.250000 0.396222
vt 0.281250 0.396222
vt 0.312500 0.396222
vt 0.343750 0.396222
vt 0.375000 0.396222
vt 0.406250 0.396222
vt 0.437500 0.396222
vt 0.468750 0.396222
vt 0.500000 0.396222
vt 0.531250 0.396222
vt 0.562500 0.396222
vt 0.593750 0.396222
vt 0.625000 0.396222
vt 0.656250 0.396222
vt 0.687500 0.396222
vt 0.718750 0.396222
vt 0.750000 0.396222
vt 0.250000 0.437751
vt 0.281250 0.437751
vt 0.312500 0.437751
vt 0.343750 0.437751
vt 0.375000 0.437751
vt 0.406250 0.437751
vt 0.437500 0.437751
vt 0.468750 0.437751
vt 0.500000 0.437751
vt 0.531250 0.437751
vt 0.562500 0.437751
vt 0.593750 0.437751
vt 0.625000 0.437751
vt 0.656250 0.437751
vt 0.687500 0.437751
vt 0.718750 0.437751
vt 0.750000 0.437751
vt 0.250000 0.481740
vt 0.281250 0.481740
vt 0.312500 0.481740
vt 0.343750 0.481740
vt 0.375000 0.481740
vt 0.406250 0.481740
vt 0.437500 0.481740
vt 0.468750 0.481740
vt 0.500000 0.481740
vt 0.531250 0.481740
vt 0.562500 0.481740
vt 0.593750 0.481740
vt 0.625000 0.481740
vt 0.656250 0.481740
vt 0.687500 0.481740
vt 0.718750 0.481740
vt 0.750000 0.481740
vt 0.250000 0.525593
vt 0.281250 0.525593
vt 0.312500 0.525593
vt 0.343750 0.525593
vt 0.375000 0.525593
vt 0.406250 0.525593
vt 0.437500 0.525593
vt 0.468750 0.525593
vt 0.500000 0.525593
vt 0.531250 0.525593
vt 0.562500 0.525593
vt 0.593750 0.525593
vt 0.625000 0.525593
vt 0.656250 0.525593
vt 0.687500 0.525593
vt 0.718750 0.525593
vt 0.750000 0.525593
vt 0.250000 0.569312
vt 0.281250 0.569312
vt 0.312500 0.569312
vt 0.343750 0.569312
vt 0.375000 0.569312
vt 0.406250 0.569312
vt 0.437500 0.569312
vt 0.468750 0.569312
vt 0.500000 0.569312
vt 0.531250 0.569312
vt 0.562500 0.569312
vt 0.593750 0.569312
vt 0.625000 0.569312
vt 0.656250 0.569312
vt 0.687500 0.569312
vt 0.718750 0.569312
vt 0.750000 0.569312
vt 0.250000 0.612901
vt 0.281250 0.612901
vt 0.312500 0.612901
vt 0.343750 0.612901
vt 0.375000 0.612901
vt 0.406250 0.612901
vt 0.437500 0.612901
vt 0.468750 0.612901
vt 0.500000 0.612901
vt 0.531250 0.612901
vt 0.562500 0.612901
vt 0.593750 0.612901
vt 0.625000 0.612901
vt 0.656250 0.612901
vt 0.687500 0.612901
vt 0.718750 0.612901
vt 0.750000 0.612901
vt 0.250000 0.656365
vt 0.281250 0.656365
vt 0.312500 0.656365
vt 0.343750 0.656365
vt 0.375000 0.656365
vt 0.406250 0.656365
vt 0.437500 0.656365
vt 0.468750 0.656365
vt 0.500000 0.656365
vt 0.531250 0.656365
vt 0.562500 0.656365
vt 0.593750 0.656365
vt 0.625000 0.656365
vt 0.656250 0.656365
vt 0.687500 0.656365
vt 0.718750 0.656365
vt 0.750000 0.656365
vt 0.250000 0.699708
vt 0.281250 0.699708
vt 0.312500 0.699708
vt 0.343750 0.699708
vt 0.375000 0.699708
vt 0.406250 0.699708
vt 0.437500 0.699708
vt 0.468750 0.699708
vt 0.500000 0.699708
vt 0.531250 0.699708
vt 0.562500 0.699708
vt 0.593750 0.699708
vt 0.625000 0.699708
vt 0.656250 0.699708
vt 0.687500 0.699708
vt 0.718750 0.699708
vt 0.750000 0.699708
vt 0.250000 0.742933
vt 0.281250 0.742933
vt 0.312500 0.742933
vt 0.343750 0.742933
vt 0.375000 0.742933
vt 0.406250 0.742933
vt 0.437500 0.742933
vt 0.468750 0.742933
vt 0.500000 0.742933
vt 0.531250 0.742933
vt 0.562500 0.742933
vt 0.593750 0.742933
vt 0.625000 0.742933
vt 0.656250 0.742933
vt 0.687500 0.742933
vt 0.718750 0.742933
vt 0.750000 0.742933
vt 0.250000 0.713956
vt 0.281250 0.713956
vt 0.312500 0.713956
vt 0.343750 0.713956
vt 0.375000 0.713956
vt 0.406250 0.713956
vt 0.437500 0.713956
vt 0.468750 0.713956
vt 0.500000 0.713956
vt 0.531250 0.713956
vt 0.562500 0.713956
vt 0.593750 0.713956
vt 0.625000 0.713956
vt 0.656250 0.713956
vt 0.687500 0.713956
vt 0.718750 0.713956
vt 0.750000 0.713956
vt 0.250000 0.670953
vt 0.281250 0.670953
vt 0.312500 0.670953
vt 0.343750 0.670953
vt 0.375000 0.670953
vt 0.406250 0.670953
vt 0.437500 0.670953
vt 0.468750 0.670953
vt 0.500000 0.670953
vt 0.531250 0.670953
vt 0.562500 0.670953
vt 0.593750 0.670953
vt 0.625000 0.670953
vt 0.656250 0.670953
vt 0.687500 0.670953
vt 0.718750 0.670953
vt 0.750000 0.670953
vt 0.250000 0.628057
vt 0.281250 0.628057
vt 0.312500 0.628057
vt 0.343750 0.628057
vt 0.375000 0.628057
vt 0.406250 0.628057
vt 0.437500 0.628057
vt 0.468750 0.628057
vt 0.500000 0.628057
vt 0.531250 0.628057
vt 0.562500 0.628057
vt 0.593750 0.628057
vt 0.625000 0.628057
vt 0.656250 0.628057
vt 0.687500 0.628057
vt 0.718750 0.628057
vt 0.750000 0.628057
vt 0.250000 0.585261
vt 0.281250 0.585261
vt 0.312500 0.585261
vt 0.343750 0.585261
vt 0.375000 0.585261
vt 0.406250 0.585261
vt 0.437500 0.585261
vt 0.468750 0.585261
vt 0.500000 0.585261
vt 0.531250 0.585261
vt 0.562500 0.585261
vt 0.593750 0.585261
vt 0.625000 0.585261
vt 0.656250 0.585261
vt 0.687500 0.585261
vt 0.718750 0.585261
vt 0.750000 0.585261
vt 0.250000 0.542562
vt 0.281250 0.542562
vt 0.312500 0.542562
vt 0.343750 0.542562
vt 0.375000 0.542562
vt 0.406250 0.542562
vt 0.437500 0.542562
vt 0.468750 0.542562
vt 0.500000 0.542562
vt 0.531250 0.542562
vt 0.562500 0.542562
vt 0.593750 0.542562
vt 0.625000 0.542562
vt 0.656250 0.542562
vt 0.687500 0.542562
vt 0.718750 0.542562
vt 0.750000 0.542562
vt 0.250000 0.499956
vt 0.281250 0.499956
vt 0.312500 0.499956
vt 0.343750 0.499956
vt 0.375000 0.499956
vt 0.406250 0.499956
vt 0.437500 0.499956
vt 0.468750 0.499956
vt 0.500000 0.499956
vt 0.531250 0.499956
vt 0.562500 0.499956
vt 0.593750 0.499956
vt 0.625000 0.499956
vt 0.656250 0.499956
vt 0.687500 0.499956
vt 0.718750 0.499956
vt 0.750000 0.499956
vt 0.250000 0.457438
vt 0.281250 0.457438
vt 0.312500 0.457438
vt 0.343750 0.457438
vt 0.375000 0.457438
vt 0.406250 0.457438
vt 0.437500 0.457438
vt 0.468750 0.457438
vt 0.500000 0.457438
vt 0.531250 0.457438
vt 0.562500 0.457438
vt 0.593750 0.457438
vt 0.625000 0.457438
vt 0.656250 0.457438
vt 0.687500 0.457438
vt 0.718750 0.457438
vt 0.750000 0.457438
vt 0.250000 0.415005
vt 0.281250 0.415005
vt 0.312500 0.415005
vt 0.343750 0.415005
vt 0.375000 0.415005
vt 0.406250 0.415005
vt 0.437500 0.415005
vt 0.468750 0.415005
vt 0.500000 0.415005
vt 0.531250 0.415005
vt 0.562500 0.415005
vt 0.593750 0.415005
vt 0.625000 0.415005
vt 0.656250 0.415005
vt 0.687500 0.415005
vt 0.718750 0.415005
vt 0.750000 0.415005
vt 0.250000 0.372652
vt 0.281250 0.372652
vt 0.312500 0.372652
vt 0.343750 0.372652
vt 0.375000 0.372652
vt 0.406250 0.372652
vt 0.437500 0.372652
vt 0.468750 0.372652
vt 0.500000 0.372652
vt 0.531250 0.372652
vt 0.562500 0.372652
vt 0.593750 0.372652
vt 0.625000 0.372652
vt 0.656250 0.372652
vt 0.687500 0.372652
vt 0.718750 0.372652
vt 0.750000 0.372652
vt 0.250000 0.330374
vt 0.281250 0.330374
vt 0.312500 0.330374
vt 0.343750 0.330374
vt 0.375000 0.330374
vt 0.406250 0.330374
vt 0.437500 0.330374
vt 0.468750 0.330374
vt 0.500000 0.330374
vt 0.531250 0.330374
vt 0.562500 0.330374
vt 0.593750 0.330374
vt 0.625000 0.330374
vt 0.656250 0.330374
vt 0.687500 0.330374
vt 0.718750 0.330374
vt 0.750000 0.330374
vt 0.250000 0.288168
vt 0.281250 0.288168
vt 0.312500 0.288168
vt 0.343750 0.288168
vt 0.375000 0.288168
vt 0.406250 0.288168
vt 0.437500 0.288168
vt 0.468750 0.288168
vt 0.500000 0.288168
vt 0.531250 0.288168
vt 0.562500 0.288168
vt 0.593750 0.288168
vt 0.625000 0.288168
vt 0.656250 0.288168
vt 0.687500 0.288168
vt 0.718750 0.288168
vt 0.750000 0.288168
vt 0.250000 0.253971
vt 0.281250 0.253971
vt 0.312500 0.253971
vt 0.343750 0.253971
vt 0.375000 0.253971
vt 0.406250 0.253971
vt 0.437500 0.253971
vt 0.468750 0.253971
vt 0.500000 0.253971
vt 0.531250 0.253971
vt 0.562500 0.253971
vt 0.593750 0.253971
vt 0.625000 0.253971
vt 0.656250 0.253971
vt 0.687500 0.253971
vt 0.718750 0.253971
vt 0.750000 0.253971
vt 0.250000 0.296048
vt 0.281250 0.296048
vt 0.312500 0.296048
vt 0.343750 0.296048
vt 0.375000 0.296048
vt 0.406250 0.296048
vt 0.437500 0.296048
vt 0.468750 0.296048
vt 0.500000 0.296048
vt 0.531250 0.296048
vt 0.562500 0.296048
vt 0.593750 0.296048
vt 0.625000 0.296048
vt 0.656250 0.296048
vt 0.687500 0.296048
vt 0.718750 0.296048
vt 0.750000 0.296048
vt 0.250000 0.338067
vt 0.281250 0.338067
vt 0.312500 0.338067
vt 0.343750 0.338067
vt 0.375000 0.338067
vt 0.406250 0.338067
vt 0.437500 0.338067
vt 0.468750 0.338067
vt 0.500000 0.338067
vt 0.531250 0.338067
vt 0.562500 0.338067
vt 0.593750 0.338067
vt 0.625000 0.338067
vt 0.656250 0.338067
vt 0.687500 0.338067
vt 0.718750 0.338067
vt 0.750000 0.338067
vt 0.250000 0.380031
vt 0.281250 0.380031
vt 0.312500 0.380031
vt 0.343750 0.380031
vt 0.375000 0.380031
vt 0.406250 0.380031
vt 0.437500 0.380031
vt 0.468750 0.380031
vt 0.500000 0.380031
vt 0.531250 0.380031
vt 0.562500 0.380031
vt 0.593750 0.380031
vt 0.625000 0.380031
vt 0.656250 0.380031
vt 0.687500 0.380031
vt 0.718750 0.380031
vt 0.750000 0.380031
vt 0.250000 0.421946
vt 0.281250 0.421946
vt 0.312500 0.421946
vt 0.343750 0.421946
vt 0.375000 0.421946
vt 0.406250 0.421946
vt 0.437500 0.421946
vt 0.468750 0.421946
vt 0.500000 0.421946
vt 0.531250 0.421946
vt 0.562500 0.421946
vt 0.593750 0.421946
vt 0.625000 0.421946
vt 0.656250 0.421946
vt 0.687500 0.421946
vt 0.718750 0.421946
vt 0.750000 0.421946
vt 0.250000 0.463816
vt 0.281250 0.463816
vt 0.312500 0.463816
vt 0.343750 0.463816
vt 0.375000 0.463816
vt 0.406250 0.463816
vt 0.437500 0.463816
vt 0.468750 0.463816
vt 0.500000 0.463816
vt 0.531250 0.463816
vt 0.562500 0.463816
vt 0.593750 0.463816
vt 0.625000 0.463816
vt 0.656250 0.463816
vt 0.687500 0.463816
vt 0.718750 0.463816
vt 0.750000 0.463816
vt 0.250000 0.505646
vt 0.281250 0.505646
vt 0.312500 0.505646
vt 0.343750 0.505646
vt 0.375000 0.505646
vt 0.406250 0.505646
vt 0.437500 0.505646
vt 0.468750 0.505646
vt 0.500000 0.505646
vt 0.531250 0.505646
vt 0.562500 0.505646
vt 0.593750 0.505646
vt 0.625000 0.505646
vt 0.656250 0.505646
vt 0.687500 0.505646
vt 0.718750 0.505646
vt 0.750000 0.505646
vt 0.250000 0.547440
vt 0.281250 0.547440
vt 0.312500 0.547440
vt 0.343750 0.547440
vt 0.375000 0.547440
vt 0.406250 0.547440
vt 0.437500 0.547440
vt 0.468750 0.547440
vt 0.500000 0.547440
vt 0.531250 0.547440
vt 0.562500 0.547440
vt 0.593750 0.547440
vt 0.625000 0.547440
vt 0.656250 0.547440
vt 0.687500 0.547440
vt 0.718750 0.547440
vt 0.750000 0.547440
vt 0.250000 0.589202
vt 0.281250 0.589202
vt 0.312500 0.589202
vt 0.343750 0.589202
vt 0.375000 0.589202
vt 0.406250 0.589202
vt 0.437500 0.589202
vt 0.468750 0.589202
vt 0.500000 0.589202
vt 0.531250 0.589202
vt 0.562500 0.589202
vt 0.593750 0.589202
vt 0.625000 0.589202
vt 0.656250 0.589202
vt 0.687500 0.589202
vt 0.718750 0.589202
vt 0.750000 0.589202
vt 0.250000 0.630937
vt 0.281250 0.630937
vt 0.312500 0.630937
vt 0.343750 0.630937
vt 0.375000 0.630937
vt 0.406250 0.630937
vt 0.437500 0.630937
vt 0.468750 0.630937
vt 0.500000 0.630937
vt 0.531250 0.630937
vt 0.562500 0.630937
vt 0.593750 0.630937
vt 0.625000 0.630937
vt 0.656250 0.630937
vt 0.687500 0.630937
vt 0.718750 0.630937
vt 0.750000 0.630937
vt 0.250000 0.672649
vt 0.281250 0.672649
vt 0.312500 0.672649
vt 0.343750 0.672649
vt 0.375000 0.672649
vt 0.406250 0.672649
vt 0.437500 0.672649
vt 0.468750 0.672649
vt 0.500000 0.672649
vt 0.531250 0.672649
vt 0.562500 0.672649
vt 0.593750 0.672649
vt 0.625000 0.672649
vt 0.656250 0.672649
vt 0.687500 0.672649
vt 0.718750 0.672649
vt 0.750000 0.672649
vt 0.250000 0.714344
vt 0.281250 0.714344
vt 0.312500 0.714344
vt 0.343750 0.714344
vt 0.375000 0.714344
vt 0.406250 0.714344
vt 0.437500 0.714344
vt 0.468750 0.714344
vt 0.500000 0.714344
vt 0.531250 0.714344
vt 0.562500 0.714344
vt 0.593750 0.714344
vt 0.625000 0.714344
vt 0.656250 0.714344
vt 0.687500 0.714344
vt 0.718750 0.714344
vt 0.750000 0.714344
vt 0.250000 0.743976
vt 0.281250 0.743976
vt 0.312500 0.743976
vt 0.343750 0.743976
vt 0.375000 0.743976
vt 0.406250 0.743976
vt 0.437500 0.743976
vt 0.468750 0.743976
vt 0.500000 0.743976
vt 0.531250 0.743976
vt 0.562500 0.743976
vt 0.593750 0.743976
vt 0.625000 0.743976
vt 0.656250 0.743976
vt 0.687500 0.743976
vt 0.718750 0.743976
vt 0.750000 0.743976
vt 0.250000 0.702304
vt 0.281250 0.702304
vt 0.312500 0.702304
vt 0.343750 0.702304
vt 0.375000 0.702304
vt 0.406250 0.702304
vt 0.437500 0.702304
vt 0.468750 0.702304
vt 0.500000 0.702304
vt 0.531250 0.702304
vt 0.562500 0.702304
vt 0.593750 0.702304
vt 0.625000 0.702304
vt 0.656250 0.702304
vt 0.687500 0.702304
vt 0.718750 0.702304
vt 0.750000 0.702304
vt 0.250000 0.660949
vt 0.281250 0.660949
vt 0.312500 0.660949
vt 0.343750 0.660949
vt 0.375000 0.660949
vt 0.406250 0.660949
vt 0.437500 0.660949
vt 0.468750 0.660949
vt 0.500000 0.660949
vt 0.531250 0.660949
vt 0.562500 0.660949
vt 0.593750 0.660949
vt 0.625000 0.660949
vt 0.656250 0.660949
vt 0.687500 0.660949
vt 0.718750 0.660949
vt 0.750000 0.660949
vn 1.000000 0.000000 0.000000
vn 0.935338 0.353756 0.000000
vn 0.738470 0.674286 0.000000
vn 0.413121 0.910676 0.000000
vn 0.000000 1.000000 0.000000
vn -0.413121 0.910676 0.000000
vn -0.738470 0.674286 0.000000
vn -0.935338 0.353756 0.000000
vn -1.000000 0.000000 0.000000
vn -0.935338 -0.353756 0.000000
vn -0.738470 -0.674286 0.000000
vn -0.413121 -0.910676 0.000000
vn -0.000000 -1.000000 0.000000
vn 0.413121 -0.910676 0.000000
vn 0.738470 -0.674286 0.000000
vn 0.935338 -0.353756 0.000000
vn 0.000000 0.000000 1.000000
vn 0.000000 0.000000 -1.000000
vn 0.923880 0.342282 0.171141
vn 0.923880 0.340538 0.174586
vn 0.707107 0.632456 0.316228
vn 0.707107 0.630678 0.319758
vn 0.382683 0.826343 0.413171
vn 0.382683 0.825255 0.415339
vn 0.000000 0.894427 0.447214
vn 0.000000 0.893714 0.448638
vn -0.382683 0.826343 0.413171
vn -0.382683 0.825255 0.415339
vn -0.707107 0.632456 0.316228
vn -0.707107 0.630678 0.319758
vn -0.923880 0.342282 0.171141
vn -0.923880 0.340538 0.174586
vn -0.923880 -0.342282 -0.171141
vn -0.923880 -0.338608 -0.178301
vn -0.707107 -0.632456 -0.316228
vn -0.707107 -0.624085 -0.332442
vn -0.382683 -0.826343 -0.413171
vn -0.382683 -0.813995 -0.436996
vn -0.000000 -0.894427 -0.447214
vn -0.000000 -0.880519 -0.474011
vn 0.382683 -0.826343 -0.413171
vn 0.382683 -0.813995 -0.436996
vn 0.707107 -0.632456 -0.316228
vn 0.707107 -0.624085 -0.332442
vn 0.923880 -0.342282 -0.171141
vn 0.923880 -0.338608 -0.178301
vn 0.923880 0.343703 0.168271
vn 0.707107 0.635080 0.310924
vn 0.382683 0.829771 0.406242
vn 0.000000 0.898138 0.439713
vn -0.382683 0.829771 0.406242
vn -0.707107 0.635080 0.310924
vn -0.923880 0.343703 0.168271
vn -0.923880 -0.343703 -0.168271
vn -0.707107 -0.635080 -0.310924
vn -0.382683 -0.829771 -0.406242
vn -0.000000 -0.898138 -0.439713
vn 0.382683 -0.829771 -0.406242
vn 0.707107 -0.635080 -0.310924
vn 0.923880 -0.343703 -0.168271
vn 0.923880 0.345110 0.165365
vn 0.707107 0.637680 0.305555
vn 0.382683 0.833169 0.399227
vn 0.000000 0.901816 0.432120
vn -0.382683 0.833169 0.399227
vn -0.707107 0.637680 0.305555
vn -0.923880 0.345110 0.165365
vn -0.923880 -0.345110 -0.165365
vn -0.707107 -0.637680 -0.305555
vn -0.382683 -0.833169 -0.399227
vn -0.000000 -0.901816 -0.432120
vn 0.382683 -0.833169 -0.399227
vn 0.707107 -0.637680 -0.305555
vn 0.923880 -0.345110 -0.165365
vn 0.923880 0.346504 0.162424
vn 0.707107 0.640256 0.300120
vn 0.382683 0.836535 0.392126
vn 0.000000 0.905459 0.424434
vn -0.382683 0.836535 0.392126
vn -0.707107 0.640256 0.300120
vn -0.923880 0.346504 0.162424
vn -0.923880 -0.346504 -0.162424
vn -0.707107 -0.640256 -0.300120
vn -0.382683 -0.836535 -0.392126
vn -0.000000 -0.905459 -0.424434
vn 0.382683 -0.836535 -0.392126
vn 0.707107 -0.640256 -0.300120
vn 0.923880 -0.346504 -0.162424
vn 0.923880 0.347884 0.159447
vn 0.707107 0.642806 0.294619
vn 0.382683 0.839866 0.384939
vn 0.000000 0.909065 0.416655
vn -0.382683 0.839866 0.384939
vn -0.707107 0.642806 0.294619
vn -0.923880 0.347884 0.159447
vn -0.923880 -0.347884 -0.159447
vn -0.707107 -0.642806 -0.294619
vn -0.382683 -0.839866 -0.384939
vn -0.000000 -0.909065 -0.416655
vn 0.382683 -0.839866 -0.384939
vn 0.707107 -0.642806 -0.294619
vn 0.923880 -0.347884 -0.159447
vn 0.923880 0.349249 0.156434
vn 0.707107 0.645328 0.289053
vn 0.382683 0.843162 0.377666
vn 0.000000 0.912632 0.408783
vn -0.382683 0.843162 0.377666
vn -0.707107 0.645328 0.289053
vn -0.923880 0.349249 0.156434
vn -0.923880 -0.349249 -0.156434
vn -0.707107 -0.645328 -0.289053
vn -0.382683 -0.843162 -0.377666
vn -0.000000 -0.912632 -0.408783
vn 0.382683 -0.843162 -0.377666
vn 0.707107 -0.645328 -0.289053
vn 0.923880 -0.349249 -0.156434
vn 0.923880 0.350598 0.153387
vn 0.707107 0.647821 0.283422
vn 0.382683 0.846419 0.370308
vn 0.000000 0.916157 0.400819
vn -0.382683 0.846419 0.370308
vn -0.707107 0.647821 0.283422
vn -0.923880 0.350598 0.153387
vn -0.923880 -0.350598 -0.153387
vn -0.707107 -0.647821 -0.283422
vn -0.382683 -0.846419 -0.370308
vn -0.000000 -0.916157 -0.400819
vn 0.382683 -0.846419 -0.370308
vn 0.707107 -0.647821 -0.283422
vn 0.923880 -0.350598 -0.153387
vn 0.923880 0.351931 0.150304
vn 0.707107 0.650284 0.277725
vn 0.382683 0.849636 0.362866
vn 0.000000 0.919640 0.392763
vn -0.382683 0.849636 0.362866
vn -0.707107 0.650284 0.277725
vn -0.923880 0.351931 0.150304
vn -0.923880 -0.351931 -0.150304
vn -0.707107 -0.650284 -0.277725
vn -0.382683 -0.849636 -0.362866
vn -0.000000 -0.919640 -0.392763
vn 0.382683 -0.849636 -0.362866
vn 0.707107 -0.650284 -0.277725
vn 0.923880 -0.351931 -0.150304
vn 0.923880 0.353246 0.147186
vn 0.707107 0.652714 0.271964
vn 0.382683 0.852812 0.355338
vn 0.000000 0.923077 0.384615
vn -0.382683 0.852812 0.355338
vn -0.707107 0.652714 0.271964
vn -0.923880 0.353246 0.147186
vn -0.923880 -0.353246 -0.147186
vn -0.707107 -0.652714 -0.271964
vn -0.382683 -0.852812 -0.355338
vn -0.000000 -0.923077 -0.384615
vn 0.382683 -0.852812 -0.355338
vn 0.707107 -0.652714 -0.271964
vn 0.923880 -0.353246 -0.147186
vn 0.923880 0.354543 0.144033
vn 0.707107 0.655111 0.266139
vn 0.382683 0.855944 0.347727
vn 0.000000 0.926467 0.376377
vn -0.382683 0.855944 0.347727
vn -0.707107 0.655111 0.266139
vn -0.923880 0.354543 0.144033
vn -0.923880 -0.354543 -0.144033
vn -0.707107 -0.655111 -0.266139
vn -0.382683 -0.855944 -0.347727
vn -0.000000 -0.926467 -0.376377
vn 0.382683 -0.855944 -0.347727
vn 0.707107 -0.655111 -0.266139
vn 0.923880 -0.354543 -0.144033
vn 0.923880 0.355822 0.140846
vn 0.707107 0.657473 0.260250
vn 0.382683 0.859029 0.340032
vn 0.000000 0.929807 0.368048
vn -0.382683 0.859029 0.340032
vn -0.707107 0.657473 0.260250
vn -0.923880 0.355822 0.140846
vn -0.923880 -0.355822 -0.140846
vn -0.707107 -0.657473 -0.260250
vn -0.382683 -0.859029 -0.340032
vn -0.000000 -0.929807 -0.368048
vn 0.382683 -0.859029 -0.340032
vn 0.707107 -0.657473 -0.260250
vn 0.923880 -0.355822 -0.140846
vn 0.923880 0.357080 0.137625
vn 0.707107 0.659798 0.254297
vn 0.382683 0.862067 0.332255
vn 0.000000 0.933095 0.359630
vn -0.382683 0.862067 0.332255
vn -0.707107 0.659798 0.254297
vn -0.923880 0.357080 0.137625
vn -0.923880 -0.357080 -0.137625
vn -0.707107 -0.659798 -0.254297
vn -0.382683 -0.862067 -0.332255
vn -0.000000 -0.933095 -0.359630
vn 0.382683 -0.862067 -0.332255
vn 0.707107 -0.659798 -0.254297
vn 0.923880 -0.357080 -0.137625
vn 0.923880 0.358318 0.134369
vn 0.707107 0.662085 0.248282
vn 0.382683 0.865055 0.324396
vn 0.000000 0.936329 0.351123
vn -0.382683 0.865055 0.324396
vn -0.707107 0.662085 0.248282
vn -0.923880 0.358318 0.134369
vn -0.923880 -0.358318 -0.134369
vn -0.707107 -0.662085 -0.248282
vn -0.382683 -0.865055 -0.324396
vn -0.000000 -0.936329 -0.351123
vn 0.382683 -0.865055 -0.324396
vn 0.707107 -0.662085 -0.248282
vn 0.923880 -0.358318 -0.134369
vn 0.923880 0.359534 0.131080
vn 0.707107 0.664332 0.242204
vn 0.382683 0.867992 0.316455
vn 0.000000 0.939507 0.342529
vn -0.382683 0.867992 0.316455
vn -0.707107 0.664332 0.242204
vn -0.923880 0.359534 0.131080
vn -0.923880 -0.359534 -0.131080
vn -0.707107 -0.664332 -0.242204
vn -0.382683 -0.867992 -0.316455
vn -0.000000 -0.939507 -0.342529
vn 0.382683 -0.867992 -0.316455
vn 0.707107 -0.664332 -0.242204
vn 0.923880 -0.359534 -0.131080
vn 0.923880 0.360728 0.127758
vn 0.707107 0.666538 0.236066
vn 0.382683 0.870874 0.308435
vn 0.000000 0.942627 0.333847
vn -0.382683 0.870874 0.308435
vn -0.707107 0.666538 0.236066
vn -0.923880 0.360728 0.127758
vn -0.923880 -0.360728 -0.127758
vn -0.707107 -0.666538 -0.236066
vn -0.382683 -0.870874 -0.308435
vn -0.000000 -0.942627 -0.333847
vn 0.382683 -0.870874 -0.308435
vn 0.707107 -0.666538 -0.236066
vn 0.923880 -0.360728 -0.127758
vn 0.923880 0.360797 0.127561
vn 0.707107 0.666667 0.235702
vn 0.382683 0.871042 0.307960
vn 0.000000 0.942809 0.333333
vn -0.382683 0.871042 0.307960
vn -0.707107 0.666667 0.235702
vn -0.923880 0.360797 0.127561
vn -0.923880 -0.360797 -0.127561
vn -0.707107 -0.666667 -0.235702
vn -0.382683 -0.871042 -0.307960
vn -0.000000 -0.942809 -0.333333
vn 0.382683 -0.871042 -0.307960
vn 0.707107 -0.666667 -0.235702
vn 0.923880 -0.360797 -0.127561
vn 0.923880 0.361899 0.124403
vn 0.707107 0.668701 0.229866
vn 0.382683 0.873700 0.300335
vn 0.000000 0.945687 0.325080
vn -0.382683 0.873700 0.300335
vn -0.707107 0.668701 0.229866
vn -0.923880 0.361899 0.124403
vn -0.923880 -0.361899 -0.124403
vn -0.707107 -0.668701 -0.229866
vn -0.382683 -0.873700 -0.300335
vn -0.000000 -0.945687 -0.325080
vn 0.382683 -0.873700 -0.300335
vn 0.707107 -0.668701 -0.229866
vn 0.923880 -0.361899 -0.124403
vn 0.923880 0.363045 0.121015
vn 0.707107 0.670820 0.223607
vn 0.382683 0.876469 0.292156
vn 0.000000 0.948683 0.316228
vn -0.382683 0.876469 0.292156
vn -0.707107 0.670820 0.223607
vn -0.923880 0.363045 0.121015
vn -0.923880 -0.363045 -0.121015
vn -0.707107 -0.670820 -0.223607
vn -0.382683 -0.876469 -0.292156
vn -0.000000 -0.948683 -0.316228
vn 0.382683 -0.876469 -0.292156
vn 0.707107 -0.670820 -0.223607
vn 0.923880 -0.363045 -0.121015
vn 0.923880 0.364167 0.117596
vn 0.707107 0.672894 0.217289
vn 0.382683 0.879178 0.283901
vn 0.000000 0.951615 0.307292
vn -0.382683 0.879178 0.283901
vn -0.707107 0.672894 0.217289
vn -0.923880 0.364167 0.117596
vn -0.923880 -0.364167 -0.117596
vn -0.707107 -0.672894 -0.217289
vn -0.382683 -0.879178 -0.283901
vn -0.000000 -0.951615 -0.307292
vn 0.382683 -0.879178 -0.283901
vn 0.707107 -0.672894 -0.217289
vn 0.923880 -0.364167 -0.117596
vn 0.923880 0.365264 0.114145
vn 0.707107 0.674919 0.210912
vn 0.382683 0.881825 0.275570
vn 0.000000 0.954480 0.298275
vn -0.382683 0.881825 0.275570
vn -0.707107 0.674919 0.210912
vn -0.923880 0.365264 0.114145
vn -0.923880 -0.365264 -0.114145
vn -0.707107 -0.674919 -0.210912
vn -0.382683 -0.881825 -0.275570
vn -0.000000 -0.954480 -0.298275
vn 0.382683 -0.881825 -0.275570
vn 0.707107 -0.674919 -0.210912
vn 0.923880 -0.365264 -0.114145
vn 0.923880 0.366334 0.110663
vn 0.707107 0.676896 0.204479
vn 0.382683 0.884407 0.267165
vn 0.000000 0.957276 0.289177
vn -0.382683 0.884407 0.267165
vn -0.707107 0.676896 0.204479
vn -0.923880 0.366334 0.110663
vn -0.923880 -0.366334 -0.110663
vn -0.707107 -0.676896 -0.204479
vn -0.382683 -0.884407 -0.267165
vn -0.000000 -0.957276 -0.289177
vn 0.382683 -0.884407 -0.267165
vn 0.707107 -0.676896 -0.204479
vn 0.923880 -0.366334 -0.110663
vn 0.923880 0.367376 0.107151
vn 0.707107 0.678823 0.197990
vn 0.382683 0.886924 0.258686
vn 0.000000 0.960000 0.280000
vn -0.382683 0.886924 0.258686
vn -0.707107 0.678823 0.197990
vn -0.923880 0.367376 0.107151
vn -0.923880 -0.367376 -0.107151
vn -0.707107 -0.678823 -0.197990
vn -0.382683 -0.886924 -0.258686
vn -0.000000 -0.960000 -0.280000
vn 0.382683 -0.886924 -0.258686
vn 0.707107 -0.678823 -0.197990
vn 0.923880 -0.367376 -0.107151
vn 0.923880 0.368391 0.103610
vn 0.707107 0.680697 0.191446
vn 0.382683 0.889374 0.250136
vn 0.000000 0.962651 0.270746
vn -0.382683 0.889374 0.250136
vn -0.707107 0.680697 0.191446
vn -0.923880 0.368391 0.103610
vn -0.923880 -0.368391 -0.103610
vn -0.707107 -0.680697 -0.191446
vn -0.382683 -0.889374 -0.250136
vn -0.000000 -0.962651 -0.270746
vn 0.382683 -0.889374 -0.250136
vn 0.707107 -0.680697 -0.191446
vn 0.923880 -0.368391 -0.103610
vn 0.923880 0.369376 0.100039
vn 0.707107 0.682518 0.184849
vn 0.382683 0.891753 0.241516
vn 0.000000 0.965226 0.261415
vn -0.382683 0.891753 0.241516
vn -0.707107 0.682518 0.184849
vn -0.923880 0.369376 0.100039
vn -0.923880 -0.369376 -0.100039
vn -0.707107 -0.682518 -0.184849
vn -0.382683 -0.891753 -0.241516
vn -0.000000 -0.965226 -0.261415
vn 0.382683 -0.891753 -0.241516
vn 0.707107 -0.682518 -0.184849
vn 0.923880 -0.369376 -0.100039
vn 0.923880 0.370332 0.096441
vn 0.707107 0.684284 0.178199
vn 0.382683 0.894061 0.232828
vn 0.000000 0.967724 0.252012
vn -0.382683 0.894061 0.232828
vn -0.707107 0.684284 0.178199
vn -0.923880 0.370332 0.096441
vn -0.923880 -0.370332 -0.096441
vn -0.707107 -0.684284 -0.178199
vn -0.382683 -0.894061 -0.232828
vn -0.000000 -0.967724 -0.252012
vn 0.382683 -0.894061 -0.232828
vn 0.707107 -0.684284 -0.178199
vn 0.923880 -0.370332 -0.096441
vn 0.923880 0.371257 0.092814
vn 0.707107 0.685994 0.171499
vn 0.382683 0.896295 0.224074
vn 0.000000 0.970143 0.242536
vn -0.382683 0.896295 0.224074
vn -0.707107 0.685994 0.171499
vn -0.923880 0.371257 0.092814
vn -0.923880 -0.371257 -0.092814
vn -0.707107 -0.685994 -0.171499
vn -0.382683 -0.896295 -0.224074
vn -0.000000 -0.970143 -0.242536
vn 0.382683 -0.896295 -0.224074
vn 0.707107 -0.685994 -0.171499
vn 0.923880 -0.371257 -0.092814
vn 0.923880 0.372152 0.089161
vn 0.707107 0.687647 0.164749
vn 0.382683 0.898454 0.215255
vn 0.000000 0.972479 0.232990
vn -0.382683 0.898454 0.215255
vn -0.707107 0.687647 0.164749
vn -0.923880 0.372152 0.089161
vn -0.923880 -0.372152 -0.089161
vn -0.707107 -0.687647 -0.164749
vn -0.382683 -0.898454 -0.215255
vn -0.000000 -0.972479 -0.232990
vn 0.382683 -0.898454 -0.215255
vn 0.707107 -0.687647 -0.164749
vn 0.923880 -0.372152 -0.089161
vn 0.923880 0.373014 0.085482
vn 0.707107 0.689240 0.157951
vn 0.382683 0.900535 0.206373
vn 0.000000 0.974732 0.223376
vn -0.382683 0.900535 0.206373
vn -0.707107 0.689240 0.157951
vn -0.923880 0.373014 0.085482
vn -0.923880 -0.373014 -0.085482
vn -0.707107 -0.689240 -0.157951
vn -0.382683 -0.900535 -0.206373
vn -0.000000 -0.974732 -0.223376
vn 0.382683 -0.900535 -0.206373
vn 0.707107 -0.689240 -0.157951
vn 0.923880 -0.373014 -0.085482
vn 0.923880 0.373843 0.081778
vn 0.707107 0.690773 0.151107
vn 0.382683 0.902538 0.197430
vn 0.000000 0.976900 0.213697
vn -0.382683 0.902538 0.197430
vn -0.707107 0.690773 0.151107
vn -0.923880 0.373843 0.081778
vn -0.923880 -0.373843 -0.081778
vn -0.707107 -0.690773 -0.151107
vn -0.382683 -0.902538 -0.197430
vn -0.000000 -0.976900 -0.213697
vn 0.382683 -0.902538 -0.197430
vn 0.707107 -0.690773 -0.151107
vn 0.923880 -0.373843 -0.081778
vn 0.923880 0.374640 0.078050
vn 0.707107 0.692244 0.144217
vn 0.382683 0.904460 0.188429
vn 0.000000 0.978980 0.203954
vn -0.382683 0.904460 0.188429
vn -0.707107 0.692244 0.144217
vn -0.923880 0.374640 0.078050
vn -0.923880 -0.374640 -0.078050
vn -0.707107 -0.692244 -0.144217
vn -0.382683 -0.904460 -0.188429
vn -0.000000 -0.978980 -0.203954
vn 0.382683 -0.904460 -0.188429
vn 0.707107 -0.692244 -0.144217
vn 0.923880 -0.374640 -0.078050
vn 0.923880 0.375402 0.074298
vn 0.707107 0.693652 0.137285
vn 0.382683 0.906300 0.179372
vn 0.000000 0.980972 0.194151
vn -0.382683 0.906300 0.179372
vn -0.707107 0.693652 0.137285
vn -0.923880 0.375402 0.074298
vn -0.923880 -0.375402 -0.074298
vn -0.707107 -0.693652 -0.137285
vn -0.382683 -0.906300 -0.179372
vn -0.000000 -0.980972 -0.194151
vn 0.382683 -0.906300 -0.179372
vn 0.707107 -0.693652 -0.137285
vn 0.923880 -0.375402 -0.074298
vn 0.923880 0.376129 0.070524
vn 0.707107 0.694996 0.130312
vn 0.382683 0.908055 0.170260
vn 0.000000 0.982872 0.184289
vn -0.382683 0.908055 0.170260
vn -0.707107 0.694996 0.130312
vn -0.923880 0.376129 0.070524
vn -0.923880 -0.376129 -0.070524
vn -0.707107 -0.694996 -0.130312
vn -0.382683 -0.908055 -0.170260
vn -0.000000 -0.982872 -0.184289
vn 0.382683 -0.908055 -0.170260
vn 0.707107 -0.694996 -0.130312
vn 0.923880 -0.376129 -0.070524
vn 0.923880 0.376821 0.066729
vn 0.707107 0.696274 0.123299
vn 0.382683 0.909726 0.161097
vn 0.000000 0.984680 0.174370
vn -0.382683 0.909726 0.161097
vn -0.707107 0.696274 0.123299
vn -0.923880 0.376821 0.066729
vn -0.923880 -0.376821 -0.066729
vn -0.707107 -0.696274 -0.123299
vn -0.382683 -0.909726 -0.161097
vn -0.000000 -0.984680 -0.174370
vn 0.382683 -0.909726 -0.161097
vn 0.707107 -0.696274 -0.123299
vn 0.923880 -0.376821 -0.066729
vn 0.923880 0.377477 0.062913
vn 0.707107 0.697486 0.116248
vn 0.382683 0.911309 0.151885
vn 0.000000 0.986394 0.164399
vn -0.382683 0.911309 0.151885
vn -0.707107 0.697486 0.116248
vn -0.923880 0.377477 0.062913
vn -0.923880 -0.377477 -0.062913
vn -0.707107 -0.697486 -0.116248
vn -0.382683 -0.911309 -0.151885
vn -0.000000 -0.986394 -0.164399
vn 0.382683 -0.911309 -0.151885
vn 0.707107 -0.697486 -0.116248
vn 0.923880 -0.377477 -0.062913
vn 0.923880 0.378096 0.059077
vn 0.707107 0.698630 0.109161
vn 0.382683 0.912804 0.142626
vn 0.000000 0.988012 0.154377
vn -0.382683 0.912804 0.142626
vn -0.707107 0.698630 0.109161
vn -0.923880 0.378096 0.059077
vn -0.923880 -0.378096 -0.059077
vn -0.707107 -0.698630 -0.109161
vn -0.382683 -0.912804 -0.142626
vn -0.000000 -0.988012 -0.154377
vn 0.382683 -0.912804 -0.142626
vn 0.707107 -0.698630 -0.109161
vn 0.923880 -0.378096 -0.059077
vn 0.923880 0.378678 0.055224
vn 0.707107 0.699705 0.102040
vn 0.382683 0.914209 0.133322
vn 0.000000 0.989533 0.144307
vn -0.382683 0.914209 0.133322
vn -0.707107 0.699705 0.102040
vn -0.923880 0.378678 0.055224
vn -0.923880 -0.378678 -0.055224
vn -0.707107 -0.699705 -0.102040
vn -0.382683 -0.914209 -0.133322
vn -0.000000 -0.989533 -0.144307
vn 0.382683 -0.914209 -0.133322
vn 0.707107 -0.699705 -0.102040
vn 0.923880 -0.378678 -0.055224
vn 0.923880 0.379222 0.051353
vn 0.707107 0.700711 0.094888
vn 0.382683 0.915523 0.123977
vn 0.000000 0.990955 0.134192
vn -0.382683 0.915523 0.123977
vn -0.707107 0.700711 0.094888
vn -0.923880 0.379222 0.051353
vn -0.923880 -0.379222 -0.051353
vn -0.707107 -0.700711 -0.094888
vn -0.382683 -0.915523 -0.123977
vn -0.000000 -0.990955 -0.134192
vn 0.382683 -0.915523 -0.123977
vn 0.707107 -0.700711 -0.094888
vn 0.923880 -0.379222 -0.051353
vn 0.923880 0.379728 0.047466
vn 0.707107 0.701646 0.087706
vn 0.382683 0.916745 0.114593
vn 0.000000 0.992278 0.124035
vn -0.382683 0.916745 0.114593
vn -0.707107 0.701646 0.087706
vn -0.923880 0.379728 0.047466
vn -0.923880 -0.379728 -0.047466
vn -0.707107 -0.701646 -0.087706
vn -0.382683 -0.916745 -0.114593
vn -0.000000 -0.992278 -0.124035
vn 0.382683 -0.916745 -0.114593
vn 0.707107 -0.701646 -0.087706
vn 0.923880 -0.379728 -0.047466
vn 0.923880 0.380196 0.043564
vn 0.707107 0.702510 0.080496
vn 0.382683 0.917874 0.105173
vn 0.000000 0.993499 0.113838
vn -0.382683 0.917874 0.105173
vn -0.707107 0.702510 0.080496
vn -0.923880 0.380196 0.043564
vn -0.923880 -0.380196 -0.043564
vn -0.707107 -0.702510 -0.080496
vn -0.382683 -0.917874 -0.105173
vn -0.000000 -0.993499 -0.113838
vn 0.382683 -0.917874 -0.105173
vn 0.707107 -0.702510 -0.080496
vn 0.923880 -0.380196 -0.043564
vn 0.923880 0.380624 0.039648
vn 0.707107 0.703301 0.073261
vn 0.382683 0.918908 0.095720
vn 0.000000 0.994618 0.103606
vn -0.382683 0.918908 0.095720
vn -0.707107 0.703301 0.073261
vn -0.923880 0.380624 0.039648
vn -0.923880 -0.380624 -0.039648
vn -0.707107 -0.703301 -0.073261
vn -0.382683 -0.918908 -0.095720
vn -0.000000 -0.994618 -0.103606
vn 0.382683 -0.918908 -0.095720
vn 0.707107 -0.703301 -0.073261
vn 0.923880 -0.380624 -0.039648
vn 0.923880 0.381013 0.035720
vn 0.707107 0.704020 0.066002
vn 0.382683 0.919846 0.086236
vn 0.000000 0.995634 0.093341
vn -0.382683 0.919846 0.086236
vn -0.707107 0.704020 0.066002
vn -0.923880 0.381013 0.035720
vn -0.923880 -0.381013 -0.035720
vn -0.707107 -0.704020 -0.066002
vn -0.382683 -0.919846 -0.086236
vn -0.000000 -0.995634 -0.093341
vn 0.382683 -0.919846 -0.086236
vn 0.707107 -0.704020 -0.066002
vn 0.923880 -0.381013 -0.035720
vn 0.923880 0.381362 0.031780
vn 0.707107 0.704664 0.058722
vn 0.382683 0.920688 0.076724
vn 0.000000 0.996546 0.083045
vn -0.382683 0.920688 0.076724
vn -0.707107 0.704664 0.058722
vn -0.923880 0.381362 0.031780
vn -0.923880 -0.381362 -0.031780
vn -0.707107 -0.704664 -0.058722
vn -0.382683 -0.920688 -0.076724
vn -0.000000 -0.996546 -0.083045
vn 0.382683 -0.920688 -0.076724
vn 0.707107 -0.704664 -0.058722
vn 0.923880 -0.381362 -0.031780
vn 0.923880 0.381670 0.027830
vn 0.707107 0.705234 0.051423
vn 0.382683 0.921433 0.067188
vn 0.000000 0.997352 0.072724
vn -0.382683 0.921433 0.067188
vn -0.707107 0.705234 0.051423
vn -0.923880 0.381670 0.027830
vn -0.923880 -0.381670 -0.027830
vn -0.707107 -0.705234 -0.051423
vn -0.382683 -0.921433 -0.067188
vn -0.000000 -0.997352 -0.072724
vn 0.382683 -0.921433 -0.067188
vn 0.707107 -0.705234 -0.051423
vn 0.923880 -0.381670 -0.027830
vn 0.923880 0.381938 0.023871
vn 0.707107 0.705730 0.044108
vn 0.382683 0.922080 0.057630
vn 0.000000 0.998053 0.062378
vn -0.382683 0.922080 0.057630
vn -0.707107 0.705730 0.044108
vn -0.923880 0.381938 0.023871
vn -0.923880 -0.381938 -0.023871
vn -0.707107 -0.705730 -0.044108
vn -0.382683 -0.922080 -0.057630
vn -0.000000 -0.998053 -0.062378
vn 0.382683 -0.922080 -0.057630
vn 0.707107 -0.705730 -0.044108
vn 0.923880 -0.381938 -0.023871
vn 0.923880 0.382165 0.019904
vn 0.707107 0.706150 0.036779
vn 0.382683 0.922629 0.048054
vn 0.000000 0.998646 0.052013
vn -0.382683 0.922629 0.048054
vn -0.707107 0.706150 0.036779
vn -0.923880 0.382165 0.019904
vn -0.923880 -0.382165 -0.019904
vn -0.707107 -0.706150 -0.036779
vn -0.382683 -0.922629 -0.048054
vn -0.000000 -0.998646 -0.052013
vn 0.382683 -0.922629 -0.048054
vn 0.707107 -0.706150 -0.036779
vn 0.923880 -0.382165 -0.019904
vn 0.923880 0.382352 0.015931
vn 0.707107 0.706494 0.029437
vn 0.382683 0.923079 0.038462
vn 0.000000 0.999133 0.041631
vn -0.382683 0.923079 0.038462
vn -0.707107 0.706494 0.029437
vn -0.923880 0.382352 0.015931
vn -0.923880 -0.382352 -0.015931
vn -0.707107 -0.706494 -0.029437
vn -0.382683 -0.923079 -0.038462
vn -0.000000 -0.999133 -0.041631
vn 0.382683 -0.923079 -0.038462
vn 0.707107 -0.706494 -0.029437
vn 0.923880 -0.382352 -0.015931
vn 0.923880 0.382497 0.011953
vn 0.707107 0.706762 0.022086
vn 0.382683 0.923429 0.028857
vn 0.000000 0.999512 0.031235
vn -0.382683 0.923429 0.028857
vn -0.707107 0.706762 0.022086
vn -0.923880 0.382497 0.011953
vn -0.923880 -0.382497 -0.011953
vn -0.707107 -0.706762 -0.022086
vn -0.382683 -0.923429 -0.028857
vn -0.000000 -0.999512 -0.031235
vn 0.382683 -0.923429 -0.028857
vn 0.707107 -0.706762 -0.022086
vn 0.923880 -0.382497 -0.011953
vn 0.923880 0.382600 0.007971
vn 0.707107 0.706953 0.014728
vn 0.382683 0.923679 0.019243
vn 0.000000 0.999783 0.020829
vn -0.382683 0.923679 0.019243
vn -0.707107 0.706953 0.014728
vn -0.923880 0.382600 0.007971
vn -0.923880 -0.382600 -0.007971
vn -0.707107 -0.706953 -0.014728
vn -0.382683 -0.923679 -0.019243
vn -0.000000 -0.999783 -0.020829
vn 0.382683 -0.923679 -0.019243
vn 0.707107 -0.706953 -0.014728
vn 0.923880 -0.382600 -0.007971
vn 0.923880 0.382663 0.003986
vn 0.707107 0.707068 0.007365
vn 0.382683 0.923829 0.009623
vn 0.000000 0.999946 0.010416
vn -0.382683 0.923829 0.009623
vn -0.707107 0.707068 0.007365
vn -0.923880 0.382663 0.003986
vn -0.923880 -0.382663 -0.003986
vn -0.707107 -0.707068 -0.007365
vn -0.382683 -0.923829 -0.009623
vn -0.000000 -0.999946 -0.010416
vn 0.382683 -0.923829 -0.009623
vn 0.707107 -0.707068 -0.007365
vn 0.923880 -0.382663 -0.003986
vn 0.923880 0.382683 0.000030
vn 0.707107 0.707107 0.000055
vn 0.382683 0.923880 0.000072
vn 0.000000 1.000000 0.000078
vn -0.382683 0.923880 0.000072
vn -0.707107 0.707107 0.000055
vn -0.923880 0.382683 0.000030
vn -0.923880 -0.382683 -0.000030
vn -0.707107 -0.707107 -0.000055
vn -0.382683 -0.923880 -0.000072
vn -0.000000 -1.000000 -0.000078
vn 0.382683 -0.923880 -0.000072
vn 0.707107 -0.707107 -0.000055
vn 0.923880 -0.382683 -0.000030
usemtl body
f 1/1/1 2/2/1 3/3/2
f 1/1/1 3/3/2 4/4/2
f 4/4/2 3/3/2 5/5/3
f 4/4/2 5/5/3 6/6/3
f 6/6/3 5/5/3 7/7/4
f 6/6/3 7/7/4 8/8/4
f 8/8/4 7/7/4 9/9/5
f 8/8/4 9/9/5 10/10/5
f 10/10/5 9/9/5 11/11/6
f 10/10/5 11/11/6 12/12/6
f 12/12/6 11/11/6 13/13/7
f 12/12/6 13/13/7 14/14/7
f 14/14/7 13/13/7 15/15/8
f 14/14/7 15/15/8 16/16/8
f 16/16/8 15/15/8 17/17/9
f 16/16/8 17/17/9 18/18/9
f 18/18/9 17/17/9 19/19/10
f 18/18/9 19/19/10 20/20/10
f 20/20/10 19/19/10 21/21/11
f 20/20/10 21/21/11 22/22/11
f 22/22/11 21/21/11 23/23/12
f 22/22/11 23/23/12 24/24/12
f 24/24/12 23/23/12 25/25/13
f 24/24/12 25/25/13 26/26/13
f 26/26/13 25/25/13 27/27/14
f 26/26/13 27/27/14 28/28/14
f 28/28/14 27/27/14 29/29/15
f 28/28/14 29/29/15 30/30/15
f 30/30/15 29/29/15 31/31/16
f 30/30/15 31/31/16 32/32/16
f 32/32/16 31/31/16 2/33/1
f 32/32/16 2/33/1 1/34/1
f 33/35/17 1/36/17 4/37/17
f 33/35/17 4/37/17 6/38/17
f 33/35/17 6/38/17 8/39/17
f 33/35/17 8/39/17 10/40/17
f 33/35/17 10/40/17 12/41/17
f 33/35/17 12/41/17 14/42/17
f 33/35/17 14/42/17 16/43/17
f 33/35/17 16/43/17 18/44/17
f 33/35/17 18/44/17 20/45/17
f 33/35/17 20/45/17 22/46/17
f 33/35/17 22/46/17 24/47/17
f 33/35/17 24/47/17 26/48/17
f 33/35/17 26/48/17 28/49/17
f 33/35/17 28/49/17 30/50/17
f 33/35/17 30/50/17 32/51/17
f 33/35/17 32/51/17 1/36/17
f 34/35/18 3/37/18 2/36/18
f 34/35/18 5/38/18 3/37/18
f 34/35/18 7/39/18 5/38/18
f 34/35/18 9/40/18 7/39/18
f 34/35/18 11/41/18 9/40/18
f 34/35/18 13/42/18 11/41/18
f 34/35/18 15/43/18 13/42/18
f 34/35/18 17/44/18 15/43/18
f 34/35/18 19/45/18 17/44/18
f 34/35/18 21/46/18 19/45/18
f 34/35/18 23/47/18 21/46/18
f 34/35/18 25/48/18 23/47/18
f 34/35/18 27/49/18 25/48/18
f 34/35/18 29/50/18 27/49/18
f 34/35/18 31/51/18 29/50/18
f 34/35/18 2/36/18 31/51/18
f 35/1/1 36/52/1 37/53/19
f 35/1/1 37/53/19 38/4/20
f 38/4/20 37/53/19 39/54/21
f 38/4/20 39/54/21 40/6/22
f 40/6/22 39/54/21 41/55/23
f 40/6/22 41/55/23 42/8/24
f 42/8/24 41/55/23 43/56/25
f 42/8/24 43/56/25 44/10/26
f 44/10/26 43/56/25 45/57/27
f 44/10/26 45/57/27 46/12/28
f 46/12/28 45/57/27 47/58/29
f 46/12/28 47/58/29 48/14/30
f 48/14/30 47/58/29 49/59/31
f 48/14/30 49/59/31 50/16/32
f 50/16/32 49/59/31 51/60/9
f 50/16/32 51/60/9 52/18/9
f 52/18/9 51/60/9 53/61/33
f 52/18/9 53/61/33 54/20/34
f 54/20/34 53/61/33 55/62/35
f 54/20/34 55/62/35 56/22/36
f 56/22/36 55/62/35 57/63/37
f 56/22/36 57/63/37 58/24/38
f 58/24/38 57/63/37 59/64/39
f 58/24/38 59/64/39 60/26/40
f 60/26/40 59/64/39 61/65/41
f 60/26/40 61/65/41 62/28/42
f 62/28/42 61/65/41 63/66/43
f 62/28/42 63/66/43 64/30/44
f 64/30/44 63/66/43 65/67/45
f 64/30/44 65/67/45 66/32/46
f 66/32/46 65/67/45 36/68/1
f 66/32/46 36/68/1 35/34/1
f 36/52/1 67/69/1 68/70/47
f 36/52/1 68/70/47 37/53/19
f 37/53/19 68/70/47 69/71/48
f 37/53/19 69/71/48 39/54/21
f 39/54/21 69/71/48 70/72/49
f 39/54/21 70/72/49 41/55/23
f 41/55/23 70/72/49 71/73/50
f 41/55/23 71/73/50 43/56/25
f 43/56/25 71/73/50 72/74/51
f 43/56/25 72/74/51 45/57/27
f 45/57/27 72/74/51 73/75/52
f 45/57/27 73/75/52 47/58/29
f 47/58/29 73/75/52 74/76/53
f 47/58/29 74/76/53 49/59/31
f 49/59/31 74/76/53 75/77/9
f 49/59/31 75/77/9 51/60/9
f 51/60/9 75/77/9 76/78/54
f 51/60/9 76/78/54 53/61/33
f 53/61/33 76/78/54 77/79/55
f 53/61/33 77/79/55 55/62/35
f 55/62/35 77/79/55 78/80/56
f 55/62/35 78/80/56 57/63/37
f 57/63/37 78/80/56 79/81/57
f 57/63/37 79/81/57 59/64/39
f 59/64/39 79/81/57 80/82/58
f 59/64/39 80/82/58 61/65/41
f 61/65/41 80/82/58 81/83/59
f 61/65/41 81/83/59 63/66/43
f 63/66/43 81/83/59 82/84/60
f 63/66/43 82/84/60 65/67/45
f 65/67/45 82/84/60 67/85/1
f 65/67/45 67/85/1 36/68/1
f 67/69/1 83/86/1 84/87/61
f 67/69/1 84/87/61 68/70/47
f 68/70/47 84/87/61 85/88/62
f 68/70/47 85/88/62 69/71/48
f 69/71/48 85/88/62 86/89/63
f 69/71/48 86/89/63 70/72/49
f 70/72/49 86/89/63 87/90/64
f 70/72/49 87/90/64 71/73/50
f 71/73/50 87/90/64 88/91/65
f 71/73/50 88/91/65 72/74/51
f 72/74/51 88/91/65 89/92/66
f 72/74/51 89/92/66 73/75/52
f 73/75/52 89/92/66 90/93/67
f 73/75/52 90/93/67 74/76/53
f 74/76/53 90/93/67 91/94/9
f 74/76/53 91/94/9 75/77/9
f 75/77/9 91/94/9 92/95/68
f 75/77/9 92/95/68 76/78/54
f 76/78/54 92/95/68 93/96/69
f 76/78/54 93/96/69 77/79/55
f 77/79/55 93/96/69 94/97/70
f 77/79/55 94/97/70 78/80/56
f 78/80/56 94/97/70 95/98/71
f 78/80/56 95/98/71 79/81/57
f 79/81/57 95/98/71 96/99/72
f 79/81/57 96/99/72 80/82/58
f 80/82/58 96/99/72 97/100/73
f 80/82/58 97/100/73 81/83/59
f 81/83/59 97/100/73 98/101/74
f 81/83/59 98/101/74 82/84/60
f 82/84/60 98/101/74 83/102/1
f 82/84/60 83/102/1 67/85/1
f 83/86/1 99/103/1 100/104/75
f 83/86/1 100/104/75 84/87/61
f 84/87/61 100/104/75 101/105/76
f 84/87/61 101/105/76 85/88/62
f 85/88/62 101/105/76 102/106/77
f 85/88/62 102/106/77 86/89/63
f 86/89/63 102/106/77 103/107/78
f 86/89/63 103/107/78 87/90/64
f 87/90/64 103/107/78 104/108/79
f 87/90/64 104/108/79 88/91/65
f 88/91/65 104/108/79 105/109/80
f 88/91/65 105/109/80 89/92/66
f 89/92/66 105/109/80 106/110/81
f 89/92/66 106/110/81 90/93/67
f 90/93/67 106/110/81 107/111/9
f 90/93/67 107/111/9 91/94/9
f 91/94/9 107/111/9 108/112/82
f 91/94/9 108/112/82 92/95/68
f 92/95/68 108/112/82 109/113/83
f 92/95/68 109/113/83 93/96/69
f 93/96/69 109/113/83 110/114/84
f 93/96/69 110/114/84 94/97/70
f 94/97/70 110/114/84 111/115/85
f 94/97/70 111/115/85 95/98/71
f 95/98/71 111/115/85 112/116/86
f 95/98/71 112/116/86 96/99/72
f 96/99/72 112/116/86 113/117/87
f 96/99/72 113/117/87 97/100/73
f 97/100/73 113/117/87 114/118/88
f 97/100/73 114/118/88 98/101/74
f 98/101/74 114/118/88 99/119/1
f 98/101/74 99/119/1 83/102/1
f 99/103/1 115/120/1 116/121/89
f 99/103/1 116/121/89 100/104/75
f 100/104/75 116/121/89 117/122/90
f 100/104/75 117/122/90 101/105/76
f 101/105/76 117/122/90 118/123/91
f 101/105/76 118/123/91 102/106/77
f 102/106/77 118/123/91 119/124/92
f 102/106/77 119/124/92 103/107/78
f 103/107/78 119/124/92 120/125/93
f 103/107/78 120/125/93 104/108/79
f 104/108/79 120/125/93 121/126/94
f 104/108/79 121/126/94 105/109/80
f 105/109/80 121/126/94 122/127/95
f 105/109/80 122/127/95 106/110/81
f 106/110/81 122/127/95 123/128/9
f 106/110/81 123/128/9 107/111/9
f 107/111/9 123/128/9 124/129/96
f 107/111/9 124/129/96 108/112/82
f 108/112/82 124/129/96 125/130/97
f 108/112/82 125/130/97 109/113/83
f 109/113/83 125/130/97 126/131/98
f 109/113/83 126/131/98 110/114/84
f 110/114/84 126/131/98 127/132/99
f 110/114/84 127/132/99 111/115/85
f 111/115/85 127/132/99 128/133/100
f 111/115/85 128/133/100 112/116/86
f 112/116/86 128/133/100 129/134/101
f 112/116/86 129/134/101 113/117/87
f 113/117/87 129/134/101 130/135/102
f 113/117/87 130/135/102 114/118/88
f 114/118/88 130/135/102 115/136/1
f 114/118/88 115/136/1 99/119/1
f 115/120/1 131/137/1 132/138/103
f 115/120/1 132/138/103 116/121/89
f 116/121/89 132/138/103 133/139/104
f 116/121/89 133/139/104 117/122/90
f 117/122/90 133/139/104 134/140/105
f 117/122/90 134/140/105 118/123/91
f 118/123/91 134/140/105 135/141/106
f 118/123/91 135/141/106 119/124/92
f 119/124/92 135/141/106 136/142/107
f 119/124/92 136/142/107 120/125/93
f 120/125/93 136/142/107 137/143/108
f 120/125/93 137/143/108 121/126/94
f 121/126/94 137/143/108 138/144/109
f 121/126/94 138/144/109 122/127/95
f 122/127/95 138/144/109 139/145/9
f 122/127/95 139/145/9 123/128/9
f 123/128/9 139/145/9 140/146/110
f 123/128/9 140/146/110 124/129/96
f 124/129/96 140/146/110 141/147/111
f 124/129/96 141/147/111 125/130/97
f 125/130/97 141/147/111 142/148/112
f 125/130/97 142/148/112 126/131/98
f 126/131/98 142/148/112 143/149/113
f 126/131/98 143/149/113 127/132/99
f 127/132/99 143/149/113 144/150/114
f 127/132/99 144/150/114 128/133/100
f 128/133/100 144/150/114 145/151/115
f 128/133/100 145/151/115 129/134/101
f 129/134/101 145/151/115 146/152/116
f 129/134/101 146/152/116 130/135/102
f 130/135/102 146/152/116 131/153/1
f 130/135/102 131/153/1 115/136/1
f 131/137/1 147/154/1 148/155/117
f 131/137/1 148/155/117 132/138/103
f 132/138/103 148/155/117 149/156/118
f 132/138/103 149/156/118 133/139/104
f 133/139/104 149/156/118 150/157/119
f 133/139/104 150/157/119 134/140/105
f 134/140/105 150/157/119 151/158/120
f 134/140/105 151/158/120 135/141/106
f 135/141/106 151/158/120 152/159/121
f 135/141/106 152/159/121 136/142/107
f 136/142/107 152/159/121 153/160/122
f 136/142/107 153/160/122 137/143/108
f 137/143/108 153/160/122 154/161/123
f 137/143/108 154/161/123 138/144/109
f 138/144/109 154/161/123 155/162/9
f 138/144/109 155/162/9 139/145/9
f 139/145/9 155/162/9 156/163/124
f 139/145/9 156/163/124 140/146/110
f 140/146/110 156/163/124 157/164/125
f 140/146/110 157/164/125 141/147/111
f 141/147/111 157/164/125 158/165/126
f 141/147/111 158/165/126 142/148/112
f 142/148/112 158/165/126 159/166/127
f 142/148/112 159/166/127 143/149/113
f 143/149/113 159/166/127 160/167/128
f 143/149/113 160/167/128 144/150/114
f 144/150/114 160/167/128 161/168/129
f 144/150/114 161/168/129 145/151/115
f 145/151/115 161/168/129 162/169/130
f 145/151/115 162/169/130 146/152/116
f 146/152/116 162/169/130 147/170/1
f 146/152/116 147/170/1 131/153/1
f 147/154/1 163/171/1 164/172/131
f 147/154/1 164/172/131 148/155/117
f 148/155/117 164/172/131 165/173/132
f 148/155/117 165/173/132 149/156/118
f 149/156/118 165/173/132 166/174/133
f 149/156/118 166/174/133 150/157/119
f 150/157/119 166/174/133 167/175/134
f 150/157/119 167/175/134 151/158/120
f 151/158/120 167/175/134 168/176/135
f 151/158/120 168/176/135 152/159/121
f 152/159/121 168/176/135 169/177/136
f 152/159/121 169/177/136 153/160/122
f 153/160/122 169/177/136 170/178/137
f 153/160/122 170/178/137 154/161/123
f 154/161/123 170/178/137 171/179/9
f 154/161/123 171/179/9 155/162/9
f 155/162/9 171/179/9 172/180/138
f 155/162/9 172/180/138 156/163/124
f 156/163/124 172/180/138 173/181/139
f 156/163/124 173/181/139 157/164/125
f 157/164/125 173/181/139 174/182/140
f 157/164/125 174/182/140 158/165/126
f 158/165/126 174/182/140 175/183/141
f 158/165/126 175/183/141 159/166/127
f 159/166/127 175/183/141 176/184/142
f 159/166/127 176/184/142 160/167/128
f 160/167/128 176/184/142 177/185/143
f 160/167/128 177/185/143 161/168/129
f 161/168/129 177/185/143 178/186/144
f 161/168/129 178/186/144 162/169/130
f 162/169/130 178/186/144 163/187/1
f 162/169/130 163/187/1 147/170/1
f 163/171/1 179/188/1 180/189/145
f 163/171/1 180/189/145 164/172/131
f 164/172/131 180/189/145 181/190/146
f 164/172/131 181/190/146 165/173/132
f 165/173/132 181/190/146 182/191/147
f 165/173/132 182/191/147 166/174/133
f 166/174/133 182/191/147 183/192/148
f 166/174/133 183/192/148 167/175/134
f 167/175/134 183/192/148 184/193/149
f 167/175/134 184/193/149 168/176/135
f 168/176/135 184/193/149 185/194/150
f 168/176/135 185/194/150 169/177/136
f 169/177/136 185/194/150 186/195/151
f 169/177/136 186/195/151 170/178/137
f 170/178/137 186/195/151 187/196/9
f 170/178/137 187/196/9 171/179/9
f 171/179/9 187/196/9 188/197/152
f 171/179/9 188/197/152 172/180/138
f 172/180/138 188/197/152 189/198/153
f 172/180/138 189/198/153 173/181/139
f 173/181/139 189/198/153 190/199/154
f 173/181/139 190/199/154 174/182/140
f 174/182/140 190/199/154 191/200/155
f 174/182/140 191/200/155 175/183/141
f 175/183/141 191/200/155 192/201/156
f 175/183/141 192/201/156 176/184/142
f 176/184/142 192/201/156 193/202/157
f 176/184/142 193/202/157 177/185/143
f 177/185/143 193/202/157 194/203/158
f 177/185/143 194/203/158 178/186/144
f 178/186/144 194/203/158 179/204/1
f 178/186/144 179/204/1 163/187/1
f 179/188/1 195/205/1 196/206/159
f 179/188/1 196/206/159 180/189/145
f 180/189/145 196/206/159 197/207/160
f 180/189/145 197/207/160 181/190/146
f 181/190/146 197/207/160 198/208/161
f 181/190/146 198/208/161 182/191/147
f 182/191/147 198/208/161 199/209/162
f 182/191/147 199/209/162 183/192/148
f 183/192/148 199/209/162 200/210/163
f 183/192/148 200/210/163 184/193/149
f 184/193/149 200/210/163 201/211/164
f 184/193/149 201/211/164 185/194/150
f 185/194/150 201/211/164 202/212/165
f 185/194/150 202/212/165 186/195/151
f 186/195/151 202/212/165 203/213/9
f 186/195/151 203/213/9 187/196/9
f 187/196/9 203/213/9 204/214/166
f 187/196/9 204/214/166 188/197/152
f 188/197/152 204/214/166 205/215/167
f 188/197/152 205/215/167 189/198/153
f 189/198/153 205/215/167 206/216/168
f 189/198/153 206/216/168 190/199/154
f 190/199/154 206/216/168 207/217/169
f 190/199/154 207/217/169 191/200/155
f 191/200/155 207/217/169 208/218/170
f 191/200/155 208/218/170 192/201/156
f 192/201/156 208/218/170 209/219/171
f 192/201/156 209/219/171 193/202/157
f 193/202/157 209/219/171 210/220/172
f 193/202/157 210/220/172 194/203/158
f 194/203/158 210/220/172 195/221/1
f 194/203/158 195/221/1 179/204/1
f 195/205/1 211/222/1 212/223/173
f 195/205/1 212/223/173 196/206/159
f 196/206/159 212/223/173 213/224/174
f 196/206/159 213/224/174 197/207/160
f 197/207/160 213/224/174 214/225/175
f 197/207/160 214/225/175 198/208/161
f 198/208/161 214/225/175 215/226/176
f 198/208/161 215/226/176 199/209/162
f 199/209/162 215/226/176 216/227/177
f 199/209/162 216/227/177 200/210/163
f 200/210/163 216/227/177 217/228/178
f 200/210/163 217/228/178 201/211/164
f 201/211/164 217/228/178 218/229/179
f 201/211/164 218/229/179 202/212/165
f 202/212/165 218/229/179 219/230/9
f 202/212/165 219/230/9 203/213/9
f 203/213/9 219/230/9 220/231/180
f 203/213/9 220/231/180 204/214/166
f 204/214/166 220/231/180 221/232/181
f 204/214/166 221/232/181 205/215/167
f 205/215/167 221/232/181 222/233/182
f 205/215/167 222/233/182 206/216/168
f 206/216/168 222/233/182 223/234/183
f 206/216/168 223/234/183 207/217/169
f 207/217/169 223/234/183 224/235/184
f 207/217/169 224/235/184 208/218/170
f 208/218/170 224/235/184 225/236/185
f 208/218/170 225/236/185 209/219/171
f 209/219/171 225/236/185 226/237/186
f 209/219/171 226/237/186 210/220/172
f 210/220/172 226/237/186 211/238/1
f 210/220/172 211/238/1 195/221/1
f 211/222/1 227/239/1 228/240/187
f 211/222/1 228/240/187 212/223/173
f 212/223/173 228/240/187 229/241/188
f 212/223/173 229/241/188 213/224/174
f 213/224/174 229/241/188 230/242/189
f 213/224/174 230/242/189 214/225/175
f 214/225/175 230/242/189 231/243/190
f 214/225/175 231/243/190 215/226/176
f 215/226/176 231/243/190 232/244/191
f 215/226/176 232/244/191 216/227/177
f 216/227/177 232/244/191 233/245/192
f 216/227/177 233/245/192 217/228/178
f 217/228/178 233/245/192 234/246/193
f 217/228/178 234/246/193 218/229/179
f 218/229/179 234/246/193 235/247/9
f 218/229/179 235/247/9 219/230/9
f 219/230/9 235/247/9 236/248/194
f 219/230/9 236/248/194 220/231/180
f 220/231/180 236/248/194 237/249/195
f 220/231/180 237/249/195 221/232/181
f 221/232/181 237/249/195 238/250/196
f 221/232/181 238/250/196 222/233/182
f 222/233/182 238/250/196 239/251/197
f 222/233/182 239/251/197 223/234/183
f 223/234/183 239/251/197 240/252/198
f 223/234/183 240/252/198 224/235/184
f 224/235/184 240/252/198 241/253/199
f 224/235/184 241/253/199 225/236/185
f 225/236/185 241/253/199 242/254/200
f 225/236/185 242/254/200 226/237/186
f 226/237/186 242/254/200 227/255/1
f 226/237/186 227/255/1 211/238/1
f 227/239/1 243/256/1 244/257/201
f 227/239/1 244/257/201 228/240/187
f 228/240/187 244/257/201 245/258/202
f 228/240/187 245/258/202 229/241/188
f 229/241/188 245/258/202 246/259/203
f 229/241/188 246/259/203 230/242/189
f 230/242/189 246/259/203 247/260/204
f 230/242/189 247/260/204 231/243/190
f 231/243/190 247/260/204 248/261/205
f 231/243/190 248/261/205 232/244/191
f 232/244/191 248/261/205 249/262/206
f 232/244/191 249/262/206 233/245/192
f 233/245/192 249/262/206 250/263/207
f 233/245/192 250/263/207 234/246/193
f 234/246/193 250/263/207 251/264/9
f 234/246/193 251/264/9 235/247/9
f 235/247/9 251/264/9 252/265/208
f 235/247/9 252/265/208 236/248/194
f 236/248/194 252/265/208 253/266/209
f 236/248/194 253/266/209 237/249/195
f 237/249/195 253/266/209 254/267/210
f 237/249/195 254/267/210 238/250/196
f 238/250/196 254/267/210 255/268/211
f 238/250/196 255/268/211 239/251/197
f 239/251/197 255/268/211 256/269/212
f 239/251/197 256/269/212 240/252/198
f 240/252/198 256/269/212 257/270/213
f 240/252/198 257/270/213 241/253/199
f 241/253/199 257/270/213 258/271/214
f 241/253/199 258/271/214 242/254/200
f 242/254/200 258/271/214 243/272/1
f 242/254/200 243/272/1 227/255/1
f 243/256/1 259/273/1 260/274/215
f 243/256/1 260/274/215 244/257/201
f 244/257/201 260/274/215 261/275/216
f 244/257/201 261/275/216 245/258/202
f 245/258/202 261/275/216 262/276/217
f 245/258/202 262/276/217 246/259/203
f 246/259/203 262/276/217 263/277/218
f 246/259/203 263/277/218 247/260/204
f 247/260/204 263/277/218 264/278/219
f 247/260/204 264/278/219 248/261/205
f 248/261/205 264/278/219 265/279/220
f 248/261/205 265/279/220 249/262/206
f 249/262/206 265/279/220 266/280/221
f 249/262/206 266/280/221 250/263/207
f 250/263/207 266/280/221 267/281/9
f 250/263/207 267/281/9 251/264/9
f 251/264/9 267/281/9 268/282/222
f 251/264/9 268/282/222 252/265/208
f 252/265/208 268/282/222 269/283/223
f 252/265/208 269/283/223 253/266/209
f 253/266/209 269/283/223 270/284/224
f 253/266/209 270/284/224 254/267/210
f 254/267/210 270/284/224 271/285/225
f 254/267/210 271/285/225 255/268/211
f 255/268/211 271/285/225 272/286/226
f 255/268/211 272/286/226 256/269/212
f 256/269/212 272/286/226 273/287/227
f 256/269/212 273/287/227 257/270/213
f 257/270/213 273/287/227 274/288/228
f 257/270/213 274/288/228 258/271/214
f 258/271/214 274/288/228 259/289/1
f 258/271/214 259/289/1 243/272/1
f 259/273/1 275/290/1 276/291/229
f 259/273/1 276/291/229 260/274/215
f 260/274/215 276/291/229 277/292/230
f 260/274/215 277/292/230 261/275/216
f 261/275/216 277/292/230 278/293/231
f 261/275/216 278/293/231 262/276/217
f 262/276/217 278/293/231 279/294/232
f 262/276/217 279/294/232 263/277/218
f 263/277/218 279/294/232 280/295/233
f 263/277/218 280/295/233 264/278/219
f 264/278/219 280/295/233 281/296/234
f 264/278/219 281/296/234 265/279/220
f 265/279/220 281/296/234 282/297/235
f 265/279/220 282/297/235 266/280/221
f 266/280/221 282/297/235 283/298/9
f 266/280/221 283/298/9 267/281/9
f 267/281/9 283/298/9 284/299/236
f 267/281/9 284/299/236 268/282/222
f 268/282/222 284/299/236 285/300/237
f 268/282/222 285/300/237 269/283/223
f 269/283/223 285/300/237 286/301/238
f 269/283/223 286/301/238 270/284/224
f 270/284/224 286/301/238 287/302/239
f 270/284/224 287/302/239 271/285/225
f 271/285/225 287/302/239 288/303/240
f 271/285/225 288/303/240 272/286/226
f 272/286/226 288/303/240 289/304/241
f 272/286/226 289/304/241 273/287/227
f 273/287/227 289/304/241 290/305/242
f 273/287/227 290/305/242 274/288/228
f 274/288/228 290/305/242 275/306/1
f 274/288/228 275/306/1 259/289/1
f 275/290/1 291/307/1 292/308/243
f 275/290/1 292/308/243 276/291/229
f 276/291/229 292/308/243 293/309/244
f 276/291/229 293/309/244 277/292/230
f 277/292/230 293/309/244 294/310/245
f 277/292/230 294/310/245 278/293/231
f 278/293/231 294/310/245 295/311/246
f 278/293/231 295/311/246 279/294/232
f 279/294/232 295/311/246 296/312/247
f 279/294/232 296/312/247 280/295/233
f 280/295/233 296/312/247 297/313/248
f 280/295/233 297/313/248 281/296/234
f 281/296/234 297/313/248 298/314/249
f 281/296/234 298/314/249 282/297/235
f 282/297/235 298/314/249 299/315/9
f 282/297/235 299/315/9 283/298/9
f 283/298/9 299/315/9 300/316/250
f 283/298/9 300/316/250 284/299/236
f 284/299/236 300/316/250 301/317/251
f 284/299/236 301/317/251 285/300/237
f 285/300/237 301/317/251 302/318/252
f 285/300/237 302/318/252 286/301/238
f 286/301/238 302/318/252 303/319/253
f 286/301/238 303/319/253 287/302/239
f 287/302/239 303/319/253 304/320/254
f 287/302/239 304/320/254 288/303/240
f 288/303/240 304/320/254 305/321/255
f 288/303/240 305/321/255 289/304/241
f 289/304/241 305/321/255 306/322/256
f 289/304/241 306/322/256 290/305/242
f 290/305/242 306/322/256 291/323/1
f 290/305/242 291/323/1 275/306/1
f 291/307/1 307/324/1 308/325/257
f 291/307/1 308/325/257 292/308/243
f 292/308/243 308/325/257 309/326/258
f 292/308/243 309/326/258 293/309/244
f 293/309/244 309/326/258 310/327/259
f 293/309/244 310/327/259 294/310/245
f 294/310/245 310/327/259 311/328/260
f 294/310/245 311/328/260 295/311/246
f 295/311/246 311/328/260 312/329/261
f 295/311/246 312/329/261 296/312/247
f 296/312/247 312/329/261 313/330/262
f 296/312/247 313/330/262 297/313/248
f 297/313/248 313/330/262 314/331/263
f 297/313/248 314/331/263 298/314/249
f 298/314/249 314/331/263 315/332/9
f 298/314/249 315/332/9 299/315/9
f 299/315/9 315/332/9 316/333/264
f 299/315/9 316/333/264 300/316/250
f 300/316/250 316/333/264 317/334/265
f 300/316/250 317/334/265 301/317/251
f 301/317/251 317/334/265 318/335/266
f 301/317/251 318/335/266 302/318/252
f 302/318/252 318/335/266 319/336/267
f 302/318/252 319/336/267 303/319/253
f 303/319/253 319/336/267 320/337/268
f 303/319/253 320/337/268 304/320/254
f 304/320/254 320/337/268 321/338/269
f 304/320/254 321/338/269 305/321/255
f 305/321/255 321/338/269 322/339/270
f 305/321/255 322/339/270 306/322/256
f 306/322/256 322/339/270 307/340/1
f 306/322/256 307/340/1 291/323/1
f 307/324/1 323/341/1 324/342/271
f 307/324/1 324/342/271 308/325/257
f 308/325/257 324/342/271 325/343/272
f 308/325/257 325/343/272 309/326/258
f 309/326/258 325/343/272 326/344/273
f 309/326/258 326/344/273 310/327/259
f 310/327/259 326/344/273 327/345/274
f 310/327/259 327/345/274 311/328/260
f 311/328/260 327/345/274 328/346/275
f 311/328/260 328/346/275 312/329/261
f 312/329/261 328/346/275 329/347/276
f 312/329/261 329/347/276 313/330/262
f 313/330/262 329/347/276 330/348/277
f 313/330/262 330/348/277 314/331/263
f 314/331/263 330/348/277 331/349/9
f 314/331/263 331/349/9 315/332/9
f 315/332/9 331/349/9 332/350/278
f 315/332/9 332/350/278 316/333/264
f 316/333/264 332/350/278 333/351/279
f 316/333/264 333/351/279 317/334/265
f 317/334/265 333/351/279 334/352/280
f 317/334/265 334/352/280 318/335/266
f 318/335/266 334/352/280 335/353/281
f 318/335/266 335/353/281 319/336/267
f 319/336/267 335/353/281 336/354/282
f 319/336/267 336/354/282 320/337/268
f 320/337/268 336/354/282 337/355/283
f 320/337/268 337/355/283 321/338/269
f 321/338/269 337/355/283 338/356/284
f 321/338/269 338/356/284 322/339/270
f 322/339/270 338/356/284 323/357/1
f 322/339/270 323/357/1 307/340/1
f 323/341/1 339/358/1 340/359/285
f 323/341/1 340/359/285 324/342/271
f 324/342/271 340/359/285 341/360/286
f 324/342/271 341/360/286 325/343/272
f 325/343/272 341/360/286 342/361/287
f 325/343/272 342/361/287 326/344/273
f 326/344/273 342/361/287 343/362/288
f 326/344/273 343/362/288 327/345/274
f 327/345/274 343/362/288 344/363/289
f 327/345/274 344/363/289 328/346/275
f 328/346/275 344/363/289 345/364/290
f 328/346/275 345/364/290 329/347/276
f 329/347/276 345/364/290 346/365/291
f 329/347/276 346/365/291 330/348/277
f 330/348/277 346/365/291 347/366/9
f 330/348/277 347/366/9 331/349/9
f 331/349/9 347/366/9 348/367/292
f 331/349/9 348/367/292 332/350/278
f 332/350/278 348/367/292 349/368/293
f 332/350/278 349/368/293 333/351/279
f 333/351/279 349/368/293 350/369/294
f 333/351/279 350/369/294 334/352/280
f 334/352/280 350/369/294 351/370/295
f 334/352/280 351/370/295 335/353/281
f 335/353/281 351/370/295 352/371/296
f 335/353/281 352/371/296 336/354/282
f 336/354/282 352/371/296 353/372/297
f 336/354/282 353/372/297 337/355/283
f 337/355/283 353/372/297 354/373/298
f 337/355/283 354/373/298 338/356/284
f 338/356/284 354/373/298 339/374/1
f 338/356/284 339/374/1 323/357/1
f 339/358/1 355/375/1 356/376/299
f 339/358/1 356/376/299 340/359/285
f 340/359/285 356/376/299 357/377/300
f 340/359/285 357/377/300 341/360/286
f 341/360/286 357/377/300 358/378/301
f 341/360/286 358/378/301 342/361/287
f 342/361/287 358/378/301 359/379/302
f 342/361/287 359/379/302 343/362/288
f 343/362/288 359/379/302 360/380/303
f 343/362/288 360/380/303 344/363/289
f 344/363/289 360/380/303 361/381/304
f 344/363/289 361/381/304 345/364/290
f 345/364/290 361/381/304 362/382/305
f 345/364/290 362/382/305 346/365/291
f 346/365/291 362/382/305 363/383/9
f 346/365/291 363/383/9 347/366/9
f 347/366/9 363/383/9 364/384/306
f 347/366/9 364/384/306 348/367/292
f 348/367/292 364/384/306 365/385/307
f 348/367/292 365/385/307 349/368/293
f 349/368/293 365/385/307 366/386/308
f 349/368/293 366/386/308 350/369/294
f 350/369/294 366/386/308 367/387/309
f 350/369/294 367/387/309 351/370/295
f 351/370/295 367/387/309 368/388/310
f 351/370/295 368/388/310 352/371/296
f 352/371/296 368/388/310 369/389/311
f 352/371/296 369/389/311 353/372/297
f 353/372/297 369/389/311 370/390/312
f 353/372/297 370/390/312 354/373/298
f 354/373/298 370/390/312 355/391/1
f 354/373/298 355/391/1 339/374/1
f 355/375/1 371/392/1 372/393/313
f 355/375/1 372/393/313 356/376/299
f 356/376/299 372/393/313 373/394/314
f 356/376/299 373/394/314 357/377/300
f 357/377/300 373/394/314 374/395/315
f 357/377/300 374/395/315 358/378/301
f 358/378/301 374/395/315 375/396/316
f 358/378/301 375/396/316 359/379/302
f 359/379/302 375/396/316 376/397/317
f 359/379/302 376/397/317 360/380/303
f 360/380/303 376/397/317 377/398/318
f 360/380/303 377/398/318 361/381/304
f 361/381/304 377/398/318 378/399/319
f 361/381/304 378/399/319 362/382/305
f 362/382/305 378/399/319 379/400/9
f 362/382/305 379/400/9 363/383/9
f 363/383/9 379/400/9 380/401/320
f 363/383/9 380/401/320 364/384/306
f 364/384/306 380/401/320 381/402/321
f 364/384/306 381/402/321 365/385/307
f 365/385/307 381/402/321 382/403/322
f 365/385/307 382/403/322 366/386/308
f 366/386/308 382/403/322 383/404/323
f 366/386/308 383/404/323 367/387/309
f 367/387/309 383/404/323 384/405/324
f 367/387/309 384/405/324 368/388/310
f 368/388/310 384/405/324 385/406/325
f 368/388/310 385/406/325 369/389/311
f 369/389/311 385/406/325 386/407/326
f 369/389/311 386/407/326 370/390/312
f 370/390/312 386/407/326 371/408/1
f 370/390/312 371/408/1 355/391/1
f 371/392/1 387/409/1 388/410/327
f 371/392/1 388/410/327 372/393/313
f 372/393/313 388/410/327 389/411/328
f 372/393/313 389/411/328 373/394/314
f 373/394/314 389/411/328 390/412/329
f 373/394/314 390/412/329 374/395/315
f 374/395/315 390/412/329 391/413/330
f 374/395/315 391/413/330 375/396/316
f 375/396/316 391/413/330 392/414/331
f 375/396/316 392/414/331 376/397/317
f 376/397/317 392/414/331 393/415/332
f 376/397/317 393/415/332 377/398/318
f 377/398/318 393/415/332 394/416/333
f 377/398/318 394/416/333 378/399/319
f 378/399/319 394/416/333 395/417/9
f 378/399/319 395/417/9 379/400/9
f 379/400/9 395/417/9 396/418/334
f 379/400/9 396/418/334 380/401/320
f 380/401/320 396/418/334 397/419/335
f 380/401/320 397/419/335 381/402/321
f 381/402/321 397/419/335 398/420/336
f 381/402/321 398/420/336 382/403/322
f 382/403/322 398/420/336 399/421/337
f 382/403/322 399/421/337 383/404/323
f 383/404/323 399/421/337 400/422/338
f 383/404/323 400/422/338 384/405/324
f 384/405/324 400/422/338 401/423/339
f 384/405/324 401/423/339 385/406/325
f 385/406/325 401/423/339 402/424/340
f 385/406/325 402/424/340 386/407/326
f 386/407/326 402/424/340 387/425/1
f 386/407/326 387/425/1 371/408/1
f 387/409/1 403/426/1 404/427/341
f 387/409/1 404/427/341 388/410/327
f 388/410/327 404/427/341 405/428/342
f 388/410/327 405/428/342 389/411/328
f 389/411/328 405/428/342 406/429/343
f 389/411/328 406/429/343 390/412/329
f 390/412/329 406/429/343 407/430/344
f 390/412/329 407/430/344 391/413/330
f 391/413/330 407/430/344 408/431/345
f 391/413/330 408/431/345 392/414/331
f 392/414/331 408/431/345 409/432/346
f 392/414/331 409/432/346 393/415/332
f 393/415/332 409/432/346 410/433/347
f 393/415/332 410/433/347 394/416/333
f 394/416/333 410/433/347 411/434/9
f 394/416/333 411/434/9 395/417/9
f 395/417/9 411/434/9 412/435/348
f 395/417/9 412/435/348 396/418/334
f 396/418/334 412/435/348 413/436/349
f 396/418/334 413/436/349 397/419/335
f 397/419/335 413/436/349 414/437/350
f 397/419/335 414/437/350 398/420/336
f 398/420/336 414/437/350 415/438/351
f 398/420/336 415/438/351 399/421/337
f 399/421/337 415/438/351 416/439/352
f 399/421/337 416/439/352 400/422/338
f 400/422/338 416/439/352 417/440/353
f 400/422/338 417/440/353 401/423/339
f 401/423/339 417/440/353 418/441/354
f 401/423/339 418/441/354 402/424/340
f 402/424/340 418/441/354 403/442/1
f 402/424/340 403/442/1 387/425/1
f 403/426/1 419/443/1 420/444/355
f 403/426/1 420/444/355 404/427/341
f 404/427/341 420/444/355 421/445/356
f 404/427/341 421/445/356 405/428/342
f 405/428/342 421/445/356 422/446/357
f 405/428/342 422/446/357 406/429/343
f 406/429/343 422/446/357 423/447/358
f 406/429/343 423/447/358 407/430/344
f 407/430/344 423/447/358 424/448/359
f 407/430/344 424/448/359 408/431/345
f 408/431/345 424/448/359 425/449/360
f 408/431/345 425/449/360 409/432/346
f 409/432/346 425/449/360 426/450/361
f 409/432/346 426/450/361 410/433/347
f 410/433/347 426/450/361 427/451/9
f 410/433/347 427/451/9 411/434/9
f 411/434/9 427/451/9 428/452/362
f 411/434/9 428/452/362 412/435/348
f 412/435/348 428/452/362 429/453/363
f 412/435/348 429/453/363 413/436/349
f 413/436/349 429/453/363 430/454/364
f 413/436/349 430/454/364 414/437/350
f 414/437/350 430/454/364 431/455/365
f 414/437/350 431/455/365 415/438/351
f 415/438/351 431/455/365 432/456/366
f 415/438/351 432/456/366 416/439/352
f 416/439/352 432/456/366 433/457/367
f 416/439/352 433/457/367 417/440/353
f 417/440/353 433/457/367 434/458/368
f 417/440/353 434/458/368 418/441/354
f 418/441/354 434/458/368 419/459/1
f 418/441/354 419/459/1 403/442/1
f 419/443/1 435/460/1 436/461/369
f 419/443/1 436/461/369 420/444/355
f 420/444/355 436/461/369 437/462/370
f 420/444/355 437/462/370 421/445/356
f 421/445/356 437/462/370 438/463/371
f 421/445/356 438/463/371 422/446/357
f 422/446/357 438/463/371 439/464/372
f 422/446/357 439/464/372 423/447/358
f 423/447/358 439/464/372 440/465/373
f 423/447/358 440/465/373 424/448/359
f 424/448/359 440/465/373 441/466/374
f 424/448/359 441/466/374 425/449/360
f 425/449/360 441/466/374 442/467/375
f 425/449/360 442/467/375 426/450/361
f 426/450/361 442/467/375 443/468/9
f 426/450/361 443/468/9 427/451/9
f 427/451/9 443/468/9 444/469/376
f 427/451/9 444/469/376 428/452/362
f 428/452/362 444/469/376 445/470/377
f 428/452/362 445/470/377 429/453/363
f 429/453/363 445/470/377 446/471/378
f 429/453/363 446/471/378 430/454/364
f 430/454/364 446/471/378 447/472/379
f 430/454/364 447/472/379 431/455/365
f 431/455/365 447/472/379 448/473/380
f 431/455/365 448/473/380 432/456/366
f 432/456/366 448/473/380 449/474/381
f 432/456/366 449/474/381 433/457/367
f 433/457/367 449/474/381 450/475/382
f 433/457/367 450/475/382 434/458/368
f 434/458/368 450/475/382 435/476/1
f 434/458/368 435/476/1 419/459/1
f 435/460/1 451/477/1 452/478/383
f 435/460/1 452/478/383 436/461/369
f 436/461/369 452/478/383 453/479/384
f 436/461/369 453/479/384 437/462/370
f 437/462/370 453/479/384 454/480/385
f 437/462/370 454/480/385 438/463/371
f 438/463/371 454/480/385 455/481/386
f 438/463/371 455/481/386 439/464/372
f 439/464/372 455/481/386 456/482/387
f 439/464/372 456/482/387 440/465/373
f 440/465/373 456/482/387 457/483/388
f 440/465/373 457/483/388 441/466/374
f 441/466/374 457/483/388 458/484/389
f 441/466/374 458/484/389 442/467/375
f 442/467/375 458/484/389 459/485/9
f 442/467/375 459/485/9 443/468/9
f 443/468/9 459/485/9 460/486/390
f 443/468/9 460/486/390 444/469/376
f 444/469/376 460/486/390 461/487/391
f 444/469/376 461/487/391 445/470/377
f 445/470/377 461/487/391 462/488/392
f 445/470/377 462/488/392 446/471/378
f 446/471/378 462/488/392 463/489/393
f 446/471/378 463/489/393 447/472/379
f 447/472/379 463/489/393 464/490/394
f 447/472/379 464/490/394 448/473/380
f 448/473/380 464/490/394 465/491/395
f 448/473/380 465/491/395 449/474/381
f 449/474/381 465/491/395 466/492/396
f 449/474/381 466/492/396 450/475/382
f 450/475/382 466/492/396 451/493/1
f 450/475/382 451/493/1 435/476/1
f 451/477/1 467/494/1 468/495/397
f 451/477/1 468/495/397 452/478/383
f 452/478/383 468/495/397 469/496/398
f 452/478/383 469/496/398 453/479/384
f 453/479/384 469/496/398 470/497/399
f 453/479/384 470/497/399 454/480/385
f 454/480/385 470/497/399 471/498/400
f 454/480/385 471/498/400 455/481/386
f 455/481/386 471/498/400 472/499/401
f 455/481/386 472/499/401 456/482/387
f 456/482/387 472/499/401 473/500/402
f 456/482/387 473/500/402 457/483/388
f 457/483/388 473/500/402 474/501/403
f 457/483/388 474/501/403 458/484/389
f 458/484/389 474/501/403 475/502/9
f 458/484/389 475/502/9 459/485/9
f 459/485/9 475/502/9 476/503/404
f 459/485/9 476/503/404 460/486/390
f 460/486/390 476/503/404 477/504/405
f 460/486/390 477/504/405 461/487/391
f 461/487/391 477/504/405 478/505/406
f 461/487/391 478/505/406 462/488/392
f 462/488/392 478/505/406 479/506/407
f 462/488/392 479/506/407 463/489/393
f 463/489/393 479/506/407 480/507/408
f 463/489/393 480/507/408 464/490/394
f 464/490/394 480/507/408 481/508/409
f 464/490/394 481/508/409 465/491/395
f 465/491/395 481/508/409 482/509/410
f 465/491/395 482/509/410 466/492/396
f 466/492/396 482/509/410 467/510/1
f 466/492/396 467/510/1 451/493/1
f 467/494/1 483/511/1 484/512/411
f 467/494/1 484/512/411 468/495/397
f 468/495/397 484/512/411 485/513/412
f 468/495/397 485/513/412 469/496/398
f 469/496/398 485/513/412 486/514/413
f 469/496/398 486/514/413 470/497/399
f 470/497/399 486/514/413 487/515/414
f 470/497/399 487/515/414 471/498/400
f 471/498/400 487/515/414 488/516/415
f 471/498/400 488/516/415 472/499/401
f 472/499/401 488/516/415 489/517/416
f 472/499/401 489/517/416 473/500/402
f 473/500/402 489/517/416 490/518/417
f 473/500/402 490/518/417 474/501/403
f 474/501/403 490/518/417 491/519/9
f 474/501/403 491/519/9 475/502/9
f 475/502/9 491/519/9 492/520/418
f 475/502/9 492/520/418 476/503/404
f 476/503/404 492/520/418 493/521/419
f 476/503/404 493/521/419 477/504/405
f 477/504/405 493/521/419 494/522/420
f 477/504/405 494/522/420 478/505/406
f 478/505/406 494/522/420 495/523/421
f 478/505/406 495/523/421 479/506/407
f 479/506/407 495/523/421 496/524/422
f 479/506/407 496/524/422 480/507/408
f 480/507/408 496/524/422 497/525/423
f 480/507/408 497/525/423 481/508/409
f 481/508/409 497/525/423 498/526/424
f 481/508/409 498/526/424 482/509/410
f 482/509/410 498/526/424 483/527/1
f 482/509/410 483/527/1 467/510/1
f 483/511/1 499/528/1 500/529/425
f 483/511/1 500/529/425 484/512/411
f 484/512/411 500/529/425 501/530/426
f 484/512/411 501/530/426 485/513/412
f 485/513/412 501/530/426 502/531/427
f 485/513/412 502/531/427 486/514/413
f 486/514/413 502/531/427 503/532/428
f 486/514/413 503/532/428 487/515/414
f 487/515/414 503/532/428 504/533/429
f 487/515/414 504/533/429 488/516/415
f 488/516/415 504/533/429 505/534/430
f 488/516/415 505/534/430 489/517/416
f 489/517/416 505/534/430 506/535/431
f 489/517/416 506/535/431 490/518/417
f 490/518/417 506/535/431 507/536/9
f 490/518/417 507/536/9 491/519/9
f 491/519/9 507/536/9 508/537/432
f 491/519/9 508/537/432 492/520/418
f 492/520/418 508/537/432 509/538/433
f 492/520/418 509/538/433 493/521/419
f 493/521/419 509/538/433 510/539/434
f 493/521/419 510/539/434 494/522/420
f 494/522/420 510/539/434 511/540/435
f 494/522/420 511/540/435 495/523/421
f 495/523/421 511/540/435 512/541/436
f 495/523/421 512/541/436 496/524/422
f 496/524/422 512/541/436 513/542/437
f 496/524/422 513/542/437 497/525/423
f 497/525/423 513/542/437 514/543/438
f 497/525/423 514/543/438 498/526/424
f 498/526/424 514/543/438 499/544/1
f 498/526/424 499/544/1 483/527/1
f 499/528/1 515/545/1 516/546/439
f 499/528/1 516/546/439 500/529/425
f 500/529/425 516/546/439 517/547/440
f 500/529/425 517/547/440 501/530/426
f 501/530/426 517/547/440 518/548/441
f 501/530/426 518/548/441 502/531/427
f 502/531/427 518/548/441 519/549/442
f 502/531/427 519/549/442 503/532/428
f 503/532/428 519/549/442 520/550/443
f 503/532/428 520/550/443 504/533/429
f 504/533/429 520/550/443 521/551/444
f 504/533/429 521/551/444 505/534/430
f 505/534/430 521/551/444 522/552/445
f 505/534/430 522/552/445 506/535/431
f 506/535/431 522/552/445 523/553/9
f 506/535/431 523/553/9 507/536/9
f 507/536/9 523/553/9 524/554/446
f 507/536/9 524/554/446 508/537/432
f 508/537/432 524/554/446 525/555/447
f 508/537/432 525/555/447 509/538/433
f 509/538/433 525/555/447 526/556/448
f 509/538/433 526/556/448 510/539/434
f 510/539/434 526/556/448 527/557/449
f 510/539/434 527/557/449 511/540/435
f 511/540/435 527/557/449 528/558/450
f 511/540/435 528/558/450 512/541/436
f 512/541/436 528/558/450 529/559/451
f 512/541/436 529/559/451 513/542/437
f 513/542/437 529/559/451 530/560/452
f 513/542/437 530/560/452 514/543/438
f 514/543/438 530/560/452 515/561/1
f 514/543/438 515/561/1 499/544/1
f 515/545/1 531/562/1 532/563/453
f 515/545/1 532/563/453 516/546/439
f 516/546/439 532/563/453 533/564/454
f 516/546/439 533/564/454 517/547/440
f 517/547/440 533/564/454 534/565/455
f 517/547/440 534/565/455 518/548/441
f 518/548/441 534/565/455 535/566/456
f 518/548/441 535/566/456 519/549/442
f 519/549/442 535/566/456 536/567/457
f 519/549/442 536/567/457 520/550/443
f 520/550/443 536/567/457 537/568/458
f 520/550/443 537/568/458 521/551/444
f 521/551/444 537/568/458 538/569/459
f 521/551/444 538/569/459 522/552/445
f 522/552/445 538/569/459 539/570/9
f 522/552/445 539/570/9 523/553/9
f 523/553/9 539/570/9 540/571/460
f 523/553/9 540/571/460 524/554/446
f 524/554/446 540/571/460 541/572/461
f 524/554/446 541/572/461 525/555/447
f 525/555/447 541/572/461 542/573/462
f 525/555/447 542/573/462 526/556/448
f 526/556/448 542/573/462 543/574/463
f 526/556/448 543/574/463 527/557/449
f 527/557/449 543/574/463 544/575/464
f 527/557/449 544/575/464 528/558/450
f 528/558/450 544/575/464 545/576/465
f 528/558/450 545/576/465 529/559/451
f 529/559/451 545/576/465 546/577/466
f 529/559/451 546/577/466 530/560/452
f 530/560/452 546/577/466 531/578/1
f 530/560/452 531/578/1 515/561/1
f 531/562/1 547/579/1 548/580/467
f 531/562/1 548/580/467 532/563/453
f 532/563/453 548/580/467 549/581/468
f 532/563/453 549/581/468 533/564/454
f 533/564/454 549/581/468 550/582/469
f 533/564/454 550/582/469 534/565/455
f 534/565/455 550/582/469 551/583/470
f 534/565/455 551/583/470 535/566/456
f 535/566/456 551/583/470 552/584/471
f 535/566/456 552/584/471 536/567/457
f 536/567/457 552/584/471 553/585/472
f 536/567/457 553/585/472 537/568/458
f 537/568/458 553/585/472 554/586/473
f 537/568/458 554/586/473 538/569/459
f 538/569/459 554/586/473 555/587/9
f 538/569/459 555/587/9 539/570/9
f 539/570/9 555/587/9 556/588/474
f 539/570/9 556/588/474 540/571/460
f 540/571/460 556/588/474 557/589/475
f 540/571/460 557/589/475 541/572/461
f 541/572/461 557/589/475 558/590/476
f 541/572/461 558/590/476 542/573/462
f 542/573/462 558/590/476 559/591/477
f 542/573/462 559/591/477 543/574/463
f 543/574/463 559/591/477 560/592/478
f 543/574/463 560/592/478 544/575/464
f 544/575/464 560/592/478 561/593/479
f 544/575/464 561/593/479 545/576/465
f 545/576/465 561/593/479 562/594/480
f 545/576/465 562/594/480 546/577/466
f 546/577/466 562/594/480 547/595/1
f 546/577/466 547/595/1 531/578/1
f 547/579/1 563/596/1 564/597/481
f 547/579/1 564/597/481 548/580/467
f 548/580/467 564/597/481 565/598/482
f 548/580/467 565/598/482 549/581/468
f 549/581/468 565/598/482 566/599/483
f 549/581/468 566/599/483 550/582/469
f 550/582/469 566/599/483 567/600/484
f 550/582/469 567/600/484 551/583/470
f 551/583/470 567/600/484 568/601/485
f 551/583/470 568/601/485 552/584/471
f 552/584/471 568/601/485 569/602/486
f 552/584/471 569/602/486 553/585/472
f 553/585/472 569/602/486 570/603/487
f 553/585/472 570/603/487 554/586/473
f 554/586/473 570/603/487 571/604/9
f 554/586/473 571/604/9 555/587/9
f 555/587/9 571/604/9 572/605/488
f 555/587/9 572/605/488 556/588/474
f 556/588/474 572/605/488 573/606/489
f 556/588/474 573/606/489 557/589/475
f 557/589/475 573/606/489 574/607/490
f 557/589/475 574/607/490 558/590/476
f 558/590/476 574/607/490 575/608/491
f 558/590/476 575/608/491 559/591/477
f 559/591/477 575/608/491 576/609/492
f 559/591/477 576/609/492 560/592/478
f 560/592/478 576/609/492 577/610/493
f 560/592/478 577/610/493 561/593/479
f 561/593/479 577/610/493 578/611/494
f 561/593/479 578/611/494 562/594/480
f 562/594/480 578/611/494 563/612/1
f 562/594/480 563/612/1 547/595/1
f 563/596/1 579/613/1 580/614/495
f 563/596/1 580/614/495 564/597/481
f 564/597/481 580/614/495 581/615/496
f 564/597/481 581/615/496 565/598/482
f 565/598/482 581/615/496 582/616/497
f 565/598/482 582/616/497 566/599/483
f 566/599/483 582/616/497 583/617/498
f 566/599/483 583/617/498 567/600/484
f 567/600/484 583/617/498 584/618/499
f 567/600/484 584/618/499 568/601/485
f 568/601/485 584/618/499 585/619/500
f 568/601/485 585/619/500 569/602/486
f 569/602/486 585/619/500 586/620/501
f 569/602/486 586/620/501 570/603/487
f 570/603/487 586/620/501 587/621/9
f 570/603/487 587/621/9 571/604/9
f 571/604/9 587/621/9 588/622/502
f 571/604/9 588/622/502 572/605/488
f 572/605/488 588/622/502 589/623/503
f 572/605/488 589/623/503 573/606/489
f 573/606/489 589/623/503 590/624/504
f 573/606/489 590/624/504 574/607/490
f 574/607/490 590/624/504 591/625/505
f 574/607/490 591/625/505 575/608/491
f 575/608/491 591/625/505 592/626/506
f 575/608/491 592/626/506 576/609/492
f 576/609/492 592/626/506 593/627/507
f 576/609/492 593/627/507 577/610/493
f 577/610/493 593/627/507 594/628/508
f 577/610/493 594/628/508 578/611/494
f 578/611/494 594/628/508 579/629/1
f 578/611/494 579/629/1 563/612/1
f 579/613/1 595/630/1 596/631/509
f 579/613/1 596/631/509 580/614/495
f 580/614/495 596/631/509 597/632/510
f 580/614/495 597/632/510 581/615/496
f 581/615/496 597/632/510 598/633/511
f 581/615/496 598/633/511 582/616/497
f 582/616/497 598/633/511 599/634/512
f 582/616/497 599/634/512 583/617/498
f 583/617/498 599/634/512 600/635/513
f 583/617/498 600/635/513 584/618/499
f 584/618/499 600/635/513 601/636/514
f 584/618/499 601/636/514 585/619/500
f 585/619/500 601/636/514 602/637/515
f 585/619/500 602/637/515 586/620/501
f 586/620/501 602/637/515 603/638/9
f 586/620/501 603/638/9 587/621/9
f 587/621/9 603/638/9 604/639/516
f 587/621/9 604/639/516 588/622/502
f 588/622/502 604/639/516 605/640/517
f 588/622/502 605/640/517 589/623/503
f 589/623/503 605/640/517 606/641/518
f 589/623/503 606/641/518 590/624/504
f 590/624/504 606/641/518 607/642/519
f 590/624/504 607/642/519 591/625/505
f 591/625/505 607/642/519 608/643/520
f 591/625/505 608/643/520 592/626/506
f 592/626/506 608/643/520 609/644/521
f 592/626/506 609/644/521 593/627/507
f 593/627/507 609/644/521 610/645/522
f 593/627/507 610/645/522 594/628/508
f 594/628/508 610/645/522 595/646/1
f 594/628/508 595/646/1 579/629/1
f 595/630/1 611/647/1 612/648/523
f 595/630/1 612/648/523 596/631/509
f 596/631/509 612/648/523 613/649/524
f 596/631/509 613/649/524 597/632/510
f 597/632/510 613/649/524 614/650/525
f 597/632/510 614/650/525 598/633/511
f 598/633/511 614/650/525 615/651/526
f 598/633/511 615/651/526 599/634/512
f 599/634/512 615/651/526 616/652/527
f 599/634/512 616/652/527 600/635/513
f 600/635/513 616/652/527 617/653/528
f 600/635/513 617/653/528 601/636/514
f 601/636/514 617/653/528 618/654/529
f 601/636/514 618/654/529 602/637/515
f 602/637/515 618/654/529 619/655/9
f 602/637/515 619/655/9 603/638/9
f 603/638/9 619/655/9 620/656/530
f 603/638/9 620/656/530 604/639/516
f 604/639/516 620/656/530 621/657/531
f 604/639/516 621/657/531 605/640/517
f 605/640/517 621/657/531 622/658/532
f 605/640/517 622/658/532 606/641/518
f 606/641/518 622/658/532 623/659/533
f 606/641/518 623/659/533 607/642/519
f 607/642/519 623/659/533 624/660/534
f 607/642/519 624/660/534 608/643/520
f 608/643/520 624/660/534 625/661/535
f 608/643/520 625/661/535 609/644/521
f 609/644/521 625/661/535 626/662/536
f 609/644/521 626/662/536 610/645/522
f 610/645/522 626/662/536 611/663/1
f 610/645/522 611/663/1 595/646/1
f 611/647/1 627/664/1 628/665/537
f 611/647/1 628/665/537 612/648/523
f 612/648/523 628/665/537 629/666/538
f 612/648/523 629/666/538 613/649/524
f 613/649/524 629/666/538 630/667/539
f 613/649/524 630/667/539 614/650/525
f 614/650/525 630/667/539 631/668/540
f 614/650/525 631/668/540 615/651/526
f 615/651/526 631/668/540 632/669/541
f 615/651/526 632/669/541 616/652/527
f 616/652/527 632/669/541 633/670/542
f 616/652/527 633/670/542 617/653/528
f 617/653/528 633/670/542 634/671/543
f 617/653/528 634/671/543 618/654/529
f 618/654/529 634/671/543 635/672/9
f 618/654/529 635/672/9 619/655/9
f 619/655/9 635/672/9 636/673/544
f 619/655/9 636/673/544 620/656/530
f 620/656/530 636/673/544 637/674/545
f 620/656/530 637/674/545 621/657/531
f 621/657/531 637/674/545 638/675/546
f 621/657/531 638/675/546 622/658/532
f 622/658/532 638/675/546 639/676/547
f 622/658/532 639/676/547 623/659/533
f 623/659/533 639/676/547 640/677/548
f 623/659/533 640/677/548 624/660/534
f 624/660/534 640/677/548 641/678/549
f 624/660/534 641/678/549 625/661/535
f 625/661/535 641/678/549 642/679/550
f 625/661/535 642/679/550 626/662/536
f 626/662/536 642/679/550 627/680/1
f 626/662/536 627/680/1 611/663/1
f 627/664/1 643/681/1 644/682/551
f 627/664/1 644/682/551 628/665/537
f 628/665/537 644/682/551 645/683/552
f 628/665/537 645/683/552 629/666/538
f 629/666/538 645/683/552 646/684/553
f 629/666/538 646/684/553 630/667/539
f 630/667/539 646/684/553 647/685/554
f 630/667/539 647/685/554 631/668/540
f 631/668/540 647/685/554 648/686/555
f 631/668/540 648/686/555 632/669/541
f 632/669/541 648/686/555 649/687/556
f 632/669/541 649/687/556 633/670/542
f 633/670/542 649/687/556 650/688/557
f 633/670/542 650/688/557 634/671/543
f 634/671/543 650/688/557 651/689/9
f 634/671/543 651/689/9 635/672/9
f 635/672/9 651/689/9 652/690/558
f 635/672/9 652/690/558 636/673/544
f 636/673/544 652/690/558 653/691/559
f 636/673/544 653/691/559 637/674/545
f 637/674/545 653/691/559 654/692/560
f 637/674/545 654/692/560 638/675/546
f 638/675/546 654/692/560 655/693/561
f 638/675/546 655/693/561 639/676/547
f 639/676/547 655/693/561 656/694/562
f 639/676/547 656/694/562 640/677/548
f 640/677/548 656/694/562 657/695/563
f 640/677/548 657/695/563 641/678/549
f 641/678/549 657/695/563 658/696/564
f 641/678/549 658/696/564 642/679/550
f 642/679/550 658/696/564 643/697/1
f 642/679/550 643/697/1 627/680/1
f 643/681/1 659/698/1 660/699/565
f 643/681/1 660/699/565 644/682/551
f 644/682/551 660/699/565 661/700/566
f 644/682/551 661/700/566 645/683/552
f 645/683/552 661/700/566 662/701/567
f 645/683/552 662/701/567 646/684/553
f 646/684/553 662/701/567 663/702/568
f 646/684/553 663/702/568 647/685/554
f 647/685/554 663/702/568 664/703/569
f 647/685/554 664/703/569 648/686/555
f 648/686/555 664/703/569 665/704/570
f 648/686/555 665/704/570 649/687/556
f 649/687/556 665/704/570 666/705/571
f 649/687/556 666/705/571 650/688/557
f 650/688/557 666/705/571 667/706/9
f 650/688/557 667/706/9 651/689/9
f 651/689/9 667/706/9 668/707/572
f 651/689/9 668/707/572 652/690/558
f 652/690/558 668/707/572 669/708/573
f 652/690/558 669/708/573 653/691/559
f 653/691/559 669/708/573 670/709/574
f 653/691/559 670/709/574 654/692/560
f 654/692/560 670/709/574 671/710/575
f 654/692/560 671/710/575 655/693/561
f 655/693/561 671/710/575 672/711/576
f 655/693/561 672/711/576 656/694/562
f 656/694/562 672/711/576 673/712/577
f 656/694/562 673/712/577 657/695/563
f 657/695/563 673/712/577 674/713/578
f 657/695/563 674/713/578 658/696/564
f 658/696/564 674/713/578 659/714/1
f 658/696/564 659/714/1 643/697/1
f 659/698/1 675/715/1 676/716/579
f 659/698/1 676/716/579 660/699/565
f 660/699/565 676/716/579 677/717/580
f 660/699/565 677/717/580 661/700/566
f 661/700/566 677/717/580 678/718/581
f 661/700/566 678/718/581 662/701/567
f 662/701/567 678/718/581 679/719/582
f 662/701/567 679/719/582 663/702/568
f 663/702/568 679/719/582 680/720/583
f 663/702/568 680/720/583 664/703/569
f 664/703/569 680/720/583 681/721/584
f 664/703/569 681/721/584 665/704/570
f 665/704/570 681/721/584 682/722/585
f 665/704/570 682/722/585 666/705/571
f 666/705/571 682/722/585 683/723/9
f 666/705/571 683/723/9 667/706/9
f 667/706/9 683/723/9 684/724/586
f 667/706/9 684/724/586 668/707/572
f 668/707/572 684/724/586 685/725/587
f 668/707/572 685/725/587 669/708/573
f 669/708/573 685/725/587 686/726/588
f 669/708/573 686/726/588 670/709/574
f 670/709/574 686/726/588 687/727/589
f 670/709/574 687/727/589 671/710/575
f 671/710/575 687/727/589 688/728/590
f 671/710/575 688/728/590 672/711/576
f 672/711/576 688/728/590 689/729/591
f 672/711/576 689/729/591 673/712/577
f 673/712/577 689/729/591 690/730/592
f 673/712/577 690/730/592 674/713/578
f 674/713/578 690/730/592 675/731/1
f 674/713/578 675/731/1 659/714/1
f 675/715/1 691/732/1 692/733/593
f 675/715/1 692/733/593 676/716/579
f 676/716/579 692/733/593 693/734/594
f 676/716/579 693/734/594 677/717/580
f 677/717/580 693/734/594 694/735/595
f 677/717/580 694/735/595 678/718/581
f 678/718/581 694/735/595 695/736/596
f 678/718/581 695/736/596 679/719/582
f 679/719/582 695/736/596 696/737/597
f 679/719/582 696/737/597 680/720/583
f 680/720/583 696/737/597 697/738/598
f 680/720/583 697/738/598 681/721/584
f 681/721/584 697/738/598 698/739/599
f 681/721/584 698/739/599 682/722/585
f 682/722/585 698/739/599 699/740/9
f 682/722/585 699/740/9 683/723/9
f 683/723/9 699/740/9 700/741/600
f 683/723/9 700/741/600 684/724/586
f 684/724/586 700/741/600 701/742/601
f 684/724/586 701/742/601 685/725/587
f 685/725/587 701/742/601 702/743/602
f 685/725/587 702/743/602 686/726/588
f 686/726/588 702/743/602 703/744/603
f 686/726/588 703/744/603 687/727/589
f 687/727/589 703/744/603 704/745/604
f 687/727/589 704/745/604 688/728/590
f 688/728/590 704/745/604 705/746/605
f 688/728/590 705/746/605 689/729/591
f 689/729/591 705/746/605 706/747/606
f 689/729/591 706/747/606 690/730/592
f 690/730/592 706/747/606 691/748/1
f 690/730/592 691/748/1 675/731/1
f 691/732/1 707/749/1 708/750/607
f 691/732/1 708/750/607 692/733/593
f 692/733/593 708/750/607 709/751/608
f 692/733/593 709/751/608 693/734/594
f 693/734/594 709/751/608 710/752/609
f 693/734/594 710/752/609 694/735/595
f 694/735/595 710/752/609 711/753/610
f 694/735/595 711/753/610 695/736/596
f 695/736/596 711/753/610 712/754/611
f 695/736/596 712/754/611 696/737/597
f 696/737/597 712/754/611 713/755/612
f 696/737/597 713/755/612 697/738/598
f 697/738/598 713/755/612 714/756/613
f 697/738/598 714/756/613 698/739/599
f 698/739/599 714/756/613 715/757/9
f 698/739/599 715/757/9 699/740/9
f 699/740/9 715/757/9 716/758/614
f 699/740/9 716/758/614 700/741/600
f 700/741/600 716/758/614 717/759/615
f 700/741/600 717/759/615 701/742/601
f 701/742/601 717/759/615 718/760/616
f 701/742/601 718/760/616 702/743/602
f 702/743/602 718/760/616 719/761/617
f 702/743/602 719/761/617 703/744/603
f 703/744/603 719/761/617 720/762/618
f 703/744/603 720/762/618 704/745/604
f 704/745/604 720/762/618 721/763/619
f 704/745/604 721/763/619 705/746/605
f 705/746/605 721/763/619 722/764/620
f 705/746/605 722/764/620 706/747/606
f 706/747/606 722/764/620 707/765/1
f 706/747/606 707/765/1 691/748/1
f 707/749/1 723/766/1 724/767/621
f 707/749/1 724/767/621 708/750/607
f 708/750/607 724/767/621 725/768/622
f 708/750/607 725/768/622 709/751/608
f 709/751/608 725/768/622 726/769/623
f 709/751/608 726/769/623 710/752/609
f 710/752/609 726/769/623 727/770/624
f 710/752/609 727/770/624 711/753/610
f 711/753/610 727/770/624 728/771/625
f 711/753/610 728/771/625 712/754/611
f 712/754/611 728/771/625 729/772/626
f 712/754/611 729/772/626 713/755/612
f 713/755/612 729/772/626 730/773/627
f 713/755/612 730/773/627 714/756/613
f 714/756/613 730/773/627 731/774/9
f 714/756/613 731/774/9 715/757/9
f 715/757/9 731/774/9 732/775/628
f 715/757/9 732/775/628 716/758/614
f 716/758/614 732/775/628 733/776/629
f 716/758/614 733/776/629 717/759/615
f 717/759/615 733/776/629 734/777/630
f 717/759/615 734/777/630 718/760/616
f 718/760/616 734/777/630 735/778/631
f 718/760/616 735/778/631 719/761/617
f 719/761/617 735/778/631 736/779/632
f 719/761/617 736/779/632 720/762/618
f 720/762/618 736/779/632 737/780/633
f 720/762/618 737/780/633 721/763/619
f 721/763/619 737/780/633 738/781/634
f 721/763/619 738/781/634 722/764/620
f 722/764/620 738/781/634 723/782/1
f 722/764/620 723/782/1 707/765/1
f 723/766/1 739/783/1 740/784/635
f 723/766/1 740/784/635 724/767/621
f 724/767/621 740/784/635 741/785/636
f 724/767/621 741/785/636 725/768/622
f 725/768/622 741/785/636 742/786/637
f 725/768/622 742/786/637 726/769/623
f 726/769/623 742/786/637 743/787/638
f 726/769/623 743/787/638 727/770/624
f 727/770/624 743/787/638 744/788/639
f 727/770/624 744/788/639 728/771/625
f 728/771/625 744/788/639 745/789/640
f 728/771/625 745/789/640 729/772/626
f 729/772/626 745/789/640 746/790/641
f 729/772/626 746/790/641 730/773/627
f 730/773/627 746/790/641 747/791/9
f 730/773/627 747/791/9 731/774/9
f 731/774/9 747/791/9 748/792/642
f 731/774/9 748/792/642 732/775/628
f 732/775/628 748/792/642 749/793/643
f 732/775/628 749/793/643 733/776/629
f 733/776/629 749/793/643 750/794/644
f 733/776/629 750/794/644 734/777/630
f 734/777/630 750/794/644 751/795/645
f 734/777/630 751/795/645 735/778/631
f 735/778/631 751/795/645 752/796/646
f 735/778/631 752/796/646 736/779/632
f 736/779/632 752/796/646 753/797/647
f 736/779/632 753/797/647 737/780/633
f 737/780/633 753/797/647 754/798/648
f 737/780/633 754/798/648 738/781/634
f 738/781/634 754/798/648 739/799/1
f 738/781/634 739/799/1 723/782/1
f 739/783/1 755/800/1 756/801/649
f 739/783/1 756/801/649 740/784/635
f 740/784/635 756/801/649 757/802/650
f 740/784/635 757/802/650 741/785/636
f 741/785/636 757/802/650 758/803/651
f 741/785/636 758/803/651 742/786/637
f 742/786/637 758/803/651 759/804/652
f 742/786/637 759/804/652 743/787/638
f 743/787/638 759/804/652 760/805/653
f 743/787/638 760/805/653 744/788/639
f 744/788/639 760/805/653 761/806/654
f 744/788/639 761/806/654 745/789/640
f 745/789/640 761/806/654 762/807/655
f 745/789/640 762/807/655 746/790/641
f 746/790/641 762/807/655 763/808/9
f 746/790/641 763/808/9 747/791/9
f 747/791/9 763/808/9 764/809/656
f 747/791/9 764/809/656 748/792/642
f 748/792/642 764/809/656 765/810/657
f 748/792/642 765/810/657 749/793/643
f 749/793/643 765/810/657 766/811/658
f 749/793/643 766/811/658 750/794/644
f 750/794/644 766/811/658 767/812/659
f 750/794/644 767/812/659 751/795/645
f 751/795/645 767/812/659 768/813/660
f 751/795/645 768/813/660 752/796/646
f 752/796/646 768/813/660 769/814/661
f 752/796/646 769/814/661 753/797/647
f 753/797/647 769/814/661 770/815/662
f 753/797/647 770/815/662 754/798/648
f 754/798/648 770/815/662 755/816/1
f 754/798/648 755/816/1 739/799/1
f 755/800/1 771/817/1 772/818/663
f 755/800/1 772/818/663 756/801/649
f 756/801/649 772/818/663 773/819/664
f 756/801/649 773/819/664 757/802/650
f 757/802/650 773/819/664 774/820/665
f 757/802/650 774/820/665 758/803/651
f 758/803/651 774/820/665 775/821/666
f 758/803/651 775/821/666 759/804/652
f 759/804/652 775/821/666 776/822/667
f 759/804/652 776/822/667 760/805/653
f 760/805/653 776/822/667 777/823/668
f 760/805/653 777/823/668 761/806/654
f 761/806/654 777/823/668 778/824/669
f 761/806/654 778/824/669 762/807/655
f 762/807/655 778/824/669 779/825/9
f 762/807/655 779/825/9 763/808/9
f 763/808/9 779/825/9 780/826/670
f 763/808/9 780/826/670 764/809/656
f 764/809/656 780/826/670 781/827/671
f 764/809/656 781/827/671 765/810/657
f 765/810/657 781/827/671 782/828/672
f 765/810/657 782/828/672 766/811/658
f 766/811/658 782/828/672 783/829/673
f 766/811/658 783/829/673 767/812/659
f 767/812/659 783/829/673 784/830/674
f 767/812/659 784/830/674 768/813/660
f 768/813/660 784/830/674 785/831/675
f 768/813/660 785/831/675 769/814/661
f 769/814/661 785/831/675 786/832/676
f 769/814/661 786/832/676 770/815/662
f 770/815/662 786/832/676 771/833/1
f 770/815/662 771/833/1 755/816/1
f 771/817/1 787/834/1 788/835/677
f 771/817/1 788/835/677 772/818/663
f 772/818/663 788/835/677 789/836/678
f 772/818/663 789/836/678 773/819/664
f 773/819/664 789/836/678 790/837/679
f 773/819/664 790/837/679 774/820/665
f 774/820/665 790/837/679 791/838/680
f 774/820/665 791/838/680 775/821/666
f 775/821/666 791/838/680 792/839/681
f 775/821/666 792/839/681 776/822/667
f 776/822/667 792/839/681 793/840/682
f 776/822/667 793/840/682 777/823/668
f 777/823/668 793/840/682 794/841/683
f 777/823/668 794/841/683 778/824/669
f 778/824/669 794/841/683 795/842/9
f 778/824/669 795/842/9 779/825/9
f 779/825/9 795/842/9 796/843/684
f 779/825/9 796/843/684 780/826/670
f 780/826/670 796/843/684 797/844/685
f 780/826/670 797/844/685 781/827/671
f 781/827/671 797/844/685 798/845/686
f 781/827/671 798/845/686 782/828/672
f 782/828/672 798/845/686 799/846/687
f 782/828/672 799/846/687 783/829/673
f 783/829/673 799/846/687 800/847/688
f 783/829/673 800/847/688 784/830/674
f 784/830/674 800/847/688 801/848/689
f 784/830/674 801/848/689 785/831/675
f 785/831/675 801/848/689 802/849/690
f 785/831/675 802/849/690 786/832/676
f 786/832/676 802/849/690 787/850/1
f 786/832/676 787/850/1 771/833/1
f 787/834/1 803/851/1 804/852/691
f 787/834/1 804/852/691 788/835/677
f 788/835/677 804/852/691 805/853/692
f 788/835/677 805/853/692 789/836/678
f 789/836/678 805/853/692 806/854/693
f 789/836/678 806/854/693 790/837/679
f 790/837/679 806/854/693 807/855/694
f 790/837/679 807/855/694 791/838/680
f 791/838/680 807/855/694 808/856/695
f 791/838/680 808/856/695 792/839/681
f 792/839/681 808/856/695 809/857/696
f 792/839/681 809/857/696 793/840/682
f 793/840/682 809/857/696 810/858/697
f 793/840/682 810/858/697 794/841/683
f 794/841/683 810/858/697 811/859/9
f 794/841/683 811/859/9 795/842/9
f 795/842/9 811/859/9 812/860/698
f 795/842/9 812/860/698 796/843/684
f 796/843/684 812/860/698 813/861/699
f 796/843/684 813/861/699 797/844/685
f 797/844/685 813/861/699 814/862/700
f 797/844/685 814/862/700 798/845/686
f 798/845/686 814/862/700 815/863/701
f 798/845/686 815/863/701 799/846/687
f 799/846/687 815/863/701 816/864/702
f 799/846/687 816/864/702 800/847/688
f 800/847/688 816/864/702 817/865/703
f 800/847/688 817/865/703 801/848/689
f 801/848/689 817/865/703 818/866/704
f 801/848/689 818/866/704 802/849/690
f 802/849/690 818/866/704 803/867/1
f 802/849/690 803/867/1 787/850/1
f 803/851/1 819/868/1 820/869/705
f 803/851/1 820/869/705 804/852/691
f 804/852/691 820/869/705 821/870/706
f 804/852/691 821/870/706 805/853/692
f 805/853/692 821/870/706 822/871/707
f 805/853/692 822/871/707 806/854/693
f 806/854/693 822/871/707 823/872/708
f 806/854/693 823/872/708 807/855/694
f 807/855/694 823/872/708 824/873/709
f 807/855/694 824/873/709 808/856/695
f 808/856/695 824/873/709 825/874/710
f 808/856/695 825/874/710 809/857/696
f 809/857/696 825/874/710 826/875/711
f 809/857/696 826/875/711 810/858/697
f 810/858/697 826/875/711 827/876/9
f 810/858/697 827/876/9 811/859/9
f 811/859/9 827/876/9 828/877/712
f 811/859/9 828/877/712 812/860/698
f 812/860/698 828/877/712 829/878/713
f 812/860/698 829/878/713 813/861/699
f 813/861/699 829/878/713 830/879/714
f 813/861/699 830/879/714 814/862/700
f 814/862/700 830/879/714 831/880/715
f 814/862/700 831/880/715 815/863/701
f 815/863/701 831/880/715 832/881/716
f 815/863/701 832/881/716 816/864/702
f 816/864/702 832/881/716 833/882/717
f 816/864/702 833/882/717 817/865/703
f 817/865/703 833/882/717 834/883/718
f 817/865/703 834/883/718 818/866/704
f 818/866/704 834/883/718 819/884/1
f 818/866/704 819/884/1 803/867/1
f 819/868/1 835/885/1 836/886/719
f 819/868/1 836/886/719 820/869/705
f 820/869/705 836/886/719 837/887/720
f 820/869/705 837/887/720 821/870/706
f 821/870/706 837/887/720 838/888/721
f 821/870/706 838/888/721 822/871/707
f 822/871/707 838/888/721 839/889/722
f 822/871/707 839/889/722 823/872/708
f 823/872/708 839/889/722 840/890/723
f 823/872/708 840/890/723 824/873/709
f 824/873/709 840/890/723 841/891/724
f 824/873/709 841/891/724 825/874/710
f 825/874/710 841/891/724 842/892/725
f 825/874/710 842/892/725 826/875/711
f 826/875/711 842/892/725 843/893/9
f 826/875/711 843/893/9 827/876/9
f 827/876/9 843/893/9 844/894/726
f 827/876/9 844/894/726 828/877/712
f 828/877/712 844/894/726 845/895/727
f 828/877/712 845/895/727 829/878/713
f 829/878/713 845/895/727 846/896/728
f 829/878/713 846/896/728 830/879/714
f 830/879/714 846/896/728 847/897/729
f 830/879/714 847/897/729 831/880/715
f 831/880/715 847/897/729 848/898/730
f 831/880/715 848/898/730 832/881/716
f 832/881/716 848/898/730 849/899/731
f 832/881/716 849/899/731 833/882/717
f 833/882/717 849/899/731 850/900/732
f 833/882/717 850/900/732 834/883/718
f 834/883/718 850/900/732 835/901/1
f 834/883/718 835/901/1 819/884/1
f 851/35/18 836/37/18 835/36/18
f 851/35/18 837/38/18 836/37/18
f 851/35/18 838/39/18 837/38/18
f 851/35/18 839/40/18 838/39/18
f 851/35/18 840/41/18 839/40/18
f 851/35/18 841/42/18 840/41/18
f 851/35/18 842/43/18 841/42/18
f 851/35/18 843/44/18 842/43/18
f 851/35/18 844/45/18 843/44/18
f 851/35/18 845/46/18 844/45/18
f 851/35/18 846/47/18 845/46/18
f 851/35/18 847/48/18 846/47/18
f 851/35/18 848/49/18 847/48/18
f 851/35/18 849/50/18 848/49/18
f 851/35/18 850/51/18 849/50/18
f 851/35/18 835/36/18 850/51/18
