# Procedurally generated by dev-env-utils/scripts/gen_mast_arm_curves.py
# inventory icon: whole sweep fitted to one block
mtllib mastarmcurve.mtl
o mastarm_8x2_inv
v 0.500000 0.376866 0.988995
v 0.537844 0.371302 1.000000
v 0.534917 0.389629 0.996017
v 0.526681 0.407304 0.988238
v 0.514422 0.419611 0.981888
v 0.500000 0.423776 0.979527
v 0.485578 0.419611 0.981888
v 0.473319 0.407304 0.988238
v 0.465083 0.389629 0.996017
v 0.462156 0.371302 1.000000
v 0.465025 0.357011 0.996087
v 0.473238 0.347225 0.988298
v 0.485522 0.341309 0.981908
v 0.500000 0.339303 0.979527
v 0.514478 0.341309 0.981908
v 0.526762 0.347225 0.988298
v 0.534975 0.357011 0.996087
v 0.536594 0.394399 0.954409
v 0.533808 0.406951 0.960619
v 0.525876 0.417591 0.965884
v 0.514004 0.424701 0.969402
v 0.500000 0.427198 0.970637
v 0.485996 0.424701 0.969402
v 0.474124 0.417591 0.965884
v 0.466192 0.406951 0.960619
v 0.463406 0.394399 0.954409
v 0.466192 0.381848 0.948198
v 0.474124 0.371207 0.942934
v 0.485996 0.364098 0.939416
v 0.500000 0.361601 0.938180
v 0.514004 0.364098 0.939416
v 0.525876 0.371207 0.942934
v 0.533808 0.381848 0.948198
v 0.535683 0.399344 0.944362
v 0.532967 0.411609 0.950366
v 0.525232 0.422006 0.955456
v 0.513655 0.428953 0.958858
v 0.500000 0.431393 0.960052
v 0.486345 0.428953 0.958858
v 0.474768 0.422006 0.955456
v 0.467033 0.411609 0.950366
v 0.464317 0.399344 0.944362
v 0.467033 0.387080 0.938357
v 0.474768 0.376683 0.933267
v 0.486345 0.369735 0.929865
v 0.500000 0.367296 0.928671
v 0.513655 0.369735 0.929865
v 0.525232 0.376683 0.933267
v 0.532967 0.387080 0.938357
v 0.534974 0.404237 0.934314
v 0.532311 0.416282 0.940149
v 0.524730 0.426494 0.945095
v 0.513384 0.433317 0.948400
v 0.500000 0.435713 0.949560
v 0.486616 0.433317 0.948400
v 0.475270 0.426494 0.945095
v 0.467689 0.416282 0.940149
v 0.465026 0.404237 0.934314
v 0.467689 0.392192 0.928480
v 0.475270 0.381981 0.923534
v 0.486616 0.375158 0.920229
v 0.500000 0.372762 0.919068
v 0.513384 0.375158 0.920229
v 0.524730 0.381981 0.923534
v 0.532311 0.392192 0.928480
v 0.534521 0.409078 0.924267
v 0.531893 0.420991 0.929976
v 0.524410 0.431091 0.934815
v 0.513211 0.437840 0.938049
v 0.500000 0.440210 0.939184
v 0.486789 0.437840 0.938049
v 0.475590 0.431091 0.934815
v 0.468107 0.420991 0.929976
v 0.465479 0.409078 0.924267
v 0.468107 0.397164 0.918559
v 0.475590 0.387064 0.913719
v 0.486789 0.380316 0.910485
v 0.500000 0.377946 0.909350
v 0.513211 0.380316 0.910485
v 0.524410 0.387064 0.913719
v 0.531893 0.397164 0.918559
v 0.534427 0.413866 0.914220
v 0.531807 0.425771 0.919863
v 0.524344 0.435864 0.924646
v 0.513175 0.442608 0.927842
v 0.500000 0.444976 0.928965
v 0.486825 0.442608 0.927842
v 0.475656 0.435864 0.924646
v 0.468193 0.425771 0.919863
v 0.465573 0.413866 0.914220
v 0.468193 0.401961 0.908577
v 0.475656 0.391868 0.903794
v 0.486825 0.385124 0.900598
v 0.500000 0.382756 0.899475
v 0.513175 0.385124 0.900598
v 0.524344 0.391868 0.903794
v 0.531807 0.401961 0.908577
v 0.534380 0.418602 0.904173
v 0.531763 0.430514 0.909757
v 0.524310 0.440614 0.914491
v 0.513157 0.447362 0.917654
v 0.500000 0.449731 0.918765
v 0.486843 0.447362 0.917654
v 0.475690 0.440614 0.914491
v 0.468237 0.430514 0.909757
v 0.465620 0.418602 0.904173
v 0.468237 0.406689 0.898589
v 0.475690 0.396589 0.893855
v 0.486843 0.389841 0.890691
v 0.500000 0.387472 0.889581
v 0.513157 0.389841 0.890691
v 0.524310 0.396589 0.893855
v 0.531763 0.406689 0.898589
v 0.534333 0.423285 0.894126
v 0.531720 0.435205 0.899651
v 0.524277 0.445311 0.904336
v 0.513139 0.452063 0.907465
v 0.500000 0.454434 0.908565
v 0.486861 0.452063 0.907465
v 0.475723 0.445311 0.904336
v 0.468280 0.435205 0.899651
v 0.465667 0.423285 0.894126
v 0.468280 0.411365 0.888600
v 0.475723 0.401259 0.883916
v 0.486861 0.394507 0.880786
v 0.500000 0.392136 0.879687
v 0.513139 0.394507 0.880786
v 0.524277 0.401259 0.883916
v 0.531720 0.411365 0.888600
v 0.534286 0.427916 0.884078
v 0.531676 0.439844 0.889545
v 0.524244 0.449955 0.894180
v 0.513121 0.456712 0.897276
v 0.500000 0.459084 0.898364
v 0.486879 0.456712 0.897276
v 0.475756 0.449955 0.894180
v 0.468324 0.439844 0.889545
v 0.465714 0.427916 0.884078
v 0.468324 0.415989 0.878612
v 0.475756 0.405877 0.873977
v 0.486879 0.399120 0.870880
v 0.500000 0.396748 0.869793
v 0.513121 0.399120 0.870880
v 0.524244 0.405877 0.873977
v 0.531676 0.415989 0.878612
v 0.534239 0.432495 0.874031
v 0.531633 0.444430 0.879439
v 0.524211 0.454547 0.884024
v 0.513103 0.461308 0.887087
v 0.500000 0.463682 0.888163
v 0.486897 0.461308 0.887087
v 0.475789 0.454547 0.884024
v 0.468367 0.444430 0.879439
v 0.465761 0.432495 0.874031
v 0.468367 0.420560 0.868623
v 0.475789 0.410443 0.864039
v 0.486897 0.403682 0.860975
v 0.500000 0.401308 0.859900
v 0.513103 0.403682 0.860975
v 0.524211 0.410443 0.864039
v 0.531633 0.420560 0.868623
v 0.534192 0.437021 0.863984
v 0.531589 0.448963 0.869333
v 0.524177 0.459086 0.873867
v 0.513085 0.465851 0.876897
v 0.500000 0.468226 0.877961
v 0.486915 0.465851 0.876897
v 0.475823 0.459086 0.873867
v 0.468411 0.448963 0.869333
v 0.465808 0.437021 0.863984
v 0.468411 0.425080 0.858635
v 0.475823 0.414956 0.854101
v 0.486915 0.408192 0.851071
v 0.500000 0.405817 0.850007
v 0.513085 0.408192 0.851071
v 0.524177 0.414956 0.854101
v 0.531589 0.425080 0.858635
v 0.534145 0.441496 0.853937
v 0.531546 0.453444 0.859226
v 0.524144 0.463573 0.863711
v 0.513067 0.470341 0.866707
v 0.500000 0.472718 0.867759
v 0.486933 0.470341 0.866707
v 0.475856 0.463573 0.863711
v 0.468454 0.453444 0.859226
v 0.465855 0.441496 0.853937
v 0.468454 0.429547 0.848647
v 0.475856 0.419418 0.844163
v 0.486933 0.412650 0.841167
v 0.500000 0.410274 0.840115
v 0.513067 0.412650 0.841167
v 0.524144 0.419418 0.844163
v 0.531546 0.429547 0.848647
v 0.534098 0.445917 0.843890
v 0.531502 0.457872 0.849120
v 0.524111 0.468007 0.853554
v 0.513049 0.474778 0.856516
v 0.500000 0.477156 0.857557
v 0.486951 0.474778 0.856516
v 0.475889 0.468007 0.853554
v 0.468498 0.457872 0.849120
v 0.465902 0.445917 0.843890
v 0.468498 0.433963 0.838660
v 0.475889 0.423828 0.834226
v 0.486951 0.417056 0.831263
v 0.500000 0.414679 0.830223
v 0.513049 0.417056 0.831263
v 0.524111 0.423828 0.834226
v 0.531502 0.433963 0.838660
v 0.534057 0.449685 0.835233
v 0.531465 0.461645 0.840412
v 0.524082 0.471784 0.844803
v 0.513033 0.478559 0.847736
v 0.500000 0.480938 0.848766
v 0.486967 0.478559 0.847736
v 0.475918 0.471784 0.844803
v 0.468535 0.461645 0.840412
v 0.465943 0.449685 0.835233
v 0.468535 0.437725 0.830055
v 0.475918 0.427586 0.825664
v 0.486967 0.420811 0.822731
v 0.500000 0.418432 0.821700
v 0.513033 0.420811 0.822731
v 0.524082 0.427586 0.825664
v 0.531465 0.437725 0.830055
v 0.534051 0.450287 0.833842
v 0.531459 0.462248 0.839013
v 0.524077 0.472388 0.843396
v 0.513031 0.479163 0.846325
v 0.500000 0.481542 0.847354
v 0.486969 0.479163 0.846325
v 0.475923 0.472388 0.843396
v 0.468541 0.462248 0.839013
v 0.465949 0.450287 0.833842
v 0.468541 0.438326 0.828672
v 0.475923 0.428186 0.824289
v 0.486969 0.421411 0.821360
v 0.500000 0.419032 0.820331
v 0.513031 0.421411 0.821360
v 0.524077 0.428186 0.824289
v 0.531459 0.438326 0.828672
v 0.534003 0.454604 0.823795
v 0.531415 0.466571 0.828906
v 0.524044 0.476716 0.833239
v 0.513013 0.483495 0.836134
v 0.500000 0.485875 0.837151
v 0.486987 0.483495 0.836134
v 0.475956 0.476716 0.833239
v 0.468585 0.466571 0.828906
v 0.465997 0.454604 0.823795
v 0.468585 0.442637 0.818684
v 0.475956 0.432492 0.814352
v 0.486987 0.425713 0.811457
v 0.500000 0.423333 0.810440
v 0.513013 0.425713 0.811457
v 0.524044 0.432492 0.814352
v 0.531415 0.442637 0.818684
v 0.533956 0.458869 0.813748
v 0.531372 0.470842 0.818799
v 0.524011 0.480991 0.823081
v 0.512995 0.487773 0.825942
v 0.500000 0.490155 0.826947
v 0.487005 0.487773 0.825942
v 0.475989 0.480991 0.823081
v 0.468628 0.470842 0.818799
v 0.466044 0.458869 0.813748
v 0.468628 0.446896 0.808697
v 0.475989 0.436746 0.804415
v 0.487005 0.429964 0.801554
v 0.500000 0.427583 0.800549
v 0.512995 0.429964 0.801554
v 0.524011 0.436746 0.804415
v 0.531372 0.446896 0.808697
v 0.533909 0.463081 0.803701
v 0.531328 0.475060 0.808692
v 0.523977 0.485214 0.812923
v 0.512977 0.492000 0.815750
v 0.500000 0.494382 0.816743
v 0.487023 0.492000 0.815750
v 0.476023 0.485214 0.812923
v 0.468672 0.475060 0.808692
v 0.466091 0.463081 0.803701
v 0.468672 0.451103 0.798710
v 0.476023 0.440948 0.794479
v 0.487023 0.434163 0.791652
v 0.500000 0.431780 0.790659
v 0.512977 0.434163 0.791652
v 0.523977 0.440948 0.794479
v 0.531328 0.451103 0.798710
v 0.533862 0.467241 0.793654
v 0.531285 0.479225 0.798585
v 0.523944 0.489385 0.802765
v 0.512958 0.496173 0.805558
v 0.500000 0.498556 0.806539
v 0.487042 0.496173 0.805558
v 0.476056 0.489385 0.802765
v 0.468715 0.479225 0.798585
v 0.466138 0.467241 0.793654
v 0.468715 0.455258 0.788723
v 0.476056 0.445098 0.784543
v 0.487042 0.438310 0.781750
v 0.500000 0.435927 0.780769
v 0.512958 0.438310 0.781750
v 0.523944 0.445098 0.784543
v 0.531285 0.455258 0.788723
v 0.533815 0.471349 0.783607
v 0.531241 0.483338 0.788477
v 0.523911 0.493502 0.792606
v 0.512940 0.500293 0.795365
v 0.500000 0.502678 0.796334
v 0.487060 0.500293 0.795365
v 0.476089 0.493502 0.792606
v 0.468759 0.483338 0.788477
v 0.466185 0.471349 0.783607
v 0.468759 0.459360 0.778736
v 0.476089 0.449197 0.774607
v 0.487060 0.442406 0.771848
v 0.500000 0.440021 0.770879
v 0.512940 0.442406 0.771848
v 0.523911 0.449197 0.774607
v 0.531241 0.459360 0.778736
v 0.533768 0.475405 0.773559
v 0.531198 0.487399 0.778369
v 0.523878 0.497567 0.782447
v 0.512922 0.504361 0.785172
v 0.500000 0.506746 0.786129
v 0.487078 0.504361 0.785172
v 0.476122 0.497567 0.782447
v 0.468802 0.487399 0.778369
v 0.466232 0.475405 0.773559
v 0.468802 0.463411 0.768749
v 0.476122 0.453243 0.764672
v 0.487078 0.446449 0.761947
v 0.500000 0.444063 0.760990
v 0.512922 0.446449 0.761947
v 0.523878 0.453243 0.764672
v 0.531198 0.463411 0.768749
v 0.533721 0.479408 0.763512
v 0.531154 0.491407 0.768262
v 0.523844 0.501579 0.772288
v 0.512904 0.508375 0.774978
v 0.500000 0.510762 0.775923
v 0.487096 0.508375 0.774978
v 0.476156 0.501579 0.772288
v 0.468846 0.491407 0.768262
v 0.466279 0.479408 0.763512
v 0.468846 0.467409 0.758763
v 0.476156 0.457237 0.754736
v 0.487096 0.450441 0.752046
v 0.500000 0.448054 0.751101
v 0.512904 0.450441 0.752046
v 0.523844 0.457237 0.754736
v 0.531154 0.467409 0.758763
v 0.533674 0.483359 0.753465
v 0.531111 0.495362 0.758154
v 0.523811 0.505538 0.762129
v 0.512886 0.512337 0.764785
v 0.500000 0.514725 0.765717
v 0.487114 0.512337 0.764785
v 0.476189 0.505538 0.762129
v 0.468889 0.495362 0.758154
v 0.466326 0.483359 0.753465
v 0.468889 0.471356 0.748776
v 0.476189 0.461180 0.744801
v 0.487114 0.454381 0.742145
v 0.500000 0.451993 0.741213
v 0.512886 0.454381 0.742145
v 0.523811 0.461180 0.744801
v 0.531111 0.471356 0.748776
v 0.533627 0.487257 0.743418
v 0.531067 0.499265 0.748046
v 0.523778 0.509444 0.751969
v 0.512868 0.516246 0.754590
v 0.500000 0.518634 0.755511
v 0.487132 0.516246 0.754590
v 0.476222 0.509444 0.751969
v 0.468933 0.499265 0.748046
v 0.466373 0.487257 0.743418
v 0.468933 0.475250 0.738790
v 0.476222 0.465071 0.734867
v 0.487132 0.458269 0.732245
v 0.500000 0.455880 0.731325
v 0.512868 0.458269 0.732245
v 0.523778 0.465071 0.734867
v 0.531067 0.475250 0.738790
v 0.533580 0.491104 0.733371
v 0.531023 0.503115 0.737937
v 0.523744 0.513298 0.741809
v 0.512850 0.520102 0.744396
v 0.500000 0.522491 0.745304
v 0.487150 0.520102 0.744396
v 0.476256 0.513298 0.741809
v 0.468977 0.503115 0.737937
v 0.466420 0.491104 0.733371
v 0.468977 0.479092 0.728804
v 0.476256 0.468909 0.724932
v 0.487150 0.462105 0.722345
v 0.500000 0.459716 0.721437
v 0.512850 0.462105 0.722345
v 0.523744 0.468909 0.724932
v 0.531023 0.479092 0.728804
v 0.533532 0.494897 0.723323
v 0.530980 0.506913 0.727829
v 0.523711 0.517099 0.731649
v 0.512832 0.523905 0.734201
v 0.500000 0.526295 0.735097
v 0.487168 0.523905 0.734201
v 0.476289 0.517099 0.731649
v 0.469020 0.506913 0.727829
v 0.466468 0.494897 0.723323
v 0.469020 0.482882 0.718818
v 0.476289 0.472696 0.714998
v 0.487168 0.465890 0.712446
v 0.500000 0.463500 0.711549
v 0.512832 0.465890 0.712446
v 0.523711 0.472696 0.714998
v 0.530980 0.482882 0.718818
v 0.533485 0.498639 0.713276
v 0.530936 0.510658 0.717721
v 0.523678 0.520847 0.721489
v 0.512814 0.527655 0.724006
v 0.500000 0.530046 0.724890
v 0.487186 0.527655 0.724006
v 0.476322 0.520847 0.721489
v 0.469064 0.510658 0.717721
v 0.466515 0.498639 0.713276
v 0.469064 0.486620 0.708832
v 0.476322 0.476431 0.705064
v 0.487186 0.469623 0.702546
v 0.500000 0.467232 0.701662
v 0.512814 0.469623 0.702546
v 0.523678 0.476431 0.705064
v 0.530936 0.486620 0.708832
v 0.533438 0.502328 0.703229
v 0.530893 0.514350 0.707612
v 0.523644 0.524542 0.711328
v 0.512796 0.531352 0.713811
v 0.500000 0.533744 0.714683
v 0.487204 0.531352 0.713811
v 0.476356 0.524542 0.711328
v 0.469107 0.514350 0.707612
v 0.466562 0.502328 0.703229
v 0.469107 0.490306 0.698846
v 0.476356 0.480114 0.695130
v 0.487204 0.473304 0.692647
v 0.500000 0.470913 0.691775
v 0.512796 0.473304 0.692647
v 0.523644 0.480114 0.695130
v 0.530893 0.490306 0.698846
v 0.533391 0.505965 0.693182
v 0.530849 0.517990 0.697503
v 0.523611 0.528185 0.701167
v 0.512778 0.534997 0.703615
v 0.500000 0.537389 0.704475
v 0.487222 0.534997 0.703615
v 0.476389 0.528185 0.701167
v 0.469151 0.517990 0.697503
v 0.466609 0.505965 0.693182
v 0.469151 0.493940 0.688860
v 0.476389 0.483745 0.685197
v 0.487222 0.476933 0.682749
v 0.500000 0.474541 0.681889
v 0.512778 0.476933 0.682749
v 0.523611 0.483745 0.685197
v 0.530849 0.493940 0.688860
v 0.533344 0.509550 0.683135
v 0.530806 0.521578 0.687395
v 0.523578 0.531775 0.691006
v 0.512760 0.538588 0.693419
v 0.500000 0.540981 0.694266
v 0.487240 0.538588 0.693419
v 0.476422 0.531775 0.691006
v 0.469194 0.521578 0.687395
v 0.466656 0.509550 0.683135
v 0.469194 0.497521 0.678875
v 0.476422 0.487324 0.675263
v 0.487240 0.480511 0.672850
v 0.500000 0.478119 0.672003
v 0.512760 0.480511 0.672850
v 0.523578 0.487324 0.675263
v 0.530806 0.497521 0.678875
v 0.533297 0.513082 0.673087
v 0.530762 0.525113 0.677286
v 0.523545 0.535312 0.680845
v 0.512742 0.542127 0.683223
v 0.500000 0.544520 0.684058
v 0.487258 0.542127 0.683223
v 0.476455 0.535312 0.680845
v 0.469238 0.525113 0.677286
v 0.466703 0.513082 0.673087
v 0.469238 0.501051 0.668889
v 0.476455 0.490852 0.665330
v 0.487258 0.484037 0.662952
v 0.500000 0.481644 0.662117
v 0.512742 0.484037 0.662952
v 0.523545 0.490852 0.665330
v 0.530762 0.501051 0.668889
v 0.533250 0.516562 0.663040
v 0.530719 0.528595 0.667177
v 0.523511 0.538796 0.670683
v 0.512724 0.545612 0.673026
v 0.500000 0.548006 0.673849
v 0.487276 0.545612 0.673026
v 0.476489 0.538796 0.670683
v 0.469281 0.528595 0.667177
v 0.466750 0.516562 0.663040
v 0.469281 0.504529 0.658904
v 0.476489 0.494327 0.655397
v 0.487276 0.487511 0.653054
v 0.500000 0.485118 0.652231
v 0.512724 0.487511 0.653054
v 0.523511 0.494327 0.655397
v 0.530719 0.504529 0.658904
v 0.533203 0.519989 0.652993
v 0.530675 0.532024 0.657067
v 0.523478 0.542227 0.660522
v 0.512706 0.549045 0.662830
v 0.500000 0.551439 0.663640
v 0.487294 0.549045 0.662830
v 0.476522 0.542227 0.660522
v 0.469325 0.532024 0.657067
v 0.466797 0.519989 0.652993
v 0.469325 0.507954 0.648919
v 0.476522 0.497751 0.645465
v 0.487294 0.490934 0.643157
v 0.500000 0.488540 0.642346
v 0.512706 0.490934 0.643157
v 0.523478 0.497751 0.645465
v 0.530675 0.507954 0.648919
v 0.533156 0.523364 0.642946
v 0.530632 0.535401 0.646958
v 0.523445 0.545606 0.650360
v 0.512688 0.552424 0.652633
v 0.500000 0.554819 0.653431
v 0.487312 0.552424 0.652633
v 0.476555 0.545606 0.650360
v 0.469368 0.535401 0.646958
v 0.466844 0.523364 0.642946
v 0.469368 0.511327 0.638934
v 0.476555 0.501123 0.635532
v 0.487312 0.494304 0.633259
v 0.500000 0.491910 0.632461
v 0.512688 0.494304 0.633259
v 0.523445 0.501123 0.635532
v 0.530632 0.511327 0.638934
v 0.533109 0.526687 0.632899
v 0.530588 0.538726 0.636849
v 0.523411 0.548932 0.640198
v 0.512670 0.555751 0.642435
v 0.500000 0.558146 0.643221
v 0.487330 0.555751 0.642435
v 0.476589 0.548932 0.640198
v 0.469412 0.538726 0.636849
v 0.466891 0.526687 0.632899
v 0.469412 0.514649 0.628949
v 0.476589 0.504443 0.625600
v 0.487330 0.497624 0.623362
v 0.500000 0.495229 0.622576
v 0.512670 0.497624 0.623362
v 0.523411 0.504443 0.625600
v 0.530588 0.514649 0.628949
v 0.533062 0.529958 0.622852
v 0.530545 0.541998 0.626739
v 0.523378 0.552205 0.630035
v 0.512652 0.559025 0.632238
v 0.500000 0.561420 0.633011
v 0.487348 0.559025 0.632238
v 0.476622 0.552205 0.630035
v 0.469455 0.541998 0.626739
v 0.466938 0.529958 0.622852
v 0.469455 0.517918 0.618964
v 0.476622 0.507711 0.615668
v 0.487348 0.500891 0.613465
v 0.500000 0.498496 0.612692
v 0.512652 0.500891 0.613465
v 0.523378 0.507711 0.615668
v 0.530545 0.517918 0.618964
v 0.533014 0.533176 0.612804
v 0.530501 0.545217 0.616630
v 0.523345 0.555425 0.619873
v 0.512634 0.562246 0.622040
v 0.500000 0.564641 0.622801
v 0.487366 0.562246 0.622040
v 0.476655 0.555425 0.619873
v 0.469499 0.545217 0.616630
v 0.466986 0.533176 0.612804
v 0.469499 0.521135 0.608979
v 0.476655 0.510927 0.605736
v 0.487366 0.504107 0.603569
v 0.500000 0.501712 0.602808
v 0.512634 0.504107 0.603569
v 0.523345 0.510927 0.605736
v 0.530501 0.521135 0.608979
v 0.532967 0.536342 0.602757
v 0.530458 0.548384 0.606520
v 0.523311 0.558592 0.609710
v 0.512616 0.565413 0.611842
v 0.500000 0.567809 0.612590
v 0.487384 0.565413 0.611842
v 0.476689 0.558592 0.609710
v 0.469542 0.548384 0.606520
v 0.467033 0.536342 0.602757
v 0.469542 0.524300 0.598994
v 0.476689 0.514092 0.595804
v 0.487384 0.507271 0.593672
v 0.500000 0.504875 0.592924
v 0.512616 0.507271 0.593672
v 0.523311 0.514092 0.595804
v 0.530458 0.524300 0.598994
v 0.532920 0.539456 0.592710
v 0.530414 0.551498 0.596410
v 0.523278 0.561707 0.599548
v 0.512598 0.568528 0.601644
v 0.500000 0.570924 0.602380
v 0.487402 0.568528 0.601644
v 0.476722 0.561707 0.599548
v 0.469586 0.551498 0.596410
v 0.467080 0.539456 0.592710
v 0.469586 0.527413 0.589009
v 0.476722 0.517204 0.585872
v 0.487402 0.510383 0.583776
v 0.500000 0.507988 0.583040
v 0.512598 0.510383 0.583776
v 0.523278 0.517204 0.585872
v 0.530414 0.527413 0.589009
v 0.532873 0.542517 0.582663
v 0.530371 0.554559 0.586301
v 0.523245 0.564769 0.589385
v 0.512580 0.571590 0.591445
v 0.500000 0.573986 0.592169
v 0.487420 0.571590 0.591445
v 0.476755 0.564769 0.589385
v 0.469629 0.554559 0.586301
v 0.467127 0.542517 0.582663
v 0.469629 0.530474 0.579025
v 0.476755 0.520265 0.575941
v 0.487420 0.513444 0.573880
v 0.500000 0.511048 0.573157
v 0.512580 0.513444 0.573880
v 0.523245 0.520265 0.575941
v 0.530371 0.530474 0.579025
v 0.532826 0.545526 0.572616
v 0.530327 0.557568 0.576191
v 0.523212 0.567777 0.579222
v 0.512562 0.574599 0.581247
v 0.500000 0.576994 0.581958
v 0.487438 0.574599 0.581247
v 0.476788 0.567777 0.579222
v 0.469673 0.557568 0.576191
v 0.467174 0.545526 0.572616
v 0.469673 0.533483 0.569040
v 0.476788 0.523274 0.566010
v 0.487438 0.516453 0.563984
v 0.500000 0.514057 0.563273
v 0.512562 0.516453 0.563984
v 0.523212 0.523274 0.566010
v 0.530327 0.533483 0.569040
v 0.532779 0.548482 0.562568
v 0.530284 0.560525 0.566081
v 0.523178 0.570734 0.569058
v 0.512544 0.577555 0.571048
v 0.500000 0.579950 0.571746
v 0.487456 0.577555 0.571048
v 0.476822 0.570734 0.569058
v 0.469716 0.560525 0.566081
v 0.467221 0.548482 0.562568
v 0.469716 0.536440 0.559056
v 0.476822 0.526231 0.556078
v 0.487456 0.519410 0.554089
v 0.500000 0.517015 0.553390
v 0.512544 0.519410 0.554089
v 0.523178 0.526231 0.556078
v 0.530284 0.536440 0.559056
v 0.532732 0.551387 0.552521
v 0.530240 0.563428 0.555971
v 0.523145 0.573637 0.558895
v 0.512526 0.580458 0.560849
v 0.500000 0.582853 0.561535
v 0.487474 0.580458 0.560849
v 0.476855 0.573637 0.558895
v 0.469760 0.563428 0.555971
v 0.467268 0.551387 0.552521
v 0.469760 0.539345 0.549072
v 0.476855 0.529137 0.546147
v 0.487474 0.522316 0.544194
v 0.500000 0.519920 0.543507
v 0.512526 0.522316 0.544194
v 0.523145 0.529137 0.546147
v 0.530240 0.539345 0.549072
v 0.532685 0.554239 0.542474
v 0.530197 0.566279 0.545860
v 0.523112 0.576487 0.548731
v 0.512508 0.583308 0.550650
v 0.500000 0.585703 0.551323
v 0.487492 0.583308 0.550650
v 0.476888 0.576487 0.548731
v 0.469803 0.566279 0.545860
v 0.467315 0.554239 0.542474
v 0.469803 0.542198 0.539088
v 0.476888 0.531990 0.536217
v 0.487492 0.525170 0.534298
v 0.500000 0.522775 0.533625
v 0.512508 0.525170 0.534298
v 0.523112 0.531990 0.536217
v 0.530197 0.542198 0.539088
v 0.532638 0.557038 0.532427
v 0.530153 0.569078 0.535750
v 0.523078 0.579285 0.538568
v 0.512490 0.586104 0.540450
v 0.500000 0.588499 0.541111
v 0.487510 0.586104 0.540450
v 0.476922 0.579285 0.538568
v 0.469847 0.569078 0.535750
v 0.467362 0.557038 0.532427
v 0.469847 0.544999 0.529103
v 0.476922 0.534792 0.526286
v 0.487510 0.527972 0.524403
v 0.500000 0.525577 0.523742
v 0.512490 0.527972 0.524403
v 0.523078 0.534792 0.526286
v 0.530153 0.544999 0.529103
v 0.532591 0.559786 0.522380
v 0.530110 0.571824 0.525640
v 0.523045 0.582029 0.528404
v 0.512472 0.588848 0.530251
v 0.500000 0.591243 0.530899
v 0.487528 0.588848 0.530251
v 0.476955 0.582029 0.528404
v 0.469890 0.571824 0.525640
v 0.467409 0.559786 0.522380
v 0.469890 0.547747 0.519119
v 0.476955 0.537542 0.516355
v 0.487528 0.530723 0.514508
v 0.500000 0.528328 0.513860
v 0.512472 0.530723 0.514508
v 0.523045 0.537542 0.516355
v 0.530110 0.547747 0.519119
v 0.532543 0.562480 0.512332
v 0.530066 0.574517 0.515530
v 0.523012 0.584721 0.518240
v 0.512454 0.591539 0.520051
v 0.500000 0.593933 0.520687
v 0.487546 0.591539 0.520051
v 0.476988 0.584721 0.518240
v 0.469934 0.574517 0.515530
v 0.467457 0.562480 0.512332
v 0.469934 0.550444 0.509135
v 0.476988 0.540240 0.506425
v 0.487546 0.533422 0.504614
v 0.500000 0.531028 0.503978
v 0.512454 0.533422 0.504614
v 0.523012 0.540240 0.506425
v 0.530066 0.550444 0.509135
v 0.532496 0.565123 0.502285
v 0.530023 0.577158 0.505419
v 0.522978 0.587360 0.508076
v 0.512436 0.594177 0.509851
v 0.500000 0.596571 0.510475
v 0.487564 0.594177 0.509851
v 0.477022 0.587360 0.508076
v 0.469977 0.577158 0.505419
v 0.467504 0.565123 0.502285
v 0.469977 0.553089 0.499151
v 0.477022 0.542886 0.496494
v 0.487564 0.536069 0.494719
v 0.500000 0.533676 0.494096
v 0.512436 0.536069 0.494719
v 0.522978 0.542886 0.496494
v 0.530023 0.553089 0.499151
v 0.532449 0.567713 0.492238
v 0.529979 0.579746 0.495309
v 0.522945 0.589946 0.497912
v 0.512418 0.596762 0.499651
v 0.500000 0.599155 0.500262
v 0.487582 0.596762 0.499651
v 0.477055 0.589946 0.497912
v 0.470021 0.579746 0.495309
v 0.467551 0.567713 0.492238
v 0.470021 0.555681 0.489167
v 0.477055 0.545481 0.486564
v 0.487582 0.538665 0.484825
v 0.500000 0.536272 0.484214
v 0.512418 0.538665 0.484825
v 0.522945 0.545481 0.486564
v 0.529979 0.555681 0.489167
v 0.532402 0.570251 0.482191
v 0.529936 0.582281 0.485198
v 0.522912 0.592479 0.487748
v 0.512400 0.599293 0.489451
v 0.500000 0.601686 0.490050
v 0.487600 0.599293 0.489451
v 0.477088 0.592479 0.487748
v 0.470064 0.582281 0.485198
v 0.467598 0.570251 0.482191
v 0.470064 0.558222 0.479183
v 0.477088 0.548024 0.476634
v 0.487600 0.541209 0.474930
v 0.500000 0.538817 0.474332
v 0.512400 0.541209 0.474930
v 0.522912 0.548024 0.476634
v 0.529936 0.558222 0.479183
v 0.532355 0.572737 0.472144
v 0.529892 0.584764 0.475088
v 0.522879 0.594959 0.477584
v 0.512382 0.601772 0.479251
v 0.500000 0.604164 0.479837
v 0.487618 0.601772 0.479251
v 0.477121 0.594959 0.477584
v 0.470108 0.584764 0.475088
v 0.467645 0.572737 0.472144
v 0.470108 0.560710 0.469200
v 0.477121 0.550515 0.466704
v 0.487618 0.543702 0.465036
v 0.500000 0.541310 0.464451
v 0.512382 0.543702 0.465036
v 0.522879 0.550515 0.466704
v 0.529892 0.560710 0.469200
v 0.532308 0.575170 0.462096
v 0.529849 0.587194 0.464977
v 0.522845 0.597387 0.467419
v 0.512364 0.604197 0.469051
v 0.500000 0.606589 0.469624
v 0.487636 0.604197 0.469051
v 0.477155 0.597387 0.467419
v 0.470151 0.587194 0.464977
v 0.467692 0.575170 0.462096
v 0.470151 0.563147 0.459216
v 0.477155 0.552954 0.456774
v 0.487636 0.546143 0.455142
v 0.500000 0.543751 0.454569
v 0.512364 0.546143 0.455142
v 0.522845 0.552954 0.456774
v 0.529849 0.563147 0.459216
v 0.532261 0.577551 0.452049
v 0.529805 0.589571 0.454866
v 0.522812 0.599761 0.457255
v 0.512346 0.606570 0.458851
v 0.500000 0.608961 0.459411
v 0.487654 0.606570 0.458851
v 0.477188 0.599761 0.457255
v 0.470195 0.589571 0.454866
v 0.467739 0.577551 0.452049
v 0.470195 0.565531 0.449232
v 0.477188 0.555341 0.446844
v 0.487654 0.548532 0.445248
v 0.500000 0.546142 0.444688
v 0.512346 0.548532 0.445248
v 0.522812 0.555341 0.446844
v 0.529805 0.565531 0.449232
v 0.532214 0.579880 0.442002
v 0.529762 0.591896 0.444756
v 0.522779 0.602083 0.447090
v 0.512328 0.608890 0.448650
v 0.500000 0.611280 0.449198
v 0.487672 0.608890 0.448650
v 0.477221 0.602083 0.447090
v 0.470238 0.591896 0.444756
v 0.467786 0.579880 0.442002
v 0.470238 0.567864 0.439248
v 0.477221 0.557677 0.436914
v 0.487672 0.550870 0.435354
v 0.500000 0.548480 0.434806
v 0.512328 0.550870 0.435354
v 0.522779 0.557677 0.436914
v 0.529762 0.567864 0.439248
v 0.532167 0.582156 0.431955
v 0.529718 0.594168 0.434645
v 0.522745 0.604352 0.436926
v 0.512310 0.611156 0.438450
v 0.500000 0.613545 0.438985
v 0.487690 0.611156 0.438450
v 0.477255 0.604352 0.436926
v 0.470282 0.594168 0.434645
v 0.467833 0.582156 0.431955
v 0.470282 0.570144 0.429265
v 0.477255 0.559961 0.426984
v 0.487690 0.553156 0.425460
v 0.500000 0.550767 0.424925
v 0.512310 0.553156 0.425460
v 0.522745 0.559961 0.426984
v 0.529718 0.570144 0.429265
v 0.532120 0.584380 0.421908
v 0.529675 0.596388 0.424534
v 0.522712 0.606568 0.426761
v 0.512292 0.613369 0.428249
v 0.500000 0.615758 0.428772
v 0.487708 0.613369 0.428249
v 0.477288 0.606568 0.426761
v 0.470325 0.596388 0.424534
v 0.467880 0.584380 0.421908
v 0.470325 0.572372 0.419281
v 0.477288 0.562193 0.417054
v 0.487708 0.555391 0.415566
v 0.500000 0.553003 0.415044
v 0.512292 0.555391 0.415566
v 0.522712 0.562193 0.417054
v 0.529675 0.572372 0.419281
v 0.532073 0.586552 0.411861
v 0.529631 0.598555 0.414424
v 0.522679 0.608730 0.416597
v 0.512274 0.615530 0.418049
v 0.500000 0.617917 0.418558
v 0.487726 0.615530 0.418049
v 0.477321 0.608730 0.416597
v 0.470369 0.598555 0.414424
v 0.467927 0.586552 0.411861
v 0.470369 0.574549 0.409297
v 0.477321 0.564373 0.407124
v 0.487726 0.557574 0.405673
v 0.500000 0.555186 0.405163
v 0.512274 0.557574 0.405673
v 0.522679 0.564373 0.407124
v 0.529631 0.574549 0.409297
v 0.532025 0.588671 0.401813
v 0.529588 0.600669 0.404313
v 0.522645 0.610841 0.406432
v 0.512256 0.617637 0.407848
v 0.500000 0.620023 0.408345
v 0.487744 0.617637 0.407848
v 0.477355 0.610841 0.406432
v 0.470412 0.600669 0.404313
v 0.467975 0.588671 0.401813
v 0.470412 0.576673 0.399314
v 0.477355 0.566502 0.397195
v 0.487744 0.559705 0.395779
v 0.500000 0.557319 0.395282
v 0.512256 0.559705 0.395779
v 0.522645 0.566502 0.397195
v 0.529588 0.576673 0.399314
v 0.531978 0.590738 0.391766
v 0.529544 0.602731 0.394202
v 0.522612 0.612898 0.396267
v 0.512238 0.619691 0.397647
v 0.500000 0.622077 0.398132
v 0.487762 0.619691 0.397647
v 0.477388 0.612898 0.396267
v 0.470456 0.602731 0.394202
v 0.468022 0.590738 0.391766
v 0.470456 0.578746 0.389330
v 0.477388 0.568579 0.387265
v 0.487762 0.561785 0.385885
v 0.500000 0.559400 0.385401
v 0.512238 0.561785 0.385885
v 0.522612 0.568579 0.387265
v 0.529544 0.578746 0.389330
v 0.531931 0.592753 0.381719
v 0.529501 0.604740 0.384091
v 0.522579 0.614902 0.386103
v 0.512220 0.621692 0.387447
v 0.500000 0.624076 0.387918
v 0.487780 0.621692 0.387447
v 0.477421 0.614902 0.386103
v 0.470499 0.604740 0.384091
v 0.468069 0.592753 0.381719
v 0.470499 0.580766 0.379347
v 0.477421 0.570604 0.377335
v 0.487780 0.563814 0.375991
v 0.500000 0.561429 0.375520
v 0.512220 0.563814 0.375991
v 0.522579 0.570604 0.377335
v 0.529501 0.580766 0.379347
v 0.531884 0.594715 0.371672
v 0.529457 0.606696 0.373981
v 0.522545 0.616853 0.375938
v 0.512202 0.623640 0.377246
v 0.500000 0.626023 0.377705
v 0.487798 0.623640 0.377246
v 0.477455 0.616853 0.375938
v 0.470543 0.606696 0.373981
v 0.468116 0.594715 0.371672
v 0.470543 0.582734 0.369363
v 0.477455 0.572577 0.367406
v 0.487798 0.565790 0.366098
v 0.500000 0.563407 0.365638
v 0.512202 0.565790 0.366098
v 0.522545 0.572577 0.367406
v 0.529457 0.582734 0.369363
v 0.531837 0.596625 0.361625
v 0.529414 0.608600 0.363870
v 0.522512 0.618752 0.365773
v 0.512184 0.625535 0.367045
v 0.500000 0.627917 0.367492
v 0.487816 0.625535 0.367045
v 0.477488 0.618752 0.365773
v 0.470586 0.608600 0.363870
v 0.468163 0.596625 0.361625
v 0.470586 0.584650 0.359379
v 0.477488 0.574499 0.357476
v 0.487816 0.567715 0.356204
v 0.500000 0.565333 0.355757
v 0.512184 0.567715 0.356204
v 0.522512 0.574499 0.357476
v 0.529414 0.584650 0.359379
v 0.531790 0.598483 0.351577
v 0.529370 0.610451 0.353759
v 0.522479 0.620597 0.355609
v 0.512165 0.627377 0.356845
v 0.500000 0.629757 0.357279
v 0.487835 0.627377 0.356845
v 0.477521 0.620597 0.355609
v 0.470630 0.610451 0.353759
v 0.468210 0.598483 0.351577
v 0.470630 0.586515 0.349396
v 0.477521 0.576368 0.347546
v 0.487835 0.569589 0.346310
v 0.500000 0.567208 0.345876
v 0.512165 0.569589 0.346310
v 0.522479 0.576368 0.347546
v 0.529370 0.586515 0.349396
v 0.531743 0.600288 0.341530
v 0.529327 0.612250 0.343648
v 0.522446 0.622390 0.345444
v 0.512147 0.629166 0.346644
v 0.500000 0.631545 0.347065
v 0.487853 0.629166 0.346644
v 0.477554 0.622390 0.345444
v 0.470673 0.612250 0.343648
v 0.468257 0.600288 0.341530
v 0.470673 0.588327 0.339412
v 0.477554 0.578187 0.337616
v 0.487853 0.571411 0.336417
v 0.500000 0.569032 0.335995
v 0.512147 0.571411 0.336417
v 0.522446 0.578187 0.337616
v 0.529327 0.588327 0.339412
v 0.531696 0.602041 0.331483
v 0.529283 0.613995 0.333538
v 0.522412 0.624130 0.335279
v 0.512129 0.630901 0.336443
v 0.500000 0.633279 0.336852
v 0.487871 0.630901 0.336443
v 0.477588 0.624130 0.335279
v 0.470717 0.613995 0.333538
v 0.468304 0.602041 0.331483
v 0.470717 0.590087 0.329428
v 0.477588 0.579953 0.327687
v 0.487871 0.573181 0.326523
v 0.500000 0.570804 0.326114
v 0.512129 0.573181 0.326523
v 0.522412 0.579953 0.327687
v 0.529283 0.590087 0.329428
v 0.531649 0.603742 0.321436
v 0.529240 0.615689 0.323427
v 0.522379 0.625816 0.325115
v 0.512111 0.632584 0.326243
v 0.500000 0.634960 0.326639
v 0.487889 0.632584 0.326243
v 0.477621 0.625816 0.325115
v 0.470760 0.615689 0.323427
v 0.468351 0.603742 0.321436
v 0.470760 0.591795 0.319445
v 0.477621 0.581667 0.317757
v 0.487889 0.574900 0.316629
v 0.500000 0.572524 0.316233
v 0.512111 0.574900 0.316629
v 0.522379 0.581667 0.317757
v 0.529240 0.591795 0.319445
v 0.531602 0.605390 0.311389
v 0.529196 0.617329 0.313316
v 0.522346 0.627450 0.314950
v 0.512093 0.634213 0.316042
v 0.500000 0.636588 0.316426
v 0.487907 0.634213 0.316042
v 0.477654 0.627450 0.314950
v 0.470804 0.617329 0.313316
v 0.468398 0.605390 0.311389
v 0.470804 0.593452 0.309461
v 0.477654 0.583330 0.307827
v 0.487907 0.576568 0.306735
v 0.500000 0.574193 0.306352
v 0.512093 0.576568 0.306735
v 0.522346 0.583330 0.307827
v 0.529196 0.593452 0.309461
v 0.531554 0.606986 0.301341
v 0.529153 0.618917 0.303206
v 0.522312 0.629031 0.304786
v 0.512075 0.635789 0.305842
v 0.500000 0.638163 0.306213
v 0.487925 0.635789 0.305842
v 0.477688 0.629031 0.304786
v 0.470847 0.618917 0.303206
v 0.468446 0.606986 0.301341
v 0.470847 0.595056 0.299477
v 0.477688 0.584941 0.297897
v 0.487925 0.578183 0.296841
v 0.500000 0.575810 0.296470
v 0.512075 0.578183 0.296841
v 0.522312 0.584941 0.297897
v 0.529153 0.595056 0.299477
v 0.531507 0.608530 0.291294
v 0.529109 0.620452 0.293095
v 0.522279 0.630559 0.294622
v 0.512057 0.637313 0.295642
v 0.500000 0.639684 0.296000
v 0.487943 0.637313 0.295642
v 0.477721 0.630559 0.294622
v 0.470891 0.620452 0.293095
v 0.468493 0.608530 0.291294
v 0.470891 0.596608 0.289494
v 0.477721 0.586501 0.287967
v 0.487943 0.579748 0.286947
v 0.500000 0.577376 0.286589
v 0.512057 0.579748 0.286947
v 0.522279 0.586501 0.287967
v 0.529109 0.596608 0.289494
v 0.531460 0.610021 0.281247
v 0.529065 0.621935 0.282984
v 0.522246 0.632034 0.284457
v 0.512039 0.638783 0.285441
v 0.500000 0.641152 0.285787
v 0.487961 0.638783 0.285441
v 0.477754 0.632034 0.284457
v 0.470935 0.621935 0.282984
v 0.468540 0.610021 0.281247
v 0.470935 0.598108 0.279510
v 0.477754 0.588009 0.278037
v 0.487961 0.581260 0.277053
v 0.500000 0.578890 0.276707
v 0.512039 0.581260 0.277053
v 0.522246 0.588009 0.278037
v 0.529065 0.598108 0.279510
v 0.531413 0.611461 0.271200
v 0.529022 0.623365 0.272874
v 0.522212 0.633457 0.274293
v 0.512021 0.640200 0.275241
v 0.500000 0.642568 0.275574
v 0.487979 0.640200 0.275241
v 0.477788 0.633457 0.274293
v 0.470978 0.623365 0.272874
v 0.468587 0.611461 0.271200
v 0.470978 0.599556 0.269526
v 0.477788 0.589464 0.268107
v 0.487979 0.582721 0.267158
v 0.500000 0.580353 0.266825
v 0.512021 0.582721 0.267158
v 0.522212 0.589464 0.268107
v 0.529022 0.599556 0.269526
v 0.531366 0.612847 0.261153
v 0.528978 0.624742 0.262763
v 0.522179 0.634826 0.264129
v 0.512003 0.641564 0.265041
v 0.500000 0.643930 0.265362
v 0.487997 0.641564 0.265041
v 0.477821 0.634826 0.264129
v 0.471022 0.624742 0.262763
v 0.468634 0.612847 0.261153
v 0.471022 0.600953 0.259542
v 0.477821 0.590869 0.258176
v 0.487997 0.584131 0.257264
v 0.500000 0.581765 0.256944
v 0.512003 0.584131 0.257264
v 0.522179 0.590869 0.258176
v 0.528978 0.600953 0.259542
v 0.531319 0.614182 0.251106
v 0.528935 0.626067 0.252653
v 0.522146 0.636142 0.253965
v 0.511985 0.642874 0.254842
v 0.500000 0.645238 0.255149
v 0.488015 0.642874 0.254842
v 0.477854 0.636142 0.253965
v 0.471065 0.626067 0.252653
v 0.468681 0.614182 0.251106
v 0.471065 0.602297 0.249558
v 0.477854 0.592221 0.248246
v 0.488015 0.585489 0.247370
v 0.500000 0.583125 0.247062
v 0.511985 0.585489 0.247370
v 0.522146 0.592221 0.248246
v 0.528935 0.602297 0.249558
v 0.531272 0.615464 0.241058
v 0.528891 0.627338 0.242543
v 0.522113 0.637405 0.243801
v 0.511967 0.644132 0.244642
v 0.500000 0.646494 0.244937
v 0.488033 0.644132 0.244642
v 0.477887 0.637405 0.243801
v 0.471109 0.627338 0.242543
v 0.468728 0.615464 0.241058
v 0.471109 0.603589 0.239574
v 0.477887 0.593522 0.238316
v 0.488033 0.586795 0.237475
v 0.500000 0.584433 0.237180
v 0.511967 0.586795 0.237475
v 0.522113 0.593522 0.238316
v 0.528891 0.603589 0.239574
v 0.531225 0.616693 0.231011
v 0.528848 0.628558 0.232432
v 0.522079 0.638616 0.233637
v 0.511949 0.645337 0.234442
v 0.500000 0.647697 0.234725
v 0.488051 0.645337 0.234442
v 0.477921 0.638616 0.233637
v 0.471152 0.628558 0.232432
v 0.468775 0.616693 0.231011
v 0.471152 0.604829 0.229590
v 0.477921 0.594771 0.228385
v 0.488051 0.588050 0.227580
v 0.500000 0.585690 0.227297
v 0.511949 0.588050 0.227580
v 0.522079 0.594771 0.228385
v 0.528848 0.604829 0.229590
v 0.531178 0.617871 0.220964
v 0.528804 0.629724 0.222322
v 0.522046 0.639773 0.223474
v 0.511931 0.646488 0.224243
v 0.500000 0.648846 0.224513
v 0.488069 0.646488 0.224243
v 0.477954 0.639773 0.223474
v 0.471196 0.629724 0.222322
v 0.468822 0.617871 0.220964
v 0.471196 0.606017 0.219606
v 0.477954 0.595968 0.218454
v 0.488069 0.589254 0.217685
v 0.500000 0.586896 0.217415
v 0.511931 0.589254 0.217685
v 0.522046 0.595968 0.218454
v 0.528804 0.606017 0.219606
v 0.531131 0.618996 0.210917
v 0.528761 0.630838 0.212212
v 0.522013 0.640878 0.213310
v 0.511913 0.647586 0.214044
v 0.500000 0.649942 0.214302
v 0.488087 0.647586 0.214044
v 0.477987 0.640878 0.213310
v 0.471239 0.630838 0.212212
v 0.468869 0.618996 0.210917
v 0.471239 0.607153 0.209622
v 0.477987 0.597114 0.208523
v 0.488087 0.590405 0.207790
v 0.500000 0.588050 0.207532
v 0.511913 0.590405 0.207790
v 0.522013 0.597114 0.208523
v 0.528761 0.607153 0.209622
v 0.531083 0.620069 0.200870
v 0.528717 0.631900 0.202102
v 0.521979 0.641930 0.203147
v 0.511895 0.648631 0.203845
v 0.500000 0.650985 0.204090
v 0.488105 0.648631 0.203845
v 0.478021 0.641930 0.203147
v 0.471283 0.631900 0.202102
v 0.468917 0.620069 0.200870
v 0.471283 0.608238 0.199637
v 0.478021 0.598208 0.198592
v 0.488105 0.591506 0.197894
v 0.500000 0.589152 0.197649
v 0.511895 0.591506 0.197894
v 0.521979 0.598208 0.198592
v 0.528717 0.608238 0.199637
v 0.531036 0.621089 0.190822
v 0.528674 0.632908 0.191992
v 0.521946 0.642928 0.192984
v 0.511877 0.649624 0.193646
v 0.500000 0.651975 0.193879
v 0.488123 0.649624 0.193646
v 0.478054 0.642928 0.192984
v 0.471326 0.632908 0.191992
v 0.468964 0.621089 0.190822
v 0.471326 0.609270 0.189653
v 0.478054 0.599250 0.188661
v 0.488123 0.592555 0.187999
v 0.500000 0.590204 0.187766
v 0.511877 0.592555 0.187999
v 0.521946 0.599250 0.188661
v 0.528674 0.609270 0.189653
v 0.530989 0.622057 0.180775
v 0.528630 0.633864 0.181882
v 0.521913 0.643874 0.182821
v 0.511859 0.650563 0.183448
v 0.500000 0.652911 0.183668
v 0.488141 0.650563 0.183448
v 0.478087 0.643874 0.182821
v 0.471370 0.633864 0.181882
v 0.469011 0.622057 0.180775
v 0.471370 0.610250 0.179668
v 0.478087 0.600240 0.178730
v 0.488141 0.593552 0.178103
v 0.500000 0.591203 0.177883
v 0.511859 0.593552 0.178103
v 0.521913 0.600240 0.178730
v 0.528630 0.610250 0.179668
v 0.530942 0.622973 0.170728
v 0.528587 0.634768 0.171772
v 0.521879 0.644767 0.172658
v 0.511841 0.651448 0.173249
v 0.500000 0.653795 0.173457
v 0.488159 0.651448 0.173249
v 0.478121 0.644767 0.172658
v 0.471413 0.634768 0.171772
v 0.469058 0.622973 0.170728
v 0.471413 0.611178 0.169684
v 0.478121 0.601179 0.168798
v 0.488159 0.594497 0.168207
v 0.500000 0.592151 0.167999
v 0.511841 0.594497 0.168207
v 0.521879 0.601179 0.168798
v 0.528587 0.611178 0.169684
v 0.530895 0.623836 0.160681
v 0.528543 0.635619 0.161663
v 0.521846 0.645607 0.162495
v 0.511823 0.652281 0.163051
v 0.500000 0.654625 0.163247
v 0.488177 0.652281 0.163051
v 0.478154 0.645607 0.162495
v 0.471457 0.635619 0.161663
v 0.469105 0.623836 0.160681
v 0.471457 0.612054 0.159699
v 0.478154 0.602066 0.158867
v 0.488177 0.595392 0.158310
v 0.500000 0.593048 0.158115
v 0.511823 0.595392 0.158310
v 0.521846 0.602066 0.158867
v 0.528543 0.612054 0.159699
v 0.530848 0.624647 0.150634
v 0.528500 0.636417 0.151553
v 0.521813 0.646394 0.152333
v 0.511805 0.653061 0.152853
v 0.500000 0.655402 0.153036
v 0.488195 0.653061 0.152853
v 0.478187 0.646394 0.152333
v 0.471500 0.636417 0.151553
v 0.469152 0.624647 0.150634
v 0.471500 0.612878 0.149714
v 0.478187 0.602901 0.148935
v 0.488195 0.596234 0.148414
v 0.500000 0.593893 0.148231
v 0.511805 0.596234 0.148414
v 0.521813 0.602901 0.148935
v 0.528500 0.612878 0.149714
v 0.530801 0.625406 0.140586
v 0.528456 0.637162 0.141444
v 0.521780 0.647128 0.142170
v 0.511787 0.653787 0.142656
v 0.500000 0.656126 0.142826
v 0.488213 0.653787 0.142656
v 0.478220 0.647128 0.142170
v 0.471544 0.637162 0.141444
v 0.469199 0.625406 0.140586
v 0.471544 0.613650 0.139729
v 0.478220 0.603684 0.139003
v 0.488213 0.597025 0.138517
v 0.500000 0.594687 0.138347
v 0.511787 0.597025 0.138517
v 0.521780 0.603684 0.139003
v 0.528456 0.613650 0.139729
v 0.530754 0.626113 0.130539
v 0.528413 0.637855 0.131334
v 0.521746 0.647809 0.132008
v 0.511769 0.654461 0.132459
v 0.500000 0.656796 0.132617
v 0.488231 0.654461 0.132459
v 0.478254 0.647809 0.132008
v 0.471587 0.637855 0.131334
v 0.469246 0.626113 0.130539
v 0.471587 0.614371 0.129744
v 0.478254 0.604416 0.129070
v 0.488231 0.597765 0.128620
v 0.500000 0.595429 0.128462
v 0.511769 0.597765 0.128620
v 0.521746 0.604416 0.129070
v 0.528413 0.614371 0.129744
v 0.530707 0.626767 0.120492
v 0.528369 0.638495 0.121225
v 0.521713 0.648437 0.121847
v 0.511751 0.655081 0.122262
v 0.500000 0.657414 0.122408
v 0.488249 0.655081 0.122262
v 0.478287 0.648437 0.121847
v 0.471631 0.638495 0.121225
v 0.469293 0.626767 0.120492
v 0.471631 0.615039 0.119759
v 0.478287 0.605096 0.119138
v 0.488249 0.598453 0.118722
v 0.500000 0.596120 0.118577
v 0.511751 0.598453 0.118722
v 0.521713 0.605096 0.119138
v 0.528369 0.615039 0.119759
v 0.530660 0.627369 0.110445
v 0.528326 0.639082 0.111116
v 0.521680 0.649013 0.111685
v 0.511733 0.655648 0.112065
v 0.500000 0.657978 0.112199
v 0.488267 0.655648 0.112065
v 0.478320 0.649013 0.111685
v 0.471674 0.639082 0.111116
v 0.469340 0.627369 0.110445
v 0.471674 0.615655 0.109774
v 0.478320 0.605724 0.109205
v 0.488267 0.599089 0.108825
v 0.500000 0.596759 0.108691
v 0.511733 0.599089 0.108825
v 0.521680 0.605724 0.109205
v 0.528326 0.615655 0.109774
v 0.530613 0.627918 0.100398
v 0.528282 0.639617 0.101007
v 0.521646 0.649535 0.101524
v 0.511715 0.656162 0.101869
v 0.500000 0.658489 0.101990
v 0.488285 0.656162 0.101869
v 0.478354 0.649535 0.101524
v 0.471718 0.639617 0.101007
v 0.469387 0.627918 0.100398
v 0.471718 0.616219 0.099788
v 0.478354 0.606301 0.099272
v 0.488285 0.599674 0.098927
v 0.500000 0.597347 0.098805
v 0.511715 0.599674 0.098927
v 0.521646 0.606301 0.099272
v 0.528282 0.616219 0.099788
v 0.530565 0.628415 0.090351
v 0.528239 0.640099 0.090898
v 0.521613 0.650004 0.091363
v 0.511697 0.656623 0.091673
v 0.500000 0.658947 0.091782
v 0.488303 0.656623 0.091673
v 0.478387 0.650004 0.091363
v 0.471761 0.640099 0.090898
v 0.469435 0.628415 0.090351
v 0.471761 0.616731 0.089803
v 0.478387 0.606826 0.089339
v 0.488303 0.600207 0.089028
v 0.500000 0.597883 0.088919
v 0.511697 0.600207 0.089028
v 0.521613 0.606826 0.089339
v 0.528239 0.616731 0.089803
v 0.530518 0.628860 0.080303
v 0.528195 0.640529 0.080790
v 0.521580 0.650421 0.081202
v 0.511679 0.657031 0.081477
v 0.500000 0.659352 0.081574
v 0.488321 0.657031 0.081477
v 0.478420 0.650421 0.081202
v 0.471805 0.640529 0.080790
v 0.469482 0.628860 0.080303
v 0.471805 0.617191 0.079817
v 0.478420 0.607299 0.079405
v 0.488321 0.600689 0.079130
v 0.500000 0.598368 0.079033
v 0.511679 0.600689 0.079130
v 0.521580 0.607299 0.079405
v 0.528195 0.617191 0.079817
v 0.530471 0.629252 0.070256
v 0.528152 0.640905 0.070681
v 0.521546 0.650785 0.071041
v 0.511661 0.657385 0.071282
v 0.500000 0.659703 0.071366
v 0.488339 0.657385 0.071282
v 0.478454 0.650785 0.071041
v 0.471848 0.640905 0.070681
v 0.469529 0.629252 0.070256
v 0.471848 0.617599 0.069831
v 0.478454 0.607720 0.069471
v 0.488339 0.601119 0.069230
v 0.500000 0.598801 0.069146
v 0.511661 0.601119 0.069230
v 0.521546 0.607720 0.069471
v 0.528152 0.617599 0.069831
v 0.530424 0.629593 0.060209
v 0.528108 0.641230 0.060573
v 0.521513 0.651095 0.060881
v 0.511643 0.657687 0.061087
v 0.500000 0.660002 0.061159
v 0.488357 0.657687 0.061087
v 0.478487 0.651095 0.060881
v 0.471892 0.641230 0.060573
v 0.469576 0.629593 0.060209
v 0.471892 0.617955 0.059845
v 0.478487 0.608090 0.059537
v 0.488357 0.601498 0.059331
v 0.500000 0.599183 0.059259
v 0.511643 0.601498 0.059331
v 0.521513 0.608090 0.059537
v 0.528108 0.617955 0.059845
v 0.530377 0.629880 0.050162
v 0.528065 0.641501 0.050464
v 0.521480 0.651353 0.050721
v 0.511625 0.657936 0.050892
v 0.500000 0.660247 0.050953
v 0.488375 0.657936 0.050892
v 0.478520 0.651353 0.050721
v 0.471935 0.641501 0.050464
v 0.469623 0.629880 0.050162
v 0.471935 0.618259 0.049859
v 0.478520 0.608408 0.049603
v 0.488375 0.601825 0.049431
v 0.500000 0.599514 0.049371
v 0.511625 0.601825 0.049431
v 0.521480 0.608408 0.049603
v 0.528065 0.618259 0.049859
v 0.530330 0.630116 0.040115
v 0.528021 0.641720 0.040356
v 0.521447 0.651558 0.040561
v 0.511607 0.658131 0.040698
v 0.500000 0.660439 0.040746
v 0.488393 0.658131 0.040698
v 0.478553 0.651558 0.040561
v 0.471979 0.641720 0.040356
v 0.469670 0.630116 0.040115
v 0.471979 0.618512 0.039873
v 0.478553 0.608674 0.039668
v 0.488393 0.602101 0.039531
v 0.500000 0.599792 0.039483
v 0.511607 0.602101 0.039531
v 0.521447 0.608674 0.039668
v 0.528021 0.618512 0.039873
v 0.530283 0.630299 0.030067
v 0.527978 0.641886 0.030248
v 0.521413 0.651710 0.030402
v 0.511589 0.658273 0.030504
v 0.500000 0.660578 0.030541
v 0.488411 0.658273 0.030504
v 0.478587 0.651710 0.030402
v 0.472022 0.641886 0.030248
v 0.469717 0.630299 0.030067
v 0.472022 0.618712 0.029886
v 0.478587 0.608888 0.029733
v 0.488411 0.602325 0.029630
v 0.500000 0.600020 0.029594
v 0.511589 0.602325 0.029630
v 0.521413 0.608888 0.029733
v 0.527978 0.618712 0.029886
v 0.530236 0.630430 0.020020
v 0.527934 0.642000 0.020141
v 0.521380 0.651809 0.020243
v 0.511571 0.658362 0.020311
v 0.500000 0.660664 0.020335
v 0.488429 0.658362 0.020311
v 0.478620 0.651809 0.020243
v 0.472066 0.642000 0.020141
v 0.469764 0.630430 0.020020
v 0.472066 0.618860 0.019900
v 0.478620 0.609051 0.019798
v 0.488429 0.602497 0.019729
v 0.500000 0.600196 0.019705
v 0.511571 0.602497 0.019729
v 0.521380 0.609051 0.019798
v 0.527934 0.618860 0.019900
v 0.530189 0.630508 0.009973
v 0.527891 0.642061 0.010033
v 0.521347 0.651855 0.010084
v 0.511553 0.658399 0.010118
v 0.500000 0.660697 0.010130
v 0.488447 0.658399 0.010118
v 0.478653 0.651855 0.010084
v 0.472109 0.642061 0.010033
v 0.469811 0.630508 0.009973
v 0.472109 0.618956 0.009913
v 0.478653 0.609162 0.009862
v 0.488447 0.602618 0.009828
v 0.500000 0.600320 0.009816
v 0.511553 0.602618 0.009828
v 0.521347 0.609162 0.009862
v 0.527891 0.618956 0.009913
v 0.530142 0.630534 0.000001
v 0.527848 0.642069 0.000002
v 0.521314 0.651848 0.000002
v 0.511535 0.658382 0.000002
v 0.500000 0.660676 0.000002
v 0.488465 0.658382 0.000002
v 0.478686 0.651848 0.000002
v 0.472152 0.642069 0.000002
v 0.469858 0.630534 0.000001
v 0.472152 0.619000 0.000001
v 0.478686 0.609221 0.000000
v 0.488465 0.602687 0.000000
v 0.500000 0.600393 0.000000
v 0.511535 0.602687 0.000000
v 0.521314 0.609221 0.000000
v 0.527848 0.619000 0.000001
v 0.500000 0.630534 0.000001
vt 0.500000 0.500000
vt 0.700000 0.500000
vt 0.684776 0.423463
vt 0.641421 0.358579
vt 0.576537 0.315224
vt 0.500000 0.300000
vt 0.423463 0.315224
vt 0.358579 0.358579
vt 0.315224 0.423463
vt 0.300000 0.500000
vt 0.315224 0.576537
vt 0.358579 0.641421
vt 0.423463 0.684776
vt 0.500000 0.700000
vt 0.576537 0.684776
vt 0.641421 0.641421
vt 0.684776 0.576537
vt 0.250000 0.750000
vt 0.250000 0.711206
vt 0.281250 0.711206
vt 0.281250 0.750000
vt 0.312500 0.711206
vt 0.312500 0.750000
vt 0.343750 0.711206
vt 0.343750 0.750000
vt 0.375000 0.711206
vt 0.375000 0.750000
vt 0.406250 0.711206
vt 0.406250 0.750000
vt 0.437500 0.711206
vt 0.437500 0.750000
vt 0.468750 0.711206
vt 0.468750 0.750000
vt 0.500000 0.711206
vt 0.500000 0.750000
vt 0.531250 0.711206
vt 0.531250 0.750000
vt 0.562500 0.711206
vt 0.562500 0.750000
vt 0.593750 0.711206
vt 0.593750 0.750000
vt 0.625000 0.711206
vt 0.625000 0.750000
vt 0.656250 0.711206
vt 0.656250 0.750000
vt 0.687500 0.711206
vt 0.687500 0.750000
vt 0.718750 0.711206
vt 0.718750 0.750000
vt 0.750000 0.711206
vt 0.750000 0.750000
vt 0.250000 0.664766
vt 0.281250 0.664766
vt 0.312500 0.664766
vt 0.343750 0.664766
vt 0.375000 0.664766
vt 0.406250 0.664766
vt 0.437500 0.664766
vt 0.468750 0.664766
vt 0.500000 0.664766
vt 0.531250 0.664766
vt 0.562500 0.664766
vt 0.593750 0.664766
vt 0.625000 0.664766
vt 0.656250 0.664766
vt 0.687500 0.664766
vt 0.718750 0.664766
vt 0.750000 0.664766
vt 0.250000 0.618421
vt 0.281250 0.618421
vt 0.312500 0.618421
vt 0.343750 0.618421
vt 0.375000 0.618421
vt 0.406250 0.618421
vt 0.437500 0.618421
vt 0.468750 0.618421
vt 0.500000 0.618421
vt 0.531250 0.618421
vt 0.562500 0.618421
vt 0.593750 0.618421
vt 0.625000 0.618421
vt 0.656250 0.618421
vt 0.687500 0.618421
vt 0.718750 0.618421
vt 0.750000 0.618421
vt 0.250000 0.572171
vt 0.281250 0.572171
vt 0.312500 0.572171
vt 0.343750 0.572171
vt 0.375000 0.572171
vt 0.406250 0.572171
vt 0.437500 0.572171
vt 0.468750 0.572171
vt 0.500000 0.572171
vt 0.531250 0.572171
vt 0.562500 0.572171
vt 0.593750 0.572171
vt 0.625000 0.572171
vt 0.656250 0.572171
vt 0.687500 0.572171
vt 0.718750 0.572171
vt 0.750000 0.572171
vt 0.250000 0.526015
vt 0.281250 0.526015
vt 0.312500 0.526015
vt 0.343750 0.526015
vt 0.375000 0.526015
vt 0.406250 0.526015
vt 0.437500 0.526015
vt 0.468750 0.526015
vt 0.500000 0.526015
vt 0.531250 0.526015
vt 0.562500 0.526015
vt 0.593750 0.526015
vt 0.625000 0.526015
vt 0.656250 0.526015
vt 0.687500 0.526015
vt 0.718750 0.526015
vt 0.750000 0.526015
vt 0.250000 0.479951
vt 0.281250 0.479951
vt 0.312500 0.479951
vt 0.343750 0.479951
vt 0.375000 0.479951
vt 0.406250 0.479951
vt 0.437500 0.479951
vt 0.468750 0.479951
vt 0.500000 0.479951
vt 0.531250 0.479951
vt 0.562500 0.479951
vt 0.593750 0.479951
vt 0.625000 0.479951
vt 0.656250 0.479951
vt 0.687500 0.479951
vt 0.718750 0.479951
vt 0.750000 0.479951
vt 0.250000 0.433980
vt 0.281250 0.433980
vt 0.312500 0.433980
vt 0.343750 0.433980
vt 0.375000 0.433980
vt 0.406250 0.433980
vt 0.437500 0.433980
vt 0.468750 0.433980
vt 0.500000 0.433980
vt 0.531250 0.433980
vt 0.562500 0.433980
vt 0.593750 0.433980
vt 0.625000 0.433980
vt 0.656250 0.433980
vt 0.687500 0.433980
vt 0.718750 0.433980
vt 0.750000 0.433980
vt 0.250000 0.388100
vt 0.281250 0.388100
vt 0.312500 0.388100
vt 0.343750 0.388100
vt 0.375000 0.388100
vt 0.406250 0.388100
vt 0.437500 0.388100
vt 0.468750 0.388100
vt 0.500000 0.388100
vt 0.531250 0.388100
vt 0.562500 0.388100
vt 0.593750 0.388100
vt 0.625000 0.388100
vt 0.656250 0.388100
vt 0.687500 0.388100
vt 0.718750 0.388100
vt 0.750000 0.388100
vt 0.250000 0.342311
vt 0.281250 0.342311
vt 0.312500 0.342311
vt 0.343750 0.342311
vt 0.375000 0.342311
vt 0.406250 0.342311
vt 0.437500 0.342311
vt 0.468750 0.342311
vt 0.500000 0.342311
vt 0.531250 0.342311
vt 0.562500 0.342311
vt 0.593750 0.342311
vt 0.625000 0.342311
vt 0.656250 0.342311
vt 0.687500 0.342311
vt 0.718750 0.342311
vt 0.750000 0.342311
vt 0.250000 0.296611
vt 0.281250 0.296611
vt 0.312500 0.296611
vt 0.343750 0.296611
vt 0.375000 0.296611
vt 0.406250 0.296611
vt 0.437500 0.296611
vt 0.468750 0.296611
vt 0.500000 0.296611
vt 0.531250 0.296611
vt 0.562500 0.296611
vt 0.593750 0.296611
vt 0.625000 0.296611
vt 0.656250 0.296611
vt 0.687500 0.296611
vt 0.718750 0.296611
vt 0.750000 0.296611
vt 0.250000 0.251000
vt 0.281250 0.251000
vt 0.312500 0.251000
vt 0.343750 0.251000
vt 0.375000 0.251000
vt 0.406250 0.251000
vt 0.437500 0.251000
vt 0.468750 0.251000
vt 0.500000 0.251000
vt 0.531250 0.251000
vt 0.562500 0.251000
vt 0.593750 0.251000
vt 0.625000 0.251000
vt 0.656250 0.251000
vt 0.687500 0.251000
vt 0.718750 0.251000
vt 0.750000 0.251000
vt 0.250000 0.294524
vt 0.281250 0.294524
vt 0.312500 0.294524
vt 0.343750 0.294524
vt 0.375000 0.294524
vt 0.406250 0.294524
vt 0.437500 0.294524
vt 0.468750 0.294524
vt 0.500000 0.294524
vt 0.531250 0.294524
vt 0.562500 0.294524
vt 0.593750 0.294524
vt 0.625000 0.294524
vt 0.656250 0.294524
vt 0.687500 0.294524
vt 0.718750 0.294524
vt 0.750000 0.294524
vt 0.250000 0.333675
vt 0.281250 0.333675
vt 0.312500 0.333675
vt 0.343750 0.333675
vt 0.375000 0.333675
vt 0.406250 0.333675
vt 0.437500 0.333675
vt 0.468750 0.333675
vt 0.500000 0.333675
vt 0.531250 0.333675
vt 0.562500 0.333675
vt 0.593750 0.333675
vt 0.625000 0.333675
vt 0.656250 0.333675
vt 0.687500 0.333675
vt 0.718750 0.333675
vt 0.750000 0.333675
vt 0.250000 0.339960
vt 0.281250 0.339960
vt 0.312500 0.339960
vt 0.343750 0.339960
vt 0.375000 0.339960
vt 0.406250 0.339960
vt 0.437500 0.339960
vt 0.468750 0.339960
vt 0.500000 0.339960
vt 0.531250 0.339960
vt 0.562500 0.339960
vt 0.593750 0.339960
vt 0.625000 0.339960
vt 0.656250 0.339960
vt 0.687500 0.339960
vt 0.718750 0.339960
vt 0.750000 0.339960
vt 0.250000 0.385311
vt 0.281250 0.385311
vt 0.312500 0.385311
vt 0.343750 0.385311
vt 0.375000 0.385311
vt 0.406250 0.385311
vt 0.437500 0.385311
vt 0.468750 0.385311
vt 0.500000 0.385311
vt 0.531250 0.385311
vt 0.562500 0.385311
vt 0.593750 0.385311
vt 0.625000 0.385311
vt 0.656250 0.385311
vt 0.687500 0.385311
vt 0.718750 0.385311
vt 0.750000 0.385311
vt 0.250000 0.430576
vt 0.281250 0.430576
vt 0.312500 0.430576
vt 0.343750 0.430576
vt 0.375000 0.430576
vt 0.406250 0.430576
vt 0.437500 0.430576
vt 0.468750 0.430576
vt 0.500000 0.430576
vt 0.531250 0.430576
vt 0.562500 0.430576
vt 0.593750 0.430576
vt 0.625000 0.430576
vt 0.656250 0.430576
vt 0.687500 0.430576
vt 0.718750 0.430576
vt 0.750000 0.430576
vt 0.250000 0.475756
vt 0.281250 0.475756
vt 0.312500 0.475756
vt 0.343750 0.475756
vt 0.375000 0.475756
vt 0.406250 0.475756
vt 0.437500 0.475756
vt 0.468750 0.475756
vt 0.500000 0.475756
vt 0.531250 0.475756
vt 0.562500 0.475756
vt 0.593750 0.475756
vt 0.625000 0.475756
vt 0.656250 0.475756
vt 0.687500 0.475756
vt 0.718750 0.475756
vt 0.750000 0.475756
vt 0.250000 0.520854
vt 0.281250 0.520854
vt 0.312500 0.520854
vt 0.343750 0.520854
vt 0.375000 0.520854
vt 0.406250 0.520854
vt 0.437500 0.520854
vt 0.468750 0.520854
vt 0.500000 0.520854
vt 0.531250 0.520854
vt 0.562500 0.520854
vt 0.593750 0.520854
vt 0.625000 0.520854
vt 0.656250 0.520854
vt 0.687500 0.520854
vt 0.718750 0.520854
vt 0.750000 0.520854
vt 0.250000 0.565868
vt 0.281250 0.565868
vt 0.312500 0.565868
vt 0.343750 0.565868
vt 0.375000 0.565868
vt 0.406250 0.565868
vt 0.437500 0.565868
vt 0.468750 0.565868
vt 0.500000 0.565868
vt 0.531250 0.565868
vt 0.562500 0.565868
vt 0.593750 0.565868
vt 0.625000 0.565868
vt 0.656250 0.565868
vt 0.687500 0.565868
vt 0.718750 0.565868
vt 0.750000 0.565868
vt 0.250000 0.610801
vt 0.281250 0.610801
vt 0.312500 0.610801
vt 0.343750 0.610801
vt 0.375000 0.610801
vt 0.406250 0.610801
vt 0.437500 0.610801
vt 0.468750 0.610801
vt 0.500000 0.610801
vt 0.531250 0.610801
vt 0.562500 0.610801
vt 0.593750 0.610801
vt 0.625000 0.610801
vt 0.656250 0.610801
vt 0.687500 0.610801
vt 0.718750 0.610801
vt 0.750000 0.610801
vt 0.250000 0.655654
vt 0.281250 0.655654
vt 0.312500 0.655654
vt 0.343750 0.655654
vt 0.375000 0.655654
vt 0.406250 0.655654
vt 0.437500 0.655654
vt 0.468750 0.655654
vt 0.500000 0.655654
vt 0.531250 0.655654
vt 0.562500 0.655654
vt 0.593750 0.655654
vt 0.625000 0.655654
vt 0.656250 0.655654
vt 0.687500 0.655654
vt 0.718750 0.655654
vt 0.750000 0.655654
vt 0.250000 0.700426
vt 0.281250 0.700426
vt 0.312500 0.700426
vt 0.343750 0.700426
vt 0.375000 0.700426
vt 0.406250 0.700426
vt 0.437500 0.700426
vt 0.468750 0.700426
vt 0.500000 0.700426
vt 0.531250 0.700426
vt 0.562500 0.700426
vt 0.593750 0.700426
vt 0.625000 0.700426
vt 0.656250 0.700426
vt 0.687500 0.700426
vt 0.718750 0.700426
vt 0.750000 0.700426
vt 0.250000 0.745119
vt 0.281250 0.745119
vt 0.312500 0.745119
vt 0.343750 0.745119
vt 0.375000 0.745119
vt 0.406250 0.745119
vt 0.437500 0.745119
vt 0.468750 0.745119
vt 0.500000 0.745119
vt 0.531250 0.745119
vt 0.562500 0.745119
vt 0.593750 0.745119
vt 0.625000 0.745119
vt 0.656250 0.745119
vt 0.687500 0.745119
vt 0.718750 0.745119
vt 0.750000 0.745119
vt 0.250000 0.710265
vt 0.281250 0.710265
vt 0.312500 0.710265
vt 0.343750 0.710265
vt 0.375000 0.710265
vt 0.406250 0.710265
vt 0.437500 0.710265
vt 0.468750 0.710265
vt 0.500000 0.710265
vt 0.531250 0.710265
vt 0.562500 0.710265
vt 0.593750 0.710265
vt 0.625000 0.710265
vt 0.656250 0.710265
vt 0.687500 0.710265
vt 0.718750 0.710265
vt 0.750000 0.710265
vt 0.250000 0.665727
vt 0.281250 0.665727
vt 0.312500 0.665727
vt 0.343750 0.665727
vt 0.375000 0.665727
vt 0.406250 0.665727
vt 0.437500 0.665727
vt 0.468750 0.665727
vt 0.500000 0.665727
vt 0.531250 0.665727
vt 0.562500 0.665727
vt 0.593750 0.665727
vt 0.625000 0.665727
vt 0.656250 0.665727
vt 0.687500 0.665727
vt 0.718750 0.665727
vt 0.750000 0.665727
vt 0.250000 0.621265
vt 0.281250 0.621265
vt 0.312500 0.621265
vt 0.343750 0.621265
vt 0.375000 0.621265
vt 0.406250 0.621265
vt 0.437500 0.621265
vt 0.468750 0.621265
vt 0.500000 0.621265
vt 0.531250 0.621265
vt 0.562500 0.621265
vt 0.593750 0.621265
vt 0.625000 0.621265
vt 0.656250 0.621265
vt 0.687500 0.621265
vt 0.718750 0.621265
vt 0.750000 0.621265
vt 0.250000 0.576878
vt 0.281250 0.576878
vt 0.312500 0.576878
vt 0.343750 0.576878
vt 0.375000 0.576878
vt 0.406250 0.576878
vt 0.437500 0.576878
vt 0.468750 0.576878
vt 0.500000 0.576878
vt 0.531250 0.576878
vt 0.562500 0.576878
vt 0.593750 0.576878
vt 0.625000 0.576878
vt 0.656250 0.576878
vt 0.687500 0.576878
vt 0.718750 0.576878
vt 0.750000 0.576878
vt 0.250000 0.532566
vt 0.281250 0.532566
vt 0.312500 0.532566
vt 0.343750 0.532566
vt 0.375000 0.532566
vt 0.406250 0.532566
vt 0.437500 0.532566
vt 0.468750 0.532566
vt 0.500000 0.532566
vt 0.531250 0.532566
vt 0.562500 0.532566
vt 0.593750 0.532566
vt 0.625000 0.532566
vt 0.656250 0.532566
vt 0.687500 0.532566
vt 0.718750 0.532566
vt 0.750000 0.532566
vt 0.250000 0.488327
vt 0.281250 0.488327
vt 0.312500 0.488327
vt 0.343750 0.488327
vt 0.375000 0.488327
vt 0.406250 0.488327
vt 0.437500 0.488327
vt 0.468750 0.488327
vt 0.500000 0.488327
vt 0.531250 0.488327
vt 0.562500 0.488327
vt 0.593750 0.488327
vt 0.625000 0.488327
vt 0.656250 0.488327
vt 0.687500 0.488327
vt 0.718750 0.488327
vt 0.750000 0.488327
vt 0.250000 0.444160
vt 0.281250 0.444160
vt 0.312500 0.444160
vt 0.343750 0.444160
vt 0.375000 0.444160
vt 0.406250 0.444160
vt 0.437500 0.444160
vt 0.468750 0.444160
vt 0.500000 0.444160
vt 0.531250 0.444160
vt 0.562500 0.444160
vt 0.593750 0.444160
vt 0.625000 0.444160
vt 0.656250 0.444160
vt 0.687500 0.444160
vt 0.718750 0.444160
vt 0.750000 0.444160
vt 0.250000 0.400065
vt 0.281250 0.400065
vt 0.312500 0.400065
vt 0.343750 0.400065
vt 0.375000 0.400065
vt 0.406250 0.400065
vt 0.437500 0.400065
vt 0.468750 0.400065
vt 0.500000 0.400065
vt 0.531250 0.400065
vt 0.562500 0.400065
vt 0.593750 0.400065
vt 0.625000 0.400065
vt 0.656250 0.400065
vt 0.687500 0.400065
vt 0.718750 0.400065
vt 0.750000 0.400065
vt 0.250000 0.356040
vt 0.281250 0.356040
vt 0.312500 0.356040
vt 0.343750 0.356040
vt 0.375000 0.356040
vt 0.406250 0.356040
vt 0.437500 0.356040
vt 0.468750 0.356040
vt 0.500000 0.356040
vt 0.531250 0.356040
vt 0.562500 0.356040
vt 0.593750 0.356040
vt 0.625000 0.356040
vt 0.656250 0.356040
vt 0.687500 0.356040
vt 0.718750 0.356040
vt 0.750000 0.356040
vt 0.250000 0.312085
vt 0.281250 0.312085
vt 0.312500 0.312085
vt 0.343750 0.312085
vt 0.375000 0.312085
vt 0.406250 0.312085
vt 0.437500 0.312085
vt 0.468750 0.312085
vt 0.500000 0.312085
vt 0.531250 0.312085
vt 0.562500 0.312085
vt 0.593750 0.312085
vt 0.625000 0.312085
vt 0.656250 0.312085
vt 0.687500 0.312085
vt 0.718750 0.312085
vt 0.750000 0.312085
vt 0.250000 0.268199
vt 0.281250 0.268199
vt 0.312500 0.268199
vt 0.343750 0.268199
vt 0.375000 0.268199
vt 0.406250 0.268199
vt 0.437500 0.268199
vt 0.468750 0.268199
vt 0.500000 0.268199
vt 0.531250 0.268199
vt 0.562500 0.268199
vt 0.593750 0.268199
vt 0.625000 0.268199
vt 0.656250 0.268199
vt 0.687500 0.268199
vt 0.718750 0.268199
vt 0.750000 0.268199
vt 0.250000 0.275620
vt 0.281250 0.275620
vt 0.312500 0.275620
vt 0.343750 0.275620
vt 0.375000 0.275620
vt 0.406250 0.275620
vt 0.437500 0.275620
vt 0.468750 0.275620
vt 0.500000 0.275620
vt 0.531250 0.275620
vt 0.562500 0.275620
vt 0.593750 0.275620
vt 0.625000 0.275620
vt 0.656250 0.275620
vt 0.687500 0.275620
vt 0.718750 0.275620
vt 0.750000 0.275620
vt 0.250000 0.319372
vt 0.281250 0.319372
vt 0.312500 0.319372
vt 0.343750 0.319372
vt 0.375000 0.319372
vt 0.406250 0.319372
vt 0.437500 0.319372
vt 0.468750 0.319372
vt 0.500000 0.319372
vt 0.531250 0.319372
vt 0.562500 0.319372
vt 0.593750 0.319372
vt 0.625000 0.319372
vt 0.656250 0.319372
vt 0.687500 0.319372
vt 0.718750 0.319372
vt 0.750000 0.319372
vt 0.250000 0.363058
vt 0.281250 0.363058
vt 0.312500 0.363058
vt 0.343750 0.363058
vt 0.375000 0.363058
vt 0.406250 0.363058
vt 0.437500 0.363058
vt 0.468750 0.363058
vt 0.500000 0.363058
vt 0.531250 0.363058
vt 0.562500 0.363058
vt 0.593750 0.363058
vt 0.625000 0.363058
vt 0.656250 0.363058
vt 0.687500 0.363058
vt 0.718750 0.363058
vt 0.750000 0.363058
vt 0.250000 0.406679
vt 0.281250 0.406679
vt 0.312500 0.406679
vt 0.343750 0.406679
vt 0.375000 0.406679
vt 0.406250 0.406679
vt 0.437500 0.406679
vt 0.468750 0.406679
vt 0.500000 0.406679
vt 0.531250 0.406679
vt 0.562500 0.406679
vt 0.593750 0.406679
vt 0.625000 0.406679
vt 0.656250 0.406679
vt 0.687500 0.406679
vt 0.718750 0.406679
vt 0.750000 0.406679
vt 0.250000 0.450237
vt 0.281250 0.450237
vt 0.312500 0.450237
vt 0.343750 0.450237
vt 0.375000 0.450237
vt 0.406250 0.450237
vt 0.437500 0.450237
vt 0.468750 0.450237
vt 0.500000 0.450237
vt 0.531250 0.450237
vt 0.562500 0.450237
vt 0.593750 0.450237
vt 0.625000 0.450237
vt 0.656250 0.450237
vt 0.687500 0.450237
vt 0.718750 0.450237
vt 0.750000 0.450237
vt 0.250000 0.493732
vt 0.281250 0.493732
vt 0.312500 0.493732
vt 0.343750 0.493732
vt 0.375000 0.493732
vt 0.406250 0.493732
vt 0.437500 0.493732
vt 0.468750 0.493732
vt 0.500000 0.493732
vt 0.531250 0.493732
vt 0.562500 0.493732
vt 0.593750 0.493732
vt 0.625000 0.493732
vt 0.656250 0.493732
vt 0.687500 0.493732
vt 0.718750 0.493732
vt 0.750000 0.493732
vt 0.250000 0.537165
vt 0.281250 0.537165
vt 0.312500 0.537165
vt 0.343750 0.537165
vt 0.375000 0.537165
vt 0.406250 0.537165
vt 0.437500 0.537165
vt 0.468750 0.537165
vt 0.500000 0.537165
vt 0.531250 0.537165
vt 0.562500 0.537165
vt 0.593750 0.537165
vt 0.625000 0.537165
vt 0.656250 0.537165
vt 0.687500 0.537165
vt 0.718750 0.537165
vt 0.750000 0.537165
vt 0.250000 0.580538
vt 0.281250 0.580538
vt 0.312500 0.580538
vt 0.343750 0.580538
vt 0.375000 0.580538
vt 0.406250 0.580538
vt 0.437500 0.580538
vt 0.468750 0.580538
vt 0.500000 0.580538
vt 0.531250 0.580538
vt 0.562500 0.580538
vt 0.593750 0.580538
vt 0.625000 0.580538
vt 0.656250 0.580538
vt 0.687500 0.580538
vt 0.718750 0.580538
vt 0.750000 0.580538
vt 0.250000 0.623851
vt 0.281250 0.623851
vt 0.312500 0.623851
vt 0.343750 0.623851
vt 0.375000 0.623851
vt 0.406250 0.623851
vt 0.437500 0.623851
vt 0.468750 0.623851
vt 0.500000 0.623851
vt 0.531250 0.623851
vt 0.562500 0.623851
vt 0.593750 0.623851
vt 0.625000 0.623851
vt 0.656250 0.623851
vt 0.687500 0.623851
vt 0.718750 0.623851
vt 0.750000 0.623851
vt 0.250000 0.667105
vt 0.281250 0.667105
vt 0.312500 0.667105
vt 0.343750 0.667105
vt 0.375000 0.667105
vt 0.406250 0.667105
vt 0.437500 0.667105
vt 0.468750 0.667105
vt 0.500000 0.667105
vt 0.531250 0.667105
vt 0.562500 0.667105
vt 0.593750 0.667105
vt 0.625000 0.667105
vt 0.656250 0.667105
vt 0.687500 0.667105
vt 0.718750 0.667105
vt 0.750000 0.667105
vt 0.250000 0.710301
vt 0.281250 0.710301
vt 0.312500 0.710301
vt 0.343750 0.710301
vt 0.375000 0.710301
vt 0.406250 0.710301
vt 0.437500 0.710301
vt 0.468750 0.710301
vt 0.500000 0.710301
vt 0.531250 0.710301
vt 0.562500 0.710301
vt 0.593750 0.710301
vt 0.625000 0.710301
vt 0.656250 0.710301
vt 0.687500 0.710301
vt 0.718750 0.710301
vt 0.750000 0.710301
vt 0.250000 0.746559
vt 0.281250 0.746559
vt 0.312500 0.746559
vt 0.343750 0.746559
vt 0.375000 0.746559
vt 0.406250 0.746559
vt 0.437500 0.746559
vt 0.468750 0.746559
vt 0.500000 0.746559
vt 0.531250 0.746559
vt 0.562500 0.746559
vt 0.593750 0.746559
vt 0.625000 0.746559
vt 0.656250 0.746559
vt 0.687500 0.746559
vt 0.718750 0.746559
vt 0.750000 0.746559
vt 0.250000 0.703476
vt 0.281250 0.703476
vt 0.312500 0.703476
vt 0.343750 0.703476
vt 0.375000 0.703476
vt 0.406250 0.703476
vt 0.437500 0.703476
vt 0.468750 0.703476
vt 0.500000 0.703476
vt 0.531250 0.703476
vt 0.562500 0.703476
vt 0.593750 0.703476
vt 0.625000 0.703476
vt 0.656250 0.703476
vt 0.687500 0.703476
vt 0.718750 0.703476
vt 0.750000 0.703476
vt 0.250000 0.660447
vt 0.281250 0.660447
vt 0.312500 0.660447
vt 0.343750 0.660447
vt 0.375000 0.660447
vt 0.406250 0.660447
vt 0.437500 0.660447
vt 0.468750 0.660447
vt 0.500000 0.660447
vt 0.531250 0.660447
vt 0.562500 0.660447
vt 0.593750 0.660447
vt 0.625000 0.660447
vt 0.656250 0.660447
vt 0.687500 0.660447
vt 0.718750 0.660447
vt 0.750000 0.660447
vt 0.250000 0.617471
vt 0.281250 0.617471
vt 0.312500 0.617471
vt 0.343750 0.617471
vt 0.375000 0.617471
vt 0.406250 0.617471
vt 0.437500 0.617471
vt 0.468750 0.617471
vt 0.500000 0.617471
vt 0.531250 0.617471
vt 0.562500 0.617471
vt 0.593750 0.617471
vt 0.625000 0.617471
vt 0.656250 0.617471
vt 0.687500 0.617471
vt 0.718750 0.617471
vt 0.750000 0.617471
vt 0.250000 0.574548
vt 0.281250 0.574548
vt 0.312500 0.574548
vt 0.343750 0.574548
vt 0.375000 0.574548
vt 0.406250 0.574548
vt 0.437500 0.574548
vt 0.468750 0.574548
vt 0.500000 0.574548
vt 0.531250 0.574548
vt 0.562500 0.574548
vt 0.593750 0.574548
vt 0.625000 0.574548
vt 0.656250 0.574548
vt 0.687500 0.574548
vt 0.718750 0.574548
vt 0.750000 0.574548
vt 0.250000 0.531677
vt 0.281250 0.531677
vt 0.312500 0.531677
vt 0.343750 0.531677
vt 0.375000 0.531677
vt 0.406250 0.531677
vt 0.437500 0.531677
vt 0.468750 0.531677
vt 0.500000 0.531677
vt 0.531250 0.531677
vt 0.562500 0.531677
vt 0.593750 0.531677
vt 0.625000 0.531677
vt 0.656250 0.531677
vt 0.687500 0.531677
vt 0.718750 0.531677
vt 0.750000 0.531677
vt 0.250000 0.488856
vt 0.281250 0.488856
vt 0.312500 0.488856
vt 0.343750 0.488856
vt 0.375000 0.488856
vt 0.406250 0.488856
vt 0.437500 0.488856
vt 0.468750 0.488856
vt 0.500000 0.488856
vt 0.531250 0.488856
vt 0.562500 0.488856
vt 0.593750 0.488856
vt 0.625000 0.488856
vt 0.656250 0.488856
vt 0.687500 0.488856
vt 0.718750 0.488856
vt 0.750000 0.488856
vt 0.250000 0.446085
vt 0.281250 0.446085
vt 0.312500 0.446085
vt 0.343750 0.446085
vt 0.375000 0.446085
vt 0.406250 0.446085
vt 0.437500 0.446085
vt 0.468750 0.446085
vt 0.500000 0.446085
vt 0.531250 0.446085
vt 0.562500 0.446085
vt 0.593750 0.446085
vt 0.625000 0.446085
vt 0.656250 0.446085
vt 0.687500 0.446085
vt 0.718750 0.446085
vt 0.750000 0.446085
vt 0.250000 0.403363
vt 0.281250 0.403363
vt 0.312500 0.403363
vt 0.343750 0.403363
vt 0.375000 0.403363
vt 0.406250 0.403363
vt 0.437500 0.403363
vt 0.468750 0.403363
vt 0.500000 0.403363
vt 0.531250 0.403363
vt 0.562500 0.403363
vt 0.593750 0.403363
vt 0.625000 0.403363
vt 0.656250 0.403363
vt 0.687500 0.403363
vt 0.718750 0.403363
vt 0.750000 0.403363
vt 0.250000 0.360687
vt 0.281250 0.360687
vt 0.312500 0.360687
vt 0.343750 0.360687
vt 0.375000 0.360687
vt 0.406250 0.360687
vt 0.437500 0.360687
vt 0.468750 0.360687
vt 0.500000 0.360687
vt 0.531250 0.360687
vt 0.562500 0.360687
vt 0.593750 0.360687
vt 0.625000 0.360687
vt 0.656250 0.360687
vt 0.687500 0.360687
vt 0.718750 0.360687
vt 0.750000 0.360687
vt 0.250000 0.318058
vt 0.281250 0.318058
vt 0.312500 0.318058
vt 0.343750 0.318058
vt 0.375000 0.318058
vt 0.406250 0.318058
vt 0.437500 0.318058
vt 0.468750 0.318058
vt 0.500000 0.318058
vt 0.531250 0.318058
vt 0.562500 0.318058
vt 0.593750 0.318058
vt 0.625000 0.318058
vt 0.656250 0.318058
vt 0.687500 0.318058
vt 0.718750 0.318058
vt 0.750000 0.318058
vt 0.250000 0.275475
vt 0.281250 0.275475
vt 0.312500 0.275475
vt 0.343750 0.275475
vt 0.375000 0.275475
vt 0.406250 0.275475
vt 0.437500 0.275475
vt 0.468750 0.275475
vt 0.500000 0.275475
vt 0.531250 0.275475
vt 0.562500 0.275475
vt 0.593750 0.275475
vt 0.625000 0.275475
vt 0.656250 0.275475
vt 0.687500 0.275475
vt 0.718750 0.275475
vt 0.750000 0.275475
vt 0.250000 0.267064
vt 0.281250 0.267064
vt 0.312500 0.267064
vt 0.343750 0.267064
vt 0.375000 0.267064
vt 0.406250 0.267064
vt 0.437500 0.267064
vt 0.468750 0.267064
vt 0.500000 0.267064
vt 0.531250 0.267064
vt 0.562500 0.267064
vt 0.593750 0.267064
vt 0.625000 0.267064
vt 0.656250 0.267064
vt 0.687500 0.267064
vt 0.718750 0.267064
vt 0.750000 0.267064
vt 0.250000 0.309561
vt 0.281250 0.309561
vt 0.312500 0.309561
vt 0.343750 0.309561
vt 0.375000 0.309561
vt 0.406250 0.309561
vt 0.437500 0.309561
vt 0.468750 0.309561
vt 0.500000 0.309561
vt 0.531250 0.309561
vt 0.562500 0.309561
vt 0.593750 0.309561
vt 0.625000 0.309561
vt 0.656250 0.309561
vt 0.687500 0.309561
vt 0.718750 0.309561
vt 0.750000 0.309561
vt 0.250000 0.352014
vt 0.281250 0.352014
vt 0.312500 0.352014
vt 0.343750 0.352014
vt 0.375000 0.352014
vt 0.406250 0.352014
vt 0.437500 0.352014
vt 0.468750 0.352014
vt 0.500000 0.352014
vt 0.531250 0.352014
vt 0.562500 0.352014
vt 0.593750 0.352014
vt 0.625000 0.352014
vt 0.656250 0.352014
vt 0.687500 0.352014
vt 0.718750 0.352014
vt 0.750000 0.352014
vt 0.250000 0.394427
vt 0.281250 0.394427
vt 0.312500 0.394427
vt 0.343750 0.394427
vt 0.375000 0.394427
vt 0.406250 0.394427
vt 0.437500 0.394427
vt 0.468750 0.394427
vt 0.500000 0.394427
vt 0.531250 0.394427
vt 0.562500 0.394427
vt 0.593750 0.394427
vt 0.625000 0.394427
vt 0.656250 0.394427
vt 0.687500 0.394427
vt 0.718750 0.394427
vt 0.750000 0.394427
vt 0.250000 0.436800
vt 0.281250 0.436800
vt 0.312500 0.436800
vt 0.343750 0.436800
vt 0.375000 0.436800
vt 0.406250 0.436800
vt 0.437500 0.436800
vt 0.468750 0.436800
vt 0.500000 0.436800
vt 0.531250 0.436800
vt 0.562500 0.436800
vt 0.593750 0.436800
vt 0.625000 0.436800
vt 0.656250 0.436800
vt 0.687500 0.436800
vt 0.718750 0.436800
vt 0.750000 0.436800
vt 0.250000 0.479134
vt 0.281250 0.479134
vt 0.312500 0.479134
vt 0.343750 0.479134
vt 0.375000 0.479134
vt 0.406250 0.479134
vt 0.437500 0.479134
vt 0.468750 0.479134
vt 0.500000 0.479134
vt 0.531250 0.479134
vt 0.562500 0.479134
vt 0.593750 0.479134
vt 0.625000 0.479134
vt 0.656250 0.479134
vt 0.687500 0.479134
vt 0.718750 0.479134
vt 0.750000 0.479134
vt 0.250000 0.521430
vt 0.281250 0.521430
vt 0.312500 0.521430
vt 0.343750 0.521430
vt 0.375000 0.521430
vt 0.406250 0.521430
vt 0.437500 0.521430
vt 0.468750 0.521430
vt 0.500000 0.521430
vt 0.531250 0.521430
vt 0.562500 0.521430
vt 0.593750 0.521430
vt 0.625000 0.521430
vt 0.656250 0.521430
vt 0.687500 0.521430
vt 0.718750 0.521430
vt 0.750000 0.521430
vt 0.250000 0.563690
vt 0.281250 0.563690
vt 0.312500 0.563690
vt 0.343750 0.563690
vt 0.375000 0.563690
vt 0.406250 0.563690
vt 0.437500 0.563690
vt 0.468750 0.563690
vt 0.500000 0.563690
vt 0.531250 0.563690
vt 0.562500 0.563690
vt 0.593750 0.563690
vt 0.625000 0.563690
vt 0.656250 0.563690
vt 0.687500 0.563690
vt 0.718750 0.563690
vt 0.750000 0.563690
vt 0.250000 0.605913
vt 0.281250 0.605913
vt 0.312500 0.605913
vt 0.343750 0.605913
vt 0.375000 0.605913
vt 0.406250 0.605913
vt 0.437500 0.605913
vt 0.468750 0.605913
vt 0.500000 0.605913
vt 0.531250 0.605913
vt 0.562500 0.605913
vt 0.593750 0.605913
vt 0.625000 0.605913
vt 0.656250 0.605913
vt 0.687500 0.605913
vt 0.718750 0.605913
vt 0.750000 0.605913
vt 0.250000 0.648103
vt 0.281250 0.648103
vt 0.312500 0.648103
vt 0.343750 0.648103
vt 0.375000 0.648103
vt 0.406250 0.648103
vt 0.437500 0.648103
vt 0.468750 0.648103
vt 0.500000 0.648103
vt 0.531250 0.648103
vt 0.562500 0.648103
vt 0.593750 0.648103
vt 0.625000 0.648103
vt 0.656250 0.648103
vt 0.687500 0.648103
vt 0.718750 0.648103
vt 0.750000 0.648103
vt 0.250000 0.690258
vt 0.281250 0.690258
vt 0.312500 0.690258
vt 0.343750 0.690258
vt 0.375000 0.690258
vt 0.406250 0.690258
vt 0.437500 0.690258
vt 0.468750 0.690258
vt 0.500000 0.690258
vt 0.531250 0.690258
vt 0.562500 0.690258
vt 0.593750 0.690258
vt 0.625000 0.690258
vt 0.656250 0.690258
vt 0.687500 0.690258
vt 0.718750 0.690258
vt 0.750000 0.690258
vt 0.250000 0.732381
vt 0.281250 0.732381
vt 0.312500 0.732381
vt 0.343750 0.732381
vt 0.375000 0.732381
vt 0.406250 0.732381
vt 0.437500 0.732381
vt 0.468750 0.732381
vt 0.500000 0.732381
vt 0.531250 0.732381
vt 0.562500 0.732381
vt 0.593750 0.732381
vt 0.625000 0.732381
vt 0.656250 0.732381
vt 0.687500 0.732381
vt 0.718750 0.732381
vt 0.750000 0.732381
vt 0.250000 0.725527
vt 0.281250 0.725527
vt 0.312500 0.725527
vt 0.343750 0.725527
vt 0.375000 0.725527
vt 0.406250 0.725527
vt 0.437500 0.725527
vt 0.468750 0.725527
vt 0.500000 0.725527
vt 0.531250 0.725527
vt 0.562500 0.725527
vt 0.593750 0.725527
vt 0.625000 0.725527
vt 0.656250 0.725527
vt 0.687500 0.725527
vt 0.718750 0.725527
vt 0.750000 0.725527
vt 0.250000 0.683465
vt 0.281250 0.683465
vt 0.312500 0.683465
vt 0.343750 0.683465
vt 0.375000 0.683465
vt 0.406250 0.683465
vt 0.437500 0.683465
vt 0.468750 0.683465
vt 0.500000 0.683465
vt 0.531250 0.683465
vt 0.562500 0.683465
vt 0.593750 0.683465
vt 0.625000 0.683465
vt 0.656250 0.683465
vt 0.687500 0.683465
vt 0.718750 0.683465
vt 0.750000 0.683465
vt 0.250000 0.641432
vt 0.281250 0.641432
vt 0.312500 0.641432
vt 0.343750 0.641432
vt 0.375000 0.641432
vt 0.406250 0.641432
vt 0.437500 0.641432
vt 0.468750 0.641432
vt 0.500000 0.641432
vt 0.531250 0.641432
vt 0.562500 0.641432
vt 0.593750 0.641432
vt 0.625000 0.641432
vt 0.656250 0.641432
vt 0.687500 0.641432
vt 0.718750 0.641432
vt 0.750000 0.641432
vt 0.250000 0.599428
vt 0.281250 0.599428
vt 0.312500 0.599428
vt 0.343750 0.599428
vt 0.375000 0.599428
vt 0.406250 0.599428
vt 0.437500 0.599428
vt 0.468750 0.599428
vt 0.500000 0.599428
vt 0.531250 0.599428
vt 0.562500 0.599428
vt 0.593750 0.599428
vt 0.625000 0.599428
vt 0.656250 0.599428
vt 0.687500 0.599428
vt 0.718750 0.599428
vt 0.750000 0.599428
vt 0.250000 0.557450
vt 0.281250 0.557450
vt 0.312500 0.557450
vt 0.343750 0.557450
vt 0.375000 0.557450
vt 0.406250 0.557450
vt 0.437500 0.557450
vt 0.468750 0.557450
vt 0.500000 0.557450
vt 0.531250 0.557450
vt 0.562500 0.557450
vt 0.593750 0.557450
vt 0.625000 0.557450
vt 0.656250 0.557450
vt 0.687500 0.557450
vt 0.718750 0.557450
vt 0.750000 0.557450
vt 0.250000 0.515499
vt 0.281250 0.515499
vt 0.312500 0.515499
vt 0.343750 0.515499
vt 0.375000 0.515499
vt 0.406250 0.515499
vt 0.437500 0.515499
vt 0.468750 0.515499
vt 0.500000 0.515499
vt 0.531250 0.515499
vt 0.562500 0.515499
vt 0.593750 0.515499
vt 0.625000 0.515499
vt 0.656250 0.515499
vt 0.687500 0.515499
vt 0.718750 0.515499
vt 0.750000 0.515499
vt 0.250000 0.473571
vt 0.281250 0.473571
vt 0.312500 0.473571
vt 0.343750 0.473571
vt 0.375000 0.473571
vt 0.406250 0.473571
vt 0.437500 0.473571
vt 0.468750 0.473571
vt 0.500000 0.473571
vt 0.531250 0.473571
vt 0.562500 0.473571
vt 0.593750 0.473571
vt 0.625000 0.473571
vt 0.656250 0.473571
vt 0.687500 0.473571
vt 0.718750 0.473571
vt 0.750000 0.473571
vt 0.250000 0.431668
vt 0.281250 0.431668
vt 0.312500 0.431668
vt 0.343750 0.431668
vt 0.375000 0.431668
vt 0.406250 0.431668
vt 0.437500 0.431668
vt 0.468750 0.431668
vt 0.500000 0.431668
vt 0.531250 0.431668
vt 0.562500 0.431668
vt 0.593750 0.431668
vt 0.625000 0.431668
vt 0.656250 0.431668
vt 0.687500 0.431668
vt 0.718750 0.431668
vt 0.750000 0.431668
vt 0.250000 0.389787
vt 0.281250 0.389787
vt 0.312500 0.389787
vt 0.343750 0.389787
vt 0.375000 0.389787
vt 0.406250 0.389787
vt 0.437500 0.389787
vt 0.468750 0.389787
vt 0.500000 0.389787
vt 0.531250 0.389787
vt 0.562500 0.389787
vt 0.593750 0.389787
vt 0.625000 0.389787
vt 0.656250 0.389787
vt 0.687500 0.389787
vt 0.718750 0.389787
vt 0.750000 0.389787
vt 0.250000 0.347927
vt 0.281250 0.347927
vt 0.312500 0.347927
vt 0.343750 0.347927
vt 0.375000 0.347927
vt 0.406250 0.347927
vt 0.437500 0.347927
vt 0.468750 0.347927
vt 0.500000 0.347927
vt 0.531250 0.347927
vt 0.562500 0.347927
vt 0.593750 0.347927
vt 0.625000 0.347927
vt 0.656250 0.347927
vt 0.687500 0.347927
vt 0.718750 0.347927
vt 0.750000 0.347927
vt 0.250000 0.306088
vt 0.281250 0.306088
vt 0.312500 0.306088
vt 0.343750 0.306088
vt 0.375000 0.306088
vt 0.406250 0.306088
vt 0.437500 0.306088
vt 0.468750 0.306088
vt 0.500000 0.306088
vt 0.531250 0.306088
vt 0.562500 0.306088
vt 0.593750 0.306088
vt 0.625000 0.306088
vt 0.656250 0.306088
vt 0.687500 0.306088
vt 0.718750 0.306088
vt 0.750000 0.306088
vt 0.250000 0.264268
vt 0.281250 0.264268
vt 0.312500 0.264268
vt 0.343750 0.264268
vt 0.375000 0.264268
vt 0.406250 0.264268
vt 0.437500 0.264268
vt 0.468750 0.264268
vt 0.500000 0.264268
vt 0.531250 0.264268
vt 0.562500 0.264268
vt 0.593750 0.264268
vt 0.625000 0.264268
vt 0.656250 0.264268
vt 0.687500 0.264268
vt 0.718750 0.264268
vt 0.750000 0.264268
vt 0.250000 0.277535
vt 0.281250 0.277535
vt 0.312500 0.277535
vt 0.343750 0.277535
vt 0.375000 0.277535
vt 0.406250 0.277535
vt 0.437500 0.277535
vt 0.468750 0.277535
vt 0.500000 0.277535
vt 0.531250 0.277535
vt 0.562500 0.277535
vt 0.593750 0.277535
vt 0.625000 0.277535
vt 0.656250 0.277535
vt 0.687500 0.277535
vt 0.718750 0.277535
vt 0.750000 0.277535
vt 0.250000 0.319320
vt 0.281250 0.319320
vt 0.312500 0.319320
vt 0.343750 0.319320
vt 0.375000 0.319320
vt 0.406250 0.319320
vt 0.437500 0.319320
vt 0.468750 0.319320
vt 0.500000 0.319320
vt 0.531250 0.319320
vt 0.562500 0.319320
vt 0.593750 0.319320
vt 0.625000 0.319320
vt 0.656250 0.319320
vt 0.687500 0.319320
vt 0.718750 0.319320
vt 0.750000 0.319320
vt 0.250000 0.361089
vt 0.281250 0.361089
vt 0.312500 0.361089
vt 0.343750 0.361089
vt 0.375000 0.361089
vt 0.406250 0.361089
vt 0.437500 0.361089
vt 0.468750 0.361089
vt 0.500000 0.361089
vt 0.531250 0.361089
vt 0.562500 0.361089
vt 0.593750 0.361089
vt 0.625000 0.361089
vt 0.656250 0.361089
vt 0.687500 0.361089
vt 0.718750 0.361089
vt 0.750000 0.361089
vt 0.250000 0.402844
vt 0.281250 0.402844
vt 0.312500 0.402844
vt 0.343750 0.402844
vt 0.375000 0.402844
vt 0.406250 0.402844
vt 0.437500 0.402844
vt 0.468750 0.402844
vt 0.500000 0.402844
vt 0.531250 0.402844
vt 0.562500 0.402844
vt 0.593750 0.402844
vt 0.625000 0.402844
vt 0.656250 0.402844
vt 0.687500 0.402844
vt 0.718750 0.402844
vt 0.750000 0.402844
vt 0.250000 0.444586
vt 0.281250 0.444586
vt 0.312500 0.444586
vt 0.343750 0.444586
vt 0.375000 0.444586
vt 0.406250 0.444586
vt 0.437500 0.444586
vt 0.468750 0.444586
vt 0.500000 0.444586
vt 0.531250 0.444586
vt 0.562500 0.444586
vt 0.593750 0.444586
vt 0.625000 0.444586
vt 0.656250 0.444586
vt 0.687500 0.444586
vt 0.718750 0.444586
vt 0.750000 0.444586
vt 0.250000 0.486315
vt 0.281250 0.486315
vt 0.312500 0.486315
vt 0.343750 0.486315
vt 0.375000 0.486315
vt 0.406250 0.486315
vt 0.437500 0.486315
vt 0.468750 0.486315
vt 0.500000 0.486315
vt 0.531250 0.486315
vt 0.562500 0.486315
vt 0.593750 0.486315
vt 0.625000 0.486315
vt 0.656250 0.486315
vt 0.687500 0.486315
vt 0.718750 0.486315
vt 0.750000 0.486315
vt 0.250000 0.528032
vt 0.281250 0.528032
vt 0.312500 0.528032
vt 0.343750 0.528032
vt 0.375000 0.528032
vt 0.406250 0.528032
vt 0.437500 0.528032
vt 0.468750 0.528032
vt 0.500000 0.528032
vt 0.531250 0.528032
vt 0.562500 0.528032
vt 0.593750 0.528032
vt 0.625000 0.528032
vt 0.656250 0.528032
vt 0.687500 0.528032
vt 0.718750 0.528032
vt 0.750000 0.528032
vt 0.250000 0.569740
vt 0.281250 0.569740
vt 0.312500 0.569740
vt 0.343750 0.569740
vt 0.375000 0.569740
vt 0.406250 0.569740
vt 0.437500 0.569740
vt 0.468750 0.569740
vt 0.500000 0.569740
vt 0.531250 0.569740
vt 0.562500 0.569740
vt 0.593750 0.569740
vt 0.625000 0.569740
vt 0.656250 0.569740
vt 0.687500 0.569740
vt 0.718750 0.569740
vt 0.750000 0.569740
vt 0.250000 0.611438
vt 0.281250 0.611438
vt 0.312500 0.611438
vt 0.343750 0.611438
vt 0.375000 0.611438
vt 0.406250 0.611438
vt 0.437500 0.611438
vt 0.468750 0.611438
vt 0.500000 0.611438
vt 0.531250 0.611438
vt 0.562500 0.611438
vt 0.593750 0.611438
vt 0.625000 0.611438
vt 0.656250 0.611438
vt 0.687500 0.611438
vt 0.718750 0.611438
vt 0.750000 0.611438
vt 0.250000 0.653129
vt 0.281250 0.653129
vt 0.312500 0.653129
vt 0.343750 0.653129
vt 0.375000 0.653129
vt 0.406250 0.653129
vt 0.437500 0.653129
vt 0.468750 0.653129
vt 0.500000 0.653129
vt 0.531250 0.653129
vt 0.562500 0.653129
vt 0.593750 0.653129
vt 0.625000 0.653129
vt 0.656250 0.653129
vt 0.687500 0.653129
vt 0.718750 0.653129
vt 0.750000 0.653129
vt 0.250000 0.694812
vt 0.281250 0.694812
vt 0.312500 0.694812
vt 0.343750 0.694812
vt 0.375000 0.694812
vt 0.406250 0.694812
vt 0.437500 0.694812
vt 0.468750 0.694812
vt 0.500000 0.694812
vt 0.531250 0.694812
vt 0.562500 0.694812
vt 0.593750 0.694812
vt 0.625000 0.694812
vt 0.656250 0.694812
vt 0.687500 0.694812
vt 0.718750 0.694812
vt 0.750000 0.694812
vt 0.250000 0.736490
vt 0.281250 0.736490
vt 0.312500 0.736490
vt 0.343750 0.736490
vt 0.375000 0.736490
vt 0.406250 0.736490
vt 0.437500 0.736490
vt 0.468750 0.736490
vt 0.500000 0.736490
vt 0.531250 0.736490
vt 0.562500 0.736490
vt 0.593750 0.736490
vt 0.625000 0.736490
vt 0.656250 0.736490
vt 0.687500 0.736490
vt 0.718750 0.736490
vt 0.750000 0.736490
vt 0.250000 0.721836
vt 0.281250 0.721836
vt 0.312500 0.721836
vt 0.343750 0.721836
vt 0.375000 0.721836
vt 0.406250 0.721836
vt 0.437500 0.721836
vt 0.468750 0.721836
vt 0.500000 0.721836
vt 0.531250 0.721836
vt 0.562500 0.721836
vt 0.593750 0.721836
vt 0.625000 0.721836
vt 0.656250 0.721836
vt 0.687500 0.721836
vt 0.718750 0.721836
vt 0.750000 0.721836
vt 0.250000 0.680166
vt 0.281250 0.680166
vt 0.312500 0.680166
vt 0.343750 0.680166
vt 0.375000 0.680166
vt 0.406250 0.680166
vt 0.437500 0.680166
vt 0.468750 0.680166
vt 0.500000 0.680166
vt 0.531250 0.680166
vt 0.562500 0.680166
vt 0.593750 0.680166
vt 0.625000 0.680166
vt 0.656250 0.680166
vt 0.687500 0.680166
vt 0.718750 0.680166
vt 0.750000 0.680166
vt 0.250000 0.638498
vt 0.281250 0.638498
vt 0.312500 0.638498
vt 0.343750 0.638498
vt 0.375000 0.638498
vt 0.406250 0.638498
vt 0.437500 0.638498
vt 0.468750 0.638498
vt 0.500000 0.638498
vt 0.531250 0.638498
vt 0.562500 0.638498
vt 0.593750 0.638498
vt 0.625000 0.638498
vt 0.656250 0.638498
vt 0.687500 0.638498
vt 0.718750 0.638498
vt 0.750000 0.638498
vt 0.250000 0.597143
vt 0.281250 0.597143
vt 0.312500 0.597143
vt 0.343750 0.597143
vt 0.375000 0.597143
vt 0.406250 0.597143
vt 0.437500 0.597143
vt 0.468750 0.597143
vt 0.500000 0.597143
vt 0.531250 0.597143
vt 0.562500 0.597143
vt 0.593750 0.597143
vt 0.625000 0.597143
vt 0.656250 0.597143
vt 0.687500 0.597143
vt 0.718750 0.597143
vt 0.750000 0.597143
vn 0.000000 0.000000 1.000000
vn 1.000000 0.000000 0.000000
vn 0.923880 0.342994 0.169711
vn 0.923880 0.340502 0.174657
vn 0.707107 0.633770 0.313584
vn 0.707107 0.630913 0.319294
vn 0.382683 0.828061 0.409718
vn 0.382683 0.826028 0.413801
vn 0.000000 0.896287 0.443475
vn 0.000000 0.894737 0.446594
vn -0.382683 0.828061 0.409718
vn -0.382683 0.826028 0.413801
vn -0.707107 0.633770 0.313584
vn -0.707107 0.630913 0.319294
vn -0.923880 0.342994 0.169711
vn -0.923880 0.340502 0.174657
vn -1.000000 0.000000 0.000000
vn -0.923880 -0.342994 -0.169711
vn -0.923880 -0.339542 -0.176515
vn -0.707107 -0.633770 -0.313584
vn -0.707107 -0.627679 -0.325607
vn -0.382683 -0.828061 -0.409718
vn -0.382683 -0.820562 -0.424537
vn -0.000000 -0.896287 -0.443475
vn -0.000000 -0.888372 -0.459125
vn 0.382683 -0.828061 -0.409718
vn 0.382683 -0.820562 -0.424537
vn 0.707107 -0.633770 -0.313584
vn 0.707107 -0.627679 -0.325607
vn 0.923880 -0.342994 -0.169711
vn 0.923880 -0.339542 -0.176515
vn 0.923880 0.343703 0.168271
vn 0.707107 0.635080 0.310924
vn 0.382683 0.829771 0.406242
vn 0.000000 0.898138 0.439713
vn -0.382683 0.829771 0.406242
vn -0.707107 0.635080 0.310924
vn -0.923880 0.343703 0.168271
vn -0.923880 -0.343703 -0.168271
vn -0.707107 -0.635080 -0.310924
vn -0.382683 -0.829771 -0.406242
vn -0.000000 -0.898138 -0.439713
vn 0.382683 -0.829771 -0.406242
vn 0.707107 -0.635080 -0.310924
vn 0.923880 -0.343703 -0.168271
vn 0.923880 0.344408 0.166823
vn 0.707107 0.636383 0.308248
vn 0.382683 0.831474 0.402745
vn 0.000000 0.899981 0.435928
vn -0.382683 0.831474 0.402745
vn -0.707107 0.636383 0.308248
vn -0.923880 0.344408 0.166823
vn -0.923880 -0.344408 -0.166823
vn -0.707107 -0.636383 -0.308248
vn -0.382683 -0.831474 -0.402745
vn -0.000000 -0.899981 -0.435928
vn 0.382683 -0.831474 -0.402745
vn 0.707107 -0.636383 -0.308248
vn 0.923880 -0.344408 -0.166823
vn 0.923880 0.345110 0.165365
vn 0.707107 0.637680 0.305555
vn 0.382683 0.833169 0.399227
vn 0.000000 0.901816 0.432120
vn -0.382683 0.833169 0.399227
vn -0.707107 0.637680 0.305555
vn -0.923880 0.345110 0.165365
vn -0.923880 -0.345110 -0.165365
vn -0.707107 -0.637680 -0.305555
vn -0.382683 -0.833169 -0.399227
vn -0.000000 -0.901816 -0.432120
vn 0.382683 -0.833169 -0.399227
vn 0.707107 -0.637680 -0.305555
vn 0.923880 -0.345110 -0.165365
vn 0.923880 0.345809 0.163899
vn 0.707107 0.638971 0.302846
vn 0.382683 0.834856 0.395687
vn 0.000000 0.903642 0.428289
vn -0.382683 0.834856 0.395687
vn -0.707107 0.638971 0.302846
vn -0.923880 0.345809 0.163899
vn -0.923880 -0.345809 -0.163899
vn -0.707107 -0.638971 -0.302846
vn -0.382683 -0.834856 -0.395687
vn -0.000000 -0.903642 -0.428289
vn 0.382683 -0.834856 -0.395687
vn 0.707107 -0.638971 -0.302846
vn 0.923880 -0.345809 -0.163899
vn 0.923880 0.346504 0.162424
vn 0.707107 0.640256 0.300120
vn 0.382683 0.836535 0.392126
vn 0.000000 0.905459 0.424434
vn -0.382683 0.836535 0.392126
vn -0.707107 0.640256 0.300120
vn -0.923880 0.346504 0.162424
vn -0.923880 -0.346504 -0.162424
vn -0.707107 -0.640256 -0.300120
vn -0.382683 -0.836535 -0.392126
vn -0.000000 -0.905459 -0.424434
vn 0.382683 -0.836535 -0.392126
vn 0.707107 -0.640256 -0.300120
vn 0.923880 -0.346504 -0.162424
vn 0.923880 0.347196 0.160940
vn 0.707107 0.641534 0.297378
vn 0.382683 0.838205 0.388543
vn 0.000000 0.907267 0.420556
vn -0.382683 0.838205 0.388543
vn -0.707107 0.641534 0.297378
vn -0.923880 0.347196 0.160940
vn -0.923880 -0.347196 -0.160940
vn -0.707107 -0.641534 -0.297378
vn -0.382683 -0.838205 -0.388543
vn -0.000000 -0.907267 -0.420556
vn 0.382683 -0.838205 -0.388543
vn 0.707107 -0.641534 -0.297378
vn 0.923880 -0.347196 -0.160940
vn 0.923880 0.347884 0.159447
vn 0.707107 0.642806 0.294619
vn 0.382683 0.839866 0.384939
vn 0.000000 0.909065 0.416655
vn -0.382683 0.839866 0.384939
vn -0.707107 0.642806 0.294619
vn -0.923880 0.347884 0.159447
vn -0.923880 -0.347884 -0.159447
vn -0.707107 -0.642806 -0.294619
vn -0.382683 -0.839866 -0.384939
vn -0.000000 -0.909065 -0.416655
vn 0.382683 -0.839866 -0.384939
vn 0.707107 -0.642806 -0.294619
vn 0.923880 -0.347884 -0.159447
vn 0.923880 0.348568 0.157945
vn 0.707107 0.644071 0.291844
vn 0.382683 0.841519 0.381313
vn 0.000000 0.910853 0.412730
vn -0.382683 0.841519 0.381313
vn -0.707107 0.644071 0.291844
vn -0.923880 0.348568 0.157945
vn -0.923880 -0.348568 -0.157945
vn -0.707107 -0.644071 -0.291844
vn -0.382683 -0.841519 -0.381313
vn -0.000000 -0.910853 -0.412730
vn 0.382683 -0.841519 -0.381313
vn 0.707107 -0.644071 -0.291844
vn 0.923880 -0.348568 -0.157945
vn 0.923880 0.349249 0.156434
vn 0.707107 0.645328 0.289053
vn 0.382683 0.843162 0.377666
vn 0.000000 0.912632 0.408783
vn -0.382683 0.843162 0.377666
vn -0.707107 0.645328 0.289053
vn -0.923880 0.349249 0.156434
vn -0.923880 -0.349249 -0.156434
vn -0.707107 -0.645328 -0.289053
vn -0.382683 -0.843162 -0.377666
vn -0.000000 -0.912632 -0.408783
vn 0.382683 -0.843162 -0.377666
vn 0.707107 -0.645328 -0.289053
vn 0.923880 -0.349249 -0.156434
vn 0.923880 0.349926 0.154915
vn 0.707107 0.646578 0.286246
vn 0.382683 0.844795 0.373998
vn 0.000000 0.914400 0.404812
vn -0.382683 0.844795 0.373998
vn -0.707107 0.646578 0.286246
vn -0.923880 0.349926 0.154915
vn -0.923880 -0.349926 -0.154915
vn -0.707107 -0.646578 -0.286246
vn -0.382683 -0.844795 -0.373998
vn -0.000000 -0.914400 -0.404812
vn 0.382683 -0.844795 -0.373998
vn 0.707107 -0.646578 -0.286246
vn 0.923880 -0.349926 -0.154915
vn 0.923880 0.350598 0.153387
vn 0.707107 0.647821 0.283422
vn 0.382683 0.846419 0.370308
vn 0.000000 0.916157 0.400819
vn -0.382683 0.846419 0.370308
vn -0.707107 0.647821 0.283422
vn -0.923880 0.350598 0.153387
vn -0.923880 -0.350598 -0.153387
vn -0.707107 -0.647821 -0.283422
vn -0.382683 -0.846419 -0.370308
vn -0.000000 -0.916157 -0.400819
vn 0.382683 -0.846419 -0.370308
vn 0.707107 -0.647821 -0.283422
vn 0.923880 -0.350598 -0.153387
vn 0.923880 0.351174 0.152063
vn 0.707107 0.648886 0.280976
vn 0.382683 0.847810 0.367113
vn 0.000000 0.917663 0.397360
vn -0.382683 0.847810 0.367113
vn -0.707107 0.648886 0.280976
vn -0.923880 0.351174 0.152063
vn -0.923880 -0.351174 -0.152063
vn -0.707107 -0.648886 -0.280976
vn -0.382683 -0.847810 -0.367113
vn -0.000000 -0.917663 -0.397360
vn 0.382683 -0.847810 -0.367113
vn 0.707107 -0.648886 -0.280976
vn 0.923880 -0.351174 -0.152063
vn 0.923880 0.351267 0.151850
vn 0.707107 0.649056 0.280582
vn 0.382683 0.848033 0.366598
vn 0.000000 0.917904 0.396802
vn -0.382683 0.848033 0.366598
vn -0.707107 0.649056 0.280582
vn -0.923880 0.351267 0.151850
vn -0.923880 -0.351267 -0.151850
vn -0.707107 -0.649056 -0.280582
vn -0.382683 -0.848033 -0.366598
vn -0.000000 -0.917904 -0.396802
vn 0.382683 -0.848033 -0.366598
vn 0.707107 -0.649056 -0.280582
vn 0.923880 -0.351267 -0.151850
vn 0.923880 0.351931 0.150304
vn 0.707107 0.650284 0.277725
vn 0.382683 0.849636 0.362866
vn 0.000000 0.919640 0.392763
vn -0.382683 0.849636 0.362866
vn -0.707107 0.650284 0.277725
vn -0.923880 0.351931 0.150304
vn -0.923880 -0.351931 -0.150304
vn -0.707107 -0.650284 -0.277725
vn -0.382683 -0.849636 -0.362866
vn -0.000000 -0.919640 -0.392763
vn 0.382683 -0.849636 -0.362866
vn 0.707107 -0.650284 -0.277725
vn 0.923880 -0.351931 -0.150304
vn 0.923880 0.352591 0.148749
vn 0.707107 0.651503 0.274853
vn 0.382683 0.851229 0.359112
vn 0.000000 0.921364 0.388701
vn -0.382683 0.851229 0.359112
vn -0.707107 0.651503 0.274853
vn -0.923880 0.352591 0.148749
vn -0.923880 -0.352591 -0.148749
vn -0.707107 -0.651503 -0.274853
vn -0.382683 -0.851229 -0.359112
vn -0.000000 -0.921364 -0.388701
vn 0.382683 -0.851229 -0.359112
vn 0.707107 -0.651503 -0.274853
vn 0.923880 -0.352591 -0.148749
vn 0.923880 0.353246 0.147186
vn 0.707107 0.652714 0.271964
vn 0.382683 0.852812 0.355338
vn 0.000000 0.923077 0.384615
vn -0.382683 0.852812 0.355338
vn -0.707107 0.652714 0.271964
vn -0.923880 0.353246 0.147186
vn -0.923880 -0.353246 -0.147186
vn -0.707107 -0.652714 -0.271964
vn -0.382683 -0.852812 -0.355338
vn -0.000000 -0.923077 -0.384615
vn 0.382683 -0.852812 -0.355338
vn 0.707107 -0.652714 -0.271964
vn 0.923880 -0.353246 -0.147186
vn 0.923880 0.353897 0.145614
vn 0.707107 0.653917 0.269059
vn 0.382683 0.854383 0.351543
vn 0.000000 0.924778 0.380508
vn -0.382683 0.854383 0.351543
vn -0.707107 0.653917 0.269059
vn -0.923880 0.353897 0.145614
vn -0.923880 -0.353897 -0.145614
vn -0.707107 -0.653917 -0.269059
vn -0.382683 -0.854383 -0.351543
vn -0.000000 -0.924778 -0.380508
vn 0.382683 -0.854383 -0.351543
vn 0.707107 -0.653917 -0.269059
vn 0.923880 -0.353897 -0.145614
vn 0.923880 0.354543 0.144033
vn 0.707107 0.655111 0.266139
vn 0.382683 0.855944 0.347727
vn 0.000000 0.926467 0.376377
vn -0.382683 0.855944 0.347727
vn -0.707107 0.655111 0.266139
vn -0.923880 0.354543 0.144033
vn -0.923880 -0.354543 -0.144033
vn -0.707107 -0.655111 -0.266139
vn -0.382683 -0.855944 -0.347727
vn -0.000000 -0.926467 -0.376377
vn 0.382683 -0.855944 -0.347727
vn 0.707107 -0.655111 -0.266139
vn 0.923880 -0.354543 -0.144033
vn 0.923880 0.355185 0.142444
vn 0.707107 0.656296 0.263202
vn 0.382683 0.857492 0.343890
vn 0.000000 0.928143 0.372224
vn -0.382683 0.857492 0.343890
vn -0.707107 0.656296 0.263202
vn -0.923880 0.355185 0.142444
vn -0.923880 -0.355185 -0.142444
vn -0.707107 -0.656296 -0.263202
vn -0.382683 -0.857492 -0.343890
vn -0.000000 -0.928143 -0.372224
vn 0.382683 -0.857492 -0.343890
vn 0.707107 -0.656296 -0.263202
vn 0.923880 -0.355185 -0.142444
vn 0.923880 0.355822 0.140846
vn 0.707107 0.657473 0.260250
vn 0.382683 0.859029 0.340032
vn 0.000000 0.929807 0.368048
vn -0.382683 0.859029 0.340032
vn -0.707107 0.657473 0.260250
vn -0.923880 0.355822 0.140846
vn -0.923880 -0.355822 -0.140846
vn -0.707107 -0.657473 -0.260250
vn -0.382683 -0.859029 -0.340032
vn -0.000000 -0.929807 -0.368048
vn 0.382683 -0.859029 -0.340032
vn 0.707107 -0.657473 -0.260250
vn 0.923880 -0.355822 -0.140846
vn 0.923880 0.356453 0.139240
vn 0.707107 0.658640 0.257281
vn 0.382683 0.860554 0.336154
vn 0.000000 0.931457 0.363851
vn -0.382683 0.860554 0.336154
vn -0.707107 0.658640 0.257281
vn -0.923880 0.356453 0.139240
vn -0.923880 -0.356453 -0.139240
vn -0.707107 -0.658640 -0.257281
vn -0.382683 -0.860554 -0.336154
vn -0.000000 -0.931457 -0.363851
vn 0.382683 -0.860554 -0.336154
vn 0.707107 -0.658640 -0.257281
vn 0.923880 -0.356453 -0.139240
vn 0.923880 0.357080 0.137625
vn 0.707107 0.659798 0.254297
vn 0.382683 0.862067 0.332255
vn 0.000000 0.933095 0.359630
vn -0.382683 0.862067 0.332255
vn -0.707107 0.659798 0.254297
vn -0.923880 0.357080 0.137625
vn -0.923880 -0.357080 -0.137625
vn -0.707107 -0.659798 -0.254297
vn -0.382683 -0.862067 -0.332255
vn -0.000000 -0.933095 -0.359630
vn 0.382683 -0.862067 -0.332255
vn 0.707107 -0.659798 -0.254297
vn 0.923880 -0.357080 -0.137625
vn 0.923880 0.357701 0.136001
vn 0.707107 0.660946 0.251297
vn 0.382683 0.863568 0.328336
vn 0.000000 0.934719 0.355388
vn -0.382683 0.863568 0.328336
vn -0.707107 0.660946 0.251297
vn -0.923880 0.357701 0.136001
vn -0.923880 -0.357701 -0.136001
vn -0.707107 -0.660946 -0.251297
vn -0.382683 -0.863568 -0.328336
vn -0.000000 -0.934719 -0.355388
vn 0.382683 -0.863568 -0.328336
vn 0.707107 -0.660946 -0.251297
vn 0.923880 -0.357701 -0.136001
vn 0.923880 0.358318 0.134369
vn 0.707107 0.662085 0.248282
vn 0.382683 0.865055 0.324396
vn 0.000000 0.936329 0.351123
vn -0.382683 0.865055 0.324396
vn -0.707107 0.662085 0.248282
vn -0.923880 0.358318 0.134369
vn -0.923880 -0.358318 -0.134369
vn -0.707107 -0.662085 -0.248282
vn -0.382683 -0.865055 -0.324396
vn -0.000000 -0.936329 -0.351123
vn 0.382683 -0.865055 -0.324396
vn 0.707107 -0.662085 -0.248282
vn 0.923880 -0.358318 -0.134369
vn 0.923880 0.358929 0.132729
vn 0.707107 0.663213 0.245251
vn 0.382683 0.866530 0.320436
vn 0.000000 0.937925 0.346837
vn -0.382683 0.866530 0.320436
vn -0.707107 0.663213 0.245251
vn -0.923880 0.358929 0.132729
vn -0.923880 -0.358929 -0.132729
vn -0.707107 -0.663213 -0.245251
vn -0.382683 -0.866530 -0.320436
vn -0.000000 -0.937925 -0.346837
vn 0.382683 -0.866530 -0.320436
vn 0.707107 -0.663213 -0.245251
vn 0.923880 -0.358929 -0.132729
vn 0.923880 0.359534 0.131080
vn 0.707107 0.664332 0.242204
vn 0.382683 0.867992 0.316455
vn 0.000000 0.939507 0.342529
vn -0.382683 0.867992 0.316455
vn -0.707107 0.664332 0.242204
vn -0.923880 0.359534 0.131080
vn -0.923880 -0.359534 -0.131080
vn -0.707107 -0.664332 -0.242204
vn -0.382683 -0.867992 -0.316455
vn -0.000000 -0.939507 -0.342529
vn 0.382683 -0.867992 -0.316455
vn 0.707107 -0.664332 -0.242204
vn 0.923880 -0.359534 -0.131080
vn 0.923880 0.360134 0.129423
vn 0.707107 0.665440 0.239143
vn 0.382683 0.869440 0.312455
vn 0.000000 0.941075 0.338199
vn -0.382683 0.869440 0.312455
vn -0.707107 0.665440 0.239143
vn -0.923880 0.360134 0.129423
vn -0.923880 -0.360134 -0.129423
vn -0.707107 -0.665440 -0.239143
vn -0.382683 -0.869440 -0.312455
vn -0.000000 -0.941075 -0.338199
vn 0.382683 -0.869440 -0.312455
vn 0.707107 -0.665440 -0.239143
vn 0.923880 -0.360134 -0.129423
vn 0.923880 0.360728 0.127758
vn 0.707107 0.666538 0.236066
vn 0.382683 0.870874 0.308435
vn 0.000000 0.942627 0.333847
vn -0.382683 0.870874 0.308435
vn -0.707107 0.666538 0.236066
vn -0.923880 0.360728 0.127758
vn -0.923880 -0.360728 -0.127758
vn -0.707107 -0.666538 -0.236066
vn -0.382683 -0.870874 -0.308435
vn -0.000000 -0.942627 -0.333847
vn 0.382683 -0.870874 -0.308435
vn 0.707107 -0.666538 -0.236066
vn 0.923880 -0.360728 -0.127758
vn 0.923880 0.361316 0.126084
vn 0.707107 0.667625 0.232973
vn 0.382683 0.872294 0.304394
vn 0.000000 0.944165 0.329474
vn -0.382683 0.872294 0.304394
vn -0.707107 0.667625 0.232973
vn -0.923880 0.361316 0.126084
vn -0.923880 -0.361316 -0.126084
vn -0.707107 -0.667625 -0.232973
vn -0.382683 -0.872294 -0.304394
vn -0.000000 -0.944165 -0.329474
vn 0.382683 -0.872294 -0.304394
vn 0.707107 -0.667625 -0.232973
vn 0.923880 -0.361316 -0.126084
vn 0.923880 0.361899 0.124403
vn 0.707107 0.668701 0.229866
vn 0.382683 0.873700 0.300335
vn 0.000000 0.945687 0.325080
vn -0.382683 0.873700 0.300335
vn -0.707107 0.668701 0.229866
vn -0.923880 0.361899 0.124403
vn -0.923880 -0.361899 -0.124403
vn -0.707107 -0.668701 -0.229866
vn -0.382683 -0.873700 -0.300335
vn -0.000000 -0.945687 -0.325080
vn 0.382683 -0.873700 -0.300335
vn 0.707107 -0.668701 -0.229866
vn 0.923880 -0.361899 -0.124403
vn 0.923880 0.362475 0.122713
vn 0.707107 0.669767 0.226744
vn 0.382683 0.875092 0.296255
vn 0.000000 0.947193 0.320664
vn -0.382683 0.875092 0.296255
vn -0.707107 0.669767 0.226744
vn -0.923880 0.362475 0.122713
vn -0.923880 -0.362475 -0.122713
vn -0.707107 -0.669767 -0.226744
vn -0.382683 -0.875092 -0.296255
vn -0.000000 -0.947193 -0.320664
vn 0.382683 -0.875092 -0.296255
vn 0.707107 -0.669767 -0.226744
vn 0.923880 -0.362475 -0.122713
vn 0.923880 0.363045 0.121015
vn 0.707107 0.670820 0.223607
vn 0.382683 0.876469 0.292156
vn 0.000000 0.948683 0.316228
vn -0.382683 0.876469 0.292156
vn -0.707107 0.670820 0.223607
vn -0.923880 0.363045 0.121015
vn -0.923880 -0.363045 -0.121015
vn -0.707107 -0.670820 -0.223607
vn -0.382683 -0.876469 -0.292156
vn -0.000000 -0.948683 -0.316228
vn 0.382683 -0.876469 -0.292156
vn 0.707107 -0.670820 -0.223607
vn 0.923880 -0.363045 -0.121015
vn 0.923880 0.363610 0.119309
vn 0.707107 0.671863 0.220455
vn 0.382683 0.877831 0.288038
vn 0.000000 0.950157 0.311770
vn -0.382683 0.877831 0.288038
vn -0.707107 0.671863 0.220455
vn -0.923880 0.363610 0.119309
vn -0.923880 -0.363610 -0.119309
vn -0.707107 -0.671863 -0.220455
vn -0.382683 -0.877831 -0.288038
vn -0.000000 -0.950157 -0.311770
vn 0.382683 -0.877831 -0.288038
vn 0.707107 -0.671863 -0.220455
vn 0.923880 -0.363610 -0.119309
vn 0.923880 0.364167 0.117596
vn 0.707107 0.672894 0.217289
vn 0.382683 0.879178 0.283901
vn 0.000000 0.951615 0.307292
vn -0.382683 0.879178 0.283901
vn -0.707107 0.672894 0.217289
vn -0.923880 0.364167 0.117596
vn -0.923880 -0.364167 -0.117596
vn -0.707107 -0.672894 -0.217289
vn -0.382683 -0.879178 -0.283901
vn -0.000000 -0.951615 -0.307292
vn 0.382683 -0.879178 -0.283901
vn 0.707107 -0.672894 -0.217289
vn 0.923880 -0.364167 -0.117596
vn 0.923880 0.364719 0.115874
vn 0.707107 0.673912 0.214108
vn 0.382683 0.880509 0.279745
vn 0.000000 0.953056 0.302794
vn -0.382683 0.880509 0.279745
vn -0.707107 0.673912 0.214108
vn -0.923880 0.364719 0.115874
vn -0.923880 -0.364719 -0.115874
vn -0.707107 -0.673912 -0.214108
vn -0.382683 -0.880509 -0.279745
vn -0.000000 -0.953056 -0.302794
vn 0.382683 -0.880509 -0.279745
vn 0.707107 -0.673912 -0.214108
vn 0.923880 -0.364719 -0.115874
vn 0.923880 0.365264 0.114145
vn 0.707107 0.674919 0.210912
vn 0.382683 0.881825 0.275570
vn 0.000000 0.954480 0.298275
vn -0.382683 0.881825 0.275570
vn -0.707107 0.674919 0.210912
vn -0.923880 0.365264 0.114145
vn -0.923880 -0.365264 -0.114145
vn -0.707107 -0.674919 -0.210912
vn -0.382683 -0.881825 -0.275570
vn -0.000000 -0.954480 -0.298275
vn 0.382683 -0.881825 -0.275570
vn 0.707107 -0.674919 -0.210912
vn 0.923880 -0.365264 -0.114145
vn 0.923880 0.365802 0.112408
vn 0.707107 0.675914 0.207703
vn 0.382683 0.883124 0.271377
vn 0.000000 0.955887 0.293736
vn -0.382683 0.883124 0.271377
vn -0.707107 0.675914 0.207703
vn -0.923880 0.365802 0.112408
vn -0.923880 -0.365802 -0.112408
vn -0.707107 -0.675914 -0.207703
vn -0.382683 -0.883124 -0.271377
vn -0.000000 -0.955887 -0.293736
vn 0.382683 -0.883124 -0.271377
vn 0.707107 -0.675914 -0.207703
vn 0.923880 -0.365802 -0.112408
vn 0.923880 0.366334 0.110663
vn 0.707107 0.676896 0.204479
vn 0.382683 0.884407 0.267165
vn 0.000000 0.957276 0.289177
vn -0.382683 0.884407 0.267165
vn -0.707107 0.676896 0.204479
vn -0.923880 0.366334 0.110663
vn -0.923880 -0.366334 -0.110663
vn -0.707107 -0.676896 -0.204479
vn -0.382683 -0.884407 -0.267165
vn -0.000000 -0.957276 -0.289177
vn 0.382683 -0.884407 -0.267165
vn 0.707107 -0.676896 -0.204479
vn 0.923880 -0.366334 -0.110663
vn 0.923880 0.366858 0.108911
vn 0.707107 0.677866 0.201241
vn 0.382683 0.885674 0.262935
vn 0.000000 0.958647 0.284598
vn -0.382683 0.885674 0.262935
vn -0.707107 0.677866 0.201241
vn -0.923880 0.366858 0.108911
vn -0.923880 -0.366858 -0.108911
vn -0.707107 -0.677866 -0.201241
vn -0.382683 -0.885674 -0.262935
vn -0.000000 -0.958647 -0.284598
vn 0.382683 -0.885674 -0.262935
vn 0.707107 -0.677866 -0.201241
vn 0.923880 -0.366858 -0.108911
vn 0.923880 0.367376 0.107151
vn 0.707107 0.678823 0.197990
vn 0.382683 0.886924 0.258686
vn 0.000000 0.960000 0.280000
vn -0.382683 0.886924 0.258686
vn -0.707107 0.678823 0.197990
vn -0.923880 0.367376 0.107151
vn -0.923880 -0.367376 -0.107151
vn -0.707107 -0.678823 -0.197990
vn -0.382683 -0.886924 -0.258686
vn -0.000000 -0.960000 -0.280000
vn 0.382683 -0.886924 -0.258686
vn 0.707107 -0.678823 -0.197990
vn 0.923880 -0.367376 -0.107151
vn 0.923880 0.367887 0.105384
vn 0.707107 0.679766 0.194725
vn 0.382683 0.888158 0.254420
vn 0.000000 0.961335 0.275382
vn -0.382683 0.888158 0.254420
vn -0.707107 0.679766 0.194725
vn -0.923880 0.367887 0.105384
vn -0.923880 -0.367887 -0.105384
vn -0.707107 -0.679766 -0.194725
vn -0.382683 -0.888158 -0.254420
vn -0.000000 -0.961335 -0.275382
vn 0.382683 -0.888158 -0.254420
vn 0.707107 -0.679766 -0.194725
vn 0.923880 -0.367887 -0.105384
vn 0.923880 0.368391 0.103610
vn 0.707107 0.680697 0.191446
vn 0.382683 0.889374 0.250136
vn 0.000000 0.962651 0.270746
vn -0.382683 0.889374 0.250136
vn -0.707107 0.680697 0.191446
vn -0.923880 0.368391 0.103610
vn -0.923880 -0.368391 -0.103610
vn -0.707107 -0.680697 -0.191446
vn -0.382683 -0.889374 -0.250136
vn -0.000000 -0.962651 -0.270746
vn 0.382683 -0.889374 -0.250136
vn 0.707107 -0.680697 -0.191446
vn 0.923880 -0.368391 -0.103610
vn 0.923880 0.368887 0.101828
vn 0.707107 0.681614 0.188154
vn 0.382683 0.890572 0.245835
vn 0.000000 0.963948 0.266090
vn -0.382683 0.890572 0.245835
vn -0.707107 0.681614 0.188154
vn -0.923880 0.368887 0.101828
vn -0.923880 -0.368887 -0.101828
vn -0.707107 -0.681614 -0.188154
vn -0.382683 -0.890572 -0.245835
vn -0.000000 -0.963948 -0.266090
vn 0.382683 -0.890572 -0.245835
vn 0.707107 -0.681614 -0.188154
vn 0.923880 -0.368887 -0.101828
vn 0.923880 0.369376 0.100039
vn 0.707107 0.682518 0.184849
vn 0.382683 0.891753 0.241516
vn 0.000000 0.965226 0.261415
vn -0.382683 0.891753 0.241516
vn -0.707107 0.682518 0.184849
vn -0.923880 0.369376 0.100039
vn -0.923880 -0.369376 -0.100039
vn -0.707107 -0.682518 -0.184849
vn -0.382683 -0.891753 -0.241516
vn -0.000000 -0.965226 -0.261415
vn 0.382683 -0.891753 -0.241516
vn 0.707107 -0.682518 -0.184849
vn 0.923880 -0.369376 -0.100039
vn 0.923880 0.369858 0.098243
vn 0.707107 0.683408 0.181530
vn 0.382683 0.892916 0.237181
vn 0.000000 0.966485 0.256723
vn -0.382683 0.892916 0.237181
vn -0.707107 0.683408 0.181530
vn -0.923880 0.369858 0.098243
vn -0.923880 -0.369858 -0.098243
vn -0.707107 -0.683408 -0.181530
vn -0.382683 -0.892916 -0.237181
vn -0.000000 -0.966485 -0.256723
vn 0.382683 -0.892916 -0.237181
vn 0.707107 -0.683408 -0.181530
vn 0.923880 -0.369858 -0.098243
vn 0.923880 0.370332 0.096441
vn 0.707107 0.684284 0.178199
vn 0.382683 0.894061 0.232828
vn 0.000000 0.967724 0.252012
vn -0.382683 0.894061 0.232828
vn -0.707107 0.684284 0.178199
vn -0.923880 0.370332 0.096441
vn -0.923880 -0.370332 -0.096441
vn -0.707107 -0.684284 -0.178199
vn -0.382683 -0.894061 -0.232828
vn -0.000000 -0.967724 -0.252012
vn 0.382683 -0.894061 -0.232828
vn 0.707107 -0.684284 -0.178199
vn 0.923880 -0.370332 -0.096441
vn 0.923880 0.370799 0.094631
vn 0.707107 0.685146 0.174855
vn 0.382683 0.895187 0.228459
vn 0.000000 0.968943 0.247282
vn -0.382683 0.895187 0.228459
vn -0.707107 0.685146 0.174855
vn -0.923880 0.370799 0.094631
vn -0.923880 -0.370799 -0.094631
vn -0.707107 -0.685146 -0.174855
vn -0.382683 -0.895187 -0.228459
vn -0.000000 -0.968943 -0.247282
vn 0.382683 -0.895187 -0.228459
vn 0.707107 -0.685146 -0.174855
vn 0.923880 -0.370799 -0.094631
vn 0.923880 0.371257 0.092814
vn 0.707107 0.685994 0.171499
vn 0.382683 0.896295 0.224074
vn 0.000000 0.970143 0.242536
vn -0.382683 0.896295 0.224074
vn -0.707107 0.685994 0.171499
vn -0.923880 0.371257 0.092814
vn -0.923880 -0.371257 -0.092814
vn -0.707107 -0.685994 -0.171499
vn -0.382683 -0.896295 -0.224074
vn -0.000000 -0.970143 -0.242536
vn 0.382683 -0.896295 -0.224074
vn 0.707107 -0.685994 -0.171499
vn 0.923880 -0.371257 -0.092814
vn 0.923880 0.371709 0.090991
vn 0.707107 0.686828 0.168130
vn 0.382683 0.897384 0.219672
vn 0.000000 0.971321 0.237771
vn -0.382683 0.897384 0.219672
vn -0.707107 0.686828 0.168130
vn -0.923880 0.371709 0.090991
vn -0.923880 -0.371709 -0.090991
vn -0.707107 -0.686828 -0.168130
vn -0.382683 -0.897384 -0.219672
vn -0.000000 -0.971321 -0.237771
vn 0.382683 -0.897384 -0.219672
vn 0.707107 -0.686828 -0.168130
vn 0.923880 -0.371709 -0.090991
vn 0.923880 0.372152 0.089161
vn 0.707107 0.687647 0.164749
vn 0.382683 0.898454 0.215255
vn 0.000000 0.972479 0.232990
vn -0.382683 0.898454 0.215255
vn -0.707107 0.687647 0.164749
vn -0.923880 0.372152 0.089161
vn -0.923880 -0.372152 -0.089161
vn -0.707107 -0.687647 -0.164749
vn -0.382683 -0.898454 -0.215255
vn -0.000000 -0.972479 -0.232990
vn 0.382683 -0.898454 -0.215255
vn 0.707107 -0.687647 -0.164749
vn 0.923880 -0.372152 -0.089161
vn 0.923880 0.372587 0.087325
vn 0.707107 0.688451 0.161356
vn 0.382683 0.899504 0.210821
vn 0.000000 0.973616 0.228191
vn -0.382683 0.899504 0.210821
vn -0.707107 0.688451 0.161356
vn -0.923880 0.372587 0.087325
vn -0.923880 -0.372587 -0.087325
vn -0.707107 -0.688451 -0.161356
vn -0.382683 -0.899504 -0.210821
vn -0.000000 -0.973616 -0.228191
vn 0.382683 -0.899504 -0.210821
vn 0.707107 -0.688451 -0.161356
vn 0.923880 -0.372587 -0.087325
vn 0.923880 0.373014 0.085482
vn 0.707107 0.689240 0.157951
vn 0.382683 0.900535 0.206373
vn 0.000000 0.974732 0.223376
vn -0.382683 0.900535 0.206373
vn -0.707107 0.689240 0.157951
vn -0.923880 0.373014 0.085482
vn -0.923880 -0.373014 -0.085482
vn -0.707107 -0.689240 -0.157951
vn -0.382683 -0.900535 -0.206373
vn -0.000000 -0.974732 -0.223376
vn 0.382683 -0.900535 -0.206373
vn 0.707107 -0.689240 -0.157951
vn 0.923880 -0.373014 -0.085482
vn 0.923880 0.373433 0.083633
vn 0.707107 0.690014 0.154534
vn 0.382683 0.901547 0.201909
vn 0.000000 0.975827 0.218545
vn -0.382683 0.901547 0.201909
vn -0.707107 0.690014 0.154534
vn -0.923880 0.373433 0.083633
vn -0.923880 -0.373433 -0.083633
vn -0.707107 -0.690014 -0.154534
vn -0.382683 -0.901547 -0.201909
vn -0.000000 -0.975827 -0.218545
vn 0.382683 -0.901547 -0.201909
vn 0.707107 -0.690014 -0.154534
vn 0.923880 -0.373433 -0.083633
vn 0.923880 0.373843 0.081778
vn 0.707107 0.690773 0.151107
vn 0.382683 0.902538 0.197430
vn 0.000000 0.976900 0.213697
vn -0.382683 0.902538 0.197430
vn -0.707107 0.690773 0.151107
vn -0.923880 0.373843 0.081778
vn -0.923880 -0.373843 -0.081778
vn -0.707107 -0.690773 -0.151107
vn -0.382683 -0.902538 -0.197430
vn -0.000000 -0.976900 -0.213697
vn 0.382683 -0.902538 -0.197430
vn 0.707107 -0.690773 -0.151107
vn 0.923880 -0.373843 -0.081778
vn 0.923880 0.374246 0.079917
vn 0.707107 0.691516 0.147667
vn 0.382683 0.903509 0.192937
vn 0.000000 0.977951 0.208833
vn -0.382683 0.903509 0.192937
vn -0.707107 0.691516 0.147667
vn -0.923880 0.374246 0.079917
vn -0.923880 -0.374246 -0.079917
vn -0.707107 -0.691516 -0.147667
vn -0.382683 -0.903509 -0.192937
vn -0.000000 -0.977951 -0.208833
vn 0.382683 -0.903509 -0.192937
vn 0.707107 -0.691516 -0.147667
vn 0.923880 -0.374246 -0.079917
vn 0.923880 0.374640 0.078050
vn 0.707107 0.692244 0.144217
vn 0.382683 0.904460 0.188429
vn 0.000000 0.978980 0.203954
vn -0.382683 0.904460 0.188429
vn -0.707107 0.692244 0.144217
vn -0.923880 0.374640 0.078050
vn -0.923880 -0.374640 -0.078050
vn -0.707107 -0.692244 -0.144217
vn -0.382683 -0.904460 -0.188429
vn -0.000000 -0.978980 -0.203954
vn 0.382683 -0.904460 -0.188429
vn 0.707107 -0.692244 -0.144217
vn 0.923880 -0.374640 -0.078050
vn 0.923880 0.375025 0.076177
vn 0.707107 0.692956 0.140757
vn 0.382683 0.905390 0.183907
vn 0.000000 0.979987 0.199060
vn -0.382683 0.905390 0.183907
vn -0.707107 0.692956 0.140757
vn -0.923880 0.375025 0.076177
vn -0.923880 -0.375025 -0.076177
vn -0.707107 -0.692956 -0.140757
vn -0.382683 -0.905390 -0.183907
vn -0.000000 -0.979987 -0.199060
vn 0.382683 -0.905390 -0.183907
vn 0.707107 -0.692956 -0.140757
vn 0.923880 -0.375025 -0.076177
vn 0.923880 0.375402 0.074298
vn 0.707107 0.693652 0.137285
vn 0.382683 0.906300 0.179372
vn 0.000000 0.980972 0.194151
vn -0.382683 0.906300 0.179372
vn -0.707107 0.693652 0.137285
vn -0.923880 0.375402 0.074298
vn -0.923880 -0.375402 -0.074298
vn -0.707107 -0.693652 -0.137285
vn -0.382683 -0.906300 -0.179372
vn -0.000000 -0.980972 -0.194151
vn 0.382683 -0.906300 -0.179372
vn 0.707107 -0.693652 -0.137285
vn 0.923880 -0.375402 -0.074298
vn 0.923880 0.375770 0.072414
vn 0.707107 0.694332 0.133804
vn 0.382683 0.907188 0.174823
vn 0.000000 0.981933 0.189227
vn -0.382683 0.907188 0.174823
vn -0.707107 0.694332 0.133804
vn -0.923880 0.375770 0.072414
vn -0.923880 -0.375770 -0.072414
vn -0.707107 -0.694332 -0.133804
vn -0.382683 -0.907188 -0.174823
vn -0.000000 -0.981933 -0.189227
vn 0.382683 -0.907188 -0.174823
vn 0.707107 -0.694332 -0.133804
vn 0.923880 -0.375770 -0.072414
vn 0.923880 0.376129 0.070524
vn 0.707107 0.694996 0.130312
vn 0.382683 0.908055 0.170260
vn 0.000000 0.982872 0.184289
vn -0.382683 0.908055 0.170260
vn -0.707107 0.694996 0.130312
vn -0.923880 0.376129 0.070524
vn -0.923880 -0.376129 -0.070524
vn -0.707107 -0.694996 -0.130312
vn -0.382683 -0.908055 -0.170260
vn -0.000000 -0.982872 -0.184289
vn 0.382683 -0.908055 -0.170260
vn 0.707107 -0.694996 -0.130312
vn 0.923880 -0.376129 -0.070524
vn 0.923880 0.376479 0.068629
vn 0.707107 0.695643 0.126810
vn 0.382683 0.908901 0.165685
vn 0.000000 0.983788 0.179336
vn -0.382683 0.908901 0.165685
vn -0.707107 0.695643 0.126810
vn -0.923880 0.376479 0.068629
vn -0.923880 -0.376479 -0.068629
vn -0.707107 -0.695643 -0.126810
vn -0.382683 -0.908901 -0.165685
vn -0.000000 -0.983788 -0.179336
vn 0.382683 -0.908901 -0.165685
vn 0.707107 -0.695643 -0.126810
vn 0.923880 -0.376479 -0.068629
vn 0.923880 0.376821 0.066729
vn 0.707107 0.696274 0.123299
vn 0.382683 0.909726 0.161097
vn 0.000000 0.984680 0.174370
vn -0.382683 0.909726 0.161097
vn -0.707107 0.696274 0.123299
vn -0.923880 0.376821 0.066729
vn -0.923880 -0.376821 -0.066729
vn -0.707107 -0.696274 -0.123299
vn -0.382683 -0.909726 -0.161097
vn -0.000000 -0.984680 -0.174370
vn 0.382683 -0.909726 -0.161097
vn 0.707107 -0.696274 -0.123299
vn 0.923880 -0.376821 -0.066729
vn 0.923880 0.377153 0.064823
vn 0.707107 0.696888 0.119778
vn 0.382683 0.910528 0.156497
vn 0.000000 0.985549 0.169391
vn -0.382683 0.910528 0.156497
vn -0.707107 0.696888 0.119778
vn -0.923880 0.377153 0.064823
vn -0.923880 -0.377153 -0.064823
vn -0.707107 -0.696888 -0.119778
vn -0.382683 -0.910528 -0.156497
vn -0.000000 -0.985549 -0.169391
vn 0.382683 -0.910528 -0.156497
vn 0.707107 -0.696888 -0.119778
vn 0.923880 -0.377153 -0.064823
vn 0.923880 0.377477 0.062913
vn 0.707107 0.697486 0.116248
vn 0.382683 0.911309 0.151885
vn 0.000000 0.986394 0.164399
vn -0.382683 0.911309 0.151885
vn -0.707107 0.697486 0.116248
vn -0.923880 0.377477 0.062913
vn -0.923880 -0.377477 -0.062913
vn -0.707107 -0.697486 -0.116248
vn -0.382683 -0.911309 -0.151885
vn -0.000000 -0.986394 -0.164399
vn 0.382683 -0.911309 -0.151885
vn 0.707107 -0.697486 -0.116248
vn 0.923880 -0.377477 -0.062913
vn 0.923880 0.377791 0.060997
vn 0.707107 0.698066 0.112709
vn 0.382683 0.912068 0.147261
vn 0.000000 0.987215 0.159394
vn -0.382683 0.912068 0.147261
vn -0.707107 0.698066 0.112709
vn -0.923880 0.377791 0.060997
vn -0.923880 -0.377791 -0.060997
vn -0.707107 -0.698066 -0.112709
vn -0.382683 -0.912068 -0.147261
vn -0.000000 -0.987215 -0.159394
vn 0.382683 -0.912068 -0.147261
vn 0.707107 -0.698066 -0.112709
vn 0.923880 -0.377791 -0.060997
vn 0.923880 0.378096 0.059077
vn 0.707107 0.698630 0.109161
vn 0.382683 0.912804 0.142626
vn 0.000000 0.988012 0.154377
vn -0.382683 0.912804 0.142626
vn -0.707107 0.698630 0.109161
vn -0.923880 0.378096 0.059077
vn -0.923880 -0.378096 -0.059077
vn -0.707107 -0.698630 -0.109161
vn -0.382683 -0.912804 -0.142626
vn -0.000000 -0.988012 -0.154377
vn 0.382683 -0.912804 -0.142626
vn 0.707107 -0.698630 -0.109161
vn 0.923880 -0.378096 -0.059077
vn 0.923880 0.378392 0.057153
vn 0.707107 0.699176 0.105605
vn 0.382683 0.913518 0.137979
vn 0.000000 0.988785 0.149348
vn -0.382683 0.913518 0.137979
vn -0.707107 0.699176 0.105605
vn -0.923880 0.378392 0.057153
vn -0.923880 -0.378392 -0.057153
vn -0.707107 -0.699176 -0.105605
vn -0.382683 -0.913518 -0.137979
vn -0.000000 -0.988785 -0.149348
vn 0.382683 -0.913518 -0.137979
vn 0.707107 -0.699176 -0.105605
vn 0.923880 -0.378392 -0.057153
vn 0.923880 0.378678 0.055224
vn 0.707107 0.699705 0.102040
vn 0.382683 0.914209 0.133322
vn 0.000000 0.989533 0.144307
vn -0.382683 0.914209 0.133322
vn -0.707107 0.699705 0.102040
vn -0.923880 0.378678 0.055224
vn -0.923880 -0.378678 -0.055224
vn -0.707107 -0.699705 -0.102040
vn -0.382683 -0.914209 -0.133322
vn -0.000000 -0.989533 -0.144307
vn 0.382683 -0.914209 -0.133322
vn 0.707107 -0.699705 -0.102040
vn 0.923880 -0.378678 -0.055224
vn 0.923880 0.378955 0.053291
vn 0.707107 0.700217 0.098468
vn 0.382683 0.914878 0.128655
vn 0.000000 0.990257 0.139255
vn -0.382683 0.914878 0.128655
vn -0.707107 0.700217 0.098468
vn -0.923880 0.378955 0.053291
vn -0.923880 -0.378955 -0.053291
vn -0.707107 -0.700217 -0.098468
vn -0.382683 -0.914878 -0.128655
vn -0.000000 -0.990257 -0.139255
vn 0.382683 -0.914878 -0.128655
vn 0.707107 -0.700217 -0.098468
vn 0.923880 -0.378955 -0.053291
vn 0.923880 0.379222 0.051353
vn 0.707107 0.700711 0.094888
vn 0.382683 0.915523 0.123977
vn 0.000000 0.990955 0.134192
vn -0.382683 0.915523 0.123977
vn -0.707107 0.700711 0.094888
vn -0.923880 0.379222 0.051353
vn -0.923880 -0.379222 -0.051353
vn -0.707107 -0.700711 -0.094888
vn -0.382683 -0.915523 -0.123977
vn -0.000000 -0.990955 -0.134192
vn 0.382683 -0.915523 -0.123977
vn 0.707107 -0.700711 -0.094888
vn 0.923880 -0.379222 -0.051353
vn 0.923880 0.379480 0.049411
vn 0.707107 0.701188 0.091300
vn 0.382683 0.916146 0.119290
vn 0.000000 0.991629 0.129118
vn -0.382683 0.916146 0.119290
vn -0.707107 0.701188 0.091300
vn -0.923880 0.379480 0.049411
vn -0.923880 -0.379480 -0.049411
vn -0.707107 -0.701188 -0.091300
vn -0.382683 -0.916146 -0.119290
vn -0.000000 -0.991629 -0.129118
vn 0.382683 -0.916146 -0.119290
vn 0.707107 -0.701188 -0.091300
vn 0.923880 -0.379480 -0.049411
vn 0.923880 0.379728 0.047466
vn 0.707107 0.701646 0.087706
vn 0.382683 0.916745 0.114593
vn 0.000000 0.992278 0.124035
vn -0.382683 0.916745 0.114593
vn -0.707107 0.701646 0.087706
vn -0.923880 0.379728 0.047466
vn -0.923880 -0.379728 -0.047466
vn -0.707107 -0.701646 -0.087706
vn -0.382683 -0.916745 -0.114593
vn -0.000000 -0.992278 -0.124035
vn 0.382683 -0.916745 -0.114593
vn 0.707107 -0.701646 -0.087706
vn 0.923880 -0.379728 -0.047466
vn 0.923880 0.379967 0.045517
vn 0.707107 0.702087 0.084104
vn 0.382683 0.917321 0.109887
vn 0.000000 0.992901 0.118941
vn -0.382683 0.917321 0.109887
vn -0.707107 0.702087 0.084104
vn -0.923880 0.379967 0.045517
vn -0.923880 -0.379967 -0.045517
vn -0.707107 -0.702087 -0.084104
vn -0.382683 -0.917321 -0.109887
vn -0.000000 -0.992901 -0.118941
vn 0.382683 -0.917321 -0.109887
vn 0.707107 -0.702087 -0.084104
vn 0.923880 -0.379967 -0.045517
vn 0.923880 0.380196 0.043564
vn 0.707107 0.702510 0.080496
vn 0.382683 0.917874 0.105173
vn 0.000000 0.993499 0.113838
vn -0.382683 0.917874 0.105173
vn -0.707107 0.702510 0.080496
vn -0.923880 0.380196 0.043564
vn -0.923880 -0.380196 -0.043564
vn -0.707107 -0.702510 -0.080496
vn -0.382683 -0.917874 -0.105173
vn -0.000000 -0.993499 -0.113838
vn 0.382683 -0.917874 -0.105173
vn 0.707107 -0.702510 -0.080496
vn 0.923880 -0.380196 -0.043564
vn 0.923880 0.380415 0.041608
vn 0.707107 0.702915 0.076881
vn 0.382683 0.918402 0.100450
vn 0.000000 0.994072 0.108727
vn -0.382683 0.918402 0.100450
vn -0.707107 0.702915 0.076881
vn -0.923880 0.380415 0.041608
vn -0.923880 -0.380415 -0.041608
vn -0.707107 -0.702915 -0.076881
vn -0.382683 -0.918402 -0.100450
vn -0.000000 -0.994072 -0.108727
vn 0.382683 -0.918402 -0.100450
vn 0.707107 -0.702915 -0.076881
vn 0.923880 -0.380415 -0.041608
vn 0.923880 0.380624 0.039648
vn 0.707107 0.703301 0.073261
vn 0.382683 0.918908 0.095720
vn 0.000000 0.994618 0.103606
vn -0.382683 0.918908 0.095720
vn -0.707107 0.703301 0.073261
vn -0.923880 0.380624 0.039648
vn -0.923880 -0.380624 -0.039648
vn -0.707107 -0.703301 -0.073261
vn -0.382683 -0.918908 -0.095720
vn -0.000000 -0.994618 -0.103606
vn 0.382683 -0.918908 -0.095720
vn 0.707107 -0.703301 -0.073261
vn 0.923880 -0.380624 -0.039648
vn 0.923880 0.380823 0.037686
vn 0.707107 0.703670 0.069634
vn 0.382683 0.919389 0.090981
vn 0.000000 0.995139 0.098477
vn -0.382683 0.919389 0.090981
vn -0.707107 0.703670 0.069634
vn -0.923880 0.380823 0.037686
vn -0.923880 -0.380823 -0.037686
vn -0.707107 -0.703670 -0.069634
vn -0.382683 -0.919389 -0.090981
vn -0.000000 -0.995139 -0.098477
vn 0.382683 -0.919389 -0.090981
vn 0.707107 -0.703670 -0.069634
vn 0.923880 -0.380823 -0.037686
vn 0.923880 0.381013 0.035720
vn 0.707107 0.704020 0.066002
vn 0.382683 0.919846 0.086236
vn 0.000000 0.995634 0.093341
vn -0.382683 0.919846 0.086236
vn -0.707107 0.704020 0.066002
vn -0.923880 0.381013 0.035720
vn -0.923880 -0.381013 -0.035720
vn -0.707107 -0.704020 -0.066002
vn -0.382683 -0.919846 -0.086236
vn -0.000000 -0.995634 -0.093341
vn 0.382683 -0.919846 -0.086236
vn 0.707107 -0.704020 -0.066002
vn 0.923880 -0.381013 -0.035720
vn 0.923880 0.381192 0.033751
vn 0.707107 0.704351 0.062364
vn 0.382683 0.920279 0.081483
vn 0.000000 0.996103 0.088197
vn -0.382683 0.920279 0.081483
vn -0.707107 0.704351 0.062364
vn -0.923880 0.381192 0.033751
vn -0.923880 -0.381192 -0.033751
vn -0.707107 -0.704351 -0.062364
vn -0.382683 -0.920279 -0.081483
vn -0.000000 -0.996103 -0.088197
vn 0.382683 -0.920279 -0.081483
vn 0.707107 -0.704351 -0.062364
vn 0.923880 -0.381192 -0.033751
vn 0.923880 0.381362 0.031780
vn 0.707107 0.704664 0.058722
vn 0.382683 0.920688 0.076724
vn 0.000000 0.996546 0.083045
vn -0.382683 0.920688 0.076724
vn -0.707107 0.704664 0.058722
vn -0.923880 0.381362 0.031780
vn -0.923880 -0.381362 -0.031780
vn -0.707107 -0.704664 -0.058722
vn -0.382683 -0.920688 -0.076724
vn -0.000000 -0.996546 -0.083045
vn 0.382683 -0.920688 -0.076724
vn 0.707107 -0.704664 -0.058722
vn 0.923880 -0.381362 -0.031780
vn 0.923880 0.381521 0.029806
vn 0.707107 0.704959 0.055075
vn 0.382683 0.921073 0.071959
vn 0.000000 0.996962 0.077888
vn -0.382683 0.921073 0.071959
vn -0.707107 0.704959 0.055075
vn -0.923880 0.381521 0.029806
vn -0.923880 -0.381521 -0.029806
vn -0.707107 -0.704959 -0.055075
vn -0.382683 -0.921073 -0.071959
vn -0.000000 -0.996962 -0.077888
vn 0.382683 -0.921073 -0.071959
vn 0.707107 -0.704959 -0.055075
vn 0.923880 -0.381521 -0.029806
vn 0.923880 0.381670 0.027830
vn 0.707107 0.705234 0.051423
vn 0.382683 0.921433 0.067188
vn 0.000000 0.997352 0.072724
vn -0.382683 0.921433 0.067188
vn -0.707107 0.705234 0.051423
vn -0.923880 0.381670 0.027830
vn -0.923880 -0.381670 -0.027830
vn -0.707107 -0.705234 -0.051423
vn -0.382683 -0.921433 -0.067188
vn -0.000000 -0.997352 -0.072724
vn 0.382683 -0.921433 -0.067188
vn 0.707107 -0.705234 -0.051423
vn 0.923880 -0.381670 -0.027830
vn 0.923880 0.381809 0.025852
vn 0.707107 0.705491 0.047768
vn 0.382683 0.921769 0.062411
vn 0.000000 0.997716 0.067554
vn -0.382683 0.921769 0.062411
vn -0.707107 0.705491 0.047768
vn -0.923880 0.381809 0.025852
vn -0.923880 -0.381809 -0.025852
vn -0.707107 -0.705491 -0.047768
vn -0.382683 -0.921769 -0.062411
vn -0.000000 -0.997716 -0.067554
vn 0.382683 -0.921769 -0.062411
vn 0.707107 -0.705491 -0.047768
vn 0.923880 -0.381809 -0.025852
vn 0.923880 0.381938 0.023871
vn 0.707107 0.705730 0.044108
vn 0.382683 0.922080 0.057630
vn 0.000000 0.998053 0.062378
vn -0.382683 0.922080 0.057630
vn -0.707107 0.705730 0.044108
vn -0.923880 0.381938 0.023871
vn -0.923880 -0.381938 -0.023871
vn -0.707107 -0.705730 -0.044108
vn -0.382683 -0.922080 -0.057630
vn -0.000000 -0.998053 -0.062378
vn 0.382683 -0.922080 -0.057630
vn 0.707107 -0.705730 -0.044108
vn 0.923880 -0.381938 -0.023871
vn 0.923880 0.382057 0.021889
vn 0.707107 0.705949 0.040445
vn 0.382683 0.922367 0.052844
vn 0.000000 0.998363 0.057198
vn -0.382683 0.922367 0.052844
vn -0.707107 0.705949 0.040445
vn -0.923880 0.382057 0.021889
vn -0.923880 -0.382057 -0.021889
vn -0.707107 -0.705949 -0.040445
vn -0.382683 -0.922367 -0.052844
vn -0.000000 -0.998363 -0.057198
vn 0.382683 -0.922367 -0.052844
vn 0.707107 -0.705949 -0.040445
vn 0.923880 -0.382057 -0.021889
vn 0.923880 0.382165 0.019904
vn 0.707107 0.706150 0.036779
vn 0.382683 0.922629 0.048054
vn 0.000000 0.998646 0.052013
vn -0.382683 0.922629 0.048054
vn -0.707107 0.706150 0.036779
vn -0.923880 0.382165 0.019904
vn -0.923880 -0.382165 -0.019904
vn -0.707107 -0.706150 -0.036779
vn -0.382683 -0.922629 -0.048054
vn -0.000000 -0.998646 -0.052013
vn 0.382683 -0.922629 -0.048054
vn 0.707107 -0.706150 -0.036779
vn 0.923880 -0.382165 -0.019904
vn 0.923880 0.382264 0.017919
vn 0.707107 0.706331 0.033109
vn 0.382683 0.922866 0.043259
vn 0.000000 0.998903 0.046824
vn -0.382683 0.922866 0.043259
vn -0.707107 0.706331 0.033109
vn -0.923880 0.382264 0.017919
vn -0.923880 -0.382264 -0.017919
vn -0.707107 -0.706331 -0.033109
vn -0.382683 -0.922866 -0.043259
vn -0.000000 -0.998903 -0.046824
vn 0.382683 -0.922866 -0.043259
vn 0.707107 -0.706331 -0.033109
vn 0.923880 -0.382264 -0.017919
vn 0.923880 0.382352 0.015931
vn 0.707107 0.706494 0.029437
vn 0.382683 0.923079 0.038462
vn 0.000000 0.999133 0.041631
vn -0.382683 0.923079 0.038462
vn -0.707107 0.706494 0.029437
vn -0.923880 0.382352 0.015931
vn -0.923880 -0.382352 -0.015931
vn -0.707107 -0.706494 -0.029437
vn -0.382683 -0.923079 -0.038462
vn -0.000000 -0.999133 -0.041631
vn 0.382683 -0.923079 -0.038462
vn 0.707107 -0.706494 -0.029437
vn 0.923880 -0.382352 -0.015931
vn 0.923880 0.382429 0.013943
vn 0.707107 0.706637 0.025763
vn 0.382683 0.923266 0.033661
vn 0.000000 0.999336 0.036434
vn -0.382683 0.923266 0.033661
vn -0.707107 0.706637 0.025763
vn -0.923880 0.382429 0.013943
vn -0.923880 -0.382429 -0.013943
vn -0.707107 -0.706637 -0.025763
vn -0.382683 -0.923266 -0.033661
vn -0.000000 -0.999336 -0.036434
vn 0.382683 -0.923266 -0.033661
vn 0.707107 -0.706637 -0.025763
vn 0.923880 -0.382429 -0.013943
vn 0.923880 0.382497 0.011953
vn 0.707107 0.706762 0.022086
vn 0.382683 0.923429 0.028857
vn 0.000000 0.999512 0.031235
vn -0.382683 0.923429 0.028857
vn -0.707107 0.706762 0.022086
vn -0.923880 0.382497 0.011953
vn -0.923880 -0.382497 -0.011953
vn -0.707107 -0.706762 -0.022086
vn -0.382683 -0.923429 -0.028857
vn -0.000000 -0.999512 -0.031235
vn 0.382683 -0.923429 -0.028857
vn 0.707107 -0.706762 -0.022086
vn 0.923880 -0.382497 -0.011953
vn 0.923880 0.382554 0.009962
vn 0.707107 0.706867 0.018408
vn 0.382683 0.923566 0.024051
vn 0.000000 0.999661 0.026033
vn -0.382683 0.923566 0.024051
vn -0.707107 0.706867 0.018408
vn -0.923880 0.382554 0.009962
vn -0.923880 -0.382554 -0.009962
vn -0.707107 -0.706867 -0.018408
vn -0.382683 -0.923566 -0.024051
vn -0.000000 -0.999661 -0.026033
vn 0.382683 -0.923566 -0.024051
vn 0.707107 -0.706867 -0.018408
vn 0.923880 -0.382554 -0.009962
vn 0.923880 0.382600 0.007971
vn 0.707107 0.706953 0.014728
vn 0.382683 0.923679 0.019243
vn 0.000000 0.999783 0.020829
vn -0.382683 0.923679 0.019243
vn -0.707107 0.706953 0.014728
vn -0.923880 0.382600 0.007971
vn -0.923880 -0.382600 -0.007971
vn -0.707107 -0.706953 -0.014728
vn -0.382683 -0.923679 -0.019243
vn -0.000000 -0.999783 -0.020829
vn 0.382683 -0.923679 -0.019243
vn 0.707107 -0.706953 -0.014728
vn 0.923880 -0.382600 -0.007971
vn 0.923880 0.382637 0.005979
vn 0.707107 0.707020 0.011047
vn 0.382683 0.923767 0.014434
vn 0.000000 0.999878 0.015623
vn -0.382683 0.923767 0.014434
vn -0.707107 0.707020 0.011047
vn -0.923880 0.382637 0.005979
vn -0.923880 -0.382637 -0.005979
vn -0.707107 -0.707020 -0.011047
vn -0.382683 -0.923767 -0.014434
vn -0.000000 -0.999878 -0.015623
vn 0.382683 -0.923767 -0.014434
vn 0.707107 -0.707020 -0.011047
vn 0.923880 -0.382637 -0.005979
vn 0.923880 0.382663 0.003986
vn 0.707107 0.707068 0.007365
vn 0.382683 0.923829 0.009623
vn 0.000000 0.999946 0.010416
vn -0.382683 0.923829 0.009623
vn -0.707107 0.707068 0.007365
vn -0.923880 0.382663 0.003986
vn -0.923880 -0.382663 -0.003986
vn -0.707107 -0.707068 -0.007365
vn -0.382683 -0.923829 -0.009623
vn -0.000000 -0.999946 -0.010416
vn 0.382683 -0.923829 -0.009623
vn 0.707107 -0.707068 -0.007365
vn 0.923880 -0.382663 -0.003986
vn 0.923880 0.382678 0.001993
vn 0.707107 0.707097 0.003683
vn 0.382683 0.923867 0.004812
vn 0.000000 0.999986 0.005208
vn -0.382683 0.923867 0.004812
vn -0.707107 0.707097 0.003683
vn -0.923880 0.382678 0.001993
vn -0.923880 -0.382678 -0.001993
vn -0.707107 -0.707097 -0.003683
vn -0.382683 -0.923867 -0.004812
vn -0.000000 -0.999986 -0.005208
vn 0.382683 -0.923867 -0.004812
vn 0.707107 -0.707097 -0.003683
vn 0.923880 -0.382678 -0.001993
vn 0.923880 0.382683 0.000015
vn 0.707107 0.707107 0.000028
vn 0.382683 0.923880 0.000036
vn 0.000000 1.000000 0.000039
vn -0.382683 0.923880 0.000036
vn -0.707107 0.707107 0.000028
vn -0.923880 0.382683 0.000015
vn -0.923880 -0.382683 -0.000015
vn -0.707107 -0.707107 -0.000028
vn -0.382683 -0.923880 -0.000036
vn -0.000000 -1.000000 -0.000039
vn 0.382683 -0.923880 -0.000036
vn 0.707107 -0.707107 -0.000028
vn 0.923880 -0.382683 -0.000015
vn 0.000000 0.000000 -1.000000
usemtl body
f 1/1/1 2/2/1 3/3/1
f 1/1/1 3/3/1 4/4/1
f 1/1/1 4/4/1 5/5/1
f 1/1/1 5/5/1 6/6/1
f 1/1/1 6/6/1 7/7/1
f 1/1/1 7/7/1 8/8/1
f 1/1/1 8/8/1 9/9/1
f 1/1/1 9/9/1 10/10/1
f 1/1/1 10/10/1 11/11/1
f 1/1/1 11/11/1 12/12/1
f 1/1/1 12/12/1 13/13/1
f 1/1/1 13/13/1 14/14/1
f 1/1/1 14/14/1 15/15/1
f 1/1/1 15/15/1 16/16/1
f 1/1/1 16/16/1 17/17/1
f 1/1/1 17/17/1 2/2/1
f 2/18/2 18/19/2 19/20/3
f 2/18/2 19/20/3 3/21/4
f 3/21/4 19/20/3 20/22/5
f 3/21/4 20/22/5 4/23/6
f 4/23/6 20/22/5 21/24/7
f 4/23/6 21/24/7 5/25/8
f 5/25/8 21/24/7 22/26/9
f 5/25/8 22/26/9 6/27/10
f 6/27/10 22/26/9 23/28/11
f 6/27/10 23/28/11 7/29/12
f 7/29/12 23/28/11 24/30/13
f 7/29/12 24/30/13 8/31/14
f 8/31/14 24/30/13 25/32/15
f 8/31/14 25/32/15 9/33/16
f 9/33/16 25/32/15 26/34/17
f 9/33/16 26/34/17 10/35/17
f 10/35/17 26/34/17 27/36/18
f 10/35/17 27/36/18 11/37/19
f 11/37/19 27/36/18 28/38/20
f 11/37/19 28/38/20 12/39/21
f 12/39/21 28/38/20 29/40/22
f 12/39/21 29/40/22 13/41/23
f 13/41/23 29/40/22 30/42/24
f 13/41/23 30/42/24 14/43/25
f 14/43/25 30/42/24 31/44/26
f 14/43/25 31/44/26 15/45/27
f 15/45/27 31/44/26 32/46/28
f 15/45/27 32/46/28 16/47/29
f 16/47/29 32/46/28 33/48/30
f 16/47/29 33/48/30 17/49/31
f 17/49/31 33/48/30 18/50/2
f 17/49/31 18/50/2 2/51/2
f 18/19/2 34/52/2 35/53/32
f 18/19/2 35/53/32 19/20/3
f 19/20/3 35/53/32 36/54/33
f 19/20/3 36/54/33 20/22/5
f 20/22/5 36/54/33 37/55/34
f 20/22/5 37/55/34 21/24/7
f 21/24/7 37/55/34 38/56/35
f 21/24/7 38/56/35 22/26/9
f 22/26/9 38/56/35 39/57/36
f 22/26/9 39/57/36 23/28/11
f 23/28/11 39/57/36 40/58/37
f 23/28/11 40/58/37 24/30/13
f 24/30/13 40/58/37 41/59/38
f 24/30/13 41/59/38 25/32/15
f 25/32/15 41/59/38 42/60/17
f 25/32/15 42/60/17 26/34/17
f 26/34/17 42/60/17 43/61/39
f 26/34/17 43/61/39 27/36/18
f 27/36/18 43/61/39 44/62/40
f 27/36/18 44/62/40 28/38/20
f 28/38/20 44/62/40 45/63/41
f 28/38/20 45/63/41 29/40/22
f 29/40/22 45/63/41 46/64/42
f 29/40/22 46/64/42 30/42/24
f 30/42/24 46/64/42 47/65/43
f 30/42/24 47/65/43 31/44/26
f 31/44/26 47/65/43 48/66/44
f 31/44/26 48/66/44 32/46/28
f 32/46/28 48/66/44 49/67/45
f 32/46/28 49/67/45 33/48/30
f 33/48/30 49/67/45 34/68/2
f 33/48/30 34/68/2 18/50/2
f 34/52/2 50/69/2 51/70/46
f 34/52/2 51/70/46 35/53/32
f 35/53/32 51/70/46 52/71/47
f 35/53/32 52/71/47 36/54/33
f 36/54/33 52/71/47 53/72/48
f 36/54/33 53/72/48 37/55/34
f 37/55/34 53/72/48 54/73/49
f 37/55/34 54/73/49 38/56/35
f 38/56/35 54/73/49 55/74/50
f 38/56/35 55/74/50 39/57/36
f 39/57/36 55/74/50 56/75/51
f 39/57/36 56/75/51 40/58/37
f 40/58/37 56/75/51 57/76/52
f 40/58/37 57/76/52 41/59/38
f 41/59/38 57/76/52 58/77/17
f 41/59/38 58/77/17 42/60/17
f 42/60/17 58/77/17 59/78/53
f 42/60/17 59/78/53 43/61/39
f 43/61/39 59/78/53 60/79/54
f 43/61/39 60/79/54 44/62/40
f 44/62/40 60/79/54 61/80/55
f 44/62/40 61/80/55 45/63/41
f 45/63/41 61/80/55 62/81/56
f 45/63/41 62/81/56 46/64/42
f 46/64/42 62/81/56 63/82/57
f 46/64/42 63/82/57 47/65/43
f 47/65/43 63/82/57 64/83/58
f 47/65/43 64/83/58 48/66/44
f 48/66/44 64/83/58 65/84/59
f 48/66/44 65/84/59 49/67/45
f 49/67/45 65/84/59 50/85/2
f 49/67/45 50/85/2 34/68/2
f 50/69/2 66/86/2 67/87/60
f 50/69/2 67/87/60 51/70/46
f 51/70/46 67/87/60 68/88/61
f 51/70/46 68/88/61 52/71/47
f 52/71/47 68/88/61 69/89/62
f 52/71/47 69/89/62 53/72/48
f 53/72/48 69/89/62 70/90/63
f 53/72/48 70/90/63 54/73/49
f 54/73/49 70/90/63 71/91/64
f 54/73/49 71/91/64 55/74/50
f 55/74/50 71/91/64 72/92/65
f 55/74/50 72/92/65 56/75/51
f 56/75/51 72/92/65 73/93/66
f 56/75/51 73/93/66 57/76/52
f 57/76/52 73/93/66 74/94/17
f 57/76/52 74/94/17 58/77/17
f 58/77/17 74/94/17 75/95/67
f 58/77/17 75/95/67 59/78/53
f 59/78/53 75/95/67 76/96/68
f 59/78/53 76/96/68 60/79/54
f 60/79/54 76/96/68 77/97/69
f 60/79/54 77/97/69 61/80/55
f 61/80/55 77/97/69 78/98/70
f 61/80/55 78/98/70 62/81/56
f 62/81/56 78/98/70 79/99/71
f 62/81/56 79/99/71 63/82/57
f 63/82/57 79/99/71 80/100/72
f 63/82/57 80/100/72 64/83/58
f 64/83/58 80/100/72 81/101/73
f 64/83/58 81/101/73 65/84/59
f 65/84/59 81/101/73 66/102/2
f 65/84/59 66/102/2 50/85/2
f 66/86/2 82/103/2 83/104/74
f 66/86/2 83/104/74 67/87/60
f 67/87/60 83/104/74 84/105/75
f 67/87/60 84/105/75 68/88/61
f 68/88/61 84/105/75 85/106/76
f 68/88/61 85/106/76 69/89/62
f 69/89/62 85/106/76 86/107/77
f 69/89/62 86/107/77 70/90/63
f 70/90/63 86/107/77 87/108/78
f 70/90/63 87/108/78 71/91/64
f 71/91/64 87/108/78 88/109/79
f 71/91/64 88/109/79 72/92/65
f 72/92/65 88/109/79 89/110/80
f 72/92/65 89/110/80 73/93/66
f 73/93/66 89/110/80 90/111/17
f 73/93/66 90/111/17 74/94/17
f 74/94/17 90/111/17 91/112/81
f 74/94/17 91/112/81 75/95/67
f 75/95/67 91/112/81 92/113/82
f 75/95/67 92/113/82 76/96/68
f 76/96/68 92/113/82 93/114/83
f 76/96/68 93/114/83 77/97/69
f 77/97/69 93/114/83 94/115/84
f 77/97/69 94/115/84 78/98/70
f 78/98/70 94/115/84 95/116/85
f 78/98/70 95/116/85 79/99/71
f 79/99/71 95/116/85 96/117/86
f 79/99/71 96/117/86 80/100/72
f 80/100/72 96/117/86 97/118/87
f 80/100/72 97/118/87 81/101/73
f 81/101/73 97/118/87 82/119/2
f 81/101/73 82/119/2 66/102/2
f 82/103/2 98/120/2 99/121/88
f 82/103/2 99/121/88 83/104/74
f 83/104/74 99/121/88 100/122/89
f 83/104/74 100/122/89 84/105/75
f 84/105/75 100/122/89 101/123/90
f 84/105/75 101/123/90 85/106/76
f 85/106/76 101/123/90 102/124/91
f 85/106/76 102/124/91 86/107/77
f 86/107/77 102/124/91 103/125/92
f 86/107/77 103/125/92 87/108/78
f 87/108/78 103/125/92 104/126/93
f 87/108/78 104/126/93 88/109/79
f 88/109/79 104/126/93 105/127/94
f 88/109/79 105/127/94 89/110/80
f 89/110/80 105/127/94 106/128/17
f 89/110/80 106/128/17 90/111/17
f 90/111/17 106/128/17 107/129/95
f 90/111/17 107/129/95 91/112/81
f 91/112/81 107/129/95 108/130/96
f 91/112/81 108/130/96 92/113/82
f 92/113/82 108/130/96 109/131/97
f 92/113/82 109/131/97 93/114/83
f 93/114/83 109/131/97 110/132/98
f 93/114/83 110/132/98 94/115/84
f 94/115/84 110/132/98 111/133/99
f 94/115/84 111/133/99 95/116/85
f 95/116/85 111/133/99 112/134/100
f 95/116/85 112/134/100 96/117/86
f 96/117/86 112/134/100 113/135/101
f 96/117/86 113/135/101 97/118/87
f 97/118/87 113/135/101 98/136/2
f 97/118/87 98/136/2 82/119/2
f 98/120/2 114/137/2 115/138/102
f 98/120/2 115/138/102 99/121/88
f 99/121/88 115/138/102 116/139/103
f 99/121/88 116/139/103 100/122/89
f 100/122/89 116/139/103 117/140/104
f 100/122/89 117/140/104 101/123/90
f 101/123/90 117/140/104 118/141/105
f 101/123/90 118/141/105 102/124/91
f 102/124/91 118/141/105 119/142/106
f 102/124/91 119/142/106 103/125/92
f 103/125/92 119/142/106 120/143/107
f 103/125/92 120/143/107 104/126/93
f 104/126/93 120/143/107 121/144/108
f 104/126/93 121/144/108 105/127/94
f 105/127/94 121/144/108 122/145/17
f 105/127/94 122/145/17 106/128/17
f 106/128/17 122/145/17 123/146/109
f 106/128/17 123/146/109 107/129/95
f 107/129/95 123/146/109 124/147/110
f 107/129/95 124/147/110 108/130/96
f 108/130/96 124/147/110 125/148/111
f 108/130/96 125/148/111 109/131/97
f 109/131/97 125/148/111 126/149/112
f 109/131/97 126/149/112 110/132/98
f 110/132/98 126/149/112 127/150/113
f 110/132/98 127/150/113 111/133/99
f 111/133/99 127/150/113 128/151/114
f 111/133/99 128/151/114 112/134/100
f 112/134/100 128/151/114 129/152/115
f 112/134/100 129/152/115 113/135/101
f 113/135/101 129/152/115 114/153/2
f 113/135/101 114/153/2 98/136/2
f 114/137/2 130/154/2 131/155/116
f 114/137/2 131/155/116 115/138/102
f 115/138/102 131/155/116 132/156/117
f 115/138/102 132/156/117 116/139/103
f 116/139/103 132/156/117 133/157/118
f 116/139/103 133/157/118 117/140/104
f 117/140/104 133/157/118 134/158/119
f 117/140/104 134/158/119 118/141/105
f 118/141/105 134/158/119 135/159/120
f 118/141/105 135/159/120 119/142/106
f 119/142/106 135/159/120 136/160/121
f 119/142/106 136/160/121 120/143/107
f 120/143/107 136/160/121 137/161/122
f 120/143/107 137/161/122 121/144/108
f 121/144/108 137/161/122 138/162/17
f 121/144/108 138/162/17 122/145/17
f 122/145/17 138/162/17 139/163/123
f 122/145/17 139/163/123 123/146/109
f 123/146/109 139/163/123 140/164/124
f 123/146/109 140/164/124 124/147/110
f 124/147/110 140/164/124 141/165/125
f 124/147/110 141/165/125 125/148/111
f 125/148/111 141/165/125 142/166/126
f 125/148/111 142/166/126 126/149/112
f 126/149/112 142/166/126 143/167/127
f 126/149/112 143/167/127 127/150/113
f 127/150/113 143/167/127 144/168/128
f 127/150/113 144/168/128 128/151/114
f 128/151/114 144/168/128 145/169/129
f 128/151/114 145/169/129 129/152/115
f 129/152/115 145/169/129 130/170/2
f 129/152/115 130/170/2 114/153/2
f 130/154/2 146/171/2 147/172/130
f 130/154/2 147/172/130 131/155/116
f 131/155/116 147/172/130 148/173/131
f 131/155/116 148/173/131 132/156/117
f 132/156/117 148/173/131 149/174/132
f 132/156/117 149/174/132 133/157/118
f 133/157/118 149/174/132 150/175/133
f 133/157/118 150/175/133 134/158/119
f 134/158/119 150/175/133 151/176/134
f 134/158/119 151/176/134 135/159/120
f 135/159/120 151/176/134 152/177/135
f 135/159/120 152/177/135 136/160/121
f 136/160/121 152/177/135 153/178/136
f 136/160/121 153/178/136 137/161/122
f 137/161/122 153/178/136 154/179/17
f 137/161/122 154/179/17 138/162/17
f 138/162/17 154/179/17 155/180/137
f 138/162/17 155/180/137 139/163/123
f 139/163/123 155/180/137 156/181/138
f 139/163/123 156/181/138 140/164/124
f 140/164/124 156/181/138 157/182/139
f 140/164/124 157/182/139 141/165/125
f 141/165/125 157/182/139 158/183/140
f 141/165/125 158/183/140 142/166/126
f 142/166/126 158/183/140 159/184/141
f 142/166/126 159/184/141 143/167/127
f 143/167/127 159/184/141 160/185/142
f 143/167/127 160/185/142 144/168/128
f 144/168/128 160/185/142 161/186/143
f 144/168/128 161/186/143 145/169/129
f 145/169/129 161/186/143 146/187/2
f 145/169/129 146/187/2 130/170/2
f 146/171/2 162/188/2 163/189/144
f 146/171/2 163/189/144 147/172/130
f 147/172/130 163/189/144 164/190/145
f 147/172/130 164/190/145 148/173/131
f 148/173/131 164/190/145 165/191/146
f 148/173/131 165/191/146 149/174/132
f 149/174/132 165/191/146 166/192/147
f 149/174/132 166/192/147 150/175/133
f 150/175/133 166/192/147 167/193/148
f 150/175/133 167/193/148 151/176/134
f 151/176/134 167/193/148 168/194/149
f 151/176/134 168/194/149 152/177/135
f 152/177/135 168/194/149 169/195/150
f 152/177/135 169/195/150 153/178/136
f 153/178/136 169/195/150 170/196/17
f 153/178/136 170/196/17 154/179/17
f 154/179/17 170/196/17 171/197/151
f 154/179/17 171/197/151 155/180/137
f 155/180/137 171/197/151 172/198/152
f 155/180/137 172/198/152 156/181/138
f 156/181/138 172/198/152 173/199/153
f 156/181/138 173/199/153 157/182/139
f 157/182/139 173/199/153 174/200/154
f 157/182/139 174/200/154 158/183/140
f 158/183/140 174/200/154 175/201/155
f 158/183/140 175/201/155 159/184/141
f 159/184/141 175/201/155 176/202/156
f 159/184/141 176/202/156 160/185/142
f 160/185/142 176/202/156 177/203/157
f 160/185/142 177/203/157 161/186/143
f 161/186/143 177/203/157 162/204/2
f 161/186/143 162/204/2 146/187/2
f 162/188/2 178/205/2 179/206/158
f 162/188/2 179/206/158 163/189/144
f 163/189/144 179/206/158 180/207/159
f 163/189/144 180/207/159 164/190/145
f 164/190/145 180/207/159 181/208/160
f 164/190/145 181/208/160 165/191/146
f 165/191/146 181/208/160 182/209/161
f 165/191/146 182/209/161 166/192/147
f 166/192/147 182/209/161 183/210/162
f 166/192/147 183/210/162 167/193/148
f 167/193/148 183/210/162 184/211/163
f 167/193/148 184/211/163 168/194/149
f 168/194/149 184/211/163 185/212/164
f 168/194/149 185/212/164 169/195/150
f 169/195/150 185/212/164 186/213/17
f 169/195/150 186/213/17 170/196/17
f 170/196/17 186/213/17 187/214/165
f 170/196/17 187/214/165 171/197/151
f 171/197/151 187/214/165 188/215/166
f 171/197/151 188/215/166 172/198/152
f 172/198/152 188/215/166 189/216/167
f 172/198/152 189/216/167 173/199/153
f 173/199/153 189/216/167 190/217/168
f 173/199/153 190/217/168 174/200/154
f 174/200/154 190/217/168 191/218/169
f 174/200/154 191/218/169 175/201/155
f 175/201/155 191/218/169 192/219/170
f 175/201/155 192/219/170 176/202/156
f 176/202/156 192/219/170 193/220/171
f 176/202/156 193/220/171 177/203/157
f 177/203/157 193/220/171 178/221/2
f 177/203/157 178/221/2 162/204/2
f 178/205/2 194/222/2 195/223/172
f 178/205/2 195/223/172 179/206/158
f 179/206/158 195/223/172 196/224/173
f 179/206/158 196/224/173 180/207/159
f 180/207/159 196/224/173 197/225/174
f 180/207/159 197/225/174 181/208/160
f 181/208/160 197/225/174 198/226/175
f 181/208/160 198/226/175 182/209/161
f 182/209/161 198/226/175 199/227/176
f 182/209/161 199/227/176 183/210/162
f 183/210/162 199/227/176 200/228/177
f 183/210/162 200/228/177 184/211/163
f 184/211/163 200/228/177 201/229/178
f 184/211/163 201/229/178 185/212/164
f 185/212/164 201/229/178 202/230/17
f 185/212/164 202/230/17 186/213/17
f 186/213/17 202/230/17 203/231/179
f 186/213/17 203/231/179 187/214/165
f 187/214/165 203/231/179 204/232/180
f 187/214/165 204/232/180 188/215/166
f 188/215/166 204/232/180 205/233/181
f 188/215/166 205/233/181 189/216/167
f 189/216/167 205/233/181 206/234/182
f 189/216/167 206/234/182 190/217/168
f 190/217/168 206/234/182 207/235/183
f 190/217/168 207/235/183 191/218/169
f 191/218/169 207/235/183 208/236/184
f 191/218/169 208/236/184 192/219/170
f 192/219/170 208/236/184 209/237/185
f 192/219/170 209/237/185 193/220/171
f 193/220/171 209/237/185 194/238/2
f 193/220/171 194/238/2 178/221/2
f 194/222/2 210/239/2 211/240/186
f 194/222/2 211/240/186 195/223/172
f 195/223/172 211/240/186 212/241/187
f 195/223/172 212/241/187 196/224/173
f 196/224/173 212/241/187 213/242/188
f 196/224/173 213/242/188 197/225/174
f 197/225/174 213/242/188 214/243/189
f 197/225/174 214/243/189 198/226/175
f 198/226/175 214/243/189 215/244/190
f 198/226/175 215/244/190 199/227/176
f 199/227/176 215/244/190 216/245/191
f 199/227/176 216/245/191 200/228/177
f 200/228/177 216/245/191 217/246/192
f 200/228/177 217/246/192 201/229/178
f 201/229/178 217/246/192 218/247/17
f 201/229/178 218/247/17 202/230/17
f 202/230/17 218/247/17 219/248/193
f 202/230/17 219/248/193 203/231/179
f 203/231/179 219/248/193 220/249/194
f 203/231/179 220/249/194 204/232/180
f 204/232/180 220/249/194 221/250/195
f 204/232/180 221/250/195 205/233/181
f 205/233/181 221/250/195 222/251/196
f 205/233/181 222/251/196 206/234/182
f 206/234/182 222/251/196 223/252/197
f 206/234/182 223/252/197 207/235/183
f 207/235/183 223/252/197 224/253/198
f 207/235/183 224/253/198 208/236/184
f 208/236/184 224/253/198 225/254/199
f 208/236/184 225/254/199 209/237/185
f 209/237/185 225/254/199 210/255/2
f 209/237/185 210/255/2 194/238/2
f 210/239/2 226/256/2 227/257/200
f 210/239/2 227/257/200 211/240/186
f 211/240/186 227/257/200 228/258/201
f 211/240/186 228/258/201 212/241/187
f 212/241/187 228/258/201 229/259/202
f 212/241/187 229/259/202 213/242/188
f 213/242/188 229/259/202 230/260/203
f 213/242/188 230/260/203 214/243/189
f 214/243/189 230/260/203 231/261/204
f 214/243/189 231/261/204 215/244/190
f 215/244/190 231/261/204 232/262/205
f 215/244/190 232/262/205 216/245/191
f 216/245/191 232/262/205 233/263/206
f 216/245/191 233/263/206 217/246/192
f 217/246/192 233/263/206 234/264/17
f 217/246/192 234/264/17 218/247/17
f 218/247/17 234/264/17 235/265/207
f 218/247/17 235/265/207 219/248/193
f 219/248/193 235/265/207 236/266/208
f 219/248/193 236/266/208 220/249/194
f 220/249/194 236/266/208 237/267/209
f 220/249/194 237/267/209 221/250/195
f 221/250/195 237/267/209 238/268/210
f 221/250/195 238/268/210 222/251/196
f 222/251/196 238/268/210 239/269/211
f 222/251/196 239/269/211 223/252/197
f 223/252/197 239/269/211 240/270/212
f 223/252/197 240/270/212 224/253/198
f 224/253/198 240/270/212 241/271/213
f 224/253/198 241/271/213 225/254/199
f 225/254/199 241/271/213 226/272/2
f 225/254/199 226/272/2 210/255/2
f 226/256/2 242/273/2 243/274/214
f 226/256/2 243/274/214 227/257/200
f 227/257/200 243/274/214 244/275/215
f 227/257/200 244/275/215 228/258/201
f 228/258/201 244/275/215 245/276/216
f 228/258/201 245/276/216 229/259/202
f 229/259/202 245/276/216 246/277/217
f 229/259/202 246/277/217 230/260/203
f 230/260/203 246/277/217 247/278/218
f 230/260/203 247/278/218 231/261/204
f 231/261/204 247/278/218 248/279/219
f 231/261/204 248/279/219 232/262/205
f 232/262/205 248/279/219 249/280/220
f 232/262/205 249/280/220 233/263/206
f 233/263/206 249/280/220 250/281/17
f 233/263/206 250/281/17 234/264/17
f 234/264/17 250/281/17 251/282/221
f 234/264/17 251/282/221 235/265/207
f 235/265/207 251/282/221 252/283/222
f 235/265/207 252/283/222 236/266/208
f 236/266/208 252/283/222 253/284/223
f 236/266/208 253/284/223 237/267/209
f 237/267/209 253/284/223 254/285/224
f 237/267/209 254/285/224 238/268/210
f 238/268/210 254/285/224 255/286/225
f 238/268/210 255/286/225 239/269/211
f 239/269/211 255/286/225 256/287/226
f 239/269/211 256/287/226 240/270/212
f 240/270/212 256/287/226 257/288/227
f 240/270/212 257/288/227 241/271/213
f 241/271/213 257/288/227 242/289/2
f 241/271/213 242/289/2 226/272/2
f 242/273/2 258/290/2 259/291/228
f 242/273/2 259/291/228 243/274/214
f 243/274/214 259/291/228 260/292/229
f 243/274/214 260/292/229 244/275/215
f 244/275/215 260/292/229 261/293/230
f 244/275/215 261/293/230 245/276/216
f 245/276/216 261/293/230 262/294/231
f 245/276/216 262/294/231 246/277/217
f 246/277/217 262/294/231 263/295/232
f 246/277/217 263/295/232 247/278/218
f 247/278/218 263/295/232 264/296/233
f 247/278/218 264/296/233 248/279/219
f 248/279/219 264/296/233 265/297/234
f 248/279/219 265/297/234 249/280/220
f 249/280/220 265/297/234 266/298/17
f 249/280/220 266/298/17 250/281/17
f 250/281/17 266/298/17 267/299/235
f 250/281/17 267/299/235 251/282/221
f 251/282/221 267/299/235 268/300/236
f 251/282/221 268/300/236 252/283/222
f 252/283/222 268/300/236 269/301/237
f 252/283/222 269/301/237 253/284/223
f 253/284/223 269/301/237 270/302/238
f 253/284/223 270/302/238 254/285/224
f 254/285/224 270/302/238 271/303/239
f 254/285/224 271/303/239 255/286/225
f 255/286/225 271/303/239 272/304/240
f 255/286/225 272/304/240 256/287/226
f 256/287/226 272/304/240 273/305/241
f 256/287/226 273/305/241 257/288/227
f 257/288/227 273/305/241 258/306/2
f 257/288/227 258/306/2 242/289/2
f 258/290/2 274/307/2 275/308/242
f 258/290/2 275/308/242 259/291/228
f 259/291/228 275/308/242 276/309/243
f 259/291/228 276/309/243 260/292/229
f 260/292/229 276/309/243 277/310/244
f 260/292/229 277/310/244 261/293/230
f 261/293/230 277/310/244 278/311/245
f 261/293/230 278/311/245 262/294/231
f 262/294/231 278/311/245 279/312/246
f 262/294/231 279/312/246 263/295/232
f 263/295/232 279/312/246 280/313/247
f 263/295/232 280/313/247 264/296/233
f 264/296/233 280/313/247 281/314/248
f 264/296/233 281/314/248 265/297/234
f 265/297/234 281/314/248 282/315/17
f 265/297/234 282/315/17 266/298/17
f 266/298/17 282/315/17 283/316/249
f 266/298/17 283/316/249 267/299/235
f 267/299/235 283/316/249 284/317/250
f 267/299/235 284/317/250 268/300/236
f 268/300/236 284/317/250 285/318/251
f 268/300/236 285/318/251 269/301/237
f 269/301/237 285/318/251 286/319/252
f 269/301/237 286/319/252 270/302/238
f 270/302/238 286/319/252 287/320/253
f 270/302/238 287/320/253 271/303/239
f 271/303/239 287/320/253 288/321/254
f 271/303/239 288/321/254 272/304/240
f 272/304/240 288/321/254 289/322/255
f 272/304/240 289/322/255 273/305/241
f 273/305/241 289/322/255 274/323/2
f 273/305/241 274/323/2 258/306/2
f 274/307/2 290/324/2 291/325/256
f 274/307/2 291/325/256 275/308/242
f 275/308/242 291/325/256 292/326/257
f 275/308/242 292/326/257 276/309/243
f 276/309/243 292/326/257 293/327/258
f 276/309/243 293/327/258 277/310/244
f 277/310/244 293/327/258 294/328/259
f 277/310/244 294/328/259 278/311/245
f 278/311/245 294/328/259 295/329/260
f 278/311/245 295/329/260 279/312/246
f 279/312/246 295/329/260 296/330/261
f 279/312/246 296/330/261 280/313/247
f 280/313/247 296/330/261 297/331/262
f 280/313/247 297/331/262 281/314/248
f 281/314/248 297/331/262 298/332/17
f 281/314/248 298/332/17 282/315/17
f 282/315/17 298/332/17 299/333/263
f 282/315/17 299/333/263 283/316/249
f 283/316/249 299/333/263 300/334/264
f 283/316/249 300/334/264 284/317/250
f 284/317/250 300/334/264 301/335/265
f 284/317/250 301/335/265 285/318/251
f 285/318/251 301/335/265 302/336/266
f 285/318/251 302/336/266 286/319/252
f 286/319/252 302/336/266 303/337/267
f 286/319/252 303/337/267 287/320/253
f 287/320/253 303/337/267 304/338/268
f 287/320/253 304/338/268 288/321/254
f 288/321/254 304/338/268 305/339/269
f 288/321/254 305/339/269 289/322/255
f 289/322/255 305/339/269 290/340/2
f 289/322/255 290/340/2 274/323/2
f 290/324/2 306/341/2 307/342/270
f 290/324/2 307/342/270 291/325/256
f 291/325/256 307/342/270 308/343/271
f 291/325/256 308/343/271 292/326/257
f 292/326/257 308/343/271 309/344/272
f 292/326/257 309/344/272 293/327/258
f 293/327/258 309/344/272 310/345/273
f 293/327/258 310/345/273 294/328/259
f 294/328/259 310/345/273 311/346/274
f 294/328/259 311/346/274 295/329/260
f 295/329/260 311/346/274 312/347/275
f 295/329/260 312/347/275 296/330/261
f 296/330/261 312/347/275 313/348/276
f 296/330/261 313/348/276 297/331/262
f 297/331/262 313/348/276 314/349/17
f 297/331/262 314/349/17 298/332/17
f 298/332/17 314/349/17 315/350/277
f 298/332/17 315/350/277 299/333/263
f 299/333/263 315/350/277 316/351/278
f 299/333/263 316/351/278 300/334/264
f 300/334/264 316/351/278 317/352/279
f 300/334/264 317/352/279 301/335/265
f 301/335/265 317/352/279 318/353/280
f 301/335/265 318/353/280 302/336/266
f 302/336/266 318/353/280 319/354/281
f 302/336/266 319/354/281 303/337/267
f 303/337/267 319/354/281 320/355/282
f 303/337/267 320/355/282 304/338/268
f 304/338/268 320/355/282 321/356/283
f 304/338/268 321/356/283 305/339/269
f 305/339/269 321/356/283 306/357/2
f 305/339/269 306/357/2 290/340/2
f 306/341/2 322/358/2 323/359/284
f 306/341/2 323/359/284 307/342/270
f 307/342/270 323/359/284 324/360/285
f 307/342/270 324/360/285 308/343/271
f 308/343/271 324/360/285 325/361/286
f 308/343/271 325/361/286 309/344/272
f 309/344/272 325/361/286 326/362/287
f 309/344/272 326/362/287 310/345/273
f 310/345/273 326/362/287 327/363/288
f 310/345/273 327/363/288 311/346/274
f 311/346/274 327/363/288 328/364/289
f 311/346/274 328/364/289 312/347/275
f 312/347/275 328/364/289 329/365/290
f 312/347/275 329/365/290 313/348/276
f 313/348/276 329/365/290 330/366/17
f 313/348/276 330/366/17 314/349/17
f 314/349/17 330/366/17 331/367/291
f 314/349/17 331/367/291 315/350/277
f 315/350/277 331/367/291 332/368/292
f 315/350/277 332/368/292 316/351/278
f 316/351/278 332/368/292 333/369/293
f 316/351/278 333/369/293 317/352/279
f 317/352/279 333/369/293 334/370/294
f 317/352/279 334/370/294 318/353/280
f 318/353/280 334/370/294 335/371/295
f 318/353/280 335/371/295 319/354/281
f 319/354/281 335/371/295 336/372/296
f 319/354/281 336/372/296 320/355/282
f 320/355/282 336/372/296 337/373/297
f 320/355/282 337/373/297 321/356/283
f 321/356/283 337/373/297 322/374/2
f 321/356/283 322/374/2 306/357/2
f 322/358/2 338/375/2 339/376/298
f 322/358/2 339/376/298 323/359/284
f 323/359/284 339/376/298 340/377/299
f 323/359/284 340/377/299 324/360/285
f 324/360/285 340/377/299 341/378/300
f 324/360/285 341/378/300 325/361/286
f 325/361/286 341/378/300 342/379/301
f 325/361/286 342/379/301 326/362/287
f 326/362/287 342/379/301 343/380/302
f 326/362/287 343/380/302 327/363/288
f 327/363/288 343/380/302 344/381/303
f 327/363/288 344/381/303 328/364/289
f 328/364/289 344/381/303 345/382/304
f 328/364/289 345/382/304 329/365/290
f 329/365/290 345/382/304 346/383/17
f 329/365/290 346/383/17 330/366/17
f 330/366/17 346/383/17 347/384/305
f 330/366/17 347/384/305 331/367/291
f 331/367/291 347/384/305 348/385/306
f 331/367/291 348/385/306 332/368/292
f 332/368/292 348/385/306 349/386/307
f 332/368/292 349/386/307 333/369/293
f 333/369/293 349/386/307 350/387/308
f 333/369/293 350/387/308 334/370/294
f 334/370/294 350/387/308 351/388/309
f 334/370/294 351/388/309 335/371/295
f 335/371/295 351/388/309 352/389/310
f 335/371/295 352/389/310 336/372/296
f 336/372/296 352/389/310 353/390/311
f 336/372/296 353/390/311 337/373/297
f 337/373/297 353/390/311 338/391/2
f 337/373/297 338/391/2 322/374/2
f 338/375/2 354/392/2 355/393/312
f 338/375/2 355/393/312 339/376/298
f 339/376/298 355/393/312 356/394/313
f 339/376/298 356/394/313 340/377/299
f 340/377/299 356/394/313 357/395/314
f 340/377/299 357/395/314 341/378/300
f 341/378/300 357/395/314 358/396/315
f 341/378/300 358/396/315 342/379/301
f 342/379/301 358/396/315 359/397/316
f 342/379/301 359/397/316 343/380/302
f 343/380/302 359/397/316 360/398/317
f 343/380/302 360/398/317 344/381/303
f 344/381/303 360/398/317 361/399/318
f 344/381/303 361/399/318 345/382/304
f 345/382/304 361/399/318 362/400/17
f 345/382/304 362/400/17 346/383/17
f 346/383/17 362/400/17 363/401/319
f 346/383/17 363/401/319 347/384/305
f 347/384/305 363/401/319 364/402/320
f 347/384/305 364/402/320 348/385/306
f 348/385/306 364/402/320 365/403/321
f 348/385/306 365/403/321 349/386/307
f 349/386/307 365/403/321 366/404/322
f 349/386/307 366/404/322 350/387/308
f 350/387/308 366/404/322 367/405/323
f 350/387/308 367/405/323 351/388/309
f 351/388/309 367/405/323 368/406/324
f 351/388/309 368/406/324 352/389/310
f 352/389/310 368/406/324 369/407/325
f 352/389/310 369/407/325 353/390/311
f 353/390/311 369/407/325 354/408/2
f 353/390/311 354/408/2 338/391/2
f 354/392/2 370/409/2 371/410/326
f 354/392/2 371/410/326 355/393/312
f 355/393/312 371/410/326 372/411/327
f 355/393/312 372/411/327 356/394/313
f 356/394/313 372/411/327 373/412/328
f 356/394/313 373/412/328 357/395/314
f 357/395/314 373/412/328 374/413/329
f 357/395/314 374/413/329 358/396/315
f 358/396/315 374/413/329 375/414/330
f 358/396/315 375/414/330 359/397/316
f 359/397/316 375/414/330 376/415/331
f 359/397/316 376/415/331 360/398/317
f 360/398/317 376/415/331 377/416/332
f 360/398/317 377/416/332 361/399/318
f 361/399/318 377/416/332 378/417/17
f 361/399/318 378/417/17 362/400/17
f 362/400/17 378/417/17 379/418/333
f 362/400/17 379/418/333 363/401/319
f 363/401/319 379/418/333 380/419/334
f 363/401/319 380/419/334 364/402/320
f 364/402/320 380/419/334 381/420/335
f 364/402/320 381/420/335 365/403/321
f 365/403/321 381/420/335 382/421/336
f 365/403/321 382/421/336 366/404/322
f 366/404/322 382/421/336 383/422/337
f 366/404/322 383/422/337 367/405/323
f 367/405/323 383/422/337 384/423/338
f 367/405/323 384/423/338 368/406/324
f 368/406/324 384/423/338 385/424/339
f 368/406/324 385/424/339 369/407/325
f 369/407/325 385/424/339 370/425/2
f 369/407/325 370/425/2 354/408/2
f 370/409/2 386/426/2 387/427/340
f 370/409/2 387/427/340 371/410/326
f 371/410/326 387/427/340 388/428/341
f 371/410/326 388/428/341 372/411/327
f 372/411/327 388/428/341 389/429/342
f 372/411/327 389/429/342 373/412/328
f 373/412/328 389/429/342 390/430/343
f 373/412/328 390/430/343 374/413/329
f 374/413/329 390/430/343 391/431/344
f 374/413/329 391/431/344 375/414/330
f 375/414/330 391/431/344 392/432/345
f 375/414/330 392/432/345 376/415/331
f 376/415/331 392/432/345 393/433/346
f 376/415/331 393/433/346 377/416/332
f 377/416/332 393/433/346 394/434/17
f 377/416/332 394/434/17 378/417/17
f 378/417/17 394/434/17 395/435/347
f 378/417/17 395/435/347 379/418/333
f 379/418/333 395/435/347 396/436/348
f 379/418/333 396/436/348 380/419/334
f 380/419/334 396/436/348 397/437/349
f 380/419/334 397/437/349 381/420/335
f 381/420/335 397/437/349 398/438/350
f 381/420/335 398/438/350 382/421/336
f 382/421/336 398/438/350 399/439/351
f 382/421/336 399/439/351 383/422/337
f 383/422/337 399/439/351 400/440/352
f 383/422/337 400/440/352 384/423/338
f 384/423/338 400/440/352 401/441/353
f 384/423/338 401/441/353 385/424/339
f 385/424/339 401/441/353 386/442/2
f 385/424/339 386/442/2 370/425/2
f 386/426/2 402/443/2 403/444/354
f 386/426/2 403/444/354 387/427/340
f 387/427/340 403/444/354 404/445/355
f 387/427/340 404/445/355 388/428/341
f 388/428/341 404/445/355 405/446/356
f 388/428/341 405/446/356 389/429/342
f 389/429/342 405/446/356 406/447/357
f 389/429/342 406/447/357 390/430/343
f 390/430/343 406/447/357 407/448/358
f 390/430/343 407/448/358 391/431/344
f 391/431/344 407/448/358 408/449/359
f 391/431/344 408/449/359 392/432/345
f 392/432/345 408/449/359 409/450/360
f 392/432/345 409/450/360 393/433/346
f 393/433/346 409/450/360 410/451/17
f 393/433/346 410/451/17 394/434/17
f 394/434/17 410/451/17 411/452/361
f 394/434/17 411/452/361 395/435/347
f 395/435/347 411/452/361 412/453/362
f 395/435/347 412/453/362 396/436/348
f 396/436/348 412/453/362 413/454/363
f 396/436/348 413/454/363 397/437/349
f 397/437/349 413/454/363 414/455/364
f 397/437/349 414/455/364 398/438/350
f 398/438/350 414/455/364 415/456/365
f 398/438/350 415/456/365 399/439/351
f 399/439/351 415/456/365 416/457/366
f 399/439/351 416/457/366 400/440/352
f 400/440/352 416/457/366 417/458/367
f 400/440/352 417/458/367 401/441/353
f 401/441/353 417/458/367 402/459/2
f 401/441/353 402/459/2 386/442/2
f 402/443/2 418/460/2 419/461/368
f 402/443/2 419/461/368 403/444/354
f 403/444/354 419/461/368 420/462/369
f 403/444/354 420/462/369 404/445/355
f 404/445/355 420/462/369 421/463/370
f 404/445/355 421/463/370 405/446/356
f 405/446/356 421/463/370 422/464/371
f 405/446/356 422/464/371 406/447/357
f 406/447/357 422/464/371 423/465/372
f 406/447/357 423/465/372 407/448/358
f 407/448/358 423/465/372 424/466/373
f 407/448/358 424/466/373 408/449/359
f 408/449/359 424/466/373 425/467/374
f 408/449/359 425/467/374 409/450/360
f 409/450/360 425/467/374 426/468/17
f 409/450/360 426/468/17 410/451/17
f 410/451/17 426/468/17 427/469/375
f 410/451/17 427/469/375 411/452/361
f 411/452/361 427/469/375 428/470/376
f 411/452/361 428/470/376 412/453/362
f 412/453/362 428/470/376 429/471/377
f 412/453/362 429/471/377 413/454/363
f 413/454/363 429/471/377 430/472/378
f 413/454/363 430/472/378 414/455/364
f 414/455/364 430/472/378 431/473/379
f 414/455/364 431/473/379 415/456/365
f 415/456/365 431/473/379 432/474/380
f 415/456/365 432/474/380 416/457/366
f 416/457/366 432/474/380 433/475/381
f 416/457/366 433/475/381 417/458/367
f 417/458/367 433/475/381 418/476/2
f 417/458/367 418/476/2 402/459/2
f 418/460/2 434/477/2 435/478/382
f 418/460/2 435/478/382 419/461/368
f 419/461/368 435/478/382 436/479/383
f 419/461/368 436/479/383 420/462/369
f 420/462/369 436/479/383 437/480/384
f 420/462/369 437/480/384 421/463/370
f 421/463/370 437/480/384 438/481/385
f 421/463/370 438/481/385 422/464/371
f 422/464/371 438/481/385 439/482/386
f 422/464/371 439/482/386 423/465/372
f 423/465/372 439/482/386 440/483/387
f 423/465/372 440/483/387 424/466/373
f 424/466/373 440/483/387 441/484/388
f 424/466/373 441/484/388 425/467/374
f 425/467/374 441/484/388 442/485/17
f 425/467/374 442/485/17 426/468/17
f 426/468/17 442/485/17 443/486/389
f 426/468/17 443/486/389 427/469/375
f 427/469/375 443/486/389 444/487/390
f 427/469/375 444/487/390 428/470/376
f 428/470/376 444/487/390 445/488/391
f 428/470/376 445/488/391 429/471/377
f 429/471/377 445/488/391 446/489/392
f 429/471/377 446/489/392 430/472/378
f 430/472/378 446/489/392 447/490/393
f 430/472/378 447/490/393 431/473/379
f 431/473/379 447/490/393 448/491/394
f 431/473/379 448/491/394 432/474/380
f 432/474/380 448/491/394 449/492/395
f 432/474/380 449/492/395 433/475/381
f 433/475/381 449/492/395 434/493/2
f 433/475/381 434/493/2 418/476/2
f 434/477/2 450/494/2 451/495/396
f 434/477/2 451/495/396 435/478/382
f 435/478/382 451/495/396 452/496/397
f 435/478/382 452/496/397 436/479/383
f 436/479/383 452/496/397 453/497/398
f 436/479/383 453/497/398 437/480/384
f 437/480/384 453/497/398 454/498/399
f 437/480/384 454/498/399 438/481/385
f 438/481/385 454/498/399 455/499/400
f 438/481/385 455/499/400 439/482/386
f 439/482/386 455/499/400 456/500/401
f 439/482/386 456/500/401 440/483/387
f 440/483/387 456/500/401 457/501/402
f 440/483/387 457/501/402 441/484/388
f 441/484/388 457/501/402 458/502/17
f 441/484/388 458/502/17 442/485/17
f 442/485/17 458/502/17 459/503/403
f 442/485/17 459/503/403 443/486/389
f 443/486/389 459/503/403 460/504/404
f 443/486/389 460/504/404 444/487/390
f 444/487/390 460/504/404 461/505/405
f 444/487/390 461/505/405 445/488/391
f 445/488/391 461/505/405 462/506/406
f 445/488/391 462/506/406 446/489/392
f 446/489/392 462/506/406 463/507/407
f 446/489/392 463/507/407 447/490/393
f 447/490/393 463/507/407 464/508/408
f 447/490/393 464/508/408 448/491/394
f 448/491/394 464/508/408 465/509/409
f 448/491/394 465/509/409 449/492/395
f 449/492/395 465/509/409 450/510/2
f 449/492/395 450/510/2 434/493/2
f 450/494/2 466/511/2 467/512/410
f 450/494/2 467/512/410 451/495/396
f 451/495/396 467/512/410 468/513/411
f 451/495/396 468/513/411 452/496/397
f 452/496/397 468/513/411 469/514/412
f 452/496/397 469/514/412 453/497/398
f 453/497/398 469/514/412 470/515/413
f 453/497/398 470/515/413 454/498/399
f 454/498/399 470/515/413 471/516/414
f 454/498/399 471/516/414 455/499/400
f 455/499/400 471/516/414 472/517/415
f 455/499/400 472/517/415 456/500/401
f 456/500/401 472/517/415 473/518/416
f 456/500/401 473/518/416 457/501/402
f 457/501/402 473/518/416 474/519/17
f 457/501/402 474/519/17 458/502/17
f 458/502/17 474/519/17 475/520/417
f 458/502/17 475/520/417 459/503/403
f 459/503/403 475/520/417 476/521/418
f 459/503/403 476/521/418 460/504/404
f 460/504/404 476/521/418 477/522/419
f 460/504/404 477/522/419 461/505/405
f 461/505/405 477/522/419 478/523/420
f 461/505/405 478/523/420 462/506/406
f 462/506/406 478/523/420 479/524/421
f 462/506/406 479/524/421 463/507/407
f 463/507/407 479/524/421 480/525/422
f 463/507/407 480/525/422 464/508/408
f 464/508/408 480/525/422 481/526/423
f 464/508/408 481/526/423 465/509/409
f 465/509/409 481/526/423 466/527/2
f 465/509/409 466/527/2 450/510/2
f 466/511/2 482/528/2 483/529/424
f 466/511/2 483/529/424 467/512/410
f 467/512/410 483/529/424 484/530/425
f 467/512/410 484/530/425 468/513/411
f 468/513/411 484/530/425 485/531/426
f 468/513/411 485/531/426 469/514/412
f 469/514/412 485/531/426 486/532/427
f 469/514/412 486/532/427 470/515/413
f 470/515/413 486/532/427 487/533/428
f 470/515/413 487/533/428 471/516/414
f 471/516/414 487/533/428 488/534/429
f 471/516/414 488/534/429 472/517/415
f 472/517/415 488/534/429 489/535/430
f 472/517/415 489/535/430 473/518/416
f 473/518/416 489/535/430 490/536/17
f 473/518/416 490/536/17 474/519/17
f 474/519/17 490/536/17 491/537/431
f 474/519/17 491/537/431 475/520/417
f 475/520/417 491/537/431 492/538/432
f 475/520/417 492/538/432 476/521/418
f 476/521/418 492/538/432 493/539/433
f 476/521/418 493/539/433 477/522/419
f 477/522/419 493/539/433 494/540/434
f 477/522/419 494/540/434 478/523/420
f 478/523/420 494/540/434 495/541/435
f 478/523/420 495/541/435 479/524/421
f 479/524/421 495/541/435 496/542/436
f 479/524/421 496/542/436 480/525/422
f 480/525/422 496/542/436 497/543/437
f 480/525/422 497/543/437 481/526/423
f 481/526/423 497/543/437 482/544/2
f 481/526/423 482/544/2 466/527/2
f 482/528/2 498/545/2 499/546/438
f 482/528/2 499/546/438 483/529/424
f 483/529/424 499/546/438 500/547/439
f 483/529/424 500/547/439 484/530/425
f 484/530/425 500/547/439 501/548/440
f 484/530/425 501/548/440 485/531/426
f 485/531/426 501/548/440 502/549/441
f 485/531/426 502/549/441 486/532/427
f 486/532/427 502/549/441 503/550/442
f 486/532/427 503/550/442 487/533/428
f 487/533/428 503/550/442 504/551/443
f 487/533/428 504/551/443 488/534/429
f 488/534/429 504/551/443 505/552/444
f 488/534/429 505/552/444 489/535/430
f 489/535/430 505/552/444 506/553/17
f 489/535/430 506/553/17 490/536/17
f 490/536/17 506/553/17 507/554/445
f 490/536/17 507/554/445 491/537/431
f 491/537/431 507/554/445 508/555/446
f 491/537/431 508/555/446 492/538/432
f 492/538/432 508/555/446 509/556/447
f 492/538/432 509/556/447 493/539/433
f 493/539/433 509/556/447 510/557/448
f 493/539/433 510/557/448 494/540/434
f 494/540/434 510/557/448 511/558/449
f 494/540/434 511/558/449 495/541/435
f 495/541/435 511/558/449 512/559/450
f 495/541/435 512/559/450 496/542/436
f 496/542/436 512/559/450 513/560/451
f 496/542/436 513/560/451 497/543/437
f 497/543/437 513/560/451 498/561/2
f 497/543/437 498/561/2 482/544/2
f 498/545/2 514/562/2 515/563/452
f 498/545/2 515/563/452 499/546/438
f 499/546/438 515/563/452 516/564/453
f 499/546/438 516/564/453 500/547/439
f 500/547/439 516/564/453 517/565/454
f 500/547/439 517/565/454 501/548/440
f 501/548/440 517/565/454 518/566/455
f 501/548/440 518/566/455 502/549/441
f 502/549/441 518/566/455 519/567/456
f 502/549/441 519/567/456 503/550/442
f 503/550/442 519/567/456 520/568/457
f 503/550/442 520/568/457 504/551/443
f 504/551/443 520/568/457 521/569/458
f 504/551/443 521/569/458 505/552/444
f 505/552/444 521/569/458 522/570/17
f 505/552/444 522/570/17 506/553/17
f 506/553/17 522/570/17 523/571/459
f 506/553/17 523/571/459 507/554/445
f 507/554/445 523/571/459 524/572/460
f 507/554/445 524/572/460 508/555/446
f 508/555/446 524/572/460 525/573/461
f 508/555/446 525/573/461 509/556/447
f 509/556/447 525/573/461 526/574/462
f 509/556/447 526/574/462 510/557/448
f 510/557/448 526/574/462 527/575/463
f 510/557/448 527/575/463 511/558/449
f 511/558/449 527/575/463 528/576/464
f 511/558/449 528/576/464 512/559/450
f 512/559/450 528/576/464 529/577/465
f 512/559/450 529/577/465 513/560/451
f 513/560/451 529/577/465 514/578/2
f 513/560/451 514/578/2 498/561/2
f 514/562/2 530/579/2 531/580/466
f 514/562/2 531/580/466 515/563/452
f 515/563/452 531/580/466 532/581/467
f 515/563/452 532/581/467 516/564/453
f 516/564/453 532/581/467 533/582/468
f 516/564/453 533/582/468 517/565/454
f 517/565/454 533/582/468 534/583/469
f 517/565/454 534/583/469 518/566/455
f 518/566/455 534/583/469 535/584/470
f 518/566/455 535/584/470 519/567/456
f 519/567/456 535/584/470 536/585/471
f 519/567/456 536/585/471 520/568/457
f 520/568/457 536/585/471 537/586/472
f 520/568/457 537/586/472 521/569/458
f 521/569/458 537/586/472 538/587/17
f 521/569/458 538/587/17 522/570/17
f 522/570/17 538/587/17 539/588/473
f 522/570/17 539/588/473 523/571/459
f 523/571/459 539/588/473 540/589/474
f 523/571/459 540/589/474 524/572/460
f 524/572/460 540/589/474 541/590/475
f 524/572/460 541/590/475 525/573/461
f 525/573/461 541/590/475 542/591/476
f 525/573/461 542/591/476 526/574/462
f 526/574/462 542/591/476 543/592/477
f 526/574/462 543/592/477 527/575/463
f 527/575/463 543/592/477 544/593/478
f 527/575/463 544/593/478 528/576/464
f 528/576/464 544/593/478 545/594/479
f 528/576/464 545/594/479 529/577/465
f 529/577/465 545/594/479 530/595/2
f 529/577/465 530/595/2 514/578/2
f 530/579/2 546/596/2 547/597/480
f 530/579/2 547/597/480 531/580/466
f 531/580/466 547/597/480 548/598/481
f 531/580/466 548/598/481 532/581/467
f 532/581/467 548/598/481 549/599/482
f 532/581/467 549/599/482 533/582/468
f 533/582/468 549/599/482 550/600/483
f 533/582/468 550/600/483 534/583/469
f 534/583/469 550/600/483 551/601/484
f 534/583/469 551/601/484 535/584/470
f 535/584/470 551/601/484 552/602/485
f 535/584/470 552/602/485 536/585/471
f 536/585/471 552/602/485 553/603/486
f 536/585/471 553/603/486 537/586/472
f 537/586/472 553/603/486 554/604/17
f 537/586/472 554/604/17 538/587/17
f 538/587/17 554/604/17 555/605/487
f 538/587/17 555/605/487 539/588/473
f 539/588/473 555/605/487 556/606/488
f 539/588/473 556/606/488 540/589/474
f 540/589/474 556/606/488 557/607/489
f 540/589/474 557/607/489 541/590/475
f 541/590/475 557/607/489 558/608/490
f 541/590/475 558/608/490 542/591/476
f 542/591/476 558/608/490 559/609/491
f 542/591/476 559/609/491 543/592/477
f 543/592/477 559/609/491 560/610/492
f 543/592/477 560/610/492 544/593/478
f 544/593/478 560/610/492 561/611/493
f 544/593/478 561/611/493 545/594/479
f 545/594/479 561/611/493 546/612/2
f 545/594/479 546/612/2 530/595/2
f 546/596/2 562/613/2 563/614/494
f 546/596/2 563/614/494 547/597/480
f 547/597/480 563/614/494 564/615/495
f 547/597/480 564/615/495 548/598/481
f 548/598/481 564/615/495 565/616/496
f 548/598/481 565/616/496 549/599/482
f 549/599/482 565/616/496 566/617/497
f 549/599/482 566/617/497 550/600/483
f 550/600/483 566/617/497 567/618/498
f 550/600/483 567/618/498 551/601/484
f 551/601/484 567/618/498 568/619/499
f 551/601/484 568/619/499 552/602/485
f 552/602/485 568/619/499 569/620/500
f 552/602/485 569/620/500 553/603/486
f 553/603/486 569/620/500 570/621/17
f 553/603/486 570/621/17 554/604/17
f 554/604/17 570/621/17 571/622/501
f 554/604/17 571/622/501 555/605/487
f 555/605/487 571/622/501 572/623/502
f 555/605/487 572/623/502 556/606/488
f 556/606/488 572/623/502 573/624/503
f 556/606/488 573/624/503 557/607/489
f 557/607/489 573/624/503 574/625/504
f 557/607/489 574/625/504 558/608/490
f 558/608/490 574/625/504 575/626/505
f 558/608/490 575/626/505 559/609/491
f 559/609/491 575/626/505 576/627/506
f 559/609/491 576/627/506 560/610/492
f 560/610/492 576/627/506 577/628/507
f 560/610/492 577/628/507 561/611/493
f 561/611/493 577/628/507 562/629/2
f 561/611/493 562/629/2 546/612/2
f 562/613/2 578/630/2 579/631/508
f 562/613/2 579/631/508 563/614/494
f 563/614/494 579/631/508 580/632/509
f 563/614/494 580/632/509 564/615/495
f 564/615/495 580/632/509 581/633/510
f 564/615/495 581/633/510 565/616/496
f 565/616/496 581/633/510 582/634/511
f 565/616/496 582/634/511 566/617/497
f 566/617/497 582/634/511 583/635/512
f 566/617/497 583/635/512 567/618/498
f 567/618/498 583/635/512 584/636/513
f 567/618/498 584/636/513 568/619/499
f 568/619/499 584/636/513 585/637/514
f 568/619/499 585/637/514 569/620/500
f 569/620/500 585/637/514 586/638/17
f 569/620/500 586/638/17 570/621/17
f 570/621/17 586/638/17 587/639/515
f 570/621/17 587/639/515 571/622/501
f 571/622/501 587/639/515 588/640/516
f 571/622/501 588/640/516 572/623/502
f 572/623/502 588/640/516 589/641/517
f 572/623/502 589/641/517 573/624/503
f 573/624/503 589/641/517 590/642/518
f 573/624/503 590/642/518 574/625/504
f 574/625/504 590/642/518 591/643/519
f 574/625/504 591/643/519 575/626/505
f 575/626/505 591/643/519 592/644/520
f 575/626/505 592/644/520 576/627/506
f 576/627/506 592/644/520 593/645/521
f 576/627/506 593/645/521 577/628/507
f 577/628/507 593/645/521 578/646/2
f 577/628/507 578/646/2 562/629/2
f 578/630/2 594/647/2 595/648/522
f 578/630/2 595/648/522 579/631/508
f 579/631/508 595/648/522 596/649/523
f 579/631/508 596/649/523 580/632/509
f 580/632/509 596/649/523 597/650/524
f 580/632/509 597/650/524 581/633/510
f 581/633/510 597/650/524 598/651/525
f 581/633/510 598/651/525 582/634/511
f 582/634/511 598/651/525 599/652/526
f 582/634/511 599/652/526 583/635/512
f 583/635/512 599/652/526 600/653/527
f 583/635/512 600/653/527 584/636/513
f 584/636/513 600/653/527 601/654/528
f 584/636/513 601/654/528 585/637/514
f 585/637/514 601/654/528 602/655/17
f 585/637/514 602/655/17 586/638/17
f 586/638/17 602/655/17 603/656/529
f 586/638/17 603/656/529 587/639/515
f 587/639/515 603/656/529 604/657/530
f 587/639/515 604/657/530 588/640/516
f 588/640/516 604/657/530 605/658/531
f 588/640/516 605/658/531 589/641/517
f 589/641/517 605/658/531 606/659/532
f 589/641/517 606/659/532 590/642/518
f 590/642/518 606/659/532 607/660/533
f 590/642/518 607/660/533 591/643/519
f 591/643/519 607/660/533 608/661/534
f 591/643/519 608/661/534 592/644/520
f 592/644/520 608/661/534 609/662/535
f 592/644/520 609/662/535 593/645/521
f 593/645/521 609/662/535 594/663/2
f 593/645/521 594/663/2 578/646/2
f 594/647/2 610/664/2 611/665/536
f 594/647/2 611/665/536 595/648/522
f 595/648/522 611/665/536 612/666/537
f 595/648/522 612/666/537 596/649/523
f 596/649/523 612/666/537 613/667/538
f 596/649/523 613/667/538 597/650/524
f 597/650/524 613/667/538 614/668/539
f 597/650/524 614/668/539 598/651/525
f 598/651/525 614/668/539 615/669/540
f 598/651/525 615/669/540 599/652/526
f 599/652/526 615/669/540 616/670/541
f 599/652/526 616/670/541 600/653/527
f 600/653/527 616/670/541 617/671/542
f 600/653/527 617/671/542 601/654/528
f 601/654/528 617/671/542 618/672/17
f 601/654/528 618/672/17 602/655/17
f 602/655/17 618/672/17 619/673/543
f 602/655/17 619/673/543 603/656/529
f 603/656/529 619/673/543 620/674/544
f 603/656/529 620/674/544 604/657/530
f 604/657/530 620/674/544 621/675/545
f 604/657/530 621/675/545 605/658/531
f 605/658/531 621/675/545 622/676/546
f 605/658/531 622/676/546 606/659/532
f 606/659/532 622/676/546 623/677/547
f 606/659/532 623/677/547 607/660/533
f 607/660/533 623/677/547 624/678/548
f 607/660/533 624/678/548 608/661/534
f 608/661/534 624/678/548 625/679/549
f 608/661/534 625/679/549 609/662/535
f 609/662/535 625/679/549 610/680/2
f 609/662/535 610/680/2 594/663/2
f 610/664/2 626/681/2 627/682/550
f 610/664/2 627/682/550 611/665/536
f 611/665/536 627/682/550 628/683/551
f 611/665/536 628/683/551 612/666/537
f 612/666/537 628/683/551 629/684/552
f 612/666/537 629/684/552 613/667/538
f 613/667/538 629/684/552 630/685/553
f 613/667/538 630/685/553 614/668/539
f 614/668/539 630/685/553 631/686/554
f 614/668/539 631/686/554 615/669/540
f 615/669/540 631/686/554 632/687/555
f 615/669/540 632/687/555 616/670/541
f 616/670/541 632/687/555 633/688/556
f 616/670/541 633/688/556 617/671/542
f 617/671/542 633/688/556 634/689/17
f 617/671/542 634/689/17 618/672/17
f 618/672/17 634/689/17 635/690/557
f 618/672/17 635/690/557 619/673/543
f 619/673/543 635/690/557 636/691/558
f 619/673/543 636/691/558 620/674/544
f 620/674/544 636/691/558 637/692/559
f 620/674/544 637/692/559 621/675/545
f 621/675/545 637/692/559 638/693/560
f 621/675/545 638/693/560 622/676/546
f 622/676/546 638/693/560 639/694/561
f 622/676/546 639/694/561 623/677/547
f 623/677/547 639/694/561 640/695/562
f 623/677/547 640/695/562 624/678/548
f 624/678/548 640/695/562 641/696/563
f 624/678/548 641/696/563 625/679/549
f 625/679/549 641/696/563 626/697/2
f 625/679/549 626/697/2 610/680/2
f 626/681/2 642/698/2 643/699/564
f 626/681/2 643/699/564 627/682/550
f 627/682/550 643/699/564 644/700/565
f 627/682/550 644/700/565 628/683/551
f 628/683/551 644/700/565 645/701/566
f 628/683/551 645/701/566 629/684/552
f 629/684/552 645/701/566 646/702/567
f 629/684/552 646/702/567 630/685/553
f 630/685/553 646/702/567 647/703/568
f 630/685/553 647/703/568 631/686/554
f 631/686/554 647/703/568 648/704/569
f 631/686/554 648/704/569 632/687/555
f 632/687/555 648/704/569 649/705/570
f 632/687/555 649/705/570 633/688/556
f 633/688/556 649/705/570 650/706/17
f 633/688/556 650/706/17 634/689/17
f 634/689/17 650/706/17 651/707/571
f 634/689/17 651/707/571 635/690/557
f 635/690/557 651/707/571 652/708/572
f 635/690/557 652/708/572 636/691/558
f 636/691/558 652/708/572 653/709/573
f 636/691/558 653/709/573 637/692/559
f 637/692/559 653/709/573 654/710/574
f 637/692/559 654/710/574 638/693/560
f 638/693/560 654/710/574 655/711/575
f 638/693/560 655/711/575 639/694/561
f 639/694/561 655/711/575 656/712/576
f 639/694/561 656/712/576 640/695/562
f 640/695/562 656/712/576 657/713/577
f 640/695/562 657/713/577 641/696/563
f 641/696/563 657/713/577 642/714/2
f 641/696/563 642/714/2 626/697/2
f 642/698/2 658/715/2 659/716/578
f 642/698/2 659/716/578 643/699/564
f 643/699/564 659/716/578 660/717/579
f 643/699/564 660/717/579 644/700/565
f 644/700/565 660/717/579 661/718/580
f 644/700/565 661/718/580 645/701/566
f 645/701/566 661/718/580 662/719/581
f 645/701/566 662/719/581 646/702/567
f 646/702/567 662/719/581 663/720/582
f 646/702/567 663/720/582 647/703/568
f 647/703/568 663/720/582 664/721/583
f 647/703/568 664/721/583 648/704/569
f 648/704/569 664/721/583 665/722/584
f 648/704/569 665/722/584 649/705/570
f 649/705/570 665/722/584 666/723/17
f 649/705/570 666/723/17 650/706/17
f 650/706/17 666/723/17 667/724/585
f 650/706/17 667/724/585 651/707/571
f 651/707/571 667/724/585 668/725/586
f 651/707/571 668/725/586 652/708/572
f 652/708/572 668/725/586 669/726/587
f 652/708/572 669/726/587 653/709/573
f 653/709/573 669/726/587 670/727/588
f 653/709/573 670/727/588 654/710/574
f 654/710/574 670/727/588 671/728/589
f 654/710/574 671/728/589 655/711/575
f 655/711/575 671/728/589 672/729/590
f 655/711/575 672/729/590 656/712/576
f 656/712/576 672/729/590 673/730/591
f 656/712/576 673/730/591 657/713/577
f 657/713/577 673/730/591 658/731/2
f 657/713/577 658/731/2 642/714/2
f 658/715/2 674/732/2 675/733/592
f 658/715/2 675/733/592 659/716/578
f 659/716/578 675/733/592 676/734/593
f 659/716/578 676/734/593 660/717/579
f 660/717/579 676/734/593 677/735/594
f 660/717/579 677/735/594 661/718/580
f 661/718/580 677/735/594 678/736/595
f 661/718/580 678/736/595 662/719/581
f 662/719/581 678/736/595 679/737/596
f 662/719/581 679/737/596 663/720/582
f 663/720/582 679/737/596 680/738/597
f 663/720/582 680/738/597 664/721/583
f 664/721/583 680/738/597 681/739/598
f 664/721/583 681/739/598 665/722/584
f 665/722/584 681/739/598 682/740/17
f 665/722/584 682/740/17 666/723/17
f 666/723/17 682/740/17 683/741/599
f 666/723/17 683/741/599 667/724/585
f 667/724/585 683/741/599 684/742/600
f 667/724/585 684/742/600 668/725/586
f 668/725/586 684/742/600 685/743/601
f 668/725/586 685/743/601 669/726/587
f 669/726/587 685/743/601 686/744/602
f 669/726/587 686/744/602 670/727/588
f 670/727/588 686/744/602 687/745/603
f 670/727/588 687/745/603 671/728/589
f 671/728/589 687/745/603 688/746/604
f 671/728/589 688/746/604 672/729/590
f 672/729/590 688/746/604 689/747/605
f 672/729/590 689/747/605 673/730/591
f 673/730/591 689/747/605 674/748/2
f 673/730/591 674/748/2 658/731/2
f 674/732/2 690/749/2 691/750/606
f 674/732/2 691/750/606 675/733/592
f 675/733/592 691/750/606 692/751/607
f 675/733/592 692/751/607 676/734/593
f 676/734/593 692/751/607 693/752/608
f 676/734/593 693/752/608 677/735/594
f 677/735/594 693/752/608 694/753/609
f 677/735/594 694/753/609 678/736/595
f 678/736/595 694/753/609 695/754/610
f 678/736/595 695/754/610 679/737/596
f 679/737/596 695/754/610 696/755/611
f 679/737/596 696/755/611 680/738/597
f 680/738/597 696/755/611 697/756/612
f 680/738/597 697/756/612 681/739/598
f 681/739/598 697/756/612 698/757/17
f 681/739/598 698/757/17 682/740/17
f 682/740/17 698/757/17 699/758/613
f 682/740/17 699/758/613 683/741/599
f 683/741/599 699/758/613 700/759/614
f 683/741/599 700/759/614 684/742/600
f 684/742/600 700/759/614 701/760/615
f 684/742/600 701/760/615 685/743/601
f 685/743/601 701/760/615 702/761/616
f 685/743/601 702/761/616 686/744/602
f 686/744/602 702/761/616 703/762/617
f 686/744/602 703/762/617 687/745/603
f 687/745/603 703/762/617 704/763/618
f 687/745/603 704/763/618 688/746/604
f 688/746/604 704/763/618 705/764/619
f 688/746/604 705/764/619 689/747/605
f 689/747/605 705/764/619 690/765/2
f 689/747/605 690/765/2 674/748/2
f 690/749/2 706/766/2 707/767/620
f 690/749/2 707/767/620 691/750/606
f 691/750/606 707/767/620 708/768/621
f 691/750/606 708/768/621 692/751/607
f 692/751/607 708/768/621 709/769/622
f 692/751/607 709/769/622 693/752/608
f 693/752/608 709/769/622 710/770/623
f 693/752/608 710/770/623 694/753/609
f 694/753/609 710/770/623 711/771/624
f 694/753/609 711/771/624 695/754/610
f 695/754/610 711/771/624 712/772/625
f 695/754/610 712/772/625 696/755/611
f 696/755/611 712/772/625 713/773/626
f 696/755/611 713/773/626 697/756/612
f 697/756/612 713/773/626 714/774/17
f 697/756/612 714/774/17 698/757/17
f 698/757/17 714/774/17 715/775/627
f 698/757/17 715/775/627 699/758/613
f 699/758/613 715/775/627 716/776/628
f 699/758/613 716/776/628 700/759/614
f 700/759/614 716/776/628 717/777/629
f 700/759/614 717/777/629 701/760/615
f 701/760/615 717/777/629 718/778/630
f 701/760/615 718/778/630 702/761/616
f 702/761/616 718/778/630 719/779/631
f 702/761/616 719/779/631 703/762/617
f 703/762/617 719/779/631 720/780/632
f 703/762/617 720/780/632 704/763/618
f 704/763/618 720/780/632 721/781/633
f 704/763/618 721/781/633 705/764/619
f 705/764/619 721/781/633 706/782/2
f 705/764/619 706/782/2 690/765/2
f 706/766/2 722/783/2 723/784/634
f 706/766/2 723/784/634 707/767/620
f 707/767/620 723/784/634 724/785/635
f 707/767/620 724/785/635 708/768/621
f 708/768/621 724/785/635 725/786/636
f 708/768/621 725/786/636 709/769/622
f 709/769/622 725/786/636 726/787/637
f 709/769/622 726/787/637 710/770/623
f 710/770/623 726/787/637 727/788/638
f 710/770/623 727/788/638 711/771/624
f 711/771/624 727/788/638 728/789/639
f 711/771/624 728/789/639 712/772/625
f 712/772/625 728/789/639 729/790/640
f 712/772/625 729/790/640 713/773/626
f 713/773/626 729/790/640 730/791/17
f 713/773/626 730/791/17 714/774/17
f 714/774/17 730/791/17 731/792/641
f 714/774/17 731/792/641 715/775/627
f 715/775/627 731/792/641 732/793/642
f 715/775/627 732/793/642 716/776/628
f 716/776/628 732/793/642 733/794/643
f 716/776/628 733/794/643 717/777/629
f 717/777/629 733/794/643 734/795/644
f 717/777/629 734/795/644 718/778/630
f 718/778/630 734/795/644 735/796/645
f 718/778/630 735/796/645 719/779/631
f 719/779/631 735/796/645 736/797/646
f 719/779/631 736/797/646 720/780/632
f 720/780/632 736/797/646 737/798/647
f 720/780/632 737/798/647 721/781/633
f 721/781/633 737/798/647 722/799/2
f 721/781/633 722/799/2 706/782/2
f 722/783/2 738/800/2 739/801/648
f 722/783/2 739/801/648 723/784/634
f 723/784/634 739/801/648 740/802/649
f 723/784/634 740/802/649 724/785/635
f 724/785/635 740/802/649 741/803/650
f 724/785/635 741/803/650 725/786/636
f 725/786/636 741/803/650 742/804/651
f 725/786/636 742/804/651 726/787/637
f 726/787/637 742/804/651 743/805/652
f 726/787/637 743/805/652 727/788/638
f 727/788/638 743/805/652 744/806/653
f 727/788/638 744/806/653 728/789/639
f 728/789/639 744/806/653 745/807/654
f 728/789/639 745/807/654 729/790/640
f 729/790/640 745/807/654 746/808/17
f 729/790/640 746/808/17 730/791/17
f 730/791/17 746/808/17 747/809/655
f 730/791/17 747/809/655 731/792/641
f 731/792/641 747/809/655 748/810/656
f 731/792/641 748/810/656 732/793/642
f 732/793/642 748/810/656 749/811/657
f 732/793/642 749/811/657 733/794/643
f 733/794/643 749/811/657 750/812/658
f 733/794/643 750/812/658 734/795/644
f 734/795/644 750/812/658 751/813/659
f 734/795/644 751/813/659 735/796/645
f 735/796/645 751/813/659 752/814/660
f 735/796/645 752/814/660 736/797/646
f 736/797/646 752/814/660 753/815/661
f 736/797/646 753/815/661 737/798/647
f 737/798/647 753/815/661 738/816/2
f 737/798/647 738/816/2 722/799/2
f 738/800/2 754/817/2 755/818/662
f 738/800/2 755/818/662 739/801/648
f 739/801/648 755/818/662 756/819/663
f 739/801/648 756/819/663 740/802/649
f 740/802/649 756/819/663 757/820/664
f 740/802/649 757/820/664 741/803/650
f 741/803/650 757/820/664 758/821/665
f 741/803/650 758/821/665 742/804/651
f 742/804/651 758/821/665 759/822/666
f 742/804/651 759/822/666 743/805/652
f 743/805/652 759/822/666 760/823/667
f 743/805/652 760/823/667 744/806/653
f 744/806/653 760/823/667 761/824/668
f 744/806/653 761/824/668 745/807/654
f 745/807/654 761/824/668 762/825/17
f 745/807/654 762/825/17 746/808/17
f 746/808/17 762/825/17 763/826/669
f 746/808/17 763/826/669 747/809/655
f 747/809/655 763/826/669 764/827/670
f 747/809/655 764/827/670 748/810/656
f 748/810/656 764/827/670 765/828/671
f 748/810/656 765/828/671 749/811/657
f 749/811/657 765/828/671 766/829/672
f 749/811/657 766/829/672 750/812/658
f 750/812/658 766/829/672 767/830/673
f 750/812/658 767/830/673 751/813/659
f 751/813/659 767/830/673 768/831/674
f 751/813/659 768/831/674 752/814/660
f 752/814/660 768/831/674 769/832/675
f 752/814/660 769/832/675 753/815/661
f 753/815/661 769/832/675 754/833/2
f 753/815/661 754/833/2 738/816/2
f 754/817/2 770/834/2 771/835/676
f 754/817/2 771/835/676 755/818/662
f 755/818/662 771/835/676 772/836/677
f 755/818/662 772/836/677 756/819/663
f 756/819/663 772/836/677 773/837/678
f 756/819/663 773/837/678 757/820/664
f 757/820/664 773/837/678 774/838/679
f 757/820/664 774/838/679 758/821/665
f 758/821/665 774/838/679 775/839/680
f 758/821/665 775/839/680 759/822/666
f 759/822/666 775/839/680 776/840/681
f 759/822/666 776/840/681 760/823/667
f 760/823/667 776/840/681 777/841/682
f 760/823/667 777/841/682 761/824/668
f 761/824/668 777/841/682 778/842/17
f 761/824/668 778/842/17 762/825/17
f 762/825/17 778/842/17 779/843/683
f 762/825/17 779/843/683 763/826/669
f 763/826/669 779/843/683 780/844/684
f 763/826/669 780/844/684 764/827/670
f 764/827/670 780/844/684 781/845/685
f 764/827/670 781/845/685 765/828/671
f 765/828/671 781/845/685 782/846/686
f 765/828/671 782/846/686 766/829/672
f 766/829/672 782/846/686 783/847/687
f 766/829/672 783/847/687 767/830/673
f 767/830/673 783/847/687 784/848/688
f 767/830/673 784/848/688 768/831/674
f 768/831/674 784/848/688 785/849/689
f 768/831/674 785/849/689 769/832/675
f 769/832/675 785/849/689 770/850/2
f 769/832/675 770/850/2 754/833/2
f 770/834/2 786/851/2 787/852/690
f 770/834/2 787/852/690 771/835/676
f 771/835/676 787/852/690 788/853/691
f 771/835/676 788/853/691 772/836/677
f 772/836/677 788/853/691 789/854/692
f 772/836/677 789/854/692 773/837/678
f 773/837/678 789/854/692 790/855/693
f 773/837/678 790/855/693 774/838/679
f 774/838/679 790/855/693 791/856/694
f 774/838/679 791/856/694 775/839/680
f 775/839/680 791/856/694 792/857/695
f 775/839/680 792/857/695 776/840/681
f 776/840/681 792/857/695 793/858/696
f 776/840/681 793/858/696 777/841/682
f 777/841/682 793/858/696 794/859/17
f 777/841/682 794/859/17 778/842/17
f 778/842/17 794/859/17 795/860/697
f 778/842/17 795/860/697 779/843/683
f 779/843/683 795/860/697 796/861/698
f 779/843/683 796/861/698 780/844/684
f 780/844/684 796/861/698 797/862/699
f 780/844/684 797/862/699 781/845/685
f 781/845/685 797/862/699 798/863/700
f 781/845/685 798/863/700 782/846/686
f 782/846/686 798/863/700 799/864/701
f 782/846/686 799/864/701 783/847/687
f 783/847/687 799/864/701 800/865/702
f 783/847/687 800/865/702 784/848/688
f 784/848/688 800/865/702 801/866/703
f 784/848/688 801/866/703 785/849/689
f 785/849/689 801/866/703 786/867/2
f 785/849/689 786/867/2 770/850/2
f 786/851/2 802/868/2 803/869/704
f 786/851/2 803/869/704 787/852/690
f 787/852/690 803/869/704 804/870/705
f 787/852/690 804/870/705 788/853/691
f 788/853/691 804/870/705 805/871/706
f 788/853/691 805/871/706 789/854/692
f 789/854/692 805/871/706 806/872/707
f 789/854/692 806/872/707 790/855/693
f 790/855/693 806/872/707 807/873/708
f 790/855/693 807/873/708 791/856/694
f 791/856/694 807/873/708 808/874/709
f 791/856/694 808/874/709 792/857/695
f 792/857/695 808/874/709 809/875/710
f 792/857/695 809/875/710 793/858/696
f 793/858/696 809/875/710 810/876/17
f 793/858/696 810/876/17 794/859/17
f 794/859/17 810/876/17 811/877/711
f 794/859/17 811/877/711 795/860/697
f 795/860/697 811/877/711 812/878/712
f 795/860/697 812/878/712 796/861/698
f 796/861/698 812/878/712 813/879/713
f 796/861/698 813/879/713 797/862/699
f 797/862/699 813/879/713 814/880/714
f 797/862/699 814/880/714 798/863/700
f 798/863/700 814/880/714 815/881/715
f 798/863/700 815/881/715 799/864/701
f 799/864/701 815/881/715 816/882/716
f 799/864/701 816/882/716 800/865/702
f 800/865/702 816/882/716 817/883/717
f 800/865/702 817/883/717 801/866/703
f 801/866/703 817/883/717 802/884/2
f 801/866/703 802/884/2 786/867/2
f 802/868/2 818/885/2 819/886/718
f 802/868/2 819/886/718 803/869/704
f 803/869/704 819/886/718 820/887/719
f 803/869/704 820/887/719 804/870/705
f 804/870/705 820/887/719 821/888/720
f 804/870/705 821/888/720 805/871/706
f 805/871/706 821/888/720 822/889/721
f 805/871/706 822/889/721 806/872/707
f 806/872/707 822/889/721 823/890/722
f 806/872/707 823/890/722 807/873/708
f 807/873/708 823/890/722 824/891/723
f 807/873/708 824/891/723 808/874/709
f 808/874/709 824/891/723 825/892/724
f 808/874/709 825/892/724 809/875/710
f 809/875/710 825/892/724 826/893/17
f 809/875/710 826/893/17 810/876/17
f 810/876/17 826/893/17 827/894/725
f 810/876/17 827/894/725 811/877/711
f 811/877/711 827/894/725 828/895/726
f 811/877/711 828/895/726 812/878/712
f 812/878/712 828/895/726 829/896/727
f 812/878/712 829/896/727 813/879/713
f 813/879/713 829/896/727 830/897/728
f 813/879/713 830/897/728 814/880/714
f 814/880/714 830/897/728 831/898/729
f 814/880/714 831/898/729 815/881/715
f 815/881/715 831/898/729 832/899/730
f 815/881/715 832/899/730 816/882/716
f 816/882/716 832/899/730 833/900/731
f 816/882/716 833/900/731 817/883/717
f 817/883/717 833/900/731 818/901/2
f 817/883/717 818/901/2 802/884/2
f 818/885/2 834/902/2 835/903/732
f 818/885/2 835/903/732 819/886/718
f 819/886/718 835/903/732 836/904/733
f 819/886/718 836/904/733 820/887/719
f 820/887/719 836/904/733 837/905/734
f 820/887/719 837/905/734 821/888/720
f 821/888/720 837/905/734 838/906/735
f 821/888/720 838/906/735 822/889/721
f 822/889/721 838/906/735 839/907/736
f 822/889/721 839/907/736 823/890/722
f 823/890/722 839/907/736 840/908/737
f 823/890/722 840/908/737 824/891/723
f 824/891/723 840/908/737 841/909/738
f 824/891/723 841/909/738 825/892/724
f 825/892/724 841/909/738 842/910/17
f 825/892/724 842/910/17 826/893/17
f 826/893/17 842/910/17 843/911/739
f 826/893/17 843/911/739 827/894/725
f 827/894/725 843/911/739 844/912/740
f 827/894/725 844/912/740 828/895/726
f 828/895/726 844/912/740 845/913/741
f 828/895/726 845/913/741 829/896/727
f 829/896/727 845/913/741 846/914/742
f 829/896/727 846/914/742 830/897/728
f 830/897/728 846/914/742 847/915/743
f 830/897/728 847/915/743 831/898/729
f 831/898/729 847/915/743 848/916/744
f 831/898/729 848/916/744 832/899/730
f 832/899/730 848/916/744 849/917/745
f 832/899/730 849/917/745 833/900/731
f 833/900/731 849/917/745 834/918/2
f 833/900/731 834/918/2 818/901/2
f 834/902/2 850/919/2 851/920/746
f 834/902/2 851/920/746 835/903/732
f 835/903/732 851/920/746 852/921/747
f 835/903/732 852/921/747 836/904/733
f 836/904/733 852/921/747 853/922/748
f 836/904/733 853/922/748 837/905/734
f 837/905/734 853/922/748 854/923/749
f 837/905/734 854/923/749 838/906/735
f 838/906/735 854/923/749 855/924/750
f 838/906/735 855/924/750 839/907/736
f 839/907/736 855/924/750 856/925/751
f 839/907/736 856/925/751 840/908/737
f 840/908/737 856/925/751 857/926/752
f 840/908/737 857/926/752 841/909/738
f 841/909/738 857/926/752 858/927/17
f 841/909/738 858/927/17 842/910/17
f 842/910/17 858/927/17 859/928/753
f 842/910/17 859/928/753 843/911/739
f 843/911/739 859/928/753 860/929/754
f 843/911/739 860/929/754 844/912/740
f 844/912/740 860/929/754 861/930/755
f 844/912/740 861/930/755 845/913/741
f 845/913/741 861/930/755 862/931/756
f 845/913/741 862/931/756 846/914/742
f 846/914/742 862/931/756 863/932/757
f 846/914/742 863/932/757 847/915/743
f 847/915/743 863/932/757 864/933/758
f 847/915/743 864/933/758 848/916/744
f 848/916/744 864/933/758 865/934/759
f 848/916/744 865/934/759 849/917/745
f 849/917/745 865/934/759 850/935/2
f 849/917/745 850/935/2 834/918/2
f 850/919/2 866/936/2 867/937/760
f 850/919/2 867/937/760 851/920/746
f 851/920/746 867/937/760 868/938/761
f 851/920/746 868/938/761 852/921/747
f 852/921/747 868/938/761 869/939/762
f 852/921/747 869/939/762 853/922/748
f 853/922/748 869/939/762 870/940/763
f 853/922/748 870/940/763 854/923/749
f 854/923/749 870/940/763 871/941/764
f 854/923/749 871/941/764 855/924/750
f 855/924/750 871/941/764 872/942/765
f 855/924/750 872/942/765 856/925/751
f 856/925/751 872/942/765 873/943/766
f 856/925/751 873/943/766 857/926/752
f 857/926/752 873/943/766 874/944/17
f 857/926/752 874/944/17 858/927/17
f 858/927/17 874/944/17 875/945/767
f 858/927/17 875/945/767 859/928/753
f 859/928/753 875/945/767 876/946/768
f 859/928/753 876/946/768 860/929/754
f 860/929/754 876/946/768 877/947/769
f 860/929/754 877/947/769 861/930/755
f 861/930/755 877/947/769 878/948/770
f 861/930/755 878/948/770 862/931/756
f 862/931/756 878/948/770 879/949/771
f 862/931/756 879/949/771 863/932/757
f 863/932/757 879/949/771 880/950/772
f 863/932/757 880/950/772 864/933/758
f 864/933/758 880/950/772 881/951/773
f 864/933/758 881/951/773 865/934/759
f 865/934/759 881/951/773 866/952/2
f 865/934/759 866/952/2 850/935/2
f 866/936/2 882/953/2 883/954/774
f 866/936/2 883/954/774 867/937/760
f 867/937/760 883/954/774 884/955/775
f 867/937/760 884/955/775 868/938/761
f 868/938/761 884/955/775 885/956/776
f 868/938/761 885/956/776 869/939/762
f 869/939/762 885/956/776 886/957/777
f 869/939/762 886/957/777 870/940/763
f 870/940/763 886/957/777 887/958/778
f 870/940/763 887/958/778 871/941/764
f 871/941/764 887/958/778 888/959/779
f 871/941/764 888/959/779 872/942/765
f 872/942/765 888/959/779 889/960/780
f 872/942/765 889/960/780 873/943/766
f 873/943/766 889/960/780 890/961/17
f 873/943/766 890/961/17 874/944/17
f 874/944/17 890/961/17 891/962/781
f 874/944/17 891/962/781 875/945/767
f 875/945/767 891/962/781 892/963/782
f 875/945/767 892/963/782 876/946/768
f 876/946/768 892/963/782 893/964/783
f 876/946/768 893/964/783 877/947/769
f 877/947/769 893/964/783 894/965/784
f 877/947/769 894/965/784 878/948/770
f 878/948/770 894/965/784 895/966/785
f 878/948/770 895/966/785 879/949/771
f 879/949/771 895/966/785 896/967/786
f 879/949/771 896/967/786 880/950/772
f 880/950/772 896/967/786 897/968/787
f 880/950/772 897/968/787 881/951/773
f 881/951/773 897/968/787 882/969/2
f 881/951/773 882/969/2 866/952/2
f 882/953/2 898/970/2 899/971/788
f 882/953/2 899/971/788 883/954/774
f 883/954/774 899/971/788 900/972/789
f 883/954/774 900/972/789 884/955/775
f 884/955/775 900/972/789 901/973/790
f 884/955/775 901/973/790 885/956/776
f 885/956/776 901/973/790 902/974/791
f 885/956/776 902/974/791 886/957/777
f 886/957/777 902/974/791 903/975/792
f 886/957/777 903/975/792 887/958/778
f 887/958/778 903/975/792 904/976/793
f 887/958/778 904/976/793 888/959/779
f 888/959/779 904/976/793 905/977/794
f 888/959/779 905/977/794 889/960/780
f 889/960/780 905/977/794 906/978/17
f 889/960/780 906/978/17 890/961/17
f 890/961/17 906/978/17 907/979/795
f 890/961/17 907/979/795 891/962/781
f 891/962/781 907/979/795 908/980/796
f 891/962/781 908/980/796 892/963/782
f 892/963/782 908/980/796 909/981/797
f 892/963/782 909/981/797 893/964/783
f 893/964/783 909/981/797 910/982/798
f 893/964/783 910/982/798 894/965/784
f 894/965/784 910/982/798 911/983/799
f 894/965/784 911/983/799 895/966/785
f 895/966/785 911/983/799 912/984/800
f 895/966/785 912/984/800 896/967/786
f 896/967/786 912/984/800 913/985/801
f 896/967/786 913/985/801 897/968/787
f 897/968/787 913/985/801 898/986/2
f 897/968/787 898/986/2 882/969/2
f 898/970/2 914/987/2 915/988/802
f 898/970/2 915/988/802 899/971/788
f 899/971/788 915/988/802 916/989/803
f 899/971/788 916/989/803 900/972/789
f 900/972/789 916/989/803 917/990/804
f 900/972/789 917/990/804 901/973/790
f 901/973/790 917/990/804 918/991/805
f 901/973/790 918/991/805 902/974/791
f 902/974/791 918/991/805 919/992/806
f 902/974/791 919/992/806 903/975/792
f 903/975/792 919/992/806 920/993/807
f 903/975/792 920/993/807 904/976/793
f 904/976/793 920/993/807 921/994/808
f 904/976/793 921/994/808 905/977/794
f 905/977/794 921/994/808 922/995/17
f 905/977/794 922/995/17 906/978/17
f 906/978/17 922/995/17 923/996/809
f 906/978/17 923/996/809 907/979/795
f 907/979/795 923/996/809 924/997/810
f 907/979/795 924/997/810 908/980/796
f 908/980/796 924/997/810 925/998/811
f 908/980/796 925/998/811 909/981/797
f 909/981/797 925/998/811 926/999/812
f 909/981/797 926/999/812 910/982/798
f 910/982/798 926/999/812 927/1000/813
f 910/982/798 927/1000/813 911/983/799
f 911/983/799 927/1000/813 928/1001/814
f 911/983/799 928/1001/814 912/984/800
f 912/984/800 928/1001/814 929/1002/815
f 912/984/800 929/1002/815 913/985/801
f 913/985/801 929/1002/815 914/1003/2
f 913/985/801 914/1003/2 898/986/2
f 914/987/2 930/1004/2 931/1005/816
f 914/987/2 931/1005/816 915/988/802
f 915/988/802 931/1005/816 932/1006/817
f 915/988/802 932/1006/817 916/989/803
f 916/989/803 932/1006/817 933/1007/818
f 916/989/803 933/1007/818 917/990/804
f 917/990/804 933/1007/818 934/1008/819
f 917/990/804 934/1008/819 918/991/805
f 918/991/805 934/1008/819 935/1009/820
f 918/991/805 935/1009/820 919/992/806
f 919/992/806 935/1009/820 936/1010/821
f 919/992/806 936/1010/821 920/993/807
f 920/993/807 936/1010/821 937/1011/822
f 920/993/807 937/1011/822 921/994/808
f 921/994/808 937/1011/822 938/1012/17
f 921/994/808 938/1012/17 922/995/17
f 922/995/17 938/1012/17 939/1013/823
f 922/995/17 939/1013/823 923/996/809
f 923/996/809 939/1013/823 940/1014/824
f 923/996/809 940/1014/824 924/997/810
f 924/997/810 940/1014/824 941/1015/825
f 924/997/810 941/1015/825 925/998/811
f 925/998/811 941/1015/825 942/1016/826
f 925/998/811 942/1016/826 926/999/812
f 926/999/812 942/1016/826 943/1017/827
f 926/999/812 943/1017/827 927/1000/813
f 927/1000/813 943/1017/827 944/1018/828
f 927/1000/813 944/1018/828 928/1001/814
f 928/1001/814 944/1018/828 945/1019/829
f 928/1001/814 945/1019/829 929/1002/815
f 929/1002/815 945/1019/829 930/1020/2
f 929/1002/815 930/1020/2 914/1003/2
f 930/1004/2 946/1021/2 947/1022/830
f 930/1004/2 947/1022/830 931/1005/816
f 931/1005/816 947/1022/830 948/1023/831
f 931/1005/816 948/1023/831 932/1006/817
f 932/1006/817 948/1023/831 949/1024/832
f 932/1006/817 949/1024/832 933/1007/818
f 933/1007/818 949/1024/832 950/1025/833
f 933/1007/818 950/1025/833 934/1008/819
f 934/1008/819 950/1025/833 951/1026/834
f 934/1008/819 951/1026/834 935/1009/820
f 935/1009/820 951/1026/834 952/1027/835
f 935/1009/820 952/1027/835 936/1010/821
f 936/1010/821 952/1027/835 953/1028/836
f 936/1010/821 953/1028/836 937/1011/822
f 937/1011/822 953/1028/836 954/1029/17
f 937/1011/822 954/1029/17 938/1012/17
f 938/1012/17 954/1029/17 955/1030/837
f 938/1012/17 955/1030/837 939/1013/823
f 939/1013/823 955/1030/837 956/1031/838
f 939/1013/823 956/1031/838 940/1014/824
f 940/1014/824 956/1031/838 957/1032/839
f 940/1014/824 957/1032/839 941/1015/825
f 941/1015/825 957/1032/839 958/1033/840
f 941/1015/825 958/1033/840 942/1016/826
f 942/1016/826 958/1033/840 959/1034/841
f 942/1016/826 959/1034/841 943/1017/827
f 943/1017/827 959/1034/841 960/1035/842
f 943/1017/827 960/1035/842 944/1018/828
f 944/1018/828 960/1035/842 961/1036/843
f 944/1018/828 961/1036/843 945/1019/829
f 945/1019/829 961/1036/843 946/1037/2
f 945/1019/829 946/1037/2 930/1020/2
f 946/1021/2 962/1038/2 963/1039/844
f 946/1021/2 963/1039/844 947/1022/830
f 947/1022/830 963/1039/844 964/1040/845
f 947/1022/830 964/1040/845 948/1023/831
f 948/1023/831 964/1040/845 965/1041/846
f 948/1023/831 965/1041/846 949/1024/832
f 949/1024/832 965/1041/846 966/1042/847
f 949/1024/832 966/1042/847 950/1025/833
f 950/1025/833 966/1042/847 967/1043/848
f 950/1025/833 967/1043/848 951/1026/834
f 951/1026/834 967/1043/848 968/1044/849
f 951/1026/834 968/1044/849 952/1027/835
f 952/1027/835 968/1044/849 969/1045/850
f 952/1027/835 969/1045/850 953/1028/836
f 953/1028/836 969/1045/850 970/1046/17
f 953/1028/836 970/1046/17 954/1029/17
f 954/1029/17 970/1046/17 971/1047/851
f 954/1029/17 971/1047/851 955/1030/837
f 955/1030/837 971/1047/851 972/1048/852
f 955/1030/837 972/1048/852 956/1031/838
f 956/1031/838 972/1048/852 973/1049/853
f 956/1031/838 973/1049/853 957/1032/839
f 957/1032/839 973/1049/853 974/1050/854
f 957/1032/839 974/1050/854 958/1033/840
f 958/1033/840 974/1050/854 975/1051/855
f 958/1033/840 975/1051/855 959/1034/841
f 959/1034/841 975/1051/855 976/1052/856
f 959/1034/841 976/1052/856 960/1035/842
f 960/1035/842 976/1052/856 977/1053/857
f 960/1035/842 977/1053/857 961/1036/843
f 961/1036/843 977/1053/857 962/1054/2
f 961/1036/843 962/1054/2 946/1037/2
f 962/1038/2 978/1055/2 979/1056/858
f 962/1038/2 979/1056/858 963/1039/844
f 963/1039/844 979/1056/858 980/1057/859
f 963/1039/844 980/1057/859 964/1040/845
f 964/1040/845 980/1057/859 981/1058/860
f 964/1040/845 981/1058/860 965/1041/846
f 965/1041/846 981/1058/860 982/1059/861
f 965/1041/846 982/1059/861 966/1042/847
f 966/1042/847 982/1059/861 983/1060/862
f 966/1042/847 983/1060/862 967/1043/848
f 967/1043/848 983/1060/862 984/1061/863
f 967/1043/848 984/1061/863 968/1044/849
f 968/1044/849 984/1061/863 985/1062/864
f 968/1044/849 985/1062/864 969/1045/850
f 969/1045/850 985/1062/864 986/1063/17
f 969/1045/850 986/1063/17 970/1046/17
f 970/1046/17 986/1063/17 987/1064/865
f 970/1046/17 987/1064/865 971/1047/851
f 971/1047/851 987/1064/865 988/1065/866
f 971/1047/851 988/1065/866 972/1048/852
f 972/1048/852 988/1065/866 989/1066/867
f 972/1048/852 989/1066/867 973/1049/853
f 973/1049/853 989/1066/867 990/1067/868
f 973/1049/853 990/1067/868 974/1050/854
f 974/1050/854 990/1067/868 991/1068/869
f 974/1050/854 991/1068/869 975/1051/855
f 975/1051/855 991/1068/869 992/1069/870
f 975/1051/855 992/1069/870 976/1052/856
f 976/1052/856 992/1069/870 993/1070/871
f 976/1052/856 993/1070/871 977/1053/857
f 977/1053/857 993/1070/871 978/1071/2
f 977/1053/857 978/1071/2 962/1054/2
f 978/1055/2 994/1072/2 995/1073/872
f 978/1055/2 995/1073/872 979/1056/858
f 979/1056/858 995/1073/872 996/1074/873
f 979/1056/858 996/1074/873 980/1057/859
f 980/1057/859 996/1074/873 997/1075/874
f 980/1057/859 997/1075/874 981/1058/860
f 981/1058/860 997/1075/874 998/1076/875
f 981/1058/860 998/1076/875 982/1059/861
f 982/1059/861 998/1076/875 999/1077/876
f 982/1059/861 999/1077/876 983/1060/862
f 983/1060/862 999/1077/876 1000/1078/877
f 983/1060/862 1000/1078/877 984/1061/863
f 984/1061/863 1000/1078/877 1001/1079/878
f 984/1061/863 1001/1079/878 985/1062/864
f 985/1062/864 1001/1079/878 1002/1080/17
f 985/1062/864 1002/1080/17 986/1063/17
f 986/1063/17 1002/1080/17 1003/1081/879
f 986/1063/17 1003/1081/879 987/1064/865
f 987/1064/865 1003/1081/879 1004/1082/880
f 987/1064/865 1004/1082/880 988/1065/866
f 988/1065/866 1004/1082/880 1005/1083/881
f 988/1065/866 1005/1083/881 989/1066/867
f 989/1066/867 1005/1083/881 1006/1084/882
f 989/1066/867 1006/1084/882 990/1067/868
f 990/1067/868 1006/1084/882 1007/1085/883
f 990/1067/868 1007/1085/883 991/1068/869
f 991/1068/869 1007/1085/883 1008/1086/884
f 991/1068/869 1008/1086/884 992/1069/870
f 992/1069/870 1008/1086/884 1009/1087/885
f 992/1069/870 1009/1087/885 993/1070/871
f 993/1070/871 1009/1087/885 994/1088/2
f 993/1070/871 994/1088/2 978/1071/2
f 994/1072/2 1010/1089/2 1011/1090/886
f 994/1072/2 1011/1090/886 995/1073/872
f 995/1073/872 1011/1090/886 1012/1091/887
f 995/1073/872 1012/1091/887 996/1074/873
f 996/1074/873 1012/1091/887 1013/1092/888
f 996/1074/873 1013/1092/888 997/1075/874
f 997/1075/874 1013/1092/888 1014/1093/889
f 997/1075/874 1014/1093/889 998/1076/875
f 998/1076/875 1014/1093/889 1015/1094/890
f 998/1076/875 1015/1094/890 999/1077/876
f 999/1077/876 1015/1094/890 1016/1095/891
f 999/1077/876 1016/1095/891 1000/1078/877
f 1000/1078/877 1016/1095/891 1017/1096/892
f 1000/1078/877 1017/1096/892 1001/1079/878
f 1001/1079/878 1017/1096/892 1018/1097/17
f 1001/1079/878 1018/1097/17 1002/1080/17
f 1002/1080/17 1018/1097/17 1019/1098/893
f 1002/1080/17 1019/1098/893 1003/1081/879
f 1003/1081/879 1019/1098/893 1020/1099/894
f 1003/1081/879 1020/1099/894 1004/1082/880
f 1004/1082/880 1020/1099/894 1021/1100/895
f 1004/1082/880 1021/1100/895 1005/1083/881
f 1005/1083/881 1021/1100/895 1022/1101/896
f 1005/1083/881 1022/1101/896 1006/1084/882
f 1006/1084/882 1022/1101/896 1023/1102/897
f 1006/1084/882 1023/1102/897 1007/1085/883
f 1007/1085/883 1023/1102/897 1024/1103/898
f 1007/1085/883 1024/1103/898 1008/1086/884
f 1008/1086/884 1024/1103/898 1025/1104/899
f 1008/1086/884 1025/1104/899 1009/1087/885
f 1009/1087/885 1025/1104/899 1010/1105/2
f 1009/1087/885 1010/1105/2 994/1088/2
f 1010/1089/2 1026/1106/2 1027/1107/900
f 1010/1089/2 1027/1107/900 1011/1090/886
f 1011/1090/886 1027/1107/900 1028/1108/901
f 1011/1090/886 1028/1108/901 1012/1091/887
f 1012/1091/887 1028/1108/901 1029/1109/902
f 1012/1091/887 1029/1109/902 1013/1092/888
f 1013/1092/888 1029/1109/902 1030/1110/903
f 1013/1092/888 1030/1110/903 1014/1093/889
f 1014/1093/889 1030/1110/903 1031/1111/904
f 1014/1093/889 1031/1111/904 1015/1094/890
f 1015/1094/890 1031/1111/904 1032/1112/905
f 1015/1094/890 1032/1112/905 1016/1095/891
f 1016/1095/891 1032/1112/905 1033/1113/906
f 1016/1095/891 1033/1113/906 1017/1096/892
f 1017/1096/892 1033/1113/906 1034/1114/17
f 1017/1096/892 1034/1114/17 1018/1097/17
f 1018/1097/17 1034/1114/17 1035/1115/907
f 1018/1097/17 1035/1115/907 1019/1098/893
f 1019/1098/893 1035/1115/907 1036/1116/908
f 1019/1098/893 1036/1116/908 1020/1099/894
f 1020/1099/894 1036/1116/908 1037/1117/909
f 1020/1099/894 1037/1117/909 1021/1100/895
f 1021/1100/895 1037/1117/909 1038/1118/910
f 1021/1100/895 1038/1118/910 1022/1101/896
f 1022/1101/896 1038/1118/910 1039/1119/911
f 1022/1101/896 1039/1119/911 1023/1102/897
f 1023/1102/897 1039/1119/911 1040/1120/912
f 1023/1102/897 1040/1120/912 1024/1103/898
f 1024/1103/898 1040/1120/912 1041/1121/913
f 1024/1103/898 1041/1121/913 1025/1104/899
f 1025/1104/899 1041/1121/913 1026/1122/2
f 1025/1104/899 1026/1122/2 1010/1105/2
f 1026/1106/2 1042/1123/2 1043/1124/914
f 1026/1106/2 1043/1124/914 1027/1107/900
f 1027/1107/900 1043/1124/914 1044/1125/915
f 1027/1107/900 1044/1125/915 1028/1108/901
f 1028/1108/901 1044/1125/915 1045/1126/916
f 1028/1108/901 1045/1126/916 1029/1109/902
f 1029/1109/902 1045/1126/916 1046/1127/917
f 1029/1109/902 1046/1127/917 1030/1110/903
f 1030/1110/903 1046/1127/917 1047/1128/918
f 1030/1110/903 1047/1128/918 1031/1111/904
f 1031/1111/904 1047/1128/918 1048/1129/919
f 1031/1111/904 1048/1129/919 1032/1112/905
f 1032/1112/905 1048/1129/919 1049/1130/920
f 1032/1112/905 1049/1130/920 1033/1113/906
f 1033/1113/906 1049/1130/920 1050/1131/17
f 1033/1113/906 1050/1131/17 1034/1114/17
f 1034/1114/17 1050/1131/17 1051/1132/921
f 1034/1114/17 1051/1132/921 1035/1115/907
f 1035/1115/907 1051/1132/921 1052/1133/922
f 1035/1115/907 1052/1133/922 1036/1116/908
f 1036/1116/908 1052/1133/922 1053/1134/923
f 1036/1116/908 1053/1134/923 1037/1117/909
f 1037/1117/909 1053/1134/923 1054/1135/924
f 1037/1117/909 1054/1135/924 1038/1118/910
f 1038/1118/910 1054/1135/924 1055/1136/925
f 1038/1118/910 1055/1136/925 1039/1119/911
f 1039/1119/911 1055/1136/925 1056/1137/926
f 1039/1119/911 1056/1137/926 1040/1120/912
f 1040/1120/912 1056/1137/926 1057/1138/927
f 1040/1120/912 1057/1138/927 1041/1121/913
f 1041/1121/913 1057/1138/927 1042/1139/2
f 1041/1121/913 1042/1139/2 1026/1122/2
f 1042/1123/2 1058/1140/2 1059/1141/928
f 1042/1123/2 1059/1141/928 1043/1124/914
f 1043/1124/914 1059/1141/928 1060/1142/929
f 1043/1124/914 1060/1142/929 1044/1125/915
f 1044/1125/915 1060/1142/929 1061/1143/930
f 1044/1125/915 1061/1143/930 1045/1126/916
f 1045/1126/916 1061/1143/930 1062/1144/931
f 1045/1126/916 1062/1144/931 1046/1127/917
f 1046/1127/917 1062/1144/931 1063/1145/932
f 1046/1127/917 1063/1145/932 1047/1128/918
f 1047/1128/918 1063/1145/932 1064/1146/933
f 1047/1128/918 1064/1146/933 1048/1129/919
f 1048/1129/919 1064/1146/933 1065/1147/934
f 1048/1129/919 1065/1147/934 1049/1130/920
f 1049/1130/920 1065/1147/934 1066/1148/17
f 1049/1130/920 1066/1148/17 1050/1131/17
f 1050/1131/17 1066/1148/17 1067/1149/935
f 1050/1131/17 1067/1149/935 1051/1132/921
f 1051/1132/921 1067/1149/935 1068/1150/936
f 1051/1132/921 1068/1150/936 1052/1133/922
f 1052/1133/922 1068/1150/936 1069/1151/937
f 1052/1133/922 1069/1151/937 1053/1134/923
f 1053/1134/923 1069/1151/937 1070/1152/938
f 1053/1134/923 1070/1152/938 1054/1135/924
f 1054/1135/924 1070/1152/938 1071/1153/939
f 1054/1135/924 1071/1153/939 1055/1136/925
f 1055/1136/925 1071/1153/939 1072/1154/940
f 1055/1136/925 1072/1154/940 1056/1137/926
f 1056/1137/926 1072/1154/940 1073/1155/941
f 1056/1137/926 1073/1155/941 1057/1138/927
f 1057/1138/927 1073/1155/941 1058/1156/2
f 1057/1138/927 1058/1156/2 1042/1139/2
f 1058/1140/2 1074/1157/2 1075/1158/942
f 1058/1140/2 1075/1158/942 1059/1141/928
f 1059/1141/928 1075/1158/942 1076/1159/943
f 1059/1141/928 1076/1159/943 1060/1142/929
f 1060/1142/929 1076/1159/943 1077/1160/944
f 1060/1142/929 1077/1160/944 1061/1143/930
f 1061/1143/930 1077/1160/944 1078/1161/945
f 1061/1143/930 1078/1161/945 1062/1144/931
f 1062/1144/931 1078/1161/945 1079/1162/946
f 1062/1144/931 1079/1162/946 1063/1145/932
f 1063/1145/932 1079/1162/946 1080/1163/947
f 1063/1145/932 1080/1163/947 1064/1146/933
f 1064/1146/933 1080/1163/947 1081/1164/948
f 1064/1146/933 1081/1164/948 1065/1147/934
f 1065/1147/934 1081/1164/948 1082/1165/17
f 1065/1147/934 1082/1165/17 1066/1148/17
f 1066/1148/17 1082/1165/17 1083/1166/949
f 1066/1148/17 1083/1166/949 1067/1149/935
f 1067/1149/935 1083/1166/949 1084/1167/950
f 1067/1149/935 1084/1167/950 1068/1150/936
f 1068/1150/936 1084/1167/950 1085/1168/951
f 1068/1150/936 1085/1168/951 1069/1151/937
f 1069/1151/937 1085/1168/951 1086/1169/952
f 1069/1151/937 1086/1169/952 1070/1152/938
f 1070/1152/938 1086/1169/952 1087/1170/953
f 1070/1152/938 1087/1170/953 1071/1153/939
f 1071/1153/939 1087/1170/953 1088/1171/954
f 1071/1153/939 1088/1171/954 1072/1154/940
f 1072/1154/940 1088/1171/954 1089/1172/955
f 1072/1154/940 1089/1172/955 1073/1155/941
f 1073/1155/941 1089/1172/955 1074/1173/2
f 1073/1155/941 1074/1173/2 1058/1156/2
f 1074/1157/2 1090/1174/2 1091/1175/956
f 1074/1157/2 1091/1175/956 1075/1158/942
f 1075/1158/942 1091/1175/956 1092/1176/957
f 1075/1158/942 1092/1176/957 1076/1159/943
f 1076/1159/943 1092/1176/957 1093/1177/958
f 1076/1159/943 1093/1177/958 1077/1160/944
f 1077/1160/944 1093/1177/958 1094/1178/959
f 1077/1160/944 1094/1178/959 1078/1161/945
f 1078/1161/945 1094/1178/959 1095/1179/960
f 1078/1161/945 1095/1179/960 1079/1162/946
f 1079/1162/946 1095/1179/960 1096/1180/961
f 1079/1162/946 1096/1180/961 1080/1163/947
f 1080/1163/947 1096/1180/961 1097/1181/962
f 1080/1163/947 1097/1181/962 1081/1164/948
f 1081/1164/948 1097/1181/962 1098/1182/17
f 1081/1164/948 1098/1182/17 1082/1165/17
f 1082/1165/17 1098/1182/17 1099/1183/963
f 1082/1165/17 1099/1183/963 1083/1166/949
f 1083/1166/949 1099/1183/963 1100/1184/964
f 1083/1166/949 1100/1184/964 1084/1167/950
f 1084/1167/950 1100/1184/964 1101/1185/965
f 1084/1167/950 1101/1185/965 1085/1168/951
f 1085/1168/951 1101/1185/965 1102/1186/966
f 1085/1168/951 1102/1186/966 1086/1169/952
f 1086/1169/952 1102/1186/966 1103/1187/967
f 1086/1169/952 1103/1187/967 1087/1170/953
f 1087/1170/953 1103/1187/967 1104/1188/968
f 1087/1170/953 1104/1188/968 1088/1171/954
f 1088/1171/954 1104/1188/968 1105/1189/969
f 1088/1171/954 1105/1189/969 1089/1172/955
f 1089/1172/955 1105/1189/969 1090/1190/2
f 1089/1172/955 1090/1190/2 1074/1173/2
f 1090/1174/2 1106/1191/2 1107/1192/970
f 1090/1174/2 1107/1192/970 1091/1175/956
f 1091/1175/956 1107/1192/970 1108/1193/971
f 1091/1175/956 1108/1193/971 1092/1176/957
f 1092/1176/957 1108/1193/971 1109/1194/972
f 1092/1176/957 1109/1194/972 1093/1177/958
f 1093/1177/958 1109/1194/972 1110/1195/973
f 1093/1177/958 1110/1195/973 1094/1178/959
f 1094/1178/959 1110/1195/973 1111/1196/974
f 1094/1178/959 1111/1196/974 1095/1179/960
f 1095/1179/960 1111/1196/974 1112/1197/975
f 1095/1179/960 1112/1197/975 1096/1180/961
f 1096/1180/961 1112/1197/975 1113/1198/976
f 1096/1180/961 1113/1198/976 1097/1181/962
f 1097/1181/962 1113/1198/976 1114/1199/17
f 1097/1181/962 1114/1199/17 1098/1182/17
f 1098/1182/17 1114/1199/17 1115/1200/977
f 1098/1182/17 1115/1200/977 1099/1183/963
f 1099/1183/963 1115/1200/977 1116/1201/978
f 1099/1183/963 1116/1201/978 1100/1184/964
f 1100/1184/964 1116/1201/978 1117/1202/979
f 1100/1184/964 1117/1202/979 1101/1185/965
f 1101/1185/965 1117/1202/979 1118/1203/980
f 1101/1185/965 1118/1203/980 1102/1186/966
f 1102/1186/966 1118/1203/980 1119/1204/981
f 1102/1186/966 1119/1204/981 1103/1187/967
f 1103/1187/967 1119/1204/981 1120/1205/982
f 1103/1187/967 1120/1205/982 1104/1188/968
f 1104/1188/968 1120/1205/982 1121/1206/983
f 1104/1188/968 1121/1206/983 1105/1189/969
f 1105/1189/969 1121/1206/983 1106/1207/2
f 1105/1189/969 1106/1207/2 1090/1190/2
f 1106/1191/2 1122/1208/2 1123/1209/984
f 1106/1191/2 1123/1209/984 1107/1192/970
f 1107/1192/970 1123/1209/984 1124/1210/985
f 1107/1192/970 1124/1210/985 1108/1193/971
f 1108/1193/971 1124/1210/985 1125/1211/986
f 1108/1193/971 1125/1211/986 1109/1194/972
f 1109/1194/972 1125/1211/986 1126/1212/987
f 1109/1194/972 1126/1212/987 1110/1195/973
f 1110/1195/973 1126/1212/987 1127/1213/988
f 1110/1195/973 1127/1213/988 1111/1196/974
f 1111/1196/974 1127/1213/988 1128/1214/989
f 1111/1196/974 1128/1214/989 1112/1197/975
f 1112/1197/975 1128/1214/989 1129/1215/990
f 1112/1197/975 1129/1215/990 1113/1198/976
f 1113/1198/976 1129/1215/990 1130/1216/17
f 1113/1198/976 1130/1216/17 1114/1199/17
f 1114/1199/17 1130/1216/17 1131/1217/991
f 1114/1199/17 1131/1217/991 1115/1200/977
f 1115/1200/977 1131/1217/991 1132/1218/992
f 1115/1200/977 1132/1218/992 1116/1201/978
f 1116/1201/978 1132/1218/992 1133/1219/993
f 1116/1201/978 1133/1219/993 1117/1202/979
f 1117/1202/979 1133/1219/993 1134/1220/994
f 1117/1202/979 1134/1220/994 1118/1203/980
f 1118/1203/980 1134/1220/994 1135/1221/995
f 1118/1203/980 1135/1221/995 1119/1204/981
f 1119/1204/981 1135/1221/995 1136/1222/996
f 1119/1204/981 1136/1222/996 1120/1205/982
f 1120/1205/982 1136/1222/996 1137/1223/997
f 1120/1205/982 1137/1223/997 1121/1206/983
f 1121/1206/983 1137/1223/997 1122/1224/2
f 1121/1206/983 1122/1224/2 1106/1207/2
f 1122/1208/2 1138/1225/2 1139/1226/998
f 1122/1208/2 1139/1226/998 1123/1209/984
f 1123/1209/984 1139/1226/998 1140/1227/999
f 1123/1209/984 1140/1227/999 1124/1210/985
f 1124/1210/985 1140/1227/999 1141/1228/1000
f 1124/1210/985 1141/1228/1000 1125/1211/986
f 1125/1211/986 1141/1228/1000 1142/1229/1001
f 1125/1211/986 1142/1229/1001 1126/1212/987
f 1126/1212/987 1142/1229/1001 1143/1230/1002
f 1126/1212/987 1143/1230/1002 1127/1213/988
f 1127/1213/988 1143/1230/1002 1144/1231/1003
f 1127/1213/988 1144/1231/1003 1128/1214/989
f 1128/1214/989 1144/1231/1003 1145/1232/1004
f 1128/1214/989 1145/1232/1004 1129/1215/990
f 1129/1215/990 1145/1232/1004 1146/1233/17
f 1129/1215/990 1146/1233/17 1130/1216/17
f 1130/1216/17 1146/1233/17 1147/1234/1005
f 1130/1216/17 1147/1234/1005 1131/1217/991
f 1131/1217/991 1147/1234/1005 1148/1235/1006
f 1131/1217/991 1148/1235/1006 1132/1218/992
f 1132/1218/992 1148/1235/1006 1149/1236/1007
f 1132/1218/992 1149/1236/1007 1133/1219/993
f 1133/1219/993 1149/1236/1007 1150/1237/1008
f 1133/1219/993 1150/1237/1008 1134/1220/994
f 1134/1220/994 1150/1237/1008 1151/1238/1009
f 1134/1220/994 1151/1238/1009 1135/1221/995
f 1135/1221/995 1151/1238/1009 1152/1239/1010
f 1135/1221/995 1152/1239/1010 1136/1222/996
f 1136/1222/996 1152/1239/1010 1153/1240/1011
f 1136/1222/996 1153/1240/1011 1137/1223/997
f 1137/1223/997 1153/1240/1011 1138/1241/2
f 1137/1223/997 1138/1241/2 1122/1224/2
f 1138/1225/2 1154/1242/2 1155/1243/1012
f 1138/1225/2 1155/1243/1012 1139/1226/998
f 1139/1226/998 1155/1243/1012 1156/1244/1013
f 1139/1226/998 1156/1244/1013 1140/1227/999
f 1140/1227/999 1156/1244/1013 1157/1245/1014
f 1140/1227/999 1157/1245/1014 1141/1228/1000
f 1141/1228/1000 1157/1245/1014 1158/1246/1015
f 1141/1228/1000 1158/1246/1015 1142/1229/1001
f 1142/1229/1001 1158/1246/1015 1159/1247/1016
f 1142/1229/1001 1159/1247/1016 1143/1230/1002
f 1143/1230/1002 1159/1247/1016 1160/1248/1017
f 1143/1230/1002 1160/1248/1017 1144/1231/1003
f 1144/1231/1003 1160/1248/1017 1161/1249/1018
f 1144/1231/1003 1161/1249/1018 1145/1232/1004
f 1145/1232/1004 1161/1249/1018 1162/1250/17
f 1145/1232/1004 1162/1250/17 1146/1233/17
f 1146/1233/17 1162/1250/17 1163/1251/1019
f 1146/1233/17 1163/1251/1019 1147/1234/1005
f 1147/1234/1005 1163/1251/1019 1164/1252/1020
f 1147/1234/1005 1164/1252/1020 1148/1235/1006
f 1148/1235/1006 1164/1252/1020 1165/1253/1021
f 1148/1235/1006 1165/1253/1021 1149/1236/1007
f 1149/1236/1007 1165/1253/1021 1166/1254/1022
f 1149/1236/1007 1166/1254/1022 1150/1237/1008
f 1150/1237/1008 1166/1254/1022 1167/1255/1023
f 1150/1237/1008 1167/1255/1023 1151/1238/1009
f 1151/1238/1009 1167/1255/1023 1168/1256/1024
f 1151/1238/1009 1168/1256/1024 1152/1239/1010
f 1152/1239/1010 1168/1256/1024 1169/1257/1025
f 1152/1239/1010 1169/1257/1025 1153/1240/1011
f 1153/1240/1011 1169/1257/1025 1154/1258/2
f 1153/1240/1011 1154/1258/2 1138/1241/2
f 1154/1242/2 1170/1259/2 1171/1260/1026
f 1154/1242/2 1171/1260/1026 1155/1243/1012
f 1155/1243/1012 1171/1260/1026 1172/1261/1027
f 1155/1243/1012 1172/1261/1027 1156/1244/1013
f 1156/1244/1013 1172/1261/1027 1173/1262/1028
f 1156/1244/1013 1173/1262/1028 1157/1245/1014
f 1157/1245/1014 1173/1262/1028 1174/1263/1029
f 1157/1245/1014 1174/1263/1029 1158/1246/1015
f 1158/1246/1015 1174/1263/1029 1175/1264/1030
f 1158/1246/1015 1175/1264/1030 1159/1247/1016
f 1159/1247/1016 1175/1264/1030 1176/1265/1031
f 1159/1247/1016 1176/1265/1031 1160/1248/1017
f 1160/1248/1017 1176/1265/1031 1177/1266/1032
f 1160/1248/1017 1177/1266/1032 1161/1249/1018
f 1161/1249/1018 1177/1266/1032 1178/1267/17
f 1161/1249/1018 1178/1267/17 1162/1250/17
f 1162/1250/17 1178/1267/17 1179/1268/1033
f 1162/1250/17 1179/1268/1033 1163/1251/1019
f 1163/1251/1019 1179/1268/1033 1180/1269/1034
f 1163/1251/1019 1180/1269/1034 1164/1252/1020
f 1164/1252/1020 1180/1269/1034 1181/1270/1035
f 1164/1252/1020 1181/1270/1035 1165/1253/1021
f 1165/1253/1021 1181/1270/1035 1182/1271/1036
f 1165/1253/1021 1182/1271/1036 1166/1254/1022
f 1166/1254/1022 1182/1271/1036 1183/1272/1037
f 1166/1254/1022 1183/1272/1037 1167/1255/1023
f 1167/1255/1023 1183/1272/1037 1184/1273/1038
f 1167/1255/1023 1184/1273/1038 1168/1256/1024
f 1168/1256/1024 1184/1273/1038 1185/1274/1039
f 1168/1256/1024 1185/1274/1039 1169/1257/1025
f 1169/1257/1025 1185/1274/1039 1170/1275/2
f 1169/1257/1025 1170/1275/2 1154/1258/2
f 1170/1259/2 1186/1276/2 1187/1277/1040
f 1170/1259/2 1187/1277/1040 1171/1260/1026
f 1171/1260/1026 1187/1277/1040 1188/1278/1041
f 1171/1260/1026 1188/1278/1041 1172/1261/1027
f 1172/1261/1027 1188/1278/1041 1189/1279/1042
f 1172/1261/1027 1189/1279/1042 1173/1262/1028
f 1173/1262/1028 1189/1279/1042 1190/1280/1043
f 1173/1262/1028 1190/1280/1043 1174/1263/1029
f 1174/1263/1029 1190/1280/1043 1191/1281/1044
f 1174/1263/1029 1191/1281/1044 1175/1264/1030
f 1175/1264/1030 1191/1281/1044 1192/1282/1045
f 1175/1264/1030 1192/1282/1045 1176/1265/1031
f 1176/1265/1031 1192/1282/1045 1193/1283/1046
f 1176/1265/1031 1193/1283/1046 1177/1266/1032
f 1177/1266/1032 1193/1283/1046 1194/1284/17
f 1177/1266/1032 1194/1284/17 1178/1267/17
f 1178/1267/17 1194/1284/17 1195/1285/1047
f 1178/1267/17 1195/1285/1047 1179/1268/1033
f 1179/1268/1033 1195/1285/1047 1196/1286/1048
f 1179/1268/1033 1196/1286/1048 1180/1269/1034
f 1180/1269/1034 1196/1286/1048 1197/1287/1049
f 1180/1269/1034 1197/1287/1049 1181/1270/1035
f 1181/1270/1035 1197/1287/1049 1198/1288/1050
f 1181/1270/1035 1198/1288/1050 1182/1271/1036
f 1182/1271/1036 1198/1288/1050 1199/1289/1051
f 1182/1271/1036 1199/1289/1051 1183/1272/1037
f 1183/1272/1037 1199/1289/1051 1200/1290/1052
f 1183/1272/1037 1200/1290/1052 1184/1273/1038
f 1184/1273/1038 1200/1290/1052 1201/1291/1053
f 1184/1273/1038 1201/1291/1053 1185/1274/1039
f 1185/1274/1039 1201/1291/1053 1186/1292/2
f 1185/1274/1039 1186/1292/2 1170/1275/2
f 1186/1276/2 1202/1293/2 1203/1294/1054
f 1186/1276/2 1203/1294/1054 1187/1277/1040
f 1187/1277/1040 1203/1294/1054 1204/1295/1055
f 1187/1277/1040 1204/1295/1055 1188/1278/1041
f 1188/1278/1041 1204/1295/1055 1205/1296/1056
f 1188/1278/1041 1205/1296/1056 1189/1279/1042
f 1189/1279/1042 1205/1296/1056 1206/1297/1057
f 1189/1279/1042 1206/1297/1057 1190/1280/1043
f 1190/1280/1043 1206/1297/1057 1207/1298/1058
f 1190/1280/1043 1207/1298/1058 1191/1281/1044
f 1191/1281/1044 1207/1298/1058 1208/1299/1059
f 1191/1281/1044 1208/1299/1059 1192/1282/1045
f 1192/1282/1045 1208/1299/1059 1209/1300/1060
f 1192/1282/1045 1209/1300/1060 1193/1283/1046
f 1193/1283/1046 1209/1300/1060 1210/1301/17
f 1193/1283/1046 1210/1301/17 1194/1284/17
f 1194/1284/17 1210/1301/17 1211/1302/1061
f 1194/1284/17 1211/1302/1061 1195/1285/1047
f 1195/1285/1047 1211/1302/1061 1212/1303/1062
f 1195/1285/1047 1212/1303/1062 1196/1286/1048
f 1196/1286/1048 1212/1303/1062 1213/1304/1063
f 1196/1286/1048 1213/1304/1063 1197/1287/1049
f 1197/1287/1049 1213/1304/1063 1214/1305/1064
f 1197/1287/1049 1214/1305/1064 1198/1288/1050
f 1198/1288/1050 1214/1305/1064 1215/1306/1065
f 1198/1288/1050 1215/1306/1065 1199/1289/1051
f 1199/1289/1051 1215/1306/1065 1216/1307/1066
f 1199/1289/1051 1216/1307/1066 1200/1290/1052
f 1200/1290/1052 1216/1307/1066 1217/1308/1067
f 1200/1290/1052 1217/1308/1067 1201/1291/1053
f 1201/1291/1053 1217/1308/1067 1202/1309/2
f 1201/1291/1053 1202/1309/2 1186/1292/2
f 1202/1293/2 1218/1310/2 1219/1311/1068
f 1202/1293/2 1219/1311/1068 1203/1294/1054
f 1203/1294/1054 1219/1311/1068 1220/1312/1069
f 1203/1294/1054 1220/1312/1069 1204/1295/1055
f 1204/1295/1055 1220/1312/1069 1221/1313/1070
f 1204/1295/1055 1221/1313/1070 1205/1296/1056
f 1205/1296/1056 1221/1313/1070 1222/1314/1071
f 1205/1296/1056 1222/1314/1071 1206/1297/1057
f 1206/1297/1057 1222/1314/1071 1223/1315/1072
f 1206/1297/1057 1223/1315/1072 1207/1298/1058
f 1207/1298/1058 1223/1315/1072 1224/1316/1073
f 1207/1298/1058 1224/1316/1073 1208/1299/1059
f 1208/1299/1059 1224/1316/1073 1225/1317/1074
f 1208/1299/1059 1225/1317/1074 1209/1300/1060
f 1209/1300/1060 1225/1317/1074 1226/1318/17
f 1209/1300/1060 1226/1318/17 1210/1301/17
f 1210/1301/17 1226/1318/17 1227/1319/1075
f 1210/1301/17 1227/1319/1075 1211/1302/1061
f 1211/1302/1061 1227/1319/1075 1228/1320/1076
f 1211/1302/1061 1228/1320/1076 1212/1303/1062
f 1212/1303/1062 1228/1320/1076 1229/1321/1077
f 1212/1303/1062 1229/1321/1077 1213/1304/1063
f 1213/1304/1063 1229/1321/1077 1230/1322/1078
f 1213/1304/1063 1230/1322/1078 1214/1305/1064
f 1214/1305/1064 1230/1322/1078 1231/1323/1079
f 1214/1305/1064 1231/1323/1079 1215/1306/1065
f 1215/1306/1065 1231/1323/1079 1232/1324/1080
f 1215/1306/1065 1232/1324/1080 1216/1307/1066
f 1216/1307/1066 1232/1324/1080 1233/1325/1081
f 1216/1307/1066 1233/1325/1081 1217/1308/1067
f 1217/1308/1067 1233/1325/1081 1218/1326/2
f 1217/1308/1067 1218/1326/2 1202/1309/2
f 1218/1310/2 1234/1327/2 1235/1328/1082
f 1218/1310/2 1235/1328/1082 1219/1311/1068
f 1219/1311/1068 1235/1328/1082 1236/1329/1083
f 1219/1311/1068 1236/1329/1083 1220/1312/1069
f 1220/1312/1069 1236/1329/1083 1237/1330/1084
f 1220/1312/1069 1237/1330/1084 1221/1313/1070
f 1221/1313/1070 1237/1330/1084 1238/1331/1085
f 1221/1313/1070 1238/1331/1085 1222/1314/1071
f 1222/1314/1071 1238/1331/1085 1239/1332/1086
f 1222/1314/1071 1239/1332/1086 1223/1315/1072
f 1223/1315/1072 1239/1332/1086 1240/1333/1087
f 1223/1315/1072 1240/1333/1087 1224/1316/1073
f 1224/1316/1073 1240/1333/1087 1241/1334/1088
f 1224/1316/1073 1241/1334/1088 1225/1317/1074
f 1225/1317/1074 1241/1334/1088 1242/1335/17
f 1225/1317/1074 1242/1335/17 1226/1318/17
f 1226/1318/17 1242/1335/17 1243/1336/1089
f 1226/1318/17 1243/1336/1089 1227/1319/1075
f 1227/1319/1075 1243/1336/1089 1244/1337/1090
f 1227/1319/1075 1244/1337/1090 1228/1320/1076
f 1228/1320/1076 1244/1337/1090 1245/1338/1091
f 1228/1320/1076 1245/1338/1091 1229/1321/1077
f 1229/1321/1077 1245/1338/1091 1246/1339/1092
f 1229/1321/1077 1246/1339/1092 1230/1322/1078
f 1230/1322/1078 1246/1339/1092 1247/1340/1093
f 1230/1322/1078 1247/1340/1093 1231/1323/1079
f 1231/1323/1079 1247/1340/1093 1248/1341/1094
f 1231/1323/1079 1248/1341/1094 1232/1324/1080
f 1232/1324/1080 1248/1341/1094 1249/1342/1095
f 1232/1324/1080 1249/1342/1095 1233/1325/1081
f 1233/1325/1081 1249/1342/1095 1234/1343/2
f 1233/1325/1081 1234/1343/2 1218/1326/2
f 1234/1327/2 1250/1344/2 1251/1345/1096
f 1234/1327/2 1251/1345/1096 1235/1328/1082
f 1235/1328/1082 1251/1345/1096 1252/1346/1097
f 1235/1328/1082 1252/1346/1097 1236/1329/1083
f 1236/1329/1083 1252/1346/1097 1253/1347/1098
f 1236/1329/1083 1253/1347/1098 1237/1330/1084
f 1237/1330/1084 1253/1347/1098 1254/1348/1099
f 1237/1330/1084 1254/1348/1099 1238/1331/1085
f 1238/1331/1085 1254/1348/1099 1255/1349/1100
f 1238/1331/1085 1255/1349/1100 1239/1332/1086
f 1239/1332/1086 1255/1349/1100 1256/1350/1101
f 1239/1332/1086 1256/1350/1101 1240/1333/1087
f 1240/1333/1087 1256/1350/1101 1257/1351/1102
f 1240/1333/1087 1257/1351/1102 1241/1334/1088
f 1241/1334/1088 1257/1351/1102 1258/1352/17
f 1241/1334/1088 1258/1352/17 1242/1335/17
f 1242/1335/17 1258/1352/17 1259/1353/1103
f 1242/1335/17 1259/1353/1103 1243/1336/1089
f 1243/1336/1089 1259/1353/1103 1260/1354/1104
f 1243/1336/1089 1260/1354/1104 1244/1337/1090
f 1244/1337/1090 1260/1354/1104 1261/1355/1105
f 1244/1337/1090 1261/1355/1105 1245/1338/1091
f 1245/1338/1091 1261/1355/1105 1262/1356/1106
f 1245/1338/1091 1262/1356/1106 1246/1339/1092
f 1246/1339/1092 1262/1356/1106 1263/1357/1107
f 1246/1339/1092 1263/1357/1107 1247/1340/1093
f 1247/1340/1093 1263/1357/1107 1264/1358/1108
f 1247/1340/1093 1264/1358/1108 1248/1341/1094
f 1248/1341/1094 1264/1358/1108 1265/1359/1109
f 1248/1341/1094 1265/1359/1109 1249/1342/1095
f 1249/1342/1095 1265/1359/1109 1250/1360/2
f 1249/1342/1095 1250/1360/2 1234/1343/2
f 1250/1344/2 1266/1361/2 1267/1362/1110
f 1250/1344/2 1267/1362/1110 1251/1345/1096
f 1251/1345/1096 1267/1362/1110 1268/1363/1111
f 1251/1345/1096 1268/1363/1111 1252/1346/1097
f 1252/1346/1097 1268/1363/1111 1269/1364/1112
f 1252/1346/1097 1269/1364/1112 1253/1347/1098
f 1253/1347/1098 1269/1364/1112 1270/1365/1113
f 1253/1347/1098 1270/1365/1113 1254/1348/1099
f 1254/1348/1099 1270/1365/1113 1271/1366/1114
f 1254/1348/1099 1271/1366/1114 1255/1349/1100
f 1255/1349/1100 1271/1366/1114 1272/1367/1115
f 1255/1349/1100 1272/1367/1115 1256/1350/1101
f 1256/1350/1101 1272/1367/1115 1273/1368/1116
f 1256/1350/1101 1273/1368/1116 1257/1351/1102
f 1257/1351/1102 1273/1368/1116 1274/1369/17
f 1257/1351/1102 1274/1369/17 1258/1352/17
f 1258/1352/17 1274/1369/17 1275/1370/1117
f 1258/1352/17 1275/1370/1117 1259/1353/1103
f 1259/1353/1103 1275/1370/1117 1276/1371/1118
f 1259/1353/1103 1276/1371/1118 1260/1354/1104
f 1260/1354/1104 1276/1371/1118 1277/1372/1119
f 1260/1354/1104 1277/1372/1119 1261/1355/1105
f 1261/1355/1105 1277/1372/1119 1278/1373/1120
f 1261/1355/1105 1278/1373/1120 1262/1356/1106
f 1262/1356/1106 1278/1373/1120 1279/1374/1121
f 1262/1356/1106 1279/1374/1121 1263/1357/1107
f 1263/1357/1107 1279/1374/1121 1280/1375/1122
f 1263/1357/1107 1280/1375/1122 1264/1358/1108
f 1264/1358/1108 1280/1375/1122 1281/1376/1123
f 1264/1358/1108 1281/1376/1123 1265/1359/1109
f 1265/1359/1109 1281/1376/1123 1266/1377/2
f 1265/1359/1109 1266/1377/2 1250/1360/2
f 1266/1361/2 1282/1378/2 1283/1379/1124
f 1266/1361/2 1283/1379/1124 1267/1362/1110
f 1267/1362/1110 1283/1379/1124 1284/1380/1125
f 1267/1362/1110 1284/1380/1125 1268/1363/1111
f 1268/1363/1111 1284/1380/1125 1285/1381/1126
f 1268/1363/1111 1285/1381/1126 1269/1364/1112
f 1269/1364/1112 1285/1381/1126 1286/1382/1127
f 1269/1364/1112 1286/1382/1127 1270/1365/1113
f 1270/1365/1113 1286/1382/1127 1287/1383/1128
f 1270/1365/1113 1287/1383/1128 1271/1366/1114
f 1271/1366/1114 1287/1383/1128 1288/1384/1129
f 1271/1366/1114 1288/1384/1129 1272/1367/1115
f 1272/1367/1115 1288/1384/1129 1289/1385/1130
f 1272/1367/1115 1289/1385/1130 1273/1368/1116
f 1273/1368/1116 1289/1385/1130 1290/1386/17
f 1273/1368/1116 1290/1386/17 1274/1369/17
f 1274/1369/17 1290/1386/17 1291/1387/1131
f 1274/1369/17 1291/1387/1131 1275/1370/1117
f 1275/1370/1117 1291/1387/1131 1292/1388/1132
f 1275/1370/1117 1292/1388/1132 1276/1371/1118
f 1276/1371/1118 1292/1388/1132 1293/1389/1133
f 1276/1371/1118 1293/1389/1133 1277/1372/1119
f 1277/1372/1119 1293/1389/1133 1294/1390/1134
f 1277/1372/1119 1294/1390/1134 1278/1373/1120
f 1278/1373/1120 1294/1390/1134 1295/1391/1135
f 1278/1373/1120 1295/1391/1135 1279/1374/1121
f 1279/1374/1121 1295/1391/1135 1296/1392/1136
f 1279/1374/1121 1296/1392/1136 1280/1375/1122
f 1280/1375/1122 1296/1392/1136 1297/1393/1137
f 1280/1375/1122 1297/1393/1137 1281/1376/1123
f 1281/1376/1123 1297/1393/1137 1282/1394/2
f 1281/1376/1123 1282/1394/2 1266/1377/2
f 1282/1378/2 1298/1395/2 1299/1396/1138
f 1282/1378/2 1299/1396/1138 1283/1379/1124
f 1283/1379/1124 1299/1396/1138 1300/1397/1139
f 1283/1379/1124 1300/1397/1139 1284/1380/1125
f 1284/1380/1125 1300/1397/1139 1301/1398/1140
f 1284/1380/1125 1301/1398/1140 1285/1381/1126
f 1285/1381/1126 1301/1398/1140 1302/1399/1141
f 1285/1381/1126 1302/1399/1141 1286/1382/1127
f 1286/1382/1127 1302/1399/1141 1303/1400/1142
f 1286/1382/1127 1303/1400/1142 1287/1383/1128
f 1287/1383/1128 1303/1400/1142 1304/1401/1143
f 1287/1383/1128 1304/1401/1143 1288/1384/1129
f 1288/1384/1129 1304/1401/1143 1305/1402/1144
f 1288/1384/1129 1305/1402/1144 1289/1385/1130
f 1289/1385/1130 1305/1402/1144 1306/1403/17
f 1289/1385/1130 1306/1403/17 1290/1386/17
f 1290/1386/17 1306/1403/17 1307/1404/1145
f 1290/1386/17 1307/1404/1145 1291/1387/1131
f 1291/1387/1131 1307/1404/1145 1308/1405/1146
f 1291/1387/1131 1308/1405/1146 1292/1388/1132
f 1292/1388/1132 1308/1405/1146 1309/1406/1147
f 1292/1388/1132 1309/1406/1147 1293/1389/1133
f 1293/1389/1133 1309/1406/1147 1310/1407/1148
f 1293/1389/1133 1310/1407/1148 1294/1390/1134
f 1294/1390/1134 1310/1407/1148 1311/1408/1149
f 1294/1390/1134 1311/1408/1149 1295/1391/1135
f 1295/1391/1135 1311/1408/1149 1312/1409/1150
f 1295/1391/1135 1312/1409/1150 1296/1392/1136
f 1296/1392/1136 1312/1409/1150 1313/1410/1151
f 1296/1392/1136 1313/1410/1151 1297/1393/1137
f 1297/1393/1137 1313/1410/1151 1298/1411/2
f 1297/1393/1137 1298/1411/2 1282/1394/2
f 1298/1395/2 1314/1412/2 1315/1413/1152
f 1298/1395/2 1315/1413/1152 1299/1396/1138
f 1299/1396/1138 1315/1413/1152 1316/1414/1153
f 1299/1396/1138 1316/1414/1153 1300/1397/1139
f 1300/1397/1139 1316/1414/1153 1317/1415/1154
f 1300/1397/1139 1317/1415/1154 1301/1398/1140
f 1301/1398/1140 1317/1415/1154 1318/1416/1155
f 1301/1398/1140 1318/1416/1155 1302/1399/1141
f 1302/1399/1141 1318/1416/1155 1319/1417/1156
f 1302/1399/1141 1319/1417/1156 1303/1400/1142
f 1303/1400/1142 1319/1417/1156 1320/1418/1157
f 1303/1400/1142 1320/1418/1157 1304/1401/1143
f 1304/1401/1143 1320/1418/1157 1321/1419/1158
f 1304/1401/1143 1321/1419/1158 1305/1402/1144
f 1305/1402/1144 1321/1419/1158 1322/1420/17
f 1305/1402/1144 1322/1420/17 1306/1403/17
f 1306/1403/17 1322/1420/17 1323/1421/1159
f 1306/1403/17 1323/1421/1159 1307/1404/1145
f 1307/1404/1145 1323/1421/1159 1324/1422/1160
f 1307/1404/1145 1324/1422/1160 1308/1405/1146
f 1308/1405/1146 1324/1422/1160 1325/1423/1161
f 1308/1405/1146 1325/1423/1161 1309/1406/1147
f 1309/1406/1147 1325/1423/1161 1326/1424/1162
f 1309/1406/1147 1326/1424/1162 1310/1407/1148
f 1310/1407/1148 1326/1424/1162 1327/1425/1163
f 1310/1407/1148 1327/1425/1163 1311/1408/1149
f 1311/1408/1149 1327/1425/1163 1328/1426/1164
f 1311/1408/1149 1328/1426/1164 1312/1409/1150
f 1312/1409/1150 1328/1426/1164 1329/1427/1165
f 1312/1409/1150 1329/1427/1165 1313/1410/1151
f 1313/1410/1151 1329/1427/1165 1314/1428/2
f 1313/1410/1151 1314/1428/2 1298/1411/2
f 1314/1412/2 1330/1429/2 1331/1430/1166
f 1314/1412/2 1331/1430/1166 1315/1413/1152
f 1315/1413/1152 1331/1430/1166 1332/1431/1167
f 1315/1413/1152 1332/1431/1167 1316/1414/1153
f 1316/1414/1153 1332/1431/1167 1333/1432/1168
f 1316/1414/1153 1333/1432/1168 1317/1415/1154
f 1317/1415/1154 1333/1432/1168 1334/1433/1169
f 1317/1415/1154 1334/1433/1169 1318/1416/1155
f 1318/1416/1155 1334/1433/1169 1335/1434/1170
f 1318/1416/1155 1335/1434/1170 1319/1417/1156
f 1319/1417/1156 1335/1434/1170 1336/1435/1171
f 1319/1417/1156 1336/1435/1171 1320/1418/1157
f 1320/1418/1157 1336/1435/1171 1337/1436/1172
f 1320/1418/1157 1337/1436/1172 1321/1419/1158
f 1321/1419/1158 1337/1436/1172 1338/1437/17
f 1321/1419/1158 1338/1437/17 1322/1420/17
f 1322/1420/17 1338/1437/17 1339/1438/1173
f 1322/1420/17 1339/1438/1173 1323/1421/1159
f 1323/1421/1159 1339/1438/1173 1340/1439/1174
f 1323/1421/1159 1340/1439/1174 1324/1422/1160
f 1324/1422/1160 1340/1439/1174 1341/1440/1175
f 1324/1422/1160 1341/1440/1175 1325/1423/1161
f 1325/1423/1161 1341/1440/1175 1342/1441/1176
f 1325/1423/1161 1342/1441/1176 1326/1424/1162
f 1326/1424/1162 1342/1441/1176 1343/1442/1177
f 1326/1424/1162 1343/1442/1177 1327/1425/1163
f 1327/1425/1163 1343/1442/1177 1344/1443/1178
f 1327/1425/1163 1344/1443/1178 1328/1426/1164
f 1328/1426/1164 1344/1443/1178 1345/1444/1179
f 1328/1426/1164 1345/1444/1179 1329/1427/1165
f 1329/1427/1165 1345/1444/1179 1330/1445/2
f 1329/1427/1165 1330/1445/2 1314/1428/2
f 1330/1429/2 1346/1446/2 1347/1447/1180
f 1330/1429/2 1347/1447/1180 1331/1430/1166
f 1331/1430/1166 1347/1447/1180 1348/1448/1181
f 1331/1430/1166 1348/1448/1181 1332/1431/1167
f 1332/1431/1167 1348/1448/1181 1349/1449/1182
f 1332/1431/1167 1349/1449/1182 1333/1432/1168
f 1333/1432/1168 1349/1449/1182 1350/1450/1183
f 1333/1432/1168 1350/1450/1183 1334/1433/1169
f 1334/1433/1169 1350/1450/1183 1351/1451/1184
f 1334/1433/1169 1351/1451/1184 1335/1434/1170
f 1335/1434/1170 1351/1451/1184 1352/1452/1185
f 1335/1434/1170 1352/1452/1185 1336/1435/1171
f 1336/1435/1171 1352/1452/1185 1353/1453/1186
f 1336/1435/1171 1353/1453/1186 1337/1436/1172
f 1337/1436/1172 1353/1453/1186 1354/1454/17
f 1337/1436/1172 1354/1454/17 1338/1437/17
f 1338/1437/17 1354/1454/17 1355/1455/1187
f 1338/1437/17 1355/1455/1187 1339/1438/1173
f 1339/1438/1173 1355/1455/1187 1356/1456/1188
f 1339/1438/1173 1356/1456/1188 1340/1439/1174
f 1340/1439/1174 1356/1456/1188 1357/1457/1189
f 1340/1439/1174 1357/1457/1189 1341/1440/1175
f 1341/1440/1175 1357/1457/1189 1358/1458/1190
f 1341/1440/1175 1358/1458/1190 1342/1441/1176
f 1342/1441/1176 1358/1458/1190 1359/1459/1191
f 1342/1441/1176 1359/1459/1191 1343/1442/1177
f 1343/1442/1177 1359/1459/1191 1360/1460/1192
f 1343/1442/1177 1360/1460/1192 1344/1443/1178
f 1344/1443/1178 1360/1460/1192 1361/1461/1193
f 1344/1443/1178 1361/1461/1193 1345/1444/1179
f 1345/1444/1179 1361/1461/1193 1346/1462/2
f 1345/1444/1179 1346/1462/2 1330/1445/2
f 1346/1446/2 1362/1463/2 1363/1464/1194
f 1346/1446/2 1363/1464/1194 1347/1447/1180
f 1347/1447/1180 1363/1464/1194 1364/1465/1195
f 1347/1447/1180 1364/1465/1195 1348/1448/1181
f 1348/1448/1181 1364/1465/1195 1365/1466/1196
f 1348/1448/1181 1365/1466/1196 1349/1449/1182
f 1349/1449/1182 1365/1466/1196 1366/1467/1197
f 1349/1449/1182 1366/1467/1197 1350/1450/1183
f 1350/1450/1183 1366/1467/1197 1367/1468/1198
f 1350/1450/1183 1367/1468/1198 1351/1451/1184
f 1351/1451/1184 1367/1468/1198 1368/1469/1199
f 1351/1451/1184 1368/1469/1199 1352/1452/1185
f 1352/1452/1185 1368/1469/1199 1369/1470/1200
f 1352/1452/1185 1369/1470/1200 1353/1453/1186
f 1353/1453/1186 1369/1470/1200 1370/1471/17
f 1353/1453/1186 1370/1471/17 1354/1454/17
f 1354/1454/17 1370/1471/17 1371/1472/1201
f 1354/1454/17 1371/1472/1201 1355/1455/1187
f 1355/1455/1187 1371/1472/1201 1372/1473/1202
f 1355/1455/1187 1372/1473/1202 1356/1456/1188
f 1356/1456/1188 1372/1473/1202 1373/1474/1203
f 1356/1456/1188 1373/1474/1203 1357/1457/1189
f 1357/1457/1189 1373/1474/1203 1374/1475/1204
f 1357/1457/1189 1374/1475/1204 1358/1458/1190
f 1358/1458/1190 1374/1475/1204 1375/1476/1205
f 1358/1458/1190 1375/1476/1205 1359/1459/1191
f 1359/1459/1191 1375/1476/1205 1376/1477/1206
f 1359/1459/1191 1376/1477/1206 1360/1460/1192
f 1360/1460/1192 1376/1477/1206 1377/1478/1207
f 1360/1460/1192 1377/1478/1207 1361/1461/1193
f 1361/1461/1193 1377/1478/1207 1362/1479/2
f 1361/1461/1193 1362/1479/2 1346/1462/2
f 1362/1463/2 1378/1480/2 1379/1481/1208
f 1362/1463/2 1379/1481/1208 1363/1464/1194
f 1363/1464/1194 1379/1481/1208 1380/1482/1209
f 1363/1464/1194 1380/1482/1209 1364/1465/1195
f 1364/1465/1195 1380/1482/1209 1381/1483/1210
f 1364/1465/1195 1381/1483/1210 1365/1466/1196
f 1365/1466/1196 1381/1483/1210 1382/1484/1211
f 1365/1466/1196 1382/1484/1211 1366/1467/1197
f 1366/1467/1197 1382/1484/1211 1383/1485/1212
f 1366/1467/1197 1383/1485/1212 1367/1468/1198
f 1367/1468/1198 1383/1485/1212 1384/1486/1213
f 1367/1468/1198 1384/1486/1213 1368/1469/1199
f 1368/1469/1199 1384/1486/1213 1385/1487/1214
f 1368/1469/1199 1385/1487/1214 1369/1470/1200
f 1369/1470/1200 1385/1487/1214 1386/1488/17
f 1369/1470/1200 1386/1488/17 1370/1471/17
f 1370/1471/17 1386/1488/17 1387/1489/1215
f 1370/1471/17 1387/1489/1215 1371/1472/1201
f 1371/1472/1201 1387/1489/1215 1388/1490/1216
f 1371/1472/1201 1388/1490/1216 1372/1473/1202
f 1372/1473/1202 1388/1490/1216 1389/1491/1217
f 1372/1473/1202 1389/1491/1217 1373/1474/1203
f 1373/1474/1203 1389/1491/1217 1390/1492/1218
f 1373/1474/1203 1390/1492/1218 1374/1475/1204
f 1374/1475/1204 1390/1492/1218 1391/1493/1219
f 1374/1475/1204 1391/1493/1219 1375/1476/1205
f 1375/1476/1205 1391/1493/1219 1392/1494/1220
f 1375/1476/1205 1392/1494/1220 1376/1477/1206
f 1376/1477/1206 1392/1494/1220 1393/1495/1221
f 1376/1477/1206 1393/1495/1221 1377/1478/1207
f 1377/1478/1207 1393/1495/1221 1378/1496/2
f 1377/1478/1207 1378/1496/2 1362/1479/2
f 1378/1480/2 1394/1497/2 1395/1498/1222
f 1378/1480/2 1395/1498/1222 1379/1481/1208
f 1379/1481/1208 1395/1498/1222 1396/1499/1223
f 1379/1481/1208 1396/1499/1223 1380/1482/1209
f 1380/1482/1209 1396/1499/1223 1397/1500/1224
f 1380/1482/1209 1397/1500/1224 1381/1483/1210
f 1381/1483/1210 1397/1500/1224 1398/1501/1225
f 1381/1483/1210 1398/1501/1225 1382/1484/1211
f 1382/1484/1211 1398/1501/1225 1399/1502/1226
f 1382/1484/1211 1399/1502/1226 1383/1485/1212
f 1383/1485/1212 1399/1502/1226 1400/1503/1227
f 1383/1485/1212 1400/1503/1227 1384/1486/1213
f 1384/1486/1213 1400/1503/1227 1401/1504/1228
f 1384/1486/1213 1401/1504/1228 1385/1487/1214
f 1385/1487/1214 1401/1504/1228 1402/1505/17
f 1385/1487/1214 1402/1505/17 1386/1488/17
f 1386/1488/17 1402/1505/17 1403/1506/1229
f 1386/1488/17 1403/1506/1229 1387/1489/1215
f 1387/1489/1215 1403/1506/1229 1404/1507/1230
f 1387/1489/1215 1404/1507/1230 1388/1490/1216
f 1388/1490/1216 1404/1507/1230 1405/1508/1231
f 1388/1490/1216 1405/1508/1231 1389/1491/1217
f 1389/1491/1217 1405/1508/1231 1406/1509/1232
f 1389/1491/1217 1406/1509/1232 1390/1492/1218
f 1390/1492/1218 1406/1509/1232 1407/1510/1233
f 1390/1492/1218 1407/1510/1233 1391/1493/1219
f 1391/1493/1219 1407/1510/1233 1408/1511/1234
f 1391/1493/1219 1408/1511/1234 1392/1494/1220
f 1392/1494/1220 1408/1511/1234 1409/1512/1235
f 1392/1494/1220 1409/1512/1235 1393/1495/1221
f 1393/1495/1221 1409/1512/1235 1394/1513/2
f 1393/1495/1221 1394/1513/2 1378/1496/2
f 1394/1497/2 1410/1514/2 1411/1515/1236
f 1394/1497/2 1411/1515/1236 1395/1498/1222
f 1395/1498/1222 1411/1515/1236 1412/1516/1237
f 1395/1498/1222 1412/1516/1237 1396/1499/1223
f 1396/1499/1223 1412/1516/1237 1413/1517/1238
f 1396/1499/1223 1413/1517/1238 1397/1500/1224
f 1397/1500/1224 1413/1517/1238 1414/1518/1239
f 1397/1500/1224 1414/1518/1239 1398/1501/1225
f 1398/1501/1225 1414/1518/1239 1415/1519/1240
f 1398/1501/1225 1415/1519/1240 1399/1502/1226
f 1399/1502/1226 1415/1519/1240 1416/1520/1241
f 1399/1502/1226 1416/1520/1241 1400/1503/1227
f 1400/1503/1227 1416/1520/1241 1417/1521/1242
f 1400/1503/1227 1417/1521/1242 1401/1504/1228
f 1401/1504/1228 1417/1521/1242 1418/1522/17
f 1401/1504/1228 1418/1522/17 1402/1505/17
f 1402/1505/17 1418/1522/17 1419/1523/1243
f 1402/1505/17 1419/1523/1243 1403/1506/1229
f 1403/1506/1229 1419/1523/1243 1420/1524/1244
f 1403/1506/1229 1420/1524/1244 1404/1507/1230
f 1404/1507/1230 1420/1524/1244 1421/1525/1245
f 1404/1507/1230 1421/1525/1245 1405/1508/1231
f 1405/1508/1231 1421/1525/1245 1422/1526/1246
f 1405/1508/1231 1422/1526/1246 1406/1509/1232
f 1406/1509/1232 1422/1526/1246 1423/1527/1247
f 1406/1509/1232 1423/1527/1247 1407/1510/1233
f 1407/1510/1233 1423/1527/1247 1424/1528/1248
f 1407/1510/1233 1424/1528/1248 1408/1511/1234
f 1408/1511/1234 1424/1528/1248 1425/1529/1249
f 1408/1511/1234 1425/1529/1249 1409/1512/1235
f 1409/1512/1235 1425/1529/1249 1410/1530/2
f 1409/1512/1235 1410/1530/2 1394/1513/2
f 1410/1514/2 1426/1531/2 1427/1532/1250
f 1410/1514/2 1427/1532/1250 1411/1515/1236
f 1411/1515/1236 1427/1532/1250 1428/1533/1251
f 1411/1515/1236 1428/1533/1251 1412/1516/1237
f 1412/1516/1237 1428/1533/1251 1429/1534/1252
f 1412/1516/1237 1429/1534/1252 1413/1517/1238
f 1413/1517/1238 1429/1534/1252 1430/1535/1253
f 1413/1517/1238 1430/1535/1253 1414/1518/1239
f 1414/1518/1239 1430/1535/1253 1431/1536/1254
f 1414/1518/1239 1431/1536/1254 1415/1519/1240
f 1415/1519/1240 1431/1536/1254 1432/1537/1255
f 1415/1519/1240 1432/1537/1255 1416/1520/1241
f 1416/1520/1241 1432/1537/1255 1433/1538/1256
f 1416/1520/1241 1433/1538/1256 1417/1521/1242
f 1417/1521/1242 1433/1538/1256 1434/1539/17
f 1417/1521/1242 1434/1539/17 1418/1522/17
f 1418/1522/17 1434/1539/17 1435/1540/1257
f 1418/1522/17 1435/1540/1257 1419/1523/1243
f 1419/1523/1243 1435/1540/1257 1436/1541/1258
f 1419/1523/1243 1436/1541/1258 1420/1524/1244
f 1420/1524/1244 1436/1541/1258 1437/1542/1259
f 1420/1524/1244 1437/1542/1259 1421/1525/1245
f 1421/1525/1245 1437/1542/1259 1438/1543/1260
f 1421/1525/1245 1438/1543/1260 1422/1526/1246
f 1422/1526/1246 1438/1543/1260 1439/1544/1261
f 1422/1526/1246 1439/1544/1261 1423/1527/1247
f 1423/1527/1247 1439/1544/1261 1440/1545/1262
f 1423/1527/1247 1440/1545/1262 1424/1528/1248
f 1424/1528/1248 1440/1545/1262 1441/1546/1263
f 1424/1528/1248 1441/1546/1263 1425/1529/1249
f 1425/1529/1249 1441/1546/1263 1426/1547/2
f 1425/1529/1249 1426/1547/2 1410/1530/2
f 1426/1531/2 1442/1548/2 1443/1549/1264
f 1426/1531/2 1443/1549/1264 1427/1532/1250
f 1427/1532/1250 1443/1549/1264 1444/1550/1265
f 1427/1532/1250 1444/1550/1265 1428/1533/1251
f 1428/1533/1251 1444/1550/1265 1445/1551/1266
f 1428/1533/1251 1445/1551/1266 1429/1534/1252
f 1429/1534/1252 1445/1551/1266 1446/1552/1267
f 1429/1534/1252 1446/1552/1267 1430/1535/1253
f 1430/1535/1253 1446/1552/1267 1447/1553/1268
f 1430/1535/1253 1447/1553/1268 1431/1536/1254
f 1431/1536/1254 1447/1553/1268 1448/1554/1269
f 1431/1536/1254 1448/1554/1269 1432/1537/1255
f 1432/1537/1255 1448/1554/1269 1449/1555/1270
f 1432/1537/1255 1449/1555/1270 1433/1538/1256
f 1433/1538/1256 1449/1555/1270 1450/1556/17
f 1433/1538/1256 1450/1556/17 1434/1539/17
f 1434/1539/17 1450/1556/17 1451/1557/1271
f 1434/1539/17 1451/1557/1271 1435/1540/1257
f 1435/1540/1257 1451/1557/1271 1452/1558/1272
f 1435/1540/1257 1452/1558/1272 1436/1541/1258
f 1436/1541/1258 1452/1558/1272 1453/1559/1273
f 1436/1541/1258 1453/1559/1273 1437/1542/1259
f 1437/1542/1259 1453/1559/1273 1454/1560/1274
f 1437/1542/1259 1454/1560/1274 1438/1543/1260
f 1438/1543/1260 1454/1560/1274 1455/1561/1275
f 1438/1543/1260 1455/1561/1275 1439/1544/1261
f 1439/1544/1261 1455/1561/1275 1456/1562/1276
f 1439/1544/1261 1456/1562/1276 1440/1545/1262
f 1440/1545/1262 1456/1562/1276 1457/1563/1277
f 1440/1545/1262 1457/1563/1277 1441/1546/1263
f 1441/1546/1263 1457/1563/1277 1442/1564/2
f 1441/1546/1263 1442/1564/2 1426/1547/2
f 1442/1548/2 1458/1565/2 1459/1566/1278
f 1442/1548/2 1459/1566/1278 1443/1549/1264
f 1443/1549/1264 1459/1566/1278 1460/1567/1279
f 1443/1549/1264 1460/1567/1279 1444/1550/1265
f 1444/1550/1265 1460/1567/1279 1461/1568/1280
f 1444/1550/1265 1461/1568/1280 1445/1551/1266
f 1445/1551/1266 1461/1568/1280 1462/1569/1281
f 1445/1551/1266 1462/1569/1281 1446/1552/1267
f 1446/1552/1267 1462/1569/1281 1463/1570/1282
f 1446/1552/1267 1463/1570/1282 1447/1553/1268
f 1447/1553/1268 1463/1570/1282 1464/1571/1283
f 1447/1553/1268 1464/1571/1283 1448/1554/1269
f 1448/1554/1269 1464/1571/1283 1465/1572/1284
f 1448/1554/1269 1465/1572/1284 1449/1555/1270
f 1449/1555/1270 1465/1572/1284 1466/1573/17
f 1449/1555/1270 1466/1573/17 1450/1556/17
f 1450/1556/17 1466/1573/17 1467/1574/1285
f 1450/1556/17 1467/1574/1285 1451/1557/1271
f 1451/1557/1271 1467/1574/1285 1468/1575/1286
f 1451/1557/1271 1468/1575/1286 1452/1558/1272
f 1452/1558/1272 1468/1575/1286 1469/1576/1287
f 1452/1558/1272 1469/1576/1287 1453/1559/1273
f 1453/1559/1273 1469/1576/1287 1470/1577/1288
f 1453/1559/1273 1470/1577/1288 1454/1560/1274
f 1454/1560/1274 1470/1577/1288 1471/1578/1289
f 1454/1560/1274 1471/1578/1289 1455/1561/1275
f 1455/1561/1275 1471/1578/1289 1472/1579/1290
f 1455/1561/1275 1472/1579/1290 1456/1562/1276
f 1456/1562/1276 1472/1579/1290 1473/1580/1291
f 1456/1562/1276 1473/1580/1291 1457/1563/1277
f 1457/1563/1277 1473/1580/1291 1458/1581/2
f 1457/1563/1277 1458/1581/2 1442/1564/2
f 1458/1565/2 1474/1582/2 1475/1583/1292
f 1458/1565/2 1475/1583/1292 1459/1566/1278
f 1459/1566/1278 1475/1583/1292 1476/1584/1293
f 1459/1566/1278 1476/1584/1293 1460/1567/1279
f 1460/1567/1279 1476/1584/1293 1477/1585/1294
f 1460/1567/1279 1477/1585/1294 1461/1568/1280
f 1461/1568/1280 1477/1585/1294 1478/1586/1295
f 1461/1568/1280 1478/1586/1295 1462/1569/1281
f 1462/1569/1281 1478/1586/1295 1479/1587/1296
f 1462/1569/1281 1479/1587/1296 1463/1570/1282
f 1463/1570/1282 1479/1587/1296 1480/1588/1297
f 1463/1570/1282 1480/1588/1297 1464/1571/1283
f 1464/1571/1283 1480/1588/1297 1481/1589/1298
f 1464/1571/1283 1481/1589/1298 1465/1572/1284
f 1465/1572/1284 1481/1589/1298 1482/1590/17
f 1465/1572/1284 1482/1590/17 1466/1573/17
f 1466/1573/17 1482/1590/17 1483/1591/1299
f 1466/1573/17 1483/1591/1299 1467/1574/1285
f 1467/1574/1285 1483/1591/1299 1484/1592/1300
f 1467/1574/1285 1484/1592/1300 1468/1575/1286
f 1468/1575/1286 1484/1592/1300 1485/1593/1301
f 1468/1575/1286 1485/1593/1301 1469/1576/1287
f 1469/1576/1287 1485/1593/1301 1486/1594/1302
f 1469/1576/1287 1486/1594/1302 1470/1577/1288
f 1470/1577/1288 1486/1594/1302 1487/1595/1303
f 1470/1577/1288 1487/1595/1303 1471/1578/1289
f 1471/1578/1289 1487/1595/1303 1488/1596/1304
f 1471/1578/1289 1488/1596/1304 1472/1579/1290
f 1472/1579/1290 1488/1596/1304 1489/1597/1305
f 1472/1579/1290 1489/1597/1305 1473/1580/1291
f 1473/1580/1291 1489/1597/1305 1474/1598/2
f 1473/1580/1291 1474/1598/2 1458/1581/2
f 1474/1582/2 1490/1599/2 1491/1600/1306
f 1474/1582/2 1491/1600/1306 1475/1583/1292
f 1475/1583/1292 1491/1600/1306 1492/1601/1307
f 1475/1583/1292 1492/1601/1307 1476/1584/1293
f 1476/1584/1293 1492/1601/1307 1493/1602/1308
f 1476/1584/1293 1493/1602/1308 1477/1585/1294
f 1477/1585/1294 1493/1602/1308 1494/1603/1309
f 1477/1585/1294 1494/1603/1309 1478/1586/1295
f 1478/1586/1295 1494/1603/1309 1495/1604/1310
f 1478/1586/1295 1495/1604/1310 1479/1587/1296
f 1479/1587/1296 1495/1604/1310 1496/1605/1311
f 1479/1587/1296 1496/1605/1311 1480/1588/1297
f 1480/1588/1297 1496/1605/1311 1497/1606/1312
f 1480/1588/1297 1497/1606/1312 1481/1589/1298
f 1481/1589/1298 1497/1606/1312 1498/1607/17
f 1481/1589/1298 1498/1607/17 1482/1590/17
f 1482/1590/17 1498/1607/17 1499/1608/1313
f 1482/1590/17 1499/1608/1313 1483/1591/1299
f 1483/1591/1299 1499/1608/1313 1500/1609/1314
f 1483/1591/1299 1500/1609/1314 1484/1592/1300
f 1484/1592/1300 1500/1609/1314 1501/1610/1315
f 1484/1592/1300 1501/1610/1315 1485/1593/1301
f 1485/1593/1301 1501/1610/1315 1502/1611/1316
f 1485/1593/1301 1502/1611/1316 1486/1594/1302
f 1486/1594/1302 1502/1611/1316 1503/1612/1317
f 1486/1594/1302 1503/1612/1317 1487/1595/1303
f 1487/1595/1303 1503/1612/1317 1504/1613/1318
f 1487/1595/1303 1504/1613/1318 1488/1596/1304
f 1488/1596/1304 1504/1613/1318 1505/1614/1319
f 1488/1596/1304 1505/1614/1319 1489/1597/1305
f 1489/1597/1305 1505/1614/1319 1490/1615/2
f 1489/1597/1305 1490/1615/2 1474/1598/2
f 1490/1599/2 1506/1616/2 1507/1617/1320
f 1490/1599/2 1507/1617/1320 1491/1600/1306
f 1491/1600/1306 1507/1617/1320 1508/1618/1321
f 1491/1600/1306 1508/1618/1321 1492/1601/1307
f 1492/1601/1307 1508/1618/1321 1509/1619/1322
f 1492/1601/1307 1509/1619/1322 1493/1602/1308
f 1493/1602/1308 1509/1619/1322 1510/1620/1323
f 1493/1602/1308 1510/1620/1323 1494/1603/1309
f 1494/1603/1309 1510/1620/1323 1511/1621/1324
f 1494/1603/1309 1511/1621/1324 1495/1604/1310
f 1495/1604/1310 1511/1621/1324 1512/1622/1325
f 1495/1604/1310 1512/1622/1325 1496/1605/1311
f 1496/1605/1311 1512/1622/1325 1513/1623/1326
f 1496/1605/1311 1513/1623/1326 1497/1606/1312
f 1497/1606/1312 1513/1623/1326 1514/1624/17
f 1497/1606/1312 1514/1624/17 1498/1607/17
f 1498/1607/17 1514/1624/17 1515/1625/1327
f 1498/1607/17 1515/1625/1327 1499/1608/1313
f 1499/1608/1313 1515/1625/1327 1516/1626/1328
f 1499/1608/1313 1516/1626/1328 1500/1609/1314
f 1500/1609/1314 1516/1626/1328 1517/1627/1329
f 1500/1609/1314 1517/1627/1329 1501/1610/1315
f 1501/1610/1315 1517/1627/1329 1518/1628/1330
f 1501/1610/1315 1518/1628/1330 1502/1611/1316
f 1502/1611/1316 1518/1628/1330 1519/1629/1331
f 1502/1611/1316 1519/1629/1331 1503/1612/1317
f 1503/1612/1317 1519/1629/1331 1520/1630/1332
f 1503/1612/1317 1520/1630/1332 1504/1613/1318
f 1504/1613/1318 1520/1630/1332 1521/1631/1333
f 1504/1613/1318 1521/1631/1333 1505/1614/1319
f 1505/1614/1319 1521/1631/1333 1506/1632/2
f 1505/1614/1319 1506/1632/2 1490/1615/2
f 1506/1616/2 1522/1633/2 1523/1634/1334
f 1506/1616/2 1523/1634/1334 1507/1617/1320
f 1507/1617/1320 1523/1634/1334 1524/1635/1335
f 1507/1617/1320 1524/1635/1335 1508/1618/1321
f 1508/1618/1321 1524/1635/1335 1525/1636/1336
f 1508/1618/1321 1525/1636/1336 1509/1619/1322
f 1509/1619/1322 1525/1636/1336 1526/1637/1337
f 1509/1619/1322 1526/1637/1337 1510/1620/1323
f 1510/1620/1323 1526/1637/1337 1527/1638/1338
f 1510/1620/1323 1527/1638/1338 1511/1621/1324
f 1511/1621/1324 1527/1638/1338 1528/1639/1339
f 1511/1621/1324 1528/1639/1339 1512/1622/1325
f 1512/1622/1325 1528/1639/1339 1529/1640/1340
f 1512/1622/1325 1529/1640/1340 1513/1623/1326
f 1513/1623/1326 1529/1640/1340 1530/1641/17
f 1513/1623/1326 1530/1641/17 1514/1624/17
f 1514/1624/17 1530/1641/17 1531/1642/1341
f 1514/1624/17 1531/1642/1341 1515/1625/1327
f 1515/1625/1327 1531/1642/1341 1532/1643/1342
f 1515/1625/1327 1532/1643/1342 1516/1626/1328
f 1516/1626/1328 1532/1643/1342 1533/1644/1343
f 1516/1626/1328 1533/1644/1343 1517/1627/1329
f 1517/1627/1329 1533/1644/1343 1534/1645/1344
f 1517/1627/1329 1534/1645/1344 1518/1628/1330
f 1518/1628/1330 1534/1645/1344 1535/1646/1345
f 1518/1628/1330 1535/1646/1345 1519/1629/1331
f 1519/1629/1331 1535/1646/1345 1536/1647/1346
f 1519/1629/1331 1536/1647/1346 1520/1630/1332
f 1520/1630/1332 1536/1647/1346 1537/1648/1347
f 1520/1630/1332 1537/1648/1347 1521/1631/1333
f 1521/1631/1333 1537/1648/1347 1522/1649/2
f 1521/1631/1333 1522/1649/2 1506/1632/2
f 1522/1633/2 1538/1650/2 1539/1651/1348
f 1522/1633/2 1539/1651/1348 1523/1634/1334
f 1523/1634/1334 1539/1651/1348 1540/1652/1349
f 1523/1634/1334 1540/1652/1349 1524/1635/1335
f 1524/1635/1335 1540/1652/1349 1541/1653/1350
f 1524/1635/1335 1541/1653/1350 1525/1636/1336
f 1525/1636/1336 1541/1653/1350 1542/1654/1351
f 1525/1636/1336 1542/1654/1351 1526/1637/1337
f 1526/1637/1337 1542/1654/1351 1543/1655/1352
f 1526/1637/1337 1543/1655/1352 1527/1638/1338
f 1527/1638/1338 1543/1655/1352 1544/1656/1353
f 1527/1638/1338 1544/1656/1353 1528/1639/1339
f 1528/1639/1339 1544/1656/1353 1545/1657/1354
f 1528/1639/1339 1545/1657/1354 1529/1640/1340
f 1529/1640/1340 1545/1657/1354 1546/1658/17
f 1529/1640/1340 1546/1658/17 1530/1641/17
f 1530/1641/17 1546/1658/17 1547/1659/1355
f 1530/1641/17 1547/1659/1355 1531/1642/1341
f 1531/1642/1341 1547/1659/1355 1548/1660/1356
f 1531/1642/1341 1548/1660/1356 1532/1643/1342
f 1532/1643/1342 1548/1660/1356 1549/1661/1357
f 1532/1643/1342 1549/1661/1357 1533/1644/1343
f 1533/1644/1343 1549/1661/1357 1550/1662/1358
f 1533/1644/1343 1550/1662/1358 1534/1645/1344
f 1534/1645/1344 1550/1662/1358 1551/1663/1359
f 1534/1645/1344 1551/1663/1359 1535/1646/1345
f 1535/1646/1345 1551/1663/1359 1552/1664/1360
f 1535/1646/1345 1552/1664/1360 1536/1647/1346
f 1536/1647/1346 1552/1664/1360 1553/1665/1361
f 1536/1647/1346 1553/1665/1361 1537/1648/1347
f 1537/1648/1347 1553/1665/1361 1538/1666/2
f 1537/1648/1347 1538/1666/2 1522/1649/2
f 1538/1650/2 1554/1667/2 1555/1668/1362
f 1538/1650/2 1555/1668/1362 1539/1651/1348
f 1539/1651/1348 1555/1668/1362 1556/1669/1363
f 1539/1651/1348 1556/1669/1363 1540/1652/1349
f 1540/1652/1349 1556/1669/1363 1557/1670/1364
f 1540/1652/1349 1557/1670/1364 1541/1653/1350
f 1541/1653/1350 1557/1670/1364 1558/1671/1365
f 1541/1653/1350 1558/1671/1365 1542/1654/1351
f 1542/1654/1351 1558/1671/1365 1559/1672/1366
f 1542/1654/1351 1559/1672/1366 1543/1655/1352
f 1543/1655/1352 1559/1672/1366 1560/1673/1367
f 1543/1655/1352 1560/1673/1367 1544/1656/1353
f 1544/1656/1353 1560/1673/1367 1561/1674/1368
f 1544/1656/1353 1561/1674/1368 1545/1657/1354
f 1545/1657/1354 1561/1674/1368 1562/1675/17
f 1545/1657/1354 1562/1675/17 1546/1658/17
f 1546/1658/17 1562/1675/17 1563/1676/1369
f 1546/1658/17 1563/1676/1369 1547/1659/1355
f 1547/1659/1355 1563/1676/1369 1564/1677/1370
f 1547/1659/1355 1564/1677/1370 1548/1660/1356
f 1548/1660/1356 1564/1677/1370 1565/1678/1371
f 1548/1660/1356 1565/1678/1371 1549/1661/1357
f 1549/1661/1357 1565/1678/1371 1566/1679/1372
f 1549/1661/1357 1566/1679/1372 1550/1662/1358
f 1550/1662/1358 1566/1679/1372 1567/1680/1373
f 1550/1662/1358 1567/1680/1373 1551/1663/1359
f 1551/1663/1359 1567/1680/1373 1568/1681/1374
f 1551/1663/1359 1568/1681/1374 1552/1664/1360
f 1552/1664/1360 1568/1681/1374 1569/1682/1375
f 1552/1664/1360 1569/1682/1375 1553/1665/1361
f 1553/1665/1361 1569/1682/1375 1554/1683/2
f 1553/1665/1361 1554/1683/2 1538/1666/2
f 1570/1/1376 1555/3/1376 1554/2/1376
f 1570/1/1376 1556/4/1376 1555/3/1376
f 1570/1/1376 1557/5/1376 1556/4/1376
f 1570/1/1376 1558/6/1376 1557/5/1376
f 1570/1/1376 1559/7/1376 1558/6/1376
f 1570/1/1376 1560/8/1376 1559/7/1376
f 1570/1/1376 1561/9/1376 1560/8/1376
f 1570/1/1376 1562/10/1376 1561/9/1376
f 1570/1/1376 1563/11/1376 1562/10/1376
f 1570/1/1376 1564/12/1376 1563/11/1376
f 1570/1/1376 1565/13/1376 1564/12/1376
f 1570/1/1376 1566/14/1376 1565/13/1376
f 1570/1/1376 1567/15/1376 1566/14/1376
f 1570/1/1376 1568/16/1376 1567/15/1376
f 1570/1/1376 1569/17/1376 1568/16/1376
f 1570/1/1376 1554/2/1376 1569/17/1376
