# Procedurally generated by dev-env-utils/scripts/gen_mast_arm_curves.py
# inventory icon: whole sweep fitted to one block
mtllib mastarmcurve.mtl
o mastarm_10x2_inv
v 0.538156 0.409464 1.000000
v 0.538156 0.409464 0.987076
v 0.535252 0.424972 0.987076
v 0.535252 0.424972 1.000000
v 0.526980 0.438120 0.987076
v 0.526980 0.438120 1.000000
v 0.514602 0.446905 0.987076
v 0.514602 0.446905 1.000000
v 0.500000 0.449990 0.987076
v 0.500000 0.449990 1.000000
v 0.485398 0.446905 0.987076
v 0.485398 0.446905 1.000000
v 0.473020 0.438120 0.987076
v 0.473020 0.438120 1.000000
v 0.464748 0.424972 0.987076
v 0.464748 0.424972 1.000000
v 0.461844 0.409464 0.987076
v 0.461844 0.409464 1.000000
v 0.464748 0.393955 0.987076
v 0.464748 0.393955 1.000000
v 0.473020 0.380807 0.987076
v 0.473020 0.380807 1.000000
v 0.485398 0.372022 0.987076
v 0.485398 0.372022 1.000000
v 0.500000 0.368937 0.987076
v 0.500000 0.368937 1.000000
v 0.514602 0.372022 0.987076
v 0.514602 0.372022 1.000000
v 0.526980 0.380807 0.987076
v 0.526980 0.380807 1.000000
v 0.535252 0.393955 0.987076
v 0.535252 0.393955 1.000000
v 0.500000 0.409464 1.000000
v 0.500000 0.409464 0.987076
v 0.530867 0.403261 1.000000
v 0.530771 0.409464 0.984614
v 0.528429 0.420397 0.988988
v 0.528492 0.415996 1.000000
v 0.521758 0.429666 0.992695
v 0.521790 0.426768 1.000000
v 0.511776 0.435859 0.995173
v 0.511787 0.433953 1.000000
v 0.500000 0.438034 0.996043
v 0.500000 0.436474 1.000000
v 0.488224 0.435859 0.995173
v 0.488213 0.433953 1.000000
v 0.478242 0.429666 0.992695
v 0.478210 0.426768 1.000000
v 0.471571 0.420397 0.988988
v 0.471508 0.415996 1.000000
v 0.469229 0.409464 0.984614
v 0.469133 0.403261 1.000000
v 0.471571 0.398530 0.980241
v 0.471457 0.390496 1.000000
v 0.478242 0.389261 0.976534
v 0.478137 0.379649 1.000000
v 0.488224 0.383068 0.974056
v 0.488162 0.372389 1.000000
v 0.500000 0.380893 0.973186
v 0.500000 0.369837 1.000000
v 0.511776 0.383068 0.974056
v 0.511838 0.372389 1.000000
v 0.521758 0.389261 0.976534
v 0.521863 0.379649 1.000000
v 0.528429 0.398530 0.980241
v 0.528543 0.390496 1.000000
v 0.530720 0.412732 0.976409
v 0.528381 0.423660 0.980743
v 0.521722 0.432924 0.984418
v 0.511756 0.439114 0.986874
v 0.500000 0.441288 0.987736
v 0.488244 0.439114 0.986874
v 0.478278 0.432924 0.984418
v 0.471619 0.423660 0.980743
v 0.469280 0.412732 0.976409
v 0.471619 0.401805 0.972074
v 0.478278 0.392541 0.968399
v 0.488244 0.386351 0.965944
v 0.500000 0.384177 0.965082
v 0.511756 0.386351 0.965944
v 0.521722 0.392541 0.968399
v 0.528381 0.401805 0.972074
v 0.530669 0.415973 0.968203
v 0.528334 0.426895 0.972499
v 0.521686 0.436154 0.976141
v 0.511736 0.442341 0.978574
v 0.500000 0.444514 0.979429
v 0.488264 0.442341 0.978574
v 0.478314 0.436154 0.976141
v 0.471666 0.426895 0.972499
v 0.469331 0.415973 0.968203
v 0.471666 0.405052 0.963907
v 0.478314 0.395793 0.960265
v 0.488264 0.389606 0.957832
v 0.500000 0.387433 0.956977
v 0.511736 0.389606 0.957832
v 0.521686 0.395793 0.960265
v 0.528334 0.405052 0.963907
v 0.530617 0.419187 0.959998
v 0.528287 0.430103 0.964255
v 0.521650 0.439357 0.967864
v 0.511717 0.445541 0.970275
v 0.500000 0.447712 0.971122
v 0.488283 0.445541 0.970275
v 0.478350 0.439357 0.967864
v 0.471713 0.430103 0.964255
v 0.469383 0.419187 0.959998
v 0.471713 0.408271 0.955740
v 0.478350 0.399017 0.952131
v 0.488283 0.392834 0.949720
v 0.500000 0.390663 0.948873
v 0.511717 0.392834 0.949720
v 0.521650 0.399017 0.952131
v 0.528287 0.408271 0.955740
v 0.530566 0.422374 0.951792
v 0.528239 0.433284 0.956010
v 0.521613 0.442533 0.959587
v 0.511697 0.448713 0.961976
v 0.500000 0.450883 0.962815
v 0.488303 0.448713 0.961976
v 0.478387 0.442533 0.959587
v 0.471761 0.433284 0.956010
v 0.469434 0.422374 0.951792
v 0.471761 0.411464 0.947573
v 0.478387 0.402215 0.943997
v 0.488303 0.396035 0.941608
v 0.500000 0.393865 0.940768
v 0.511697 0.396035 0.941608
v 0.521613 0.402215 0.943997
v 0.528239 0.411464 0.947573
v 0.530515 0.425533 0.943586
v 0.528192 0.436437 0.947766
v 0.521577 0.445681 0.951310
v 0.511677 0.451857 0.953677
v 0.500000 0.454026 0.954509
v 0.488323 0.451857 0.953677
v 0.478423 0.445681 0.951310
v 0.471808 0.436437 0.947766
v 0.469485 0.425533 0.943586
v 0.471808 0.414629 0.939407
v 0.478423 0.405385 0.935863
v 0.488323 0.399209 0.933495
v 0.500000 0.397040 0.932664
v 0.511677 0.399209 0.933495
v 0.521577 0.405385 0.935863
v 0.528192 0.414629 0.939407
v 0.530463 0.428665 0.935381
v 0.528145 0.439562 0.939522
v 0.521541 0.448801 0.943032
v 0.511658 0.454974 0.945378
v 0.500000 0.457141 0.946202
v 0.488342 0.454974 0.945378
v 0.478459 0.448801 0.943032
v 0.471855 0.439562 0.939522
v 0.469537 0.428665 0.935381
v 0.471855 0.417767 0.931240
v 0.478459 0.408529 0.927729
v 0.488342 0.402356 0.925383
v 0.500000 0.400188 0.924560
v 0.511658 0.402356 0.925383
v 0.521541 0.408529 0.927729
v 0.528145 0.417767 0.931240
v 0.530412 0.431769 0.927175
v 0.528097 0.442660 0.931277
v 0.521505 0.451894 0.934755
v 0.511638 0.458063 0.937079
v 0.500000 0.460229 0.937895
v 0.488362 0.458063 0.937079
v 0.478495 0.451894 0.934755
v 0.471903 0.442660 0.931277
v 0.469588 0.431769 0.927175
v 0.471903 0.420878 0.923073
v 0.478495 0.411645 0.919595
v 0.488362 0.405476 0.917271
v 0.500000 0.403309 0.916455
v 0.511638 0.405476 0.917271
v 0.521505 0.411645 0.919595
v 0.528097 0.420878 0.923073
v 0.530361 0.434846 0.918969
v 0.528050 0.445731 0.923033
v 0.521468 0.454959 0.926478
v 0.511619 0.461125 0.928780
v 0.500000 0.463290 0.929588
v 0.488381 0.461125 0.928780
v 0.478532 0.454959 0.926478
v 0.471950 0.445731 0.923033
v 0.469639 0.434846 0.918969
v 0.471950 0.423962 0.914906
v 0.478532 0.414734 0.911461
v 0.488381 0.408568 0.909159
v 0.500000 0.406403 0.908351
v 0.511619 0.408568 0.909159
v 0.521468 0.414734 0.911461
v 0.528050 0.423962 0.914906
v 0.530310 0.437896 0.910764
v 0.528002 0.448774 0.914789
v 0.521432 0.457996 0.918201
v 0.511599 0.464158 0.920481
v 0.500000 0.466322 0.921281
v 0.488401 0.464158 0.920481
v 0.478568 0.457996 0.918201
v 0.471998 0.448774 0.914789
v 0.469690 0.437896 0.910764
v 0.471998 0.427018 0.906739
v 0.478568 0.417796 0.903327
v 0.488401 0.411634 0.901047
v 0.500000 0.409470 0.900246
v 0.511599 0.411634 0.901047
v 0.521432 0.417796 0.903327
v 0.528002 0.427018 0.906739
v 0.530258 0.440919 0.902558
v 0.527955 0.451790 0.906544
v 0.521396 0.461007 0.909924
v 0.511579 0.467165 0.912182
v 0.500000 0.469327 0.912975
v 0.488421 0.467165 0.912182
v 0.478604 0.461007 0.909924
v 0.472045 0.451790 0.906544
v 0.469742 0.440919 0.902558
v 0.472045 0.430047 0.898572
v 0.478604 0.420831 0.895193
v 0.488421 0.414672 0.892935
v 0.500000 0.412510 0.892142
v 0.511579 0.414672 0.892935
v 0.521396 0.420831 0.895193
v 0.527955 0.430047 0.898572
v 0.530207 0.443914 0.894353
v 0.527908 0.454778 0.898300
v 0.521360 0.463989 0.901647
v 0.511560 0.470144 0.903883
v 0.500000 0.472305 0.904668
v 0.488440 0.470144 0.903883
v 0.478640 0.463989 0.901647
v 0.472092 0.454778 0.898300
v 0.469793 0.443914 0.894353
v 0.472092 0.433049 0.890405
v 0.478640 0.423838 0.887058
v 0.488440 0.417684 0.884822
v 0.500000 0.415523 0.884037
v 0.511560 0.417684 0.884822
v 0.521360 0.423838 0.887058
v 0.527908 0.433049 0.890405
v 0.530156 0.446881 0.886147
v 0.527860 0.457739 0.890056
v 0.521323 0.466944 0.893370
v 0.511540 0.473095 0.895584
v 0.500000 0.475254 0.896361
v 0.488460 0.473095 0.895584
v 0.478677 0.466944 0.893370
v 0.472140 0.457739 0.890056
v 0.469844 0.446881 0.886147
v 0.472140 0.436023 0.882238
v 0.478677 0.426818 0.878924
v 0.488460 0.420668 0.876710
v 0.500000 0.418508 0.875933
v 0.511540 0.420668 0.876710
v 0.521323 0.426818 0.878924
v 0.527860 0.436023 0.882238
v 0.530104 0.449822 0.877941
v 0.527813 0.460673 0.881811
v 0.521287 0.469872 0.885092
v 0.511520 0.476018 0.887285
v 0.500000 0.478177 0.888055
v 0.488480 0.476018 0.887285
v 0.478713 0.469872 0.885092
v 0.472187 0.460673 0.881811
v 0.469896 0.449822 0.877941
v 0.472187 0.438971 0.874071
v 0.478713 0.429772 0.870790
v 0.488480 0.423625 0.868598
v 0.500000 0.421467 0.867828
v 0.511520 0.423625 0.868598
v 0.521287 0.429772 0.870790
v 0.527813 0.438971 0.874071
v 0.530053 0.452735 0.869736
v 0.527765 0.463578 0.873567
v 0.521251 0.472771 0.876815
v 0.511501 0.478914 0.878986
v 0.500000 0.481071 0.879748
v 0.488499 0.478914 0.878986
v 0.478749 0.472771 0.876815
v 0.472235 0.463578 0.873567
v 0.469947 0.452735 0.869736
v 0.472235 0.441891 0.865904
v 0.478749 0.432698 0.862656
v 0.488499 0.426555 0.860486
v 0.500000 0.424398 0.859723
v 0.511501 0.426555 0.860486
v 0.521251 0.432698 0.862656
v 0.527765 0.441891 0.865904
v 0.530002 0.455620 0.861530
v 0.527718 0.466457 0.865323
v 0.521214 0.475644 0.868538
v 0.511481 0.481782 0.870687
v 0.500000 0.483938 0.871441
v 0.488519 0.481782 0.870687
v 0.478786 0.475644 0.868538
v 0.472282 0.466457 0.865323
v 0.469998 0.455620 0.861530
v 0.472282 0.444784 0.857737
v 0.478786 0.435597 0.854522
v 0.488519 0.429458 0.852373
v 0.500000 0.427303 0.851619
v 0.511481 0.429458 0.852373
v 0.521214 0.435597 0.854522
v 0.527718 0.444784 0.857737
v 0.529951 0.458479 0.853324
v 0.527671 0.469308 0.857079
v 0.521178 0.478489 0.860261
v 0.511462 0.484623 0.862388
v 0.500000 0.486777 0.863134
v 0.488538 0.484623 0.862388
v 0.478822 0.478489 0.860261
v 0.472329 0.469308 0.857079
v 0.470049 0.458479 0.853324
v 0.472329 0.447649 0.849570
v 0.478822 0.438469 0.846388
v 0.488538 0.432334 0.844261
v 0.500000 0.430180 0.843514
v 0.511462 0.432334 0.844261
v 0.521178 0.438469 0.846388
v 0.527671 0.447649 0.849570
v 0.529947 0.458697 0.852693
v 0.527667 0.469526 0.856444
v 0.521175 0.478706 0.859624
v 0.511460 0.484840 0.861749
v 0.500000 0.486994 0.862495
v 0.488540 0.484840 0.861749
v 0.478825 0.478706 0.859624
v 0.472333 0.469526 0.856444
v 0.470053 0.458697 0.852693
v 0.472333 0.447869 0.848942
v 0.478825 0.438688 0.845762
v 0.488540 0.432555 0.843637
v 0.500000 0.430401 0.842891
v 0.511460 0.432555 0.843637
v 0.521175 0.438688 0.845762
v 0.527667 0.447869 0.848942
v 0.529899 0.461310 0.845119
v 0.527623 0.472131 0.848834
v 0.521142 0.481306 0.851984
v 0.511442 0.487436 0.854089
v 0.500000 0.489588 0.854828
v 0.488558 0.487436 0.854089
v 0.478858 0.481306 0.851984
v 0.472377 0.472131 0.848834
v 0.470101 0.461310 0.845119
v 0.472377 0.450488 0.841403
v 0.478858 0.441313 0.838253
v 0.488558 0.435183 0.836149
v 0.500000 0.433031 0.835410
v 0.511442 0.435183 0.836149
v 0.521142 0.441313 0.838253
v 0.527623 0.450488 0.841403
v 0.529848 0.464113 0.836913
v 0.527576 0.474927 0.840590
v 0.521106 0.484095 0.843707
v 0.511422 0.490221 0.845790
v 0.500000 0.492372 0.846521
v 0.488578 0.490221 0.845790
v 0.478894 0.484095 0.843707
v 0.472424 0.474927 0.840590
v 0.470152 0.464113 0.836913
v 0.472424 0.453299 0.833236
v 0.478894 0.444131 0.830119
v 0.488578 0.438005 0.828036
v 0.500000 0.435854 0.827305
v 0.511422 0.438005 0.828036
v 0.521106 0.444131 0.830119
v 0.527576 0.453299 0.833236
v 0.529797 0.466889 0.828708
v 0.527529 0.477696 0.832346
v 0.521069 0.486858 0.835430
v 0.511403 0.492979 0.837491
v 0.500000 0.495129 0.838215
v 0.488597 0.492979 0.837491
v 0.478931 0.486858 0.835430
v 0.472471 0.477696 0.832346
v 0.470203 0.466889 0.828708
v 0.472471 0.456083 0.825069
v 0.478931 0.446921 0.821985
v 0.488597 0.440800 0.819924
v 0.500000 0.438650 0.819200
v 0.511403 0.440800 0.819924
v 0.521069 0.446921 0.821985
v 0.527529 0.456083 0.825069
v 0.529745 0.469638 0.820502
v 0.527481 0.480437 0.824102
v 0.521033 0.489592 0.827153
v 0.511383 0.495709 0.829192
v 0.500000 0.497857 0.829908
v 0.488617 0.495709 0.829192
v 0.478967 0.489592 0.827153
v 0.472519 0.480437 0.824102
v 0.470255 0.469638 0.820502
v 0.472519 0.458839 0.816902
v 0.478967 0.449684 0.813851
v 0.488617 0.443567 0.811812
v 0.500000 0.441419 0.811096
v 0.511383 0.443567 0.811812
v 0.521033 0.449684 0.813851
v 0.527481 0.458839 0.816902
v 0.529694 0.472360 0.812296
v 0.527434 0.483151 0.815857
v 0.520997 0.492299 0.818876
v 0.511363 0.498412 0.820893
v 0.500000 0.500558 0.821602
v 0.488637 0.498412 0.820893
v 0.479003 0.492299 0.818876
v 0.472566 0.483151 0.815857
v 0.470306 0.472360 0.812296
v 0.472566 0.461569 0.808735
v 0.479003 0.452421 0.805716
v 0.488637 0.446308 0.803699
v 0.500000 0.444161 0.802991
v 0.511363 0.446308 0.803699
v 0.520997 0.452421 0.805716
v 0.527434 0.461569 0.808735
v 0.529643 0.475054 0.804091
v 0.527386 0.485837 0.807613
v 0.520961 0.494978 0.810599
v 0.511344 0.501087 0.812595
v 0.500000 0.503231 0.813295
v 0.488656 0.501087 0.812595
v 0.479039 0.494978 0.810599
v 0.472614 0.485837 0.807613
v 0.470357 0.475054 0.804091
v 0.472614 0.464271 0.800568
v 0.479039 0.455129 0.797582
v 0.488656 0.449021 0.795587
v 0.500000 0.446876 0.794886
v 0.511344 0.449021 0.795587
v 0.520961 0.455129 0.797582
v 0.527386 0.464271 0.800568
v 0.529592 0.477721 0.795885
v 0.527339 0.488496 0.799369
v 0.520924 0.497630 0.802322
v 0.511324 0.503734 0.804296
v 0.500000 0.505877 0.804989
v 0.488676 0.503734 0.804296
v 0.479076 0.497630 0.802322
v 0.472661 0.488496 0.799369
v 0.470408 0.477721 0.795885
v 0.472661 0.466946 0.792401
v 0.479076 0.457811 0.789448
v 0.488676 0.451708 0.787474
v 0.500000 0.449564 0.786781
v 0.511324 0.451708 0.787474
v 0.520924 0.457811 0.789448
v 0.527339 0.466946 0.792401
v 0.529540 0.480360 0.787679
v 0.527292 0.491127 0.791125
v 0.520888 0.500255 0.794046
v 0.511305 0.506353 0.795997
v 0.500000 0.508495 0.796683
v 0.488695 0.506353 0.795997
v 0.479112 0.500255 0.794046
v 0.472708 0.491127 0.791125
v 0.470460 0.480360 0.787679
v 0.472708 0.469594 0.784234
v 0.479112 0.460466 0.781313
v 0.488695 0.454367 0.779362
v 0.500000 0.452225 0.778676
v 0.511305 0.454367 0.779362
v 0.520888 0.460466 0.781313
v 0.527292 0.469594 0.784234
v 0.529489 0.482972 0.779474
v 0.527244 0.493731 0.782881
v 0.520852 0.502851 0.785769
v 0.511285 0.508945 0.787699
v 0.500000 0.511085 0.788376
v 0.488715 0.508945 0.787699
v 0.479148 0.502851 0.785769
v 0.472756 0.493731 0.782881
v 0.470511 0.482972 0.779474
v 0.472756 0.472214 0.776067
v 0.479148 0.463093 0.773179
v 0.488715 0.456999 0.771249
v 0.500000 0.454859 0.770571
v 0.511285 0.456999 0.771249
v 0.520852 0.463093 0.773179
v 0.527244 0.472214 0.776067
v 0.529438 0.485557 0.771268
v 0.527197 0.496307 0.774636
v 0.520816 0.505421 0.777492
v 0.511265 0.511510 0.779400
v 0.500000 0.513648 0.780070
v 0.488735 0.511510 0.779400
v 0.479184 0.505421 0.777492
v 0.472803 0.496307 0.774636
v 0.470562 0.485557 0.771268
v 0.472803 0.474807 0.767900
v 0.479184 0.465694 0.765044
v 0.488735 0.459604 0.763136
v 0.500000 0.457466 0.762466
v 0.511265 0.459604 0.763136
v 0.520816 0.465694 0.765044
v 0.527197 0.474807 0.767900
v 0.529386 0.488115 0.763062
v 0.527149 0.498856 0.766392
v 0.520779 0.507962 0.769215
v 0.511246 0.514047 0.771101
v 0.500000 0.516183 0.771764
v 0.488754 0.514047 0.771101
v 0.479221 0.507962 0.769215
v 0.472851 0.498856 0.766392
v 0.470614 0.488115 0.763062
v 0.472851 0.477373 0.759733
v 0.479221 0.468267 0.756910
v 0.488754 0.462183 0.755024
v 0.500000 0.460046 0.754361
v 0.511246 0.462183 0.755024
v 0.520779 0.468267 0.756910
v 0.527149 0.477373 0.759733
v 0.529335 0.490645 0.754857
v 0.527102 0.501377 0.758148
v 0.520743 0.510476 0.760939
v 0.511226 0.516556 0.762803
v 0.500000 0.518691 0.763458
v 0.488774 0.516556 0.762803
v 0.479257 0.510476 0.760939
v 0.472898 0.501377 0.758148
v 0.470665 0.490645 0.754857
v 0.472898 0.479912 0.751565
v 0.479257 0.470813 0.748775
v 0.488774 0.464734 0.746911
v 0.500000 0.462599 0.746256
v 0.511226 0.464734 0.746911
v 0.520743 0.470813 0.748775
v 0.527102 0.479912 0.751565
v 0.529284 0.493147 0.746651
v 0.527055 0.503871 0.749904
v 0.520707 0.512963 0.752662
v 0.511206 0.519037 0.754504
v 0.500000 0.521170 0.755152
v 0.488794 0.519037 0.754504
v 0.479293 0.512963 0.752662
v 0.472945 0.503871 0.749904
v 0.470716 0.493147 0.746651
v 0.472945 0.482423 0.743398
v 0.479293 0.473332 0.740641
v 0.488794 0.467258 0.738798
v 0.500000 0.465124 0.738151
v 0.511206 0.467258 0.738798
v 0.520707 0.473332 0.740641
v 0.527055 0.482423 0.743398
v 0.529233 0.495623 0.738446
v 0.527007 0.506338 0.741660
v 0.520671 0.515422 0.744385
v 0.511187 0.521491 0.746206
v 0.500000 0.523622 0.746846
v 0.488813 0.521491 0.746206
v 0.479329 0.515422 0.744385
v 0.472993 0.506338 0.741660
v 0.470767 0.495623 0.738446
v 0.472993 0.484908 0.735231
v 0.479329 0.475824 0.732506
v 0.488813 0.469754 0.730685
v 0.500000 0.467623 0.730046
v 0.511187 0.469754 0.730685
v 0.520671 0.475824 0.732506
v 0.527007 0.484908 0.735231
v 0.529181 0.498071 0.730240
v 0.526960 0.508777 0.733416
v 0.520634 0.517853 0.736109
v 0.511167 0.523917 0.737908
v 0.500000 0.526047 0.738540
v 0.488833 0.523917 0.737908
v 0.479366 0.517853 0.736109
v 0.473040 0.508777 0.733416
v 0.470819 0.498071 0.730240
v 0.473040 0.487365 0.727064
v 0.479366 0.478289 0.724371
v 0.488833 0.472224 0.722572
v 0.500000 0.470095 0.721940
v 0.511167 0.472224 0.722572
v 0.520634 0.478289 0.724371
v 0.526960 0.487365 0.727064
v 0.529130 0.500491 0.722034
v 0.526913 0.511188 0.725172
v 0.520598 0.520257 0.727832
v 0.511148 0.526316 0.729610
v 0.500000 0.528444 0.730234
v 0.488852 0.526316 0.729610
v 0.479402 0.520257 0.727832
v 0.473087 0.511188 0.725172
v 0.470870 0.500491 0.722034
v 0.473087 0.489795 0.718897
v 0.479402 0.480726 0.716237
v 0.488852 0.474667 0.714459
v 0.500000 0.472539 0.713835
v 0.511148 0.474667 0.714459
v 0.520598 0.480726 0.716237
v 0.526913 0.489795 0.718897
v 0.529079 0.502885 0.713829
v 0.526865 0.513572 0.716928
v 0.520562 0.522633 0.719556
v 0.511128 0.528687 0.721311
v 0.500000 0.530813 0.721928
v 0.488872 0.528687 0.721311
v 0.479438 0.522633 0.719556
v 0.473135 0.513572 0.716928
v 0.470921 0.502885 0.713829
v 0.473135 0.492197 0.710729
v 0.479438 0.483137 0.708102
v 0.488872 0.477083 0.706346
v 0.500000 0.474957 0.705730
v 0.511128 0.477083 0.706346
v 0.520562 0.483137 0.708102
v 0.526865 0.492197 0.710729
v 0.529027 0.505251 0.705623
v 0.526818 0.515929 0.708684
v 0.520525 0.524981 0.711279
v 0.511108 0.531030 0.713013
v 0.500000 0.533154 0.713622
v 0.488892 0.531030 0.713013
v 0.479475 0.524981 0.711279
v 0.473182 0.515929 0.708684
v 0.470973 0.505251 0.705623
v 0.473182 0.494572 0.702562
v 0.479475 0.485520 0.699967
v 0.488892 0.479471 0.698233
v 0.500000 0.477347 0.697624
v 0.511108 0.479471 0.698233
v 0.520525 0.485520 0.699967
v 0.526818 0.494572 0.702562
v 0.528976 0.507589 0.697417
v 0.526770 0.518258 0.700440
v 0.520489 0.527302 0.703003
v 0.511089 0.533346 0.704715
v 0.500000 0.535468 0.705316
v 0.488911 0.533346 0.704715
v 0.479511 0.527302 0.703003
v 0.473230 0.518258 0.700440
v 0.471024 0.507589 0.697417
v 0.473230 0.496921 0.694395
v 0.479511 0.487876 0.691832
v 0.488911 0.481833 0.690120
v 0.500000 0.479711 0.689518
v 0.511089 0.481833 0.690120
v 0.520489 0.487876 0.691832
v 0.526770 0.496921 0.694395
v 0.528925 0.509901 0.689212
v 0.526723 0.520560 0.692196
v 0.520453 0.529596 0.694727
v 0.511069 0.535634 0.696417
v 0.500000 0.537754 0.697011
v 0.488931 0.535634 0.696417
v 0.479547 0.529596 0.694727
v 0.473277 0.520560 0.692196
v 0.471075 0.509901 0.689212
v 0.473277 0.499241 0.686227
v 0.479547 0.490205 0.683697
v 0.488931 0.484167 0.682006
v 0.500000 0.482047 0.681413
v 0.511069 0.484167 0.682006
v 0.520453 0.490205 0.683697
v 0.526723 0.499241 0.686227
v 0.528874 0.512184 0.681006
v 0.526676 0.522834 0.683953
v 0.520417 0.531862 0.686450
v 0.511049 0.537894 0.688119
v 0.500000 0.540013 0.688705
v 0.488951 0.537894 0.688119
v 0.479583 0.531862 0.686450
v 0.473324 0.522834 0.683953
v 0.471126 0.512184 0.681006
v 0.473324 0.501535 0.678060
v 0.479583 0.492507 0.675562
v 0.488951 0.486475 0.673893
v 0.500000 0.484356 0.673307
v 0.511049 0.486475 0.673893
v 0.520417 0.492507 0.675562
v 0.526676 0.501535 0.678060
v 0.528822 0.514441 0.672801
v 0.526628 0.525080 0.675709
v 0.520380 0.534100 0.678174
v 0.511030 0.540127 0.679821
v 0.500000 0.542243 0.680400
v 0.488970 0.540127 0.679821
v 0.479620 0.534100 0.678174
v 0.473372 0.525080 0.675709
v 0.471178 0.514441 0.672801
v 0.473372 0.503801 0.669892
v 0.479620 0.494782 0.667427
v 0.488970 0.488755 0.665780
v 0.500000 0.486639 0.665201
v 0.511030 0.488755 0.665780
v 0.520380 0.494782 0.667427
v 0.526628 0.503801 0.669892
v 0.528771 0.516670 0.664595
v 0.526581 0.527300 0.667465
v 0.520344 0.536311 0.669898
v 0.511010 0.542332 0.671524
v 0.500000 0.544447 0.672095
v 0.488990 0.542332 0.671524
v 0.479656 0.536311 0.669898
v 0.473419 0.527300 0.667465
v 0.471229 0.516670 0.664595
v 0.473419 0.506041 0.661725
v 0.479656 0.497029 0.659292
v 0.488990 0.491008 0.657666
v 0.500000 0.488894 0.657095
v 0.511010 0.491008 0.657666
v 0.520344 0.497029 0.659292
v 0.526581 0.506041 0.661725
v 0.528720 0.518872 0.656389
v 0.526534 0.529491 0.659221
v 0.520308 0.538494 0.661622
v 0.510991 0.544510 0.663226
v 0.500000 0.546622 0.663789
v 0.489009 0.544510 0.663226
v 0.479692 0.538494 0.661622
v 0.473466 0.529491 0.659221
v 0.471280 0.518872 0.656389
v 0.473466 0.508253 0.653557
v 0.479692 0.499250 0.651157
v 0.489009 0.493234 0.649553
v 0.500000 0.491122 0.648989
v 0.510991 0.493234 0.649553
v 0.520308 0.499250 0.651157
v 0.526534 0.508253 0.653557
v 0.528668 0.521047 0.648184
v 0.526486 0.531656 0.650977
v 0.520272 0.540650 0.653346
v 0.510971 0.546659 0.654928
v 0.500000 0.548770 0.655484
v 0.489029 0.546659 0.654928
v 0.479728 0.540650 0.653346
v 0.473514 0.531656 0.650977
v 0.471332 0.521047 0.648184
v 0.473514 0.510437 0.645390
v 0.479728 0.501443 0.643021
v 0.489029 0.495434 0.641439
v 0.500000 0.493323 0.640883
v 0.510971 0.495434 0.641439
v 0.520272 0.501443 0.643021
v 0.526486 0.510437 0.645390
v 0.528617 0.523194 0.639978
v 0.526439 0.533793 0.642734
v 0.520235 0.542778 0.645070
v 0.510951 0.548782 0.646631
v 0.500000 0.550890 0.647179
v 0.489049 0.548782 0.646631
v 0.479765 0.542778 0.645070
v 0.473561 0.533793 0.642734
v 0.471383 0.523194 0.639978
v 0.473561 0.512595 0.637222
v 0.479765 0.503609 0.634886
v 0.489049 0.497606 0.633325
v 0.500000 0.495497 0.632777
v 0.510951 0.497606 0.633325
v 0.520235 0.503609 0.634886
v 0.526439 0.512595 0.637222
v 0.528566 0.525313 0.631772
v 0.526391 0.535902 0.634490
v 0.520199 0.544878 0.636794
v 0.510932 0.550876 0.638334
v 0.500000 0.552982 0.638874
v 0.489068 0.550876 0.638334
v 0.479801 0.544878 0.636794
v 0.473609 0.535902 0.634490
v 0.471434 0.525313 0.631772
v 0.473609 0.514725 0.629055
v 0.479801 0.505749 0.626751
v 0.489068 0.499751 0.625211
v 0.500000 0.497644 0.624671
v 0.510932 0.499751 0.625211
v 0.520199 0.505749 0.626751
v 0.526391 0.514725 0.629055
v 0.528515 0.527406 0.623567
v 0.526344 0.537984 0.626247
v 0.520163 0.546951 0.628518
v 0.510912 0.552943 0.630036
v 0.500000 0.555047 0.630569
v 0.489088 0.552943 0.630036
v 0.479837 0.546951 0.628518
v 0.473656 0.537984 0.626247
v 0.471485 0.527406 0.623567
v 0.473656 0.516828 0.620887
v 0.479837 0.507860 0.618615
v 0.489088 0.501869 0.617097
v 0.500000 0.499765 0.616564
v 0.510912 0.501869 0.617097
v 0.520163 0.507860 0.618615
v 0.526344 0.516828 0.620887
v 0.528463 0.529471 0.615361
v 0.526297 0.540038 0.618003
v 0.520127 0.548997 0.620243
v 0.510892 0.554982 0.621739
v 0.500000 0.557084 0.622265
v 0.489108 0.554982 0.621739
v 0.479873 0.548997 0.620243
v 0.473703 0.540038 0.618003
v 0.471537 0.529471 0.615361
v 0.473703 0.518904 0.612719
v 0.479873 0.509945 0.610480
v 0.489108 0.503959 0.608983
v 0.500000 0.501858 0.608458
v 0.510892 0.503959 0.608983
v 0.520127 0.509945 0.610480
v 0.526297 0.518904 0.612719
v 0.528412 0.531509 0.607156
v 0.526249 0.542065 0.609759
v 0.520090 0.551014 0.611967
v 0.510873 0.556994 0.613442
v 0.500000 0.559094 0.613960
v 0.489127 0.556994 0.613442
v 0.479910 0.551014 0.611967
v 0.473751 0.542065 0.609759
v 0.471588 0.531509 0.607156
v 0.473751 0.520952 0.604552
v 0.479910 0.512003 0.602344
v 0.489127 0.506023 0.600869
v 0.500000 0.503924 0.600351
v 0.510873 0.506023 0.600869
v 0.520090 0.512003 0.602344
v 0.526249 0.520952 0.604552
v 0.528361 0.533519 0.598950
v 0.526202 0.544065 0.601516
v 0.520054 0.553005 0.603691
v 0.510853 0.558978 0.605145
v 0.500000 0.561076 0.605655
v 0.489147 0.558978 0.605145
v 0.479946 0.553005 0.603691
v 0.473798 0.544065 0.601516
v 0.471639 0.533519 0.598950
v 0.473798 0.522974 0.596384
v 0.479946 0.514034 0.594208
v 0.489147 0.508060 0.592755
v 0.500000 0.505962 0.592244
v 0.510853 0.508060 0.592755
v 0.520054 0.514034 0.594208
v 0.526202 0.522974 0.596384
v 0.528309 0.535502 0.590744
v 0.526154 0.546036 0.593273
v 0.520018 0.554967 0.595416
v 0.510834 0.560934 0.596848
v 0.500000 0.563030 0.597351
v 0.489166 0.560934 0.596848
v 0.479982 0.554967 0.595416
v 0.473846 0.546036 0.593273
v 0.471691 0.535502 0.590744
v 0.473846 0.524968 0.588216
v 0.479982 0.516037 0.586073
v 0.489166 0.510070 0.584641
v 0.500000 0.507974 0.584138
v 0.510834 0.510070 0.584641
v 0.520018 0.516037 0.586073
v 0.526154 0.524968 0.588216
v 0.528258 0.537458 0.582539
v 0.526107 0.547981 0.585029
v 0.519982 0.556902 0.587141
v 0.510814 0.562863 0.588551
v 0.500000 0.564956 0.589047
v 0.489186 0.562863 0.588551
v 0.480018 0.556902 0.587141
v 0.473893 0.547981 0.585029
v 0.471742 0.537458 0.582539
v 0.473893 0.526935 0.580048
v 0.480018 0.518013 0.577937
v 0.489186 0.512052 0.576526
v 0.500000 0.509959 0.576031
v 0.510814 0.512052 0.576526
v 0.519982 0.518013 0.577937
v 0.526107 0.526935 0.580048
v 0.528207 0.539386 0.574333
v 0.526060 0.549898 0.576786
v 0.519945 0.558810 0.578865
v 0.510794 0.564764 0.580255
v 0.500000 0.566855 0.580742
v 0.489206 0.564764 0.580255
v 0.480055 0.558810 0.578865
v 0.473940 0.549898 0.576786
v 0.471793 0.539386 0.574333
v 0.473940 0.528874 0.571880
v 0.480055 0.519963 0.569801
v 0.489206 0.514008 0.568411
v 0.500000 0.511917 0.567924
v 0.510794 0.514008 0.568411
v 0.519945 0.519963 0.569801
v 0.526060 0.528874 0.571880
v 0.528156 0.541287 0.566127
v 0.526012 0.551788 0.568543
v 0.519909 0.560689 0.570590
v 0.510775 0.566638 0.571958
v 0.500000 0.568726 0.572438
v 0.489225 0.566638 0.571958
v 0.480091 0.560689 0.570590
v 0.473988 0.551788 0.568543
v 0.471844 0.541287 0.566127
v 0.473988 0.530787 0.563712
v 0.480091 0.521885 0.561665
v 0.489225 0.515937 0.560297
v 0.500000 0.513848 0.559816
v 0.510775 0.515937 0.560297
v 0.519909 0.521885 0.561665
v 0.526012 0.530787 0.563712
v 0.528104 0.543161 0.557922
v 0.525965 0.553650 0.560299
v 0.519873 0.562542 0.562315
v 0.510755 0.568483 0.563662
v 0.500000 0.570570 0.564134
v 0.489245 0.568483 0.563662
v 0.480127 0.562542 0.562315
v 0.474035 0.553650 0.560299
v 0.471896 0.543161 0.557922
v 0.474035 0.532672 0.555544
v 0.480127 0.523780 0.553529
v 0.489245 0.517838 0.552182
v 0.500000 0.515752 0.551709
v 0.510755 0.517838 0.552182
v 0.519873 0.523780 0.553529
v 0.525965 0.532672 0.555544
v 0.528053 0.545007 0.549716
v 0.525918 0.555484 0.552056
v 0.519836 0.564366 0.554040
v 0.510735 0.570301 0.555365
v 0.500000 0.572385 0.555831
v 0.489265 0.570301 0.555365
v 0.480164 0.564366 0.554040
v 0.474082 0.555484 0.552056
v 0.471947 0.545007 0.549716
v 0.474082 0.534530 0.547376
v 0.480164 0.525647 0.545393
v 0.489265 0.519712 0.544067
v 0.500000 0.517628 0.543602
v 0.510735 0.519712 0.544067
v 0.519836 0.525647 0.545393
v 0.525918 0.534530 0.547376
v 0.528002 0.546826 0.541511
v 0.525870 0.557291 0.543813
v 0.519800 0.566164 0.545765
v 0.510716 0.572092 0.547069
v 0.500000 0.574174 0.547527
v 0.489284 0.572092 0.547069
v 0.480200 0.566164 0.545765
v 0.474130 0.557291 0.543813
v 0.471998 0.546826 0.541511
v 0.474130 0.536360 0.539208
v 0.480200 0.527488 0.537256
v 0.489284 0.521560 0.535952
v 0.500000 0.519478 0.535494
v 0.510716 0.521560 0.535952
v 0.519800 0.527488 0.537256
v 0.525870 0.536360 0.539208
v 0.527950 0.548617 0.533305
v 0.525823 0.559071 0.535570
v 0.519764 0.567933 0.537490
v 0.510696 0.573855 0.538773
v 0.500000 0.575934 0.539223
v 0.489304 0.573855 0.538773
v 0.480236 0.567933 0.537490
v 0.474177 0.559071 0.535570
v 0.472050 0.548617 0.533305
v 0.474177 0.538164 0.531040
v 0.480236 0.529302 0.529120
v 0.489304 0.523380 0.527837
v 0.500000 0.521301 0.527386
v 0.510696 0.523380 0.527837
v 0.519764 0.529302 0.529120
v 0.525823 0.538164 0.531040
v 0.527899 0.550382 0.525099
v 0.525775 0.560823 0.527327
v 0.519728 0.569675 0.529215
v 0.510677 0.575590 0.530477
v 0.500000 0.577667 0.530920
v 0.489323 0.575590 0.530477
v 0.480272 0.569675 0.529215
v 0.474225 0.560823 0.527327
v 0.472101 0.550382 0.525099
v 0.474225 0.539940 0.522872
v 0.480272 0.531088 0.520983
v 0.489323 0.525173 0.519722
v 0.500000 0.523096 0.519278
v 0.510677 0.525173 0.519722
v 0.519728 0.531088 0.520983
v 0.525775 0.539940 0.522872
v 0.527848 0.552118 0.516894
v 0.525728 0.562548 0.519084
v 0.519691 0.571390 0.520941
v 0.510657 0.577297 0.522181
v 0.500000 0.579372 0.522617
v 0.489343 0.577297 0.522181
v 0.480309 0.571390 0.520941
v 0.474272 0.562548 0.519084
v 0.472152 0.552118 0.516894
v 0.474272 0.541689 0.514703
v 0.480309 0.532847 0.512847
v 0.489343 0.526940 0.511606
v 0.500000 0.524865 0.511170
v 0.510657 0.526940 0.511606
v 0.519691 0.532847 0.512847
v 0.525728 0.541689 0.514703
v 0.527797 0.553828 0.508688
v 0.525681 0.564245 0.510841
v 0.519655 0.573076 0.512666
v 0.510637 0.578977 0.513886
v 0.500000 0.581049 0.514314
v 0.489363 0.578977 0.513886
v 0.480345 0.573076 0.512666
v 0.474319 0.564245 0.510841
v 0.472203 0.553828 0.508688
v 0.474319 0.543411 0.506535
v 0.480345 0.534580 0.504710
v 0.489363 0.528679 0.503491
v 0.500000 0.526607 0.503062
v 0.510637 0.528679 0.503491
v 0.519655 0.534580 0.504710
v 0.525681 0.543411 0.506535
v 0.527745 0.555510 0.500482
v 0.525633 0.565915 0.502598
v 0.519619 0.574736 0.504392
v 0.510618 0.580629 0.505590
v 0.500000 0.582699 0.506011
v 0.489382 0.580629 0.505590
v 0.480381 0.574736 0.504392
v 0.474367 0.565915 0.502598
v 0.472255 0.555510 0.500482
v 0.474367 0.545105 0.498367
v 0.480381 0.536285 0.496573
v 0.489382 0.530391 0.495375
v 0.500000 0.528321 0.494954
v 0.510618 0.530391 0.495375
v 0.519619 0.536285 0.496573
v 0.525633 0.545105 0.498367
v 0.527694 0.557165 0.492277
v 0.525586 0.567557 0.494355
v 0.519583 0.576367 0.496117
v 0.510598 0.582254 0.497295
v 0.500000 0.584321 0.497708
v 0.489402 0.582254 0.497295
v 0.480417 0.576367 0.496117
v 0.474414 0.567557 0.494355
v 0.472306 0.557165 0.492277
v 0.474414 0.546773 0.490198
v 0.480417 0.537963 0.488436
v 0.489402 0.532076 0.487259
v 0.500000 0.530009 0.486846
v 0.510598 0.532076 0.487259
v 0.519583 0.537963 0.488436
v 0.525586 0.546773 0.490198
v 0.527643 0.558792 0.484071
v 0.525539 0.569172 0.486112
v 0.519546 0.577971 0.487843
v 0.510578 0.583851 0.488999
v 0.500000 0.585916 0.489405
v 0.489422 0.583851 0.488999
v 0.480454 0.577971 0.487843
v 0.474461 0.569172 0.486112
v 0.472357 0.558792 0.484071
v 0.474461 0.548413 0.482030
v 0.480454 0.539613 0.480299
v 0.489422 0.533734 0.479143
v 0.500000 0.531669 0.478737
v 0.510578 0.533734 0.479143
v 0.519546 0.539613 0.480299
v 0.525539 0.548413 0.482030
v 0.527591 0.560392 0.475866
v 0.525491 0.570759 0.477870
v 0.519510 0.579548 0.479569
v 0.510559 0.585420 0.480704
v 0.500000 0.587482 0.481103
v 0.489441 0.585420 0.480704
v 0.480490 0.579548 0.479569
v 0.474509 0.570759 0.477870
v 0.472409 0.560392 0.475866
v 0.474509 0.550026 0.473861
v 0.480490 0.541237 0.472162
v 0.489441 0.535365 0.471027
v 0.500000 0.533303 0.470628
v 0.510559 0.535365 0.471027
v 0.519510 0.541237 0.472162
v 0.525491 0.550026 0.473861
v 0.527540 0.561965 0.467660
v 0.525444 0.572319 0.469627
v 0.519474 0.581097 0.471295
v 0.510539 0.586962 0.472409
v 0.500000 0.589021 0.472801
v 0.489461 0.586962 0.472409
v 0.480526 0.581097 0.471295
v 0.474556 0.572319 0.469627
v 0.472460 0.561965 0.467660
v 0.474556 0.551611 0.465693
v 0.480526 0.542834 0.464025
v 0.489461 0.536969 0.462911
v 0.500000 0.534909 0.462519
v 0.510539 0.536969 0.462911
v 0.519474 0.542834 0.464025
v 0.525444 0.551611 0.465693
v 0.527489 0.563511 0.459454
v 0.525396 0.573852 0.461385
v 0.519438 0.582618 0.463021
v 0.510520 0.588476 0.464114
v 0.500000 0.590533 0.464498
v 0.489480 0.588476 0.464114
v 0.480562 0.582618 0.463021
v 0.474604 0.573852 0.461385
v 0.472511 0.563511 0.459454
v 0.474604 0.553170 0.457524
v 0.480562 0.544403 0.455888
v 0.489480 0.538545 0.454794
v 0.500000 0.536489 0.454410
v 0.510520 0.538545 0.454794
v 0.519438 0.544403 0.455888
v 0.525396 0.553170 0.457524
v 0.527438 0.565029 0.451249
v 0.525349 0.575356 0.453142
v 0.519401 0.584112 0.454747
v 0.510500 0.589962 0.455820
v 0.500000 0.592016 0.456196
v 0.489500 0.589962 0.455820
v 0.480599 0.584112 0.454747
v 0.474651 0.575356 0.453142
v 0.472562 0.565029 0.451249
v 0.474651 0.554701 0.449355
v 0.480599 0.545945 0.447750
v 0.489500 0.540095 0.446677
v 0.500000 0.538041 0.446301
v 0.510500 0.540095 0.446677
v 0.519401 0.545945 0.447750
v 0.525349 0.554701 0.449355
v 0.527386 0.566519 0.443043
v 0.525302 0.576834 0.444900
v 0.519365 0.585578 0.446474
v 0.510480 0.591421 0.447525
v 0.500000 0.593472 0.447895
v 0.489520 0.591421 0.447525
v 0.480635 0.585578 0.446474
v 0.474698 0.576834 0.444900
v 0.472614 0.566519 0.443043
v 0.474698 0.556205 0.441186
v 0.480635 0.547461 0.439612
v 0.489520 0.541618 0.438561
v 0.500000 0.539566 0.438191
v 0.510480 0.541618 0.438561
v 0.519365 0.547461 0.439612
v 0.525302 0.556205 0.441186
v 0.527335 0.567983 0.434837
v 0.525254 0.578284 0.436657
v 0.519329 0.587017 0.438200
v 0.510461 0.592852 0.439231
v 0.500000 0.594901 0.439593
v 0.489539 0.592852 0.439231
v 0.480671 0.587017 0.438200
v 0.474746 0.578284 0.436657
v 0.472665 0.567983 0.434837
v 0.474746 0.557682 0.433017
v 0.480671 0.548949 0.431475
v 0.489539 0.543114 0.430444
v 0.500000 0.541065 0.430082
v 0.510461 0.543114 0.430444
v 0.519329 0.548949 0.431475
v 0.525254 0.557682 0.433017
v 0.527284 0.569419 0.426632
v 0.525207 0.579706 0.428415
v 0.519292 0.588428 0.429927
v 0.510441 0.594255 0.430937
v 0.500000 0.596302 0.431291
v 0.489559 0.594255 0.430937
v 0.480708 0.588428 0.429927
v 0.474793 0.579706 0.428415
v 0.472716 0.569419 0.426632
v 0.474793 0.559131 0.424849
v 0.480708 0.550410 0.423337
v 0.489559 0.544582 0.422327
v 0.500000 0.542536 0.421972
v 0.510441 0.544582 0.422327
v 0.519292 0.550410 0.423337
v 0.525207 0.559131 0.424849
v 0.527232 0.570827 0.418426
v 0.525159 0.581101 0.420173
v 0.519256 0.589811 0.421653
v 0.510421 0.595631 0.422643
v 0.500000 0.597675 0.422990
v 0.489579 0.595631 0.422643
v 0.480744 0.589811 0.421653
v 0.474841 0.581101 0.420173
v 0.472768 0.570827 0.418426
v 0.474841 0.560553 0.416680
v 0.480744 0.551843 0.415199
v 0.489579 0.546024 0.414209
v 0.500000 0.543980 0.413862
v 0.510421 0.546024 0.414209
v 0.519256 0.551843 0.415199
v 0.525159 0.560553 0.416680
v 0.527181 0.572209 0.410220
v 0.525112 0.582469 0.411931
v 0.519220 0.591167 0.413380
v 0.510402 0.596979 0.414349
v 0.500000 0.599020 0.414689
v 0.489598 0.596979 0.414349
v 0.480780 0.591167 0.413380
v 0.474888 0.582469 0.411931
v 0.472819 0.572209 0.410220
v 0.474888 0.561948 0.408510
v 0.480780 0.553250 0.407061
v 0.489598 0.547438 0.406092
v 0.500000 0.545397 0.405752
v 0.510402 0.547438 0.406092
v 0.519220 0.553250 0.407061
v 0.525112 0.561948 0.408510
v 0.527130 0.573563 0.402015
v 0.525065 0.583809 0.403688
v 0.519184 0.592495 0.405107
v 0.510382 0.598299 0.406055
v 0.500000 0.600338 0.406388
v 0.489618 0.598299 0.406055
v 0.480816 0.592495 0.405107
v 0.474935 0.583809 0.403688
v 0.472870 0.573563 0.402015
v 0.474935 0.563316 0.400341
v 0.480816 0.554630 0.398922
v 0.489618 0.548826 0.397974
v 0.500000 0.546787 0.397642
v 0.510382 0.548826 0.397974
v 0.519184 0.554630 0.398922
v 0.525065 0.563316 0.400341
v 0.527079 0.574889 0.393809
v 0.525017 0.585121 0.395446
v 0.519147 0.593796 0.396834
v 0.510363 0.599592 0.397762
v 0.500000 0.601628 0.398087
v 0.489637 0.599592 0.397762
v 0.480853 0.593796 0.396834
v 0.474983 0.585121 0.395446
v 0.472921 0.574889 0.393809
v 0.474983 0.564657 0.392172
v 0.480853 0.555982 0.390784
v 0.489637 0.550186 0.389857
v 0.500000 0.548151 0.389531
v 0.510363 0.550186 0.389857
v 0.519147 0.555982 0.390784
v 0.525017 0.564657 0.392172
v 0.527027 0.576188 0.385604
v 0.524970 0.586407 0.387204
v 0.519111 0.595069 0.388562
v 0.510343 0.600857 0.389468
v 0.500000 0.602890 0.389787
v 0.489657 0.600857 0.389468
v 0.480889 0.595069 0.388562
v 0.475030 0.586407 0.387204
v 0.472973 0.576188 0.385604
v 0.475030 0.565970 0.384003
v 0.480889 0.557307 0.382646
v 0.489657 0.551519 0.381739
v 0.500000 0.549487 0.381420
v 0.510343 0.551519 0.381739
v 0.519111 0.557307 0.382646
v 0.524970 0.565970 0.384003
v 0.526976 0.577460 0.377398
v 0.524923 0.587664 0.378963
v 0.519075 0.596315 0.380289
v 0.510323 0.602095 0.381175
v 0.500000 0.604125 0.381487
v 0.489677 0.602095 0.381175
v 0.480925 0.596315 0.380289
v 0.475077 0.587664 0.378963
v 0.473024 0.577460 0.377398
v 0.475077 0.567256 0.375833
v 0.480925 0.558606 0.374507
v 0.489677 0.552826 0.373621
v 0.500000 0.550796 0.373309
v 0.510323 0.552826 0.373621
v 0.519075 0.558606 0.374507
v 0.524923 0.567256 0.375833
v 0.526925 0.578705 0.369192
v 0.524875 0.588894 0.370721
v 0.519039 0.597533 0.372017
v 0.510304 0.603305 0.372882
v 0.500000 0.605332 0.373186
v 0.489696 0.603305 0.372882
v 0.480961 0.597533 0.372017
v 0.475125 0.588894 0.370721
v 0.473075 0.578705 0.369192
v 0.475125 0.568515 0.367664
v 0.480961 0.559877 0.366368
v 0.489696 0.554105 0.365502
v 0.500000 0.552078 0.365198
v 0.510304 0.554105 0.365502
v 0.519039 0.559877 0.366368
v 0.524875 0.568515 0.367664
v 0.526873 0.579922 0.360987
v 0.524828 0.590097 0.362479
v 0.519002 0.598723 0.363744
v 0.510284 0.604487 0.364590
v 0.500000 0.606511 0.364886
v 0.489716 0.604487 0.364590
v 0.480998 0.598723 0.363744
v 0.475172 0.590097 0.362479
v 0.473127 0.579922 0.360987
v 0.475172 0.569747 0.359494
v 0.480998 0.561121 0.358229
v 0.489716 0.555357 0.357384
v 0.500000 0.553333 0.357087
v 0.510284 0.555357 0.357384
v 0.519002 0.561121 0.358229
v 0.524828 0.569747 0.359494
v 0.526822 0.581112 0.352781
v 0.524780 0.591272 0.354237
v 0.518966 0.599886 0.355472
v 0.510264 0.605641 0.356297
v 0.500000 0.607663 0.356587
v 0.489736 0.605641 0.356297
v 0.481034 0.599886 0.355472
v 0.475220 0.591272 0.354237
v 0.473178 0.581112 0.352781
v 0.475220 0.570951 0.351325
v 0.481034 0.562337 0.350090
v 0.489736 0.556582 0.349265
v 0.500000 0.554561 0.348975
v 0.510264 0.556582 0.349265
v 0.518966 0.562337 0.350090
v 0.524780 0.570951 0.351325
v 0.526771 0.582274 0.344575
v 0.524733 0.592420 0.345996
v 0.518930 0.601021 0.347200
v 0.510245 0.606768 0.348005
v 0.500000 0.608786 0.348287
v 0.489755 0.606768 0.348005
v 0.481070 0.601021 0.347200
v 0.475267 0.592420 0.345996
v 0.473229 0.582274 0.344575
v 0.475267 0.572128 0.343155
v 0.481070 0.563527 0.341951
v 0.489755 0.557780 0.341146
v 0.500000 0.555762 0.340864
v 0.510245 0.557780 0.341146
v 0.518930 0.563527 0.341951
v 0.524733 0.572128 0.343155
v 0.526720 0.583409 0.336370
v 0.524686 0.593540 0.337754
v 0.518894 0.602129 0.338928
v 0.510225 0.607868 0.339712
v 0.500000 0.609883 0.339988
v 0.489775 0.607868 0.339712
v 0.481106 0.602129 0.338928
v 0.475314 0.593540 0.337754
v 0.473280 0.583409 0.336370
v 0.475314 0.573278 0.334985
v 0.481106 0.564690 0.333811
v 0.489775 0.558951 0.333027
v 0.500000 0.556936 0.332752
v 0.510225 0.558951 0.333027
v 0.518894 0.564690 0.333811
v 0.524686 0.573278 0.334985
v 0.526668 0.584517 0.328164
v 0.524638 0.594633 0.329513
v 0.518857 0.603209 0.330656
v 0.510206 0.608939 0.331420
v 0.500000 0.610951 0.331689
v 0.489794 0.608939 0.331420
v 0.481143 0.603209 0.330656
v 0.475362 0.594633 0.329513
v 0.473332 0.584517 0.328164
v 0.475362 0.574401 0.326815
v 0.481143 0.565825 0.325672
v 0.489794 0.560095 0.324908
v 0.500000 0.558083 0.324640
v 0.510206 0.560095 0.324908
v 0.518857 0.565825 0.325672
v 0.524638 0.574401 0.326815
v 0.526617 0.585597 0.319959
v 0.524591 0.595698 0.321272
v 0.518821 0.604261 0.322385
v 0.510186 0.609983 0.323129
v 0.500000 0.611992 0.323390
v 0.489814 0.609983 0.323129
v 0.481179 0.604261 0.322385
v 0.475409 0.595698 0.321272
v 0.473383 0.585597 0.319959
v 0.475409 0.575497 0.318645
v 0.481179 0.566933 0.317532
v 0.489814 0.561212 0.316788
v 0.500000 0.559203 0.316527
v 0.510186 0.561212 0.316788
v 0.518821 0.566933 0.317532
v 0.524591 0.575497 0.318645
v 0.526566 0.586651 0.311753
v 0.524544 0.596736 0.313030
v 0.518785 0.605286 0.314113
v 0.510166 0.610999 0.314837
v 0.500000 0.613006 0.315091
v 0.489834 0.610999 0.314837
v 0.481215 0.605286 0.314113
v 0.475456 0.596736 0.313030
v 0.473434 0.586651 0.311753
v 0.475456 0.576565 0.310475
v 0.481215 0.568015 0.309392
v 0.489834 0.562302 0.308669
v 0.500000 0.560295 0.308415
v 0.510166 0.562302 0.308669
v 0.518785 0.568015 0.309392
v 0.524544 0.576565 0.310475
v 0.526514 0.587676 0.303547
v 0.524496 0.597747 0.304789
v 0.518749 0.606284 0.305842
v 0.510147 0.611988 0.306546
v 0.500000 0.613991 0.306793
v 0.489853 0.611988 0.306546
v 0.481251 0.606284 0.305842
v 0.475504 0.597747 0.304789
v 0.473486 0.587676 0.303547
v 0.475504 0.577606 0.302305
v 0.481251 0.569069 0.301252
v 0.489853 0.563364 0.300549
v 0.500000 0.561361 0.300302
v 0.510147 0.563364 0.300549
v 0.518749 0.569069 0.301252
v 0.524496 0.577606 0.302305
v 0.526463 0.588675 0.295342
v 0.524449 0.598729 0.296548
v 0.518712 0.607254 0.297571
v 0.510127 0.612949 0.298255
v 0.500000 0.614949 0.298495
v 0.489873 0.612949 0.298255
v 0.481288 0.607254 0.297571
v 0.475551 0.598729 0.296548
v 0.473537 0.588675 0.295342
v 0.475551 0.578620 0.294135
v 0.481288 0.570096 0.293112
v 0.489873 0.564400 0.292429
v 0.500000 0.562400 0.292189
v 0.510127 0.564400 0.292429
v 0.518712 0.570096 0.293112
v 0.524449 0.578620 0.294135
v 0.526412 0.589646 0.287136
v 0.524401 0.599685 0.288307
v 0.518676 0.608196 0.289300
v 0.510107 0.613883 0.289964
v 0.500000 0.615879 0.290197
v 0.489893 0.613883 0.289964
v 0.481324 0.608196 0.289300
v 0.475599 0.599685 0.288307
v 0.473588 0.589646 0.287136
v 0.475599 0.579606 0.285965
v 0.481324 0.571095 0.284972
v 0.489893 0.565409 0.284308
v 0.500000 0.563412 0.284075
v 0.510107 0.565409 0.284308
v 0.518676 0.571095 0.284972
v 0.524401 0.579606 0.285965
v 0.526361 0.590589 0.278930
v 0.524354 0.600613 0.280066
v 0.518640 0.609110 0.281029
v 0.510088 0.614788 0.281673
v 0.500000 0.616782 0.281899
v 0.489912 0.614788 0.281673
v 0.481360 0.609110 0.281029
v 0.475646 0.600613 0.280066
v 0.473639 0.590589 0.278930
v 0.475646 0.580566 0.277794
v 0.481360 0.572068 0.276831
v 0.489912 0.566390 0.276188
v 0.500000 0.564396 0.275962
v 0.510088 0.566390 0.276188
v 0.518640 0.572068 0.276831
v 0.524354 0.580566 0.277794
v 0.526309 0.591506 0.270725
v 0.524307 0.601513 0.271826
v 0.518603 0.609997 0.272759
v 0.510068 0.615666 0.273382
v 0.500000 0.617657 0.273601
v 0.489932 0.615666 0.273382
v 0.481397 0.609997 0.272759
v 0.475693 0.601513 0.271826
v 0.473691 0.591506 0.270725
v 0.475693 0.581498 0.269624
v 0.481397 0.573014 0.268691
v 0.489932 0.567345 0.268067
v 0.500000 0.565354 0.267848
v 0.510068 0.567345 0.268067
v 0.518603 0.573014 0.268691
v 0.524307 0.581498 0.269624
v 0.526258 0.592394 0.262519
v 0.524259 0.602386 0.263585
v 0.518567 0.610857 0.264489
v 0.510049 0.616517 0.265092
v 0.500000 0.618504 0.265304
v 0.489951 0.616517 0.265092
v 0.481433 0.610857 0.264489
v 0.475741 0.602386 0.263585
v 0.473742 0.592394 0.262519
v 0.475741 0.582403 0.261453
v 0.481433 0.573932 0.260550
v 0.489951 0.568272 0.259946
v 0.500000 0.566285 0.259734
v 0.510049 0.568272 0.259946
v 0.518567 0.573932 0.260550
v 0.524259 0.582403 0.261453
v 0.526207 0.593256 0.254314
v 0.524212 0.603232 0.255344
v 0.518531 0.611689 0.256218
v 0.510029 0.617340 0.256802
v 0.500000 0.619324 0.257007
v 0.489971 0.617340 0.256802
v 0.481469 0.611689 0.256218
v 0.475788 0.603232 0.255344
v 0.473793 0.593256 0.254314
v 0.475788 0.583280 0.253283
v 0.481469 0.574823 0.252409
v 0.489971 0.569172 0.251825
v 0.500000 0.567188 0.251620
v 0.510029 0.569172 0.251825
v 0.518531 0.574823 0.252409
v 0.524212 0.583280 0.253283
v 0.526155 0.594090 0.246108
v 0.524164 0.604050 0.247104
v 0.518495 0.612493 0.247948
v 0.510009 0.618135 0.248512
v 0.500000 0.620116 0.248710
v 0.489991 0.618135 0.248512
v 0.481505 0.612493 0.247948
v 0.475836 0.604050 0.247104
v 0.473845 0.594090 0.246108
v 0.475836 0.584131 0.245112
v 0.481505 0.575687 0.244268
v 0.489991 0.570046 0.243703
v 0.500000 0.568065 0.243505
v 0.510009 0.570046 0.243703
v 0.518495 0.575687 0.244268
v 0.524164 0.584131 0.245112
v 0.526104 0.594897 0.237902
v 0.524117 0.604840 0.238863
v 0.518458 0.613270 0.239678
v 0.509990 0.618902 0.240223
v 0.500000 0.620880 0.240414
v 0.490010 0.618902 0.240223
v 0.481542 0.613270 0.239678
v 0.475883 0.604840 0.238863
v 0.473896 0.594897 0.237902
v 0.475883 0.584954 0.236941
v 0.481542 0.576524 0.236126
v 0.490010 0.570892 0.235582
v 0.500000 0.568914 0.235391
v 0.509990 0.570892 0.235582
v 0.518458 0.576524 0.236126
v 0.524117 0.584954 0.236941
v 0.526053 0.595677 0.229697
v 0.524070 0.605604 0.230623
v 0.518422 0.614019 0.231409
v 0.509970 0.619642 0.231933
v 0.500000 0.621617 0.232118
v 0.490030 0.619642 0.231933
v 0.481578 0.614019 0.231409
v 0.475930 0.605604 0.230623
v 0.473947 0.595677 0.229697
v 0.475930 0.585750 0.228770
v 0.481578 0.577334 0.227985
v 0.490030 0.571711 0.227460
v 0.500000 0.569737 0.227276
v 0.509970 0.571711 0.227460
v 0.518422 0.577334 0.227985
v 0.524070 0.585750 0.228770
v 0.526002 0.596429 0.221491
v 0.524022 0.606339 0.222383
v 0.518386 0.614741 0.223139
v 0.509950 0.620355 0.223644
v 0.500000 0.622326 0.223822
v 0.490050 0.620355 0.223644
v 0.481614 0.614741 0.223139
v 0.475978 0.606339 0.222383
v 0.473998 0.596429 0.221491
v 0.475978 0.586519 0.220599
v 0.481614 0.578117 0.219843
v 0.490050 0.572503 0.219338
v 0.500000 0.570532 0.219160
v 0.509950 0.572503 0.219338
v 0.518386 0.578117 0.219843
v 0.524022 0.586519 0.220599
v 0.525950 0.597154 0.213285
v 0.523975 0.607047 0.214143
v 0.518350 0.615435 0.214870
v 0.509931 0.621039 0.215355
v 0.500000 0.623007 0.215526
v 0.490069 0.621039 0.215355
v 0.481650 0.615435 0.214870
v 0.476025 0.607047 0.214143
v 0.474050 0.597154 0.213285
v 0.476025 0.587260 0.212428
v 0.481650 0.578873 0.211701
v 0.490069 0.573268 0.211215
v 0.500000 0.571300 0.211045
v 0.509931 0.573268 0.211215
v 0.518350 0.578873 0.211701
v 0.523975 0.587260 0.212428
v 0.525899 0.597851 0.205080
v 0.523928 0.607728 0.205903
v 0.518313 0.616101 0.206601
v 0.509911 0.621696 0.207067
v 0.500000 0.623661 0.207231
v 0.490089 0.621696 0.207067
v 0.481687 0.616101 0.206601
v 0.476072 0.607728 0.205903
v 0.474101 0.597851 0.205080
v 0.476072 0.587974 0.204257
v 0.481687 0.579601 0.203559
v 0.490089 0.574006 0.203093
v 0.500000 0.572042 0.202929
v 0.509911 0.574006 0.203093
v 0.518313 0.579601 0.203559
v 0.523928 0.587974 0.204257
v 0.525848 0.598521 0.196874
v 0.523880 0.608381 0.197663
v 0.518277 0.616740 0.198332
v 0.509891 0.622325 0.198778
v 0.500000 0.624287 0.198935
v 0.490109 0.622325 0.198778
v 0.481723 0.616740 0.198332
v 0.476120 0.608381 0.197663
v 0.474152 0.598521 0.196874
v 0.476120 0.588661 0.196085
v 0.481723 0.580302 0.195417
v 0.490109 0.574717 0.194970
v 0.500000 0.572756 0.194813
v 0.509891 0.574717 0.194970
v 0.518277 0.580302 0.195417
v 0.523880 0.588661 0.196085
v 0.525796 0.599164 0.188669
v 0.523833 0.609007 0.189423
v 0.518241 0.617352 0.190063
v 0.509872 0.622927 0.190490
v 0.500000 0.624885 0.190640
v 0.490128 0.622927 0.190490
v 0.481759 0.617352 0.190063
v 0.476167 0.609007 0.189423
v 0.474204 0.599164 0.188669
v 0.476167 0.589321 0.187914
v 0.481759 0.580977 0.187274
v 0.490128 0.575401 0.186847
v 0.500000 0.573443 0.186697
v 0.509872 0.575401 0.186847
v 0.518241 0.580977 0.187274
v 0.523833 0.589321 0.187914
v 0.525745 0.599780 0.180463
v 0.523785 0.609605 0.181183
v 0.518205 0.617935 0.181794
v 0.509852 0.623501 0.182202
v 0.500000 0.625456 0.182346
v 0.490148 0.623501 0.182202
v 0.481795 0.617935 0.181794
v 0.476215 0.609605 0.181183
v 0.474255 0.599780 0.180463
v 0.476215 0.589954 0.179742
v 0.481795 0.581624 0.179131
v 0.490148 0.576058 0.178723
v 0.500000 0.574103 0.178580
v 0.509852 0.576058 0.178723
v 0.518205 0.581624 0.179131
v 0.523785 0.589954 0.179742
v 0.525694 0.600368 0.172257
v 0.523738 0.610176 0.172944
v 0.518168 0.618492 0.173526
v 0.509833 0.624048 0.173915
v 0.500000 0.625999 0.174051
v 0.490167 0.624048 0.173915
v 0.481832 0.618492 0.173526
v 0.476262 0.610176 0.172944
v 0.474306 0.600368 0.172257
v 0.476262 0.590559 0.171571
v 0.481832 0.582244 0.170989
v 0.490167 0.576687 0.170600
v 0.500000 0.574736 0.170463
v 0.509833 0.576687 0.170600
v 0.518168 0.582244 0.170989
v 0.523738 0.590559 0.171571
v 0.525643 0.600928 0.164052
v 0.523691 0.610720 0.164704
v 0.518132 0.619020 0.165258
v 0.509813 0.624566 0.165628
v 0.500000 0.626514 0.165757
v 0.490187 0.624566 0.165628
v 0.481868 0.619020 0.165258
v 0.476309 0.610720 0.164704
v 0.474357 0.600928 0.164052
v 0.476309 0.591137 0.163399
v 0.481868 0.582836 0.162846
v 0.490187 0.577290 0.162476
v 0.500000 0.575343 0.162346
v 0.509813 0.577290 0.162476
v 0.518132 0.582836 0.162846
v 0.523691 0.591137 0.163399
v 0.525591 0.601462 0.155846
v 0.523643 0.611235 0.156465
v 0.518096 0.619521 0.156990
v 0.509793 0.625058 0.157340
v 0.500000 0.627002 0.157464
v 0.490207 0.625058 0.157340
v 0.481904 0.619521 0.156990
v 0.476357 0.611235 0.156465
v 0.474409 0.601462 0.155846
v 0.476357 0.591688 0.155227
v 0.481904 0.583402 0.154702
v 0.490207 0.577866 0.154352
v 0.500000 0.575922 0.154228
v 0.509793 0.577866 0.154352
v 0.518096 0.583402 0.154702
v 0.523643 0.591688 0.155227
v 0.525540 0.601968 0.147640
v 0.523596 0.611724 0.148226
v 0.518060 0.619995 0.148722
v 0.509774 0.625521 0.149054
v 0.500000 0.627462 0.149170
v 0.490226 0.625521 0.149054
v 0.481940 0.619995 0.148722
v 0.476404 0.611724 0.148226
v 0.474460 0.601968 0.147640
v 0.476404 0.592211 0.147055
v 0.481940 0.583941 0.146559
v 0.490226 0.578414 0.146227
v 0.500000 0.576474 0.146111
v 0.509774 0.578414 0.146227
v 0.518060 0.583941 0.146559
v 0.523596 0.592211 0.147055
v 0.525489 0.602446 0.139435
v 0.523549 0.612185 0.139987
v 0.518023 0.620441 0.140454
v 0.509754 0.625957 0.140767
v 0.500000 0.627894 0.140877
v 0.490246 0.625957 0.140767
v 0.481977 0.620441 0.140454
v 0.476451 0.612185 0.139987
v 0.474511 0.602446 0.139435
v 0.476451 0.592708 0.138883
v 0.481977 0.584452 0.138415
v 0.490246 0.578936 0.138102
v 0.500000 0.576998 0.137993
v 0.509754 0.578936 0.138102
v 0.518023 0.584452 0.138415
v 0.523549 0.592708 0.138883
v 0.525437 0.602898 0.131229
v 0.523501 0.612618 0.131748
v 0.517987 0.620859 0.132187
v 0.509734 0.626365 0.132481
v 0.500000 0.628299 0.132584
v 0.490266 0.626365 0.132481
v 0.482013 0.620859 0.132187
v 0.476499 0.612618 0.131748
v 0.474563 0.602898 0.131229
v 0.476499 0.593177 0.130711
v 0.482013 0.584936 0.130271
v 0.490266 0.579430 0.129978
v 0.500000 0.577496 0.129874
v 0.509734 0.579430 0.129978
v 0.517987 0.584936 0.130271
v 0.523501 0.593177 0.130711
v 0.525386 0.603322 0.123023
v 0.523454 0.613024 0.123509
v 0.517951 0.621250 0.123920
v 0.509715 0.626746 0.124195
v 0.500000 0.628676 0.124291
v 0.490285 0.626746 0.124195
v 0.482049 0.621250 0.123920
v 0.476546 0.613024 0.123509
v 0.474614 0.603322 0.123023
v 0.476546 0.593619 0.122538
v 0.482049 0.585393 0.122127
v 0.490285 0.579897 0.121852
v 0.500000 0.577967 0.121756
v 0.509715 0.579897 0.121852
v 0.517951 0.585393 0.122127
v 0.523454 0.593619 0.122538
v 0.525335 0.603718 0.114818
v 0.523406 0.613403 0.115270
v 0.517914 0.621613 0.115653
v 0.509695 0.627099 0.115909
v 0.500000 0.629026 0.115999
v 0.490305 0.627099 0.115909
v 0.482086 0.621613 0.115653
v 0.476594 0.613403 0.115270
v 0.474665 0.603718 0.114818
v 0.476594 0.594034 0.114366
v 0.482086 0.585823 0.113983
v 0.490305 0.580337 0.113727
v 0.500000 0.578411 0.113637
v 0.509695 0.580337 0.113727
v 0.517914 0.585823 0.113983
v 0.523406 0.594034 0.114366
v 0.525284 0.604087 0.106612
v 0.523359 0.613754 0.107031
v 0.517878 0.621949 0.107386
v 0.509676 0.627425 0.107624
v 0.500000 0.629347 0.107707
v 0.490324 0.627425 0.107624
v 0.482122 0.621949 0.107386
v 0.476641 0.613754 0.107031
v 0.474716 0.604087 0.106612
v 0.476641 0.594421 0.106193
v 0.482122 0.586226 0.105838
v 0.490324 0.580750 0.105601
v 0.500000 0.578828 0.105518
v 0.509676 0.580750 0.105601
v 0.517878 0.586226 0.105838
v 0.523359 0.594421 0.106193
v 0.525232 0.604429 0.098407
v 0.523312 0.614078 0.098793
v 0.517842 0.622257 0.099120
v 0.509656 0.627722 0.099338
v 0.500000 0.629642 0.099415
v 0.490344 0.627722 0.099338
v 0.482158 0.622257 0.099120
v 0.476688 0.614078 0.098793
v 0.474768 0.604429 0.098407
v 0.476688 0.594781 0.098021
v 0.482158 0.586602 0.097694
v 0.490344 0.581136 0.097475
v 0.500000 0.579217 0.097398
v 0.509656 0.581136 0.097475
v 0.517842 0.586602 0.097694
v 0.523312 0.594781 0.098021
v 0.525181 0.604744 0.090201
v 0.523264 0.614374 0.090554
v 0.517806 0.622538 0.090853
v 0.509636 0.627993 0.091053
v 0.500000 0.629908 0.091124
v 0.490364 0.627993 0.091053
v 0.482194 0.622538 0.090853
v 0.476736 0.614374 0.090554
v 0.474819 0.604744 0.090201
v 0.476736 0.595114 0.089848
v 0.482194 0.586950 0.089549
v 0.490364 0.581495 0.089349
v 0.500000 0.579580 0.089278
v 0.509636 0.581495 0.089349
v 0.517806 0.586950 0.089549
v 0.523264 0.595114 0.089848
v 0.525130 0.605031 0.081995
v 0.523217 0.614643 0.082316
v 0.517769 0.622791 0.082587
v 0.509617 0.628235 0.082769
v 0.500000 0.630147 0.082833
v 0.490383 0.628235 0.082769
v 0.482231 0.622791 0.082587
v 0.476783 0.614643 0.082316
v 0.474870 0.605031 0.081995
v 0.476783 0.595420 0.081675
v 0.482231 0.587272 0.081403
v 0.490383 0.581827 0.081222
v 0.500000 0.579915 0.081158
v 0.509617 0.581827 0.081222
v 0.517769 0.587272 0.081403
v 0.523217 0.595420 0.081675
v 0.525078 0.605291 0.073790
v 0.523169 0.614884 0.074078
v 0.517733 0.623016 0.074321
v 0.509597 0.628450 0.074484
v 0.500000 0.630358 0.074542
v 0.490403 0.628450 0.074484
v 0.482267 0.623016 0.074321
v 0.476831 0.614884 0.074078
v 0.474922 0.605291 0.073790
v 0.476831 0.595698 0.073502
v 0.482267 0.587566 0.073258
v 0.490403 0.582132 0.073095
v 0.500000 0.580224 0.073038
v 0.509597 0.582132 0.073095
v 0.517733 0.587566 0.073258
v 0.523169 0.595698 0.073502
v 0.525027 0.605523 0.065584
v 0.523122 0.615098 0.065839
v 0.517697 0.623214 0.066056
v 0.509577 0.628637 0.066200
v 0.500000 0.630542 0.066251
v 0.490423 0.628637 0.066200
v 0.482303 0.623214 0.066056
v 0.476878 0.615098 0.065839
v 0.474973 0.605523 0.065584
v 0.476878 0.595949 0.065329
v 0.482303 0.587833 0.065112
v 0.490423 0.582410 0.064968
v 0.500000 0.580505 0.064917
v 0.509577 0.582410 0.064968
v 0.517697 0.587833 0.065112
v 0.523122 0.595949 0.065329
v 0.524976 0.605729 0.057378
v 0.523075 0.615284 0.057601
v 0.517661 0.623384 0.057790
v 0.509558 0.628797 0.057917
v 0.500000 0.630698 0.057961
v 0.490442 0.628797 0.057917
v 0.482339 0.623384 0.057790
v 0.476925 0.615284 0.057601
v 0.475024 0.605729 0.057378
v 0.476925 0.596173 0.057156
v 0.482339 0.588073 0.056967
v 0.490442 0.582660 0.056840
v 0.500000 0.580760 0.056796
v 0.509558 0.582660 0.056840
v 0.517661 0.588073 0.056967
v 0.523075 0.596173 0.057156
v 0.524925 0.605906 0.049173
v 0.523027 0.615443 0.049364
v 0.517624 0.623527 0.049525
v 0.509538 0.628929 0.049633
v 0.500000 0.630826 0.049671
v 0.490462 0.628929 0.049633
v 0.482376 0.623527 0.049525
v 0.476973 0.615443 0.049364
v 0.475075 0.605906 0.049173
v 0.476973 0.596370 0.048982
v 0.482376 0.588286 0.048820
v 0.490462 0.582884 0.048712
v 0.500000 0.580987 0.048674
v 0.509538 0.582884 0.048712
v 0.517624 0.588286 0.048820
v 0.523027 0.596370 0.048982
v 0.524873 0.606057 0.040967
v 0.522980 0.615574 0.041126
v 0.517588 0.623642 0.041260
v 0.509519 0.629034 0.041350
v 0.500000 0.630927 0.041382
v 0.490481 0.629034 0.041350
v 0.482412 0.623642 0.041260
v 0.477020 0.615574 0.041126
v 0.475127 0.606057 0.040967
v 0.477020 0.596540 0.040809
v 0.482412 0.588471 0.040674
v 0.490481 0.583080 0.040584
v 0.500000 0.581187 0.040553
v 0.509519 0.583080 0.040584
v 0.517588 0.588471 0.040674
v 0.522980 0.596540 0.040809
v 0.524822 0.606180 0.032762
v 0.522933 0.615678 0.032888
v 0.517552 0.623730 0.032996
v 0.509499 0.629110 0.033067
v 0.500000 0.631000 0.033093
v 0.490501 0.629110 0.033067
v 0.482448 0.623730 0.032996
v 0.477067 0.615678 0.032888
v 0.475178 0.606180 0.032762
v 0.477067 0.596682 0.032635
v 0.482448 0.588630 0.032528
v 0.490501 0.583249 0.032456
v 0.500000 0.581360 0.032431
v 0.509499 0.583249 0.032456
v 0.517552 0.588630 0.032528
v 0.522933 0.596682 0.032635
v 0.524771 0.606276 0.024556
v 0.522885 0.615755 0.024651
v 0.517516 0.623790 0.024731
v 0.509479 0.629160 0.024785
v 0.500000 0.631045 0.024804
v 0.490521 0.629160 0.024785
v 0.482484 0.623790 0.024731
v 0.477115 0.615755 0.024651
v 0.475229 0.606276 0.024556
v 0.477115 0.596797 0.024461
v 0.482484 0.588761 0.024381
v 0.490521 0.583392 0.024327
v 0.500000 0.581506 0.024308
v 0.509479 0.583392 0.024327
v 0.517516 0.588761 0.024381
v 0.522885 0.596797 0.024461
v 0.524719 0.606344 0.016350
v 0.522838 0.615804 0.016413
v 0.517479 0.623823 0.016467
v 0.509460 0.629181 0.016503
v 0.500000 0.631063 0.016515
v 0.490540 0.629181 0.016503
v 0.482521 0.623823 0.016467
v 0.477162 0.615804 0.016413
v 0.475281 0.606344 0.016350
v 0.477162 0.596884 0.016287
v 0.482521 0.588865 0.016234
v 0.490540 0.583507 0.016198
v 0.500000 0.581625 0.016186
v 0.509460 0.583507 0.016198
v 0.517479 0.588865 0.016234
v 0.522838 0.596884 0.016287
v 0.524668 0.606385 0.008145
v 0.522790 0.615825 0.008176
v 0.517443 0.623828 0.008203
v 0.509440 0.629175 0.008221
v 0.500000 0.631053 0.008227
v 0.490560 0.629175 0.008221
v 0.482557 0.623828 0.008203
v 0.477210 0.615825 0.008176
v 0.475332 0.606385 0.008145
v 0.477210 0.596945 0.008113
v 0.482557 0.588942 0.008087
v 0.490560 0.583595 0.008069
v 0.500000 0.581717 0.008062
v 0.509440 0.583595 0.008069
v 0.517443 0.588942 0.008087
v 0.522790 0.596945 0.008113
v 0.524617 0.606399 0.000001
v 0.522743 0.615819 0.000001
v 0.517407 0.623806 0.000001
v 0.509421 0.629142 0.000001
v 0.500000 0.631016 0.000001
v 0.490579 0.629142 0.000001
v 0.482593 0.623806 0.000001
v 0.477257 0.615819 0.000001
v 0.475383 0.606399 0.000001
v 0.477257 0.596978 0.000000
v 0.482593 0.588992 0.000000
v 0.490579 0.583655 0.000000
v 0.500000 0.581781 0.000000
v 0.509421 0.583655 0.000000
v 0.517407 0.588992 0.000000
v 0.522743 0.596978 0.000000
v 0.500000 0.606399 0.000001
vt 0.250000 0.750000
vt 0.250000 0.684375
vt 0.281250 0.684375
vt 0.281250 0.750000
vt 0.312500 0.684375
vt 0.312500 0.750000
vt 0.343750 0.684375
vt 0.343750 0.750000
vt 0.375000 0.684375
vt 0.375000 0.750000
vt 0.406250 0.684375
vt 0.406250 0.750000
vt 0.437500 0.684375
vt 0.437500 0.750000
vt 0.468750 0.684375
vt 0.468750 0.750000
vt 0.500000 0.684375
vt 0.500000 0.750000
vt 0.531250 0.684375
vt 0.531250 0.750000
vt 0.562500 0.684375
vt 0.562500 0.750000
vt 0.593750 0.684375
vt 0.593750 0.750000
vt 0.625000 0.684375
vt 0.625000 0.750000
vt 0.656250 0.684375
vt 0.656250 0.750000
vt 0.687500 0.684375
vt 0.687500 0.750000
vt 0.718750 0.684375
vt 0.718750 0.750000
vt 0.750000 0.684375
vt 0.750000 0.750000
vt 0.500000 0.500000
vt 0.700000 0.500000
vt 0.684776 0.423463
vt 0.641421 0.358579
vt 0.576537 0.315224
vt 0.500000 0.300000
vt 0.423463 0.315224
vt 0.358579 0.358579
vt 0.315224 0.423463
vt 0.300000 0.500000
vt 0.315224 0.576537
vt 0.358579 0.641421
vt 0.423463 0.684776
vt 0.500000 0.700000
vt 0.576537 0.684776
vt 0.641421 0.641421
vt 0.684776 0.576537
vt 0.250000 0.728614
vt 0.281250 0.728614
vt 0.312500 0.728614
vt 0.343750 0.728614
vt 0.375000 0.728614
vt 0.406250 0.728614
vt 0.437500 0.728614
vt 0.468750 0.728614
vt 0.500000 0.728614
vt 0.531250 0.728614
vt 0.562500 0.728614
vt 0.593750 0.728614
vt 0.625000 0.728614
vt 0.656250 0.728614
vt 0.687500 0.728614
vt 0.718750 0.728614
vt 0.750000 0.728614
vt 0.250000 0.683764
vt 0.281250 0.683764
vt 0.312500 0.683764
vt 0.343750 0.683764
vt 0.375000 0.683764
vt 0.406250 0.683764
vt 0.437500 0.683764
vt 0.468750 0.683764
vt 0.500000 0.683764
vt 0.531250 0.683764
vt 0.562500 0.683764
vt 0.593750 0.683764
vt 0.625000 0.683764
vt 0.656250 0.683764
vt 0.687500 0.683764
vt 0.718750 0.683764
vt 0.750000 0.683764
vt 0.250000 0.638964
vt 0.281250 0.638964
vt 0.312500 0.638964
vt 0.343750 0.638964
vt 0.375000 0.638964
vt 0.406250 0.638964
vt 0.437500 0.638964
vt 0.468750 0.638964
vt 0.500000 0.638964
vt 0.531250 0.638964
vt 0.562500 0.638964
vt 0.593750 0.638964
vt 0.625000 0.638964
vt 0.656250 0.638964
vt 0.687500 0.638964
vt 0.718750 0.638964
vt 0.750000 0.638964
vt 0.250000 0.594216
vt 0.281250 0.594216
vt 0.312500 0.594216
vt 0.343750 0.594216
vt 0.375000 0.594216
vt 0.406250 0.594216
vt 0.437500 0.594216
vt 0.468750 0.594216
vt 0.500000 0.594216
vt 0.531250 0.594216
vt 0.562500 0.594216
vt 0.593750 0.594216
vt 0.625000 0.594216
vt 0.656250 0.594216
vt 0.687500 0.594216
vt 0.718750 0.594216
vt 0.750000 0.594216
vt 0.250000 0.549518
vt 0.281250 0.549518
vt 0.312500 0.549518
vt 0.343750 0.549518
vt 0.375000 0.549518
vt 0.406250 0.549518
vt 0.437500 0.549518
vt 0.468750 0.549518
vt 0.500000 0.549518
vt 0.531250 0.549518
vt 0.562500 0.549518
vt 0.593750 0.549518
vt 0.625000 0.549518
vt 0.656250 0.549518
vt 0.687500 0.549518
vt 0.718750 0.549518
vt 0.750000 0.549518
vt 0.250000 0.504870
vt 0.281250 0.504870
vt 0.312500 0.504870
vt 0.343750 0.504870
vt 0.375000 0.504870
vt 0.406250 0.504870
vt 0.437500 0.504870
vt 0.468750 0.504870
vt 0.500000 0.504870
vt 0.531250 0.504870
vt 0.562500 0.504870
vt 0.593750 0.504870
vt 0.625000 0.504870
vt 0.656250 0.504870
vt 0.687500 0.504870
vt 0.718750 0.504870
vt 0.750000 0.504870
vt 0.250000 0.460271
vt 0.281250 0.460271
vt 0.312500 0.460271
vt 0.343750 0.460271
vt 0.375000 0.460271
vt 0.406250 0.460271
vt 0.437500 0.460271
vt 0.468750 0.460271
vt 0.500000 0.460271
vt 0.531250 0.460271
vt 0.562500 0.460271
vt 0.593750 0.460271
vt 0.625000 0.460271
vt 0.656250 0.460271
vt 0.687500 0.460271
vt 0.718750 0.460271
vt 0.750000 0.460271
vt 0.250000 0.415722
vt 0.281250 0.415722
vt 0.312500 0.415722
vt 0.343750 0.415722
vt 0.375000 0.415722
vt 0.406250 0.415722
vt 0.437500 0.415722
vt 0.468750 0.415722
vt 0.500000 0.415722
vt 0.531250 0.415722
vt 0.562500 0.415722
vt 0.593750 0.415722
vt 0.625000 0.415722
vt 0.656250 0.415722
vt 0.687500 0.415722
vt 0.718750 0.415722
vt 0.750000 0.415722
vt 0.250000 0.371222
vt 0.281250 0.371222
vt 0.312500 0.371222
vt 0.343750 0.371222
vt 0.375000 0.371222
vt 0.406250 0.371222
vt 0.437500 0.371222
vt 0.468750 0.371222
vt 0.500000 0.371222
vt 0.531250 0.371222
vt 0.562500 0.371222
vt 0.593750 0.371222
vt 0.625000 0.371222
vt 0.656250 0.371222
vt 0.687500 0.371222
vt 0.718750 0.371222
vt 0.750000 0.371222
vt 0.250000 0.326771
vt 0.281250 0.326771
vt 0.312500 0.326771
vt 0.343750 0.326771
vt 0.375000 0.326771
vt 0.406250 0.326771
vt 0.437500 0.326771
vt 0.468750 0.326771
vt 0.500000 0.326771
vt 0.531250 0.326771
vt 0.562500 0.326771
vt 0.593750 0.326771
vt 0.625000 0.326771
vt 0.656250 0.326771
vt 0.687500 0.326771
vt 0.718750 0.326771
vt 0.750000 0.326771
vt 0.250000 0.282368
vt 0.281250 0.282368
vt 0.312500 0.282368
vt 0.343750 0.282368
vt 0.375000 0.282368
vt 0.406250 0.282368
vt 0.437500 0.282368
vt 0.468750 0.282368
vt 0.500000 0.282368
vt 0.531250 0.282368
vt 0.562500 0.282368
vt 0.593750 0.282368
vt 0.625000 0.282368
vt 0.656250 0.282368
vt 0.687500 0.282368
vt 0.718750 0.282368
vt 0.750000 0.282368
vt 0.250000 0.261988
vt 0.281250 0.261988
vt 0.312500 0.261988
vt 0.343750 0.261988
vt 0.375000 0.261988
vt 0.406250 0.261988
vt 0.437500 0.261988
vt 0.468750 0.261988
vt 0.500000 0.261988
vt 0.531250 0.261988
vt 0.562500 0.261988
vt 0.593750 0.261988
vt 0.625000 0.261988
vt 0.656250 0.261988
vt 0.687500 0.261988
vt 0.718750 0.261988
vt 0.750000 0.261988
vt 0.250000 0.306296
vt 0.281250 0.306296
vt 0.312500 0.306296
vt 0.343750 0.306296
vt 0.375000 0.306296
vt 0.406250 0.306296
vt 0.437500 0.306296
vt 0.468750 0.306296
vt 0.500000 0.306296
vt 0.531250 0.306296
vt 0.562500 0.306296
vt 0.593750 0.306296
vt 0.625000 0.306296
vt 0.656250 0.306296
vt 0.687500 0.306296
vt 0.718750 0.306296
vt 0.750000 0.306296
vt 0.250000 0.350557
vt 0.281250 0.350557
vt 0.312500 0.350557
vt 0.343750 0.350557
vt 0.375000 0.350557
vt 0.406250 0.350557
vt 0.437500 0.350557
vt 0.468750 0.350557
vt 0.500000 0.350557
vt 0.531250 0.350557
vt 0.562500 0.350557
vt 0.593750 0.350557
vt 0.625000 0.350557
vt 0.656250 0.350557
vt 0.687500 0.350557
vt 0.718750 0.350557
vt 0.750000 0.350557
vt 0.250000 0.394771
vt 0.281250 0.394771
vt 0.312500 0.394771
vt 0.343750 0.394771
vt 0.375000 0.394771
vt 0.406250 0.394771
vt 0.437500 0.394771
vt 0.468750 0.394771
vt 0.500000 0.394771
vt 0.531250 0.394771
vt 0.562500 0.394771
vt 0.593750 0.394771
vt 0.625000 0.394771
vt 0.656250 0.394771
vt 0.687500 0.394771
vt 0.718750 0.394771
vt 0.750000 0.394771
vt 0.250000 0.438939
vt 0.281250 0.438939
vt 0.312500 0.438939
vt 0.343750 0.438939
vt 0.375000 0.438939
vt 0.406250 0.438939
vt 0.437500 0.438939
vt 0.468750 0.438939
vt 0.500000 0.438939
vt 0.531250 0.438939
vt 0.562500 0.438939
vt 0.593750 0.438939
vt 0.625000 0.438939
vt 0.656250 0.438939
vt 0.687500 0.438939
vt 0.718750 0.438939
vt 0.750000 0.438939
vt 0.250000 0.483061
vt 0.281250 0.483061
vt 0.312500 0.483061
vt 0.343750 0.483061
vt 0.375000 0.483061
vt 0.406250 0.483061
vt 0.437500 0.483061
vt 0.468750 0.483061
vt 0.500000 0.483061
vt 0.531250 0.483061
vt 0.562500 0.483061
vt 0.593750 0.483061
vt 0.625000 0.483061
vt 0.656250 0.483061
vt 0.687500 0.483061
vt 0.718750 0.483061
vt 0.750000 0.483061
vt 0.250000 0.486455
vt 0.281250 0.486455
vt 0.312500 0.486455
vt 0.343750 0.486455
vt 0.375000 0.486455
vt 0.406250 0.486455
vt 0.437500 0.486455
vt 0.468750 0.486455
vt 0.500000 0.486455
vt 0.531250 0.486455
vt 0.562500 0.486455
vt 0.593750 0.486455
vt 0.625000 0.486455
vt 0.656250 0.486455
vt 0.687500 0.486455
vt 0.718750 0.486455
vt 0.750000 0.486455
vt 0.250000 0.527138
vt 0.281250 0.527138
vt 0.312500 0.527138
vt 0.343750 0.527138
vt 0.375000 0.527138
vt 0.406250 0.527138
vt 0.437500 0.527138
vt 0.468750 0.527138
vt 0.500000 0.527138
vt 0.531250 0.527138
vt 0.562500 0.527138
vt 0.593750 0.527138
vt 0.625000 0.527138
vt 0.656250 0.527138
vt 0.687500 0.527138
vt 0.718750 0.527138
vt 0.750000 0.527138
vt 0.250000 0.571169
vt 0.281250 0.571169
vt 0.312500 0.571169
vt 0.343750 0.571169
vt 0.375000 0.571169
vt 0.406250 0.571169
vt 0.437500 0.571169
vt 0.468750 0.571169
vt 0.500000 0.571169
vt 0.531250 0.571169
vt 0.562500 0.571169
vt 0.593750 0.571169
vt 0.625000 0.571169
vt 0.656250 0.571169
vt 0.687500 0.571169
vt 0.718750 0.571169
vt 0.750000 0.571169
vt 0.250000 0.615156
vt 0.281250 0.615156
vt 0.312500 0.615156
vt 0.343750 0.615156
vt 0.375000 0.615156
vt 0.406250 0.615156
vt 0.437500 0.615156
vt 0.468750 0.615156
vt 0.500000 0.615156
vt 0.531250 0.615156
vt 0.562500 0.615156
vt 0.593750 0.615156
vt 0.625000 0.615156
vt 0.656250 0.615156
vt 0.687500 0.615156
vt 0.718750 0.615156
vt 0.750000 0.615156
vt 0.250000 0.659099
vt 0.281250 0.659099
vt 0.312500 0.659099
vt 0.343750 0.659099
vt 0.375000 0.659099
vt 0.406250 0.659099
vt 0.437500 0.659099
vt 0.468750 0.659099
vt 0.500000 0.659099
vt 0.531250 0.659099
vt 0.562500 0.659099
vt 0.593750 0.659099
vt 0.625000 0.659099
vt 0.656250 0.659099
vt 0.687500 0.659099
vt 0.718750 0.659099
vt 0.750000 0.659099
vt 0.250000 0.702997
vt 0.281250 0.702997
vt 0.312500 0.702997
vt 0.343750 0.702997
vt 0.375000 0.702997
vt 0.406250 0.702997
vt 0.437500 0.702997
vt 0.468750 0.702997
vt 0.500000 0.702997
vt 0.531250 0.702997
vt 0.562500 0.702997
vt 0.593750 0.702997
vt 0.625000 0.702997
vt 0.656250 0.702997
vt 0.687500 0.702997
vt 0.718750 0.702997
vt 0.750000 0.702997
vt 0.250000 0.746852
vt 0.281250 0.746852
vt 0.312500 0.746852
vt 0.343750 0.746852
vt 0.375000 0.746852
vt 0.406250 0.746852
vt 0.437500 0.746852
vt 0.468750 0.746852
vt 0.500000 0.746852
vt 0.531250 0.746852
vt 0.562500 0.746852
vt 0.593750 0.746852
vt 0.625000 0.746852
vt 0.656250 0.746852
vt 0.687500 0.746852
vt 0.718750 0.746852
vt 0.750000 0.746852
vt 0.250000 0.709336
vt 0.281250 0.709336
vt 0.312500 0.709336
vt 0.343750 0.709336
vt 0.375000 0.709336
vt 0.406250 0.709336
vt 0.437500 0.709336
vt 0.468750 0.709336
vt 0.500000 0.709336
vt 0.531250 0.709336
vt 0.562500 0.709336
vt 0.593750 0.709336
vt 0.625000 0.709336
vt 0.656250 0.709336
vt 0.687500 0.709336
vt 0.718750 0.709336
vt 0.750000 0.709336
vt 0.250000 0.665566
vt 0.281250 0.665566
vt 0.312500 0.665566
vt 0.343750 0.665566
vt 0.375000 0.665566
vt 0.406250 0.665566
vt 0.437500 0.665566
vt 0.468750 0.665566
vt 0.500000 0.665566
vt 0.531250 0.665566
vt 0.562500 0.665566
vt 0.593750 0.665566
vt 0.625000 0.665566
vt 0.656250 0.665566
vt 0.687500 0.665566
vt 0.718750 0.665566
vt 0.750000 0.665566
vt 0.250000 0.621839
vt 0.281250 0.621839
vt 0.312500 0.621839
vt 0.343750 0.621839
vt 0.375000 0.621839
vt 0.406250 0.621839
vt 0.437500 0.621839
vt 0.468750 0.621839
vt 0.500000 0.621839
vt 0.531250 0.621839
vt 0.562500 0.621839
vt 0.593750 0.621839
vt 0.625000 0.621839
vt 0.656250 0.621839
vt 0.687500 0.621839
vt 0.718750 0.621839
vt 0.750000 0.621839
vt 0.250000 0.578154
vt 0.281250 0.578154
vt 0.312500 0.578154
vt 0.343750 0.578154
vt 0.375000 0.578154
vt 0.406250 0.578154
vt 0.437500 0.578154
vt 0.468750 0.578154
vt 0.500000 0.578154
vt 0.531250 0.578154
vt 0.562500 0.578154
vt 0.593750 0.578154
vt 0.625000 0.578154
vt 0.656250 0.578154
vt 0.687500 0.578154
vt 0.718750 0.578154
vt 0.750000 0.578154
vt 0.250000 0.534511
vt 0.281250 0.534511
vt 0.312500 0.534511
vt 0.343750 0.534511
vt 0.375000 0.534511
vt 0.406250 0.534511
vt 0.437500 0.534511
vt 0.468750 0.534511
vt 0.500000 0.534511
vt 0.531250 0.534511
vt 0.562500 0.534511
vt 0.593750 0.534511
vt 0.625000 0.534511
vt 0.656250 0.534511
vt 0.687500 0.534511
vt 0.718750 0.534511
vt 0.750000 0.534511
vt 0.250000 0.490909
vt 0.281250 0.490909
vt 0.312500 0.490909
vt 0.343750 0.490909
vt 0.375000 0.490909
vt 0.406250 0.490909
vt 0.437500 0.490909
vt 0.468750 0.490909
vt 0.500000 0.490909
vt 0.531250 0.490909
vt 0.562500 0.490909
vt 0.593750 0.490909
vt 0.625000 0.490909
vt 0.656250 0.490909
vt 0.687500 0.490909
vt 0.718750 0.490909
vt 0.750000 0.490909
vt 0.250000 0.447347
vt 0.281250 0.447347
vt 0.312500 0.447347
vt 0.343750 0.447347
vt 0.375000 0.447347
vt 0.406250 0.447347
vt 0.437500 0.447347
vt 0.468750 0.447347
vt 0.500000 0.447347
vt 0.531250 0.447347
vt 0.562500 0.447347
vt 0.593750 0.447347
vt 0.625000 0.447347
vt 0.656250 0.447347
vt 0.687500 0.447347
vt 0.718750 0.447347
vt 0.750000 0.447347
vt 0.250000 0.403826
vt 0.281250 0.403826
vt 0.312500 0.403826
vt 0.343750 0.403826
vt 0.375000 0.403826
vt 0.406250 0.403826
vt 0.437500 0.403826
vt 0.468750 0.403826
vt 0.500000 0.403826
vt 0.531250 0.403826
vt 0.562500 0.403826
vt 0.593750 0.403826
vt 0.625000 0.403826
vt 0.656250 0.403826
vt 0.687500 0.403826
vt 0.718750 0.403826
vt 0.750000 0.403826
vt 0.250000 0.360344
vt 0.281250 0.360344
vt 0.312500 0.360344
vt 0.343750 0.360344
vt 0.375000 0.360344
vt 0.406250 0.360344
vt 0.437500 0.360344
vt 0.468750 0.360344
vt 0.500000 0.360344
vt 0.531250 0.360344
vt 0.562500 0.360344
vt 0.593750 0.360344
vt 0.625000 0.360344
vt 0.656250 0.360344
vt 0.687500 0.360344
vt 0.718750 0.360344
vt 0.750000 0.360344
vt 0.250000 0.316903
vt 0.281250 0.316903
vt 0.312500 0.316903
vt 0.343750 0.316903
vt 0.375000 0.316903
vt 0.406250 0.316903
vt 0.437500 0.316903
vt 0.468750 0.316903
vt 0.500000 0.316903
vt 0.531250 0.316903
vt 0.562500 0.316903
vt 0.593750 0.316903
vt 0.625000 0.316903
vt 0.656250 0.316903
vt 0.687500 0.316903
vt 0.718750 0.316903
vt 0.750000 0.316903
vt 0.250000 0.273500
vt 0.281250 0.273500
vt 0.312500 0.273500
vt 0.343750 0.273500
vt 0.375000 0.273500
vt 0.406250 0.273500
vt 0.437500 0.273500
vt 0.468750 0.273500
vt 0.500000 0.273500
vt 0.531250 0.273500
vt 0.562500 0.273500
vt 0.593750 0.273500
vt 0.625000 0.273500
vt 0.656250 0.273500
vt 0.687500 0.273500
vt 0.718750 0.273500
vt 0.750000 0.273500
vt 0.250000 0.269864
vt 0.281250 0.269864
vt 0.312500 0.269864
vt 0.343750 0.269864
vt 0.375000 0.269864
vt 0.406250 0.269864
vt 0.437500 0.269864
vt 0.468750 0.269864
vt 0.500000 0.269864
vt 0.531250 0.269864
vt 0.562500 0.269864
vt 0.593750 0.269864
vt 0.625000 0.269864
vt 0.656250 0.269864
vt 0.687500 0.269864
vt 0.718750 0.269864
vt 0.750000 0.269864
vt 0.250000 0.313190
vt 0.281250 0.313190
vt 0.312500 0.313190
vt 0.343750 0.313190
vt 0.375000 0.313190
vt 0.406250 0.313190
vt 0.437500 0.313190
vt 0.468750 0.313190
vt 0.500000 0.313190
vt 0.531250 0.313190
vt 0.562500 0.313190
vt 0.593750 0.313190
vt 0.625000 0.313190
vt 0.656250 0.313190
vt 0.687500 0.313190
vt 0.718750 0.313190
vt 0.750000 0.313190
vt 0.250000 0.356478
vt 0.281250 0.356478
vt 0.312500 0.356478
vt 0.343750 0.356478
vt 0.375000 0.356478
vt 0.406250 0.356478
vt 0.437500 0.356478
vt 0.468750 0.356478
vt 0.500000 0.356478
vt 0.531250 0.356478
vt 0.562500 0.356478
vt 0.593750 0.356478
vt 0.625000 0.356478
vt 0.656250 0.356478
vt 0.687500 0.356478
vt 0.718750 0.356478
vt 0.750000 0.356478
vt 0.250000 0.399729
vt 0.281250 0.399729
vt 0.312500 0.399729
vt 0.343750 0.399729
vt 0.375000 0.399729
vt 0.406250 0.399729
vt 0.437500 0.399729
vt 0.468750 0.399729
vt 0.500000 0.399729
vt 0.531250 0.399729
vt 0.562500 0.399729
vt 0.593750 0.399729
vt 0.625000 0.399729
vt 0.656250 0.399729
vt 0.687500 0.399729
vt 0.718750 0.399729
vt 0.750000 0.399729
vt 0.250000 0.442942
vt 0.281250 0.442942
vt 0.312500 0.442942
vt 0.343750 0.442942
vt 0.375000 0.442942
vt 0.406250 0.442942
vt 0.437500 0.442942
vt 0.468750 0.442942
vt 0.500000 0.442942
vt 0.531250 0.442942
vt 0.562500 0.442942
vt 0.593750 0.442942
vt 0.625000 0.442942
vt 0.656250 0.442942
vt 0.687500 0.442942
vt 0.718750 0.442942
vt 0.750000 0.442942
vt 0.250000 0.486119
vt 0.281250 0.486119
vt 0.312500 0.486119
vt 0.343750 0.486119
vt 0.375000 0.486119
vt 0.406250 0.486119
vt 0.437500 0.486119
vt 0.468750 0.486119
vt 0.500000 0.486119
vt 0.531250 0.486119
vt 0.562500 0.486119
vt 0.593750 0.486119
vt 0.625000 0.486119
vt 0.656250 0.486119
vt 0.687500 0.486119
vt 0.718750 0.486119
vt 0.750000 0.486119
vt 0.250000 0.529260
vt 0.281250 0.529260
vt 0.312500 0.529260
vt 0.343750 0.529260
vt 0.375000 0.529260
vt 0.406250 0.529260
vt 0.437500 0.529260
vt 0.468750 0.529260
vt 0.500000 0.529260
vt 0.531250 0.529260
vt 0.562500 0.529260
vt 0.593750 0.529260
vt 0.625000 0.529260
vt 0.656250 0.529260
vt 0.687500 0.529260
vt 0.718750 0.529260
vt 0.750000 0.529260
vt 0.250000 0.572364
vt 0.281250 0.572364
vt 0.312500 0.572364
vt 0.343750 0.572364
vt 0.375000 0.572364
vt 0.406250 0.572364
vt 0.437500 0.572364
vt 0.468750 0.572364
vt 0.500000 0.572364
vt 0.531250 0.572364
vt 0.562500 0.572364
vt 0.593750 0.572364
vt 0.625000 0.572364
vt 0.656250 0.572364
vt 0.687500 0.572364
vt 0.718750 0.572364
vt 0.750000 0.572364
vt 0.250000 0.615434
vt 0.281250 0.615434
vt 0.312500 0.615434
vt 0.343750 0.615434
vt 0.375000 0.615434
vt 0.406250 0.615434
vt 0.437500 0.615434
vt 0.468750 0.615434
vt 0.500000 0.615434
vt 0.531250 0.615434
vt 0.562500 0.615434
vt 0.593750 0.615434
vt 0.625000 0.615434
vt 0.656250 0.615434
vt 0.687500 0.615434
vt 0.718750 0.615434
vt 0.750000 0.615434
vt 0.250000 0.658468
vt 0.281250 0.658468
vt 0.312500 0.658468
vt 0.343750 0.658468
vt 0.375000 0.658468
vt 0.406250 0.658468
vt 0.437500 0.658468
vt 0.468750 0.658468
vt 0.500000 0.658468
vt 0.531250 0.658468
vt 0.562500 0.658468
vt 0.593750 0.658468
vt 0.625000 0.658468
vt 0.656250 0.658468
vt 0.687500 0.658468
vt 0.718750 0.658468
vt 0.750000 0.658468
vt 0.250000 0.701469
vt 0.281250 0.701469
vt 0.312500 0.701469
vt 0.343750 0.701469
vt 0.375000 0.701469
vt 0.406250 0.701469
vt 0.437500 0.701469
vt 0.468750 0.701469
vt 0.500000 0.701469
vt 0.531250 0.701469
vt 0.562500 0.701469
vt 0.593750 0.701469
vt 0.625000 0.701469
vt 0.656250 0.701469
vt 0.687500 0.701469
vt 0.718750 0.701469
vt 0.750000 0.701469
vt 0.250000 0.744434
vt 0.281250 0.744434
vt 0.312500 0.744434
vt 0.343750 0.744434
vt 0.375000 0.744434
vt 0.406250 0.744434
vt 0.437500 0.744434
vt 0.468750 0.744434
vt 0.500000 0.744434
vt 0.531250 0.744434
vt 0.562500 0.744434
vt 0.593750 0.744434
vt 0.625000 0.744434
vt 0.656250 0.744434
vt 0.687500 0.744434
vt 0.718750 0.744434
vt 0.750000 0.744434
vt 0.250000 0.712633
vt 0.281250 0.712633
vt 0.312500 0.712633
vt 0.343750 0.712633
vt 0.375000 0.712633
vt 0.406250 0.712633
vt 0.437500 0.712633
vt 0.468750 0.712633
vt 0.500000 0.712633
vt 0.531250 0.712633
vt 0.562500 0.712633
vt 0.593750 0.712633
vt 0.625000 0.712633
vt 0.656250 0.712633
vt 0.687500 0.712633
vt 0.718750 0.712633
vt 0.750000 0.712633
vt 0.250000 0.669734
vt 0.281250 0.669734
vt 0.312500 0.669734
vt 0.343750 0.669734
vt 0.375000 0.669734
vt 0.406250 0.669734
vt 0.437500 0.669734
vt 0.468750 0.669734
vt 0.500000 0.669734
vt 0.531250 0.669734
vt 0.562500 0.669734
vt 0.593750 0.669734
vt 0.625000 0.669734
vt 0.656250 0.669734
vt 0.687500 0.669734
vt 0.718750 0.669734
vt 0.750000 0.669734
vt 0.250000 0.626868
vt 0.281250 0.626868
vt 0.312500 0.626868
vt 0.343750 0.626868
vt 0.375000 0.626868
vt 0.406250 0.626868
vt 0.437500 0.626868
vt 0.468750 0.626868
vt 0.500000 0.626868
vt 0.531250 0.626868
vt 0.562500 0.626868
vt 0.593750 0.626868
vt 0.625000 0.626868
vt 0.656250 0.626868
vt 0.687500 0.626868
vt 0.718750 0.626868
vt 0.750000 0.626868
vt 0.250000 0.584035
vt 0.281250 0.584035
vt 0.312500 0.584035
vt 0.343750 0.584035
vt 0.375000 0.584035
vt 0.406250 0.584035
vt 0.437500 0.584035
vt 0.468750 0.584035
vt 0.500000 0.584035
vt 0.531250 0.584035
vt 0.562500 0.584035
vt 0.593750 0.584035
vt 0.625000 0.584035
vt 0.656250 0.584035
vt 0.687500 0.584035
vt 0.718750 0.584035
vt 0.750000 0.584035
vt 0.250000 0.541233
vt 0.281250 0.541233
vt 0.312500 0.541233
vt 0.343750 0.541233
vt 0.375000 0.541233
vt 0.406250 0.541233
vt 0.437500 0.541233
vt 0.468750 0.541233
vt 0.500000 0.541233
vt 0.531250 0.541233
vt 0.562500 0.541233
vt 0.593750 0.541233
vt 0.625000 0.541233
vt 0.656250 0.541233
vt 0.687500 0.541233
vt 0.718750 0.541233
vt 0.750000 0.541233
vt 0.250000 0.498463
vt 0.281250 0.498463
vt 0.312500 0.498463
vt 0.343750 0.498463
vt 0.375000 0.498463
vt 0.406250 0.498463
vt 0.437500 0.498463
vt 0.468750 0.498463
vt 0.500000 0.498463
vt 0.531250 0.498463
vt 0.562500 0.498463
vt 0.593750 0.498463
vt 0.625000 0.498463
vt 0.656250 0.498463
vt 0.687500 0.498463
vt 0.718750 0.498463
vt 0.750000 0.498463
vt 0.250000 0.455724
vt 0.281250 0.455724
vt 0.312500 0.455724
vt 0.343750 0.455724
vt 0.375000 0.455724
vt 0.406250 0.455724
vt 0.437500 0.455724
vt 0.468750 0.455724
vt 0.500000 0.455724
vt 0.531250 0.455724
vt 0.562500 0.455724
vt 0.593750 0.455724
vt 0.625000 0.455724
vt 0.656250 0.455724
vt 0.687500 0.455724
vt 0.718750 0.455724
vt 0.750000 0.455724
vt 0.250000 0.413015
vt 0.281250 0.413015
vt 0.312500 0.413015
vt 0.343750 0.413015
vt 0.375000 0.413015
vt 0.406250 0.413015
vt 0.437500 0.413015
vt 0.468750 0.413015
vt 0.500000 0.413015
vt 0.531250 0.413015
vt 0.562500 0.413015
vt 0.593750 0.413015
vt 0.625000 0.413015
vt 0.656250 0.413015
vt 0.687500 0.413015
vt 0.718750 0.413015
vt 0.750000 0.413015
vt 0.250000 0.370337
vt 0.281250 0.370337
vt 0.312500 0.370337
vt 0.343750 0.370337
vt 0.375000 0.370337
vt 0.406250 0.370337
vt 0.437500 0.370337
vt 0.468750 0.370337
vt 0.500000 0.370337
vt 0.531250 0.370337
vt 0.562500 0.370337
vt 0.593750 0.370337
vt 0.625000 0.370337
vt 0.656250 0.370337
vt 0.687500 0.370337
vt 0.718750 0.370337
vt 0.750000 0.370337
vt 0.250000 0.327689
vt 0.281250 0.327689
vt 0.312500 0.327689
vt 0.343750 0.327689
vt 0.375000 0.327689
vt 0.406250 0.327689
vt 0.437500 0.327689
vt 0.468750 0.327689
vt 0.500000 0.327689
vt 0.531250 0.327689
vt 0.562500 0.327689
vt 0.593750 0.327689
vt 0.625000 0.327689
vt 0.656250 0.327689
vt 0.687500 0.327689
vt 0.718750 0.327689
vt 0.750000 0.327689
vt 0.250000 0.285070
vt 0.281250 0.285070
vt 0.312500 0.285070
vt 0.343750 0.285070
vt 0.375000 0.285070
vt 0.406250 0.285070
vt 0.437500 0.285070
vt 0.468750 0.285070
vt 0.500000 0.285070
vt 0.531250 0.285070
vt 0.562500 0.285070
vt 0.593750 0.285070
vt 0.625000 0.285070
vt 0.656250 0.285070
vt 0.687500 0.285070
vt 0.718750 0.285070
vt 0.750000 0.285070
vt 0.250000 0.257520
vt 0.281250 0.257520
vt 0.312500 0.257520
vt 0.343750 0.257520
vt 0.375000 0.257520
vt 0.406250 0.257520
vt 0.437500 0.257520
vt 0.468750 0.257520
vt 0.500000 0.257520
vt 0.531250 0.257520
vt 0.562500 0.257520
vt 0.593750 0.257520
vt 0.625000 0.257520
vt 0.656250 0.257520
vt 0.687500 0.257520
vt 0.718750 0.257520
vt 0.750000 0.257520
vt 0.250000 0.300081
vt 0.281250 0.300081
vt 0.312500 0.300081
vt 0.343750 0.300081
vt 0.375000 0.300081
vt 0.406250 0.300081
vt 0.437500 0.300081
vt 0.468750 0.300081
vt 0.500000 0.300081
vt 0.531250 0.300081
vt 0.562500 0.300081
vt 0.593750 0.300081
vt 0.625000 0.300081
vt 0.656250 0.300081
vt 0.687500 0.300081
vt 0.718750 0.300081
vt 0.750000 0.300081
vt 0.250000 0.342614
vt 0.281250 0.342614
vt 0.312500 0.342614
vt 0.343750 0.342614
vt 0.375000 0.342614
vt 0.406250 0.342614
vt 0.437500 0.342614
vt 0.468750 0.342614
vt 0.500000 0.342614
vt 0.531250 0.342614
vt 0.562500 0.342614
vt 0.593750 0.342614
vt 0.625000 0.342614
vt 0.656250 0.342614
vt 0.687500 0.342614
vt 0.718750 0.342614
vt 0.750000 0.342614
vt 0.250000 0.385120
vt 0.281250 0.385120
vt 0.312500 0.385120
vt 0.343750 0.385120
vt 0.375000 0.385120
vt 0.406250 0.385120
vt 0.437500 0.385120
vt 0.468750 0.385120
vt 0.500000 0.385120
vt 0.531250 0.385120
vt 0.562500 0.385120
vt 0.593750 0.385120
vt 0.625000 0.385120
vt 0.656250 0.385120
vt 0.687500 0.385120
vt 0.718750 0.385120
vt 0.750000 0.385120
vt 0.250000 0.427598
vt 0.281250 0.427598
vt 0.312500 0.427598
vt 0.343750 0.427598
vt 0.375000 0.427598
vt 0.406250 0.427598
vt 0.437500 0.427598
vt 0.468750 0.427598
vt 0.500000 0.427598
vt 0.531250 0.427598
vt 0.562500 0.427598
vt 0.593750 0.427598
vt 0.625000 0.427598
vt 0.656250 0.427598
vt 0.687500 0.427598
vt 0.718750 0.427598
vt 0.750000 0.427598
vt 0.250000 0.470049
vt 0.281250 0.470049
vt 0.312500 0.470049
vt 0.343750 0.470049
vt 0.375000 0.470049
vt 0.406250 0.470049
vt 0.437500 0.470049
vt 0.468750 0.470049
vt 0.500000 0.470049
vt 0.531250 0.470049
vt 0.562500 0.470049
vt 0.593750 0.470049
vt 0.625000 0.470049
vt 0.656250 0.470049
vt 0.687500 0.470049
vt 0.718750 0.470049
vt 0.750000 0.470049
vt 0.250000 0.512474
vt 0.281250 0.512474
vt 0.312500 0.512474
vt 0.343750 0.512474
vt 0.375000 0.512474
vt 0.406250 0.512474
vt 0.437500 0.512474
vt 0.468750 0.512474
vt 0.500000 0.512474
vt 0.531250 0.512474
vt 0.562500 0.512474
vt 0.593750 0.512474
vt 0.625000 0.512474
vt 0.656250 0.512474
vt 0.687500 0.512474
vt 0.718750 0.512474
vt 0.750000 0.512474
vt 0.250000 0.554874
vt 0.281250 0.554874
vt 0.312500 0.554874
vt 0.343750 0.554874
vt 0.375000 0.554874
vt 0.406250 0.554874
vt 0.437500 0.554874
vt 0.468750 0.554874
vt 0.500000 0.554874
vt 0.531250 0.554874
vt 0.562500 0.554874
vt 0.593750 0.554874
vt 0.625000 0.554874
vt 0.656250 0.554874
vt 0.687500 0.554874
vt 0.718750 0.554874
vt 0.750000 0.554874
vt 0.250000 0.597247
vt 0.281250 0.597247
vt 0.312500 0.597247
vt 0.343750 0.597247
vt 0.375000 0.597247
vt 0.406250 0.597247
vt 0.437500 0.597247
vt 0.468750 0.597247
vt 0.500000 0.597247
vt 0.531250 0.597247
vt 0.562500 0.597247
vt 0.593750 0.597247
vt 0.625000 0.597247
vt 0.656250 0.597247
vt 0.687500 0.597247
vt 0.718750 0.597247
vt 0.750000 0.597247
vt 0.250000 0.639596
vt 0.281250 0.639596
vt 0.312500 0.639596
vt 0.343750 0.639596
vt 0.375000 0.639596
vt 0.406250 0.639596
vt 0.437500 0.639596
vt 0.468750 0.639596
vt 0.500000 0.639596
vt 0.531250 0.639596
vt 0.562500 0.639596
vt 0.593750 0.639596
vt 0.625000 0.639596
vt 0.656250 0.639596
vt 0.687500 0.639596
vt 0.718750 0.639596
vt 0.750000 0.639596
vt 0.250000 0.681920
vt 0.281250 0.681920
vt 0.312500 0.681920
vt 0.343750 0.681920
vt 0.375000 0.681920
vt 0.406250 0.681920
vt 0.437500 0.681920
vt 0.468750 0.681920
vt 0.500000 0.681920
vt 0.531250 0.681920
vt 0.562500 0.681920
vt 0.593750 0.681920
vt 0.625000 0.681920
vt 0.656250 0.681920
vt 0.687500 0.681920
vt 0.718750 0.681920
vt 0.750000 0.681920
vt 0.250000 0.724220
vt 0.281250 0.724220
vt 0.312500 0.724220
vt 0.343750 0.724220
vt 0.375000 0.724220
vt 0.406250 0.724220
vt 0.437500 0.724220
vt 0.468750 0.724220
vt 0.500000 0.724220
vt 0.531250 0.724220
vt 0.562500 0.724220
vt 0.593750 0.724220
vt 0.625000 0.724220
vt 0.656250 0.724220
vt 0.687500 0.724220
vt 0.718750 0.724220
vt 0.750000 0.724220
vt 0.250000 0.733504
vt 0.281250 0.733504
vt 0.312500 0.733504
vt 0.343750 0.733504
vt 0.375000 0.733504
vt 0.406250 0.733504
vt 0.437500 0.733504
vt 0.468750 0.733504
vt 0.500000 0.733504
vt 0.531250 0.733504
vt 0.562500 0.733504
vt 0.593750 0.733504
vt 0.625000 0.733504
vt 0.656250 0.733504
vt 0.687500 0.733504
vt 0.718750 0.733504
vt 0.750000 0.733504
vt 0.250000 0.691251
vt 0.281250 0.691251
vt 0.312500 0.691251
vt 0.343750 0.691251
vt 0.375000 0.691251
vt 0.406250 0.691251
vt 0.437500 0.691251
vt 0.468750 0.691251
vt 0.500000 0.691251
vt 0.531250 0.691251
vt 0.562500 0.691251
vt 0.593750 0.691251
vt 0.625000 0.691251
vt 0.656250 0.691251
vt 0.687500 0.691251
vt 0.718750 0.691251
vt 0.750000 0.691251
vt 0.250000 0.649021
vt 0.281250 0.649021
vt 0.312500 0.649021
vt 0.343750 0.649021
vt 0.375000 0.649021
vt 0.406250 0.649021
vt 0.437500 0.649021
vt 0.468750 0.649021
vt 0.500000 0.649021
vt 0.531250 0.649021
vt 0.562500 0.649021
vt 0.593750 0.649021
vt 0.625000 0.649021
vt 0.656250 0.649021
vt 0.687500 0.649021
vt 0.718750 0.649021
vt 0.750000 0.649021
vt 0.250000 0.606813
vt 0.281250 0.606813
vt 0.312500 0.606813
vt 0.343750 0.606813
vt 0.375000 0.606813
vt 0.406250 0.606813
vt 0.437500 0.606813
vt 0.468750 0.606813
vt 0.500000 0.606813
vt 0.531250 0.606813
vt 0.562500 0.606813
vt 0.593750 0.606813
vt 0.625000 0.606813
vt 0.656250 0.606813
vt 0.687500 0.606813
vt 0.718750 0.606813
vt 0.750000 0.606813
vt 0.250000 0.564628
vt 0.281250 0.564628
vt 0.312500 0.564628
vt 0.343750 0.564628
vt 0.375000 0.564628
vt 0.406250 0.564628
vt 0.437500 0.564628
vt 0.468750 0.564628
vt 0.500000 0.564628
vt 0.531250 0.564628
vt 0.562500 0.564628
vt 0.593750 0.564628
vt 0.625000 0.564628
vt 0.656250 0.564628
vt 0.687500 0.564628
vt 0.718750 0.564628
vt 0.750000 0.564628
vt 0.250000 0.522463
vt 0.281250 0.522463
vt 0.312500 0.522463
vt 0.343750 0.522463
vt 0.375000 0.522463
vt 0.406250 0.522463
vt 0.437500 0.522463
vt 0.468750 0.522463
vt 0.500000 0.522463
vt 0.531250 0.522463
vt 0.562500 0.522463
vt 0.593750 0.522463
vt 0.625000 0.522463
vt 0.656250 0.522463
vt 0.687500 0.522463
vt 0.718750 0.522463
vt 0.750000 0.522463
vt 0.250000 0.480320
vt 0.281250 0.480320
vt 0.312500 0.480320
vt 0.343750 0.480320
vt 0.375000 0.480320
vt 0.406250 0.480320
vt 0.437500 0.480320
vt 0.468750 0.480320
vt 0.500000 0.480320
vt 0.531250 0.480320
vt 0.562500 0.480320
vt 0.593750 0.480320
vt 0.625000 0.480320
vt 0.656250 0.480320
vt 0.687500 0.480320
vt 0.718750 0.480320
vt 0.750000 0.480320
vt 0.250000 0.438198
vt 0.281250 0.438198
vt 0.312500 0.438198
vt 0.343750 0.438198
vt 0.375000 0.438198
vt 0.406250 0.438198
vt 0.437500 0.438198
vt 0.468750 0.438198
vt 0.500000 0.438198
vt 0.531250 0.438198
vt 0.562500 0.438198
vt 0.593750 0.438198
vt 0.625000 0.438198
vt 0.656250 0.438198
vt 0.687500 0.438198
vt 0.718750 0.438198
vt 0.750000 0.438198
vt 0.250000 0.396095
vt 0.281250 0.396095
vt 0.312500 0.396095
vt 0.343750 0.396095
vt 0.375000 0.396095
vt 0.406250 0.396095
vt 0.437500 0.396095
vt 0.468750 0.396095
vt 0.500000 0.396095
vt 0.531250 0.396095
vt 0.562500 0.396095
vt 0.593750 0.396095
vt 0.625000 0.396095
vt 0.656250 0.396095
vt 0.687500 0.396095
vt 0.718750 0.396095
vt 0.750000 0.396095
vt 0.250000 0.354013
vt 0.281250 0.354013
vt 0.312500 0.354013
vt 0.343750 0.354013
vt 0.375000 0.354013
vt 0.406250 0.354013
vt 0.437500 0.354013
vt 0.468750 0.354013
vt 0.500000 0.354013
vt 0.531250 0.354013
vt 0.562500 0.354013
vt 0.593750 0.354013
vt 0.625000 0.354013
vt 0.656250 0.354013
vt 0.687500 0.354013
vt 0.718750 0.354013
vt 0.750000 0.354013
vt 0.250000 0.311949
vt 0.281250 0.311949
vt 0.312500 0.311949
vt 0.343750 0.311949
vt 0.375000 0.311949
vt 0.406250 0.311949
vt 0.437500 0.311949
vt 0.468750 0.311949
vt 0.500000 0.311949
vt 0.531250 0.311949
vt 0.562500 0.311949
vt 0.593750 0.311949
vt 0.625000 0.311949
vt 0.656250 0.311949
vt 0.687500 0.311949
vt 0.718750 0.311949
vt 0.750000 0.311949
vt 0.250000 0.269905
vt 0.281250 0.269905
vt 0.312500 0.269905
vt 0.343750 0.269905
vt 0.375000 0.269905
vt 0.406250 0.269905
vt 0.437500 0.269905
vt 0.468750 0.269905
vt 0.500000 0.269905
vt 0.531250 0.269905
vt 0.562500 0.269905
vt 0.593750 0.269905
vt 0.625000 0.269905
vt 0.656250 0.269905
vt 0.687500 0.269905
vt 0.718750 0.269905
vt 0.750000 0.269905
vt 0.250000 0.272122
vt 0.281250 0.272122
vt 0.312500 0.272122
vt 0.343750 0.272122
vt 0.375000 0.272122
vt 0.406250 0.272122
vt 0.437500 0.272122
vt 0.468750 0.272122
vt 0.500000 0.272122
vt 0.531250 0.272122
vt 0.562500 0.272122
vt 0.593750 0.272122
vt 0.625000 0.272122
vt 0.656250 0.272122
vt 0.687500 0.272122
vt 0.718750 0.272122
vt 0.750000 0.272122
vt 0.250000 0.314130
vt 0.281250 0.314130
vt 0.312500 0.314130
vt 0.343750 0.314130
vt 0.375000 0.314130
vt 0.406250 0.314130
vt 0.437500 0.314130
vt 0.468750 0.314130
vt 0.500000 0.314130
vt 0.531250 0.314130
vt 0.562500 0.314130
vt 0.593750 0.314130
vt 0.625000 0.314130
vt 0.656250 0.314130
vt 0.687500 0.314130
vt 0.718750 0.314130
vt 0.750000 0.314130
vt 0.250000 0.356121
vt 0.281250 0.356121
vt 0.312500 0.356121
vt 0.343750 0.356121
vt 0.375000 0.356121
vt 0.406250 0.356121
vt 0.437500 0.356121
vt 0.468750 0.356121
vt 0.500000 0.356121
vt 0.531250 0.356121
vt 0.562500 0.356121
vt 0.593750 0.356121
vt 0.625000 0.356121
vt 0.656250 0.356121
vt 0.687500 0.356121
vt 0.718750 0.356121
vt 0.750000 0.356121
vt 0.250000 0.398095
vt 0.281250 0.398095
vt 0.312500 0.398095
vt 0.343750 0.398095
vt 0.375000 0.398095
vt 0.406250 0.398095
vt 0.437500 0.398095
vt 0.468750 0.398095
vt 0.500000 0.398095
vt 0.531250 0.398095
vt 0.562500 0.398095
vt 0.593750 0.398095
vt 0.625000 0.398095
vt 0.656250 0.398095
vt 0.687500 0.398095
vt 0.718750 0.398095
vt 0.750000 0.398095
vt 0.250000 0.440052
vt 0.281250 0.440052
vt 0.312500 0.440052
vt 0.343750 0.440052
vt 0.375000 0.440052
vt 0.406250 0.440052
vt 0.437500 0.440052
vt 0.468750 0.440052
vt 0.500000 0.440052
vt 0.531250 0.440052
vt 0.562500 0.440052
vt 0.593750 0.440052
vt 0.625000 0.440052
vt 0.656250 0.440052
vt 0.687500 0.440052
vt 0.718750 0.440052
vt 0.750000 0.440052
vt 0.250000 0.481994
vt 0.281250 0.481994
vt 0.312500 0.481994
vt 0.343750 0.481994
vt 0.375000 0.481994
vt 0.406250 0.481994
vt 0.437500 0.481994
vt 0.468750 0.481994
vt 0.500000 0.481994
vt 0.531250 0.481994
vt 0.562500 0.481994
vt 0.593750 0.481994
vt 0.625000 0.481994
vt 0.656250 0.481994
vt 0.687500 0.481994
vt 0.718750 0.481994
vt 0.750000 0.481994
vt 0.250000 0.523919
vt 0.281250 0.523919
vt 0.312500 0.523919
vt 0.343750 0.523919
vt 0.375000 0.523919
vt 0.406250 0.523919
vt 0.437500 0.523919
vt 0.468750 0.523919
vt 0.500000 0.523919
vt 0.531250 0.523919
vt 0.562500 0.523919
vt 0.593750 0.523919
vt 0.625000 0.523919
vt 0.656250 0.523919
vt 0.687500 0.523919
vt 0.718750 0.523919
vt 0.750000 0.523919
vt 0.250000 0.565830
vt 0.281250 0.565830
vt 0.312500 0.565830
vt 0.343750 0.565830
vt 0.375000 0.565830
vt 0.406250 0.565830
vt 0.437500 0.565830
vt 0.468750 0.565830
vt 0.500000 0.565830
vt 0.531250 0.565830
vt 0.562500 0.565830
vt 0.593750 0.565830
vt 0.625000 0.565830
vt 0.656250 0.565830
vt 0.687500 0.565830
vt 0.718750 0.565830
vt 0.750000 0.565830
vt 0.250000 0.607725
vt 0.281250 0.607725
vt 0.312500 0.607725
vt 0.343750 0.607725
vt 0.375000 0.607725
vt 0.406250 0.607725
vt 0.437500 0.607725
vt 0.468750 0.607725
vt 0.500000 0.607725
vt 0.531250 0.607725
vt 0.562500 0.607725
vt 0.593750 0.607725
vt 0.625000 0.607725
vt 0.656250 0.607725
vt 0.687500 0.607725
vt 0.718750 0.607725
vt 0.750000 0.607725
vt 0.250000 0.649607
vt 0.281250 0.649607
vt 0.312500 0.649607
vt 0.343750 0.649607
vt 0.375000 0.649607
vt 0.406250 0.649607
vt 0.437500 0.649607
vt 0.468750 0.649607
vt 0.500000 0.649607
vt 0.531250 0.649607
vt 0.562500 0.649607
vt 0.593750 0.649607
vt 0.625000 0.649607
vt 0.656250 0.649607
vt 0.687500 0.649607
vt 0.718750 0.649607
vt 0.750000 0.649607
vt 0.250000 0.691475
vt 0.281250 0.691475
vt 0.312500 0.691475
vt 0.343750 0.691475
vt 0.375000 0.691475
vt 0.406250 0.691475
vt 0.437500 0.691475
vt 0.468750 0.691475
vt 0.500000 0.691475
vt 0.531250 0.691475
vt 0.562500 0.691475
vt 0.593750 0.691475
vt 0.625000 0.691475
vt 0.656250 0.691475
vt 0.687500 0.691475
vt 0.718750 0.691475
vt 0.750000 0.691475
vt 0.250000 0.733329
vt 0.281250 0.733329
vt 0.312500 0.733329
vt 0.343750 0.733329
vt 0.375000 0.733329
vt 0.406250 0.733329
vt 0.437500 0.733329
vt 0.468750 0.733329
vt 0.500000 0.733329
vt 0.531250 0.733329
vt 0.562500 0.733329
vt 0.593750 0.733329
vt 0.625000 0.733329
vt 0.656250 0.733329
vt 0.687500 0.733329
vt 0.718750 0.733329
vt 0.750000 0.733329
vt 0.250000 0.724830
vt 0.281250 0.724830
vt 0.312500 0.724830
vt 0.343750 0.724830
vt 0.375000 0.724830
vt 0.406250 0.724830
vt 0.437500 0.724830
vt 0.468750 0.724830
vt 0.500000 0.724830
vt 0.531250 0.724830
vt 0.562500 0.724830
vt 0.593750 0.724830
vt 0.625000 0.724830
vt 0.656250 0.724830
vt 0.687500 0.724830
vt 0.718750 0.724830
vt 0.750000 0.724830
vt 0.250000 0.683001
vt 0.281250 0.683001
vt 0.312500 0.683001
vt 0.343750 0.683001
vt 0.375000 0.683001
vt 0.406250 0.683001
vt 0.437500 0.683001
vt 0.468750 0.683001
vt 0.500000 0.683001
vt 0.531250 0.683001
vt 0.562500 0.683001
vt 0.593750 0.683001
vt 0.625000 0.683001
vt 0.656250 0.683001
vt 0.687500 0.683001
vt 0.718750 0.683001
vt 0.750000 0.683001
vt 0.250000 0.641184
vt 0.281250 0.641184
vt 0.312500 0.641184
vt 0.343750 0.641184
vt 0.375000 0.641184
vt 0.406250 0.641184
vt 0.437500 0.641184
vt 0.468750 0.641184
vt 0.500000 0.641184
vt 0.531250 0.641184
vt 0.562500 0.641184
vt 0.593750 0.641184
vt 0.625000 0.641184
vt 0.656250 0.641184
vt 0.687500 0.641184
vt 0.718750 0.641184
vt 0.750000 0.641184
vt 0.250000 0.599379
vt 0.281250 0.599379
vt 0.312500 0.599379
vt 0.343750 0.599379
vt 0.375000 0.599379
vt 0.406250 0.599379
vt 0.437500 0.599379
vt 0.468750 0.599379
vt 0.500000 0.599379
vt 0.531250 0.599379
vt 0.562500 0.599379
vt 0.593750 0.599379
vt 0.625000 0.599379
vt 0.656250 0.599379
vt 0.687500 0.599379
vt 0.718750 0.599379
vt 0.750000 0.599379
vt 0.250000 0.557584
vt 0.281250 0.557584
vt 0.312500 0.557584
vt 0.343750 0.557584
vt 0.375000 0.557584
vt 0.406250 0.557584
vt 0.437500 0.557584
vt 0.468750 0.557584
vt 0.500000 0.557584
vt 0.531250 0.557584
vt 0.562500 0.557584
vt 0.593750 0.557584
vt 0.625000 0.557584
vt 0.656250 0.557584
vt 0.687500 0.557584
vt 0.718750 0.557584
vt 0.750000 0.557584
vt 0.250000 0.515801
vt 0.281250 0.515801
vt 0.312500 0.515801
vt 0.343750 0.515801
vt 0.375000 0.515801
vt 0.406250 0.515801
vt 0.437500 0.515801
vt 0.468750 0.515801
vt 0.500000 0.515801
vt 0.531250 0.515801
vt 0.562500 0.515801
vt 0.593750 0.515801
vt 0.625000 0.515801
vt 0.656250 0.515801
vt 0.687500 0.515801
vt 0.718750 0.515801
vt 0.750000 0.515801
vt 0.250000 0.474027
vt 0.281250 0.474027
vt 0.312500 0.474027
vt 0.343750 0.474027
vt 0.375000 0.474027
vt 0.406250 0.474027
vt 0.437500 0.474027
vt 0.468750 0.474027
vt 0.500000 0.474027
vt 0.531250 0.474027
vt 0.562500 0.474027
vt 0.593750 0.474027
vt 0.625000 0.474027
vt 0.656250 0.474027
vt 0.687500 0.474027
vt 0.718750 0.474027
vt 0.750000 0.474027
vt 0.250000 0.432263
vt 0.281250 0.432263
vt 0.312500 0.432263
vt 0.343750 0.432263
vt 0.375000 0.432263
vt 0.406250 0.432263
vt 0.437500 0.432263
vt 0.468750 0.432263
vt 0.500000 0.432263
vt 0.531250 0.432263
vt 0.562500 0.432263
vt 0.593750 0.432263
vt 0.625000 0.432263
vt 0.656250 0.432263
vt 0.687500 0.432263
vt 0.718750 0.432263
vt 0.750000 0.432263
vt 0.250000 0.390509
vt 0.281250 0.390509
vt 0.312500 0.390509
vt 0.343750 0.390509
vt 0.375000 0.390509
vt 0.406250 0.390509
vt 0.437500 0.390509
vt 0.468750 0.390509
vt 0.500000 0.390509
vt 0.531250 0.390509
vt 0.562500 0.390509
vt 0.593750 0.390509
vt 0.625000 0.390509
vt 0.656250 0.390509
vt 0.687500 0.390509
vt 0.718750 0.390509
vt 0.750000 0.390509
vt 0.250000 0.348763
vt 0.281250 0.348763
vt 0.312500 0.348763
vt 0.343750 0.348763
vt 0.375000 0.348763
vt 0.406250 0.348763
vt 0.437500 0.348763
vt 0.468750 0.348763
vt 0.500000 0.348763
vt 0.531250 0.348763
vt 0.562500 0.348763
vt 0.593750 0.348763
vt 0.625000 0.348763
vt 0.656250 0.348763
vt 0.687500 0.348763
vt 0.718750 0.348763
vt 0.750000 0.348763
vt 0.250000 0.307025
vt 0.281250 0.307025
vt 0.312500 0.307025
vt 0.343750 0.307025
vt 0.375000 0.307025
vt 0.406250 0.307025
vt 0.437500 0.307025
vt 0.468750 0.307025
vt 0.500000 0.307025
vt 0.531250 0.307025
vt 0.562500 0.307025
vt 0.593750 0.307025
vt 0.625000 0.307025
vt 0.656250 0.307025
vt 0.687500 0.307025
vt 0.718750 0.307025
vt 0.750000 0.307025
vt 0.250000 0.265296
vt 0.281250 0.265296
vt 0.312500 0.265296
vt 0.343750 0.265296
vt 0.375000 0.265296
vt 0.406250 0.265296
vt 0.437500 0.265296
vt 0.468750 0.265296
vt 0.500000 0.265296
vt 0.531250 0.265296
vt 0.562500 0.265296
vt 0.593750 0.265296
vt 0.625000 0.265296
vt 0.656250 0.265296
vt 0.687500 0.265296
vt 0.718750 0.265296
vt 0.750000 0.265296
vt 0.250000 0.276427
vt 0.281250 0.276427
vt 0.312500 0.276427
vt 0.343750 0.276427
vt 0.375000 0.276427
vt 0.406250 0.276427
vt 0.437500 0.276427
vt 0.468750 0.276427
vt 0.500000 0.276427
vt 0.531250 0.276427
vt 0.562500 0.276427
vt 0.593750 0.276427
vt 0.625000 0.276427
vt 0.656250 0.276427
vt 0.687500 0.276427
vt 0.718750 0.276427
vt 0.750000 0.276427
vt 0.250000 0.318142
vt 0.281250 0.318142
vt 0.312500 0.318142
vt 0.343750 0.318142
vt 0.375000 0.318142
vt 0.406250 0.318142
vt 0.437500 0.318142
vt 0.468750 0.318142
vt 0.500000 0.318142
vt 0.531250 0.318142
vt 0.562500 0.318142
vt 0.593750 0.318142
vt 0.625000 0.318142
vt 0.656250 0.318142
vt 0.687500 0.318142
vt 0.718750 0.318142
vt 0.750000 0.318142
vt 0.250000 0.359851
vt 0.281250 0.359851
vt 0.312500 0.359851
vt 0.343750 0.359851
vt 0.375000 0.359851
vt 0.406250 0.359851
vt 0.437500 0.359851
vt 0.468750 0.359851
vt 0.500000 0.359851
vt 0.531250 0.359851
vt 0.562500 0.359851
vt 0.593750 0.359851
vt 0.625000 0.359851
vt 0.656250 0.359851
vt 0.687500 0.359851
vt 0.718750 0.359851
vt 0.750000 0.359851
vt 0.250000 0.401553
vt 0.281250 0.401553
vt 0.312500 0.401553
vt 0.343750 0.401553
vt 0.375000 0.401553
vt 0.406250 0.401553
vt 0.437500 0.401553
vt 0.468750 0.401553
vt 0.500000 0.401553
vt 0.531250 0.401553
vt 0.562500 0.401553
vt 0.593750 0.401553
vt 0.625000 0.401553
vt 0.656250 0.401553
vt 0.687500 0.401553
vt 0.718750 0.401553
vt 0.750000 0.401553
vt 0.250000 0.443251
vt 0.281250 0.443251
vt 0.312500 0.443251
vt 0.343750 0.443251
vt 0.375000 0.443251
vt 0.406250 0.443251
vt 0.437500 0.443251
vt 0.468750 0.443251
vt 0.500000 0.443251
vt 0.531250 0.443251
vt 0.562500 0.443251
vt 0.593750 0.443251
vt 0.625000 0.443251
vt 0.656250 0.443251
vt 0.687500 0.443251
vt 0.718750 0.443251
vt 0.750000 0.443251
vt 0.250000 0.484943
vt 0.281250 0.484943
vt 0.312500 0.484943
vt 0.343750 0.484943
vt 0.375000 0.484943
vt 0.406250 0.484943
vt 0.437500 0.484943
vt 0.468750 0.484943
vt 0.500000 0.484943
vt 0.531250 0.484943
vt 0.562500 0.484943
vt 0.593750 0.484943
vt 0.625000 0.484943
vt 0.656250 0.484943
vt 0.687500 0.484943
vt 0.718750 0.484943
vt 0.750000 0.484943
vt 0.250000 0.526630
vt 0.281250 0.526630
vt 0.312500 0.526630
vt 0.343750 0.526630
vt 0.375000 0.526630
vt 0.406250 0.526630
vt 0.437500 0.526630
vt 0.468750 0.526630
vt 0.500000 0.526630
vt 0.531250 0.526630
vt 0.562500 0.526630
vt 0.593750 0.526630
vt 0.625000 0.526630
vt 0.656250 0.526630
vt 0.687500 0.526630
vt 0.718750 0.526630
vt 0.750000 0.526630
vt 0.250000 0.568314
vt 0.281250 0.568314
vt 0.312500 0.568314
vt 0.343750 0.568314
vt 0.375000 0.568314
vt 0.406250 0.568314
vt 0.437500 0.568314
vt 0.468750 0.568314
vt 0.500000 0.568314
vt 0.531250 0.568314
vt 0.562500 0.568314
vt 0.593750 0.568314
vt 0.625000 0.568314
vt 0.656250 0.568314
vt 0.687500 0.568314
vt 0.718750 0.568314
vt 0.750000 0.568314
vt 0.250000 0.609994
vt 0.281250 0.609994
vt 0.312500 0.609994
vt 0.343750 0.609994
vt 0.375000 0.609994
vt 0.406250 0.609994
vt 0.437500 0.609994
vt 0.468750 0.609994
vt 0.500000 0.609994
vt 0.531250 0.609994
vt 0.562500 0.609994
vt 0.593750 0.609994
vt 0.625000 0.609994
vt 0.656250 0.609994
vt 0.687500 0.609994
vt 0.718750 0.609994
vt 0.750000 0.609994
vt 0.250000 0.651670
vt 0.281250 0.651670
vt 0.312500 0.651670
vt 0.343750 0.651670
vt 0.375000 0.651670
vt 0.406250 0.651670
vt 0.437500 0.651670
vt 0.468750 0.651670
vt 0.500000 0.651670
vt 0.531250 0.651670
vt 0.562500 0.651670
vt 0.593750 0.651670
vt 0.625000 0.651670
vt 0.656250 0.651670
vt 0.687500 0.651670
vt 0.718750 0.651670
vt 0.750000 0.651670
vt 0.250000 0.693344
vt 0.281250 0.693344
vt 0.312500 0.693344
vt 0.343750 0.693344
vt 0.375000 0.693344
vt 0.406250 0.693344
vt 0.437500 0.693344
vt 0.468750 0.693344
vt 0.500000 0.693344
vt 0.531250 0.693344
vt 0.562500 0.693344
vt 0.593750 0.693344
vt 0.625000 0.693344
vt 0.656250 0.693344
vt 0.687500 0.693344
vt 0.718750 0.693344
vt 0.750000 0.693344
vt 0.250000 0.735015
vt 0.281250 0.735015
vt 0.312500 0.735015
vt 0.343750 0.735015
vt 0.375000 0.735015
vt 0.406250 0.735015
vt 0.437500 0.735015
vt 0.468750 0.735015
vt 0.500000 0.735015
vt 0.531250 0.735015
vt 0.562500 0.735015
vt 0.593750 0.735015
vt 0.625000 0.735015
vt 0.656250 0.735015
vt 0.687500 0.735015
vt 0.718750 0.735015
vt 0.750000 0.735015
vt 0.250000 0.723315
vt 0.281250 0.723315
vt 0.312500 0.723315
vt 0.343750 0.723315
vt 0.375000 0.723315
vt 0.406250 0.723315
vt 0.437500 0.723315
vt 0.468750 0.723315
vt 0.500000 0.723315
vt 0.531250 0.723315
vt 0.562500 0.723315
vt 0.593750 0.723315
vt 0.625000 0.723315
vt 0.656250 0.723315
vt 0.687500 0.723315
vt 0.718750 0.723315
vt 0.750000 0.723315
vt 0.250000 0.681647
vt 0.281250 0.681647
vt 0.312500 0.681647
vt 0.343750 0.681647
vt 0.375000 0.681647
vt 0.406250 0.681647
vt 0.437500 0.681647
vt 0.468750 0.681647
vt 0.500000 0.681647
vt 0.531250 0.681647
vt 0.562500 0.681647
vt 0.593750 0.681647
vt 0.625000 0.681647
vt 0.656250 0.681647
vt 0.687500 0.681647
vt 0.718750 0.681647
vt 0.750000 0.681647
vt 0.250000 0.639980
vt 0.281250 0.639980
vt 0.312500 0.639980
vt 0.343750 0.639980
vt 0.375000 0.639980
vt 0.406250 0.639980
vt 0.437500 0.639980
vt 0.468750 0.639980
vt 0.500000 0.639980
vt 0.531250 0.639980
vt 0.562500 0.639980
vt 0.593750 0.639980
vt 0.625000 0.639980
vt 0.656250 0.639980
vt 0.687500 0.639980
vt 0.718750 0.639980
vt 0.750000 0.639980
vt 0.250000 0.598626
vt 0.281250 0.598626
vt 0.312500 0.598626
vt 0.343750 0.598626
vt 0.375000 0.598626
vt 0.406250 0.598626
vt 0.437500 0.598626
vt 0.468750 0.598626
vt 0.500000 0.598626
vt 0.531250 0.598626
vt 0.562500 0.598626
vt 0.593750 0.598626
vt 0.625000 0.598626
vt 0.656250 0.598626
vt 0.687500 0.598626
vt 0.718750 0.598626
vt 0.750000 0.598626
vn 1.000000 0.000000 0.000000
vn 0.931659 0.363334 0.000000
vn 0.728079 0.685494 0.000000
vn 0.402697 0.915333 0.000000
vn 0.000000 1.000000 0.000000
vn -0.402697 0.915333 0.000000
vn -0.728079 0.685494 0.000000
vn -0.931659 0.363334 0.000000
vn -1.000000 0.000000 0.000000
vn -0.931659 -0.363334 0.000000
vn -0.728079 -0.685494 0.000000
vn -0.402697 -0.915333 0.000000
vn -0.000000 -1.000000 0.000000
vn 0.402697 -0.915333 0.000000
vn 0.728079 -0.685494 0.000000
vn 0.931659 -0.363334 0.000000
vn 0.000000 0.000000 1.000000
vn 0.000000 0.000000 -1.000000
vn 0.923880 0.355313 0.142125
vn 0.923880 0.354765 0.143486
vn 0.707107 0.656532 0.262613
vn 0.707107 0.655865 0.264275
vn 0.382683 0.857801 0.343120
vn 0.382683 0.857226 0.344553
vn 0.000000 0.928477 0.371391
vn 0.000000 0.927968 0.372661
vn -0.382683 0.857801 0.343120
vn -0.382683 0.857226 0.344553
vn -0.707107 0.656532 0.262613
vn -0.707107 0.655865 0.264275
vn -0.923880 0.355313 0.142125
vn -0.923880 0.354765 0.143486
vn -0.923880 -0.355313 -0.142125
vn -0.923880 -0.354319 -0.144585
vn -0.707107 -0.656532 -0.262613
vn -0.707107 -0.654340 -0.268028
vn -0.382683 -0.857801 -0.343120
vn -0.382683 -0.854623 -0.350960
vn -0.000000 -0.928477 -0.371391
vn -0.000000 -0.924918 -0.380167
vn 0.382683 -0.857801 -0.343120
vn 0.382683 -0.854623 -0.350960
vn 0.707107 -0.656532 -0.262613
vn 0.707107 -0.654340 -0.268028
vn 0.923880 -0.355313 -0.142125
vn 0.923880 -0.354319 -0.144585
vn 0.923880 0.355720 0.141102
vn 0.707107 0.657285 0.260723
vn 0.382683 0.858784 0.340651
vn 0.000000 0.929541 0.368718
vn -0.382683 0.858784 0.340651
vn -0.707107 0.657285 0.260723
vn -0.923880 0.355720 0.141102
vn -0.923880 -0.355720 -0.141102
vn -0.707107 -0.657285 -0.260723
vn -0.382683 -0.858784 -0.340651
vn -0.000000 -0.929541 -0.368718
vn 0.382683 -0.858784 -0.340651
vn 0.707107 -0.657285 -0.260723
vn 0.923880 -0.355720 -0.141102
vn 0.923880 0.356125 0.140076
vn 0.707107 0.658034 0.258827
vn 0.382683 0.859763 0.338173
vn 0.000000 0.930601 0.366036
vn -0.382683 0.859763 0.338173
vn -0.707107 0.658034 0.258827
vn -0.923880 0.356125 0.140076
vn -0.923880 -0.356125 -0.140076
vn -0.707107 -0.658034 -0.258827
vn -0.382683 -0.859763 -0.338173
vn -0.000000 -0.930601 -0.366036
vn 0.382683 -0.859763 -0.338173
vn 0.707107 -0.658034 -0.258827
vn 0.923880 -0.356125 -0.140076
vn 0.923880 0.356529 0.139046
vn 0.707107 0.658779 0.256924
vn 0.382683 0.860737 0.335687
vn 0.000000 0.931655 0.363345
vn -0.382683 0.860737 0.335687
vn -0.707107 0.658779 0.256924
vn -0.923880 0.356529 0.139046
vn -0.923880 -0.356529 -0.139046
vn -0.707107 -0.658779 -0.256924
vn -0.382683 -0.860737 -0.335687
vn -0.000000 -0.931655 -0.363345
vn 0.382683 -0.860737 -0.335687
vn 0.707107 -0.658779 -0.256924
vn 0.923880 -0.356529 -0.139046
vn 0.923880 0.356930 0.138013
vn 0.707107 0.659521 0.255015
vn 0.382683 0.861705 0.333193
vn 0.000000 0.932703 0.360645
vn -0.382683 0.861705 0.333193
vn -0.707107 0.659521 0.255015
vn -0.923880 0.356930 0.138013
vn -0.923880 -0.356930 -0.138013
vn -0.707107 -0.659521 -0.255015
vn -0.382683 -0.861705 -0.333193
vn -0.000000 -0.932703 -0.360645
vn 0.382683 -0.861705 -0.333193
vn 0.707107 -0.659521 -0.255015
vn 0.923880 -0.356930 -0.138013
vn 0.923880 0.357329 0.136976
vn 0.707107 0.660258 0.253099
vn 0.382683 0.862669 0.330690
vn 0.000000 0.933746 0.357936
vn -0.382683 0.862669 0.330690
vn -0.707107 0.660258 0.253099
vn -0.923880 0.357329 0.136976
vn -0.923880 -0.357329 -0.136976
vn -0.707107 -0.660258 -0.253099
vn -0.382683 -0.862669 -0.330690
vn -0.000000 -0.933746 -0.357936
vn 0.382683 -0.862669 -0.330690
vn 0.707107 -0.660258 -0.253099
vn 0.923880 -0.357329 -0.136976
vn 0.923880 0.357726 0.135936
vn 0.707107 0.660992 0.251177
vn 0.382683 0.863627 0.328178
vn 0.000000 0.934784 0.355218
vn -0.382683 0.863627 0.328178
vn -0.707107 0.660992 0.251177
vn -0.923880 0.357726 0.135936
vn -0.923880 -0.357726 -0.135936
vn -0.707107 -0.660992 -0.251177
vn -0.382683 -0.863627 -0.328178
vn -0.000000 -0.934784 -0.355218
vn 0.382683 -0.863627 -0.328178
vn 0.707107 -0.660992 -0.251177
vn 0.923880 -0.357726 -0.135936
vn 0.923880 0.358121 0.134892
vn 0.707107 0.661721 0.249248
vn 0.382683 0.864581 0.325659
vn 0.000000 0.935815 0.352490
vn -0.382683 0.864581 0.325659
vn -0.707107 0.661721 0.249248
vn -0.923880 0.358121 0.134892
vn -0.923880 -0.358121 -0.134892
vn -0.707107 -0.661721 -0.249248
vn -0.382683 -0.864581 -0.325659
vn -0.000000 -0.935815 -0.352490
vn 0.382683 -0.864581 -0.325659
vn 0.707107 -0.661721 -0.249248
vn 0.923880 -0.358121 -0.134892
vn 0.923880 0.358514 0.133845
vn 0.707107 0.662447 0.247314
vn 0.382683 0.865529 0.323131
vn 0.000000 0.936842 0.349754
vn -0.382683 0.865529 0.323131
vn -0.707107 0.662447 0.247314
vn -0.923880 0.358514 0.133845
vn -0.923880 -0.358514 -0.133845
vn -0.707107 -0.662447 -0.247314
vn -0.382683 -0.865529 -0.323131
vn -0.000000 -0.936842 -0.349754
vn 0.382683 -0.865529 -0.323131
vn 0.707107 -0.662447 -0.247314
vn 0.923880 -0.358514 -0.133845
vn 0.923880 0.358904 0.132795
vn 0.707107 0.663168 0.245372
vn 0.382683 0.866471 0.320594
vn 0.000000 0.937862 0.347009
vn -0.382683 0.866471 0.320594
vn -0.707107 0.663168 0.245372
vn -0.923880 0.358904 0.132795
vn -0.923880 -0.358904 -0.132795
vn -0.707107 -0.663168 -0.245372
vn -0.382683 -0.866471 -0.320594
vn -0.000000 -0.937862 -0.347009
vn 0.382683 -0.866471 -0.320594
vn 0.707107 -0.663168 -0.245372
vn 0.923880 -0.358904 -0.132795
vn 0.923880 0.359292 0.131741
vn 0.707107 0.663886 0.243425
vn 0.382683 0.867409 0.318050
vn 0.000000 0.938876 0.344255
vn -0.382683 0.867409 0.318050
vn -0.707107 0.663886 0.243425
vn -0.923880 0.359292 0.131741
vn -0.923880 -0.359292 -0.131741
vn -0.707107 -0.663886 -0.243425
vn -0.382683 -0.867409 -0.318050
vn -0.000000 -0.938876 -0.344255
vn 0.382683 -0.867409 -0.318050
vn 0.707107 -0.663886 -0.243425
vn 0.923880 -0.359292 -0.131741
vn 0.923880 0.359678 0.130683
vn 0.707107 0.664599 0.241471
vn 0.382683 0.868340 0.315497
vn 0.000000 0.939885 0.341492
vn -0.382683 0.868340 0.315497
vn -0.707107 0.664599 0.241471
vn -0.923880 0.359678 0.130683
vn -0.923880 -0.359678 -0.130683
vn -0.707107 -0.664599 -0.241471
vn -0.382683 -0.868340 -0.315497
vn -0.000000 -0.939885 -0.341492
vn 0.382683 -0.868340 -0.315497
vn 0.707107 -0.664599 -0.241471
vn 0.923880 -0.359678 -0.130683
vn 0.923880 0.360062 0.129622
vn 0.707107 0.665308 0.239511
vn 0.382683 0.869267 0.312936
vn 0.000000 0.940887 0.338719
vn -0.382683 0.869267 0.312936
vn -0.707107 0.665308 0.239511
vn -0.923880 0.360062 0.129622
vn -0.923880 -0.360062 -0.129622
vn -0.707107 -0.665308 -0.239511
vn -0.382683 -0.869267 -0.312936
vn -0.000000 -0.940887 -0.338719
vn 0.382683 -0.869267 -0.312936
vn 0.707107 -0.665308 -0.239511
vn 0.923880 -0.360062 -0.129622
vn 0.923880 0.360443 0.128558
vn 0.707107 0.666012 0.237544
vn 0.382683 0.870187 0.310367
vn 0.000000 0.941884 0.335939
vn -0.382683 0.870187 0.310367
vn -0.707107 0.666012 0.237544
vn -0.923880 0.360443 0.128558
vn -0.923880 -0.360443 -0.128558
vn -0.707107 -0.666012 -0.237544
vn -0.382683 -0.870187 -0.310367
vn -0.000000 -0.941884 -0.335939
vn 0.382683 -0.870187 -0.310367
vn 0.707107 -0.666012 -0.237544
vn 0.923880 -0.360443 -0.128558
vn 0.923880 0.360822 0.127491
vn 0.707107 0.666713 0.235572
vn 0.382683 0.871102 0.307789
vn 0.000000 0.942874 0.333149
vn -0.382683 0.871102 0.307789
vn -0.707107 0.666713 0.235572
vn -0.923880 0.360822 0.127491
vn -0.923880 -0.360822 -0.127491
vn -0.707107 -0.666713 -0.235572
vn -0.382683 -0.871102 -0.307789
vn -0.000000 -0.942874 -0.333149
vn 0.382683 -0.871102 -0.307789
vn 0.707107 -0.666713 -0.235572
vn 0.923880 -0.360822 -0.127491
vn 0.923880 0.361199 0.126420
vn 0.707107 0.667409 0.233593
vn 0.382683 0.872011 0.305204
vn 0.000000 0.943858 0.330350
vn -0.382683 0.872011 0.305204
vn -0.707107 0.667409 0.233593
vn -0.923880 0.361199 0.126420
vn -0.923880 -0.361199 -0.126420
vn -0.707107 -0.667409 -0.233593
vn -0.382683 -0.872011 -0.305204
vn -0.000000 -0.943858 -0.330350
vn 0.382683 -0.872011 -0.305204
vn 0.707107 -0.667409 -0.233593
vn 0.923880 -0.361199 -0.126420
vn 0.923880 0.361573 0.125345
vn 0.707107 0.668100 0.231608
vn 0.382683 0.872915 0.302610
vn 0.000000 0.944836 0.327543
vn -0.382683 0.872915 0.302610
vn -0.707107 0.668100 0.231608
vn -0.923880 0.361573 0.125345
vn -0.923880 -0.361573 -0.125345
vn -0.707107 -0.668100 -0.231608
vn -0.382683 -0.872915 -0.302610
vn -0.000000 -0.944836 -0.327543
vn 0.382683 -0.872915 -0.302610
vn 0.707107 -0.668100 -0.231608
vn 0.923880 -0.361573 -0.125345
vn 0.923880 0.361602 0.125263
vn 0.707107 0.668153 0.231455
vn 0.382683 0.872984 0.302411
vn 0.000000 0.944911 0.327327
vn -0.382683 0.872984 0.302411
vn -0.707107 0.668153 0.231455
vn -0.923880 0.361602 0.125263
vn -0.923880 -0.361602 -0.125263
vn -0.707107 -0.668153 -0.231455
vn -0.382683 -0.872984 -0.302411
vn -0.000000 -0.944911 -0.327327
vn 0.382683 -0.872984 -0.302411
vn 0.707107 -0.668153 -0.231455
vn 0.923880 -0.361602 -0.125263
vn 0.923880 0.361945 0.124268
vn 0.707107 0.668787 0.229617
vn 0.382683 0.873812 0.300009
vn 0.000000 0.945808 0.324727
vn -0.382683 0.873812 0.300009
vn -0.707107 0.668787 0.229617
vn -0.923880 0.361945 0.124268
vn -0.923880 -0.361945 -0.124268
vn -0.707107 -0.668787 -0.229617
vn -0.382683 -0.873812 -0.300009
vn -0.000000 -0.945808 -0.324727
vn 0.382683 -0.873812 -0.300009
vn 0.707107 -0.668787 -0.229617
vn 0.923880 -0.361945 -0.124268
vn 0.923880 0.362314 0.123187
vn 0.707107 0.669469 0.227620
vn 0.382683 0.874704 0.297399
vn 0.000000 0.946773 0.321903
vn -0.382683 0.874704 0.297399
vn -0.707107 0.669469 0.227620
vn -0.923880 0.362314 0.123187
vn -0.923880 -0.362314 -0.123187
vn -0.707107 -0.669469 -0.227620
vn -0.382683 -0.874704 -0.297399
vn -0.000000 -0.946773 -0.321903
vn 0.382683 -0.874704 -0.297399
vn 0.707107 -0.669469 -0.227620
vn 0.923880 -0.362314 -0.123187
vn 0.923880 0.362681 0.122103
vn 0.707107 0.670147 0.225616
vn 0.382683 0.875590 0.294782
vn 0.000000 0.947731 0.319070
vn -0.382683 0.875590 0.294782
vn -0.707107 0.670147 0.225616
vn -0.923880 0.362681 0.122103
vn -0.923880 -0.362681 -0.122103
vn -0.707107 -0.670147 -0.225616
vn -0.382683 -0.875590 -0.294782
vn -0.000000 -0.947731 -0.319070
vn 0.382683 -0.875590 -0.294782
vn 0.707107 -0.670147 -0.225616
vn 0.923880 -0.362681 -0.122103
vn 0.923880 0.363045 0.121015
vn 0.707107 0.670820 0.223607
vn 0.382683 0.876469 0.292156
vn 0.000000 0.948683 0.316228
vn -0.382683 0.876469 0.292156
vn -0.707107 0.670820 0.223607
vn -0.923880 0.363045 0.121015
vn -0.923880 -0.363045 -0.121015
vn -0.707107 -0.670820 -0.223607
vn -0.382683 -0.876469 -0.292156
vn -0.000000 -0.948683 -0.316228
vn 0.382683 -0.876469 -0.292156
vn 0.707107 -0.670820 -0.223607
vn 0.923880 -0.363045 -0.121015
vn 0.923880 0.363407 0.119924
vn 0.707107 0.671489 0.221591
vn 0.382683 0.877342 0.289523
vn 0.000000 0.949629 0.313377
vn -0.382683 0.877342 0.289523
vn -0.707107 0.671489 0.221591
vn -0.923880 0.363407 0.119924
vn -0.923880 -0.363407 -0.119924
vn -0.707107 -0.671489 -0.221591
vn -0.382683 -0.877342 -0.289523
vn -0.000000 -0.949629 -0.313377
vn 0.382683 -0.877342 -0.289523
vn 0.707107 -0.671489 -0.221591
vn 0.923880 -0.363407 -0.119924
vn 0.923880 0.363766 0.118830
vn 0.707107 0.672153 0.219570
vn 0.382683 0.878210 0.286882
vn 0.000000 0.950567 0.310519
vn -0.382683 0.878210 0.286882
vn -0.707107 0.672153 0.219570
vn -0.923880 0.363766 0.118830
vn -0.923880 -0.363766 -0.118830
vn -0.707107 -0.672153 -0.219570
vn -0.382683 -0.878210 -0.286882
vn -0.000000 -0.950567 -0.310519
vn 0.382683 -0.878210 -0.286882
vn 0.707107 -0.672153 -0.219570
vn 0.923880 -0.363766 -0.118830
vn 0.923880 0.364123 0.117733
vn 0.707107 0.672811 0.217542
vn 0.382683 0.879071 0.284233
vn 0.000000 0.951499 0.307651
vn -0.382683 0.879071 0.284233
vn -0.707107 0.672811 0.217542
vn -0.923880 0.364123 0.117733
vn -0.923880 -0.364123 -0.117733
vn -0.707107 -0.672811 -0.217542
vn -0.382683 -0.879071 -0.284233
vn -0.000000 -0.951499 -0.307651
vn 0.382683 -0.879071 -0.284233
vn 0.707107 -0.672811 -0.217542
vn 0.923880 -0.364123 -0.117733
vn 0.923880 0.364477 0.116633
vn 0.707107 0.673466 0.215509
vn 0.382683 0.879925 0.281576
vn 0.000000 0.952424 0.304776
vn -0.382683 0.879925 0.281576
vn -0.707107 0.673466 0.215509
vn -0.923880 0.364477 0.116633
vn -0.923880 -0.364477 -0.116633
vn -0.707107 -0.673466 -0.215509
vn -0.382683 -0.879925 -0.281576
vn -0.000000 -0.952424 -0.304776
vn 0.382683 -0.879925 -0.281576
vn 0.707107 -0.673466 -0.215509
vn 0.923880 -0.364477 -0.116633
vn 0.923880 0.364828 0.115529
vn 0.707107 0.674115 0.213470
vn 0.382683 0.880773 0.278912
vn 0.000000 0.953342 0.301892
vn -0.382683 0.880773 0.278912
vn -0.707107 0.674115 0.213470
vn -0.923880 0.364828 0.115529
vn -0.923880 -0.364828 -0.115529
vn -0.707107 -0.674115 -0.213470
vn -0.382683 -0.880773 -0.278912
vn -0.000000 -0.953342 -0.301892
vn 0.382683 -0.880773 -0.278912
vn 0.707107 -0.674115 -0.213470
vn 0.923880 -0.364828 -0.115529
vn 0.923880 0.365177 0.114422
vn 0.707107 0.674759 0.211424
vn 0.382683 0.881615 0.276239
vn 0.000000 0.954253 0.298999
vn -0.382683 0.881615 0.276239
vn -0.707107 0.674759 0.211424
vn -0.923880 0.365177 0.114422
vn -0.923880 -0.365177 -0.114422
vn -0.707107 -0.674759 -0.211424
vn -0.382683 -0.881615 -0.276239
vn -0.000000 -0.954253 -0.298999
vn 0.382683 -0.881615 -0.276239
vn 0.707107 -0.674759 -0.211424
vn 0.923880 -0.365177 -0.114422
vn 0.923880 0.365523 0.113312
vn 0.707107 0.675398 0.209373
vn 0.382683 0.882450 0.273560
vn 0.000000 0.955157 0.296099
vn -0.382683 0.882450 0.273560
vn -0.707107 0.675398 0.209373
vn -0.923880 0.365523 0.113312
vn -0.923880 -0.365523 -0.113312
vn -0.707107 -0.675398 -0.209373
vn -0.382683 -0.882450 -0.273560
vn -0.000000 -0.955157 -0.296099
vn 0.382683 -0.882450 -0.273560
vn 0.707107 -0.675398 -0.209373
vn 0.923880 -0.365523 -0.113312
vn 0.923880 0.365866 0.112199
vn 0.707107 0.676032 0.207317
vn 0.382683 0.883279 0.270872
vn 0.000000 0.956054 0.293190
vn -0.382683 0.883279 0.270872
vn -0.707107 0.676032 0.207317
vn -0.923880 0.365866 0.112199
vn -0.923880 -0.365866 -0.112199
vn -0.707107 -0.676032 -0.207317
vn -0.382683 -0.883279 -0.270872
vn -0.000000 -0.956054 -0.293190
vn 0.382683 -0.883279 -0.270872
vn 0.707107 -0.676032 -0.207317
vn 0.923880 -0.365866 -0.112199
vn 0.923880 0.366207 0.111083
vn 0.707107 0.676662 0.205254
vn 0.382683 0.884101 0.268177
vn 0.000000 0.956944 0.290273
vn -0.382683 0.884101 0.268177
vn -0.707107 0.676662 0.205254
vn -0.923880 0.366207 0.111083
vn -0.923880 -0.366207 -0.111083
vn -0.707107 -0.676662 -0.205254
vn -0.382683 -0.884101 -0.268177
vn -0.000000 -0.956944 -0.290273
vn 0.382683 -0.884101 -0.268177
vn 0.707107 -0.676662 -0.205254
vn 0.923880 -0.366207 -0.111083
vn 0.923880 0.366544 0.109963
vn 0.707107 0.677285 0.203186
vn 0.382683 0.884916 0.265475
vn 0.000000 0.957826 0.287348
vn -0.382683 0.884916 0.265475
vn -0.707107 0.677285 0.203186
vn -0.923880 0.366544 0.109963
vn -0.923880 -0.366544 -0.109963
vn -0.707107 -0.677285 -0.203186
vn -0.382683 -0.884916 -0.265475
vn -0.000000 -0.957826 -0.287348
vn 0.382683 -0.884916 -0.265475
vn 0.707107 -0.677285 -0.203186
vn 0.923880 -0.366544 -0.109963
vn 0.923880 0.366879 0.108841
vn 0.707107 0.677904 0.201112
vn 0.382683 0.885725 0.262765
vn 0.000000 0.958701 0.284415
vn -0.382683 0.885725 0.262765
vn -0.707107 0.677904 0.201112
vn -0.923880 0.366879 0.108841
vn -0.923880 -0.366879 -0.108841
vn -0.707107 -0.677904 -0.201112
vn -0.382683 -0.885725 -0.262765
vn -0.000000 -0.958701 -0.284415
vn 0.382683 -0.885725 -0.262765
vn 0.707107 -0.677904 -0.201112
vn 0.923880 -0.366879 -0.108841
vn 0.923880 0.367211 0.107715
vn 0.707107 0.678518 0.199032
vn 0.382683 0.886526 0.260048
vn 0.000000 0.959569 0.281474
vn -0.382683 0.886526 0.260048
vn -0.707107 0.678518 0.199032
vn -0.923880 0.367211 0.107715
vn -0.923880 -0.367211 -0.107715
vn -0.707107 -0.678518 -0.199032
vn -0.382683 -0.886526 -0.260048
vn -0.000000 -0.959569 -0.281474
vn 0.382683 -0.886526 -0.260048
vn 0.707107 -0.678518 -0.199032
vn 0.923880 -0.367211 -0.107715
vn 0.923880 0.367540 0.106587
vn 0.707107 0.679126 0.196947
vn 0.382683 0.887321 0.257323
vn 0.000000 0.960429 0.278524
vn -0.382683 0.887321 0.257323
vn -0.707107 0.679126 0.196947
vn -0.923880 0.367540 0.106587
vn -0.923880 -0.367540 -0.106587
vn -0.707107 -0.679126 -0.196947
vn -0.382683 -0.887321 -0.257323
vn -0.000000 -0.960429 -0.278524
vn 0.382683 -0.887321 -0.257323
vn 0.707107 -0.679126 -0.196947
vn 0.923880 -0.367540 -0.106587
vn 0.923880 0.367867 0.105455
vn 0.707107 0.679729 0.194856
vn 0.382683 0.888109 0.254591
vn 0.000000 0.961282 0.275567
vn -0.382683 0.888109 0.254591
vn -0.707107 0.679729 0.194856
vn -0.923880 0.367867 0.105455
vn -0.923880 -0.367867 -0.105455
vn -0.707107 -0.679729 -0.194856
vn -0.382683 -0.888109 -0.254591
vn -0.000000 -0.961282 -0.275567
vn 0.382683 -0.888109 -0.254591
vn 0.707107 -0.679729 -0.194856
vn 0.923880 -0.367867 -0.105455
vn 0.923880 0.368190 0.104320
vn 0.707107 0.680326 0.192759
vn 0.382683 0.888889 0.251852
vn 0.000000 0.962127 0.272603
vn -0.382683 0.888889 0.251852
vn -0.707107 0.680326 0.192759
vn -0.923880 0.368190 0.104320
vn -0.923880 -0.368190 -0.104320
vn -0.707107 -0.680326 -0.192759
vn -0.382683 -0.888889 -0.251852
vn -0.000000 -0.962127 -0.272603
vn 0.382683 -0.888889 -0.251852
vn 0.707107 -0.680326 -0.192759
vn 0.923880 -0.368190 -0.104320
vn 0.923880 0.368510 0.103183
vn 0.707107 0.680918 0.190657
vn 0.382683 0.889663 0.249106
vn 0.000000 0.962964 0.269630
vn -0.382683 0.889663 0.249106
vn -0.707107 0.680918 0.190657
vn -0.923880 0.368510 0.103183
vn -0.923880 -0.368510 -0.103183
vn -0.707107 -0.680918 -0.190657
vn -0.382683 -0.889663 -0.249106
vn -0.000000 -0.962964 -0.269630
vn 0.382683 -0.889663 -0.249106
vn 0.707107 -0.680918 -0.190657
vn 0.923880 -0.368510 -0.103183
vn 0.923880 0.368828 0.102042
vn 0.707107 0.681505 0.188550
vn 0.382683 0.890429 0.246352
vn 0.000000 0.963794 0.266650
vn -0.382683 0.890429 0.246352
vn -0.707107 0.681505 0.188550
vn -0.923880 0.368828 0.102042
vn -0.923880 -0.368828 -0.102042
vn -0.707107 -0.681505 -0.188550
vn -0.382683 -0.890429 -0.246352
vn -0.000000 -0.963794 -0.266650
vn 0.382683 -0.890429 -0.246352
vn 0.707107 -0.681505 -0.188550
vn 0.923880 -0.368828 -0.102042
vn 0.923880 0.369142 0.100899
vn 0.707107 0.682086 0.186437
vn 0.382683 0.891188 0.243591
vn 0.000000 0.964615 0.263662
vn -0.382683 0.891188 0.243591
vn -0.707107 0.682086 0.186437
vn -0.923880 0.369142 0.100899
vn -0.923880 -0.369142 -0.100899
vn -0.707107 -0.682086 -0.186437
vn -0.382683 -0.891188 -0.243591
vn -0.000000 -0.964615 -0.263662
vn 0.382683 -0.891188 -0.243591
vn 0.707107 -0.682086 -0.186437
vn 0.923880 -0.369142 -0.100899
vn 0.923880 0.369454 0.099753
vn 0.707107 0.682661 0.184319
vn 0.382683 0.891940 0.240824
vn 0.000000 0.965429 0.260666
vn -0.382683 0.891940 0.240824
vn -0.707107 0.682661 0.184319
vn -0.923880 0.369454 0.099753
vn -0.923880 -0.369454 -0.099753
vn -0.707107 -0.682661 -0.184319
vn -0.382683 -0.891940 -0.240824
vn -0.000000 -0.965429 -0.260666
vn 0.382683 -0.891940 -0.240824
vn 0.707107 -0.682661 -0.184319
vn 0.923880 -0.369454 -0.099753
vn 0.923880 0.369762 0.098603
vn 0.707107 0.683231 0.182195
vn 0.382683 0.892685 0.238049
vn 0.000000 0.966235 0.257663
vn -0.382683 0.892685 0.238049
vn -0.707107 0.683231 0.182195
vn -0.923880 0.369762 0.098603
vn -0.923880 -0.369762 -0.098603
vn -0.707107 -0.683231 -0.182195
vn -0.382683 -0.892685 -0.238049
vn -0.000000 -0.966235 -0.257663
vn 0.382683 -0.892685 -0.238049
vn 0.707107 -0.683231 -0.182195
vn 0.923880 -0.369762 -0.098603
vn 0.923880 0.370067 0.097451
vn 0.707107 0.683795 0.180066
vn 0.382683 0.893422 0.235268
vn 0.000000 0.967033 0.254652
vn -0.382683 0.893422 0.235268
vn -0.707107 0.683795 0.180066
vn -0.923880 0.370067 0.097451
vn -0.923880 -0.370067 -0.097451
vn -0.707107 -0.683795 -0.180066
vn -0.382683 -0.893422 -0.235268
vn -0.000000 -0.967033 -0.254652
vn 0.382683 -0.893422 -0.235268
vn 0.707107 -0.683795 -0.180066
vn 0.923880 -0.370067 -0.097451
vn 0.923880 0.370370 0.096296
vn 0.707107 0.684354 0.177932
vn 0.382683 0.894151 0.232479
vn 0.000000 0.967823 0.251634
vn -0.382683 0.894151 0.232479
vn -0.707107 0.684354 0.177932
vn -0.923880 0.370370 0.096296
vn -0.923880 -0.370370 -0.096296
vn -0.707107 -0.684354 -0.177932
vn -0.382683 -0.894151 -0.232479
vn -0.000000 -0.967823 -0.251634
vn 0.382683 -0.894151 -0.232479
vn 0.707107 -0.684354 -0.177932
vn 0.923880 -0.370370 -0.096296
vn 0.923880 0.370669 0.095138
vn 0.707107 0.684907 0.175793
vn 0.382683 0.894873 0.229684
vn 0.000000 0.968604 0.248608
vn -0.382683 0.894873 0.229684
vn -0.707107 0.684907 0.175793
vn -0.923880 0.370669 0.095138
vn -0.923880 -0.370669 -0.095138
vn -0.707107 -0.684907 -0.175793
vn -0.382683 -0.894873 -0.229684
vn -0.000000 -0.968604 -0.248608
vn 0.382683 -0.894873 -0.229684
vn 0.707107 -0.684907 -0.175793
vn 0.923880 -0.370669 -0.095138
vn 0.923880 0.370965 0.093978
vn 0.707107 0.685453 0.173648
vn 0.382683 0.895588 0.226882
vn 0.000000 0.969377 0.245576
vn -0.382683 0.895588 0.226882
vn -0.707107 0.685453 0.173648
vn -0.923880 0.370965 0.093978
vn -0.923880 -0.370965 -0.093978
vn -0.707107 -0.685453 -0.173648
vn -0.382683 -0.895588 -0.226882
vn -0.000000 -0.969377 -0.245576
vn 0.382683 -0.895588 -0.226882
vn 0.707107 -0.685453 -0.173648
vn 0.923880 -0.370965 -0.093978
vn 0.923880 0.371257 0.092814
vn 0.707107 0.685994 0.171499
vn 0.382683 0.896295 0.224074
vn 0.000000 0.970143 0.242536
vn -0.382683 0.896295 0.224074
vn -0.707107 0.685994 0.171499
vn -0.923880 0.371257 0.092814
vn -0.923880 -0.371257 -0.092814
vn -0.707107 -0.685994 -0.171499
vn -0.382683 -0.896295 -0.224074
vn -0.000000 -0.970143 -0.242536
vn 0.382683 -0.896295 -0.224074
vn 0.707107 -0.685994 -0.171499
vn 0.923880 -0.371257 -0.092814
vn 0.923880 0.371547 0.091648
vn 0.707107 0.686529 0.169344
vn 0.382683 0.896994 0.221258
vn 0.000000 0.970899 0.239488
vn -0.382683 0.896994 0.221258
vn -0.707107 0.686529 0.169344
vn -0.923880 0.371547 0.091648
vn -0.923880 -0.371547 -0.091648
vn -0.707107 -0.686529 -0.169344
vn -0.382683 -0.896994 -0.221258
vn -0.000000 -0.970899 -0.239488
vn 0.382683 -0.896994 -0.221258
vn 0.707107 -0.686529 -0.169344
vn 0.923880 -0.371547 -0.091648
vn 0.923880 0.371833 0.090479
vn 0.707107 0.687059 0.167184
vn 0.382683 0.897685 0.218437
vn 0.000000 0.971647 0.236434
vn -0.382683 0.897685 0.218437
vn -0.707107 0.687059 0.167184
vn -0.923880 0.371833 0.090479
vn -0.923880 -0.371833 -0.090479
vn -0.707107 -0.687059 -0.167184
vn -0.382683 -0.897685 -0.218437
vn -0.000000 -0.971647 -0.236434
vn 0.382683 -0.897685 -0.218437
vn 0.707107 -0.687059 -0.167184
vn 0.923880 -0.371833 -0.090479
vn 0.923880 0.372117 0.089308
vn 0.707107 0.687582 0.165020
vn 0.382683 0.898369 0.215608
vn 0.000000 0.972387 0.233373
vn -0.382683 0.898369 0.215608
vn -0.707107 0.687582 0.165020
vn -0.923880 0.372117 0.089308
vn -0.923880 -0.372117 -0.089308
vn -0.707107 -0.687582 -0.165020
vn -0.382683 -0.898369 -0.215608
vn -0.000000 -0.972387 -0.233373
vn 0.382683 -0.898369 -0.215608
vn 0.707107 -0.687582 -0.165020
vn 0.923880 -0.372117 -0.089308
vn 0.923880 0.372396 0.088134
vn 0.707107 0.688099 0.162850
vn 0.382683 0.899044 0.212774
vn 0.000000 0.973119 0.230305
vn -0.382683 0.899044 0.212774
vn -0.707107 0.688099 0.162850
vn -0.923880 0.372396 0.088134
vn -0.923880 -0.372396 -0.088134
vn -0.707107 -0.688099 -0.162850
vn -0.382683 -0.899044 -0.212774
vn -0.000000 -0.973119 -0.230305
vn 0.382683 -0.899044 -0.212774
vn 0.707107 -0.688099 -0.162850
vn 0.923880 -0.372396 -0.088134
vn 0.923880 0.372673 0.086957
vn 0.707107 0.688610 0.160676
vn 0.382683 0.899712 0.209933
vn 0.000000 0.973841 0.227230
vn -0.382683 0.899712 0.209933
vn -0.707107 0.688610 0.160676
vn -0.923880 0.372673 0.086957
vn -0.923880 -0.372673 -0.086957
vn -0.707107 -0.688610 -0.160676
vn -0.382683 -0.899712 -0.209933
vn -0.000000 -0.973841 -0.227230
vn 0.382683 -0.899712 -0.209933
vn 0.707107 -0.688610 -0.160676
vn 0.923880 -0.372673 -0.086957
vn 0.923880 0.372946 0.085778
vn 0.707107 0.689115 0.158496
vn 0.382683 0.900372 0.207085
vn 0.000000 0.974555 0.224148
vn -0.382683 0.900372 0.207085
vn -0.707107 0.689115 0.158496
vn -0.923880 0.372946 0.085778
vn -0.923880 -0.372946 -0.085778
vn -0.707107 -0.689115 -0.158496
vn -0.382683 -0.900372 -0.207085
vn -0.000000 -0.974555 -0.224148
vn 0.382683 -0.900372 -0.207085
vn 0.707107 -0.689115 -0.158496
vn 0.923880 -0.372946 -0.085778
vn 0.923880 0.373216 0.084596
vn 0.707107 0.689613 0.156312
vn 0.382683 0.901023 0.204232
vn 0.000000 0.975260 0.221059
vn -0.382683 0.901023 0.204232
vn -0.707107 0.689613 0.156312
vn -0.923880 0.373216 0.084596
vn -0.923880 -0.373216 -0.084596
vn -0.707107 -0.689613 -0.156312
vn -0.382683 -0.901023 -0.204232
vn -0.000000 -0.975260 -0.221059
vn 0.382683 -0.901023 -0.204232
vn 0.707107 -0.689613 -0.156312
vn 0.923880 -0.373216 -0.084596
vn 0.923880 0.373483 0.083411
vn 0.707107 0.690106 0.154124
vn 0.382683 0.901667 0.201372
vn 0.000000 0.975957 0.217964
vn -0.382683 0.901667 0.201372
vn -0.707107 0.690106 0.154124
vn -0.923880 0.373483 0.083411
vn -0.923880 -0.373483 -0.083411
vn -0.707107 -0.690106 -0.154124
vn -0.382683 -0.901667 -0.201372
vn -0.000000 -0.975957 -0.217964
vn 0.382683 -0.901667 -0.201372
vn 0.707107 -0.690106 -0.154124
vn 0.923880 -0.373483 -0.083411
vn 0.923880 0.373746 0.082224
vn 0.707107 0.690592 0.151930
vn 0.382683 0.902302 0.198506
vn 0.000000 0.976644 0.214862
vn -0.382683 0.902302 0.198506
vn -0.707107 0.690592 0.151930
vn -0.923880 0.373746 0.082224
vn -0.923880 -0.373746 -0.082224
vn -0.707107 -0.690592 -0.151930
vn -0.382683 -0.902302 -0.198506
vn -0.000000 -0.976644 -0.214862
vn 0.382683 -0.902302 -0.198506
vn 0.707107 -0.690592 -0.151930
vn 0.923880 -0.373746 -0.082224
vn 0.923880 0.374005 0.081034
vn 0.707107 0.691072 0.149732
vn 0.382683 0.902929 0.195635
vn 0.000000 0.977323 0.211753
vn -0.382683 0.902929 0.195635
vn -0.707107 0.691072 0.149732
vn -0.923880 0.374005 0.081034
vn -0.923880 -0.374005 -0.081034
vn -0.707107 -0.691072 -0.149732
vn -0.382683 -0.902929 -0.195635
vn -0.000000 -0.977323 -0.211753
vn 0.382683 -0.902929 -0.195635
vn 0.707107 -0.691072 -0.149732
vn 0.923880 -0.374005 -0.081034
vn 0.923880 0.374262 0.079842
vn 0.707107 0.691545 0.147530
vn 0.382683 0.903548 0.192757
vn 0.000000 0.977993 0.208638
vn -0.382683 0.903548 0.192757
vn -0.707107 0.691545 0.147530
vn -0.923880 0.374262 0.079842
vn -0.923880 -0.374262 -0.079842
vn -0.707107 -0.691545 -0.147530
vn -0.382683 -0.903548 -0.192757
vn -0.000000 -0.977993 -0.208638
vn 0.382683 -0.903548 -0.192757
vn 0.707107 -0.691545 -0.147530
vn 0.923880 -0.374262 -0.079842
vn 0.923880 0.374514 0.078648
vn 0.707107 0.692013 0.145323
vn 0.382683 0.904158 0.189873
vn 0.000000 0.978653 0.205517
vn -0.382683 0.904158 0.189873
vn -0.707107 0.692013 0.145323
vn -0.923880 0.374514 0.078648
vn -0.923880 -0.374514 -0.078648
vn -0.707107 -0.692013 -0.145323
vn -0.382683 -0.904158 -0.189873
vn -0.000000 -0.978653 -0.205517
vn 0.382683 -0.904158 -0.189873
vn 0.707107 -0.692013 -0.145323
vn 0.923880 -0.374514 -0.078648
vn 0.923880 0.374764 0.077451
vn 0.707107 0.692473 0.143111
vn 0.382683 0.904760 0.186984
vn 0.000000 0.979305 0.202390
vn -0.382683 0.904760 0.186984
vn -0.707107 0.692473 0.143111
vn -0.923880 0.374764 0.077451
vn -0.923880 -0.374764 -0.077451
vn -0.707107 -0.692473 -0.143111
vn -0.382683 -0.904760 -0.186984
vn -0.000000 -0.979305 -0.202390
vn 0.382683 -0.904760 -0.186984
vn 0.707107 -0.692473 -0.143111
vn 0.923880 -0.374764 -0.077451
vn 0.923880 0.375010 0.076252
vn 0.707107 0.692928 0.140895
vn 0.382683 0.905353 0.184089
vn 0.000000 0.979947 0.199256
vn -0.382683 0.905353 0.184089
vn -0.707107 0.692928 0.140895
vn -0.923880 0.375010 0.076252
vn -0.923880 -0.375010 -0.076252
vn -0.707107 -0.692928 -0.140895
vn -0.382683 -0.905353 -0.184089
vn -0.000000 -0.979947 -0.199256
vn 0.382683 -0.905353 -0.184089
vn 0.707107 -0.692928 -0.140895
vn 0.923880 -0.375010 -0.076252
vn 0.923880 0.375252 0.075050
vn 0.707107 0.693375 0.138675
vn 0.382683 0.905938 0.181188
vn 0.000000 0.980581 0.196116
vn -0.382683 0.905938 0.181188
vn -0.707107 0.693375 0.138675
vn -0.923880 0.375252 0.075050
vn -0.923880 -0.375252 -0.075050
vn -0.707107 -0.693375 -0.138675
vn -0.382683 -0.905938 -0.181188
vn -0.000000 -0.980581 -0.196116
vn 0.382683 -0.905938 -0.181188
vn 0.707107 -0.693375 -0.138675
vn 0.923880 -0.375252 -0.075050
vn 0.923880 0.375491 0.073847
vn 0.707107 0.693816 0.136451
vn 0.382683 0.906515 0.178281
vn 0.000000 0.981205 0.192970
vn -0.382683 0.906515 0.178281
vn -0.707107 0.693816 0.136451
vn -0.923880 0.375491 0.073847
vn -0.923880 -0.375491 -0.073847
vn -0.707107 -0.693816 -0.136451
vn -0.382683 -0.906515 -0.178281
vn -0.000000 -0.981205 -0.192970
vn 0.382683 -0.906515 -0.178281
vn 0.707107 -0.693816 -0.136451
vn 0.923880 -0.375491 -0.073847
vn 0.923880 0.375726 0.072640
vn 0.707107 0.694251 0.134222
vn 0.382683 0.907083 0.175369
vn 0.000000 0.981819 0.189818
vn -0.382683 0.907083 0.175369
vn -0.707107 0.694251 0.134222
vn -0.923880 0.375726 0.072640
vn -0.923880 -0.375726 -0.072640
vn -0.707107 -0.694251 -0.134222
vn -0.382683 -0.907083 -0.175369
vn -0.000000 -0.981819 -0.189818
vn 0.382683 -0.907083 -0.175369
vn 0.707107 -0.694251 -0.134222
vn 0.923880 -0.375726 -0.072640
vn 0.923880 0.375958 0.071432
vn 0.707107 0.694679 0.131989
vn 0.382683 0.907642 0.172452
vn 0.000000 0.982424 0.186661
vn -0.382683 0.907642 0.172452
vn -0.707107 0.694679 0.131989
vn -0.923880 0.375958 0.071432
vn -0.923880 -0.375958 -0.071432
vn -0.707107 -0.694679 -0.131989
vn -0.382683 -0.907642 -0.172452
vn -0.000000 -0.982424 -0.186661
vn 0.382683 -0.907642 -0.172452
vn 0.707107 -0.694679 -0.131989
vn 0.923880 -0.375958 -0.071432
vn 0.923880 0.376186 0.070221
vn 0.707107 0.695100 0.129752
vn 0.382683 0.908192 0.169529
vn 0.000000 0.983020 0.183497
vn -0.382683 0.908192 0.169529
vn -0.707107 0.695100 0.129752
vn -0.923880 0.376186 0.070221
vn -0.923880 -0.376186 -0.070221
vn -0.707107 -0.695100 -0.129752
vn -0.382683 -0.908192 -0.169529
vn -0.000000 -0.983020 -0.183497
vn 0.382683 -0.908192 -0.169529
vn 0.707107 -0.695100 -0.129752
vn 0.923880 -0.376186 -0.070221
vn 0.923880 0.376410 0.069008
vn 0.707107 0.695515 0.127511
vn 0.382683 0.908734 0.166601
vn 0.000000 0.983607 0.180328
vn -0.382683 0.908734 0.166601
vn -0.707107 0.695515 0.127511
vn -0.923880 0.376410 0.069008
vn -0.923880 -0.376410 -0.069008
vn -0.707107 -0.695515 -0.127511
vn -0.382683 -0.908734 -0.166601
vn -0.000000 -0.983607 -0.180328
vn 0.382683 -0.908734 -0.166601
vn 0.707107 -0.695515 -0.127511
vn 0.923880 -0.376410 -0.069008
vn 0.923880 0.376631 0.067794
vn 0.707107 0.695923 0.125266
vn 0.382683 0.909267 0.163668
vn 0.000000 0.984183 0.177153
vn -0.382683 0.909267 0.163668
vn -0.707107 0.695923 0.125266
vn -0.923880 0.376631 0.067794
vn -0.923880 -0.376631 -0.067794
vn -0.707107 -0.695923 -0.125266
vn -0.382683 -0.909267 -0.163668
vn -0.000000 -0.984183 -0.177153
vn 0.382683 -0.909267 -0.163668
vn 0.707107 -0.695923 -0.125266
vn 0.923880 -0.376631 -0.067794
vn 0.923880 0.376848 0.066576
vn 0.707107 0.696324 0.123017
vn 0.382683 0.909791 0.160730
vn 0.000000 0.984750 0.173973
vn -0.382683 0.909791 0.160730
vn -0.707107 0.696324 0.123017
vn -0.923880 0.376848 0.066576
vn -0.923880 -0.376848 -0.066576
vn -0.707107 -0.696324 -0.123017
vn -0.382683 -0.909791 -0.160730
vn -0.000000 -0.984750 -0.173973
vn 0.382683 -0.909791 -0.160730
vn 0.707107 -0.696324 -0.123017
vn 0.923880 -0.376848 -0.066576
vn 0.923880 0.377061 0.065357
vn 0.707107 0.696718 0.120764
vn 0.382683 0.910306 0.157786
vn 0.000000 0.985308 0.170787
vn -0.382683 0.910306 0.157786
vn -0.707107 0.696718 0.120764
vn -0.923880 0.377061 0.065357
vn -0.923880 -0.377061 -0.065357
vn -0.707107 -0.696718 -0.120764
vn -0.382683 -0.910306 -0.157786
vn -0.000000 -0.985308 -0.170787
vn 0.382683 -0.910306 -0.157786
vn 0.707107 -0.696718 -0.120764
vn 0.923880 -0.377061 -0.065357
vn 0.923880 0.377271 0.064136
vn 0.707107 0.697105 0.118508
vn 0.382683 0.910812 0.154838
vn 0.000000 0.985856 0.167595
vn -0.382683 0.910812 0.154838
vn -0.707107 0.697105 0.118508
vn -0.923880 0.377271 0.064136
vn -0.923880 -0.377271 -0.064136
vn -0.707107 -0.697105 -0.118508
vn -0.382683 -0.910812 -0.154838
vn -0.000000 -0.985856 -0.167595
vn 0.382683 -0.910812 -0.154838
vn 0.707107 -0.697105 -0.118508
vn 0.923880 -0.377271 -0.064136
vn 0.923880 0.377477 0.062913
vn 0.707107 0.697486 0.116248
vn 0.382683 0.911309 0.151885
vn 0.000000 0.986394 0.164399
vn -0.382683 0.911309 0.151885
vn -0.707107 0.697486 0.116248
vn -0.923880 0.377477 0.062913
vn -0.923880 -0.377477 -0.062913
vn -0.707107 -0.697486 -0.116248
vn -0.382683 -0.911309 -0.151885
vn -0.000000 -0.986394 -0.164399
vn 0.382683 -0.911309 -0.151885
vn 0.707107 -0.697486 -0.116248
vn 0.923880 -0.377477 -0.062913
vn 0.923880 0.377679 0.061688
vn 0.707107 0.697859 0.113984
vn 0.382683 0.911797 0.148927
vn 0.000000 0.986922 0.161197
vn -0.382683 0.911797 0.148927
vn -0.707107 0.697859 0.113984
vn -0.923880 0.377679 0.061688
vn -0.923880 -0.377679 -0.061688
vn -0.707107 -0.697859 -0.113984
vn -0.382683 -0.911797 -0.148927
vn -0.000000 -0.986922 -0.161197
vn 0.382683 -0.911797 -0.148927
vn 0.707107 -0.697859 -0.113984
vn 0.923880 -0.377679 -0.061688
vn 0.923880 0.377877 0.060460
vn 0.707107 0.698226 0.111716
vn 0.382683 0.912276 0.145964
vn 0.000000 0.987441 0.157991
vn -0.382683 0.912276 0.145964
vn -0.707107 0.698226 0.111716
vn -0.923880 0.377877 0.060460
vn -0.923880 -0.377877 -0.060460
vn -0.707107 -0.698226 -0.111716
vn -0.382683 -0.912276 -0.145964
vn -0.000000 -0.987441 -0.157991
vn 0.382683 -0.912276 -0.145964
vn 0.707107 -0.698226 -0.111716
vn 0.923880 -0.377877 -0.060460
vn 0.923880 0.378072 0.059231
vn 0.707107 0.698586 0.109445
vn 0.382683 0.912746 0.142997
vn 0.000000 0.987949 0.154779
vn -0.382683 0.912746 0.142997
vn -0.707107 0.698586 0.109445
vn -0.923880 0.378072 0.059231
vn -0.923880 -0.378072 -0.059231
vn -0.707107 -0.698586 -0.109445
vn -0.382683 -0.912746 -0.142997
vn -0.000000 -0.987949 -0.154779
vn 0.382683 -0.912746 -0.142997
vn 0.707107 -0.698586 -0.109445
vn 0.923880 -0.378072 -0.059231
vn 0.923880 0.378263 0.058000
vn 0.707107 0.698938 0.107171
vn 0.382683 0.913207 0.140025
vn 0.000000 0.988448 0.151562
vn -0.382683 0.913207 0.140025
vn -0.707107 0.698938 0.107171
vn -0.923880 0.378263 0.058000
vn -0.923880 -0.378263 -0.058000
vn -0.707107 -0.698938 -0.107171
vn -0.382683 -0.913207 -0.140025
vn -0.000000 -0.988448 -0.151562
vn 0.382683 -0.913207 -0.140025
vn 0.707107 -0.698938 -0.107171
vn 0.923880 -0.378263 -0.058000
vn 0.923880 0.378450 0.056767
vn 0.707107 0.699284 0.104893
vn 0.382683 0.913658 0.137049
vn 0.000000 0.988936 0.148340
vn -0.382683 0.913658 0.137049
vn -0.707107 0.699284 0.104893
vn -0.923880 0.378450 0.056767
vn -0.923880 -0.378450 -0.056767
vn -0.707107 -0.699284 -0.104893
vn -0.382683 -0.913658 -0.137049
vn -0.000000 -0.988936 -0.148340
vn 0.382683 -0.913658 -0.137049
vn 0.707107 -0.699284 -0.104893
vn 0.923880 -0.378450 -0.056767
vn 0.923880 0.378633 0.055533
vn 0.707107 0.699622 0.102611
vn 0.382683 0.914100 0.134068
vn 0.000000 0.989415 0.145114
vn -0.382683 0.914100 0.134068
vn -0.707107 0.699622 0.102611
vn -0.923880 0.378633 0.055533
vn -0.923880 -0.378633 -0.055533
vn -0.707107 -0.699622 -0.102611
vn -0.382683 -0.914100 -0.134068
vn -0.000000 -0.989415 -0.145114
vn 0.382683 -0.914100 -0.134068
vn 0.707107 -0.699622 -0.102611
vn 0.923880 -0.378633 -0.055533
vn 0.923880 0.378812 0.054296
vn 0.707107 0.699953 0.100327
vn 0.382683 0.914533 0.131083
vn 0.000000 0.989883 0.141883
vn -0.382683 0.914533 0.131083
vn -0.707107 0.699953 0.100327
vn -0.923880 0.378812 0.054296
vn -0.923880 -0.378812 -0.054296
vn -0.707107 -0.699953 -0.100327
vn -0.382683 -0.914533 -0.131083
vn -0.000000 -0.989883 -0.141883
vn 0.382683 -0.914533 -0.131083
vn 0.707107 -0.699953 -0.100327
vn 0.923880 -0.378812 -0.054296
vn 0.923880 0.378987 0.053058
vn 0.707107 0.700277 0.098039
vn 0.382683 0.914956 0.128094
vn 0.000000 0.990342 0.138648
vn -0.382683 0.914956 0.128094
vn -0.707107 0.700277 0.098039
vn -0.923880 0.378987 0.053058
vn -0.923880 -0.378987 -0.053058
vn -0.707107 -0.700277 -0.098039
vn -0.382683 -0.914956 -0.128094
vn -0.000000 -0.990342 -0.138648
vn 0.382683 -0.914956 -0.128094
vn 0.707107 -0.700277 -0.098039
vn 0.923880 -0.378987 -0.053058
vn 0.923880 0.379159 0.051818
vn 0.707107 0.700594 0.095748
vn 0.382683 0.915371 0.125101
vn 0.000000 0.990790 0.135408
vn -0.382683 0.915371 0.125101
vn -0.707107 0.700594 0.095748
vn -0.923880 0.379159 0.051818
vn -0.923880 -0.379159 -0.051818
vn -0.707107 -0.700594 -0.095748
vn -0.382683 -0.915371 -0.125101
vn -0.000000 -0.990790 -0.135408
vn 0.382683 -0.915371 -0.125101
vn 0.707107 -0.700594 -0.095748
vn 0.923880 -0.379159 -0.051818
vn 0.923880 0.379326 0.050577
vn 0.707107 0.700904 0.093454
vn 0.382683 0.915775 0.122103
vn 0.000000 0.991228 0.132164
vn -0.382683 0.915775 0.122103
vn -0.707107 0.700904 0.093454
vn -0.923880 0.379326 0.050577
vn -0.923880 -0.379326 -0.050577
vn -0.707107 -0.700904 -0.093454
vn -0.382683 -0.915775 -0.122103
vn -0.000000 -0.991228 -0.132164
vn 0.382683 -0.915775 -0.122103
vn 0.707107 -0.700904 -0.093454
vn 0.923880 -0.379326 -0.050577
vn 0.923880 0.379490 0.049334
vn 0.707107 0.701206 0.091157
vn 0.382683 0.916170 0.119102
vn 0.000000 0.991656 0.128915
vn -0.382683 0.916170 0.119102
vn -0.707107 0.701206 0.091157
vn -0.923880 0.379490 0.049334
vn -0.923880 -0.379490 -0.049334
vn -0.707107 -0.701206 -0.091157
vn -0.382683 -0.916170 -0.119102
vn -0.000000 -0.991656 -0.128915
vn 0.382683 -0.916170 -0.119102
vn 0.707107 -0.701206 -0.091157
vn 0.923880 -0.379490 -0.049334
vn 0.923880 0.379650 0.048089
vn 0.707107 0.701502 0.088857
vn 0.382683 0.916556 0.116097
vn 0.000000 0.992073 0.125663
vn -0.382683 0.916556 0.116097
vn -0.707107 0.701502 0.088857
vn -0.923880 0.379650 0.048089
vn -0.923880 -0.379650 -0.048089
vn -0.707107 -0.701502 -0.088857
vn -0.382683 -0.916556 -0.116097
vn -0.000000 -0.992073 -0.125663
vn 0.382683 -0.916556 -0.116097
vn 0.707107 -0.701502 -0.088857
vn 0.923880 -0.379650 -0.048089
vn 0.923880 0.379806 0.046843
vn 0.707107 0.701789 0.086554
vn 0.382683 0.916932 0.113088
vn 0.000000 0.992480 0.122406
vn -0.382683 0.916932 0.113088
vn -0.707107 0.701789 0.086554
vn -0.923880 0.379806 0.046843
vn -0.923880 -0.379806 -0.046843
vn -0.707107 -0.701789 -0.086554
vn -0.382683 -0.916932 -0.113088
vn -0.000000 -0.992480 -0.122406
vn 0.382683 -0.916932 -0.113088
vn 0.707107 -0.701789 -0.086554
vn 0.923880 -0.379806 -0.046843
vn 0.923880 0.379958 0.045595
vn 0.707107 0.702070 0.084248
vn 0.382683 0.917299 0.110076
vn 0.000000 0.992877 0.119145
vn -0.382683 0.917299 0.110076
vn -0.707107 0.702070 0.084248
vn -0.923880 0.379958 0.045595
vn -0.923880 -0.379958 -0.045595
vn -0.707107 -0.702070 -0.084248
vn -0.382683 -0.917299 -0.110076
vn -0.000000 -0.992877 -0.119145
vn 0.382683 -0.917299 -0.110076
vn 0.707107 -0.702070 -0.084248
vn 0.923880 -0.379958 -0.045595
vn 0.923880 0.380105 0.044346
vn 0.707107 0.702343 0.081940
vn 0.382683 0.917655 0.107060
vn 0.000000 0.993263 0.115881
vn -0.382683 0.917655 0.107060
vn -0.707107 0.702343 0.081940
vn -0.923880 0.380105 0.044346
vn -0.923880 -0.380105 -0.044346
vn -0.707107 -0.702343 -0.081940
vn -0.382683 -0.917655 -0.107060
vn -0.000000 -0.993263 -0.115881
vn 0.382683 -0.917655 -0.107060
vn 0.707107 -0.702343 -0.081940
vn 0.923880 -0.380105 -0.044346
vn 0.923880 0.380249 0.043095
vn 0.707107 0.702609 0.079629
vn 0.382683 0.918003 0.104040
vn 0.000000 0.993639 0.112612
vn -0.382683 0.918003 0.104040
vn -0.707107 0.702609 0.079629
vn -0.923880 0.380249 0.043095
vn -0.923880 -0.380249 -0.043095
vn -0.707107 -0.702609 -0.079629
vn -0.382683 -0.918003 -0.104040
vn -0.000000 -0.993639 -0.112612
vn 0.382683 -0.918003 -0.104040
vn 0.707107 -0.702609 -0.079629
vn 0.923880 -0.380249 -0.043095
vn 0.923880 0.380389 0.041843
vn 0.707107 0.702867 0.077315
vn 0.382683 0.918340 0.101017
vn 0.000000 0.994004 0.109340
vn -0.382683 0.918340 0.101017
vn -0.707107 0.702867 0.077315
vn -0.923880 0.380389 0.041843
vn -0.923880 -0.380389 -0.041843
vn -0.707107 -0.702867 -0.077315
vn -0.382683 -0.918340 -0.101017
vn -0.000000 -0.994004 -0.109340
vn 0.382683 -0.918340 -0.101017
vn 0.707107 -0.702867 -0.077315
vn 0.923880 -0.380389 -0.041843
vn 0.923880 0.380525 0.040589
vn 0.707107 0.703118 0.074999
vn 0.382683 0.918668 0.097991
vn 0.000000 0.994359 0.106065
vn -0.382683 0.918668 0.097991
vn -0.707107 0.703118 0.074999
vn -0.923880 0.380525 0.040589
vn -0.923880 -0.380525 -0.040589
vn -0.707107 -0.703118 -0.074999
vn -0.382683 -0.918668 -0.097991
vn -0.000000 -0.994359 -0.106065
vn 0.382683 -0.918668 -0.097991
vn 0.707107 -0.703118 -0.074999
vn 0.923880 -0.380525 -0.040589
vn 0.923880 0.380657 0.039335
vn 0.707107 0.703362 0.072681
vn 0.382683 0.918986 0.094962
vn 0.000000 0.994703 0.102786
vn -0.382683 0.918986 0.094962
vn -0.707107 0.703362 0.072681
vn -0.923880 0.380657 0.039335
vn -0.923880 -0.380657 -0.039335
vn -0.707107 -0.703362 -0.072681
vn -0.382683 -0.918986 -0.094962
vn -0.000000 -0.994703 -0.102786
vn 0.382683 -0.918986 -0.094962
vn 0.707107 -0.703362 -0.072681
vn 0.923880 -0.380657 -0.039335
vn 0.923880 0.380784 0.038078
vn 0.707107 0.703598 0.070360
vn 0.382683 0.919294 0.091929
vn 0.000000 0.995037 0.099504
vn -0.382683 0.919294 0.091929
vn -0.707107 0.703598 0.070360
vn -0.923880 0.380784 0.038078
vn -0.923880 -0.380784 -0.038078
vn -0.707107 -0.703598 -0.070360
vn -0.382683 -0.919294 -0.091929
vn -0.000000 -0.995037 -0.099504
vn 0.382683 -0.919294 -0.091929
vn 0.707107 -0.703598 -0.070360
vn 0.923880 -0.380784 -0.038078
vn 0.923880 0.380908 0.036821
vn 0.707107 0.703826 0.068037
vn 0.382683 0.919593 0.088894
vn 0.000000 0.995360 0.096218
vn -0.382683 0.919593 0.088894
vn -0.707107 0.703826 0.068037
vn -0.923880 0.380908 0.036821
vn -0.923880 -0.380908 -0.036821
vn -0.707107 -0.703826 -0.068037
vn -0.382683 -0.919593 -0.088894
vn -0.000000 -0.995360 -0.096218
vn 0.382683 -0.919593 -0.088894
vn 0.707107 -0.703826 -0.068037
vn 0.923880 -0.380908 -0.036821
vn 0.923880 0.381027 0.035563
vn 0.707107 0.704047 0.065711
vn 0.382683 0.919882 0.085856
vn 0.000000 0.995673 0.092929
vn -0.382683 0.919882 0.085856
vn -0.707107 0.704047 0.065711
vn -0.923880 0.381027 0.035563
vn -0.923880 -0.381027 -0.035563
vn -0.707107 -0.704047 -0.065711
vn -0.382683 -0.919882 -0.085856
vn -0.000000 -0.995673 -0.092929
vn 0.382683 -0.919882 -0.085856
vn 0.707107 -0.704047 -0.065711
vn 0.923880 -0.381027 -0.035563
vn 0.923880 0.381143 0.034303
vn 0.707107 0.704260 0.063383
vn 0.382683 0.920160 0.082814
vn 0.000000 0.995974 0.089638
vn -0.382683 0.920160 0.082814
vn -0.707107 0.704260 0.063383
vn -0.923880 0.381143 0.034303
vn -0.923880 -0.381143 -0.034303
vn -0.707107 -0.704260 -0.063383
vn -0.382683 -0.920160 -0.082814
vn -0.000000 -0.995974 -0.089638
vn 0.382683 -0.920160 -0.082814
vn 0.707107 -0.704260 -0.063383
vn 0.923880 -0.381143 -0.034303
vn 0.923880 0.381254 0.033042
vn 0.707107 0.704466 0.061054
vn 0.382683 0.920429 0.079771
vn 0.000000 0.996265 0.086343
vn -0.382683 0.920429 0.079771
vn -0.707107 0.704466 0.061054
vn -0.923880 0.381254 0.033042
vn -0.923880 -0.381254 -0.033042
vn -0.707107 -0.704466 -0.061054
vn -0.382683 -0.920429 -0.079771
vn -0.000000 -0.996265 -0.086343
vn 0.382683 -0.920429 -0.079771
vn 0.707107 -0.704466 -0.061054
vn 0.923880 -0.381254 -0.033042
vn 0.923880 0.381362 0.031780
vn 0.707107 0.704664 0.058722
vn 0.382683 0.920688 0.076724
vn 0.000000 0.996546 0.083045
vn -0.382683 0.920688 0.076724
vn -0.707107 0.704664 0.058722
vn -0.923880 0.381362 0.031780
vn -0.923880 -0.381362 -0.031780
vn -0.707107 -0.704664 -0.058722
vn -0.382683 -0.920688 -0.076724
vn -0.000000 -0.996546 -0.083045
vn 0.382683 -0.920688 -0.076724
vn 0.707107 -0.704664 -0.058722
vn 0.923880 -0.381362 -0.031780
vn 0.923880 0.381465 0.030517
vn 0.707107 0.704855 0.056388
vn 0.382683 0.920937 0.073675
vn 0.000000 0.996815 0.079745
vn -0.382683 0.920937 0.073675
vn -0.707107 0.704855 0.056388
vn -0.923880 0.381465 0.030517
vn -0.923880 -0.381465 -0.030517
vn -0.707107 -0.704855 -0.056388
vn -0.382683 -0.920937 -0.073675
vn -0.000000 -0.996815 -0.079745
vn 0.382683 -0.920937 -0.073675
vn 0.707107 -0.704855 -0.056388
vn 0.923880 -0.381465 -0.030517
vn 0.923880 0.381564 0.029253
vn 0.707107 0.705038 0.054053
vn 0.382683 0.921176 0.070624
vn 0.000000 0.997074 0.076442
vn -0.382683 0.921176 0.070624
vn -0.707107 0.705038 0.054053
vn -0.923880 0.381564 0.029253
vn -0.923880 -0.381564 -0.029253
vn -0.707107 -0.705038 -0.054053
vn -0.382683 -0.921176 -0.070624
vn -0.000000 -0.997074 -0.076442
vn 0.382683 -0.921176 -0.070624
vn 0.707107 -0.705038 -0.054053
vn 0.923880 -0.381564 -0.029253
vn 0.923880 0.381659 0.027988
vn 0.707107 0.705213 0.051716
vn 0.382683 0.921405 0.067570
vn 0.000000 0.997322 0.073137
vn -0.382683 0.921405 0.067570
vn -0.707107 0.705213 0.051716
vn -0.923880 0.381659 0.027988
vn -0.923880 -0.381659 -0.027988
vn -0.707107 -0.705213 -0.051716
vn -0.382683 -0.921405 -0.067570
vn -0.000000 -0.997322 -0.073137
vn 0.382683 -0.921405 -0.067570
vn 0.707107 -0.705213 -0.051716
vn 0.923880 -0.381659 -0.027988
vn 0.923880 0.381749 0.026722
vn 0.707107 0.705381 0.049377
vn 0.382683 0.921624 0.064514
vn 0.000000 0.997559 0.069829
vn -0.382683 0.921624 0.064514
vn -0.707107 0.705381 0.049377
vn -0.923880 0.381749 0.026722
vn -0.923880 -0.381749 -0.026722
vn -0.707107 -0.705381 -0.049377
vn -0.382683 -0.921624 -0.064514
vn -0.000000 -0.997559 -0.069829
vn 0.382683 -0.921624 -0.064514
vn 0.707107 -0.705381 -0.049377
vn 0.923880 -0.381749 -0.026722
vn 0.923880 0.381836 0.025456
vn 0.707107 0.705541 0.047036
vn 0.382683 0.921833 0.061456
vn 0.000000 0.997785 0.066519
vn -0.382683 0.921833 0.061456
vn -0.707107 0.705541 0.047036
vn -0.923880 0.381836 0.025456
vn -0.923880 -0.381836 -0.025456
vn -0.707107 -0.705541 -0.047036
vn -0.382683 -0.921833 -0.061456
vn -0.000000 -0.997785 -0.066519
vn 0.382683 -0.921833 -0.061456
vn 0.707107 -0.705541 -0.047036
vn 0.923880 -0.381836 -0.025456
vn 0.923880 0.381918 0.024188
vn 0.707107 0.705693 0.044694
vn 0.382683 0.922032 0.058395
vn 0.000000 0.998000 0.063207
vn -0.382683 0.922032 0.058395
vn -0.707107 0.705693 0.044694
vn -0.923880 0.381918 0.024188
vn -0.923880 -0.381918 -0.024188
vn -0.707107 -0.705693 -0.044694
vn -0.382683 -0.922032 -0.058395
vn -0.000000 -0.998000 -0.063207
vn 0.382683 -0.922032 -0.058395
vn 0.707107 -0.705693 -0.044694
vn 0.923880 -0.381918 -0.024188
vn 0.923880 0.381996 0.022920
vn 0.707107 0.705837 0.042350
vn 0.382683 0.922221 0.055333
vn 0.000000 0.998205 0.059892
vn -0.382683 0.922221 0.055333
vn -0.707107 0.705837 0.042350
vn -0.923880 0.381996 0.022920
vn -0.923880 -0.381996 -0.022920
vn -0.707107 -0.705837 -0.042350
vn -0.382683 -0.922221 -0.055333
vn -0.000000 -0.998205 -0.059892
vn 0.382683 -0.922221 -0.055333
vn 0.707107 -0.705837 -0.042350
vn 0.923880 -0.381996 -0.022920
vn 0.923880 0.382070 0.021651
vn 0.707107 0.705974 0.040005
vn 0.382683 0.922400 0.052269
vn 0.000000 0.998398 0.056576
vn -0.382683 0.922400 0.052269
vn -0.707107 0.705974 0.040005
vn -0.923880 0.382070 0.021651
vn -0.923880 -0.382070 -0.021651
vn -0.707107 -0.705974 -0.040005
vn -0.382683 -0.922400 -0.052269
vn -0.000000 -0.998398 -0.056576
vn 0.382683 -0.922400 -0.052269
vn 0.707107 -0.705974 -0.040005
vn 0.923880 -0.382070 -0.021651
vn 0.923880 0.382140 0.020381
vn 0.707107 0.706103 0.037659
vn 0.382683 0.922568 0.049204
vn 0.000000 0.998581 0.053258
vn -0.382683 0.922568 0.049204
vn -0.707107 0.706103 0.037659
vn -0.923880 0.382140 0.020381
vn -0.923880 -0.382140 -0.020381
vn -0.707107 -0.706103 -0.037659
vn -0.382683 -0.922568 -0.049204
vn -0.000000 -0.998581 -0.053258
vn 0.382683 -0.922568 -0.049204
vn 0.707107 -0.706103 -0.037659
vn 0.923880 -0.382140 -0.020381
vn 0.923880 0.382206 0.019110
vn 0.707107 0.706225 0.035311
vn 0.382683 0.922727 0.046136
vn 0.000000 0.998752 0.049938
vn -0.382683 0.922727 0.046136
vn -0.707107 0.706225 0.035311
vn -0.923880 0.382206 0.019110
vn -0.923880 -0.382206 -0.019110
vn -0.707107 -0.706225 -0.035311
vn -0.382683 -0.922727 -0.046136
vn -0.000000 -0.998752 -0.049938
vn 0.382683 -0.922727 -0.046136
vn 0.707107 -0.706225 -0.035311
vn 0.923880 -0.382206 -0.019110
vn 0.923880 0.382267 0.017839
vn 0.707107 0.706338 0.032962
vn 0.382683 0.922875 0.043068
vn 0.000000 0.998913 0.046616
vn -0.382683 0.922875 0.043068
vn -0.707107 0.706338 0.032962
vn -0.923880 0.382267 0.017839
vn -0.923880 -0.382267 -0.017839
vn -0.707107 -0.706338 -0.032962
vn -0.382683 -0.922875 -0.043068
vn -0.000000 -0.998913 -0.046616
vn 0.382683 -0.922875 -0.043068
vn 0.707107 -0.706338 -0.032962
vn 0.923880 -0.382267 -0.017839
vn 0.923880 0.382325 0.016567
vn 0.707107 0.706444 0.030613
vn 0.382683 0.923013 0.039997
vn 0.000000 0.999062 0.043293
vn -0.382683 0.923013 0.039997
vn -0.707107 0.706444 0.030613
vn -0.923880 0.382325 0.016567
vn -0.923880 -0.382325 -0.016567
vn -0.707107 -0.706444 -0.030613
vn -0.382683 -0.923013 -0.039997
vn -0.000000 -0.999062 -0.043293
vn 0.382683 -0.923013 -0.039997
vn 0.707107 -0.706444 -0.030613
vn 0.923880 -0.382325 -0.016567
vn 0.923880 0.382378 0.015295
vn 0.707107 0.706542 0.028262
vn 0.382683 0.923141 0.036926
vn 0.000000 0.999201 0.039968
vn -0.382683 0.923141 0.036926
vn -0.707107 0.706542 0.028262
vn -0.923880 0.382378 0.015295
vn -0.923880 -0.382378 -0.015295
vn -0.707107 -0.706542 -0.028262
vn -0.382683 -0.923141 -0.036926
vn -0.000000 -0.999201 -0.039968
vn 0.382683 -0.923141 -0.036926
vn 0.707107 -0.706542 -0.028262
vn 0.923880 -0.382378 -0.015295
vn 0.923880 0.382426 0.014022
vn 0.707107 0.706632 0.025910
vn 0.382683 0.923259 0.033853
vn 0.000000 0.999328 0.036642
vn -0.382683 0.923259 0.033853
vn -0.707107 0.706632 0.025910
vn -0.923880 0.382426 0.014022
vn -0.923880 -0.382426 -0.014022
vn -0.707107 -0.706632 -0.025910
vn -0.382683 -0.923259 -0.033853
vn -0.000000 -0.999328 -0.036642
vn 0.382683 -0.923259 -0.033853
vn 0.707107 -0.706632 -0.025910
vn 0.923880 -0.382426 -0.014022
vn 0.923880 0.382471 0.012749
vn 0.707107 0.706714 0.023557
vn 0.382683 0.923367 0.030779
vn 0.000000 0.999445 0.033315
vn -0.382683 0.923367 0.030779
vn -0.707107 0.706714 0.023557
vn -0.923880 0.382471 0.012749
vn -0.923880 -0.382471 -0.012749
vn -0.707107 -0.706714 -0.023557
vn -0.382683 -0.923367 -0.030779
vn -0.000000 -0.999445 -0.033315
vn 0.382683 -0.923367 -0.030779
vn 0.707107 -0.706714 -0.023557
vn 0.923880 -0.382471 -0.012749
vn 0.923880 0.382511 0.011475
vn 0.707107 0.706789 0.021204
vn 0.382683 0.923464 0.027704
vn 0.000000 0.999550 0.029987
vn -0.382683 0.923464 0.027704
vn -0.707107 0.706789 0.021204
vn -0.923880 0.382511 0.011475
vn -0.923880 -0.382511 -0.011475
vn -0.707107 -0.706789 -0.021204
vn -0.382683 -0.923464 -0.027704
vn -0.000000 -0.999550 -0.029987
vn 0.382683 -0.923464 -0.027704
vn 0.707107 -0.706789 -0.021204
vn 0.923880 -0.382511 -0.011475
vn 0.923880 0.382547 0.010201
vn 0.707107 0.706855 0.018849
vn 0.382683 0.923551 0.024628
vn 0.000000 0.999645 0.026657
vn -0.382683 0.923551 0.024628
vn -0.707107 0.706855 0.018849
vn -0.923880 0.382547 0.010201
vn -0.923880 -0.382547 -0.010201
vn -0.707107 -0.706855 -0.018849
vn -0.382683 -0.923551 -0.024628
vn -0.000000 -0.999645 -0.026657
vn 0.382683 -0.923551 -0.024628
vn 0.707107 -0.706855 -0.018849
vn 0.923880 -0.382547 -0.010201
vn 0.923880 0.382579 0.008927
vn 0.707107 0.706914 0.016495
vn 0.382683 0.923628 0.021551
vn 0.000000 0.999728 0.023327
vn -0.382683 0.923628 0.021551
vn -0.707107 0.706914 0.016495
vn -0.923880 0.382579 0.008927
vn -0.923880 -0.382579 -0.008927
vn -0.707107 -0.706914 -0.016495
vn -0.382683 -0.923628 -0.021551
vn -0.000000 -0.999728 -0.023327
vn 0.382683 -0.923628 -0.021551
vn 0.707107 -0.706914 -0.016495
vn 0.923880 -0.382579 -0.008927
vn 0.923880 0.382607 0.007652
vn 0.707107 0.706965 0.014139
vn 0.382683 0.923695 0.018474
vn 0.000000 0.999800 0.019996
vn -0.382683 0.923695 0.018474
vn -0.707107 0.706965 0.014139
vn -0.923880 0.382607 0.007652
vn -0.923880 -0.382607 -0.007652
vn -0.707107 -0.706965 -0.014139
vn -0.382683 -0.923695 -0.018474
vn -0.000000 -0.999800 -0.019996
vn 0.382683 -0.923695 -0.018474
vn 0.707107 -0.706965 -0.014139
vn 0.923880 -0.382607 -0.007652
vn 0.923880 0.382630 0.006377
vn 0.707107 0.707009 0.011783
vn 0.382683 0.923751 0.015396
vn 0.000000 0.999861 0.016664
vn -0.382683 0.923751 0.015396
vn -0.707107 0.707009 0.011783
vn -0.923880 0.382630 0.006377
vn -0.923880 -0.382630 -0.006377
vn -0.707107 -0.707009 -0.011783
vn -0.382683 -0.923751 -0.015396
vn -0.000000 -0.999861 -0.016664
vn 0.382683 -0.923751 -0.015396
vn 0.707107 -0.707009 -0.011783
vn 0.923880 -0.382630 -0.006377
vn 0.923880 0.382649 0.005102
vn 0.707107 0.707044 0.009427
vn 0.382683 0.923797 0.012317
vn 0.000000 0.999911 0.013332
vn -0.382683 0.923797 0.012317
vn -0.707107 0.707044 0.009427
vn -0.923880 0.382649 0.005102
vn -0.923880 -0.382649 -0.005102
vn -0.707107 -0.707044 -0.009427
vn -0.382683 -0.923797 -0.012317
vn -0.000000 -0.999911 -0.013332
vn 0.382683 -0.923797 -0.012317
vn 0.707107 -0.707044 -0.009427
vn 0.923880 -0.382649 -0.005102
vn 0.923880 0.382664 0.003827
vn 0.707107 0.707071 0.007071
vn 0.382683 0.923833 0.009238
vn 0.000000 0.999950 0.010000
vn -0.382683 0.923833 0.009238
vn -0.707107 0.707071 0.007071
vn -0.923880 0.382664 0.003827
vn -0.923880 -0.382664 -0.003827
vn -0.707107 -0.707071 -0.007071
vn -0.382683 -0.923833 -0.009238
vn -0.000000 -0.999950 -0.010000
vn 0.382683 -0.923833 -0.009238
vn 0.707107 -0.707071 -0.007071
vn 0.923880 -0.382664 -0.003827
vn 0.923880 0.382675 0.002551
vn 0.707107 0.707091 0.004714
vn 0.382683 0.923859 0.006159
vn 0.000000 0.999978 0.006667
vn -0.382683 0.923859 0.006159
vn -0.707107 0.707091 0.004714
vn -0.923880 0.382675 0.002551
vn -0.923880 -0.382675 -0.002551
vn -0.707107 -0.707091 -0.004714
vn -0.382683 -0.923859 -0.006159
vn -0.000000 -0.999978 -0.006667
vn 0.382683 -0.923859 -0.006159
vn 0.707107 -0.707091 -0.004714
vn 0.923880 -0.382675 -0.002551
vn 0.923880 0.382681 0.001276
vn 0.707107 0.707103 0.002357
vn 0.382683 0.923874 0.003080
vn 0.000000 0.999994 0.003333
vn -0.382683 0.923874 0.003080
vn -0.707107 0.707103 0.002357
vn -0.923880 0.382681 0.001276
vn -0.923880 -0.382681 -0.001276
vn -0.707107 -0.707103 -0.002357
vn -0.382683 -0.923874 -0.003080
vn -0.000000 -0.999994 -0.003333
vn 0.382683 -0.923874 -0.003080
vn 0.707107 -0.707103 -0.002357
vn 0.923880 -0.382681 -0.001276
vn 0.923880 0.382683 0.000010
vn 0.707107 0.707107 0.000018
vn 0.382683 0.923880 0.000023
vn 0.000000 1.000000 0.000025
vn -0.382683 0.923880 0.000023
vn -0.707107 0.707107 0.000018
vn -0.923880 0.382683 0.000010
vn -0.923880 -0.382683 -0.000010
vn -0.707107 -0.707107 -0.000018
vn -0.382683 -0.923880 -0.000023
vn -0.000000 -1.000000 -0.000025
vn 0.382683 -0.923880 -0.000023
vn 0.707107 -0.707107 -0.000018
vn 0.923880 -0.382683 -0.000010
usemtl body
f 1/1/1 2/2/1 3/3/2
f 1/1/1 3/3/2 4/4/2
f 4/4/2 3/3/2 5/5/3
f 4/4/2 5/5/3 6/6/3
f 6/6/3 5/5/3 7/7/4
f 6/6/3 7/7/4 8/8/4
f 8/8/4 7/7/4 9/9/5
f 8/8/4 9/9/5 10/10/5
f 10/10/5 9/9/5 11/11/6
f 10/10/5 11/11/6 12/12/6
f 12/12/6 11/11/6 13/13/7
f 12/12/6 13/13/7 14/14/7
f 14/14/7 13/13/7 15/15/8
f 14/14/7 15/15/8 16/16/8
f 16/16/8 15/15/8 17/17/9
f 16/16/8 17/17/9 18/18/9
f 18/18/9 17/17/9 19/19/10
f 18/18/9 19/19/10 20/20/10
f 20/20/10 19/19/10 21/21/11
f 20/20/10 21/21/11 22/22/11
f 22/22/11 21/21/11 23/23/12
f 22/22/11 23/23/12 24/24/12
f 24/24/12 23/23/12 25/25/13
f 24/24/12 25/25/13 26/26/13
f 26/26/13 25/25/13 27/27/14
f 26/26/13 27/27/14 28/28/14
f 28/28/14 27/27/14 29/29/15
f 28/28/14 29/29/15 30/30/15
f 30/30/15 29/29/15 31/31/16
f 30/30/15 31/31/16 32/32/16
f 32/32/16 31/31/16 2/33/1
f 32/32/16 2/33/1 1/34/1
f 33/35/17 1/36/17 4/37/17
f 33/35/17 4/37/17 6/38/17
f 33/35/17 6/38/17 8/39/17
f 33/35/17 8/39/17 10/40/17
f 33/35/17 10/40/17 12/41/17
f 33/35/17 12/41/17 14/42/17
f 33/35/17 14/42/17 16/43/17
f 33/35/17 16/43/17 18/44/17
f 33/35/17 18/44/17 20/45/17
f 33/35/17 20/45/17 22/46/17
f 33/35/17 22/46/17 24/47/17
f 33/35/17 24/47/17 26/48/17
f 33/35/17 26/48/17 28/49/17
f 33/35/17 28/49/17 30/50/17
f 33/35/17 30/50/17 32/51/17
f 33/35/17 32/51/17 1/36/17
f 34/35/18 3/37/18 2/36/18
f 34/35/18 5/38/18 3/37/18
f 34/35/18 7/39/18 5/38/18
f 34/35/18 9/40/18 7/39/18
f 34/35/18 11/41/18 9/40/18
f 34/35/18 13/42/18 11/41/18
f 34/35/18 15/43/18 13/42/18
f 34/35/18 17/44/18 15/43/18
f 34/35/18 19/45/18 17/44/18
f 34/35/18 21/46/18 19/45/18
f 34/35/18 23/47/18 21/46/18
f 34/35/18 25/48/18 23/47/18
f 34/35/18 27/49/18 25/48/18
f 34/35/18 29/50/18 27/49/18
f 34/35/18 31/51/18 29/50/18
f 34/35/18 2/36/18 31/51/18
f 35/1/1 36/52/1 37/53/19
f 35/1/1 37/53/19 38/4/20
f 38/4/20 37/53/19 39/54/21
f 38/4/20 39/54/21 40/6/22
f 40/6/22 39/54/21 41/55/23
f 40/6/22 41/55/23 42/8/24
f 42/8/24 41/55/23 43/56/25
f 42/8/24 43/56/25 44/10/26
f 44/10/26 43/56/25 45/57/27
f 44/10/26 45/57/27 46/12/28
f 46/12/28 45/57/27 47/58/29
f 46/12/28 47/58/29 48/14/30
f 48/14/30 47/58/29 49/59/31
f 48/14/30 49/59/31 50/16/32
f 50/16/32 49/59/31 51/60/9
f 50/16/32 51/60/9 52/18/9
f 52/18/9 51/60/9 53/61/33
f 52/18/9 53/61/33 54/20/34
f 54/20/34 53/61/33 55/62/35
f 54/20/34 55/62/35 56/22/36
f 56/22/36 55/62/35 57/63/37
f 56/22/36 57/63/37 58/24/38
f 58/24/38 57/63/37 59/64/39
f 58/24/38 59/64/39 60/26/40
f 60/26/40 59/64/39 61/65/41
f 60/26/40 61/65/41 62/28/42
f 62/28/42 61/65/41 63/66/43
f 62/28/42 63/66/43 64/30/44
f 64/30/44 63/66/43 65/67/45
f 64/30/44 65/67/45 66/32/46
f 66/32/46 65/67/45 36/68/1
f 66/32/46 36/68/1 35/34/1
f 36/52/1 67/69/1 68/70/47
f 36/52/1 68/70/47 37/53/19
f 37/53/19 68/70/47 69/71/48
f 37/53/19 69/71/48 39/54/21
f 39/54/21 69/71/48 70/72/49
f 39/54/21 70/72/49 41/55/23
f 41/55/23 70/72/49 71/73/50
f 41/55/23 71/73/50 43/56/25
f 43/56/25 71/73/50 72/74/51
f 43/56/25 72/74/51 45/57/27
f 45/57/27 72/74/51 73/75/52
f 45/57/27 73/75/52 47/58/29
f 47/58/29 73/75/52 74/76/53
f 47/58/29 74/76/53 49/59/31
f 49/59/31 74/76/53 75/77/9
f 49/59/31 75/77/9 51/60/9
f 51/60/9 75/77/9 76/78/54
f 51/60/9 76/78/54 53/61/33
f 53/61/33 76/78/54 77/79/55
f 53/61/33 77/79/55 55/62/35
f 55/62/35 77/79/55 78/80/56
f 55/62/35 78/80/56 57/63/37
f 57/63/37 78/80/56 79/81/57
f 57/63/37 79/81/57 59/64/39
f 59/64/39 79/81/57 80/82/58
f 59/64/39 80/82/58 61/65/41
f 61/65/41 80/82/58 81/83/59
f 61/65/41 81/83/59 63/66/43
f 63/66/43 81/83/59 82/84/60
f 63/66/43 82/84/60 65/67/45
f 65/67/45 82/84/60 67/85/1
f 65/67/45 67/85/1 36/68/1
f 67/69/1 83/86/1 84/87/61
f 67/69/1 84/87/61 68/70/47
f 68/70/47 84/87/61 85/88/62
f 68/70/47 85/88/62 69/71/48
f 69/71/48 85/88/62 86/89/63
f 69/71/48 86/89/63 70/72/49
f 70/72/49 86/89/63 87/90/64
f 70/72/49 87/90/64 71/73/50
f 71/73/50 87/90/64 88/91/65
f 71/73/50 88/91/65 72/74/51
f 72/74/51 88/91/65 89/92/66
f 72/74/51 89/92/66 73/75/52
f 73/75/52 89/92/66 90/93/67
f 73/75/52 90/93/67 74/76/53
f 74/76/53 90/93/67 91/94/9
f 74/76/53 91/94/9 75/77/9
f 75/77/9 91/94/9 92/95/68
f 75/77/9 92/95/68 76/78/54
f 76/78/54 92/95/68 93/96/69
f 76/78/54 93/96/69 77/79/55
f 77/79/55 93/96/69 94/97/70
f 77/79/55 94/97/70 78/80/56
f 78/80/56 94/97/70 95/98/71
f 78/80/56 95/98/71 79/81/57
f 79/81/57 95/98/71 96/99/72
f 79/81/57 96/99/72 80/82/58
f 80/82/58 96/99/72 97/100/73
f 80/82/58 97/100/73 81/83/59
f 81/83/59 97/100/73 98/101/74
f 81/83/59 98/101/74 82/84/60
f 82/84/60 98/101/74 83/102/1
f 82/84/60 83/102/1 67/85/1
f 83/86/1 99/103/1 100/104/75
f 83/86/1 100/104/75 84/87/61
f 84/87/61 100/104/75 101/105/76
f 84/87/61 101/105/76 85/88/62
f 85/88/62 101/105/76 102/106/77
f 85/88/62 102/106/77 86/89/63
f 86/89/63 102/106/77 103/107/78
f 86/89/63 103/107/78 87/90/64
f 87/90/64 103/107/78 104/108/79
f 87/90/64 104/108/79 88/91/65
f 88/91/65 104/108/79 105/109/80
f 88/91/65 105/109/80 89/92/66
f 89/92/66 105/109/80 106/110/81
f 89/92/66 106/110/81 90/93/67
f 90/93/67 106/110/81 107/111/9
f 90/93/67 107/111/9 91/94/9
f 91/94/9 107/111/9 108/112/82
f 91/94/9 108/112/82 92/95/68
f 92/95/68 108/112/82 109/113/83
f 92/95/68 109/113/83 93/96/69
f 93/96/69 109/113/83 110/114/84
f 93/96/69 110/114/84 94/97/70
f 94/97/70 110/114/84 111/115/85
f 94/97/70 111/115/85 95/98/71
f 95/98/71 111/115/85 112/116/86
f 95/98/71 112/116/86 96/99/72
f 96/99/72 112/116/86 113/117/87
f 96/99/72 113/117/87 97/100/73
f 97/100/73 113/117/87 114/118/88
f 97/100/73 114/118/88 98/101/74
f 98/101/74 114/118/88 99/119/1
f 98/101/74 99/119/1 83/102/1
f 99/103/1 115/120/1 116/121/89
f 99/103/1 116/121/89 100/104/75
f 100/104/75 116/121/89 117/122/90
f 100/104/75 117/122/90 101/105/76
f 101/105/76 117/122/90 118/123/91
f 101/105/76 118/123/91 102/106/77
f 102/106/77 118/123/91 119/124/92
f 102/106/77 119/124/92 103/107/78
f 103/107/78 119/124/92 120/125/93
f 103/107/78 120/125/93 104/108/79
f 104/108/79 120/125/93 121/126/94
f 104/108/79 121/126/94 105/109/80
f 105/109/80 121/126/94 122/127/95
f 105/109/80 122/127/95 106/110/81
f 106/110/81 122/127/95 123/128/9
f 106/110/81 123/128/9 107/111/9
f 107/111/9 123/128/9 124/129/96
f 107/111/9 124/129/96 108/112/82
f 108/112/82 124/129/96 125/130/97
f 108/112/82 125/130/97 109/113/83
f 109/113/83 125/130/97 126/131/98
f 109/113/83 126/131/98 110/114/84
f 110/114/84 126/131/98 127/132/99
f 110/114/84 127/132/99 111/115/85
f 111/115/85 127/132/99 128/133/100
f 111/115/85 128/133/100 112/116/86
f 112/116/86 128/133/100 129/134/101
f 112/116/86 129/134/101 113/117/87
f 113/117/87 129/134/101 130/135/102
f 113/117/87 130/135/102 114/118/88
f 114/118/88 130/135/102 115/136/1
f 114/118/88 115/136/1 99/119/1
f 115/120/1 131/137/1 132/138/103
f 115/120/1 132/138/103 116/121/89
f 116/121/89 132/138/103 133/139/104
f 116/121/89 133/139/104 117/122/90
f 117/122/90 133/139/104 134/140/105
f 117/122/90 134/140/105 118/123/91
f 118/123/91 134/140/105 135/141/106
f 118/123/91 135/141/106 119/124/92
f 119/124/92 135/141/106 136/142/107
f 119/124/92 136/142/107 120/125/93
f 120/125/93 136/142/107 137/143/108
f 120/125/93 137/143/108 121/126/94
f 121/126/94 137/143/108 138/144/109
f 121/126/94 138/144/109 122/127/95
f 122/127/95 138/144/109 139/145/9
f 122/127/95 139/145/9 123/128/9
f 123/128/9 139/145/9 140/146/110
f 123/128/9 140/146/110 124/129/96
f 124/129/96 140/146/110 141/147/111
f 124/129/96 141/147/111 125/130/97
f 125/130/97 141/147/111 142/148/112
f 125/130/97 142/148/112 126/131/98
f 126/131/98 142/148/112 143/149/113
f 126/131/98 143/149/113 127/132/99
f 127/132/99 143/149/113 144/150/114
f 127/132/99 144/150/114 128/133/100
f 128/133/100 144/150/114 145/151/115
f 128/133/100 145/151/115 129/134/101
f 129/134/101 145/151/115 146/152/116
f 129/134/101 146/152/116 130/135/102
f 130/135/102 146/152/116 131/153/1
f 130/135/102 131/153/1 115/136/1
f 131/137/1 147/154/1 148/155/117
f 131/137/1 148/155/117 132/138/103
f 132/138/103 148/155/117 149/156/118
f 132/138/103 149/156/118 133/139/104
f 133/139/104 149/156/118 150/157/119
f 133/139/104 150/157/119 134/140/105
f 134/140/105 150/157/119 151/158/120
f 134/140/105 151/158/120 135/141/106
f 135/141/106 151/158/120 152/159/121
f 135/141/106 152/159/121 136/142/107
f 136/142/107 152/159/121 153/160/122
f 136/142/107 153/160/122 137/143/108
f 137/143/108 153/160/122 154/161/123
f 137/143/108 154/161/123 138/144/109
f 138/144/109 154/161/123 155/162/9
f 138/144/109 155/162/9 139/145/9
f 139/145/9 155/162/9 156/163/124
f 139/145/9 156/163/124 140/146/110
f 140/146/110 156/163/124 157/164/125
f 140/146/110 157/164/125 141/147/111
f 141/147/111 157/164/125 158/165/126
f 141/147/111 158/165/126 142/148/112
f 142/148/112 158/165/126 159/166/127
f 142/148/112 159/166/127 143/149/113
f 143/149/113 159/166/127 160/167/128
f 143/149/113 160/167/128 144/150/114
f 144/150/114 160/167/128 161/168/129
f 144/150/114 161/168/129 145/151/115
f 145/151/115 161/168/129 162/169/130
f 145/151/115 162/169/130 146/152/116
f 146/152/116 162/169/130 147/170/1
f 146/152/116 147/170/1 131/153/1
f 147/154/1 163/171/1 164/172/131
f 147/154/1 164/172/131 148/155/117
f 148/155/117 164/172/131 165/173/132
f 148/155/117 165/173/132 149/156/118
f 149/156/118 165/173/132 166/174/133
f 149/156/118 166/174/133 150/157/119
f 150/157/119 166/174/133 167/175/134
f 150/157/119 167/175/134 151/158/120
f 151/158/120 167/175/134 168/176/135
f 151/158/120 168/176/135 152/159/121
f 152/159/121 168/176/135 169/177/136
f 152/159/121 169/177/136 153/160/122
f 153/160/122 169/177/136 170/178/137
f 153/160/122 170/178/137 154/161/123
f 154/161/123 170/178/137 171/179/9
f 154/161/123 171/179/9 155/162/9
f 155/162/9 171/179/9 172/180/138
f 155/162/9 172/180/138 156/163/124
f 156/163/124 172/180/138 173/181/139
f 156/163/124 173/181/139 157/164/125
f 157/164/125 173/181/139 174/182/140
f 157/164/125 174/182/140 158/165/126
f 158/165/126 174/182/140 175/183/141
f 158/165/126 175/183/141 159/166/127
f 159/166/127 175/183/141 176/184/142
f 159/166/127 176/184/142 160/167/128
f 160/167/128 176/184/142 177/185/143
f 160/167/128 177/185/143 161/168/129
f 161/168/129 177/185/143 178/186/144
f 161/168/129 178/186/144 162/169/130
f 162/169/130 178/186/144 163/187/1
f 162/169/130 163/187/1 147/170/1
f 163/171/1 179/188/1 180/189/145
f 163/171/1 180/189/145 164/172/131
f 164/172/131 180/189/145 181/190/146
f 164/172/131 181/190/146 165/173/132
f 165/173/132 181/190/146 182/191/147
f 165/173/132 182/191/147 166/174/133
f 166/174/133 182/191/147 183/192/148
f 166/174/133 183/192/148 167/175/134
f 167/175/134 183/192/148 184/193/149
f 167/175/134 184/193/149 168/176/135
f 168/176/135 184/193/149 185/194/150
f 168/176/135 185/194/150 169/177/136
f 169/177/136 185/194/150 186/195/151
f 169/177/136 186/195/151 170/178/137
f 170/178/137 186/195/151 187/196/9
f 170/178/137 187/196/9 171/179/9
f 171/179/9 187/196/9 188/197/152
f 171/179/9 188/197/152 172/180/138
f 172/180/138 188/197/152 189/198/153
f 172/180/138 189/198/153 173/181/139
f 173/181/139 189/198/153 190/199/154
f 173/181/139 190/199/154 174/182/140
f 174/182/140 190/199/154 191/200/155
f 174/182/140 191/200/155 175/183/141
f 175/183/141 191/200/155 192/201/156
f 175/183/141 192/201/156 176/184/142
f 176/184/142 192/201/156 193/202/157
f 176/184/142 193/202/157 177/185/143
f 177/185/143 193/202/157 194/203/158
f 177/185/143 194/203/158 178/186/144
f 178/186/144 194/203/158 179/204/1
f 178/186/144 179/204/1 163/187/1
f 179/188/1 195/205/1 196/206/159
f 179/188/1 196/206/159 180/189/145
f 180/189/145 196/206/159 197/207/160
f 180/189/145 197/207/160 181/190/146
f 181/190/146 197/207/160 198/208/161
f 181/190/146 198/208/161 182/191/147
f 182/191/147 198/208/161 199/209/162
f 182/191/147 199/209/162 183/192/148
f 183/192/148 199/209/162 200/210/163
f 183/192/148 200/210/163 184/193/149
f 184/193/149 200/210/163 201/211/164
f 184/193/149 201/211/164 185/194/150
f 185/194/150 201/211/164 202/212/165
f 185/194/150 202/212/165 186/195/151
f 186/195/151 202/212/165 203/213/9
f 186/195/151 203/213/9 187/196/9
f 187/196/9 203/213/9 204/214/166
f 187/196/9 204/214/166 188/197/152
f 188/197/152 204/214/166 205/215/167
f 188/197/152 205/215/167 189/198/153
f 189/198/153 205/215/167 206/216/168
f 189/198/153 206/216/168 190/199/154
f 190/199/154 206/216/168 207/217/169
f 190/199/154 207/217/169 191/200/155
f 191/200/155 207/217/169 208/218/170
f 191/200/155 208/218/170 192/201/156
f 192/201/156 208/218/170 209/219/171
f 192/201/156 209/219/171 193/202/157
f 193/202/157 209/219/171 210/220/172
f 193/202/157 210/220/172 194/203/158
f 194/203/158 210/220/172 195/221/1
f 194/203/158 195/221/1 179/204/1
f 195/205/1 211/222/1 212/223/173
f 195/205/1 212/223/173 196/206/159
f 196/206/159 212/223/173 213/224/174
f 196/206/159 213/224/174 197/207/160
f 197/207/160 213/224/174 214/225/175
f 197/207/160 214/225/175 198/208/161
f 198/208/161 214/225/175 215/226/176
f 198/208/161 215/226/176 199/209/162
f 199/209/162 215/226/176 216/227/177
f 199/209/162 216/227/177 200/210/163
f 200/210/163 216/227/177 217/228/178
f 200/210/163 217/228/178 201/211/164
f 201/211/164 217/228/178 218/229/179
f 201/211/164 218/229/179 202/212/165
f 202/212/165 218/229/179 219/230/9
f 202/212/165 219/230/9 203/213/9
f 203/213/9 219/230/9 220/231/180
f 203/213/9 220/231/180 204/214/166
f 204/214/166 220/231/180 221/232/181
f 204/214/166 221/232/181 205/215/167
f 205/215/167 221/232/181 222/233/182
f 205/215/167 222/233/182 206/216/168
f 206/216/168 222/233/182 223/234/183
f 206/216/168 223/234/183 207/217/169
f 207/217/169 223/234/183 224/235/184
f 207/217/169 224/235/184 208/218/170
f 208/218/170 224/235/184 225/236/185
f 208/218/170 225/236/185 209/219/171
f 209/219/171 225/236/185 226/237/186
f 209/219/171 226/237/186 210/220/172
f 210/220/172 226/237/186 211/238/1
f 210/220/172 211/238/1 195/221/1
f 211/222/1 227/239/1 228/240/187
f 211/222/1 228/240/187 212/223/173
f 212/223/173 228/240/187 229/241/188
f 212/223/173 229/241/188 213/224/174
f 213/224/174 229/241/188 230/242/189
f 213/224/174 230/242/189 214/225/175
f 214/225/175 230/242/189 231/243/190
f 214/225/175 231/243/190 215/226/176
f 215/226/176 231/243/190 232/244/191
f 215/226/176 232/244/191 216/227/177
f 216/227/177 232/244/191 233/245/192
f 216/227/177 233/245/192 217/228/178
f 217/228/178 233/245/192 234/246/193
f 217/228/178 234/246/193 218/229/179
f 218/229/179 234/246/193 235/247/9
f 218/229/179 235/247/9 219/230/9
f 219/230/9 235/247/9 236/248/194
f 219/230/9 236/248/194 220/231/180
f 220/231/180 236/248/194 237/249/195
f 220/231/180 237/249/195 221/232/181
f 221/232/181 237/249/195 238/250/196
f 221/232/181 238/250/196 222/233/182
f 222/233/182 238/250/196 239/251/197
f 222/233/182 239/251/197 223/234/183
f 223/234/183 239/251/197 240/252/198
f 223/234/183 240/252/198 224/235/184
f 224/235/184 240/252/198 241/253/199
f 224/235/184 241/253/199 225/236/185
f 225/236/185 241/253/199 242/254/200
f 225/236/185 242/254/200 226/237/186
f 226/237/186 242/254/200 227/255/1
f 226/237/186 227/255/1 211/238/1
f 227/239/1 243/256/1 244/257/201
f 227/239/1 244/257/201 228/240/187
f 228/240/187 244/257/201 245/258/202
f 228/240/187 245/258/202 229/241/188
f 229/241/188 245/258/202 246/259/203
f 229/241/188 246/259/203 230/242/189
f 230/242/189 246/259/203 247/260/204
f 230/242/189 247/260/204 231/243/190
f 231/243/190 247/260/204 248/261/205
f 231/243/190 248/261/205 232/244/191
f 232/244/191 248/261/205 249/262/206
f 232/244/191 249/262/206 233/245/192
f 233/245/192 249/262/206 250/263/207
f 233/245/192 250/263/207 234/246/193
f 234/246/193 250/263/207 251/264/9
f 234/246/193 251/264/9 235/247/9
f 235/247/9 251/264/9 252/265/208
f 235/247/9 252/265/208 236/248/194
f 236/248/194 252/265/208 253/266/209
f 236/248/194 253/266/209 237/249/195
f 237/249/195 253/266/209 254/267/210
f 237/249/195 254/267/210 238/250/196
f 238/250/196 254/267/210 255/268/211
f 238/250/196 255/268/211 239/251/197
f 239/251/197 255/268/211 256/269/212
f 239/251/197 256/269/212 240/252/198
f 240/252/198 256/269/212 257/270/213
f 240/252/198 257/270/213 241/253/199
f 241/253/199 257/270/213 258/271/214
f 241/253/199 258/271/214 242/254/200
f 242/254/200 258/271/214 243/272/1
f 242/254/200 243/272/1 227/255/1
f 243/256/1 259/273/1 260/274/215
f 243/256/1 260/274/215 244/257/201
f 244/257/201 260/274/215 261/275/216
f 244/257/201 261/275/216 245/258/202
f 245/258/202 261/275/216 262/276/217
f 245/258/202 262/276/217 246/259/203
f 246/259/203 262/276/217 263/277/218
f 246/259/203 263/277/218 247/260/204
f 247/260/204 263/277/218 264/278/219
f 247/260/204 264/278/219 248/261/205
f 248/261/205 264/278/219 265/279/220
f 248/261/205 265/279/220 249/262/206
f 249/262/206 265/279/220 266/280/221
f 249/262/206 266/280/221 250/263/207
f 250/263/207 266/280/221 267/281/9
f 250/263/207 267/281/9 251/264/9
f 251/264/9 267/281/9 268/282/222
f 251/264/9 268/282/222 252/265/208
f 252/265/208 268/282/222 269/283/223
f 252/265/208 269/283/223 253/266/209
f 253/266/209 269/283/223 270/284/224
f 253/266/209 270/284/224 254/267/210
f 254/267/210 270/284/224 271/285/225
f 254/267/210 271/285/225 255/268/211
f 255/268/211 271/285/225 272/286/226
f 255/268/211 272/286/226 256/269/212
f 256/269/212 272/286/226 273/287/227
f 256/269/212 273/287/227 257/270/213
f 257/270/213 273/287/227 274/288/228
f 257/270/213 274/288/228 258/271/214
f 258/271/214 274/288/228 259/289/1
f 258/271/214 259/289/1 243/272/1
f 259/273/1 275/290/1 276/291/229
f 259/273/1 276/291/229 260/274/215
f 260/274/215 276/291/229 277/292/230
f 260/274/215 277/292/230 261/275/216
f 261/275/216 277/292/230 278/293/231
f 261/275/216 278/293/231 262/276/217
f 262/276/217 278/293/231 279/294/232
f 262/276/217 279/294/232 263/277/218
f 263/277/218 279/294/232 280/295/233
f 263/277/218 280/295/233 264/278/219
f 264/278/219 280/295/233 281/296/234
f 264/278/219 281/296/234 265/279/220
f 265/279/220 281/296/234 282/297/235
f 265/279/220 282/297/235 266/280/221
f 266/280/221 282/297/235 283/298/9
f 266/280/221 283/298/9 267/281/9
f 267/281/9 283/298/9 284/299/236
f 267/281/9 284/299/236 268/282/222
f 268/282/222 284/299/236 285/300/237
f 268/282/222 285/300/237 269/283/223
f 269/283/223 285/300/237 286/301/238
f 269/283/223 286/301/238 270/284/224
f 270/284/224 286/301/238 287/302/239
f 270/284/224 287/302/239 271/285/225
f 271/285/225 287/302/239 288/303/240
f 271/285/225 288/303/240 272/286/226
f 272/286/226 288/303/240 289/304/241
f 272/286/226 289/304/241 273/287/227
f 273/287/227 289/304/241 290/305/242
f 273/287/227 290/305/242 274/288/228
f 274/288/228 290/305/242 275/306/1
f 274/288/228 275/306/1 259/289/1
f 275/290/1 291/307/1 292/308/243
f 275/290/1 292/308/243 276/291/229
f 276/291/229 292/308/243 293/309/244
f 276/291/229 293/309/244 277/292/230
f 277/292/230 293/309/244 294/310/245
f 277/292/230 294/310/245 278/293/231
f 278/293/231 294/310/245 295/311/246
f 278/293/231 295/311/246 279/294/232
f 279/294/232 295/311/246 296/312/247
f 279/294/232 296/312/247 280/295/233
f 280/295/233 296/312/247 297/313/248
f 280/295/233 297/313/248 281/296/234
f 281/296/234 297/313/248 298/314/249
f 281/296/234 298/314/249 282/297/235
f 282/297/235 298/314/249 299/315/9
f 282/297/235 299/315/9 283/298/9
f 283/298/9 299/315/9 300/316/250
f 283/298/9 300/316/250 284/299/236
f 284/299/236 300/316/250 301/317/251
f 284/299/236 301/317/251 285/300/237
f 285/300/237 301/317/251 302/318/252
f 285/300/237 302/318/252 286/301/238
f 286/301/238 302/318/252 303/319/253
f 286/301/238 303/319/253 287/302/239
f 287/302/239 303/319/253 304/320/254
f 287/302/239 304/320/254 288/303/240
f 288/303/240 304/320/254 305/321/255
f 288/303/240 305/321/255 289/304/241
f 289/304/241 305/321/255 306/322/256
f 289/304/241 306/322/256 290/305/242
f 290/305/242 306/322/256 291/323/1
f 290/305/242 291/323/1 275/306/1
f 291/307/1 307/324/1 308/325/257
f 291/307/1 308/325/257 292/308/243
f 292/308/243 308/325/257 309/326/258
f 292/308/243 309/326/258 293/309/244
f 293/309/244 309/326/258 310/327/259
f 293/309/244 310/327/259 294/310/245
f 294/310/245 310/327/259 311/328/260
f 294/310/245 311/328/260 295/311/246
f 295/311/246 311/328/260 312/329/261
f 295/311/246 312/329/261 296/312/247
f 296/312/247 312/329/261 313/330/262
f 296/312/247 313/330/262 297/313/248
f 297/313/248 313/330/262 314/331/263
f 297/313/248 314/331/263 298/314/249
f 298/314/249 314/331/263 315/332/9
f 298/314/249 315/332/9 299/315/9
f 299/315/9 315/332/9 316/333/264
f 299/315/9 316/333/264 300/316/250
f 300/316/250 316/333/264 317/334/265
f 300/316/250 317/334/265 301/317/251
f 301/317/251 317/334/265 318/335/266
f 301/317/251 318/335/266 302/318/252
f 302/318/252 318/335/266 319/336/267
f 302/318/252 319/336/267 303/319/253
f 303/319/253 319/336/267 320/337/268
f 303/319/253 320/337/268 304/320/254
f 304/320/254 320/337/268 321/338/269
f 304/320/254 321/338/269 305/321/255
f 305/321/255 321/338/269 322/339/270
f 305/321/255 322/339/270 306/322/256
f 306/322/256 322/339/270 307/340/1
f 306/322/256 307/340/1 291/323/1
f 307/324/1 323/341/1 324/342/271
f 307/324/1 324/342/271 308/325/257
f 308/325/257 324/342/271 325/343/272
f 308/325/257 325/343/272 309/326/258
f 309/326/258 325/343/272 326/344/273
f 309/326/258 326/344/273 310/327/259
f 310/327/259 326/344/273 327/345/274
f 310/327/259 327/345/274 311/328/260
f 311/328/260 327/345/274 328/346/275
f 311/328/260 328/346/275 312/329/261
f 312/329/261 328/346/275 329/347/276
f 312/329/261 329/347/276 313/330/262
f 313/330/262 329/347/276 330/348/277
f 313/330/262 330/348/277 314/331/263
f 314/331/263 330/348/277 331/349/9
f 314/331/263 331/349/9 315/332/9
f 315/332/9 331/349/9 332/350/278
f 315/332/9 332/350/278 316/333/264
f 316/333/264 332/350/278 333/351/279
f 316/333/264 333/351/279 317/334/265
f 317/334/265 333/351/279 334/352/280
f 317/334/265 334/352/280 318/335/266
f 318/335/266 334/352/280 335/353/281
f 318/335/266 335/353/281 319/336/267
f 319/336/267 335/353/281 336/354/282
f 319/336/267 336/354/282 320/337/268
f 320/337/268 336/354/282 337/355/283
f 320/337/268 337/355/283 321/338/269
f 321/338/269 337/355/283 338/356/284
f 321/338/269 338/356/284 322/339/270
f 322/339/270 338/356/284 323/357/1
f 322/339/270 323/357/1 307/340/1
f 323/341/1 339/358/1 340/359/285
f 323/341/1 340/359/285 324/342/271
f 324/342/271 340/359/285 341/360/286
f 324/342/271 341/360/286 325/343/272
f 325/343/272 341/360/286 342/361/287
f 325/343/272 342/361/287 326/344/273
f 326/344/273 342/361/287 343/362/288
f 326/344/273 343/362/288 327/345/274
f 327/345/274 343/362/288 344/363/289
f 327/345/274 344/363/289 328/346/275
f 328/346/275 344/363/289 345/364/290
f 328/346/275 345/364/290 329/347/276
f 329/347/276 345/364/290 346/365/291
f 329/347/276 346/365/291 330/348/277
f 330/348/277 346/365/291 347/366/9
f 330/348/277 347/366/9 331/349/9
f 331/349/9 347/366/9 348/367/292
f 331/349/9 348/367/292 332/350/278
f 332/350/278 348/367/292 349/368/293
f 332/350/278 349/368/293 333/351/279
f 333/351/279 349/368/293 350/369/294
f 333/351/279 350/369/294 334/352/280
f 334/352/280 350/369/294 351/370/295
f 334/352/280 351/370/295 335/353/281
f 335/353/281 351/370/295 352/371/296
f 335/353/281 352/371/296 336/354/282
f 336/354/282 352/371/296 353/372/297
f 336/354/282 353/372/297 337/355/283
f 337/355/283 353/372/297 354/373/298
f 337/355/283 354/373/298 338/356/284
f 338/356/284 354/373/298 339/374/1
f 338/356/284 339/374/1 323/357/1
f 339/358/1 355/375/1 356/376/299
f 339/358/1 356/376/299 340/359/285
f 340/359/285 356/376/299 357/377/300
f 340/359/285 357/377/300 341/360/286
f 341/360/286 357/377/300 358/378/301
f 341/360/286 358/378/301 342/361/287
f 342/361/287 358/378/301 359/379/302
f 342/361/287 359/379/302 343/362/288
f 343/362/288 359/379/302 360/380/303
f 343/362/288 360/380/303 344/363/289
f 344/363/289 360/380/303 361/381/304
f 344/363/289 361/381/304 345/364/290
f 345/364/290 361/381/304 362/382/305
f 345/364/290 362/382/305 346/365/291
f 346/365/291 362/382/305 363/383/9
f 346/365/291 363/383/9 347/366/9
f 347/366/9 363/383/9 364/384/306
f 347/366/9 364/384/306 348/367/292
f 348/367/292 364/384/306 365/385/307
f 348/367/292 365/385/307 349/368/293
f 349/368/293 365/385/307 366/386/308
f 349/368/293 366/386/308 350/369/294
f 350/369/294 366/386/308 367/387/309
f 350/369/294 367/387/309 351/370/295
f 351/370/295 367/387/309 368/388/310
f 351/370/295 368/388/310 352/371/296
f 352/371/296 368/388/310 369/389/311
f 352/371/296 369/389/311 353/372/297
f 353/372/297 369/389/311 370/390/312
f 353/372/297 370/390/312 354/373/298
f 354/373/298 370/390/312 355/391/1
f 354/373/298 355/391/1 339/374/1
f 355/375/1 371/392/1 372/393/313
f 355/375/1 372/393/313 356/376/299
f 356/376/299 372/393/313 373/394/314
f 356/376/299 373/394/314 357/377/300
f 357/377/300 373/394/314 374/395/315
f 357/377/300 374/395/315 358/378/301
f 358/378/301 374/395/315 375/396/316
f 358/378/301 375/396/316 359/379/302
f 359/379/302 375/396/316 376/397/317
f 359/379/302 376/397/317 360/380/303
f 360/380/303 376/397/317 377/398/318
f 360/380/303 377/398/318 361/381/304
f 361/381/304 377/398/318 378/399/319
f 361/381/304 378/399/319 362/382/305
f 362/382/305 378/399/319 379/400/9
f 362/382/305 379/400/9 363/383/9
f 363/383/9 379/400/9 380/401/320
f 363/383/9 380/401/320 364/384/306
f 364/384/306 380/401/320 381/402/321
f 364/384/306 381/402/321 365/385/307
f 365/385/307 381/402/321 382/403/322
f 365/385/307 382/403/322 366/386/308
f 366/386/308 382/403/322 383/404/323
f 366/386/308 383/404/323 367/387/309
f 367/387/309 383/404/323 384/405/324
f 367/387/309 384/405/324 368/388/310
f 368/388/310 384/405/324 385/406/325
f 368/388/310 385/406/325 369/389/311
f 369/389/311 385/406/325 386/407/326
f 369/389/311 386/407/326 370/390/312
f 370/390/312 386/407/326 371/408/1
f 370/390/312 371/408/1 355/391/1
f 371/392/1 387/409/1 388/410/327
f 371/392/1 388/410/327 372/393/313
f 372/393/313 388/410/327 389/411/328
f 372/393/313 389/411/328 373/394/314
f 373/394/314 389/411/328 390/412/329
f 373/394/314 390/412/329 374/395/315
f 374/395/315 390/412/329 391/413/330
f 374/395/315 391/413/330 375/396/316
f 375/396/316 391/413/330 392/414/331
f 375/396/316 392/414/331 376/397/317
f 376/397/317 392/414/331 393/415/332
f 376/397/317 393/415/332 377/398/318
f 377/398/318 393/415/332 394/416/333
f 377/398/318 394/416/333 378/399/319
f 378/399/319 394/416/333 395/417/9
f 378/399/319 395/417/9 379/400/9
f 379/400/9 395/417/9 396/418/334
f 379/400/9 396/418/334 380/401/320
f 380/401/320 396/418/334 397/419/335
f 380/401/320 397/419/335 381/402/321
f 381/402/321 397/419/335 398/420/336
f 381/402/321 398/420/336 382/403/322
f 382/403/322 398/420/336 399/421/337
f 382/403/322 399/421/337 383/404/323
f 383/404/323 399/421/337 400/422/338
f 383/404/323 400/422/338 384/405/324
f 384/405/324 400/422/338 401/423/339
f 384/405/324 401/423/339 385/406/325
f 385/406/325 401/423/339 402/424/340
f 385/406/325 402/424/340 386/407/326
f 386/407/326 402/424/340 387/425/1
f 386/407/326 387/425/1 371/408/1
f 387/409/1 403/426/1 404/427/341
f 387/409/1 404/427/341 388/410/327
f 388/410/327 404/427/341 405/428/342
f 388/410/327 405/428/342 389/411/328
f 389/411/328 405/428/342 406/429/343
f 389/411/328 406/429/343 390/412/329
f 390/412/329 406/429/343 407/430/344
f 390/412/329 407/430/344 391/413/330
f 391/413/330 407/430/344 408/431/345
f 391/413/330 408/431/345 392/414/331
f 392/414/331 408/431/345 409/432/346
f 392/414/331 409/432/346 393/415/332
f 393/415/332 409/432/346 410/433/347
f 393/415/332 410/433/347 394/416/333
f 394/416/333 410/433/347 411/434/9
f 394/416/333 411/434/9 395/417/9
f 395/417/9 411/434/9 412/435/348
f 395/417/9 412/435/348 396/418/334
f 396/418/334 412/435/348 413/436/349
f 396/418/334 413/436/349 397/419/335
f 397/419/335 413/436/349 414/437/350
f 397/419/335 414/437/350 398/420/336
f 398/420/336 414/437/350 415/438/351
f 398/420/336 415/438/351 399/421/337
f 399/421/337 415/438/351 416/439/352
f 399/421/337 416/439/352 400/422/338
f 400/422/338 416/439/352 417/440/353
f 400/422/338 417/440/353 401/423/339
f 401/423/339 417/440/353 418/441/354
f 401/423/339 418/441/354 402/424/340
f 402/424/340 418/441/354 403/442/1
f 402/424/340 403/442/1 387/425/1
f 403/426/1 419/443/1 420/444/355
f 403/426/1 420/444/355 404/427/341
f 404/427/341 420/444/355 421/445/356
f 404/427/341 421/445/356 405/428/342
f 405/428/342 421/445/356 422/446/357
f 405/428/342 422/446/357 406/429/343
f 406/429/343 422/446/357 423/447/358
f 406/429/343 423/447/358 407/430/344
f 407/430/344 423/447/358 424/448/359
f 407/430/344 424/448/359 408/431/345
f 408/431/345 424/448/359 425/449/360
f 408/431/345 425/449/360 409/432/346
f 409/432/346 425/449/360 426/450/361
f 409/432/346 426/450/361 410/433/347
f 410/433/347 426/450/361 427/451/9
f 410/433/347 427/451/9 411/434/9
f 411/434/9 427/451/9 428/452/362
f 411/434/9 428/452/362 412/435/348
f 412/435/348 428/452/362 429/453/363
f 412/435/348 429/453/363 413/436/349
f 413/436/349 429/453/363 430/454/364
f 413/436/349 430/454/364 414/437/350
f 414/437/350 430/454/364 431/455/365
f 414/437/350 431/455/365 415/438/351
f 415/438/351 431/455/365 432/456/366
f 415/438/351 432/456/366 416/439/352
f 416/439/352 432/456/366 433/457/367
f 416/439/352 433/457/367 417/440/353
f 417/440/353 433/457/367 434/458/368
f 417/440/353 434/458/368 418/441/354
f 418/441/354 434/458/368 419/459/1
f 418/441/354 419/459/1 403/442/1
f 419/443/1 435/460/1 436/461/369
f 419/443/1 436/461/369 420/444/355
f 420/444/355 436/461/369 437/462/370
f 420/444/355 437/462/370 421/445/356
f 421/445/356 437/462/370 438/463/371
f 421/445/356 438/463/371 422/446/357
f 422/446/357 438/463/371 439/464/372
f 422/446/357 439/464/372 423/447/358
f 423/447/358 439/464/372 440/465/373
f 423/447/358 440/465/373 424/448/359
f 424/448/359 440/465/373 441/466/374
f 424/448/359 441/466/374 425/449/360
f 425/449/360 441/466/374 442/467/375
f 425/449/360 442/467/375 426/450/361
f 426/450/361 442/467/375 443/468/9
f 426/450/361 443/468/9 427/451/9
f 427/451/9 443/468/9 444/469/376
f 427/451/9 444/469/376 428/452/362
f 428/452/362 444/469/376 445/470/377
f 428/452/362 445/470/377 429/453/363
f 429/453/363 445/470/377 446/471/378
f 429/453/363 446/471/378 430/454/364
f 430/454/364 446/471/378 447/472/379
f 430/454/364 447/472/379 431/455/365
f 431/455/365 447/472/379 448/473/380
f 431/455/365 448/473/380 432/456/366
f 432/456/366 448/473/380 449/474/381
f 432/456/366 449/474/381 433/457/367
f 433/457/367 449/474/381 450/475/382
f 433/457/367 450/475/382 434/458/368
f 434/458/368 450/475/382 435/476/1
f 434/458/368 435/476/1 419/459/1
f 435/460/1 451/477/1 452/478/383
f 435/460/1 452/478/383 436/461/369
f 436/461/369 452/478/383 453/479/384
f 436/461/369 453/479/384 437/462/370
f 437/462/370 453/479/384 454/480/385
f 437/462/370 454/480/385 438/463/371
f 438/463/371 454/480/385 455/481/386
f 438/463/371 455/481/386 439/464/372
f 439/464/372 455/481/386 456/482/387
f 439/464/372 456/482/387 440/465/373
f 440/465/373 456/482/387 457/483/388
f 440/465/373 457/483/388 441/466/374
f 441/466/374 457/483/388 458/484/389
f 441/466/374 458/484/389 442/467/375
f 442/467/375 458/484/389 459/485/9
f 442/467/375 459/485/9 443/468/9
f 443/468/9 459/485/9 460/486/390
f 443/468/9 460/486/390 444/469/376
f 444/469/376 460/486/390 461/487/391
f 444/469/376 461/487/391 445/470/377
f 445/470/377 461/487/391 462/488/392
f 445/470/377 462/488/392 446/471/378
f 446/471/378 462/488/392 463/489/393
f 446/471/378 463/489/393 447/472/379
f 447/472/379 463/489/393 464/490/394
f 447/472/379 464/490/394 448/473/380
f 448/473/380 464/490/394 465/491/395
f 448/473/380 465/491/395 449/474/381
f 449/474/381 465/491/395 466/492/396
f 449/474/381 466/492/396 450/475/382
f 450/475/382 466/492/396 451/493/1
f 450/475/382 451/493/1 435/476/1
f 451/477/1 467/494/1 468/495/397
f 451/477/1 468/495/397 452/478/383
f 452/478/383 468/495/397 469/496/398
f 452/478/383 469/496/398 453/479/384
f 453/479/384 469/496/398 470/497/399
f 453/479/384 470/497/399 454/480/385
f 454/480/385 470/497/399 471/498/400
f 454/480/385 471/498/400 455/481/386
f 455/481/386 471/498/400 472/499/401
f 455/481/386 472/499/401 456/482/387
f 456/482/387 472/499/401 473/500/402
f 456/482/387 473/500/402 457/483/388
f 457/483/388 473/500/402 474/501/403
f 457/483/388 474/501/403 458/484/389
f 458/484/389 474/501/403 475/502/9
f 458/484/389 475/502/9 459/485/9
f 459/485/9 475/502/9 476/503/404
f 459/485/9 476/503/404 460/486/390
f 460/486/390 476/503/404 477/504/405
f 460/486/390 477/504/405 461/487/391
f 461/487/391 477/504/405 478/505/406
f 461/487/391 478/505/406 462/488/392
f 462/488/392 478/505/406 479/506/407
f 462/488/392 479/506/407 463/489/393
f 463/489/393 479/506/407 480/507/408
f 463/489/393 480/507/408 464/490/394
f 464/490/394 480/507/408 481/508/409
f 464/490/394 481/508/409 465/491/395
f 465/491/395 481/508/409 482/509/410
f 465/491/395 482/509/410 466/492/396
f 466/492/396 482/509/410 467/510/1
f 466/492/396 467/510/1 451/493/1
f 467/494/1 483/511/1 484/512/411
f 467/494/1 484/512/411 468/495/397
f 468/495/397 484/512/411 485/513/412
f 468/495/397 485/513/412 469/496/398
f 469/496/398 485/513/412 486/514/413
f 469/496/398 486/514/413 470/497/399
f 470/497/399 486/514/413 487/515/414
f 470/497/399 487/515/414 471/498/400
f 471/498/400 487/515/414 488/516/415
f 471/498/400 488/516/415 472/499/401
f 472/499/401 488/516/415 489/517/416
f 472/499/401 489/517/416 473/500/402
f 473/500/402 489/517/416 490/518/417
f 473/500/402 490/518/417 474/501/403
f 474/501/403 490/518/417 491/519/9
f 474/501/403 491/519/9 475/502/9
f 475/502/9 491/519/9 492/520/418
f 475/502/9 492/520/418 476/503/404
f 476/503/404 492/520/418 493/521/419
f 476/503/404 493/521/419 477/504/405
f 477/504/405 493/521/419 494/522/420
f 477/504/405 494/522/420 478/505/406
f 478/505/406 494/522/420 495/523/421
f 478/505/406 495/523/421 479/506/407
f 479/506/407 495/523/421 496/524/422
f 479/506/407 496/524/422 480/507/408
f 480/507/408 496/524/422 497/525/423
f 480/507/408 497/525/423 481/508/409
f 481/508/409 497/525/423 498/526/424
f 481/508/409 498/526/424 482/509/410
f 482/509/410 498/526/424 483/527/1
f 482/509/410 483/527/1 467/510/1
f 483/511/1 499/528/1 500/529/425
f 483/511/1 500/529/425 484/512/411
f 484/512/411 500/529/425 501/530/426
f 484/512/411 501/530/426 485/513/412
f 485/513/412 501/530/426 502/531/427
f 485/513/412 502/531/427 486/514/413
f 486/514/413 502/531/427 503/532/428
f 486/514/413 503/532/428 487/515/414
f 487/515/414 503/532/428 504/533/429
f 487/515/414 504/533/429 488/516/415
f 488/516/415 504/533/429 505/534/430
f 488/516/415 505/534/430 489/517/416
f 489/517/416 505/534/430 506/535/431
f 489/517/416 506/535/431 490/518/417
f 490/518/417 506/535/431 507/536/9
f 490/518/417 507/536/9 491/519/9
f 491/519/9 507/536/9 508/537/432
f 491/519/9 508/537/432 492/520/418
f 492/520/418 508/537/432 509/538/433
f 492/520/418 509/538/433 493/521/419
f 493/521/419 509/538/433 510/539/434
f 493/521/419 510/539/434 494/522/420
f 494/522/420 510/539/434 511/540/435
f 494/522/420 511/540/435 495/523/421
f 495/523/421 511/540/435 512/541/436
f 495/523/421 512/541/436 496/524/422
f 496/524/422 512/541/436 513/542/437
f 496/524/422 513/542/437 497/525/423
f 497/525/423 513/542/437 514/543/438
f 497/525/423 514/543/438 498/526/424
f 498/526/424 514/543/438 499/544/1
f 498/526/424 499/544/1 483/527/1
f 499/528/1 515/545/1 516/546/439
f 499/528/1 516/546/439 500/529/425
f 500/529/425 516/546/439 517/547/440
f 500/529/425 517/547/440 501/530/426
f 501/530/426 517/547/440 518/548/441
f 501/530/426 518/548/441 502/531/427
f 502/531/427 518/548/441 519/549/442
f 502/531/427 519/549/442 503/532/428
f 503/532/428 519/549/442 520/550/443
f 503/532/428 520/550/443 504/533/429
f 504/533/429 520/550/443 521/551/444
f 504/533/429 521/551/444 505/534/430
f 505/534/430 521/551/444 522/552/445
f 505/534/430 522/552/445 506/535/431
f 506/535/431 522/552/445 523/553/9
f 506/535/431 523/553/9 507/536/9
f 507/536/9 523/553/9 524/554/446
f 507/536/9 524/554/446 508/537/432
f 508/537/432 524/554/446 525/555/447
f 508/537/432 525/555/447 509/538/433
f 509/538/433 525/555/447 526/556/448
f 509/538/433 526/556/448 510/539/434
f 510/539/434 526/556/448 527/557/449
f 510/539/434 527/557/449 511/540/435
f 511/540/435 527/557/449 528/558/450
f 511/540/435 528/558/450 512/541/436
f 512/541/436 528/558/450 529/559/451
f 512/541/436 529/559/451 513/542/437
f 513/542/437 529/559/451 530/560/452
f 513/542/437 530/560/452 514/543/438
f 514/543/438 530/560/452 515/561/1
f 514/543/438 515/561/1 499/544/1
f 515/545/1 531/562/1 532/563/453
f 515/545/1 532/563/453 516/546/439
f 516/546/439 532/563/453 533/564/454
f 516/546/439 533/564/454 517/547/440
f 517/547/440 533/564/454 534/565/455
f 517/547/440 534/565/455 518/548/441
f 518/548/441 534/565/455 535/566/456
f 518/548/441 535/566/456 519/549/442
f 519/549/442 535/566/456 536/567/457
f 519/549/442 536/567/457 520/550/443
f 520/550/443 536/567/457 537/568/458
f 520/550/443 537/568/458 521/551/444
f 521/551/444 537/568/458 538/569/459
f 521/551/444 538/569/459 522/552/445
f 522/552/445 538/569/459 539/570/9
f 522/552/445 539/570/9 523/553/9
f 523/553/9 539/570/9 540/571/460
f 523/553/9 540/571/460 524/554/446
f 524/554/446 540/571/460 541/572/461
f 524/554/446 541/572/461 525/555/447
f 525/555/447 541/572/461 542/573/462
f 525/555/447 542/573/462 526/556/448
f 526/556/448 542/573/462 543/574/463
f 526/556/448 543/574/463 527/557/449
f 527/557/449 543/574/463 544/575/464
f 527/557/449 544/575/464 528/558/450
f 528/558/450 544/575/464 545/576/465
f 528/558/450 545/576/465 529/559/451
f 529/559/451 545/576/465 546/577/466
f 529/559/451 546/577/466 530/560/452
f 530/560/452 546/577/466 531/578/1
f 530/560/452 531/578/1 515/561/1
f 531/562/1 547/579/1 548/580/467
f 531/562/1 548/580/467 532/563/453
f 532/563/453 548/580/467 549/581/468
f 532/563/453 549/581/468 533/564/454
f 533/564/454 549/581/468 550/582/469
f 533/564/454 550/582/469 534/565/455
f 534/565/455 550/582/469 551/583/470
f 534/565/455 551/583/470 535/566/456
f 535/566/456 551/583/470 552/584/471
f 535/566/456 552/584/471 536/567/457
f 536/567/457 552/584/471 553/585/472
f 536/567/457 553/585/472 537/568/458
f 537/568/458 553/585/472 554/586/473
f 537/568/458 554/586/473 538/569/459
f 538/569/459 554/586/473 555/587/9
f 538/569/459 555/587/9 539/570/9
f 539/570/9 555/587/9 556/588/474
f 539/570/9 556/588/474 540/571/460
f 540/571/460 556/588/474 557/589/475
f 540/571/460 557/589/475 541/572/461
f 541/572/461 557/589/475 558/590/476
f 541/572/461 558/590/476 542/573/462
f 542/573/462 558/590/476 559/591/477
f 542/573/462 559/591/477 543/574/463
f 543/574/463 559/591/477 560/592/478
f 543/574/463 560/592/478 544/575/464
f 544/575/464 560/592/478 561/593/479
f 544/575/464 561/593/479 545/576/465
f 545/576/465 561/593/479 562/594/480
f 545/576/465 562/594/480 546/577/466
f 546/577/466 562/594/480 547/595/1
f 546/577/466 547/595/1 531/578/1
f 547/579/1 563/596/1 564/597/481
f 547/579/1 564/597/481 548/580/467
f 548/580/467 564/597/481 565/598/482
f 548/580/467 565/598/482 549/581/468
f 549/581/468 565/598/482 566/599/483
f 549/581/468 566/599/483 550/582/469
f 550/582/469 566/599/483 567/600/484
f 550/582/469 567/600/484 551/583/470
f 551/583/470 567/600/484 568/601/485
f 551/583/470 568/601/485 552/584/471
f 552/584/471 568/601/485 569/602/486
f 552/584/471 569/602/486 553/585/472
f 553/585/472 569/602/486 570/603/487
f 553/585/472 570/603/487 554/586/473
f 554/586/473 570/603/487 571/604/9
f 554/586/473 571/604/9 555/587/9
f 555/587/9 571/604/9 572/605/488
f 555/587/9 572/605/488 556/588/474
f 556/588/474 572/605/488 573/606/489
f 556/588/474 573/606/489 557/589/475
f 557/589/475 573/606/489 574/607/490
f 557/589/475 574/607/490 558/590/476
f 558/590/476 574/607/490 575/608/491
f 558/590/476 575/608/491 559/591/477
f 559/591/477 575/608/491 576/609/492
f 559/591/477 576/609/492 560/592/478
f 560/592/478 576/609/492 577/610/493
f 560/592/478 577/610/493 561/593/479
f 561/593/479 577/610/493 578/611/494
f 561/593/479 578/611/494 562/594/480
f 562/594/480 578/611/494 563/612/1
f 562/594/480 563/612/1 547/595/1
f 563/596/1 579/613/1 580/614/495
f 563/596/1 580/614/495 564/597/481
f 564/597/481 580/614/495 581/615/496
f 564/597/481 581/615/496 565/598/482
f 565/598/482 581/615/496 582/616/497
f 565/598/482 582/616/497 566/599/483
f 566/599/483 582/616/497 583/617/498
f 566/599/483 583/617/498 567/600/484
f 567/600/484 583/617/498 584/618/499
f 567/600/484 584/618/499 568/601/485
f 568/601/485 584/618/499 585/619/500
f 568/601/485 585/619/500 569/602/486
f 569/602/486 585/619/500 586/620/501
f 569/602/486 586/620/501 570/603/487
f 570/603/487 586/620/501 587/621/9
f 570/603/487 587/621/9 571/604/9
f 571/604/9 587/621/9 588/622/502
f 571/604/9 588/622/502 572/605/488
f 572/605/488 588/622/502 589/623/503
f 572/605/488 589/623/503 573/606/489
f 573/606/489 589/623/503 590/624/504
f 573/606/489 590/624/504 574/607/490
f 574/607/490 590/624/504 591/625/505
f 574/607/490 591/625/505 575/608/491
f 575/608/491 591/625/505 592/626/506
f 575/608/491 592/626/506 576/609/492
f 576/609/492 592/626/506 593/627/507
f 576/609/492 593/627/507 577/610/493
f 577/610/493 593/627/507 594/628/508
f 577/610/493 594/628/508 578/611/494
f 578/611/494 594/628/508 579/629/1
f 578/611/494 579/629/1 563/612/1
f 579/613/1 595/630/1 596/631/509
f 579/613/1 596/631/509 580/614/495
f 580/614/495 596/631/509 597/632/510
f 580/614/495 597/632/510 581/615/496
f 581/615/496 597/632/510 598/633/511
f 581/615/496 598/633/511 582/616/497
f 582/616/497 598/633/511 599/634/512
f 582/616/497 599/634/512 583/617/498
f 583/617/498 599/634/512 600/635/513
f 583/617/498 600/635/513 584/618/499
f 584/618/499 600/635/513 601/636/514
f 584/618/499 601/636/514 585/619/500
f 585/619/500 601/636/514 602/637/515
f 585/619/500 602/637/515 586/620/501
f 586/620/501 602/637/515 603/638/9
f 586/620/501 603/638/9 587/621/9
f 587/621/9 603/638/9 604/639/516
f 587/621/9 604/639/516 588/622/502
f 588/622/502 604/639/516 605/640/517
f 588/622/502 605/640/517 589/623/503
f 589/623/503 605/640/517 606/641/518
f 589/623/503 606/641/518 590/624/504
f 590/624/504 606/641/518 607/642/519
f 590/624/504 607/642/519 591/625/505
f 591/625/505 607/642/519 608/643/520
f 591/625/505 608/643/520 592/626/506
f 592/626/506 608/643/520 609/644/521
f 592/626/506 609/644/521 593/627/507
f 593/627/507 609/644/521 610/645/522
f 593/627/507 610/645/522 594/628/508
f 594/628/508 610/645/522 595/646/1
f 594/628/508 595/646/1 579/629/1
f 595/630/1 611/647/1 612/648/523
f 595/630/1 612/648/523 596/631/509
f 596/631/509 612/648/523 613/649/524
f 596/631/509 613/649/524 597/632/510
f 597/632/510 613/649/524 614/650/525
f 597/632/510 614/650/525 598/633/511
f 598/633/511 614/650/525 615/651/526
f 598/633/511 615/651/526 599/634/512
f 599/634/512 615/651/526 616/652/527
f 599/634/512 616/652/527 600/635/513
f 600/635/513 616/652/527 617/653/528
f 600/635/513 617/653/528 601/636/514
f 601/636/514 617/653/528 618/654/529
f 601/636/514 618/654/529 602/637/515
f 602/637/515 618/654/529 619/655/9
f 602/637/515 619/655/9 603/638/9
f 603/638/9 619/655/9 620/656/530
f 603/638/9 620/656/530 604/639/516
f 604/639/516 620/656/530 621/657/531
f 604/639/516 621/657/531 605/640/517
f 605/640/517 621/657/531 622/658/532
f 605/640/517 622/658/532 606/641/518
f 606/641/518 622/658/532 623/659/533
f 606/641/518 623/659/533 607/642/519
f 607/642/519 623/659/533 624/660/534
f 607/642/519 624/660/534 608/643/520
f 608/643/520 624/660/534 625/661/535
f 608/643/520 625/661/535 609/644/521
f 609/644/521 625/661/535 626/662/536
f 609/644/521 626/662/536 610/645/522
f 610/645/522 626/662/536 611/663/1
f 610/645/522 611/663/1 595/646/1
f 611/647/1 627/664/1 628/665/537
f 611/647/1 628/665/537 612/648/523
f 612/648/523 628/665/537 629/666/538
f 612/648/523 629/666/538 613/649/524
f 613/649/524 629/666/538 630/667/539
f 613/649/524 630/667/539 614/650/525
f 614/650/525 630/667/539 631/668/540
f 614/650/525 631/668/540 615/651/526
f 615/651/526 631/668/540 632/669/541
f 615/651/526 632/669/541 616/652/527
f 616/652/527 632/669/541 633/670/542
f 616/652/527 633/670/542 617/653/528
f 617/653/528 633/670/542 634/671/543
f 617/653/528 634/671/543 618/654/529
f 618/654/529 634/671/543 635/672/9
f 618/654/529 635/672/9 619/655/9
f 619/655/9 635/672/9 636/673/544
f 619/655/9 636/673/544 620/656/530
f 620/656/530 636/673/544 637/674/545
f 620/656/530 637/674/545 621/657/531
f 621/657/531 637/674/545 638/675/546
f 621/657/531 638/675/546 622/658/532
f 622/658/532 638/675/546 639/676/547
f 622/658/532 639/676/547 623/659/533
f 623/659/533 639/676/547 640/677/548
f 623/659/533 640/677/548 624/660/534
f 624/660/534 640/677/548 641/678/549
f 624/660/534 641/678/549 625/661/535
f 625/661/535 641/678/549 642/679/550
f 625/661/535 642/679/550 626/662/536
f 626/662/536 642/679/550 627/680/1
f 626/662/536 627/680/1 611/663/1
f 627/664/1 643/681/1 644/682/551
f 627/664/1 644/682/551 628/665/537
f 628/665/537 644/682/551 645/683/552
f 628/665/537 645/683/552 629/666/538
f 629/666/538 645/683/552 646/684/553
f 629/666/538 646/684/553 630/667/539
f 630/667/539 646/684/553 647/685/554
f 630/667/539 647/685/554 631/668/540
f 631/668/540 647/685/554 648/686/555
f 631/668/540 648/686/555 632/669/541
f 632/669/541 648/686/555 649/687/556
f 632/669/541 649/687/556 633/670/542
f 633/670/542 649/687/556 650/688/557
f 633/670/542 650/688/557 634/671/543
f 634/671/543 650/688/557 651/689/9
f 634/671/543 651/689/9 635/672/9
f 635/672/9 651/689/9 652/690/558
f 635/672/9 652/690/558 636/673/544
f 636/673/544 652/690/558 653/691/559
f 636/673/544 653/691/559 637/674/545
f 637/674/545 653/691/559 654/692/560
f 637/674/545 654/692/560 638/675/546
f 638/675/546 654/692/560 655/693/561
f 638/675/546 655/693/561 639/676/547
f 639/676/547 655/693/561 656/694/562
f 639/676/547 656/694/562 640/677/548
f 640/677/548 656/694/562 657/695/563
f 640/677/548 657/695/563 641/678/549
f 641/678/549 657/695/563 658/696/564
f 641/678/549 658/696/564 642/679/550
f 642/679/550 658/696/564 643/697/1
f 642/679/550 643/697/1 627/680/1
f 643/681/1 659/698/1 660/699/565
f 643/681/1 660/699/565 644/682/551
f 644/682/551 660/699/565 661/700/566
f 644/682/551 661/700/566 645/683/552
f 645/683/552 661/700/566 662/701/567
f 645/683/552 662/701/567 646/684/553
f 646/684/553 662/701/567 663/702/568
f 646/684/553 663/702/568 647/685/554
f 647/685/554 663/702/568 664/703/569
f 647/685/554 664/703/569 648/686/555
f 648/686/555 664/703/569 665/704/570
f 648/686/555 665/704/570 649/687/556
f 649/687/556 665/704/570 666/705/571
f 649/687/556 666/705/571 650/688/557
f 650/688/557 666/705/571 667/706/9
f 650/688/557 667/706/9 651/689/9
f 651/689/9 667/706/9 668/707/572
f 651/689/9 668/707/572 652/690/558
f 652/690/558 668/707/572 669/708/573
f 652/690/558 669/708/573 653/691/559
f 653/691/559 669/708/573 670/709/574
f 653/691/559 670/709/574 654/692/560
f 654/692/560 670/709/574 671/710/575
f 654/692/560 671/710/575 655/693/561
f 655/693/561 671/710/575 672/711/576
f 655/693/561 672/711/576 656/694/562
f 656/694/562 672/711/576 673/712/577
f 656/694/562 673/712/577 657/695/563
f 657/695/563 673/712/577 674/713/578
f 657/695/563 674/713/578 658/696/564
f 658/696/564 674/713/578 659/714/1
f 658/696/564 659/714/1 643/697/1
f 659/698/1 675/715/1 676/716/579
f 659/698/1 676/716/579 660/699/565
f 660/699/565 676/716/579 677/717/580
f 660/699/565 677/717/580 661/700/566
f 661/700/566 677/717/580 678/718/581
f 661/700/566 678/718/581 662/701/567
f 662/701/567 678/718/581 679/719/582
f 662/701/567 679/719/582 663/702/568
f 663/702/568 679/719/582 680/720/583
f 663/702/568 680/720/583 664/703/569
f 664/703/569 680/720/583 681/721/584
f 664/703/569 681/721/584 665/704/570
f 665/704/570 681/721/584 682/722/585
f 665/704/570 682/722/585 666/705/571
f 666/705/571 682/722/585 683/723/9
f 666/705/571 683/723/9 667/706/9
f 667/706/9 683/723/9 684/724/586
f 667/706/9 684/724/586 668/707/572
f 668/707/572 684/724/586 685/725/587
f 668/707/572 685/725/587 669/708/573
f 669/708/573 685/725/587 686/726/588
f 669/708/573 686/726/588 670/709/574
f 670/709/574 686/726/588 687/727/589
f 670/709/574 687/727/589 671/710/575
f 671/710/575 687/727/589 688/728/590
f 671/710/575 688/728/590 672/711/576
f 672/711/576 688/728/590 689/729/591
f 672/711/576 689/729/591 673/712/577
f 673/712/577 689/729/591 690/730/592
f 673/712/577 690/730/592 674/713/578
f 674/713/578 690/730/592 675/731/1
f 674/713/578 675/731/1 659/714/1
f 675/715/1 691/732/1 692/733/593
f 675/715/1 692/733/593 676/716/579
f 676/716/579 692/733/593 693/734/594
f 676/716/579 693/734/594 677/717/580
f 677/717/580 693/734/594 694/735/595
f 677/717/580 694/735/595 678/718/581
f 678/718/581 694/735/595 695/736/596
f 678/718/581 695/736/596 679/719/582
f 679/719/582 695/736/596 696/737/597
f 679/719/582 696/737/597 680/720/583
f 680/720/583 696/737/597 697/738/598
f 680/720/583 697/738/598 681/721/584
f 681/721/584 697/738/598 698/739/599
f 681/721/584 698/739/599 682/722/585
f 682/722/585 698/739/599 699/740/9
f 682/722/585 699/740/9 683/723/9
f 683/723/9 699/740/9 700/741/600
f 683/723/9 700/741/600 684/724/586
f 684/724/586 700/741/600 701/742/601
f 684/724/586 701/742/601 685/725/587
f 685/725/587 701/742/601 702/743/602
f 685/725/587 702/743/602 686/726/588
f 686/726/588 702/743/602 703/744/603
f 686/726/588 703/744/603 687/727/589
f 687/727/589 703/744/603 704/745/604
f 687/727/589 704/745/604 688/728/590
f 688/728/590 704/745/604 705/746/605
f 688/728/590 705/746/605 689/729/591
f 689/729/591 705/746/605 706/747/606
f 689/729/591 706/747/606 690/730/592
f 690/730/592 706/747/606 691/748/1
f 690/730/592 691/748/1 675/731/1
f 691/732/1 707/749/1 708/750/607
f 691/732/1 708/750/607 692/733/593
f 692/733/593 708/750/607 709/751/608
f 692/733/593 709/751/608 693/734/594
f 693/734/594 709/751/608 710/752/609
f 693/734/594 710/752/609 694/735/595
f 694/735/595 710/752/609 711/753/610
f 694/735/595 711/753/610 695/736/596
f 695/736/596 711/753/610 712/754/611
f 695/736/596 712/754/611 696/737/597
f 696/737/597 712/754/611 713/755/612
f 696/737/597 713/755/612 697/738/598
f 697/738/598 713/755/612 714/756/613
f 697/738/598 714/756/613 698/739/599
f 698/739/599 714/756/613 715/757/9
f 698/739/599 715/757/9 699/740/9
f 699/740/9 715/757/9 716/758/614
f 699/740/9 716/758/614 700/741/600
f 700/741/600 716/758/614 717/759/615
f 700/741/600 717/759/615 701/742/601
f 701/742/601 717/759/615 718/760/616
f 701/742/601 718/760/616 702/743/602
f 702/743/602 718/760/616 719/761/617
f 702/743/602 719/761/617 703/744/603
f 703/744/603 719/761/617 720/762/618
f 703/744/603 720/762/618 704/745/604
f 704/745/604 720/762/618 721/763/619
f 704/745/604 721/763/619 705/746/605
f 705/746/605 721/763/619 722/764/620
f 705/746/605 722/764/620 706/747/606
f 706/747/606 722/764/620 707/765/1
f 706/747/606 707/765/1 691/748/1
f 707/749/1 723/766/1 724/767/621
f 707/749/1 724/767/621 708/750/607
f 708/750/607 724/767/621 725/768/622
f 708/750/607 725/768/622 709/751/608
f 709/751/608 725/768/622 726/769/623
f 709/751/608 726/769/623 710/752/609
f 710/752/609 726/769/623 727/770/624
f 710/752/609 727/770/624 711/753/610
f 711/753/610 727/770/624 728/771/625
f 711/753/610 728/771/625 712/754/611
f 712/754/611 728/771/625 729/772/626
f 712/754/611 729/772/626 713/755/612
f 713/755/612 729/772/626 730/773/627
f 713/755/612 730/773/627 714/756/613
f 714/756/613 730/773/627 731/774/9
f 714/756/613 731/774/9 715/757/9
f 715/757/9 731/774/9 732/775/628
f 715/757/9 732/775/628 716/758/614
f 716/758/614 732/775/628 733/776/629
f 716/758/614 733/776/629 717/759/615
f 717/759/615 733/776/629 734/777/630
f 717/759/615 734/777/630 718/760/616
f 718/760/616 734/777/630 735/778/631
f 718/760/616 735/778/631 719/761/617
f 719/761/617 735/778/631 736/779/632
f 719/761/617 736/779/632 720/762/618
f 720/762/618 736/779/632 737/780/633
f 720/762/618 737/780/633 721/763/619
f 721/763/619 737/780/633 738/781/634
f 721/763/619 738/781/634 722/764/620
f 722/764/620 738/781/634 723/782/1
f 722/764/620 723/782/1 707/765/1
f 723/766/1 739/783/1 740/784/635
f 723/766/1 740/784/635 724/767/621
f 724/767/621 740/784/635 741/785/636
f 724/767/621 741/785/636 725/768/622
f 725/768/622 741/785/636 742/786/637
f 725/768/622 742/786/637 726/769/623
f 726/769/623 742/786/637 743/787/638
f 726/769/623 743/787/638 727/770/624
f 727/770/624 743/787/638 744/788/639
f 727/770/624 744/788/639 728/771/625
f 728/771/625 744/788/639 745/789/640
f 728/771/625 745/789/640 729/772/626
f 729/772/626 745/789/640 746/790/641
f 729/772/626 746/790/641 730/773/627
f 730/773/627 746/790/641 747/791/9
f 730/773/627 747/791/9 731/774/9
f 731/774/9 747/791/9 748/792/642
f 731/774/9 748/792/642 732/775/628
f 732/775/628 748/792/642 749/793/643
f 732/775/628 749/793/643 733/776/629
f 733/776/629 749/793/643 750/794/644
f 733/776/629 750/794/644 734/777/630
f 734/777/630 750/794/644 751/795/645
f 734/777/630 751/795/645 735/778/631
f 735/778/631 751/795/645 752/796/646
f 735/778/631 752/796/646 736/779/632
f 736/779/632 752/796/646 753/797/647
f 736/779/632 753/797/647 737/780/633
f 737/780/633 753/797/647 754/798/648
f 737/780/633 754/798/648 738/781/634
f 738/781/634 754/798/648 739/799/1
f 738/781/634 739/799/1 723/782/1
f 739/783/1 755/800/1 756/801/649
f 739/783/1 756/801/649 740/784/635
f 740/784/635 756/801/649 757/802/650
f 740/784/635 757/802/650 741/785/636
f 741/785/636 757/802/650 758/803/651
f 741/785/636 758/803/651 742/786/637
f 742/786/637 758/803/651 759/804/652
f 742/786/637 759/804/652 743/787/638
f 743/787/638 759/804/652 760/805/653
f 743/787/638 760/805/653 744/788/639
f 744/788/639 760/805/653 761/806/654
f 744/788/639 761/806/654 745/789/640
f 745/789/640 761/806/654 762/807/655
f 745/789/640 762/807/655 746/790/641
f 746/790/641 762/807/655 763/808/9
f 746/790/641 763/808/9 747/791/9
f 747/791/9 763/808/9 764/809/656
f 747/791/9 764/809/656 748/792/642
f 748/792/642 764/809/656 765/810/657
f 748/792/642 765/810/657 749/793/643
f 749/793/643 765/810/657 766/811/658
f 749/793/643 766/811/658 750/794/644
f 750/794/644 766/811/658 767/812/659
f 750/794/644 767/812/659 751/795/645
f 751/795/645 767/812/659 768/813/660
f 751/795/645 768/813/660 752/796/646
f 752/796/646 768/813/660 769/814/661
f 752/796/646 769/814/661 753/797/647
f 753/797/647 769/814/661 770/815/662
f 753/797/647 770/815/662 754/798/648
f 754/798/648 770/815/662 755/816/1
f 754/798/648 755/816/1 739/799/1
f 755/800/1 771/817/1 772/818/663
f 755/800/1 772/818/663 756/801/649
f 756/801/649 772/818/663 773/819/664
f 756/801/649 773/819/664 757/802/650
f 757/802/650 773/819/664 774/820/665
f 757/802/650 774/820/665 758/803/651
f 758/803/651 774/820/665 775/821/666
f 758/803/651 775/821/666 759/804/652
f 759/804/652 775/821/666 776/822/667
f 759/804/652 776/822/667 760/805/653
f 760/805/653 776/822/667 777/823/668
f 760/805/653 777/823/668 761/806/654
f 761/806/654 777/823/668 778/824/669
f 761/806/654 778/824/669 762/807/655
f 762/807/655 778/824/669 779/825/9
f 762/807/655 779/825/9 763/808/9
f 763/808/9 779/825/9 780/826/670
f 763/808/9 780/826/670 764/809/656
f 764/809/656 780/826/670 781/827/671
f 764/809/656 781/827/671 765/810/657
f 765/810/657 781/827/671 782/828/672
f 765/810/657 782/828/672 766/811/658
f 766/811/658 782/828/672 783/829/673
f 766/811/658 783/829/673 767/812/659
f 767/812/659 783/829/673 784/830/674
f 767/812/659 784/830/674 768/813/660
f 768/813/660 784/830/674 785/831/675
f 768/813/660 785/831/675 769/814/661
f 769/814/661 785/831/675 786/832/676
f 769/814/661 786/832/676 770/815/662
f 770/815/662 786/832/676 771/833/1
f 770/815/662 771/833/1 755/816/1
f 771/817/1 787/834/1 788/835/677
f 771/817/1 788/835/677 772/818/663
f 772/818/663 788/835/677 789/836/678
f 772/818/663 789/836/678 773/819/664
f 773/819/664 789/836/678 790/837/679
f 773/819/664 790/837/679 774/820/665
f 774/820/665 790/837/679 791/838/680
f 774/820/665 791/838/680 775/821/666
f 775/821/666 791/838/680 792/839/681
f 775/821/666 792/839/681 776/822/667
f 776/822/667 792/839/681 793/840/682
f 776/822/667 793/840/682 777/823/668
f 777/823/668 793/840/682 794/841/683
f 777/823/668 794/841/683 778/824/669
f 778/824/669 794/841/683 795/842/9
f 778/824/669 795/842/9 779/825/9
f 779/825/9 795/842/9 796/843/684
f 779/825/9 796/843/684 780/826/670
f 780/826/670 796/843/684 797/844/685
f 780/826/670 797/844/685 781/827/671
f 781/827/671 797/844/685 798/845/686
f 781/827/671 798/845/686 782/828/672
f 782/828/672 798/845/686 799/846/687
f 782/828/672 799/846/687 783/829/673
f 783/829/673 799/846/687 800/847/688
f 783/829/673 800/847/688 784/830/674
f 784/830/674 800/847/688 801/848/689
f 784/830/674 801/848/689 785/831/675
f 785/831/675 801/848/689 802/849/690
f 785/831/675 802/849/690 786/832/676
f 786/832/676 802/849/690 787/850/1
f 786/832/676 787/850/1 771/833/1
f 787/834/1 803/851/1 804/852/691
f 787/834/1 804/852/691 788/835/677
f 788/835/677 804/852/691 805/853/692
f 788/835/677 805/853/692 789/836/678
f 789/836/678 805/853/692 806/854/693
f 789/836/678 806/854/693 790/837/679
f 790/837/679 806/854/693 807/855/694
f 790/837/679 807/855/694 791/838/680
f 791/838/680 807/855/694 808/856/695
f 791/838/680 808/856/695 792/839/681
f 792/839/681 808/856/695 809/857/696
f 792/839/681 809/857/696 793/840/682
f 793/840/682 809/857/696 810/858/697
f 793/840/682 810/858/697 794/841/683
f 794/841/683 810/858/697 811/859/9
f 794/841/683 811/859/9 795/842/9
f 795/842/9 811/859/9 812/860/698
f 795/842/9 812/860/698 796/843/684
f 796/843/684 812/860/698 813/861/699
f 796/843/684 813/861/699 797/844/685
f 797/844/685 813/861/699 814/862/700
f 797/844/685 814/862/700 798/845/686
f 798/845/686 814/862/700 815/863/701
f 798/845/686 815/863/701 799/846/687
f 799/846/687 815/863/701 816/864/702
f 799/846/687 816/864/702 800/847/688
f 800/847/688 816/864/702 817/865/703
f 800/847/688 817/865/703 801/848/689
f 801/848/689 817/865/703 818/866/704
f 801/848/689 818/866/704 802/849/690
f 802/849/690 818/866/704 803/867/1
f 802/849/690 803/867/1 787/850/1
f 803/851/1 819/868/1 820/869/705
f 803/851/1 820/869/705 804/852/691
f 804/852/691 820/869/705 821/870/706
f 804/852/691 821/870/706 805/853/692
f 805/853/692 821/870/706 822/871/707
f 805/853/692 822/871/707 806/854/693
f 806/854/693 822/871/707 823/872/708
f 806/854/693 823/872/708 807/855/694
f 807/855/694 823/872/708 824/873/709
f 807/855/694 824/873/709 808/856/695
f 808/856/695 824/873/709 825/874/710
f 808/856/695 825/874/710 809/857/696
f 809/857/696 825/874/710 826/875/711
f 809/857/696 826/875/711 810/858/697
f 810/858/697 826/875/711 827/876/9
f 810/858/697 827/876/9 811/859/9
f 811/859/9 827/876/9 828/877/712
f 811/859/9 828/877/712 812/860/698
f 812/860/698 828/877/712 829/878/713
f 812/860/698 829/878/713 813/861/699
f 813/861/699 829/878/713 830/879/714
f 813/861/699 830/879/714 814/862/700
f 814/862/700 830/879/714 831/880/715
f 814/862/700 831/880/715 815/863/701
f 815/863/701 831/880/715 832/881/716
f 815/863/701 832/881/716 816/864/702
f 816/864/702 832/881/716 833/882/717
f 816/864/702 833/882/717 817/865/703
f 817/865/703 833/882/717 834/883/718
f 817/865/703 834/883/718 818/866/704
f 818/866/704 834/883/718 819/884/1
f 818/866/704 819/884/1 803/867/1
f 819/868/1 835/885/1 836/886/719
f 819/868/1 836/886/719 820/869/705
f 820/869/705 836/886/719 837/887/720
f 820/869/705 837/887/720 821/870/706
f 821/870/706 837/887/720 838/888/721
f 821/870/706 838/888/721 822/871/707
f 822/871/707 838/888/721 839/889/722
f 822/871/707 839/889/722 823/872/708
f 823/872/708 839/889/722 840/890/723
f 823/872/708 840/890/723 824/873/709
f 824/873/709 840/890/723 841/891/724
f 824/873/709 841/891/724 825/874/710
f 825/874/710 841/891/724 842/892/725
f 825/874/710 842/892/725 826/875/711
f 826/875/711 842/892/725 843/893/9
f 826/875/711 843/893/9 827/876/9
f 827/876/9 843/893/9 844/894/726
f 827/876/9 844/894/726 828/877/712
f 828/877/712 844/894/726 845/895/727
f 828/877/712 845/895/727 829/878/713
f 829/878/713 845/895/727 846/896/728
f 829/878/713 846/896/728 830/879/714
f 830/879/714 846/896/728 847/897/729
f 830/879/714 847/897/729 831/880/715
f 831/880/715 847/897/729 848/898/730
f 831/880/715 848/898/730 832/881/716
f 832/881/716 848/898/730 849/899/731
f 832/881/716 849/899/731 833/882/717
f 833/882/717 849/899/731 850/900/732
f 833/882/717 850/900/732 834/883/718
f 834/883/718 850/900/732 835/901/1
f 834/883/718 835/901/1 819/884/1
f 835/885/1 851/902/1 852/903/733
f 835/885/1 852/903/733 836/886/719
f 836/886/719 852/903/733 853/904/734
f 836/886/719 853/904/734 837/887/720
f 837/887/720 853/904/734 854/905/735
f 837/887/720 854/905/735 838/888/721
f 838/888/721 854/905/735 855/906/736
f 838/888/721 855/906/736 839/889/722
f 839/889/722 855/906/736 856/907/737
f 839/889/722 856/907/737 840/890/723
f 840/890/723 856/907/737 857/908/738
f 840/890/723 857/908/738 841/891/724
f 841/891/724 857/908/738 858/909/739
f 841/891/724 858/909/739 842/892/725
f 842/892/725 858/909/739 859/910/9
f 842/892/725 859/910/9 843/893/9
f 843/893/9 859/910/9 860/911/740
f 843/893/9 860/911/740 844/894/726
f 844/894/726 860/911/740 861/912/741
f 844/894/726 861/912/741 845/895/727
f 845/895/727 861/912/741 862/913/742
f 845/895/727 862/913/742 846/896/728
f 846/896/728 862/913/742 863/914/743
f 846/896/728 863/914/743 847/897/729
f 847/897/729 863/914/743 864/915/744
f 847/897/729 864/915/744 848/898/730
f 848/898/730 864/915/744 865/916/745
f 848/898/730 865/916/745 849/899/731
f 849/899/731 865/916/745 866/917/746
f 849/899/731 866/917/746 850/900/732
f 850/900/732 866/917/746 851/918/1
f 850/900/732 851/918/1 835/901/1
f 851/902/1 867/919/1 868/920/747
f 851/902/1 868/920/747 852/903/733
f 852/903/733 868/920/747 869/921/748
f 852/903/733 869/921/748 853/904/734
f 853/904/734 869/921/748 870/922/749
f 853/904/734 870/922/749 854/905/735
f 854/905/735 870/922/749 871/923/750
f 854/905/735 871/923/750 855/906/736
f 855/906/736 871/923/750 872/924/751
f 855/906/736 872/924/751 856/907/737
f 856/907/737 872/924/751 873/925/752
f 856/907/737 873/925/752 857/908/738
f 857/908/738 873/925/752 874/926/753
f 857/908/738 874/926/753 858/909/739
f 858/909/739 874/926/753 875/927/9
f 858/909/739 875/927/9 859/910/9
f 859/910/9 875/927/9 876/928/754
f 859/910/9 876/928/754 860/911/740
f 860/911/740 876/928/754 877/929/755
f 860/911/740 877/929/755 861/912/741
f 861/912/741 877/929/755 878/930/756
f 861/912/741 878/930/756 862/913/742
f 862/913/742 878/930/756 879/931/757
f 862/913/742 879/931/757 863/914/743
f 863/914/743 879/931/757 880/932/758
f 863/914/743 880/932/758 864/915/744
f 864/915/744 880/932/758 881/933/759
f 864/915/744 881/933/759 865/916/745
f 865/916/745 881/933/759 882/934/760
f 865/916/745 882/934/760 866/917/746
f 866/917/746 882/934/760 867/935/1
f 866/917/746 867/935/1 851/918/1
f 867/919/1 883/936/1 884/937/761
f 867/919/1 884/937/761 868/920/747
f 868/920/747 884/937/761 885/938/762
f 868/920/747 885/938/762 869/921/748
f 869/921/748 885/938/762 886/939/763
f 869/921/748 886/939/763 870/922/749
f 870/922/749 886/939/763 887/940/764
f 870/922/749 887/940/764 871/923/750
f 871/923/750 887/940/764 888/941/765
f 871/923/750 888/941/765 872/924/751
f 872/924/751 888/941/765 889/942/766
f 872/924/751 889/942/766 873/925/752
f 873/925/752 889/942/766 890/943/767
f 873/925/752 890/943/767 874/926/753
f 874/926/753 890/943/767 891/944/9
f 874/926/753 891/944/9 875/927/9
f 875/927/9 891/944/9 892/945/768
f 875/927/9 892/945/768 876/928/754
f 876/928/754 892/945/768 893/946/769
f 876/928/754 893/946/769 877/929/755
f 877/929/755 893/946/769 894/947/770
f 877/929/755 894/947/770 878/930/756
f 878/930/756 894/947/770 895/948/771
f 878/930/756 895/948/771 879/931/757
f 879/931/757 895/948/771 896/949/772
f 879/931/757 896/949/772 880/932/758
f 880/932/758 896/949/772 897/950/773
f 880/932/758 897/950/773 881/933/759
f 881/933/759 897/950/773 898/951/774
f 881/933/759 898/951/774 882/934/760
f 882/934/760 898/951/774 883/952/1
f 882/934/760 883/952/1 867/935/1
f 883/936/1 899/953/1 900/954/775
f 883/936/1 900/954/775 884/937/761
f 884/937/761 900/954/775 901/955/776
f 884/937/761 901/955/776 885/938/762
f 885/938/762 901/955/776 902/956/777
f 885/938/762 902/956/777 886/939/763
f 886/939/763 902/956/777 903/957/778
f 886/939/763 903/957/778 887/940/764
f 887/940/764 903/957/778 904/958/779
f 887/940/764 904/958/779 888/941/765
f 888/941/765 904/958/779 905/959/780
f 888/941/765 905/959/780 889/942/766
f 889/942/766 905/959/780 906/960/781
f 889/942/766 906/960/781 890/943/767
f 890/943/767 906/960/781 907/961/9
f 890/943/767 907/961/9 891/944/9
f 891/944/9 907/961/9 908/962/782
f 891/944/9 908/962/782 892/945/768
f 892/945/768 908/962/782 909/963/783
f 892/945/768 909/963/783 893/946/769
f 893/946/769 909/963/783 910/964/784
f 893/946/769 910/964/784 894/947/770
f 894/947/770 910/964/784 911/965/785
f 894/947/770 911/965/785 895/948/771
f 895/948/771 911/965/785 912/966/786
f 895/948/771 912/966/786 896/949/772
f 896/949/772 912/966/786 913/967/787
f 896/949/772 913/967/787 897/950/773
f 897/950/773 913/967/787 914/968/788
f 897/950/773 914/968/788 898/951/774
f 898/951/774 914/968/788 899/969/1
f 898/951/774 899/969/1 883/952/1
f 899/953/1 915/970/1 916/971/789
f 899/953/1 916/971/789 900/954/775
f 900/954/775 916/971/789 917/972/790
f 900/954/775 917/972/790 901/955/776
f 901/955/776 917/972/790 918/973/791
f 901/955/776 918/973/791 902/956/777
f 902/956/777 918/973/791 919/974/792
f 902/956/777 919/974/792 903/957/778
f 903/957/778 919/974/792 920/975/793
f 903/957/778 920/975/793 904/958/779
f 904/958/779 920/975/793 921/976/794
f 904/958/779 921/976/794 905/959/780
f 905/959/780 921/976/794 922/977/795
f 905/959/780 922/977/795 906/960/781
f 906/960/781 922/977/795 923/978/9
f 906/960/781 923/978/9 907/961/9
f 907/961/9 923/978/9 924/979/796
f 907/961/9 924/979/796 908/962/782
f 908/962/782 924/979/796 925/980/797
f 908/962/782 925/980/797 909/963/783
f 909/963/783 925/980/797 926/981/798
f 909/963/783 926/981/798 910/964/784
f 910/964/784 926/981/798 927/982/799
f 910/964/784 927/982/799 911/965/785
f 911/965/785 927/982/799 928/983/800
f 911/965/785 928/983/800 912/966/786
f 912/966/786 928/983/800 929/984/801
f 912/966/786 929/984/801 913/967/787
f 913/967/787 929/984/801 930/985/802
f 913/967/787 930/985/802 914/968/788
f 914/968/788 930/985/802 915/986/1
f 914/968/788 915/986/1 899/969/1
f 915/970/1 931/987/1 932/988/803
f 915/970/1 932/988/803 916/971/789
f 916/971/789 932/988/803 933/989/804
f 916/971/789 933/989/804 917/972/790
f 917/972/790 933/989/804 934/990/805
f 917/972/790 934/990/805 918/973/791
f 918/973/791 934/990/805 935/991/806
f 918/973/791 935/991/806 919/974/792
f 919/974/792 935/991/806 936/992/807
f 919/974/792 936/992/807 920/975/793
f 920/975/793 936/992/807 937/993/808
f 920/975/793 937/993/808 921/976/794
f 921/976/794 937/993/808 938/994/809
f 921/976/794 938/994/809 922/977/795
f 922/977/795 938/994/809 939/995/9
f 922/977/795 939/995/9 923/978/9
f 923/978/9 939/995/9 940/996/810
f 923/978/9 940/996/810 924/979/796
f 924/979/796 940/996/810 941/997/811
f 924/979/796 941/997/811 925/980/797
f 925/980/797 941/997/811 942/998/812
f 925/980/797 942/998/812 926/981/798
f 926/981/798 942/998/812 943/999/813
f 926/981/798 943/999/813 927/982/799
f 927/982/799 943/999/813 944/1000/814
f 927/982/799 944/1000/814 928/983/800
f 928/983/800 944/1000/814 945/1001/815
f 928/983/800 945/1001/815 929/984/801
f 929/984/801 945/1001/815 946/1002/816
f 929/984/801 946/1002/816 930/985/802
f 930/985/802 946/1002/816 931/1003/1
f 930/985/802 931/1003/1 915/986/1
f 931/987/1 947/1004/1 948/1005/817
f 931/987/1 948/1005/817 932/988/803
f 932/988/803 948/1005/817 949/1006/818
f 932/988/803 949/1006/818 933/989/804
f 933/989/804 949/1006/818 950/1007/819
f 933/989/804 950/1007/819 934/990/805
f 934/990/805 950/1007/819 951/1008/820
f 934/990/805 951/1008/820 935/991/806
f 935/991/806 951/1008/820 952/1009/821
f 935/991/806 952/1009/821 936/992/807
f 936/992/807 952/1009/821 953/1010/822
f 936/992/807 953/1010/822 937/993/808
f 937/993/808 953/1010/822 954/1011/823
f 937/993/808 954/1011/823 938/994/809
f 938/994/809 954/1011/823 955/1012/9
f 938/994/809 955/1012/9 939/995/9
f 939/995/9 955/1012/9 956/1013/824
f 939/995/9 956/1013/824 940/996/810
f 940/996/810 956/1013/824 957/1014/825
f 940/996/810 957/1014/825 941/997/811
f 941/997/811 957/1014/825 958/1015/826
f 941/997/811 958/1015/826 942/998/812
f 942/998/812 958/1015/826 959/1016/827
f 942/998/812 959/1016/827 943/999/813
f 943/999/813 959/1016/827 960/1017/828
f 943/999/813 960/1017/828 944/1000/814
f 944/1000/814 960/1017/828 961/1018/829
f 944/1000/814 961/1018/829 945/1001/815
f 945/1001/815 961/1018/829 962/1019/830
f 945/1001/815 962/1019/830 946/1002/816
f 946/1002/816 962/1019/830 947/1020/1
f 946/1002/816 947/1020/1 931/1003/1
f 947/1004/1 963/1021/1 964/1022/831
f 947/1004/1 964/1022/831 948/1005/817
f 948/1005/817 964/1022/831 965/1023/832
f 948/1005/817 965/1023/832 949/1006/818
f 949/1006/818 965/1023/832 966/1024/833
f 949/1006/818 966/1024/833 950/1007/819
f 950/1007/819 966/1024/833 967/1025/834
f 950/1007/819 967/1025/834 951/1008/820
f 951/1008/820 967/1025/834 968/1026/835
f 951/1008/820 968/1026/835 952/1009/821
f 952/1009/821 968/1026/835 969/1027/836
f 952/1009/821 969/1027/836 953/1010/822
f 953/1010/822 969/1027/836 970/1028/837
f 953/1010/822 970/1028/837 954/1011/823
f 954/1011/823 970/1028/837 971/1029/9
f 954/1011/823 971/1029/9 955/1012/9
f 955/1012/9 971/1029/9 972/1030/838
f 955/1012/9 972/1030/838 956/1013/824
f 956/1013/824 972/1030/838 973/1031/839
f 956/1013/824 973/1031/839 957/1014/825
f 957/1014/825 973/1031/839 974/1032/840
f 957/1014/825 974/1032/840 958/1015/826
f 958/1015/826 974/1032/840 975/1033/841
f 958/1015/826 975/1033/841 959/1016/827
f 959/1016/827 975/1033/841 976/1034/842
f 959/1016/827 976/1034/842 960/1017/828
f 960/1017/828 976/1034/842 977/1035/843
f 960/1017/828 977/1035/843 961/1018/829
f 961/1018/829 977/1035/843 978/1036/844
f 961/1018/829 978/1036/844 962/1019/830
f 962/1019/830 978/1036/844 963/1037/1
f 962/1019/830 963/1037/1 947/1020/1
f 963/1021/1 979/1038/1 980/1039/845
f 963/1021/1 980/1039/845 964/1022/831
f 964/1022/831 980/1039/845 981/1040/846
f 964/1022/831 981/1040/846 965/1023/832
f 965/1023/832 981/1040/846 982/1041/847
f 965/1023/832 982/1041/847 966/1024/833
f 966/1024/833 982/1041/847 983/1042/848
f 966/1024/833 983/1042/848 967/1025/834
f 967/1025/834 983/1042/848 984/1043/849
f 967/1025/834 984/1043/849 968/1026/835
f 968/1026/835 984/1043/849 985/1044/850
f 968/1026/835 985/1044/850 969/1027/836
f 969/1027/836 985/1044/850 986/1045/851
f 969/1027/836 986/1045/851 970/1028/837
f 970/1028/837 986/1045/851 987/1046/9
f 970/1028/837 987/1046/9 971/1029/9
f 971/1029/9 987/1046/9 988/1047/852
f 971/1029/9 988/1047/852 972/1030/838
f 972/1030/838 988/1047/852 989/1048/853
f 972/1030/838 989/1048/853 973/1031/839
f 973/1031/839 989/1048/853 990/1049/854
f 973/1031/839 990/1049/854 974/1032/840
f 974/1032/840 990/1049/854 991/1050/855
f 974/1032/840 991/1050/855 975/1033/841
f 975/1033/841 991/1050/855 992/1051/856
f 975/1033/841 992/1051/856 976/1034/842
f 976/1034/842 992/1051/856 993/1052/857
f 976/1034/842 993/1052/857 977/1035/843
f 977/1035/843 993/1052/857 994/1053/858
f 977/1035/843 994/1053/858 978/1036/844
f 978/1036/844 994/1053/858 979/1054/1
f 978/1036/844 979/1054/1 963/1037/1
f 979/1038/1 995/1055/1 996/1056/859
f 979/1038/1 996/1056/859 980/1039/845
f 980/1039/845 996/1056/859 997/1057/860
f 980/1039/845 997/1057/860 981/1040/846
f 981/1040/846 997/1057/860 998/1058/861
f 981/1040/846 998/1058/861 982/1041/847
f 982/1041/847 998/1058/861 999/1059/862
f 982/1041/847 999/1059/862 983/1042/848
f 983/1042/848 999/1059/862 1000/1060/863
f 983/1042/848 1000/1060/863 984/1043/849
f 984/1043/849 1000/1060/863 1001/1061/864
f 984/1043/849 1001/1061/864 985/1044/850
f 985/1044/850 1001/1061/864 1002/1062/865
f 985/1044/850 1002/1062/865 986/1045/851
f 986/1045/851 1002/1062/865 1003/1063/9
f 986/1045/851 1003/1063/9 987/1046/9
f 987/1046/9 1003/1063/9 1004/1064/866
f 987/1046/9 1004/1064/866 988/1047/852
f 988/1047/852 1004/1064/866 1005/1065/867
f 988/1047/852 1005/1065/867 989/1048/853
f 989/1048/853 1005/1065/867 1006/1066/868
f 989/1048/853 1006/1066/868 990/1049/854
f 990/1049/854 1006/1066/868 1007/1067/869
f 990/1049/854 1007/1067/869 991/1050/855
f 991/1050/855 1007/1067/869 1008/1068/870
f 991/1050/855 1008/1068/870 992/1051/856
f 992/1051/856 1008/1068/870 1009/1069/871
f 992/1051/856 1009/1069/871 993/1052/857
f 993/1052/857 1009/1069/871 1010/1070/872
f 993/1052/857 1010/1070/872 994/1053/858
f 994/1053/858 1010/1070/872 995/1071/1
f 994/1053/858 995/1071/1 979/1054/1
f 995/1055/1 1011/1072/1 1012/1073/873
f 995/1055/1 1012/1073/873 996/1056/859
f 996/1056/859 1012/1073/873 1013/1074/874
f 996/1056/859 1013/1074/874 997/1057/860
f 997/1057/860 1013/1074/874 1014/1075/875
f 997/1057/860 1014/1075/875 998/1058/861
f 998/1058/861 1014/1075/875 1015/1076/876
f 998/1058/861 1015/1076/876 999/1059/862
f 999/1059/862 1015/1076/876 1016/1077/877
f 999/1059/862 1016/1077/877 1000/1060/863
f 1000/1060/863 1016/1077/877 1017/1078/878
f 1000/1060/863 1017/1078/878 1001/1061/864
f 1001/1061/864 1017/1078/878 1018/1079/879
f 1001/1061/864 1018/1079/879 1002/1062/865
f 1002/1062/865 1018/1079/879 1019/1080/9
f 1002/1062/865 1019/1080/9 1003/1063/9
f 1003/1063/9 1019/1080/9 1020/1081/880
f 1003/1063/9 1020/1081/880 1004/1064/866
f 1004/1064/866 1020/1081/880 1021/1082/881
f 1004/1064/866 1021/1082/881 1005/1065/867
f 1005/1065/867 1021/1082/881 1022/1083/882
f 1005/1065/867 1022/1083/882 1006/1066/868
f 1006/1066/868 1022/1083/882 1023/1084/883
f 1006/1066/868 1023/1084/883 1007/1067/869
f 1007/1067/869 1023/1084/883 1024/1085/884
f 1007/1067/869 1024/1085/884 1008/1068/870
f 1008/1068/870 1024/1085/884 1025/1086/885
f 1008/1068/870 1025/1086/885 1009/1069/871
f 1009/1069/871 1025/1086/885 1026/1087/886
f 1009/1069/871 1026/1087/886 1010/1070/872
f 1010/1070/872 1026/1087/886 1011/1088/1
f 1010/1070/872 1011/1088/1 995/1071/1
f 1011/1072/1 1027/1089/1 1028/1090/887
f 1011/1072/1 1028/1090/887 1012/1073/873
f 1012/1073/873 1028/1090/887 1029/1091/888
f 1012/1073/873 1029/1091/888 1013/1074/874
f 1013/1074/874 1029/1091/888 1030/1092/889
f 1013/1074/874 1030/1092/889 1014/1075/875
f 1014/1075/875 1030/1092/889 1031/1093/890
f 1014/1075/875 1031/1093/890 1015/1076/876
f 1015/1076/876 1031/1093/890 1032/1094/891
f 1015/1076/876 1032/1094/891 1016/1077/877
f 1016/1077/877 1032/1094/891 1033/1095/892
f 1016/1077/877 1033/1095/892 1017/1078/878
f 1017/1078/878 1033/1095/892 1034/1096/893
f 1017/1078/878 1034/1096/893 1018/1079/879
f 1018/1079/879 1034/1096/893 1035/1097/9
f 1018/1079/879 1035/1097/9 1019/1080/9
f 1019/1080/9 1035/1097/9 1036/1098/894
f 1019/1080/9 1036/1098/894 1020/1081/880
f 1020/1081/880 1036/1098/894 1037/1099/895
f 1020/1081/880 1037/1099/895 1021/1082/881
f 1021/1082/881 1037/1099/895 1038/1100/896
f 1021/1082/881 1038/1100/896 1022/1083/882
f 1022/1083/882 1038/1100/896 1039/1101/897
f 1022/1083/882 1039/1101/897 1023/1084/883
f 1023/1084/883 1039/1101/897 1040/1102/898
f 1023/1084/883 1040/1102/898 1024/1085/884
f 1024/1085/884 1040/1102/898 1041/1103/899
f 1024/1085/884 1041/1103/899 1025/1086/885
f 1025/1086/885 1041/1103/899 1042/1104/900
f 1025/1086/885 1042/1104/900 1026/1087/886
f 1026/1087/886 1042/1104/900 1027/1105/1
f 1026/1087/886 1027/1105/1 1011/1088/1
f 1027/1089/1 1043/1106/1 1044/1107/901
f 1027/1089/1 1044/1107/901 1028/1090/887
f 1028/1090/887 1044/1107/901 1045/1108/902
f 1028/1090/887 1045/1108/902 1029/1091/888
f 1029/1091/888 1045/1108/902 1046/1109/903
f 1029/1091/888 1046/1109/903 1030/1092/889
f 1030/1092/889 1046/1109/903 1047/1110/904
f 1030/1092/889 1047/1110/904 1031/1093/890
f 1031/1093/890 1047/1110/904 1048/1111/905
f 1031/1093/890 1048/1111/905 1032/1094/891
f 1032/1094/891 1048/1111/905 1049/1112/906
f 1032/1094/891 1049/1112/906 1033/1095/892
f 1033/1095/892 1049/1112/906 1050/1113/907
f 1033/1095/892 1050/1113/907 1034/1096/893
f 1034/1096/893 1050/1113/907 1051/1114/9
f 1034/1096/893 1051/1114/9 1035/1097/9
f 1035/1097/9 1051/1114/9 1052/1115/908
f 1035/1097/9 1052/1115/908 1036/1098/894
f 1036/1098/894 1052/1115/908 1053/1116/909
f 1036/1098/894 1053/1116/909 1037/1099/895
f 1037/1099/895 1053/1116/909 1054/1117/910
f 1037/1099/895 1054/1117/910 1038/1100/896
f 1038/1100/896 1054/1117/910 1055/1118/911
f 1038/1100/896 1055/1118/911 1039/1101/897
f 1039/1101/897 1055/1118/911 1056/1119/912
f 1039/1101/897 1056/1119/912 1040/1102/898
f 1040/1102/898 1056/1119/912 1057/1120/913
f 1040/1102/898 1057/1120/913 1041/1103/899
f 1041/1103/899 1057/1120/913 1058/1121/914
f 1041/1103/899 1058/1121/914 1042/1104/900
f 1042/1104/900 1058/1121/914 1043/1122/1
f 1042/1104/900 1043/1122/1 1027/1105/1
f 1043/1106/1 1059/1123/1 1060/1124/915
f 1043/1106/1 1060/1124/915 1044/1107/901
f 1044/1107/901 1060/1124/915 1061/1125/916
f 1044/1107/901 1061/1125/916 1045/1108/902
f 1045/1108/902 1061/1125/916 1062/1126/917
f 1045/1108/902 1062/1126/917 1046/1109/903
f 1046/1109/903 1062/1126/917 1063/1127/918
f 1046/1109/903 1063/1127/918 1047/1110/904
f 1047/1110/904 1063/1127/918 1064/1128/919
f 1047/1110/904 1064/1128/919 1048/1111/905
f 1048/1111/905 1064/1128/919 1065/1129/920
f 1048/1111/905 1065/1129/920 1049/1112/906
f 1049/1112/906 1065/1129/920 1066/1130/921
f 1049/1112/906 1066/1130/921 1050/1113/907
f 1050/1113/907 1066/1130/921 1067/1131/9
f 1050/1113/907 1067/1131/9 1051/1114/9
f 1051/1114/9 1067/1131/9 1068/1132/922
f 1051/1114/9 1068/1132/922 1052/1115/908
f 1052/1115/908 1068/1132/922 1069/1133/923
f 1052/1115/908 1069/1133/923 1053/1116/909
f 1053/1116/909 1069/1133/923 1070/1134/924
f 1053/1116/909 1070/1134/924 1054/1117/910
f 1054/1117/910 1070/1134/924 1071/1135/925
f 1054/1117/910 1071/1135/925 1055/1118/911
f 1055/1118/911 1071/1135/925 1072/1136/926
f 1055/1118/911 1072/1136/926 1056/1119/912
f 1056/1119/912 1072/1136/926 1073/1137/927
f 1056/1119/912 1073/1137/927 1057/1120/913
f 1057/1120/913 1073/1137/927 1074/1138/928
f 1057/1120/913 1074/1138/928 1058/1121/914
f 1058/1121/914 1074/1138/928 1059/1139/1
f 1058/1121/914 1059/1139/1 1043/1122/1
f 1059/1123/1 1075/1140/1 1076/1141/929
f 1059/1123/1 1076/1141/929 1060/1124/915
f 1060/1124/915 1076/1141/929 1077/1142/930
f 1060/1124/915 1077/1142/930 1061/1125/916
f 1061/1125/916 1077/1142/930 1078/1143/931
f 1061/1125/916 1078/1143/931 1062/1126/917
f 1062/1126/917 1078/1143/931 1079/1144/932
f 1062/1126/917 1079/1144/932 1063/1127/918
f 1063/1127/918 1079/1144/932 1080/1145/933
f 1063/1127/918 1080/1145/933 1064/1128/919
f 1064/1128/919 1080/1145/933 1081/1146/934
f 1064/1128/919 1081/1146/934 1065/1129/920
f 1065/1129/920 1081/1146/934 1082/1147/935
f 1065/1129/920 1082/1147/935 1066/1130/921
f 1066/1130/921 1082/1147/935 1083/1148/9
f 1066/1130/921 1083/1148/9 1067/1131/9
f 1067/1131/9 1083/1148/9 1084/1149/936
f 1067/1131/9 1084/1149/936 1068/1132/922
f 1068/1132/922 1084/1149/936 1085/1150/937
f 1068/1132/922 1085/1150/937 1069/1133/923
f 1069/1133/923 1085/1150/937 1086/1151/938
f 1069/1133/923 1086/1151/938 1070/1134/924
f 1070/1134/924 1086/1151/938 1087/1152/939
f 1070/1134/924 1087/1152/939 1071/1135/925
f 1071/1135/925 1087/1152/939 1088/1153/940
f 1071/1135/925 1088/1153/940 1072/1136/926
f 1072/1136/926 1088/1153/940 1089/1154/941
f 1072/1136/926 1089/1154/941 1073/1137/927
f 1073/1137/927 1089/1154/941 1090/1155/942
f 1073/1137/927 1090/1155/942 1074/1138/928
f 1074/1138/928 1090/1155/942 1075/1156/1
f 1074/1138/928 1075/1156/1 1059/1139/1
f 1075/1140/1 1091/1157/1 1092/1158/943
f 1075/1140/1 1092/1158/943 1076/1141/929
f 1076/1141/929 1092/1158/943 1093/1159/944
f 1076/1141/929 1093/1159/944 1077/1142/930
f 1077/1142/930 1093/1159/944 1094/1160/945
f 1077/1142/930 1094/1160/945 1078/1143/931
f 1078/1143/931 1094/1160/945 1095/1161/946
f 1078/1143/931 1095/1161/946 1079/1144/932
f 1079/1144/932 1095/1161/946 1096/1162/947
f 1079/1144/932 1096/1162/947 1080/1145/933
f 1080/1145/933 1096/1162/947 1097/1163/948
f 1080/1145/933 1097/1163/948 1081/1146/934
f 1081/1146/934 1097/1163/948 1098/1164/949
f 1081/1146/934 1098/1164/949 1082/1147/935
f 1082/1147/935 1098/1164/949 1099/1165/9
f 1082/1147/935 1099/1165/9 1083/1148/9
f 1083/1148/9 1099/1165/9 1100/1166/950
f 1083/1148/9 1100/1166/950 1084/1149/936
f 1084/1149/936 1100/1166/950 1101/1167/951
f 1084/1149/936 1101/1167/951 1085/1150/937
f 1085/1150/937 1101/1167/951 1102/1168/952
f 1085/1150/937 1102/1168/952 1086/1151/938
f 1086/1151/938 1102/1168/952 1103/1169/953
f 1086/1151/938 1103/1169/953 1087/1152/939
f 1087/1152/939 1103/1169/953 1104/1170/954
f 1087/1152/939 1104/1170/954 1088/1153/940
f 1088/1153/940 1104/1170/954 1105/1171/955
f 1088/1153/940 1105/1171/955 1089/1154/941
f 1089/1154/941 1105/1171/955 1106/1172/956
f 1089/1154/941 1106/1172/956 1090/1155/942
f 1090/1155/942 1106/1172/956 1091/1173/1
f 1090/1155/942 1091/1173/1 1075/1156/1
f 1091/1157/1 1107/1174/1 1108/1175/957
f 1091/1157/1 1108/1175/957 1092/1158/943
f 1092/1158/943 1108/1175/957 1109/1176/958
f 1092/1158/943 1109/1176/958 1093/1159/944
f 1093/1159/944 1109/1176/958 1110/1177/959
f 1093/1159/944 1110/1177/959 1094/1160/945
f 1094/1160/945 1110/1177/959 1111/1178/960
f 1094/1160/945 1111/1178/960 1095/1161/946
f 1095/1161/946 1111/1178/960 1112/1179/961
f 1095/1161/946 1112/1179/961 1096/1162/947
f 1096/1162/947 1112/1179/961 1113/1180/962
f 1096/1162/947 1113/1180/962 1097/1163/948
f 1097/1163/948 1113/1180/962 1114/1181/963
f 1097/1163/948 1114/1181/963 1098/1164/949
f 1098/1164/949 1114/1181/963 1115/1182/9
f 1098/1164/949 1115/1182/9 1099/1165/9
f 1099/1165/9 1115/1182/9 1116/1183/964
f 1099/1165/9 1116/1183/964 1100/1166/950
f 1100/1166/950 1116/1183/964 1117/1184/965
f 1100/1166/950 1117/1184/965 1101/1167/951
f 1101/1167/951 1117/1184/965 1118/1185/966
f 1101/1167/951 1118/1185/966 1102/1168/952
f 1102/1168/952 1118/1185/966 1119/1186/967
f 1102/1168/952 1119/1186/967 1103/1169/953
f 1103/1169/953 1119/1186/967 1120/1187/968
f 1103/1169/953 1120/1187/968 1104/1170/954
f 1104/1170/954 1120/1187/968 1121/1188/969
f 1104/1170/954 1121/1188/969 1105/1171/955
f 1105/1171/955 1121/1188/969 1122/1189/970
f 1105/1171/955 1122/1189/970 1106/1172/956
f 1106/1172/956 1122/1189/970 1107/1190/1
f 1106/1172/956 1107/1190/1 1091/1173/1
f 1107/1174/1 1123/1191/1 1124/1192/971
f 1107/1174/1 1124/1192/971 1108/1175/957
f 1108/1175/957 1124/1192/971 1125/1193/972
f 1108/1175/957 1125/1193/972 1109/1176/958
f 1109/1176/958 1125/1193/972 1126/1194/973
f 1109/1176/958 1126/1194/973 1110/1177/959
f 1110/1177/959 1126/1194/973 1127/1195/974
f 1110/1177/959 1127/1195/974 1111/1178/960
f 1111/1178/960 1127/1195/974 1128/1196/975
f 1111/1178/960 1128/1196/975 1112/1179/961
f 1112/1179/961 1128/1196/975 1129/1197/976
f 1112/1179/961 1129/1197/976 1113/1180/962
f 1113/1180/962 1129/1197/976 1130/1198/977
f 1113/1180/962 1130/1198/977 1114/1181/963
f 1114/1181/963 1130/1198/977 1131/1199/9
f 1114/1181/963 1131/1199/9 1115/1182/9
f 1115/1182/9 1131/1199/9 1132/1200/978
f 1115/1182/9 1132/1200/978 1116/1183/964
f 1116/1183/964 1132/1200/978 1133/1201/979
f 1116/1183/964 1133/1201/979 1117/1184/965
f 1117/1184/965 1133/1201/979 1134/1202/980
f 1117/1184/965 1134/1202/980 1118/1185/966
f 1118/1185/966 1134/1202/980 1135/1203/981
f 1118/1185/966 1135/1203/981 1119/1186/967
f 1119/1186/967 1135/1203/981 1136/1204/982
f 1119/1186/967 1136/1204/982 1120/1187/968
f 1120/1187/968 1136/1204/982 1137/1205/983
f 1120/1187/968 1137/1205/983 1121/1188/969
f 1121/1188/969 1137/1205/983 1138/1206/984
f 1121/1188/969 1138/1206/984 1122/1189/970
f 1122/1189/970 1138/1206/984 1123/1207/1
f 1122/1189/970 1123/1207/1 1107/1190/1
f 1123/1191/1 1139/1208/1 1140/1209/985
f 1123/1191/1 1140/1209/985 1124/1192/971
f 1124/1192/971 1140/1209/985 1141/1210/986
f 1124/1192/971 1141/1210/986 1125/1193/972
f 1125/1193/972 1141/1210/986 1142/1211/987
f 1125/1193/972 1142/1211/987 1126/1194/973
f 1126/1194/973 1142/1211/987 1143/1212/988
f 1126/1194/973 1143/1212/988 1127/1195/974
f 1127/1195/974 1143/1212/988 1144/1213/989
f 1127/1195/974 1144/1213/989 1128/1196/975
f 1128/1196/975 1144/1213/989 1145/1214/990
f 1128/1196/975 1145/1214/990 1129/1197/976
f 1129/1197/976 1145/1214/990 1146/1215/991
f 1129/1197/976 1146/1215/991 1130/1198/977
f 1130/1198/977 1146/1215/991 1147/1216/9
f 1130/1198/977 1147/1216/9 1131/1199/9
f 1131/1199/9 1147/1216/9 1148/1217/992
f 1131/1199/9 1148/1217/992 1132/1200/978
f 1132/1200/978 1148/1217/992 1149/1218/993
f 1132/1200/978 1149/1218/993 1133/1201/979
f 1133/1201/979 1149/1218/993 1150/1219/994
f 1133/1201/979 1150/1219/994 1134/1202/980
f 1134/1202/980 1150/1219/994 1151/1220/995
f 1134/1202/980 1151/1220/995 1135/1203/981
f 1135/1203/981 1151/1220/995 1152/1221/996
f 1135/1203/981 1152/1221/996 1136/1204/982
f 1136/1204/982 1152/1221/996 1153/1222/997
f 1136/1204/982 1153/1222/997 1137/1205/983
f 1137/1205/983 1153/1222/997 1154/1223/998
f 1137/1205/983 1154/1223/998 1138/1206/984
f 1138/1206/984 1154/1223/998 1139/1224/1
f 1138/1206/984 1139/1224/1 1123/1207/1
f 1139/1208/1 1155/1225/1 1156/1226/999
f 1139/1208/1 1156/1226/999 1140/1209/985
f 1140/1209/985 1156/1226/999 1157/1227/1000
f 1140/1209/985 1157/1227/1000 1141/1210/986
f 1141/1210/986 1157/1227/1000 1158/1228/1001
f 1141/1210/986 1158/1228/1001 1142/1211/987
f 1142/1211/987 1158/1228/1001 1159/1229/1002
f 1142/1211/987 1159/1229/1002 1143/1212/988
f 1143/1212/988 1159/1229/1002 1160/1230/1003
f 1143/1212/988 1160/1230/1003 1144/1213/989
f 1144/1213/989 1160/1230/1003 1161/1231/1004
f 1144/1213/989 1161/1231/1004 1145/1214/990
f 1145/1214/990 1161/1231/1004 1162/1232/1005
f 1145/1214/990 1162/1232/1005 1146/1215/991
f 1146/1215/991 1162/1232/1005 1163/1233/9
f 1146/1215/991 1163/1233/9 1147/1216/9
f 1147/1216/9 1163/1233/9 1164/1234/1006
f 1147/1216/9 1164/1234/1006 1148/1217/992
f 1148/1217/992 1164/1234/1006 1165/1235/1007
f 1148/1217/992 1165/1235/1007 1149/1218/993
f 1149/1218/993 1165/1235/1007 1166/1236/1008
f 1149/1218/993 1166/1236/1008 1150/1219/994
f 1150/1219/994 1166/1236/1008 1167/1237/1009
f 1150/1219/994 1167/1237/1009 1151/1220/995
f 1151/1220/995 1167/1237/1009 1168/1238/1010
f 1151/1220/995 1168/1238/1010 1152/1221/996
f 1152/1221/996 1168/1238/1010 1169/1239/1011
f 1152/1221/996 1169/1239/1011 1153/1222/997
f 1153/1222/997 1169/1239/1011 1170/1240/1012
f 1153/1222/997 1170/1240/1012 1154/1223/998
f 1154/1223/998 1170/1240/1012 1155/1241/1
f 1154/1223/998 1155/1241/1 1139/1224/1
f 1155/1225/1 1171/1242/1 1172/1243/1013
f 1155/1225/1 1172/1243/1013 1156/1226/999
f 1156/1226/999 1172/1243/1013 1173/1244/1014
f 1156/1226/999 1173/1244/1014 1157/1227/1000
f 1157/1227/1000 1173/1244/1014 1174/1245/1015
f 1157/1227/1000 1174/1245/1015 1158/1228/1001
f 1158/1228/1001 1174/1245/1015 1175/1246/1016
f 1158/1228/1001 1175/1246/1016 1159/1229/1002
f 1159/1229/1002 1175/1246/1016 1176/1247/1017
f 1159/1229/1002 1176/1247/1017 1160/1230/1003
f 1160/1230/1003 1176/1247/1017 1177/1248/1018
f 1160/1230/1003 1177/1248/1018 1161/1231/1004
f 1161/1231/1004 1177/1248/1018 1178/1249/1019
f 1161/1231/1004 1178/1249/1019 1162/1232/1005
f 1162/1232/1005 1178/1249/1019 1179/1250/9
f 1162/1232/1005 1179/1250/9 1163/1233/9
f 1163/1233/9 1179/1250/9 1180/1251/1020
f 1163/1233/9 1180/1251/1020 1164/1234/1006
f 1164/1234/1006 1180/1251/1020 1181/1252/1021
f 1164/1234/1006 1181/1252/1021 1165/1235/1007
f 1165/1235/1007 1181/1252/1021 1182/1253/1022
f 1165/1235/1007 1182/1253/1022 1166/1236/1008
f 1166/1236/1008 1182/1253/1022 1183/1254/1023
f 1166/1236/1008 1183/1254/1023 1167/1237/1009
f 1167/1237/1009 1183/1254/1023 1184/1255/1024
f 1167/1237/1009 1184/1255/1024 1168/1238/1010
f 1168/1238/1010 1184/1255/1024 1185/1256/1025
f 1168/1238/1010 1185/1256/1025 1169/1239/1011
f 1169/1239/1011 1185/1256/1025 1186/1257/1026
f 1169/1239/1011 1186/1257/1026 1170/1240/1012
f 1170/1240/1012 1186/1257/1026 1171/1258/1
f 1170/1240/1012 1171/1258/1 1155/1241/1
f 1171/1242/1 1187/1259/1 1188/1260/1027
f 1171/1242/1 1188/1260/1027 1172/1243/1013
f 1172/1243/1013 1188/1260/1027 1189/1261/1028
f 1172/1243/1013 1189/1261/1028 1173/1244/1014
f 1173/1244/1014 1189/1261/1028 1190/1262/1029
f 1173/1244/1014 1190/1262/1029 1174/1245/1015
f 1174/1245/1015 1190/1262/1029 1191/1263/1030
f 1174/1245/1015 1191/1263/1030 1175/1246/1016
f 1175/1246/1016 1191/1263/1030 1192/1264/1031
f 1175/1246/1016 1192/1264/1031 1176/1247/1017
f 1176/1247/1017 1192/1264/1031 1193/1265/1032
f 1176/1247/1017 1193/1265/1032 1177/1248/1018
f 1177/1248/1018 1193/1265/1032 1194/1266/1033
f 1177/1248/1018 1194/1266/1033 1178/1249/1019
f 1178/1249/1019 1194/1266/1033 1195/1267/9
f 1178/1249/1019 1195/1267/9 1179/1250/9
f 1179/1250/9 1195/1267/9 1196/1268/1034
f 1179/1250/9 1196/1268/1034 1180/1251/1020
f 1180/1251/1020 1196/1268/1034 1197/1269/1035
f 1180/1251/1020 1197/1269/1035 1181/1252/1021
f 1181/1252/1021 1197/1269/1035 1198/1270/1036
f 1181/1252/1021 1198/1270/1036 1182/1253/1022
f 1182/1253/1022 1198/1270/1036 1199/1271/1037
f 1182/1253/1022 1199/1271/1037 1183/1254/1023
f 1183/1254/1023 1199/1271/1037 1200/1272/1038
f 1183/1254/1023 1200/1272/1038 1184/1255/1024
f 1184/1255/1024 1200/1272/1038 1201/1273/1039
f 1184/1255/1024 1201/1273/1039 1185/1256/1025
f 1185/1256/1025 1201/1273/1039 1202/1274/1040
f 1185/1256/1025 1202/1274/1040 1186/1257/1026
f 1186/1257/1026 1202/1274/1040 1187/1275/1
f 1186/1257/1026 1187/1275/1 1171/1258/1
f 1187/1259/1 1203/1276/1 1204/1277/1041
f 1187/1259/1 1204/1277/1041 1188/1260/1027
f 1188/1260/1027 1204/1277/1041 1205/1278/1042
f 1188/1260/1027 1205/1278/1042 1189/1261/1028
f 1189/1261/1028 1205/1278/1042 1206/1279/1043
f 1189/1261/1028 1206/1279/1043 1190/1262/1029
f 1190/1262/1029 1206/1279/1043 1207/1280/1044
f 1190/1262/1029 1207/1280/1044 1191/1263/1030
f 1191/1263/1030 1207/1280/1044 1208/1281/1045
f 1191/1263/1030 1208/1281/1045 1192/1264/1031
f 1192/1264/1031 1208/1281/1045 1209/1282/1046
f 1192/1264/1031 1209/1282/1046 1193/1265/1032
f 1193/1265/1032 1209/1282/1046 1210/1283/1047
f 1193/1265/1032 1210/1283/1047 1194/1266/1033
f 1194/1266/1033 1210/1283/1047 1211/1284/9
f 1194/1266/1033 1211/1284/9 1195/1267/9
f 1195/1267/9 1211/1284/9 1212/1285/1048
f 1195/1267/9 1212/1285/1048 1196/1268/1034
f 1196/1268/1034 1212/1285/1048 1213/1286/1049
f 1196/1268/1034 1213/1286/1049 1197/1269/1035
f 1197/1269/1035 1213/1286/1049 1214/1287/1050
f 1197/1269/1035 1214/1287/1050 1198/1270/1036
f 1198/1270/1036 1214/1287/1050 1215/1288/1051
f 1198/1270/1036 1215/1288/1051 1199/1271/1037
f 1199/1271/1037 1215/1288/1051 1216/1289/1052
f 1199/1271/1037 1216/1289/1052 1200/1272/1038
f 1200/1272/1038 1216/1289/1052 1217/1290/1053
f 1200/1272/1038 1217/1290/1053 1201/1273/1039
f 1201/1273/1039 1217/1290/1053 1218/1291/1054
f 1201/1273/1039 1218/1291/1054 1202/1274/1040
f 1202/1274/1040 1218/1291/1054 1203/1292/1
f 1202/1274/1040 1203/1292/1 1187/1275/1
f 1203/1276/1 1219/1293/1 1220/1294/1055
f 1203/1276/1 1220/1294/1055 1204/1277/1041
f 1204/1277/1041 1220/1294/1055 1221/1295/1056
f 1204/1277/1041 1221/1295/1056 1205/1278/1042
f 1205/1278/1042 1221/1295/1056 1222/1296/1057
f 1205/1278/1042 1222/1296/1057 1206/1279/1043
f 1206/1279/1043 1222/1296/1057 1223/1297/1058
f 1206/1279/1043 1223/1297/1058 1207/1280/1044
f 1207/1280/1044 1223/1297/1058 1224/1298/1059
f 1207/1280/1044 1224/1298/1059 1208/1281/1045
f 1208/1281/1045 1224/1298/1059 1225/1299/1060
f 1208/1281/1045 1225/1299/1060 1209/1282/1046
f 1209/1282/1046 1225/1299/1060 1226/1300/1061
f 1209/1282/1046 1226/1300/1061 1210/1283/1047
f 1210/1283/1047 1226/1300/1061 1227/1301/9
f 1210/1283/1047 1227/1301/9 1211/1284/9
f 1211/1284/9 1227/1301/9 1228/1302/1062
f 1211/1284/9 1228/1302/1062 1212/1285/1048
f 1212/1285/1048 1228/1302/1062 1229/1303/1063
f 1212/1285/1048 1229/1303/1063 1213/1286/1049
f 1213/1286/1049 1229/1303/1063 1230/1304/1064
f 1213/1286/1049 1230/1304/1064 1214/1287/1050
f 1214/1287/1050 1230/1304/1064 1231/1305/1065
f 1214/1287/1050 1231/1305/1065 1215/1288/1051
f 1215/1288/1051 1231/1305/1065 1232/1306/1066
f 1215/1288/1051 1232/1306/1066 1216/1289/1052
f 1216/1289/1052 1232/1306/1066 1233/1307/1067
f 1216/1289/1052 1233/1307/1067 1217/1290/1053
f 1217/1290/1053 1233/1307/1067 1234/1308/1068
f 1217/1290/1053 1234/1308/1068 1218/1291/1054
f 1218/1291/1054 1234/1308/1068 1219/1309/1
f 1218/1291/1054 1219/1309/1 1203/1292/1
f 1219/1293/1 1235/1310/1 1236/1311/1069
f 1219/1293/1 1236/1311/1069 1220/1294/1055
f 1220/1294/1055 1236/1311/1069 1237/1312/1070
f 1220/1294/1055 1237/1312/1070 1221/1295/1056
f 1221/1295/1056 1237/1312/1070 1238/1313/1071
f 1221/1295/1056 1238/1313/1071 1222/1296/1057
f 1222/1296/1057 1238/1313/1071 1239/1314/1072
f 1222/1296/1057 1239/1314/1072 1223/1297/1058
f 1223/1297/1058 1239/1314/1072 1240/1315/1073
f 1223/1297/1058 1240/1315/1073 1224/1298/1059
f 1224/1298/1059 1240/1315/1073 1241/1316/1074
f 1224/1298/1059 1241/1316/1074 1225/1299/1060
f 1225/1299/1060 1241/1316/1074 1242/1317/1075
f 1225/1299/1060 1242/1317/1075 1226/1300/1061
f 1226/1300/1061 1242/1317/1075 1243/1318/9
f 1226/1300/1061 1243/1318/9 1227/1301/9
f 1227/1301/9 1243/1318/9 1244/1319/1076
f 1227/1301/9 1244/1319/1076 1228/1302/1062
f 1228/1302/1062 1244/1319/1076 1245/1320/1077
f 1228/1302/1062 1245/1320/1077 1229/1303/1063
f 1229/1303/1063 1245/1320/1077 1246/1321/1078
f 1229/1303/1063 1246/1321/1078 1230/1304/1064
f 1230/1304/1064 1246/1321/1078 1247/1322/1079
f 1230/1304/1064 1247/1322/1079 1231/1305/1065
f 1231/1305/1065 1247/1322/1079 1248/1323/1080
f 1231/1305/1065 1248/1323/1080 1232/1306/1066
f 1232/1306/1066 1248/1323/1080 1249/1324/1081
f 1232/1306/1066 1249/1324/1081 1233/1307/1067
f 1233/1307/1067 1249/1324/1081 1250/1325/1082
f 1233/1307/1067 1250/1325/1082 1234/1308/1068
f 1234/1308/1068 1250/1325/1082 1235/1326/1
f 1234/1308/1068 1235/1326/1 1219/1309/1
f 1235/1310/1 1251/1327/1 1252/1328/1083
f 1235/1310/1 1252/1328/1083 1236/1311/1069
f 1236/1311/1069 1252/1328/1083 1253/1329/1084
f 1236/1311/1069 1253/1329/1084 1237/1312/1070
f 1237/1312/1070 1253/1329/1084 1254/1330/1085
f 1237/1312/1070 1254/1330/1085 1238/1313/1071
f 1238/1313/1071 1254/1330/1085 1255/1331/1086
f 1238/1313/1071 1255/1331/1086 1239/1314/1072
f 1239/1314/1072 1255/1331/1086 1256/1332/1087
f 1239/1314/1072 1256/1332/1087 1240/1315/1073
f 1240/1315/1073 1256/1332/1087 1257/1333/1088
f 1240/1315/1073 1257/1333/1088 1241/1316/1074
f 1241/1316/1074 1257/1333/1088 1258/1334/1089
f 1241/1316/1074 1258/1334/1089 1242/1317/1075
f 1242/1317/1075 1258/1334/1089 1259/1335/9
f 1242/1317/1075 1259/1335/9 1243/1318/9
f 1243/1318/9 1259/1335/9 1260/1336/1090
f 1243/1318/9 1260/1336/1090 1244/1319/1076
f 1244/1319/1076 1260/1336/1090 1261/1337/1091
f 1244/1319/1076 1261/1337/1091 1245/1320/1077
f 1245/1320/1077 1261/1337/1091 1262/1338/1092
f 1245/1320/1077 1262/1338/1092 1246/1321/1078
f 1246/1321/1078 1262/1338/1092 1263/1339/1093
f 1246/1321/1078 1263/1339/1093 1247/1322/1079
f 1247/1322/1079 1263/1339/1093 1264/1340/1094
f 1247/1322/1079 1264/1340/1094 1248/1323/1080
f 1248/1323/1080 1264/1340/1094 1265/1341/1095
f 1248/1323/1080 1265/1341/1095 1249/1324/1081
f 1249/1324/1081 1265/1341/1095 1266/1342/1096
f 1249/1324/1081 1266/1342/1096 1250/1325/1082
f 1250/1325/1082 1266/1342/1096 1251/1343/1
f 1250/1325/1082 1251/1343/1 1235/1326/1
f 1251/1327/1 1267/1344/1 1268/1345/1097
f 1251/1327/1 1268/1345/1097 1252/1328/1083
f 1252/1328/1083 1268/1345/1097 1269/1346/1098
f 1252/1328/1083 1269/1346/1098 1253/1329/1084
f 1253/1329/1084 1269/1346/1098 1270/1347/1099
f 1253/1329/1084 1270/1347/1099 1254/1330/1085
f 1254/1330/1085 1270/1347/1099 1271/1348/1100
f 1254/1330/1085 1271/1348/1100 1255/1331/1086
f 1255/1331/1086 1271/1348/1100 1272/1349/1101
f 1255/1331/1086 1272/1349/1101 1256/1332/1087
f 1256/1332/1087 1272/1349/1101 1273/1350/1102
f 1256/1332/1087 1273/1350/1102 1257/1333/1088
f 1257/1333/1088 1273/1350/1102 1274/1351/1103
f 1257/1333/1088 1274/1351/1103 1258/1334/1089
f 1258/1334/1089 1274/1351/1103 1275/1352/9
f 1258/1334/1089 1275/1352/9 1259/1335/9
f 1259/1335/9 1275/1352/9 1276/1353/1104
f 1259/1335/9 1276/1353/1104 1260/1336/1090
f 1260/1336/1090 1276/1353/1104 1277/1354/1105
f 1260/1336/1090 1277/1354/1105 1261/1337/1091
f 1261/1337/1091 1277/1354/1105 1278/1355/1106
f 1261/1337/1091 1278/1355/1106 1262/1338/1092
f 1262/1338/1092 1278/1355/1106 1279/1356/1107
f 1262/1338/1092 1279/1356/1107 1263/1339/1093
f 1263/1339/1093 1279/1356/1107 1280/1357/1108
f 1263/1339/1093 1280/1357/1108 1264/1340/1094
f 1264/1340/1094 1280/1357/1108 1281/1358/1109
f 1264/1340/1094 1281/1358/1109 1265/1341/1095
f 1265/1341/1095 1281/1358/1109 1282/1359/1110
f 1265/1341/1095 1282/1359/1110 1266/1342/1096
f 1266/1342/1096 1282/1359/1110 1267/1360/1
f 1266/1342/1096 1267/1360/1 1251/1343/1
f 1267/1344/1 1283/1361/1 1284/1362/1111
f 1267/1344/1 1284/1362/1111 1268/1345/1097
f 1268/1345/1097 1284/1362/1111 1285/1363/1112
f 1268/1345/1097 1285/1363/1112 1269/1346/1098
f 1269/1346/1098 1285/1363/1112 1286/1364/1113
f 1269/1346/1098 1286/1364/1113 1270/1347/1099
f 1270/1347/1099 1286/1364/1113 1287/1365/1114
f 1270/1347/1099 1287/1365/1114 1271/1348/1100
f 1271/1348/1100 1287/1365/1114 1288/1366/1115
f 1271/1348/1100 1288/1366/1115 1272/1349/1101
f 1272/1349/1101 1288/1366/1115 1289/1367/1116
f 1272/1349/1101 1289/1367/1116 1273/1350/1102
f 1273/1350/1102 1289/1367/1116 1290/1368/1117
f 1273/1350/1102 1290/1368/1117 1274/1351/1103
f 1274/1351/1103 1290/1368/1117 1291/1369/9
f 1274/1351/1103 1291/1369/9 1275/1352/9
f 1275/1352/9 1291/1369/9 1292/1370/1118
f 1275/1352/9 1292/1370/1118 1276/1353/1104
f 1276/1353/1104 1292/1370/1118 1293/1371/1119
f 1276/1353/1104 1293/1371/1119 1277/1354/1105
f 1277/1354/1105 1293/1371/1119 1294/1372/1120
f 1277/1354/1105 1294/1372/1120 1278/1355/1106
f 1278/1355/1106 1294/1372/1120 1295/1373/1121
f 1278/1355/1106 1295/1373/1121 1279/1356/1107
f 1279/1356/1107 1295/1373/1121 1296/1374/1122
f 1279/1356/1107 1296/1374/1122 1280/1357/1108
f 1280/1357/1108 1296/1374/1122 1297/1375/1123
f 1280/1357/1108 1297/1375/1123 1281/1358/1109
f 1281/1358/1109 1297/1375/1123 1298/1376/1124
f 1281/1358/1109 1298/1376/1124 1282/1359/1110
f 1282/1359/1110 1298/1376/1124 1283/1377/1
f 1282/1359/1110 1283/1377/1 1267/1360/1
f 1283/1361/1 1299/1378/1 1300/1379/1125
f 1283/1361/1 1300/1379/1125 1284/1362/1111
f 1284/1362/1111 1300/1379/1125 1301/1380/1126
f 1284/1362/1111 1301/1380/1126 1285/1363/1112
f 1285/1363/1112 1301/1380/1126 1302/1381/1127
f 1285/1363/1112 1302/1381/1127 1286/1364/1113
f 1286/1364/1113 1302/1381/1127 1303/1382/1128
f 1286/1364/1113 1303/1382/1128 1287/1365/1114
f 1287/1365/1114 1303/1382/1128 1304/1383/1129
f 1287/1365/1114 1304/1383/1129 1288/1366/1115
f 1288/1366/1115 1304/1383/1129 1305/1384/1130
f 1288/1366/1115 1305/1384/1130 1289/1367/1116
f 1289/1367/1116 1305/1384/1130 1306/1385/1131
f 1289/1367/1116 1306/1385/1131 1290/1368/1117
f 1290/1368/1117 1306/1385/1131 1307/1386/9
f 1290/1368/1117 1307/1386/9 1291/1369/9
f 1291/1369/9 1307/1386/9 1308/1387/1132
f 1291/1369/9 1308/1387/1132 1292/1370/1118
f 1292/1370/1118 1308/1387/1132 1309/1388/1133
f 1292/1370/1118 1309/1388/1133 1293/1371/1119
f 1293/1371/1119 1309/1388/1133 1310/1389/1134
f 1293/1371/1119 1310/1389/1134 1294/1372/1120
f 1294/1372/1120 1310/1389/1134 1311/1390/1135
f 1294/1372/1120 1311/1390/1135 1295/1373/1121
f 1295/1373/1121 1311/1390/1135 1312/1391/1136
f 1295/1373/1121 1312/1391/1136 1296/1374/1122
f 1296/1374/1122 1312/1391/1136 1313/1392/1137
f 1296/1374/1122 1313/1392/1137 1297/1375/1123
f 1297/1375/1123 1313/1392/1137 1314/1393/1138
f 1297/1375/1123 1314/1393/1138 1298/1376/1124
f 1298/1376/1124 1314/1393/1138 1299/1394/1
f 1298/1376/1124 1299/1394/1 1283/1377/1
f 1299/1378/1 1315/1395/1 1316/1396/1139
f 1299/1378/1 1316/1396/1139 1300/1379/1125
f 1300/1379/1125 1316/1396/1139 1317/1397/1140
f 1300/1379/1125 1317/1397/1140 1301/1380/1126
f 1301/1380/1126 1317/1397/1140 1318/1398/1141
f 1301/1380/1126 1318/1398/1141 1302/1381/1127
f 1302/1381/1127 1318/1398/1141 1319/1399/1142
f 1302/1381/1127 1319/1399/1142 1303/1382/1128
f 1303/1382/1128 1319/1399/1142 1320/1400/1143
f 1303/1382/1128 1320/1400/1143 1304/1383/1129
f 1304/1383/1129 1320/1400/1143 1321/1401/1144
f 1304/1383/1129 1321/1401/1144 1305/1384/1130
f 1305/1384/1130 1321/1401/1144 1322/1402/1145
f 1305/1384/1130 1322/1402/1145 1306/1385/1131
f 1306/1385/1131 1322/1402/1145 1323/1403/9
f 1306/1385/1131 1323/1403/9 1307/1386/9
f 1307/1386/9 1323/1403/9 1324/1404/1146
f 1307/1386/9 1324/1404/1146 1308/1387/1132
f 1308/1387/1132 1324/1404/1146 1325/1405/1147
f 1308/1387/1132 1325/1405/1147 1309/1388/1133
f 1309/1388/1133 1325/1405/1147 1326/1406/1148
f 1309/1388/1133 1326/1406/1148 1310/1389/1134
f 1310/1389/1134 1326/1406/1148 1327/1407/1149
f 1310/1389/1134 1327/1407/1149 1311/1390/1135
f 1311/1390/1135 1327/1407/1149 1328/1408/1150
f 1311/1390/1135 1328/1408/1150 1312/1391/1136
f 1312/1391/1136 1328/1408/1150 1329/1409/1151
f 1312/1391/1136 1329/1409/1151 1313/1392/1137
f 1313/1392/1137 1329/1409/1151 1330/1410/1152
f 1313/1392/1137 1330/1410/1152 1314/1393/1138
f 1314/1393/1138 1330/1410/1152 1315/1411/1
f 1314/1393/1138 1315/1411/1 1299/1394/1
f 1315/1395/1 1331/1412/1 1332/1413/1153
f 1315/1395/1 1332/1413/1153 1316/1396/1139
f 1316/1396/1139 1332/1413/1153 1333/1414/1154
f 1316/1396/1139 1333/1414/1154 1317/1397/1140
f 1317/1397/1140 1333/1414/1154 1334/1415/1155
f 1317/1397/1140 1334/1415/1155 1318/1398/1141
f 1318/1398/1141 1334/1415/1155 1335/1416/1156
f 1318/1398/1141 1335/1416/1156 1319/1399/1142
f 1319/1399/1142 1335/1416/1156 1336/1417/1157
f 1319/1399/1142 1336/1417/1157 1320/1400/1143
f 1320/1400/1143 1336/1417/1157 1337/1418/1158
f 1320/1400/1143 1337/1418/1158 1321/1401/1144
f 1321/1401/1144 1337/1418/1158 1338/1419/1159
f 1321/1401/1144 1338/1419/1159 1322/1402/1145
f 1322/1402/1145 1338/1419/1159 1339/1420/9
f 1322/1402/1145 1339/1420/9 1323/1403/9
f 1323/1403/9 1339/1420/9 1340/1421/1160
f 1323/1403/9 1340/1421/1160 1324/1404/1146
f 1324/1404/1146 1340/1421/1160 1341/1422/1161
f 1324/1404/1146 1341/1422/1161 1325/1405/1147
f 1325/1405/1147 1341/1422/1161 1342/1423/1162
f 1325/1405/1147 1342/1423/1162 1326/1406/1148
f 1326/1406/1148 1342/1423/1162 1343/1424/1163
f 1326/1406/1148 1343/1424/1163 1327/1407/1149
f 1327/1407/1149 1343/1424/1163 1344/1425/1164
f 1327/1407/1149 1344/1425/1164 1328/1408/1150
f 1328/1408/1150 1344/1425/1164 1345/1426/1165
f 1328/1408/1150 1345/1426/1165 1329/1409/1151
f 1329/1409/1151 1345/1426/1165 1346/1427/1166
f 1329/1409/1151 1346/1427/1166 1330/1410/1152
f 1330/1410/1152 1346/1427/1166 1331/1428/1
f 1330/1410/1152 1331/1428/1 1315/1411/1
f 1331/1412/1 1347/1429/1 1348/1430/1167
f 1331/1412/1 1348/1430/1167 1332/1413/1153
f 1332/1413/1153 1348/1430/1167 1349/1431/1168
f 1332/1413/1153 1349/1431/1168 1333/1414/1154
f 1333/1414/1154 1349/1431/1168 1350/1432/1169
f 1333/1414/1154 1350/1432/1169 1334/1415/1155
f 1334/1415/1155 1350/1432/1169 1351/1433/1170
f 1334/1415/1155 1351/1433/1170 1335/1416/1156
f 1335/1416/1156 1351/1433/1170 1352/1434/1171
f 1335/1416/1156 1352/1434/1171 1336/1417/1157
f 1336/1417/1157 1352/1434/1171 1353/1435/1172
f 1336/1417/1157 1353/1435/1172 1337/1418/1158
f 1337/1418/1158 1353/1435/1172 1354/1436/1173
f 1337/1418/1158 1354/1436/1173 1338/1419/1159
f 1338/1419/1159 1354/1436/1173 1355/1437/9
f 1338/1419/1159 1355/1437/9 1339/1420/9
f 1339/1420/9 1355/1437/9 1356/1438/1174
f 1339/1420/9 1356/1438/1174 1340/1421/1160
f 1340/1421/1160 1356/1438/1174 1357/1439/1175
f 1340/1421/1160 1357/1439/1175 1341/1422/1161
f 1341/1422/1161 1357/1439/1175 1358/1440/1176
f 1341/1422/1161 1358/1440/1176 1342/1423/1162
f 1342/1423/1162 1358/1440/1176 1359/1441/1177
f 1342/1423/1162 1359/1441/1177 1343/1424/1163
f 1343/1424/1163 1359/1441/1177 1360/1442/1178
f 1343/1424/1163 1360/1442/1178 1344/1425/1164
f 1344/1425/1164 1360/1442/1178 1361/1443/1179
f 1344/1425/1164 1361/1443/1179 1345/1426/1165
f 1345/1426/1165 1361/1443/1179 1362/1444/1180
f 1345/1426/1165 1362/1444/1180 1346/1427/1166
f 1346/1427/1166 1362/1444/1180 1347/1445/1
f 1346/1427/1166 1347/1445/1 1331/1428/1
f 1347/1429/1 1363/1446/1 1364/1447/1181
f 1347/1429/1 1364/1447/1181 1348/1430/1167
f 1348/1430/1167 1364/1447/1181 1365/1448/1182
f 1348/1430/1167 1365/1448/1182 1349/1431/1168
f 1349/1431/1168 1365/1448/1182 1366/1449/1183
f 1349/1431/1168 1366/1449/1183 1350/1432/1169
f 1350/1432/1169 1366/1449/1183 1367/1450/1184
f 1350/1432/1169 1367/1450/1184 1351/1433/1170
f 1351/1433/1170 1367/1450/1184 1368/1451/1185
f 1351/1433/1170 1368/1451/1185 1352/1434/1171
f 1352/1434/1171 1368/1451/1185 1369/1452/1186
f 1352/1434/1171 1369/1452/1186 1353/1435/1172
f 1353/1435/1172 1369/1452/1186 1370/1453/1187
f 1353/1435/1172 1370/1453/1187 1354/1436/1173
f 1354/1436/1173 1370/1453/1187 1371/1454/9
f 1354/1436/1173 1371/1454/9 1355/1437/9
f 1355/1437/9 1371/1454/9 1372/1455/1188
f 1355/1437/9 1372/1455/1188 1356/1438/1174
f 1356/1438/1174 1372/1455/1188 1373/1456/1189
f 1356/1438/1174 1373/1456/1189 1357/1439/1175
f 1357/1439/1175 1373/1456/1189 1374/1457/1190
f 1357/1439/1175 1374/1457/1190 1358/1440/1176
f 1358/1440/1176 1374/1457/1190 1375/1458/1191
f 1358/1440/1176 1375/1458/1191 1359/1441/1177
f 1359/1441/1177 1375/1458/1191 1376/1459/1192
f 1359/1441/1177 1376/1459/1192 1360/1442/1178
f 1360/1442/1178 1376/1459/1192 1377/1460/1193
f 1360/1442/1178 1377/1460/1193 1361/1443/1179
f 1361/1443/1179 1377/1460/1193 1378/1461/1194
f 1361/1443/1179 1378/1461/1194 1362/1444/1180
f 1362/1444/1180 1378/1461/1194 1363/1462/1
f 1362/1444/1180 1363/1462/1 1347/1445/1
f 1363/1446/1 1379/1463/1 1380/1464/1195
f 1363/1446/1 1380/1464/1195 1364/1447/1181
f 1364/1447/1181 1380/1464/1195 1381/1465/1196
f 1364/1447/1181 1381/1465/1196 1365/1448/1182
f 1365/1448/1182 1381/1465/1196 1382/1466/1197
f 1365/1448/1182 1382/1466/1197 1366/1449/1183
f 1366/1449/1183 1382/1466/1197 1383/1467/1198
f 1366/1449/1183 1383/1467/1198 1367/1450/1184
f 1367/1450/1184 1383/1467/1198 1384/1468/1199
f 1367/1450/1184 1384/1468/1199 1368/1451/1185
f 1368/1451/1185 1384/1468/1199 1385/1469/1200
f 1368/1451/1185 1385/1469/1200 1369/1452/1186
f 1369/1452/1186 1385/1469/1200 1386/1470/1201
f 1369/1452/1186 1386/1470/1201 1370/1453/1187
f 1370/1453/1187 1386/1470/1201 1387/1471/9
f 1370/1453/1187 1387/1471/9 1371/1454/9
f 1371/1454/9 1387/1471/9 1388/1472/1202
f 1371/1454/9 1388/1472/1202 1372/1455/1188
f 1372/1455/1188 1388/1472/1202 1389/1473/1203
f 1372/1455/1188 1389/1473/1203 1373/1456/1189
f 1373/1456/1189 1389/1473/1203 1390/1474/1204
f 1373/1456/1189 1390/1474/1204 1374/1457/1190
f 1374/1457/1190 1390/1474/1204 1391/1475/1205
f 1374/1457/1190 1391/1475/1205 1375/1458/1191
f 1375/1458/1191 1391/1475/1205 1392/1476/1206
f 1375/1458/1191 1392/1476/1206 1376/1459/1192
f 1376/1459/1192 1392/1476/1206 1393/1477/1207
f 1376/1459/1192 1393/1477/1207 1377/1460/1193
f 1377/1460/1193 1393/1477/1207 1394/1478/1208
f 1377/1460/1193 1394/1478/1208 1378/1461/1194
f 1378/1461/1194 1394/1478/1208 1379/1479/1
f 1378/1461/1194 1379/1479/1 1363/1462/1
f 1379/1463/1 1395/1480/1 1396/1481/1209
f 1379/1463/1 1396/1481/1209 1380/1464/1195
f 1380/1464/1195 1396/1481/1209 1397/1482/1210
f 1380/1464/1195 1397/1482/1210 1381/1465/1196
f 1381/1465/1196 1397/1482/1210 1398/1483/1211
f 1381/1465/1196 1398/1483/1211 1382/1466/1197
f 1382/1466/1197 1398/1483/1211 1399/1484/1212
f 1382/1466/1197 1399/1484/1212 1383/1467/1198
f 1383/1467/1198 1399/1484/1212 1400/1485/1213
f 1383/1467/1198 1400/1485/1213 1384/1468/1199
f 1384/1468/1199 1400/1485/1213 1401/1486/1214
f 1384/1468/1199 1401/1486/1214 1385/1469/1200
f 1385/1469/1200 1401/1486/1214 1402/1487/1215
f 1385/1469/1200 1402/1487/1215 1386/1470/1201
f 1386/1470/1201 1402/1487/1215 1403/1488/9
f 1386/1470/1201 1403/1488/9 1387/1471/9
f 1387/1471/9 1403/1488/9 1404/1489/1216
f 1387/1471/9 1404/1489/1216 1388/1472/1202
f 1388/1472/1202 1404/1489/1216 1405/1490/1217
f 1388/1472/1202 1405/1490/1217 1389/1473/1203
f 1389/1473/1203 1405/1490/1217 1406/1491/1218
f 1389/1473/1203 1406/1491/1218 1390/1474/1204
f 1390/1474/1204 1406/1491/1218 1407/1492/1219
f 1390/1474/1204 1407/1492/1219 1391/1475/1205
f 1391/1475/1205 1407/1492/1219 1408/1493/1220
f 1391/1475/1205 1408/1493/1220 1392/1476/1206
f 1392/1476/1206 1408/1493/1220 1409/1494/1221
f 1392/1476/1206 1409/1494/1221 1393/1477/1207
f 1393/1477/1207 1409/1494/1221 1410/1495/1222
f 1393/1477/1207 1410/1495/1222 1394/1478/1208
f 1394/1478/1208 1410/1495/1222 1395/1496/1
f 1394/1478/1208 1395/1496/1 1379/1479/1
f 1395/1480/1 1411/1497/1 1412/1498/1223
f 1395/1480/1 1412/1498/1223 1396/1481/1209
f 1396/1481/1209 1412/1498/1223 1413/1499/1224
f 1396/1481/1209 1413/1499/1224 1397/1482/1210
f 1397/1482/1210 1413/1499/1224 1414/1500/1225
f 1397/1482/1210 1414/1500/1225 1398/1483/1211
f 1398/1483/1211 1414/1500/1225 1415/1501/1226
f 1398/1483/1211 1415/1501/1226 1399/1484/1212
f 1399/1484/1212 1415/1501/1226 1416/1502/1227
f 1399/1484/1212 1416/1502/1227 1400/1485/1213
f 1400/1485/1213 1416/1502/1227 1417/1503/1228
f 1400/1485/1213 1417/1503/1228 1401/1486/1214
f 1401/1486/1214 1417/1503/1228 1418/1504/1229
f 1401/1486/1214 1418/1504/1229 1402/1487/1215
f 1402/1487/1215 1418/1504/1229 1419/1505/9
f 1402/1487/1215 1419/1505/9 1403/1488/9
f 1403/1488/9 1419/1505/9 1420/1506/1230
f 1403/1488/9 1420/1506/1230 1404/1489/1216
f 1404/1489/1216 1420/1506/1230 1421/1507/1231
f 1404/1489/1216 1421/1507/1231 1405/1490/1217
f 1405/1490/1217 1421/1507/1231 1422/1508/1232
f 1405/1490/1217 1422/1508/1232 1406/1491/1218
f 1406/1491/1218 1422/1508/1232 1423/1509/1233
f 1406/1491/1218 1423/1509/1233 1407/1492/1219
f 1407/1492/1219 1423/1509/1233 1424/1510/1234
f 1407/1492/1219 1424/1510/1234 1408/1493/1220
f 1408/1493/1220 1424/1510/1234 1425/1511/1235
f 1408/1493/1220 1425/1511/1235 1409/1494/1221
f 1409/1494/1221 1425/1511/1235 1426/1512/1236
f 1409/1494/1221 1426/1512/1236 1410/1495/1222
f 1410/1495/1222 1426/1512/1236 1411/1513/1
f 1410/1495/1222 1411/1513/1 1395/1496/1
f 1411/1497/1 1427/1514/1 1428/1515/1237
f 1411/1497/1 1428/1515/1237 1412/1498/1223
f 1412/1498/1223 1428/1515/1237 1429/1516/1238
f 1412/1498/1223 1429/1516/1238 1413/1499/1224
f 1413/1499/1224 1429/1516/1238 1430/1517/1239
f 1413/1499/1224 1430/1517/1239 1414/1500/1225
f 1414/1500/1225 1430/1517/1239 1431/1518/1240
f 1414/1500/1225 1431/1518/1240 1415/1501/1226
f 1415/1501/1226 1431/1518/1240 1432/1519/1241
f 1415/1501/1226 1432/1519/1241 1416/1502/1227
f 1416/1502/1227 1432/1519/1241 1433/1520/1242
f 1416/1502/1227 1433/1520/1242 1417/1503/1228
f 1417/1503/1228 1433/1520/1242 1434/1521/1243
f 1417/1503/1228 1434/1521/1243 1418/1504/1229
f 1418/1504/1229 1434/1521/1243 1435/1522/9
f 1418/1504/1229 1435/1522/9 1419/1505/9
f 1419/1505/9 1435/1522/9 1436/1523/1244
f 1419/1505/9 1436/1523/1244 1420/1506/1230
f 1420/1506/1230 1436/1523/1244 1437/1524/1245
f 1420/1506/1230 1437/1524/1245 1421/1507/1231
f 1421/1507/1231 1437/1524/1245 1438/1525/1246
f 1421/1507/1231 1438/1525/1246 1422/1508/1232
f 1422/1508/1232 1438/1525/1246 1439/1526/1247
f 1422/1508/1232 1439/1526/1247 1423/1509/1233
f 1423/1509/1233 1439/1526/1247 1440/1527/1248
f 1423/1509/1233 1440/1527/1248 1424/1510/1234
f 1424/1510/1234 1440/1527/1248 1441/1528/1249
f 1424/1510/1234 1441/1528/1249 1425/1511/1235
f 1425/1511/1235 1441/1528/1249 1442/1529/1250
f 1425/1511/1235 1442/1529/1250 1426/1512/1236
f 1426/1512/1236 1442/1529/1250 1427/1530/1
f 1426/1512/1236 1427/1530/1 1411/1513/1
f 1427/1514/1 1443/1531/1 1444/1532/1251
f 1427/1514/1 1444/1532/1251 1428/1515/1237
f 1428/1515/1237 1444/1532/1251 1445/1533/1252
f 1428/1515/1237 1445/1533/1252 1429/1516/1238
f 1429/1516/1238 1445/1533/1252 1446/1534/1253
f 1429/1516/1238 1446/1534/1253 1430/1517/1239
f 1430/1517/1239 1446/1534/1253 1447/1535/1254
f 1430/1517/1239 1447/1535/1254 1431/1518/1240
f 1431/1518/1240 1447/1535/1254 1448/1536/1255
f 1431/1518/1240 1448/1536/1255 1432/1519/1241
f 1432/1519/1241 1448/1536/1255 1449/1537/1256
f 1432/1519/1241 1449/1537/1256 1433/1520/1242
f 1433/1520/1242 1449/1537/1256 1450/1538/1257
f 1433/1520/1242 1450/1538/1257 1434/1521/1243
f 1434/1521/1243 1450/1538/1257 1451/1539/9
f 1434/1521/1243 1451/1539/9 1435/1522/9
f 1435/1522/9 1451/1539/9 1452/1540/1258
f 1435/1522/9 1452/1540/1258 1436/1523/1244
f 1436/1523/1244 1452/1540/1258 1453/1541/1259
f 1436/1523/1244 1453/1541/1259 1437/1524/1245
f 1437/1524/1245 1453/1541/1259 1454/1542/1260
f 1437/1524/1245 1454/1542/1260 1438/1525/1246
f 1438/1525/1246 1454/1542/1260 1455/1543/1261
f 1438/1525/1246 1455/1543/1261 1439/1526/1247
f 1439/1526/1247 1455/1543/1261 1456/1544/1262
f 1439/1526/1247 1456/1544/1262 1440/1527/1248
f 1440/1527/1248 1456/1544/1262 1457/1545/1263
f 1440/1527/1248 1457/1545/1263 1441/1528/1249
f 1441/1528/1249 1457/1545/1263 1458/1546/1264
f 1441/1528/1249 1458/1546/1264 1442/1529/1250
f 1442/1529/1250 1458/1546/1264 1443/1547/1
f 1442/1529/1250 1443/1547/1 1427/1530/1
f 1443/1531/1 1459/1548/1 1460/1549/1265
f 1443/1531/1 1460/1549/1265 1444/1532/1251
f 1444/1532/1251 1460/1549/1265 1461/1550/1266
f 1444/1532/1251 1461/1550/1266 1445/1533/1252
f 1445/1533/1252 1461/1550/1266 1462/1551/1267
f 1445/1533/1252 1462/1551/1267 1446/1534/1253
f 1446/1534/1253 1462/1551/1267 1463/1552/1268
f 1446/1534/1253 1463/1552/1268 1447/1535/1254
f 1447/1535/1254 1463/1552/1268 1464/1553/1269
f 1447/1535/1254 1464/1553/1269 1448/1536/1255
f 1448/1536/1255 1464/1553/1269 1465/1554/1270
f 1448/1536/1255 1465/1554/1270 1449/1537/1256
f 1449/1537/1256 1465/1554/1270 1466/1555/1271
f 1449/1537/1256 1466/1555/1271 1450/1538/1257
f 1450/1538/1257 1466/1555/1271 1467/1556/9
f 1450/1538/1257 1467/1556/9 1451/1539/9
f 1451/1539/9 1467/1556/9 1468/1557/1272
f 1451/1539/9 1468/1557/1272 1452/1540/1258
f 1452/1540/1258 1468/1557/1272 1469/1558/1273
f 1452/1540/1258 1469/1558/1273 1453/1541/1259
f 1453/1541/1259 1469/1558/1273 1470/1559/1274
f 1453/1541/1259 1470/1559/1274 1454/1542/1260
f 1454/1542/1260 1470/1559/1274 1471/1560/1275
f 1454/1542/1260 1471/1560/1275 1455/1543/1261
f 1455/1543/1261 1471/1560/1275 1472/1561/1276
f 1455/1543/1261 1472/1561/1276 1456/1544/1262
f 1456/1544/1262 1472/1561/1276 1473/1562/1277
f 1456/1544/1262 1473/1562/1277 1457/1545/1263
f 1457/1545/1263 1473/1562/1277 1474/1563/1278
f 1457/1545/1263 1474/1563/1278 1458/1546/1264
f 1458/1546/1264 1474/1563/1278 1459/1564/1
f 1458/1546/1264 1459/1564/1 1443/1547/1
f 1459/1548/1 1475/1565/1 1476/1566/1279
f 1459/1548/1 1476/1566/1279 1460/1549/1265
f 1460/1549/1265 1476/1566/1279 1477/1567/1280
f 1460/1549/1265 1477/1567/1280 1461/1550/1266
f 1461/1550/1266 1477/1567/1280 1478/1568/1281
f 1461/1550/1266 1478/1568/1281 1462/1551/1267
f 1462/1551/1267 1478/1568/1281 1479/1569/1282
f 1462/1551/1267 1479/1569/1282 1463/1552/1268
f 1463/1552/1268 1479/1569/1282 1480/1570/1283
f 1463/1552/1268 1480/1570/1283 1464/1553/1269
f 1464/1553/1269 1480/1570/1283 1481/1571/1284
f 1464/1553/1269 1481/1571/1284 1465/1554/1270
f 1465/1554/1270 1481/1571/1284 1482/1572/1285
f 1465/1554/1270 1482/1572/1285 1466/1555/1271
f 1466/1555/1271 1482/1572/1285 1483/1573/9
f 1466/1555/1271 1483/1573/9 1467/1556/9
f 1467/1556/9 1483/1573/9 1484/1574/1286
f 1467/1556/9 1484/1574/1286 1468/1557/1272
f 1468/1557/1272 1484/1574/1286 1485/1575/1287
f 1468/1557/1272 1485/1575/1287 1469/1558/1273
f 1469/1558/1273 1485/1575/1287 1486/1576/1288
f 1469/1558/1273 1486/1576/1288 1470/1559/1274
f 1470/1559/1274 1486/1576/1288 1487/1577/1289
f 1470/1559/1274 1487/1577/1289 1471/1560/1275
f 1471/1560/1275 1487/1577/1289 1488/1578/1290
f 1471/1560/1275 1488/1578/1290 1472/1561/1276
f 1472/1561/1276 1488/1578/1290 1489/1579/1291
f 1472/1561/1276 1489/1579/1291 1473/1562/1277
f 1473/1562/1277 1489/1579/1291 1490/1580/1292
f 1473/1562/1277 1490/1580/1292 1474/1563/1278
f 1474/1563/1278 1490/1580/1292 1475/1581/1
f 1474/1563/1278 1475/1581/1 1459/1564/1
f 1475/1565/1 1491/1582/1 1492/1583/1293
f 1475/1565/1 1492/1583/1293 1476/1566/1279
f 1476/1566/1279 1492/1583/1293 1493/1584/1294
f 1476/1566/1279 1493/1584/1294 1477/1567/1280
f 1477/1567/1280 1493/1584/1294 1494/1585/1295
f 1477/1567/1280 1494/1585/1295 1478/1568/1281
f 1478/1568/1281 1494/1585/1295 1495/1586/1296
f 1478/1568/1281 1495/1586/1296 1479/1569/1282
f 1479/1569/1282 1495/1586/1296 1496/1587/1297
f 1479/1569/1282 1496/1587/1297 1480/1570/1283
f 1480/1570/1283 1496/1587/1297 1497/1588/1298
f 1480/1570/1283 1497/1588/1298 1481/1571/1284
f 1481/1571/1284 1497/1588/1298 1498/1589/1299
f 1481/1571/1284 1498/1589/1299 1482/1572/1285
f 1482/1572/1285 1498/1589/1299 1499/1590/9
f 1482/1572/1285 1499/1590/9 1483/1573/9
f 1483/1573/9 1499/1590/9 1500/1591/1300
f 1483/1573/9 1500/1591/1300 1484/1574/1286
f 1484/1574/1286 1500/1591/1300 1501/1592/1301
f 1484/1574/1286 1501/1592/1301 1485/1575/1287
f 1485/1575/1287 1501/1592/1301 1502/1593/1302
f 1485/1575/1287 1502/1593/1302 1486/1576/1288
f 1486/1576/1288 1502/1593/1302 1503/1594/1303
f 1486/1576/1288 1503/1594/1303 1487/1577/1289
f 1487/1577/1289 1503/1594/1303 1504/1595/1304
f 1487/1577/1289 1504/1595/1304 1488/1578/1290
f 1488/1578/1290 1504/1595/1304 1505/1596/1305
f 1488/1578/1290 1505/1596/1305 1489/1579/1291
f 1489/1579/1291 1505/1596/1305 1506/1597/1306
f 1489/1579/1291 1506/1597/1306 1490/1580/1292
f 1490/1580/1292 1506/1597/1306 1491/1598/1
f 1490/1580/1292 1491/1598/1 1475/1581/1
f 1491/1582/1 1507/1599/1 1508/1600/1307
f 1491/1582/1 1508/1600/1307 1492/1583/1293
f 1492/1583/1293 1508/1600/1307 1509/1601/1308
f 1492/1583/1293 1509/1601/1308 1493/1584/1294
f 1493/1584/1294 1509/1601/1308 1510/1602/1309
f 1493/1584/1294 1510/1602/1309 1494/1585/1295
f 1494/1585/1295 1510/1602/1309 1511/1603/1310
f 1494/1585/1295 1511/1603/1310 1495/1586/1296
f 1495/1586/1296 1511/1603/1310 1512/1604/1311
f 1495/1586/1296 1512/1604/1311 1496/1587/1297
f 1496/1587/1297 1512/1604/1311 1513/1605/1312
f 1496/1587/1297 1513/1605/1312 1497/1588/1298
f 1497/1588/1298 1513/1605/1312 1514/1606/1313
f 1497/1588/1298 1514/1606/1313 1498/1589/1299
f 1498/1589/1299 1514/1606/1313 1515/1607/9
f 1498/1589/1299 1515/1607/9 1499/1590/9
f 1499/1590/9 1515/1607/9 1516/1608/1314
f 1499/1590/9 1516/1608/1314 1500/1591/1300
f 1500/1591/1300 1516/1608/1314 1517/1609/1315
f 1500/1591/1300 1517/1609/1315 1501/1592/1301
f 1501/1592/1301 1517/1609/1315 1518/1610/1316
f 1501/1592/1301 1518/1610/1316 1502/1593/1302
f 1502/1593/1302 1518/1610/1316 1519/1611/1317
f 1502/1593/1302 1519/1611/1317 1503/1594/1303
f 1503/1594/1303 1519/1611/1317 1520/1612/1318
f 1503/1594/1303 1520/1612/1318 1504/1595/1304
f 1504/1595/1304 1520/1612/1318 1521/1613/1319
f 1504/1595/1304 1521/1613/1319 1505/1596/1305
f 1505/1596/1305 1521/1613/1319 1522/1614/1320
f 1505/1596/1305 1522/1614/1320 1506/1597/1306
f 1506/1597/1306 1522/1614/1320 1507/1615/1
f 1506/1597/1306 1507/1615/1 1491/1598/1
f 1507/1599/1 1523/1616/1 1524/1617/1321
f 1507/1599/1 1524/1617/1321 1508/1600/1307
f 1508/1600/1307 1524/1617/1321 1525/1618/1322
f 1508/1600/1307 1525/1618/1322 1509/1601/1308
f 1509/1601/1308 1525/1618/1322 1526/1619/1323
f 1509/1601/1308 1526/1619/1323 1510/1602/1309
f 1510/1602/1309 1526/1619/1323 1527/1620/1324
f 1510/1602/1309 1527/1620/1324 1511/1603/1310
f 1511/1603/1310 1527/1620/1324 1528/1621/1325
f 1511/1603/1310 1528/1621/1325 1512/1604/1311
f 1512/1604/1311 1528/1621/1325 1529/1622/1326
f 1512/1604/1311 1529/1622/1326 1513/1605/1312
f 1513/1605/1312 1529/1622/1326 1530/1623/1327
f 1513/1605/1312 1530/1623/1327 1514/1606/1313
f 1514/1606/1313 1530/1623/1327 1531/1624/9
f 1514/1606/1313 1531/1624/9 1515/1607/9
f 1515/1607/9 1531/1624/9 1532/1625/1328
f 1515/1607/9 1532/1625/1328 1516/1608/1314
f 1516/1608/1314 1532/1625/1328 1533/1626/1329
f 1516/1608/1314 1533/1626/1329 1517/1609/1315
f 1517/1609/1315 1533/1626/1329 1534/1627/1330
f 1517/1609/1315 1534/1627/1330 1518/1610/1316
f 1518/1610/1316 1534/1627/1330 1535/1628/1331
f 1518/1610/1316 1535/1628/1331 1519/1611/1317
f 1519/1611/1317 1535/1628/1331 1536/1629/1332
f 1519/1611/1317 1536/1629/1332 1520/1612/1318
f 1520/1612/1318 1536/1629/1332 1537/1630/1333
f 1520/1612/1318 1537/1630/1333 1521/1613/1319
f 1521/1613/1319 1537/1630/1333 1538/1631/1334
f 1521/1613/1319 1538/1631/1334 1522/1614/1320
f 1522/1614/1320 1538/1631/1334 1523/1632/1
f 1522/1614/1320 1523/1632/1 1507/1615/1
f 1523/1616/1 1539/1633/1 1540/1634/1335
f 1523/1616/1 1540/1634/1335 1524/1617/1321
f 1524/1617/1321 1540/1634/1335 1541/1635/1336
f 1524/1617/1321 1541/1635/1336 1525/1618/1322
f 1525/1618/1322 1541/1635/1336 1542/1636/1337
f 1525/1618/1322 1542/1636/1337 1526/1619/1323
f 1526/1619/1323 1542/1636/1337 1543/1637/1338
f 1526/1619/1323 1543/1637/1338 1527/1620/1324
f 1527/1620/1324 1543/1637/1338 1544/1638/1339
f 1527/1620/1324 1544/1638/1339 1528/1621/1325
f 1528/1621/1325 1544/1638/1339 1545/1639/1340
f 1528/1621/1325 1545/1639/1340 1529/1622/1326
f 1529/1622/1326 1545/1639/1340 1546/1640/1341
f 1529/1622/1326 1546/1640/1341 1530/1623/1327
f 1530/1623/1327 1546/1640/1341 1547/1641/9
f 1530/1623/1327 1547/1641/9 1531/1624/9
f 1531/1624/9 1547/1641/9 1548/1642/1342
f 1531/1624/9 1548/1642/1342 1532/1625/1328
f 1532/1625/1328 1548/1642/1342 1549/1643/1343
f 1532/1625/1328 1549/1643/1343 1533/1626/1329
f 1533/1626/1329 1549/1643/1343 1550/1644/1344
f 1533/1626/1329 1550/1644/1344 1534/1627/1330
f 1534/1627/1330 1550/1644/1344 1551/1645/1345
f 1534/1627/1330 1551/1645/1345 1535/1628/1331
f 1535/1628/1331 1551/1645/1345 1552/1646/1346
f 1535/1628/1331 1552/1646/1346 1536/1629/1332
f 1536/1629/1332 1552/1646/1346 1553/1647/1347
f 1536/1629/1332 1553/1647/1347 1537/1630/1333
f 1537/1630/1333 1553/1647/1347 1554/1648/1348
f 1537/1630/1333 1554/1648/1348 1538/1631/1334
f 1538/1631/1334 1554/1648/1348 1539/1649/1
f 1538/1631/1334 1539/1649/1 1523/1632/1
f 1539/1633/1 1555/1650/1 1556/1651/1349
f 1539/1633/1 1556/1651/1349 1540/1634/1335
f 1540/1634/1335 1556/1651/1349 1557/1652/1350
f 1540/1634/1335 1557/1652/1350 1541/1635/1336
f 1541/1635/1336 1557/1652/1350 1558/1653/1351
f 1541/1635/1336 1558/1653/1351 1542/1636/1337
f 1542/1636/1337 1558/1653/1351 1559/1654/1352
f 1542/1636/1337 1559/1654/1352 1543/1637/1338
f 1543/1637/1338 1559/1654/1352 1560/1655/1353
f 1543/1637/1338 1560/1655/1353 1544/1638/1339
f 1544/1638/1339 1560/1655/1353 1561/1656/1354
f 1544/1638/1339 1561/1656/1354 1545/1639/1340
f 1545/1639/1340 1561/1656/1354 1562/1657/1355
f 1545/1639/1340 1562/1657/1355 1546/1640/1341
f 1546/1640/1341 1562/1657/1355 1563/1658/9
f 1546/1640/1341 1563/1658/9 1547/1641/9
f 1547/1641/9 1563/1658/9 1564/1659/1356
f 1547/1641/9 1564/1659/1356 1548/1642/1342
f 1548/1642/1342 1564/1659/1356 1565/1660/1357
f 1548/1642/1342 1565/1660/1357 1549/1643/1343
f 1549/1643/1343 1565/1660/1357 1566/1661/1358
f 1549/1643/1343 1566/1661/1358 1550/1644/1344
f 1550/1644/1344 1566/1661/1358 1567/1662/1359
f 1550/1644/1344 1567/1662/1359 1551/1645/1345
f 1551/1645/1345 1567/1662/1359 1568/1663/1360
f 1551/1645/1345 1568/1663/1360 1552/1646/1346
f 1552/1646/1346 1568/1663/1360 1569/1664/1361
f 1552/1646/1346 1569/1664/1361 1553/1647/1347
f 1553/1647/1347 1569/1664/1361 1570/1665/1362
f 1553/1647/1347 1570/1665/1362 1554/1648/1348
f 1554/1648/1348 1570/1665/1362 1555/1666/1
f 1554/1648/1348 1555/1666/1 1539/1649/1
f 1555/1650/1 1571/1667/1 1572/1668/1363
f 1555/1650/1 1572/1668/1363 1556/1651/1349
f 1556/1651/1349 1572/1668/1363 1573/1669/1364
f 1556/1651/1349 1573/1669/1364 1557/1652/1350
f 1557/1652/1350 1573/1669/1364 1574/1670/1365
f 1557/1652/1350 1574/1670/1365 1558/1653/1351
f 1558/1653/1351 1574/1670/1365 1575/1671/1366
f 1558/1653/1351 1575/1671/1366 1559/1654/1352
f 1559/1654/1352 1575/1671/1366 1576/1672/1367
f 1559/1654/1352 1576/1672/1367 1560/1655/1353
f 1560/1655/1353 1576/1672/1367 1577/1673/1368
f 1560/1655/1353 1577/1673/1368 1561/1656/1354
f 1561/1656/1354 1577/1673/1368 1578/1674/1369
f 1561/1656/1354 1578/1674/1369 1562/1657/1355
f 1562/1657/1355 1578/1674/1369 1579/1675/9
f 1562/1657/1355 1579/1675/9 1563/1658/9
f 1563/1658/9 1579/1675/9 1580/1676/1370
f 1563/1658/9 1580/1676/1370 1564/1659/1356
f 1564/1659/1356 1580/1676/1370 1581/1677/1371
f 1564/1659/1356 1581/1677/1371 1565/1660/1357
f 1565/1660/1357 1581/1677/1371 1582/1678/1372
f 1565/1660/1357 1582/1678/1372 1566/1661/1358
f 1566/1661/1358 1582/1678/1372 1583/1679/1373
f 1566/1661/1358 1583/1679/1373 1567/1662/1359
f 1567/1662/1359 1583/1679/1373 1584/1680/1374
f 1567/1662/1359 1584/1680/1374 1568/1663/1360
f 1568/1663/1360 1584/1680/1374 1585/1681/1375
f 1568/1663/1360 1585/1681/1375 1569/1664/1361
f 1569/1664/1361 1585/1681/1375 1586/1682/1376
f 1569/1664/1361 1586/1682/1376 1570/1665/1362
f 1570/1665/1362 1586/1682/1376 1571/1683/1
f 1570/1665/1362 1571/1683/1 1555/1666/1
f 1571/1667/1 1587/1684/1 1588/1685/1377
f 1571/1667/1 1588/1685/1377 1572/1668/1363
f 1572/1668/1363 1588/1685/1377 1589/1686/1378
f 1572/1668/1363 1589/1686/1378 1573/1669/1364
f 1573/1669/1364 1589/1686/1378 1590/1687/1379
f 1573/1669/1364 1590/1687/1379 1574/1670/1365
f 1574/1670/1365 1590/1687/1379 1591/1688/1380
f 1574/1670/1365 1591/1688/1380 1575/1671/1366
f 1575/1671/1366 1591/1688/1380 1592/1689/1381
f 1575/1671/1366 1592/1689/1381 1576/1672/1367
f 1576/1672/1367 1592/1689/1381 1593/1690/1382
f 1576/1672/1367 1593/1690/1382 1577/1673/1368
f 1577/1673/1368 1593/1690/1382 1594/1691/1383
f 1577/1673/1368 1594/1691/1383 1578/1674/1369
f 1578/1674/1369 1594/1691/1383 1595/1692/9
f 1578/1674/1369 1595/1692/9 1579/1675/9
f 1579/1675/9 1595/1692/9 1596/1693/1384
f 1579/1675/9 1596/1693/1384 1580/1676/1370
f 1580/1676/1370 1596/1693/1384 1597/1694/1385
f 1580/1676/1370 1597/1694/1385 1581/1677/1371
f 1581/1677/1371 1597/1694/1385 1598/1695/1386
f 1581/1677/1371 1598/1695/1386 1582/1678/1372
f 1582/1678/1372 1598/1695/1386 1599/1696/1387
f 1582/1678/1372 1599/1696/1387 1583/1679/1373
f 1583/1679/1373 1599/1696/1387 1600/1697/1388
f 1583/1679/1373 1600/1697/1388 1584/1680/1374
f 1584/1680/1374 1600/1697/1388 1601/1698/1389
f 1584/1680/1374 1601/1698/1389 1585/1681/1375
f 1585/1681/1375 1601/1698/1389 1602/1699/1390
f 1585/1681/1375 1602/1699/1390 1586/1682/1376
f 1586/1682/1376 1602/1699/1390 1587/1700/1
f 1586/1682/1376 1587/1700/1 1571/1683/1
f 1587/1684/1 1603/1701/1 1604/1702/1391
f 1587/1684/1 1604/1702/1391 1588/1685/1377
f 1588/1685/1377 1604/1702/1391 1605/1703/1392
f 1588/1685/1377 1605/1703/1392 1589/1686/1378
f 1589/1686/1378 1605/1703/1392 1606/1704/1393
f 1589/1686/1378 1606/1704/1393 1590/1687/1379
f 1590/1687/1379 1606/1704/1393 1607/1705/1394
f 1590/1687/1379 1607/1705/1394 1591/1688/1380
f 1591/1688/1380 1607/1705/1394 1608/1706/1395
f 1591/1688/1380 1608/1706/1395 1592/1689/1381
f 1592/1689/1381 1608/1706/1395 1609/1707/1396
f 1592/1689/1381 1609/1707/1396 1593/1690/1382
f 1593/1690/1382 1609/1707/1396 1610/1708/1397
f 1593/1690/1382 1610/1708/1397 1594/1691/1383
f 1594/1691/1383 1610/1708/1397 1611/1709/9
f 1594/1691/1383 1611/1709/9 1595/1692/9
f 1595/1692/9 1611/1709/9 1612/1710/1398
f 1595/1692/9 1612/1710/1398 1596/1693/1384
f 1596/1693/1384 1612/1710/1398 1613/1711/1399
f 1596/1693/1384 1613/1711/1399 1597/1694/1385
f 1597/1694/1385 1613/1711/1399 1614/1712/1400
f 1597/1694/1385 1614/1712/1400 1598/1695/1386
f 1598/1695/1386 1614/1712/1400 1615/1713/1401
f 1598/1695/1386 1615/1713/1401 1599/1696/1387
f 1599/1696/1387 1615/1713/1401 1616/1714/1402
f 1599/1696/1387 1616/1714/1402 1600/1697/1388
f 1600/1697/1388 1616/1714/1402 1617/1715/1403
f 1600/1697/1388 1617/1715/1403 1601/1698/1389
f 1601/1698/1389 1617/1715/1403 1618/1716/1404
f 1601/1698/1389 1618/1716/1404 1602/1699/1390
f 1602/1699/1390 1618/1716/1404 1603/1717/1
f 1602/1699/1390 1603/1717/1 1587/1700/1
f 1603/1701/1 1619/1718/1 1620/1719/1405
f 1603/1701/1 1620/1719/1405 1604/1702/1391
f 1604/1702/1391 1620/1719/1405 1621/1720/1406
f 1604/1702/1391 1621/1720/1406 1605/1703/1392
f 1605/1703/1392 1621/1720/1406 1622/1721/1407
f 1605/1703/1392 1622/1721/1407 1606/1704/1393
f 1606/1704/1393 1622/1721/1407 1623/1722/1408
f 1606/1704/1393 1623/1722/1408 1607/1705/1394
f 1607/1705/1394 1623/1722/1408 1624/1723/1409
f 1607/1705/1394 1624/1723/1409 1608/1706/1395
f 1608/1706/1395 1624/1723/1409 1625/1724/1410
f 1608/1706/1395 1625/1724/1410 1609/1707/1396
f 1609/1707/1396 1625/1724/1410 1626/1725/1411
f 1609/1707/1396 1626/1725/1411 1610/1708/1397
f 1610/1708/1397 1626/1725/1411 1627/1726/9
f 1610/1708/1397 1627/1726/9 1611/1709/9
f 1611/1709/9 1627/1726/9 1628/1727/1412
f 1611/1709/9 1628/1727/1412 1612/1710/1398
f 1612/1710/1398 1628/1727/1412 1629/1728/1413
f 1612/1710/1398 1629/1728/1413 1613/1711/1399
f 1613/1711/1399 1629/1728/1413 1630/1729/1414
f 1613/1711/1399 1630/1729/1414 1614/1712/1400
f 1614/1712/1400 1630/1729/1414 1631/1730/1415
f 1614/1712/1400 1631/1730/1415 1615/1713/1401
f 1615/1713/1401 1631/1730/1415 1632/1731/1416
f 1615/1713/1401 1632/1731/1416 1616/1714/1402
f 1616/1714/1402 1632/1731/1416 1633/1732/1417
f 1616/1714/1402 1633/1732/1417 1617/1715/1403
f 1617/1715/1403 1633/1732/1417 1634/1733/1418
f 1617/1715/1403 1634/1733/1418 1618/1716/1404
f 1618/1716/1404 1634/1733/1418 1619/1734/1
f 1618/1716/1404 1619/1734/1 1603/1717/1
f 1619/1718/1 1635/1735/1 1636/1736/1419
f 1619/1718/1 1636/1736/1419 1620/1719/1405
f 1620/1719/1405 1636/1736/1419 1637/1737/1420
f 1620/1719/1405 1637/1737/1420 1621/1720/1406
f 1621/1720/1406 1637/1737/1420 1638/1738/1421
f 1621/1720/1406 1638/1738/1421 1622/1721/1407
f 1622/1721/1407 1638/1738/1421 1639/1739/1422
f 1622/1721/1407 1639/1739/1422 1623/1722/1408
f 1623/1722/1408 1639/1739/1422 1640/1740/1423
f 1623/1722/1408 1640/1740/1423 1624/1723/1409
f 1624/1723/1409 1640/1740/1423 1641/1741/1424
f 1624/1723/1409 1641/1741/1424 1625/1724/1410
f 1625/1724/1410 1641/1741/1424 1642/1742/1425
f 1625/1724/1410 1642/1742/1425 1626/1725/1411
f 1626/1725/1411 1642/1742/1425 1643/1743/9
f 1626/1725/1411 1643/1743/9 1627/1726/9
f 1627/1726/9 1643/1743/9 1644/1744/1426
f 1627/1726/9 1644/1744/1426 1628/1727/1412
f 1628/1727/1412 1644/1744/1426 1645/1745/1427
f 1628/1727/1412 1645/1745/1427 1629/1728/1413
f 1629/1728/1413 1645/1745/1427 1646/1746/1428
f 1629/1728/1413 1646/1746/1428 1630/1729/1414
f 1630/1729/1414 1646/1746/1428 1647/1747/1429
f 1630/1729/1414 1647/1747/1429 1631/1730/1415
f 1631/1730/1415 1647/1747/1429 1648/1748/1430
f 1631/1730/1415 1648/1748/1430 1632/1731/1416
f 1632/1731/1416 1648/1748/1430 1649/1749/1431
f 1632/1731/1416 1649/1749/1431 1633/1732/1417
f 1633/1732/1417 1649/1749/1431 1650/1750/1432
f 1633/1732/1417 1650/1750/1432 1634/1733/1418
f 1634/1733/1418 1650/1750/1432 1635/1751/1
f 1634/1733/1418 1635/1751/1 1619/1734/1
f 1635/1735/1 1651/1752/1 1652/1753/1433
f 1635/1735/1 1652/1753/1433 1636/1736/1419
f 1636/1736/1419 1652/1753/1433 1653/1754/1434
f 1636/1736/1419 1653/1754/1434 1637/1737/1420
f 1637/1737/1420 1653/1754/1434 1654/1755/1435
f 1637/1737/1420 1654/1755/1435 1638/1738/1421
f 1638/1738/1421 1654/1755/1435 1655/1756/1436
f 1638/1738/1421 1655/1756/1436 1639/1739/1422
f 1639/1739/1422 1655/1756/1436 1656/1757/1437
f 1639/1739/1422 1656/1757/1437 1640/1740/1423
f 1640/1740/1423 1656/1757/1437 1657/1758/1438
f 1640/1740/1423 1657/1758/1438 1641/1741/1424
f 1641/1741/1424 1657/1758/1438 1658/1759/1439
f 1641/1741/1424 1658/1759/1439 1642/1742/1425
f 1642/1742/1425 1658/1759/1439 1659/1760/9
f 1642/1742/1425 1659/1760/9 1643/1743/9
f 1643/1743/9 1659/1760/9 1660/1761/1440
f 1643/1743/9 1660/1761/1440 1644/1744/1426
f 1644/1744/1426 1660/1761/1440 1661/1762/1441
f 1644/1744/1426 1661/1762/1441 1645/1745/1427
f 1645/1745/1427 1661/1762/1441 1662/1763/1442
f 1645/1745/1427 1662/1763/1442 1646/1746/1428
f 1646/1746/1428 1662/1763/1442 1663/1764/1443
f 1646/1746/1428 1663/1764/1443 1647/1747/1429
f 1647/1747/1429 1663/1764/1443 1664/1765/1444
f 1647/1747/1429 1664/1765/1444 1648/1748/1430
f 1648/1748/1430 1664/1765/1444 1665/1766/1445
f 1648/1748/1430 1665/1766/1445 1649/1749/1431
f 1649/1749/1431 1665/1766/1445 1666/1767/1446
f 1649/1749/1431 1666/1767/1446 1650/1750/1432
f 1650/1750/1432 1666/1767/1446 1651/1768/1
f 1650/1750/1432 1651/1768/1 1635/1751/1
f 1651/1752/1 1667/1769/1 1668/1770/1447
f 1651/1752/1 1668/1770/1447 1652/1753/1433
f 1652/1753/1433 1668/1770/1447 1669/1771/1448
f 1652/1753/1433 1669/1771/1448 1653/1754/1434
f 1653/1754/1434 1669/1771/1448 1670/1772/1449
f 1653/1754/1434 1670/1772/1449 1654/1755/1435
f 1654/1755/1435 1670/1772/1449 1671/1773/1450
f 1654/1755/1435 1671/1773/1450 1655/1756/1436
f 1655/1756/1436 1671/1773/1450 1672/1774/1451
f 1655/1756/1436 1672/1774/1451 1656/1757/1437
f 1656/1757/1437 1672/1774/1451 1673/1775/1452
f 1656/1757/1437 1673/1775/1452 1657/1758/1438
f 1657/1758/1438 1673/1775/1452 1674/1776/1453
f 1657/1758/1438 1674/1776/1453 1658/1759/1439
f 1658/1759/1439 1674/1776/1453 1675/1777/9
f 1658/1759/1439 1675/1777/9 1659/1760/9
f 1659/1760/9 1675/1777/9 1676/1778/1454
f 1659/1760/9 1676/1778/1454 1660/1761/1440
f 1660/1761/1440 1676/1778/1454 1677/1779/1455
f 1660/1761/1440 1677/1779/1455 1661/1762/1441
f 1661/1762/1441 1677/1779/1455 1678/1780/1456
f 1661/1762/1441 1678/1780/1456 1662/1763/1442
f 1662/1763/1442 1678/1780/1456 1679/1781/1457
f 1662/1763/1442 1679/1781/1457 1663/1764/1443
f 1663/1764/1443 1679/1781/1457 1680/1782/1458
f 1663/1764/1443 1680/1782/1458 1664/1765/1444
f 1664/1765/1444 1680/1782/1458 1681/1783/1459
f 1664/1765/1444 1681/1783/1459 1665/1766/1445
f 1665/1766/1445 1681/1783/1459 1682/1784/1460
f 1665/1766/1445 1682/1784/1460 1666/1767/1446
f 1666/1767/1446 1682/1784/1460 1667/1785/1
f 1666/1767/1446 1667/1785/1 1651/1768/1
f 1667/1769/1 1683/1786/1 1684/1787/1461
f 1667/1769/1 1684/1787/1461 1668/1770/1447
f 1668/1770/1447 1684/1787/1461 1685/1788/1462
f 1668/1770/1447 1685/1788/1462 1669/1771/1448
f 1669/1771/1448 1685/1788/1462 1686/1789/1463
f 1669/1771/1448 1686/1789/1463 1670/1772/1449
f 1670/1772/1449 1686/1789/1463 1687/1790/1464
f 1670/1772/1449 1687/1790/1464 1671/1773/1450
f 1671/1773/1450 1687/1790/1464 1688/1791/1465
f 1671/1773/1450 1688/1791/1465 1672/1774/1451
f 1672/1774/1451 1688/1791/1465 1689/1792/1466
f 1672/1774/1451 1689/1792/1466 1673/1775/1452
f 1673/1775/1452 1689/1792/1466 1690/1793/1467
f 1673/1775/1452 1690/1793/1467 1674/1776/1453
f 1674/1776/1453 1690/1793/1467 1691/1794/9
f 1674/1776/1453 1691/1794/9 1675/1777/9
f 1675/1777/9 1691/1794/9 1692/1795/1468
f 1675/1777/9 1692/1795/1468 1676/1778/1454
f 1676/1778/1454 1692/1795/1468 1693/1796/1469
f 1676/1778/1454 1693/1796/1469 1677/1779/1455
f 1677/1779/1455 1693/1796/1469 1694/1797/1470
f 1677/1779/1455 1694/1797/1470 1678/1780/1456
f 1678/1780/1456 1694/1797/1470 1695/1798/1471
f 1678/1780/1456 1695/1798/1471 1679/1781/1457
f 1679/1781/1457 1695/1798/1471 1696/1799/1472
f 1679/1781/1457 1696/1799/1472 1680/1782/1458
f 1680/1782/1458 1696/1799/1472 1697/1800/1473
f 1680/1782/1458 1697/1800/1473 1681/1783/1459
f 1681/1783/1459 1697/1800/1473 1698/1801/1474
f 1681/1783/1459 1698/1801/1474 1682/1784/1460
f 1682/1784/1460 1698/1801/1474 1683/1802/1
f 1682/1784/1460 1683/1802/1 1667/1785/1
f 1683/1786/1 1699/1803/1 1700/1804/1475
f 1683/1786/1 1700/1804/1475 1684/1787/1461
f 1684/1787/1461 1700/1804/1475 1701/1805/1476
f 1684/1787/1461 1701/1805/1476 1685/1788/1462
f 1685/1788/1462 1701/1805/1476 1702/1806/1477
f 1685/1788/1462 1702/1806/1477 1686/1789/1463
f 1686/1789/1463 1702/1806/1477 1703/1807/1478
f 1686/1789/1463 1703/1807/1478 1687/1790/1464
f 1687/1790/1464 1703/1807/1478 1704/1808/1479
f 1687/1790/1464 1704/1808/1479 1688/1791/1465
f 1688/1791/1465 1704/1808/1479 1705/1809/1480
f 1688/1791/1465 1705/1809/1480 1689/1792/1466
f 1689/1792/1466 1705/1809/1480 1706/1810/1481
f 1689/1792/1466 1706/1810/1481 1690/1793/1467
f 1690/1793/1467 1706/1810/1481 1707/1811/9
f 1690/1793/1467 1707/1811/9 1691/1794/9
f 1691/1794/9 1707/1811/9 1708/1812/1482
f 1691/1794/9 1708/1812/1482 1692/1795/1468
f 1692/1795/1468 1708/1812/1482 1709/1813/1483
f 1692/1795/1468 1709/1813/1483 1693/1796/1469
f 1693/1796/1469 1709/1813/1483 1710/1814/1484
f 1693/1796/1469 1710/1814/1484 1694/1797/1470
f 1694/1797/1470 1710/1814/1484 1711/1815/1485
f 1694/1797/1470 1711/1815/1485 1695/1798/1471
f 1695/1798/1471 1711/1815/1485 1712/1816/1486
f 1695/1798/1471 1712/1816/1486 1696/1799/1472
f 1696/1799/1472 1712/1816/1486 1713/1817/1487
f 1696/1799/1472 1713/1817/1487 1697/1800/1473
f 1697/1800/1473 1713/1817/1487 1714/1818/1488
f 1697/1800/1473 1714/1818/1488 1698/1801/1474
f 1698/1801/1474 1714/1818/1488 1699/1819/1
f 1698/1801/1474 1699/1819/1 1683/1802/1
f 1699/1803/1 1715/1820/1 1716/1821/1489
f 1699/1803/1 1716/1821/1489 1700/1804/1475
f 1700/1804/1475 1716/1821/1489 1717/1822/1490
f 1700/1804/1475 1717/1822/1490 1701/1805/1476
f 1701/1805/1476 1717/1822/1490 1718/1823/1491
f 1701/1805/1476 1718/1823/1491 1702/1806/1477
f 1702/1806/1477 1718/1823/1491 1719/1824/1492
f 1702/1806/1477 1719/1824/1492 1703/1807/1478
f 1703/1807/1478 1719/1824/1492 1720/1825/1493
f 1703/1807/1478 1720/1825/1493 1704/1808/1479
f 1704/1808/1479 1720/1825/1493 1721/1826/1494
f 1704/1808/1479 1721/1826/1494 1705/1809/1480
f 1705/1809/1480 1721/1826/1494 1722/1827/1495
f 1705/1809/1480 1722/1827/1495 1706/1810/1481
f 1706/1810/1481 1722/1827/1495 1723/1828/9
f 1706/1810/1481 1723/1828/9 1707/1811/9
f 1707/1811/9 1723/1828/9 1724/1829/1496
f 1707/1811/9 1724/1829/1496 1708/1812/1482
f 1708/1812/1482 1724/1829/1496 1725/1830/1497
f 1708/1812/1482 1725/1830/1497 1709/1813/1483
f 1709/1813/1483 1725/1830/1497 1726/1831/1498
f 1709/1813/1483 1726/1831/1498 1710/1814/1484
f 1710/1814/1484 1726/1831/1498 1727/1832/1499
f 1710/1814/1484 1727/1832/1499 1711/1815/1485
f 1711/1815/1485 1727/1832/1499 1728/1833/1500
f 1711/1815/1485 1728/1833/1500 1712/1816/1486
f 1712/1816/1486 1728/1833/1500 1729/1834/1501
f 1712/1816/1486 1729/1834/1501 1713/1817/1487
f 1713/1817/1487 1729/1834/1501 1730/1835/1502
f 1713/1817/1487 1730/1835/1502 1714/1818/1488
f 1714/1818/1488 1730/1835/1502 1715/1836/1
f 1714/1818/1488 1715/1836/1 1699/1819/1
f 1715/1820/1 1731/1837/1 1732/1838/1503
f 1715/1820/1 1732/1838/1503 1716/1821/1489
f 1716/1821/1489 1732/1838/1503 1733/1839/1504
f 1716/1821/1489 1733/1839/1504 1717/1822/1490
f 1717/1822/1490 1733/1839/1504 1734/1840/1505
f 1717/1822/1490 1734/1840/1505 1718/1823/1491
f 1718/1823/1491 1734/1840/1505 1735/1841/1506
f 1718/1823/1491 1735/1841/1506 1719/1824/1492
f 1719/1824/1492 1735/1841/1506 1736/1842/1507
f 1719/1824/1492 1736/1842/1507 1720/1825/1493
f 1720/1825/1493 1736/1842/1507 1737/1843/1508
f 1720/1825/1493 1737/1843/1508 1721/1826/1494
f 1721/1826/1494 1737/1843/1508 1738/1844/1509
f 1721/1826/1494 1738/1844/1509 1722/1827/1495
f 1722/1827/1495 1738/1844/1509 1739/1845/9
f 1722/1827/1495 1739/1845/9 1723/1828/9
f 1723/1828/9 1739/1845/9 1740/1846/1510
f 1723/1828/9 1740/1846/1510 1724/1829/1496
f 1724/1829/1496 1740/1846/1510 1741/1847/1511
f 1724/1829/1496 1741/1847/1511 1725/1830/1497
f 1725/1830/1497 1741/1847/1511 1742/1848/1512
f 1725/1830/1497 1742/1848/1512 1726/1831/1498
f 1726/1831/1498 1742/1848/1512 1743/1849/1513
f 1726/1831/1498 1743/1849/1513 1727/1832/1499
f 1727/1832/1499 1743/1849/1513 1744/1850/1514
f 1727/1832/1499 1744/1850/1514 1728/1833/1500
f 1728/1833/1500 1744/1850/1514 1745/1851/1515
f 1728/1833/1500 1745/1851/1515 1729/1834/1501
f 1729/1834/1501 1745/1851/1515 1746/1852/1516
f 1729/1834/1501 1746/1852/1516 1730/1835/1502
f 1730/1835/1502 1746/1852/1516 1731/1853/1
f 1730/1835/1502 1731/1853/1 1715/1836/1
f 1731/1837/1 1747/1854/1 1748/1855/1517
f 1731/1837/1 1748/1855/1517 1732/1838/1503
f 1732/1838/1503 1748/1855/1517 1749/1856/1518
f 1732/1838/1503 1749/1856/1518 1733/1839/1504
f 1733/1839/1504 1749/1856/1518 1750/1857/1519
f 1733/1839/1504 1750/1857/1519 1734/1840/1505
f 1734/1840/1505 1750/1857/1519 1751/1858/1520
f 1734/1840/1505 1751/1858/1520 1735/1841/1506
f 1735/1841/1506 1751/1858/1520 1752/1859/1521
f 1735/1841/1506 1752/1859/1521 1736/1842/1507
f 1736/1842/1507 1752/1859/1521 1753/1860/1522
f 1736/1842/1507 1753/1860/1522 1737/1843/1508
f 1737/1843/1508 1753/1860/1522 1754/1861/1523
f 1737/1843/1508 1754/1861/1523 1738/1844/1509
f 1738/1844/1509 1754/1861/1523 1755/1862/9
f 1738/1844/1509 1755/1862/9 1739/1845/9
f 1739/1845/9 1755/1862/9 1756/1863/1524
f 1739/1845/9 1756/1863/1524 1740/1846/1510
f 1740/1846/1510 1756/1863/1524 1757/1864/1525
f 1740/1846/1510 1757/1864/1525 1741/1847/1511
f 1741/1847/1511 1757/1864/1525 1758/1865/1526
f 1741/1847/1511 1758/1865/1526 1742/1848/1512
f 1742/1848/1512 1758/1865/1526 1759/1866/1527
f 1742/1848/1512 1759/1866/1527 1743/1849/1513
f 1743/1849/1513 1759/1866/1527 1760/1867/1528
f 1743/1849/1513 1760/1867/1528 1744/1850/1514
f 1744/1850/1514 1760/1867/1528 1761/1868/1529
f 1744/1850/1514 1761/1868/1529 1745/1851/1515
f 1745/1851/1515 1761/1868/1529 1762/1869/1530
f 1745/1851/1515 1762/1869/1530 1746/1852/1516
f 1746/1852/1516 1762/1869/1530 1747/1870/1
f 1746/1852/1516 1747/1870/1 1731/1853/1
f 1747/1854/1 1763/1871/1 1764/1872/1531
f 1747/1854/1 1764/1872/1531 1748/1855/1517
f 1748/1855/1517 1764/1872/1531 1765/1873/1532
f 1748/1855/1517 1765/1873/1532 1749/1856/1518
f 1749/1856/1518 1765/1873/1532 1766/1874/1533
f 1749/1856/1518 1766/1874/1533 1750/1857/1519
f 1750/1857/1519 1766/1874/1533 1767/1875/1534
f 1750/1857/1519 1767/1875/1534 1751/1858/1520
f 1751/1858/1520 1767/1875/1534 1768/1876/1535
f 1751/1858/1520 1768/1876/1535 1752/1859/1521
f 1752/1859/1521 1768/1876/1535 1769/1877/1536
f 1752/1859/1521 1769/1877/1536 1753/1860/1522
f 1753/1860/1522 1769/1877/1536 1770/1878/1537
f 1753/1860/1522 1770/1878/1537 1754/1861/1523
f 1754/1861/1523 1770/1878/1537 1771/1879/9
f 1754/1861/1523 1771/1879/9 1755/1862/9
f 1755/1862/9 1771/1879/9 1772/1880/1538
f 1755/1862/9 1772/1880/1538 1756/1863/1524
f 1756/1863/1524 1772/1880/1538 1773/1881/1539
f 1756/1863/1524 1773/1881/1539 1757/1864/1525
f 1757/1864/1525 1773/1881/1539 1774/1882/1540
f 1757/1864/1525 1774/1882/1540 1758/1865/1526
f 1758/1865/1526 1774/1882/1540 1775/1883/1541
f 1758/1865/1526 1775/1883/1541 1759/1866/1527
f 1759/1866/1527 1775/1883/1541 1776/1884/1542
f 1759/1866/1527 1776/1884/1542 1760/1867/1528
f 1760/1867/1528 1776/1884/1542 1777/1885/1543
f 1760/1867/1528 1777/1885/1543 1761/1868/1529
f 1761/1868/1529 1777/1885/1543 1778/1886/1544
f 1761/1868/1529 1778/1886/1544 1762/1869/1530
f 1762/1869/1530 1778/1886/1544 1763/1887/1
f 1762/1869/1530 1763/1887/1 1747/1870/1
f 1763/1871/1 1779/1888/1 1780/1889/1545
f 1763/1871/1 1780/1889/1545 1764/1872/1531
f 1764/1872/1531 1780/1889/1545 1781/1890/1546
f 1764/1872/1531 1781/1890/1546 1765/1873/1532
f 1765/1873/1532 1781/1890/1546 1782/1891/1547
f 1765/1873/1532 1782/1891/1547 1766/1874/1533
f 1766/1874/1533 1782/1891/1547 1783/1892/1548
f 1766/1874/1533 1783/1892/1548 1767/1875/1534
f 1767/1875/1534 1783/1892/1548 1784/1893/1549
f 1767/1875/1534 1784/1893/1549 1768/1876/1535
f 1768/1876/1535 1784/1893/1549 1785/1894/1550
f 1768/1876/1535 1785/1894/1550 1769/1877/1536
f 1769/1877/1536 1785/1894/1550 1786/1895/1551
f 1769/1877/1536 1786/1895/1551 1770/1878/1537
f 1770/1878/1537 1786/1895/1551 1787/1896/9
f 1770/1878/1537 1787/1896/9 1771/1879/9
f 1771/1879/9 1787/1896/9 1788/1897/1552
f 1771/1879/9 1788/1897/1552 1772/1880/1538
f 1772/1880/1538 1788/1897/1552 1789/1898/1553
f 1772/1880/1538 1789/1898/1553 1773/1881/1539
f 1773/1881/1539 1789/1898/1553 1790/1899/1554
f 1773/1881/1539 1790/1899/1554 1774/1882/1540
f 1774/1882/1540 1790/1899/1554 1791/1900/1555
f 1774/1882/1540 1791/1900/1555 1775/1883/1541
f 1775/1883/1541 1791/1900/1555 1792/1901/1556
f 1775/1883/1541 1792/1901/1556 1776/1884/1542
f 1776/1884/1542 1792/1901/1556 1793/1902/1557
f 1776/1884/1542 1793/1902/1557 1777/1885/1543
f 1777/1885/1543 1793/1902/1557 1794/1903/1558
f 1777/1885/1543 1794/1903/1558 1778/1886/1544
f 1778/1886/1544 1794/1903/1558 1779/1904/1
f 1778/1886/1544 1779/1904/1 1763/1887/1
f 1779/1888/1 1795/1905/1 1796/1906/1559
f 1779/1888/1 1796/1906/1559 1780/1889/1545
f 1780/1889/1545 1796/1906/1559 1797/1907/1560
f 1780/1889/1545 1797/1907/1560 1781/1890/1546
f 1781/1890/1546 1797/1907/1560 1798/1908/1561
f 1781/1890/1546 1798/1908/1561 1782/1891/1547
f 1782/1891/1547 1798/1908/1561 1799/1909/1562
f 1782/1891/1547 1799/1909/1562 1783/1892/1548
f 1783/1892/1548 1799/1909/1562 1800/1910/1563
f 1783/1892/1548 1800/1910/1563 1784/1893/1549
f 1784/1893/1549 1800/1910/1563 1801/1911/1564
f 1784/1893/1549 1801/1911/1564 1785/1894/1550
f 1785/1894/1550 1801/1911/1564 1802/1912/1565
f 1785/1894/1550 1802/1912/1565 1786/1895/1551
f 1786/1895/1551 1802/1912/1565 1803/1913/9
f 1786/1895/1551 1803/1913/9 1787/1896/9
f 1787/1896/9 1803/1913/9 1804/1914/1566
f 1787/1896/9 1804/1914/1566 1788/1897/1552
f 1788/1897/1552 1804/1914/1566 1805/1915/1567
f 1788/1897/1552 1805/1915/1567 1789/1898/1553
f 1789/1898/1553 1805/1915/1567 1806/1916/1568
f 1789/1898/1553 1806/1916/1568 1790/1899/1554
f 1790/1899/1554 1806/1916/1568 1807/1917/1569
f 1790/1899/1554 1807/1917/1569 1791/1900/1555
f 1791/1900/1555 1807/1917/1569 1808/1918/1570
f 1791/1900/1555 1808/1918/1570 1792/1901/1556
f 1792/1901/1556 1808/1918/1570 1809/1919/1571
f 1792/1901/1556 1809/1919/1571 1793/1902/1557
f 1793/1902/1557 1809/1919/1571 1810/1920/1572
f 1793/1902/1557 1810/1920/1572 1794/1903/1558
f 1794/1903/1558 1810/1920/1572 1795/1921/1
f 1794/1903/1558 1795/1921/1 1779/1904/1
f 1795/1905/1 1811/1922/1 1812/1923/1573
f 1795/1905/1 1812/1923/1573 1796/1906/1559
f 1796/1906/1559 1812/1923/1573 1813/1924/1574
f 1796/1906/1559 1813/1924/1574 1797/1907/1560
f 1797/1907/1560 1813/1924/1574 1814/1925/1575
f 1797/1907/1560 1814/1925/1575 1798/1908/1561
f 1798/1908/1561 1814/1925/1575 1815/1926/1576
f 1798/1908/1561 1815/1926/1576 1799/1909/1562
f 1799/1909/1562 1815/1926/1576 1816/1927/1577
f 1799/1909/1562 1816/1927/1577 1800/1910/1563
f 1800/1910/1563 1816/1927/1577 1817/1928/1578
f 1800/1910/1563 1817/1928/1578 1801/1911/1564
f 1801/1911/1564 1817/1928/1578 1818/1929/1579
f 1801/1911/1564 1818/1929/1579 1802/1912/1565
f 1802/1912/1565 1818/1929/1579 1819/1930/9
f 1802/1912/1565 1819/1930/9 1803/1913/9
f 1803/1913/9 1819/1930/9 1820/1931/1580
f 1803/1913/9 1820/1931/1580 1804/1914/1566
f 1804/1914/1566 1820/1931/1580 1821/1932/1581
f 1804/1914/1566 1821/1932/1581 1805/1915/1567
f 1805/1915/1567 1821/1932/1581 1822/1933/1582
f 1805/1915/1567 1822/1933/1582 1806/1916/1568
f 1806/1916/1568 1822/1933/1582 1823/1934/1583
f 1806/1916/1568 1823/1934/1583 1807/1917/1569
f 1807/1917/1569 1823/1934/1583 1824/1935/1584
f 1807/1917/1569 1824/1935/1584 1808/1918/1570
f 1808/1918/1570 1824/1935/1584 1825/1936/1585
f 1808/1918/1570 1825/1936/1585 1809/1919/1571
f 1809/1919/1571 1825/1936/1585 1826/1937/1586
f 1809/1919/1571 1826/1937/1586 1810/1920/1572
f 1810/1920/1572 1826/1937/1586 1811/1938/1
f 1810/1920/1572 1811/1938/1 1795/1921/1
f 1811/1922/1 1827/1939/1 1828/1940/1587
f 1811/1922/1 1828/1940/1587 1812/1923/1573
f 1812/1923/1573 1828/1940/1587 1829/1941/1588
f 1812/1923/1573 1829/1941/1588 1813/1924/1574
f 1813/1924/1574 1829/1941/1588 1830/1942/1589
f 1813/1924/1574 1830/1942/1589 1814/1925/1575
f 1814/1925/1575 1830/1942/1589 1831/1943/1590
f 1814/1925/1575 1831/1943/1590 1815/1926/1576
f 1815/1926/1576 1831/1943/1590 1832/1944/1591
f 1815/1926/1576 1832/1944/1591 1816/1927/1577
f 1816/1927/1577 1832/1944/1591 1833/1945/1592
f 1816/1927/1577 1833/1945/1592 1817/1928/1578
f 1817/1928/1578 1833/1945/1592 1834/1946/1593
f 1817/1928/1578 1834/1946/1593 1818/1929/1579
f 1818/1929/1579 1834/1946/1593 1835/1947/9
f 1818/1929/1579 1835/1947/9 1819/1930/9
f 1819/1930/9 1835/1947/9 1836/1948/1594
f 1819/1930/9 1836/1948/1594 1820/1931/1580
f 1820/1931/1580 1836/1948/1594 1837/1949/1595
f 1820/1931/1580 1837/1949/1595 1821/1932/1581
f 1821/1932/1581 1837/1949/1595 1838/1950/1596
f 1821/1932/1581 1838/1950/1596 1822/1933/1582
f 1822/1933/1582 1838/1950/1596 1839/1951/1597
f 1822/1933/1582 1839/1951/1597 1823/1934/1583
f 1823/1934/1583 1839/1951/1597 1840/1952/1598
f 1823/1934/1583 1840/1952/1598 1824/1935/1584
f 1824/1935/1584 1840/1952/1598 1841/1953/1599
f 1824/1935/1584 1841/1953/1599 1825/1936/1585
f 1825/1936/1585 1841/1953/1599 1842/1954/1600
f 1825/1936/1585 1842/1954/1600 1826/1937/1586
f 1826/1937/1586 1842/1954/1600 1827/1955/1
f 1826/1937/1586 1827/1955/1 1811/1938/1
f 1827/1939/1 1843/1956/1 1844/1957/1601
f 1827/1939/1 1844/1957/1601 1828/1940/1587
f 1828/1940/1587 1844/1957/1601 1845/1958/1602
f 1828/1940/1587 1845/1958/1602 1829/1941/1588
f 1829/1941/1588 1845/1958/1602 1846/1959/1603
f 1829/1941/1588 1846/1959/1603 1830/1942/1589
f 1830/1942/1589 1846/1959/1603 1847/1960/1604
f 1830/1942/1589 1847/1960/1604 1831/1943/1590
f 1831/1943/1590 1847/1960/1604 1848/1961/1605
f 1831/1943/1590 1848/1961/1605 1832/1944/1591
f 1832/1944/1591 1848/1961/1605 1849/1962/1606
f 1832/1944/1591 1849/1962/1606 1833/1945/1592
f 1833/1945/1592 1849/1962/1606 1850/1963/1607
f 1833/1945/1592 1850/1963/1607 1834/1946/1593
f 1834/1946/1593 1850/1963/1607 1851/1964/9
f 1834/1946/1593 1851/1964/9 1835/1947/9
f 1835/1947/9 1851/1964/9 1852/1965/1608
f 1835/1947/9 1852/1965/1608 1836/1948/1594
f 1836/1948/1594 1852/1965/1608 1853/1966/1609
f 1836/1948/1594 1853/1966/1609 1837/1949/1595
f 1837/1949/1595 1853/1966/1609 1854/1967/1610
f 1837/1949/1595 1854/1967/1610 1838/1950/1596
f 1838/1950/1596 1854/1967/1610 1855/1968/1611
f 1838/1950/1596 1855/1968/1611 1839/1951/1597
f 1839/1951/1597 1855/1968/1611 1856/1969/1612
f 1839/1951/1597 1856/1969/1612 1840/1952/1598
f 1840/1952/1598 1856/1969/1612 1857/1970/1613
f 1840/1952/1598 1857/1970/1613 1841/1953/1599
f 1841/1953/1599 1857/1970/1613 1858/1971/1614
f 1841/1953/1599 1858/1971/1614 1842/1954/1600
f 1842/1954/1600 1858/1971/1614 1843/1972/1
f 1842/1954/1600 1843/1972/1 1827/1955/1
f 1843/1956/1 1859/1973/1 1860/1974/1615
f 1843/1956/1 1860/1974/1615 1844/1957/1601
f 1844/1957/1601 1860/1974/1615 1861/1975/1616
f 1844/1957/1601 1861/1975/1616 1845/1958/1602
f 1845/1958/1602 1861/1975/1616 1862/1976/1617
f 1845/1958/1602 1862/1976/1617 1846/1959/1603
f 1846/1959/1603 1862/1976/1617 1863/1977/1618
f 1846/1959/1603 1863/1977/1618 1847/1960/1604
f 1847/1960/1604 1863/1977/1618 1864/1978/1619
f 1847/1960/1604 1864/1978/1619 1848/1961/1605
f 1848/1961/1605 1864/1978/1619 1865/1979/1620
f 1848/1961/1605 1865/1979/1620 1849/1962/1606
f 1849/1962/1606 1865/1979/1620 1866/1980/1621
f 1849/1962/1606 1866/1980/1621 1850/1963/1607
f 1850/1963/1607 1866/1980/1621 1867/1981/9
f 1850/1963/1607 1867/1981/9 1851/1964/9
f 1851/1964/9 1867/1981/9 1868/1982/1622
f 1851/1964/9 1868/1982/1622 1852/1965/1608
f 1852/1965/1608 1868/1982/1622 1869/1983/1623
f 1852/1965/1608 1869/1983/1623 1853/1966/1609
f 1853/1966/1609 1869/1983/1623 1870/1984/1624
f 1853/1966/1609 1870/1984/1624 1854/1967/1610
f 1854/1967/1610 1870/1984/1624 1871/1985/1625
f 1854/1967/1610 1871/1985/1625 1855/1968/1611
f 1855/1968/1611 1871/1985/1625 1872/1986/1626
f 1855/1968/1611 1872/1986/1626 1856/1969/1612
f 1856/1969/1612 1872/1986/1626 1873/1987/1627
f 1856/1969/1612 1873/1987/1627 1857/1970/1613
f 1857/1970/1613 1873/1987/1627 1874/1988/1628
f 1857/1970/1613 1874/1988/1628 1858/1971/1614
f 1858/1971/1614 1874/1988/1628 1859/1989/1
f 1858/1971/1614 1859/1989/1 1843/1972/1
f 1859/1973/1 1875/1990/1 1876/1991/1629
f 1859/1973/1 1876/1991/1629 1860/1974/1615
f 1860/1974/1615 1876/1991/1629 1877/1992/1630
f 1860/1974/1615 1877/1992/1630 1861/1975/1616
f 1861/1975/1616 1877/1992/1630 1878/1993/1631
f 1861/1975/1616 1878/1993/1631 1862/1976/1617
f 1862/1976/1617 1878/1993/1631 1879/1994/1632
f 1862/1976/1617 1879/1994/1632 1863/1977/1618
f 1863/1977/1618 1879/1994/1632 1880/1995/1633
f 1863/1977/1618 1880/1995/1633 1864/1978/1619
f 1864/1978/1619 1880/1995/1633 1881/1996/1634
f 1864/1978/1619 1881/1996/1634 1865/1979/1620
f 1865/1979/1620 1881/1996/1634 1882/1997/1635
f 1865/1979/1620 1882/1997/1635 1866/1980/1621
f 1866/1980/1621 1882/1997/1635 1883/1998/9
f 1866/1980/1621 1883/1998/9 1867/1981/9
f 1867/1981/9 1883/1998/9 1884/1999/1636
f 1867/1981/9 1884/1999/1636 1868/1982/1622
f 1868/1982/1622 1884/1999/1636 1885/2000/1637
f 1868/1982/1622 1885/2000/1637 1869/1983/1623
f 1869/1983/1623 1885/2000/1637 1886/2001/1638
f 1869/1983/1623 1886/2001/1638 1870/1984/1624
f 1870/1984/1624 1886/2001/1638 1887/2002/1639
f 1870/1984/1624 1887/2002/1639 1871/1985/1625
f 1871/1985/1625 1887/2002/1639 1888/2003/1640
f 1871/1985/1625 1888/2003/1640 1872/1986/1626
f 1872/1986/1626 1888/2003/1640 1889/2004/1641
f 1872/1986/1626 1889/2004/1641 1873/1987/1627
f 1873/1987/1627 1889/2004/1641 1890/2005/1642
f 1873/1987/1627 1890/2005/1642 1874/1988/1628
f 1874/1988/1628 1890/2005/1642 1875/2006/1
f 1874/1988/1628 1875/2006/1 1859/1989/1
f 1875/1990/1 1891/2007/1 1892/2008/1643
f 1875/1990/1 1892/2008/1643 1876/1991/1629
f 1876/1991/1629 1892/2008/1643 1893/2009/1644
f 1876/1991/1629 1893/2009/1644 1877/1992/1630
f 1877/1992/1630 1893/2009/1644 1894/2010/1645
f 1877/1992/1630 1894/2010/1645 1878/1993/1631
f 1878/1993/1631 1894/2010/1645 1895/2011/1646
f 1878/1993/1631 1895/2011/1646 1879/1994/1632
f 1879/1994/1632 1895/2011/1646 1896/2012/1647
f 1879/1994/1632 1896/2012/1647 1880/1995/1633
f 1880/1995/1633 1896/2012/1647 1897/2013/1648
f 1880/1995/1633 1897/2013/1648 1881/1996/1634
f 1881/1996/1634 1897/2013/1648 1898/2014/1649
f 1881/1996/1634 1898/2014/1649 1882/1997/1635
f 1882/1997/1635 1898/2014/1649 1899/2015/9
f 1882/1997/1635 1899/2015/9 1883/1998/9
f 1883/1998/9 1899/2015/9 1900/2016/1650
f 1883/1998/9 1900/2016/1650 1884/1999/1636
f 1884/1999/1636 1900/2016/1650 1901/2017/1651
f 1884/1999/1636 1901/2017/1651 1885/2000/1637
f 1885/2000/1637 1901/2017/1651 1902/2018/1652
f 1885/2000/1637 1902/2018/1652 1886/2001/1638
f 1886/2001/1638 1902/2018/1652 1903/2019/1653
f 1886/2001/1638 1903/2019/1653 1887/2002/1639
f 1887/2002/1639 1903/2019/1653 1904/2020/1654
f 1887/2002/1639 1904/2020/1654 1888/2003/1640
f 1888/2003/1640 1904/2020/1654 1905/2021/1655
f 1888/2003/1640 1905/2021/1655 1889/2004/1641
f 1889/2004/1641 1905/2021/1655 1906/2022/1656
f 1889/2004/1641 1906/2022/1656 1890/2005/1642
f 1890/2005/1642 1906/2022/1656 1891/2023/1
f 1890/2005/1642 1891/2023/1 1875/2006/1
f 1891/2007/1 1907/2024/1 1908/2025/1657
f 1891/2007/1 1908/2025/1657 1892/2008/1643
f 1892/2008/1643 1908/2025/1657 1909/2026/1658
f 1892/2008/1643 1909/2026/1658 1893/2009/1644
f 1893/2009/1644 1909/2026/1658 1910/2027/1659
f 1893/2009/1644 1910/2027/1659 1894/2010/1645
f 1894/2010/1645 1910/2027/1659 1911/2028/1660
f 1894/2010/1645 1911/2028/1660 1895/2011/1646
f 1895/2011/1646 1911/2028/1660 1912/2029/1661
f 1895/2011/1646 1912/2029/1661 1896/2012/1647
f 1896/2012/1647 1912/2029/1661 1913/2030/1662
f 1896/2012/1647 1913/2030/1662 1897/2013/1648
f 1897/2013/1648 1913/2030/1662 1914/2031/1663
f 1897/2013/1648 1914/2031/1663 1898/2014/1649
f 1898/2014/1649 1914/2031/1663 1915/2032/9
f 1898/2014/1649 1915/2032/9 1899/2015/9
f 1899/2015/9 1915/2032/9 1916/2033/1664
f 1899/2015/9 1916/2033/1664 1900/2016/1650
f 1900/2016/1650 1916/2033/1664 1917/2034/1665
f 1900/2016/1650 1917/2034/1665 1901/2017/1651
f 1901/2017/1651 1917/2034/1665 1918/2035/1666
f 1901/2017/1651 1918/2035/1666 1902/2018/1652
f 1902/2018/1652 1918/2035/1666 1919/2036/1667
f 1902/2018/1652 1919/2036/1667 1903/2019/1653
f 1903/2019/1653 1919/2036/1667 1920/2037/1668
f 1903/2019/1653 1920/2037/1668 1904/2020/1654
f 1904/2020/1654 1920/2037/1668 1921/2038/1669
f 1904/2020/1654 1921/2038/1669 1905/2021/1655
f 1905/2021/1655 1921/2038/1669 1922/2039/1670
f 1905/2021/1655 1922/2039/1670 1906/2022/1656
f 1906/2022/1656 1922/2039/1670 1907/2040/1
f 1906/2022/1656 1907/2040/1 1891/2023/1
f 1907/2024/1 1923/2041/1 1924/2042/1671
f 1907/2024/1 1924/2042/1671 1908/2025/1657
f 1908/2025/1657 1924/2042/1671 1925/2043/1672
f 1908/2025/1657 1925/2043/1672 1909/2026/1658
f 1909/2026/1658 1925/2043/1672 1926/2044/1673
f 1909/2026/1658 1926/2044/1673 1910/2027/1659
f 1910/2027/1659 1926/2044/1673 1927/2045/1674
f 1910/2027/1659 1927/2045/1674 1911/2028/1660
f 1911/2028/1660 1927/2045/1674 1928/2046/1675
f 1911/2028/1660 1928/2046/1675 1912/2029/1661
f 1912/2029/1661 1928/2046/1675 1929/2047/1676
f 1912/2029/1661 1929/2047/1676 1913/2030/1662
f 1913/2030/1662 1929/2047/1676 1930/2048/1677
f 1913/2030/1662 1930/2048/1677 1914/2031/1663
f 1914/2031/1663 1930/2048/1677 1931/2049/9
f 1914/2031/1663 1931/2049/9 1915/2032/9
f 1915/2032/9 1931/2049/9 1932/2050/1678
f 1915/2032/9 1932/2050/1678 1916/2033/1664
f 1916/2033/1664 1932/2050/1678 1933/2051/1679
f 1916/2033/1664 1933/2051/1679 1917/2034/1665
f 1917/2034/1665 1933/2051/1679 1934/2052/1680
f 1917/2034/1665 1934/2052/1680 1918/2035/1666
f 1918/2035/1666 1934/2052/1680 1935/2053/1681
f 1918/2035/1666 1935/2053/1681 1919/2036/1667
f 1919/2036/1667 1935/2053/1681 1936/2054/1682
f 1919/2036/1667 1936/2054/1682 1920/2037/1668
f 1920/2037/1668 1936/2054/1682 1937/2055/1683
f 1920/2037/1668 1937/2055/1683 1921/2038/1669
f 1921/2038/1669 1937/2055/1683 1938/2056/1684
f 1921/2038/1669 1938/2056/1684 1922/2039/1670
f 1922/2039/1670 1938/2056/1684 1923/2057/1
f 1922/2039/1670 1923/2057/1 1907/2040/1
f 1923/2041/1 1939/2058/1 1940/2059/1685
f 1923/2041/1 1940/2059/1685 1924/2042/1671
f 1924/2042/1671 1940/2059/1685 1941/2060/1686
f 1924/2042/1671 1941/2060/1686 1925/2043/1672
f 1925/2043/1672 1941/2060/1686 1942/2061/1687
f 1925/2043/1672 1942/2061/1687 1926/2044/1673
f 1926/2044/1673 1942/2061/1687 1943/2062/1688
f 1926/2044/1673 1943/2062/1688 1927/2045/1674
f 1927/2045/1674 1943/2062/1688 1944/2063/1689
f 1927/2045/1674 1944/2063/1689 1928/2046/1675
f 1928/2046/1675 1944/2063/1689 1945/2064/1690
f 1928/2046/1675 1945/2064/1690 1929/2047/1676
f 1929/2047/1676 1945/2064/1690 1946/2065/1691
f 1929/2047/1676 1946/2065/1691 1930/2048/1677
f 1930/2048/1677 1946/2065/1691 1947/2066/9
f 1930/2048/1677 1947/2066/9 1931/2049/9
f 1931/2049/9 1947/2066/9 1948/2067/1692
f 1931/2049/9 1948/2067/1692 1932/2050/1678
f 1932/2050/1678 1948/2067/1692 1949/2068/1693
f 1932/2050/1678 1949/2068/1693 1933/2051/1679
f 1933/2051/1679 1949/2068/1693 1950/2069/1694
f 1933/2051/1679 1950/2069/1694 1934/2052/1680
f 1934/2052/1680 1950/2069/1694 1951/2070/1695
f 1934/2052/1680 1951/2070/1695 1935/2053/1681
f 1935/2053/1681 1951/2070/1695 1952/2071/1696
f 1935/2053/1681 1952/2071/1696 1936/2054/1682
f 1936/2054/1682 1952/2071/1696 1953/2072/1697
f 1936/2054/1682 1953/2072/1697 1937/2055/1683
f 1937/2055/1683 1953/2072/1697 1954/2073/1698
f 1937/2055/1683 1954/2073/1698 1938/2056/1684
f 1938/2056/1684 1954/2073/1698 1939/2074/1
f 1938/2056/1684 1939/2074/1 1923/2057/1
f 1939/2058/1 1955/2075/1 1956/2076/1699
f 1939/2058/1 1956/2076/1699 1940/2059/1685
f 1940/2059/1685 1956/2076/1699 1957/2077/1700
f 1940/2059/1685 1957/2077/1700 1941/2060/1686
f 1941/2060/1686 1957/2077/1700 1958/2078/1701
f 1941/2060/1686 1958/2078/1701 1942/2061/1687
f 1942/2061/1687 1958/2078/1701 1959/2079/1702
f 1942/2061/1687 1959/2079/1702 1943/2062/1688
f 1943/2062/1688 1959/2079/1702 1960/2080/1703
f 1943/2062/1688 1960/2080/1703 1944/2063/1689
f 1944/2063/1689 1960/2080/1703 1961/2081/1704
f 1944/2063/1689 1961/2081/1704 1945/2064/1690
f 1945/2064/1690 1961/2081/1704 1962/2082/1705
f 1945/2064/1690 1962/2082/1705 1946/2065/1691
f 1946/2065/1691 1962/2082/1705 1963/2083/9
f 1946/2065/1691 1963/2083/9 1947/2066/9
f 1947/2066/9 1963/2083/9 1964/2084/1706
f 1947/2066/9 1964/2084/1706 1948/2067/1692
f 1948/2067/1692 1964/2084/1706 1965/2085/1707
f 1948/2067/1692 1965/2085/1707 1949/2068/1693
f 1949/2068/1693 1965/2085/1707 1966/2086/1708
f 1949/2068/1693 1966/2086/1708 1950/2069/1694
f 1950/2069/1694 1966/2086/1708 1967/2087/1709
f 1950/2069/1694 1967/2087/1709 1951/2070/1695
f 1951/2070/1695 1967/2087/1709 1968/2088/1710
f 1951/2070/1695 1968/2088/1710 1952/2071/1696
f 1952/2071/1696 1968/2088/1710 1969/2089/1711
f 1952/2071/1696 1969/2089/1711 1953/2072/1697
f 1953/2072/1697 1969/2089/1711 1970/2090/1712
f 1953/2072/1697 1970/2090/1712 1954/2073/1698
f 1954/2073/1698 1970/2090/1712 1955/2091/1
f 1954/2073/1698 1955/2091/1 1939/2074/1
f 1955/2075/1 1971/2092/1 1972/2093/1713
f 1955/2075/1 1972/2093/1713 1956/2076/1699
f 1956/2076/1699 1972/2093/1713 1973/2094/1714
f 1956/2076/1699 1973/2094/1714 1957/2077/1700
f 1957/2077/1700 1973/2094/1714 1974/2095/1715
f 1957/2077/1700 1974/2095/1715 1958/2078/1701
f 1958/2078/1701 1974/2095/1715 1975/2096/1716
f 1958/2078/1701 1975/2096/1716 1959/2079/1702
f 1959/2079/1702 1975/2096/1716 1976/2097/1717
f 1959/2079/1702 1976/2097/1717 1960/2080/1703
f 1960/2080/1703 1976/2097/1717 1977/2098/1718
f 1960/2080/1703 1977/2098/1718 1961/2081/1704
f 1961/2081/1704 1977/2098/1718 1978/2099/1719
f 1961/2081/1704 1978/2099/1719 1962/2082/1705
f 1962/2082/1705 1978/2099/1719 1979/2100/9
f 1962/2082/1705 1979/2100/9 1963/2083/9
f 1963/2083/9 1979/2100/9 1980/2101/1720
f 1963/2083/9 1980/2101/1720 1964/2084/1706
f 1964/2084/1706 1980/2101/1720 1981/2102/1721
f 1964/2084/1706 1981/2102/1721 1965/2085/1707
f 1965/2085/1707 1981/2102/1721 1982/2103/1722
f 1965/2085/1707 1982/2103/1722 1966/2086/1708
f 1966/2086/1708 1982/2103/1722 1983/2104/1723
f 1966/2086/1708 1983/2104/1723 1967/2087/1709
f 1967/2087/1709 1983/2104/1723 1984/2105/1724
f 1967/2087/1709 1984/2105/1724 1968/2088/1710
f 1968/2088/1710 1984/2105/1724 1985/2106/1725
f 1968/2088/1710 1985/2106/1725 1969/2089/1711
f 1969/2089/1711 1985/2106/1725 1986/2107/1726
f 1969/2089/1711 1986/2107/1726 1970/2090/1712
f 1970/2090/1712 1986/2107/1726 1971/2108/1
f 1970/2090/1712 1971/2108/1 1955/2091/1
f 1971/2092/1 1987/2109/1 1988/2110/1727
f 1971/2092/1 1988/2110/1727 1972/2093/1713
f 1972/2093/1713 1988/2110/1727 1989/2111/1728
f 1972/2093/1713 1989/2111/1728 1973/2094/1714
f 1973/2094/1714 1989/2111/1728 1990/2112/1729
f 1973/2094/1714 1990/2112/1729 1974/2095/1715
f 1974/2095/1715 1990/2112/1729 1991/2113/1730
f 1974/2095/1715 1991/2113/1730 1975/2096/1716
f 1975/2096/1716 1991/2113/1730 1992/2114/1731
f 1975/2096/1716 1992/2114/1731 1976/2097/1717
f 1976/2097/1717 1992/2114/1731 1993/2115/1732
f 1976/2097/1717 1993/2115/1732 1977/2098/1718
f 1977/2098/1718 1993/2115/1732 1994/2116/1733
f 1977/2098/1718 1994/2116/1733 1978/2099/1719
f 1978/2099/1719 1994/2116/1733 1995/2117/9
f 1978/2099/1719 1995/2117/9 1979/2100/9
f 1979/2100/9 1995/2117/9 1996/2118/1734
f 1979/2100/9 1996/2118/1734 1980/2101/1720
f 1980/2101/1720 1996/2118/1734 1997/2119/1735
f 1980/2101/1720 1997/2119/1735 1981/2102/1721
f 1981/2102/1721 1997/2119/1735 1998/2120/1736
f 1981/2102/1721 1998/2120/1736 1982/2103/1722
f 1982/2103/1722 1998/2120/1736 1999/2121/1737
f 1982/2103/1722 1999/2121/1737 1983/2104/1723
f 1983/2104/1723 1999/2121/1737 2000/2122/1738
f 1983/2104/1723 2000/2122/1738 1984/2105/1724
f 1984/2105/1724 2000/2122/1738 2001/2123/1739
f 1984/2105/1724 2001/2123/1739 1985/2106/1725
f 1985/2106/1725 2001/2123/1739 2002/2124/1740
f 1985/2106/1725 2002/2124/1740 1986/2107/1726
f 1986/2107/1726 2002/2124/1740 1987/2125/1
f 1986/2107/1726 1987/2125/1 1971/2108/1
f 2003/35/18 1988/37/18 1987/36/18
f 2003/35/18 1989/38/18 1988/37/18
f 2003/35/18 1990/39/18 1989/38/18
f 2003/35/18 1991/40/18 1990/39/18
f 2003/35/18 1992/41/18 1991/40/18
f 2003/35/18 1993/42/18 1992/41/18
f 2003/35/18 1994/43/18 1993/42/18
f 2003/35/18 1995/44/18 1994/43/18
f 2003/35/18 1996/45/18 1995/44/18
f 2003/35/18 1997/46/18 1996/45/18
f 2003/35/18 1998/47/18 1997/46/18
f 2003/35/18 1999/48/18 1998/47/18
f 2003/35/18 2000/49/18 1999/48/18
f 2003/35/18 2001/50/18 2000/49/18
f 2003/35/18 2002/51/18 2001/50/18
f 2003/35/18 1987/36/18 2002/51/18
