# Procedurally generated by dev-env-utils/scripts/gen_mast_arm_curves.py
# inventory icon: whole sweep fitted to one block
mtllib mastarmcurve.mtl
o mastarm_5x1_inv
v 0.575160 0.418596 1.000000
v 0.575160 0.418596 0.974542
v 0.569439 0.449146 0.974542
v 0.569439 0.449146 1.000000
v 0.553146 0.475044 0.974542
v 0.553146 0.475044 1.000000
v 0.528763 0.492349 0.974542
v 0.528763 0.492349 1.000000
v 0.500000 0.498426 0.974542
v 0.500000 0.498426 1.000000
v 0.471237 0.492349 0.974542
v 0.471237 0.492349 1.000000
v 0.446854 0.475044 0.974542
v 0.446854 0.475044 1.000000
v 0.430561 0.449146 0.974542
v 0.430561 0.449146 1.000000
v 0.424840 0.418596 0.974542
v 0.424840 0.418596 1.000000
v 0.430561 0.388047 0.974542
v 0.430561 0.388047 1.000000
v 0.446854 0.362148 0.974542
v 0.446854 0.362148 1.000000
v 0.471237 0.344843 0.974542
v 0.471237 0.344843 1.000000
v 0.500000 0.338767 0.974542
v 0.500000 0.338767 1.000000
v 0.528763 0.344843 0.974542
v 0.528763 0.344843 1.000000
v 0.553146 0.362148 0.974542
v 0.553146 0.362148 1.000000
v 0.569439 0.388047 0.974542
v 0.569439 0.388047 1.000000
v 0.500000 0.418596 1.000000
v 0.500000 0.418596 0.974542
v 0.560992 0.406284 1.000000
v 0.560613 0.418596 0.969693
v 0.555999 0.440133 0.978308
v 0.556248 0.431471 1.000000
v 0.542860 0.458391 0.985611
v 0.542985 0.452728 1.000000
v 0.523196 0.470590 0.990491
v 0.523240 0.466884 1.000000
v 0.500000 0.474874 0.992205
v 0.500000 0.471846 1.000000
v 0.476804 0.470590 0.990491
v 0.476760 0.466884 1.000000
v 0.457140 0.458391 0.985611
v 0.457015 0.452728 1.000000
v 0.444001 0.440133 0.978308
v 0.443752 0.431471 1.000000
v 0.439387 0.418596 0.969693
v 0.439008 0.406284 1.000000
v 0.444001 0.397060 0.961079
v 0.443547 0.380973 1.000000
v 0.457140 0.378802 0.953776
v 0.456724 0.359414 1.000000
v 0.476804 0.366602 0.948896
v 0.476554 0.344956 1.000000
v 0.500000 0.362318 0.947182
v 0.500000 0.339869 1.000000
v 0.523196 0.366602 0.948896
v 0.523446 0.344956 1.000000
v 0.542860 0.378802 0.953776
v 0.543276 0.359414 1.000000
v 0.555999 0.397060 0.961079
v 0.556453 0.380973 1.000000
v 0.560411 0.425008 0.953530
v 0.555813 0.446522 0.961992
v 0.542717 0.464760 0.969166
v 0.523118 0.476947 0.973959
v 0.500000 0.481226 0.975643
v 0.476882 0.476947 0.973959
v 0.457283 0.464760 0.969166
v 0.444187 0.446522 0.961992
v 0.439589 0.425008 0.953530
v 0.444187 0.403494 0.945068
v 0.457283 0.385255 0.937894
v 0.476882 0.373068 0.933100
v 0.500000 0.368789 0.931417
v 0.523118 0.373068 0.933100
v 0.542717 0.385255 0.937894
v 0.555813 0.403494 0.945068
v 0.560209 0.431312 0.937366
v 0.555626 0.452802 0.945676
v 0.542574 0.471021 0.952721
v 0.523041 0.483194 0.957428
v 0.500000 0.487469 0.959080
v 0.476959 0.483194 0.957428
v 0.457426 0.471021 0.952721
v 0.444374 0.452802 0.945676
v 0.439791 0.431312 0.937366
v 0.444374 0.409821 0.929057
v 0.457426 0.391602 0.922012
v 0.476959 0.379429 0.917305
v 0.500000 0.375154 0.915652
v 0.523041 0.379429 0.917305
v 0.542574 0.391602 0.922012
v 0.555626 0.409821 0.929057
v 0.560007 0.437508 0.921203
v 0.555439 0.458974 0.929360
v 0.542431 0.477172 0.936275
v 0.522964 0.489331 0.940896
v 0.500000 0.493601 0.942518
v 0.477036 0.489331 0.940896
v 0.457569 0.477172 0.936275
v 0.444561 0.458974 0.929360
v 0.439993 0.437508 0.921203
v 0.444561 0.416041 0.913046
v 0.457569 0.397843 0.906130
v 0.477036 0.385684 0.901510
v 0.500000 0.381414 0.899887
v 0.522964 0.385684 0.901510
v 0.542431 0.397843 0.906130
v 0.555439 0.416041 0.913046
v 0.559805 0.443596 0.905039
v 0.555253 0.465037 0.913044
v 0.542289 0.483213 0.919830
v 0.522886 0.495359 0.924364
v 0.500000 0.499624 0.925956
v 0.477114 0.495359 0.924364
v 0.457711 0.483213 0.919830
v 0.444747 0.465037 0.913044
v 0.440195 0.443596 0.905039
v 0.444747 0.422155 0.897035
v 0.457711 0.403978 0.890249
v 0.477114 0.391833 0.885714
v 0.500000 0.387568 0.884122
v 0.522886 0.391833 0.885714
v 0.542289 0.403978 0.890249
v 0.555253 0.422155 0.897035
v 0.559603 0.449576 0.888876
v 0.555066 0.470991 0.896728
v 0.542146 0.489146 0.903385
v 0.522809 0.501276 0.907832
v 0.500000 0.505536 0.909394
v 0.477191 0.501276 0.907832
v 0.457854 0.489146 0.903385
v 0.444934 0.470991 0.896728
v 0.440397 0.449576 0.888876
v 0.444934 0.428161 0.881024
v 0.457854 0.410007 0.874367
v 0.477191 0.397876 0.869919
v 0.500000 0.393616 0.868357
v 0.522809 0.397876 0.869919
v 0.542146 0.410007 0.874367
v 0.555066 0.428161 0.881024
v 0.559401 0.455449 0.872712
v 0.554879 0.476837 0.880412
v 0.542003 0.494969 0.886939
v 0.522732 0.507084 0.891301
v 0.500000 0.511339 0.892832
v 0.477268 0.507084 0.891301
v 0.457997 0.494969 0.886939
v 0.445121 0.476837 0.880412
v 0.440599 0.455449 0.872712
v 0.445121 0.434061 0.865012
v 0.457997 0.415929 0.858485
v 0.477268 0.403814 0.854123
v 0.500000 0.399559 0.852592
v 0.522732 0.403814 0.854123
v 0.542003 0.415929 0.858485
v 0.554879 0.434061 0.865012
v 0.559199 0.461214 0.856549
v 0.554693 0.482574 0.864096
v 0.541860 0.500683 0.870494
v 0.522654 0.512782 0.874769
v 0.500000 0.517031 0.876271
v 0.477346 0.512782 0.874769
v 0.458140 0.500683 0.870494
v 0.445307 0.482574 0.864096
v 0.440801 0.461214 0.856549
v 0.445307 0.439854 0.849001
v 0.458140 0.421745 0.842603
v 0.477346 0.409646 0.838328
v 0.500000 0.405397 0.836827
v 0.522654 0.409646 0.838328
v 0.541860 0.421745 0.842603
v 0.554693 0.439854 0.849001
v 0.558997 0.466871 0.840385
v 0.554506 0.488203 0.847780
v 0.541717 0.506287 0.854049
v 0.522577 0.518371 0.858238
v 0.500000 0.522614 0.859709
v 0.477423 0.518371 0.858238
v 0.458283 0.506287 0.854049
v 0.445494 0.488203 0.847780
v 0.441003 0.466871 0.840385
v 0.445494 0.445540 0.832990
v 0.458283 0.427455 0.826721
v 0.477423 0.415372 0.822532
v 0.500000 0.411129 0.821061
v 0.522577 0.415372 0.822532
v 0.541717 0.427455 0.826721
v 0.554506 0.445540 0.832990
v 0.558795 0.472421 0.824222
v 0.554319 0.493723 0.831464
v 0.541574 0.511782 0.837604
v 0.522500 0.523849 0.841707
v 0.500000 0.528086 0.843148
v 0.477500 0.523849 0.841707
v 0.458426 0.511782 0.837604
v 0.445681 0.493723 0.831464
v 0.441205 0.472421 0.824222
v 0.445681 0.451119 0.816979
v 0.458426 0.433059 0.810839
v 0.477500 0.420993 0.806736
v 0.500000 0.416755 0.805295
v 0.522500 0.420993 0.806736
v 0.541574 0.433059 0.810839
v 0.554319 0.451119 0.816979
v 0.558593 0.477862 0.808058
v 0.554133 0.499134 0.815149
v 0.541431 0.517168 0.821160
v 0.522423 0.529217 0.825176
v 0.500000 0.533449 0.826587
v 0.477577 0.529217 0.825176
v 0.458569 0.517168 0.821160
v 0.445867 0.499134 0.815149
v 0.441407 0.477862 0.808058
v 0.445867 0.456591 0.800967
v 0.458569 0.438557 0.794956
v 0.477577 0.426508 0.790940
v 0.500000 0.422276 0.789529
v 0.522423 0.426508 0.790940
v 0.541431 0.438557 0.794956
v 0.554133 0.456591 0.800967
v 0.558391 0.483196 0.791894
v 0.553946 0.504437 0.798833
v 0.541289 0.522444 0.804715
v 0.522345 0.534476 0.808646
v 0.500000 0.538701 0.810026
v 0.477655 0.534476 0.808646
v 0.458711 0.522444 0.804715
v 0.446054 0.504437 0.798833
v 0.441609 0.483196 0.791894
v 0.446054 0.461956 0.784956
v 0.458711 0.443949 0.779074
v 0.477655 0.431917 0.775143
v 0.500000 0.427692 0.773763
v 0.522345 0.431917 0.775143
v 0.541289 0.443949 0.779074
v 0.553946 0.461956 0.784956
v 0.558189 0.488423 0.775731
v 0.553759 0.509631 0.782518
v 0.541146 0.527611 0.788271
v 0.522268 0.539624 0.792115
v 0.500000 0.543843 0.793465
v 0.477732 0.539624 0.792115
v 0.458854 0.527611 0.788271
v 0.446241 0.509631 0.782518
v 0.441811 0.488423 0.775731
v 0.446241 0.467214 0.768944
v 0.458854 0.449235 0.763191
v 0.477732 0.437221 0.759346
v 0.500000 0.433002 0.757996
v 0.522268 0.437221 0.759346
v 0.541146 0.449235 0.763191
v 0.553759 0.467214 0.768944
v 0.557987 0.493541 0.759567
v 0.553573 0.514717 0.766202
v 0.541003 0.532668 0.771827
v 0.522191 0.544663 0.775586
v 0.500000 0.548875 0.776905
v 0.477809 0.544663 0.775586
v 0.458997 0.532668 0.771827
v 0.446427 0.514717 0.766202
v 0.442013 0.493541 0.759567
v 0.446427 0.472366 0.752932
v 0.458997 0.454414 0.747308
v 0.477809 0.442419 0.743549
v 0.500000 0.438207 0.742229
v 0.522191 0.442419 0.743549
v 0.541003 0.454414 0.747308
v 0.553573 0.472366 0.752932
v 0.557785 0.498552 0.743404
v 0.553386 0.519693 0.749887
v 0.540860 0.537616 0.755384
v 0.522113 0.549592 0.759056
v 0.500000 0.553797 0.760346
v 0.477887 0.549592 0.759056
v 0.459140 0.537616 0.755384
v 0.446614 0.519693 0.749887
v 0.442215 0.498552 0.743404
v 0.446614 0.477410 0.736920
v 0.459140 0.459488 0.731424
v 0.477887 0.447512 0.727752
v 0.500000 0.443307 0.726462
v 0.522113 0.447512 0.727752
v 0.540860 0.459488 0.731424
v 0.553386 0.477410 0.736920
v 0.557583 0.503455 0.727240
v 0.553199 0.524561 0.733572
v 0.540717 0.542455 0.738940
v 0.522036 0.554411 0.742527
v 0.500000 0.558609 0.743787
v 0.477964 0.554411 0.742527
v 0.459283 0.542455 0.738940
v 0.446801 0.524561 0.733572
v 0.442417 0.503455 0.727240
v 0.446801 0.482348 0.720908
v 0.459283 0.464455 0.715540
v 0.477964 0.452499 0.711954
v 0.500000 0.448301 0.710694
v 0.522036 0.452499 0.711954
v 0.540717 0.464455 0.715540
v 0.553199 0.482348 0.720908
v 0.557381 0.508250 0.711077
v 0.553013 0.529321 0.717258
v 0.540574 0.547184 0.722497
v 0.521959 0.559119 0.725998
v 0.500000 0.563311 0.727228
v 0.478041 0.559119 0.725998
v 0.459426 0.547184 0.722497
v 0.446987 0.529321 0.717258
v 0.442619 0.508250 0.711077
v 0.446987 0.487179 0.704896
v 0.459426 0.469316 0.699656
v 0.478041 0.457381 0.696155
v 0.500000 0.453189 0.694926
v 0.521959 0.457381 0.696155
v 0.540574 0.469316 0.699656
v 0.553013 0.487179 0.704896
v 0.557179 0.512937 0.694913
v 0.552826 0.533971 0.700943
v 0.540431 0.551803 0.706055
v 0.521881 0.563718 0.709470
v 0.500000 0.567902 0.710670
v 0.478119 0.563718 0.709470
v 0.459569 0.551803 0.706055
v 0.447174 0.533971 0.700943
v 0.442821 0.512937 0.694913
v 0.447174 0.491903 0.688883
v 0.459569 0.474071 0.683772
v 0.478119 0.462157 0.680356
v 0.500000 0.457973 0.679157
v 0.521881 0.462157 0.680356
v 0.540431 0.474071 0.683772
v 0.552826 0.491903 0.688883
v 0.557063 0.515577 0.685642
v 0.552719 0.536590 0.691585
v 0.540349 0.554404 0.696624
v 0.521837 0.566306 0.699990
v 0.500000 0.570486 0.701172
v 0.478163 0.566306 0.699990
v 0.459651 0.554404 0.696624
v 0.447281 0.536590 0.691585
v 0.442937 0.515577 0.685642
v 0.447281 0.494565 0.679699
v 0.459651 0.476751 0.674660
v 0.478163 0.464849 0.671294
v 0.500000 0.460669 0.670111
v 0.521837 0.464849 0.671294
v 0.540349 0.476751 0.674660
v 0.552719 0.494565 0.679699
v 0.556976 0.517517 0.678750
v 0.552639 0.538513 0.684629
v 0.540288 0.556313 0.689613
v 0.521804 0.568207 0.692943
v 0.500000 0.572383 0.694112
v 0.478196 0.568207 0.692943
v 0.459712 0.556313 0.689613
v 0.447361 0.538513 0.684629
v 0.443024 0.517517 0.678750
v 0.447361 0.496521 0.672871
v 0.459712 0.478721 0.667887
v 0.478196 0.466827 0.664557
v 0.500000 0.462651 0.663387
v 0.521804 0.466827 0.664557
v 0.540288 0.478721 0.667887
v 0.552639 0.496521 0.672871
v 0.556774 0.521989 0.662586
v 0.552453 0.542947 0.668315
v 0.540146 0.560714 0.673171
v 0.521727 0.572586 0.676416
v 0.500000 0.576754 0.677555
v 0.478273 0.572586 0.676416
v 0.459854 0.560714 0.673171
v 0.447547 0.542947 0.668315
v 0.443226 0.521989 0.662586
v 0.447547 0.501031 0.656858
v 0.459854 0.483264 0.652001
v 0.478273 0.471392 0.648756
v 0.500000 0.467223 0.647617
v 0.521727 0.471392 0.648756
v 0.540146 0.483264 0.652001
v 0.552453 0.501031 0.656858
v 0.556572 0.526353 0.646423
v 0.552266 0.547271 0.652001
v 0.540003 0.565005 0.656730
v 0.521649 0.576854 0.659890
v 0.500000 0.581015 0.660999
v 0.478351 0.576854 0.659890
v 0.459997 0.565005 0.656730
v 0.447734 0.547271 0.652001
v 0.443428 0.526353 0.646423
v 0.447734 0.505435 0.640844
v 0.459997 0.487701 0.636115
v 0.478351 0.475852 0.632956
v 0.500000 0.471691 0.631846
v 0.521649 0.475852 0.632956
v 0.540003 0.487701 0.636115
v 0.552266 0.505435 0.640844
v 0.556370 0.530610 0.630259
v 0.552079 0.551487 0.635687
v 0.539860 0.569187 0.640289
v 0.521572 0.581013 0.643364
v 0.500000 0.585166 0.644444
v 0.478428 0.581013 0.643364
v 0.460140 0.569187 0.640289
v 0.447921 0.551487 0.635687
v 0.443630 0.530610 0.630259
v 0.447921 0.509732 0.624831
v 0.460140 0.492032 0.620229
v 0.478428 0.480206 0.617154
v 0.500000 0.476053 0.616074
v 0.521572 0.480206 0.617154
v 0.539860 0.492032 0.620229
v 0.552079 0.509732 0.624831
v 0.556168 0.534758 0.614096
v 0.551893 0.555595 0.619374
v 0.539717 0.573259 0.623849
v 0.521495 0.585062 0.626839
v 0.500000 0.589206 0.627889
v 0.478505 0.585062 0.626839
v 0.460283 0.573259 0.623849
v 0.448107 0.555595 0.619374
v 0.443832 0.534758 0.614096
v 0.448107 0.513922 0.608817
v 0.460283 0.496257 0.604342
v 0.478505 0.484454 0.601352
v 0.500000 0.480310 0.600302
v 0.521495 0.484454 0.601352
v 0.539717 0.496257 0.604342
v 0.551893 0.513922 0.608817
v 0.555966 0.538799 0.597932
v 0.551706 0.559593 0.603061
v 0.539574 0.577221 0.607410
v 0.521417 0.589000 0.610315
v 0.500000 0.593137 0.611335
v 0.478583 0.589000 0.610315
v 0.460426 0.577221 0.607410
v 0.448294 0.559593 0.603061
v 0.444034 0.538799 0.597932
v 0.448294 0.518005 0.592803
v 0.460426 0.500377 0.588454
v 0.478583 0.488598 0.585549
v 0.500000 0.484461 0.584529
v 0.521417 0.488598 0.585549
v 0.539574 0.500377 0.588454
v 0.551706 0.518005 0.592803
v 0.555764 0.542732 0.581769
v 0.551519 0.563483 0.586749
v 0.539431 0.581075 0.590971
v 0.521340 0.592829 0.593792
v 0.500000 0.596957 0.594782
v 0.478660 0.592829 0.593792
v 0.460569 0.581075 0.590971
v 0.448481 0.563483 0.586749
v 0.444236 0.542732 0.581769
v 0.448481 0.521981 0.576788
v 0.460569 0.504390 0.572566
v 0.478660 0.492635 0.569745
v 0.500000 0.488508 0.568755
v 0.521340 0.492635 0.569745
v 0.539431 0.504390 0.572566
v 0.551519 0.521981 0.576788
v 0.555562 0.546558 0.565605
v 0.551333 0.567264 0.570436
v 0.539288 0.584818 0.574532
v 0.521263 0.596547 0.577269
v 0.500000 0.600666 0.578230
v 0.478737 0.596547 0.577269
v 0.460712 0.584818 0.574532
v 0.448667 0.567264 0.570436
v 0.444438 0.546558 0.565605
v 0.448667 0.525851 0.560773
v 0.460712 0.508297 0.556677
v 0.478737 0.496568 0.553941
v 0.500000 0.492449 0.552980
v 0.521263 0.496568 0.553941
v 0.539288 0.508297 0.556677
v 0.551333 0.525851 0.560773
v 0.555360 0.550275 0.549441
v 0.551146 0.570936 0.554125
v 0.539146 0.588452 0.558095
v 0.521185 0.600156 0.560748
v 0.500000 0.604266 0.561679
v 0.478815 0.600156 0.560748
v 0.460854 0.588452 0.558095
v 0.448854 0.570936 0.554125
v 0.444640 0.550275 0.549441
v 0.448854 0.529614 0.544758
v 0.460854 0.512098 0.540788
v 0.478815 0.500394 0.538135
v 0.500000 0.496285 0.537204
v 0.521185 0.500394 0.538135
v 0.539146 0.512098 0.540788
v 0.551146 0.529614 0.544758
v 0.555158 0.553885 0.533278
v 0.550959 0.574500 0.537813
v 0.539003 0.591977 0.541658
v 0.521108 0.603654 0.544227
v 0.500000 0.607755 0.545129
v 0.478892 0.603654 0.544227
v 0.460997 0.591977 0.541658
v 0.449041 0.574500 0.537813
v 0.444842 0.553885 0.533278
v 0.449041 0.533270 0.528743
v 0.460997 0.515793 0.524898
v 0.478892 0.504116 0.522329
v 0.500000 0.500015 0.521427
v 0.521108 0.504116 0.522329
v 0.539003 0.515793 0.524898
v 0.550959 0.533270 0.528743
v 0.554956 0.557387 0.517114
v 0.550773 0.577955 0.521502
v 0.538860 0.595392 0.525222
v 0.521031 0.607042 0.527708
v 0.500000 0.611134 0.528580
v 0.478969 0.607042 0.527708
v 0.461140 0.595392 0.525222
v 0.449227 0.577955 0.521502
v 0.445044 0.557387 0.517114
v 0.449227 0.536819 0.512727
v 0.461140 0.519383 0.509007
v 0.478969 0.507732 0.506521
v 0.500000 0.503640 0.505648
v 0.521031 0.507732 0.506521
v 0.538860 0.519383 0.509007
v 0.550773 0.536819 0.512727
v 0.554754 0.560781 0.500951
v 0.550586 0.581301 0.505192
v 0.538717 0.598697 0.508787
v 0.520953 0.610321 0.511189
v 0.500000 0.614402 0.512032
v 0.479047 0.610321 0.511189
v 0.461283 0.598697 0.508787
v 0.449414 0.581301 0.505192
v 0.445246 0.560781 0.500951
v 0.449414 0.540262 0.496710
v 0.461283 0.522866 0.493115
v 0.479047 0.511242 0.490713
v 0.500000 0.507161 0.489869
v 0.520953 0.511242 0.490713
v 0.538717 0.522866 0.493115
v 0.550586 0.540262 0.496710
v 0.554552 0.564068 0.484787
v 0.550399 0.584539 0.488881
v 0.538574 0.601893 0.492352
v 0.520876 0.613489 0.494671
v 0.500000 0.617561 0.495486
v 0.479124 0.613489 0.494671
v 0.461426 0.601893 0.492352
v 0.449601 0.584539 0.488881
v 0.445448 0.564068 0.484787
v 0.449601 0.543597 0.480693
v 0.461426 0.526243 0.477222
v 0.479124 0.514647 0.474903
v 0.500000 0.510575 0.474089
v 0.520876 0.514647 0.474903
v 0.538574 0.526243 0.477222
v 0.550399 0.543597 0.480693
v 0.554350 0.567247 0.468624
v 0.550213 0.587668 0.472572
v 0.538431 0.604979 0.475919
v 0.520799 0.616547 0.478155
v 0.500000 0.620609 0.478940
v 0.479201 0.616547 0.478155
v 0.461569 0.604979 0.475919
v 0.449787 0.587668 0.472572
v 0.445650 0.567247 0.468624
v 0.449787 0.546826 0.464676
v 0.461569 0.529514 0.461329
v 0.479201 0.517947 0.459092
v 0.500000 0.513885 0.458307
v 0.520799 0.517947 0.459092
v 0.538431 0.529514 0.461329
v 0.550213 0.546826 0.464676
v 0.554148 0.570318 0.452460
v 0.550026 0.590688 0.456263
v 0.538288 0.607956 0.459486
v 0.520721 0.619495 0.461640
v 0.500000 0.623546 0.462396
v 0.479279 0.619495 0.461640
v 0.461712 0.607956 0.459486
v 0.449974 0.590688 0.456263
v 0.445852 0.570318 0.452460
v 0.449974 0.549948 0.448658
v 0.461712 0.532680 0.445434
v 0.479279 0.521141 0.443281
v 0.500000 0.517089 0.442524
v 0.520721 0.521141 0.443281
v 0.538288 0.532680 0.445434
v 0.550026 0.549948 0.448658
v 0.553946 0.573281 0.436297
v 0.549839 0.593599 0.439954
v 0.538145 0.610823 0.443054
v 0.520644 0.622332 0.445126
v 0.500000 0.626374 0.445853
v 0.479356 0.622332 0.445126
v 0.461855 0.610823 0.443054
v 0.450161 0.593599 0.439954
v 0.446054 0.573281 0.436297
v 0.450161 0.552964 0.432639
v 0.461855 0.535739 0.429539
v 0.479356 0.524230 0.427467
v 0.500000 0.520189 0.426740
v 0.520644 0.524230 0.427467
v 0.538145 0.535739 0.429539
v 0.549839 0.552964 0.432639
v 0.553744 0.576137 0.420133
v 0.549653 0.596401 0.423646
v 0.538003 0.613581 0.426623
v 0.520567 0.625060 0.428613
v 0.500000 0.629091 0.429312
v 0.479433 0.625060 0.428613
v 0.461997 0.613581 0.426623
v 0.450347 0.596401 0.423646
v 0.446256 0.576137 0.420133
v 0.450347 0.555872 0.416621
v 0.461997 0.538693 0.413643
v 0.479433 0.527214 0.411653
v 0.500000 0.523183 0.410954
v 0.520567 0.527214 0.411653
v 0.538003 0.538693 0.413643
v 0.549653 0.555872 0.416621
v 0.553542 0.578885 0.403970
v 0.549466 0.599095 0.407338
v 0.537860 0.616229 0.410194
v 0.520490 0.627678 0.412102
v 0.500000 0.631698 0.412772
v 0.479510 0.627678 0.412102
v 0.462140 0.616229 0.410194
v 0.450534 0.599095 0.407338
v 0.446458 0.578885 0.403970
v 0.450534 0.558674 0.400601
v 0.462140 0.541540 0.397746
v 0.479510 0.530092 0.395837
v 0.500000 0.526071 0.395167
v 0.520490 0.530092 0.395837
v 0.537860 0.541540 0.397746
v 0.549466 0.558674 0.400601
v 0.553340 0.581525 0.387806
v 0.549279 0.601680 0.391031
v 0.537717 0.618768 0.393765
v 0.520412 0.630185 0.395592
v 0.500000 0.634194 0.396233
v 0.479588 0.630185 0.395592
v 0.462283 0.618768 0.393765
v 0.450721 0.601680 0.391031
v 0.446660 0.581525 0.387806
v 0.450721 0.561369 0.384581
v 0.462283 0.544281 0.381847
v 0.479588 0.532864 0.380020
v 0.500000 0.528855 0.379379
v 0.520412 0.532864 0.380020
v 0.537717 0.544281 0.381847
v 0.549279 0.561369 0.384581
v 0.553138 0.584057 0.371643
v 0.549093 0.604157 0.374725
v 0.537574 0.621197 0.377337
v 0.520335 0.632583 0.379083
v 0.500000 0.636581 0.379696
v 0.479665 0.632583 0.379083
v 0.462426 0.621197 0.377337
v 0.450907 0.604157 0.374725
v 0.446862 0.584057 0.371643
v 0.450907 0.563957 0.368561
v 0.462426 0.546917 0.365948
v 0.479665 0.535531 0.364202
v 0.500000 0.531533 0.363589
v 0.520335 0.535531 0.364202
v 0.537574 0.546917 0.365948
v 0.549093 0.563957 0.368561
v 0.552936 0.586481 0.355479
v 0.548906 0.606525 0.358419
v 0.537431 0.623516 0.360911
v 0.520258 0.634870 0.362576
v 0.500000 0.638857 0.363161
v 0.479742 0.634870 0.362576
v 0.462569 0.623516 0.360911
v 0.451094 0.606525 0.358419
v 0.447064 0.586481 0.355479
v 0.451094 0.566438 0.352539
v 0.462569 0.549447 0.350047
v 0.479742 0.538093 0.348382
v 0.500000 0.534106 0.347797
v 0.520258 0.538093 0.348382
v 0.537431 0.549447 0.350047
v 0.548906 0.566438 0.352539
v 0.552734 0.588798 0.339315
v 0.548719 0.608784 0.342113
v 0.537288 0.625726 0.344485
v 0.520180 0.637047 0.346070
v 0.500000 0.641022 0.346627
v 0.479820 0.637047 0.346070
v 0.462712 0.625726 0.344485
v 0.451281 0.608784 0.342113
v 0.447266 0.588798 0.339315
v 0.451281 0.568813 0.336518
v 0.462712 0.551870 0.334146
v 0.479820 0.540549 0.332561
v 0.500000 0.536574 0.332004
v 0.520180 0.540549 0.332561
v 0.537288 0.551870 0.334146
v 0.548719 0.568813 0.336518
v 0.552531 0.591007 0.323152
v 0.548533 0.610934 0.325809
v 0.537145 0.627827 0.328061
v 0.520103 0.639114 0.329566
v 0.500000 0.643078 0.330095
v 0.479897 0.639114 0.329566
v 0.462855 0.627827 0.328061
v 0.451467 0.610934 0.325809
v 0.447469 0.591007 0.323152
v 0.451467 0.571081 0.320495
v 0.462855 0.554188 0.318243
v 0.479897 0.542900 0.316738
v 0.500000 0.538937 0.316209
v 0.520103 0.542900 0.316738
v 0.537145 0.554188 0.318243
v 0.548533 0.571081 0.320495
v 0.552329 0.593109 0.306988
v 0.548346 0.612975 0.309505
v 0.537003 0.629818 0.311638
v 0.520026 0.641071 0.313064
v 0.500000 0.645023 0.313564
v 0.479974 0.641071 0.313064
v 0.462997 0.629818 0.311638
v 0.451654 0.612975 0.309505
v 0.447671 0.593109 0.306988
v 0.451654 0.573242 0.304472
v 0.462997 0.556399 0.302339
v 0.479974 0.545146 0.300913
v 0.500000 0.541194 0.300413
v 0.520026 0.545146 0.300913
v 0.537003 0.556399 0.302339
v 0.548346 0.573242 0.304472
v 0.552127 0.595102 0.290825
v 0.548159 0.614908 0.293202
v 0.536860 0.631699 0.295216
v 0.519948 0.642918 0.296563
v 0.500000 0.646858 0.297036
v 0.480052 0.642918 0.296563
v 0.463140 0.631699 0.295216
v 0.451841 0.614908 0.293202
v 0.447873 0.595102 0.290825
v 0.451841 0.575296 0.288448
v 0.463140 0.558505 0.286433
v 0.480052 0.547286 0.285087
v 0.500000 0.543346 0.284614
v 0.519948 0.547286 0.285087
v 0.536860 0.558505 0.286433
v 0.548159 0.575296 0.288448
v 0.551925 0.596988 0.274661
v 0.547973 0.616732 0.276899
v 0.536717 0.633471 0.278796
v 0.519871 0.644655 0.280064
v 0.500000 0.648583 0.280509
v 0.480129 0.644655 0.280064
v 0.463283 0.633471 0.278796
v 0.452027 0.616732 0.276899
v 0.448075 0.596988 0.274661
v 0.452027 0.577243 0.272424
v 0.463283 0.560505 0.270527
v 0.480129 0.549320 0.269259
v 0.500000 0.545393 0.268814
v 0.519871 0.549320 0.269259
v 0.536717 0.560505 0.270527
v 0.547973 0.577243 0.272424
v 0.551723 0.598766 0.258498
v 0.547786 0.618448 0.260597
v 0.536574 0.635133 0.262377
v 0.519794 0.646282 0.263566
v 0.500000 0.650197 0.263984
v 0.480206 0.646282 0.263566
v 0.463426 0.635133 0.262377
v 0.452214 0.618448 0.260597
v 0.448277 0.598766 0.258498
v 0.452214 0.579084 0.256398
v 0.463426 0.562398 0.254619
v 0.480206 0.551249 0.253429
v 0.500000 0.547334 0.253012
v 0.519794 0.551249 0.253429
v 0.536574 0.562398 0.254619
v 0.547786 0.579084 0.256398
v 0.551521 0.600436 0.242334
v 0.547599 0.620054 0.244296
v 0.536431 0.636686 0.245959
v 0.519716 0.647799 0.247071
v 0.500000 0.651702 0.247461
v 0.480284 0.647799 0.247071
v 0.463569 0.636686 0.245959
v 0.452401 0.620054 0.244296
v 0.448479 0.600436 0.242334
v 0.452401 0.580817 0.240372
v 0.463569 0.564186 0.238709
v 0.480284 0.553073 0.237598
v 0.500000 0.549170 0.237208
v 0.519716 0.553073 0.237598
v 0.536431 0.564186 0.238709
v 0.547599 0.580817 0.240372
v 0.551319 0.601998 0.226171
v 0.547413 0.621552 0.227996
v 0.536288 0.638130 0.229543
v 0.519639 0.649206 0.230577
v 0.500000 0.653096 0.230940
v 0.480361 0.649206 0.230577
v 0.463712 0.638130 0.229543
v 0.452587 0.621552 0.227996
v 0.448681 0.601998 0.226171
v 0.452587 0.582444 0.224346
v 0.463712 0.565867 0.222798
v 0.480361 0.554791 0.221765
v 0.500000 0.550901 0.221402
v 0.519639 0.554791 0.221765
v 0.536288 0.565867 0.222798
v 0.547413 0.582444 0.224346
v 0.551117 0.603453 0.210007
v 0.547226 0.622942 0.211696
v 0.536145 0.639463 0.213128
v 0.519562 0.650503 0.214085
v 0.500000 0.654379 0.214421
v 0.480438 0.650503 0.214085
v 0.463855 0.639463 0.213128
v 0.452774 0.622942 0.211696
v 0.448883 0.603453 0.210007
v 0.452774 0.583965 0.208318
v 0.463855 0.567443 0.206886
v 0.480438 0.556403 0.205930
v 0.500000 0.552527 0.205594
v 0.519562 0.556403 0.205930
v 0.536145 0.567443 0.206886
v 0.547226 0.583965 0.208318
v 0.550915 0.604800 0.193844
v 0.547039 0.624222 0.195397
v 0.536002 0.640688 0.196715
v 0.519484 0.651690 0.197595
v 0.500000 0.655553 0.197904
v 0.480516 0.651690 0.197595
v 0.463998 0.640688 0.196715
v 0.452961 0.624222 0.195397
v 0.449085 0.604800 0.193844
v 0.452961 0.585378 0.192290
v 0.463998 0.568912 0.190973
v 0.480516 0.557910 0.190092
v 0.500000 0.554047 0.189783
v 0.519484 0.557910 0.190092
v 0.536002 0.568912 0.190973
v 0.547039 0.585378 0.192290
v 0.550713 0.606039 0.177680
v 0.546853 0.625394 0.179099
v 0.535860 0.641803 0.180303
v 0.519407 0.652767 0.181107
v 0.500000 0.656617 0.181389
v 0.480593 0.652767 0.181107
v 0.464140 0.641803 0.180303
v 0.453147 0.625394 0.179099
v 0.449287 0.606039 0.177680
v 0.453147 0.586684 0.176261
v 0.464140 0.570276 0.175057
v 0.480593 0.559312 0.174253
v 0.500000 0.555462 0.173971
v 0.519407 0.559312 0.174253
v 0.535860 0.570276 0.175057
v 0.546853 0.586684 0.176261
v 0.550511 0.607171 0.161517
v 0.546666 0.626458 0.162802
v 0.535717 0.642808 0.163892
v 0.519330 0.653734 0.164621
v 0.500000 0.657570 0.164877
v 0.480670 0.653734 0.164621
v 0.464283 0.642808 0.163892
v 0.453334 0.626458 0.162802
v 0.449489 0.607171 0.161517
v 0.453334 0.587884 0.160231
v 0.464283 0.571533 0.159141
v 0.480670 0.560608 0.158412
v 0.500000 0.556772 0.158157
v 0.519330 0.560608 0.158412
v 0.535717 0.571533 0.159141
v 0.546666 0.587884 0.160231
v 0.550309 0.608194 0.145353
v 0.546479 0.627412 0.146506
v 0.535574 0.643704 0.147484
v 0.519252 0.654590 0.148137
v 0.500000 0.658413 0.148366
v 0.480748 0.654590 0.148137
v 0.464426 0.643704 0.147484
v 0.453521 0.627412 0.146506
v 0.449691 0.608194 0.145353
v 0.453521 0.588977 0.144200
v 0.464426 0.572684 0.143222
v 0.480748 0.561798 0.142569
v 0.500000 0.557976 0.142340
v 0.519252 0.561798 0.142569
v 0.535574 0.572684 0.143222
v 0.546479 0.588977 0.144200
v 0.550107 0.609110 0.129189
v 0.546293 0.628258 0.130211
v 0.535431 0.644491 0.131076
v 0.519175 0.655338 0.131655
v 0.500000 0.659146 0.131858
v 0.480825 0.655338 0.131655
v 0.464569 0.644491 0.131076
v 0.453707 0.628258 0.130211
v 0.449893 0.609110 0.129189
v 0.453707 0.589963 0.128168
v 0.464569 0.573730 0.127303
v 0.480825 0.562883 0.126724
v 0.500000 0.559075 0.126521
v 0.519175 0.562883 0.126724
v 0.535431 0.573730 0.127303
v 0.546293 0.589963 0.128168
v 0.549905 0.609919 0.113026
v 0.546106 0.628996 0.113916
v 0.535288 0.645168 0.114671
v 0.519098 0.655975 0.115175
v 0.500000 0.659769 0.115352
v 0.480902 0.655975 0.115175
v 0.464712 0.645168 0.114671
v 0.453894 0.628996 0.113916
v 0.450095 0.609919 0.113026
v 0.453894 0.590842 0.112136
v 0.464712 0.574669 0.111381
v 0.480902 0.563863 0.110877
v 0.500000 0.560068 0.110700
v 0.519098 0.563863 0.110877
v 0.535288 0.574669 0.111381
v 0.546106 0.590842 0.112136
v 0.549703 0.610619 0.096862
v 0.545919 0.629624 0.097623
v 0.535145 0.645736 0.098267
v 0.519020 0.656502 0.098698
v 0.500000 0.660282 0.098849
v 0.480980 0.656502 0.098698
v 0.464855 0.645736 0.098267
v 0.454081 0.629624 0.097623
v 0.450297 0.610619 0.096862
v 0.454081 0.591614 0.096102
v 0.464855 0.575502 0.095458
v 0.480980 0.564736 0.095027
v 0.500000 0.560956 0.094876
v 0.519020 0.564736 0.095027
v 0.535145 0.575502 0.095458
v 0.545919 0.591614 0.096102
v 0.549501 0.611212 0.080699
v 0.545733 0.630144 0.081330
v 0.535002 0.646195 0.081865
v 0.518943 0.656919 0.082222
v 0.500000 0.660685 0.082348
v 0.481057 0.656919 0.082222
v 0.464998 0.646195 0.081865
v 0.454267 0.630144 0.081330
v 0.450499 0.611212 0.080699
v 0.454267 0.592279 0.080068
v 0.464998 0.576229 0.079533
v 0.481057 0.565504 0.079175
v 0.500000 0.561738 0.079050
v 0.518943 0.565504 0.079175
v 0.535002 0.576229 0.079533
v 0.545733 0.592279 0.080068
v 0.549299 0.611697 0.064535
v 0.545546 0.630556 0.065038
v 0.534860 0.646544 0.065465
v 0.518866 0.657227 0.065749
v 0.500000 0.660978 0.065850
v 0.481134 0.657227 0.065749
v 0.465140 0.646544 0.065465
v 0.454454 0.630556 0.065038
v 0.450701 0.611697 0.064535
v 0.454454 0.592837 0.064032
v 0.465140 0.576849 0.063606
v 0.481134 0.566167 0.063321
v 0.500000 0.562415 0.063221
v 0.518866 0.566167 0.063321
v 0.534860 0.576849 0.063606
v 0.545546 0.592837 0.064032
v 0.549097 0.612074 0.048372
v 0.545359 0.630858 0.048748
v 0.534717 0.646783 0.049066
v 0.518789 0.657424 0.049279
v 0.500000 0.661161 0.049354
v 0.481211 0.657424 0.049279
v 0.465283 0.646783 0.049066
v 0.454641 0.630858 0.048748
v 0.450903 0.612074 0.048372
v 0.454641 0.593289 0.047996
v 0.465283 0.577364 0.047678
v 0.481211 0.566723 0.047465
v 0.500000 0.562987 0.047390
v 0.518789 0.566723 0.047465
v 0.534717 0.577364 0.047678
v 0.545359 0.593289 0.047996
v 0.548895 0.612343 0.032208
v 0.545173 0.631053 0.032458
v 0.534574 0.646914 0.032669
v 0.518711 0.657512 0.032811
v 0.500000 0.661233 0.032860
v 0.481289 0.657512 0.032811
v 0.465426 0.646914 0.032669
v 0.454827 0.631053 0.032458
v 0.451105 0.612343 0.032208
v 0.454827 0.593634 0.031959
v 0.465426 0.577772 0.031747
v 0.481289 0.567174 0.031606
v 0.500000 0.563453 0.031556
v 0.518711 0.567174 0.031606
v 0.534574 0.577772 0.031747
v 0.545173 0.593634 0.031959
v 0.548693 0.612505 0.016045
v 0.544986 0.631138 0.016169
v 0.534431 0.646935 0.016274
v 0.518634 0.657490 0.016345
v 0.500000 0.661196 0.016369
v 0.481366 0.657490 0.016345
v 0.465569 0.646935 0.016274
v 0.455014 0.631138 0.016169
v 0.451307 0.612505 0.016045
v 0.455014 0.593871 0.015921
v 0.465569 0.578075 0.015815
v 0.481366 0.567520 0.015745
v 0.500000 0.563813 0.015720
v 0.518634 0.567520 0.015745
v 0.534431 0.578075 0.015815
v 0.544986 0.593871 0.015921
v 0.548492 0.612559 0.000002
v 0.544801 0.631116 0.000003
v 0.534289 0.646848 0.000004
v 0.518557 0.657360 0.000005
v 0.500000 0.661051 0.000005
v 0.481443 0.657360 0.000005
v 0.465711 0.646848 0.000004
v 0.455199 0.631116 0.000003
v 0.451508 0.612559 0.000002
v 0.455199 0.594001 0.000001
v 0.465711 0.578270 0.000001
v 0.481443 0.567758 0.000000
v 0.500000 0.564067 0.000000
v 0.518557 0.567758 0.000000
v 0.534289 0.578270 0.000001
v 0.544801 0.594001 0.000001
v 0.500000 0.612559 0.000002
vt 0.250000 0.750000
vt 0.250000 0.684375
vt 0.281250 0.684375
vt 0.281250 0.750000
vt 0.312500 0.684375
vt 0.312500 0.750000
vt 0.343750 0.684375
vt 0.343750 0.750000
vt 0.375000 0.684375
vt 0.375000 0.750000
vt 0.406250 0.684375
vt 0.406250 0.750000
vt 0.437500 0.684375
vt 0.437500 0.750000
vt 0.468750 0.684375
vt 0.468750 0.750000
vt 0.500000 0.684375
vt 0.500000 0.750000
vt 0.531250 0.684375
vt 0.531250 0.750000
vt 0.562500 0.684375
vt 0.562500 0.750000
vt 0.593750 0.684375
vt 0.593750 0.750000
vt 0.625000 0.684375
vt 0.625000 0.750000
vt 0.656250 0.684375
vt 0.656250 0.750000
vt 0.687500 0.684375
vt 0.687500 0.750000
vt 0.718750 0.684375
vt 0.718750 0.750000
vt 0.750000 0.684375
vt 0.750000 0.750000
vt 0.500000 0.500000
vt 0.700000 0.500000
vt 0.684776 0.423463
vt 0.641421 0.358579
vt 0.576537 0.315224
vt 0.500000 0.300000
vt 0.423463 0.315224
vt 0.358579 0.358579
vt 0.315224 0.423463
vt 0.300000 0.500000
vt 0.315224 0.576537
vt 0.358579 0.641421
vt 0.423463 0.684776
vt 0.500000 0.700000
vt 0.576537 0.684776
vt 0.641421 0.641421
vt 0.684776 0.576537
vt 0.250000 0.728866
vt 0.281250 0.728866
vt 0.312500 0.728866
vt 0.343750 0.728866
vt 0.375000 0.728866
vt 0.406250 0.728866
vt 0.437500 0.728866
vt 0.468750 0.728866
vt 0.500000 0.728866
vt 0.531250 0.728866
vt 0.562500 0.728866
vt 0.593750 0.728866
vt 0.625000 0.728866
vt 0.656250 0.728866
vt 0.687500 0.728866
vt 0.718750 0.728866
vt 0.750000 0.728866
vt 0.250000 0.684041
vt 0.281250 0.684041
vt 0.312500 0.684041
vt 0.343750 0.684041
vt 0.375000 0.684041
vt 0.406250 0.684041
vt 0.437500 0.684041
vt 0.468750 0.684041
vt 0.500000 0.684041
vt 0.531250 0.684041
vt 0.562500 0.684041
vt 0.593750 0.684041
vt 0.625000 0.684041
vt 0.656250 0.684041
vt 0.687500 0.684041
vt 0.718750 0.684041
vt 0.750000 0.684041
vt 0.250000 0.639318
vt 0.281250 0.639318
vt 0.312500 0.639318
vt 0.343750 0.639318
vt 0.375000 0.639318
vt 0.406250 0.639318
vt 0.437500 0.639318
vt 0.468750 0.639318
vt 0.500000 0.639318
vt 0.531250 0.639318
vt 0.562500 0.639318
vt 0.593750 0.639318
vt 0.625000 0.639318
vt 0.656250 0.639318
vt 0.687500 0.639318
vt 0.718750 0.639318
vt 0.750000 0.639318
vt 0.250000 0.594695
vt 0.281250 0.594695
vt 0.312500 0.594695
vt 0.343750 0.594695
vt 0.375000 0.594695
vt 0.406250 0.594695
vt 0.437500 0.594695
vt 0.468750 0.594695
vt 0.500000 0.594695
vt 0.531250 0.594695
vt 0.562500 0.594695
vt 0.593750 0.594695
vt 0.625000 0.594695
vt 0.656250 0.594695
vt 0.687500 0.594695
vt 0.718750 0.594695
vt 0.750000 0.594695
vt 0.250000 0.550170
vt 0.281250 0.550170
vt 0.312500 0.550170
vt 0.343750 0.550170
vt 0.375000 0.550170
vt 0.406250 0.550170
vt 0.437500 0.550170
vt 0.468750 0.550170
vt 0.500000 0.550170
vt 0.531250 0.550170
vt 0.562500 0.550170
vt 0.593750 0.550170
vt 0.625000 0.550170
vt 0.656250 0.550170
vt 0.687500 0.550170
vt 0.718750 0.550170
vt 0.750000 0.550170
vt 0.250000 0.505743
vt 0.281250 0.505743
vt 0.312500 0.505743
vt 0.343750 0.505743
vt 0.375000 0.505743
vt 0.406250 0.505743
vt 0.437500 0.505743
vt 0.468750 0.505743
vt 0.500000 0.505743
vt 0.531250 0.505743
vt 0.562500 0.505743
vt 0.593750 0.505743
vt 0.625000 0.505743
vt 0.656250 0.505743
vt 0.687500 0.505743
vt 0.718750 0.505743
vt 0.750000 0.505743
vt 0.250000 0.461411
vt 0.281250 0.461411
vt 0.312500 0.461411
vt 0.343750 0.461411
vt 0.375000 0.461411
vt 0.406250 0.461411
vt 0.437500 0.461411
vt 0.468750 0.461411
vt 0.500000 0.461411
vt 0.531250 0.461411
vt 0.562500 0.461411
vt 0.593750 0.461411
vt 0.625000 0.461411
vt 0.656250 0.461411
vt 0.687500 0.461411
vt 0.718750 0.461411
vt 0.750000 0.461411
vt 0.250000 0.417174
vt 0.281250 0.417174
vt 0.312500 0.417174
vt 0.343750 0.417174
vt 0.375000 0.417174
vt 0.406250 0.417174
vt 0.437500 0.417174
vt 0.468750 0.417174
vt 0.500000 0.417174
vt 0.531250 0.417174
vt 0.562500 0.417174
vt 0.593750 0.417174
vt 0.625000 0.417174
vt 0.656250 0.417174
vt 0.687500 0.417174
vt 0.718750 0.417174
vt 0.750000 0.417174
vt 0.250000 0.373029
vt 0.281250 0.373029
vt 0.312500 0.373029
vt 0.343750 0.373029
vt 0.375000 0.373029
vt 0.406250 0.373029
vt 0.437500 0.373029
vt 0.468750 0.373029
vt 0.500000 0.373029
vt 0.531250 0.373029
vt 0.562500 0.373029
vt 0.593750 0.373029
vt 0.625000 0.373029
vt 0.656250 0.373029
vt 0.687500 0.373029
vt 0.718750 0.373029
vt 0.750000 0.373029
vt 0.250000 0.328975
vt 0.281250 0.328975
vt 0.312500 0.328975
vt 0.343750 0.328975
vt 0.375000 0.328975
vt 0.406250 0.328975
vt 0.437500 0.328975
vt 0.468750 0.328975
vt 0.500000 0.328975
vt 0.531250 0.328975
vt 0.562500 0.328975
vt 0.593750 0.328975
vt 0.625000 0.328975
vt 0.656250 0.328975
vt 0.687500 0.328975
vt 0.718750 0.328975
vt 0.750000 0.328975
vt 0.250000 0.285010
vt 0.281250 0.285010
vt 0.312500 0.285010
vt 0.343750 0.285010
vt 0.375000 0.285010
vt 0.406250 0.285010
vt 0.437500 0.285010
vt 0.468750 0.285010
vt 0.500000 0.285010
vt 0.531250 0.285010
vt 0.562500 0.285010
vt 0.593750 0.285010
vt 0.625000 0.285010
vt 0.656250 0.285010
vt 0.687500 0.285010
vt 0.718750 0.285010
vt 0.750000 0.285010
vt 0.250000 0.258867
vt 0.281250 0.258867
vt 0.312500 0.258867
vt 0.343750 0.258867
vt 0.375000 0.258867
vt 0.406250 0.258867
vt 0.437500 0.258867
vt 0.468750 0.258867
vt 0.500000 0.258867
vt 0.531250 0.258867
vt 0.562500 0.258867
vt 0.593750 0.258867
vt 0.625000 0.258867
vt 0.656250 0.258867
vt 0.687500 0.258867
vt 0.718750 0.258867
vt 0.750000 0.258867
vt 0.250000 0.302657
vt 0.281250 0.302657
vt 0.312500 0.302657
vt 0.343750 0.302657
vt 0.375000 0.302657
vt 0.406250 0.302657
vt 0.437500 0.302657
vt 0.468750 0.302657
vt 0.500000 0.302657
vt 0.531250 0.302657
vt 0.562500 0.302657
vt 0.593750 0.302657
vt 0.625000 0.302657
vt 0.656250 0.302657
vt 0.687500 0.302657
vt 0.718750 0.302657
vt 0.750000 0.302657
vt 0.250000 0.346363
vt 0.281250 0.346363
vt 0.312500 0.346363
vt 0.343750 0.346363
vt 0.375000 0.346363
vt 0.406250 0.346363
vt 0.437500 0.346363
vt 0.468750 0.346363
vt 0.500000 0.346363
vt 0.531250 0.346363
vt 0.562500 0.346363
vt 0.593750 0.346363
vt 0.625000 0.346363
vt 0.656250 0.346363
vt 0.687500 0.346363
vt 0.718750 0.346363
vt 0.750000 0.346363
vt 0.250000 0.389986
vt 0.281250 0.389986
vt 0.312500 0.389986
vt 0.343750 0.389986
vt 0.375000 0.389986
vt 0.406250 0.389986
vt 0.437500 0.389986
vt 0.468750 0.389986
vt 0.500000 0.389986
vt 0.531250 0.389986
vt 0.562500 0.389986
vt 0.593750 0.389986
vt 0.625000 0.389986
vt 0.656250 0.389986
vt 0.687500 0.389986
vt 0.718750 0.389986
vt 0.750000 0.389986
vt 0.250000 0.433528
vt 0.281250 0.433528
vt 0.312500 0.433528
vt 0.343750 0.433528
vt 0.375000 0.433528
vt 0.406250 0.433528
vt 0.437500 0.433528
vt 0.468750 0.433528
vt 0.500000 0.433528
vt 0.531250 0.433528
vt 0.562500 0.433528
vt 0.593750 0.433528
vt 0.625000 0.433528
vt 0.656250 0.433528
vt 0.687500 0.433528
vt 0.718750 0.433528
vt 0.750000 0.433528
vt 0.250000 0.476989
vt 0.281250 0.476989
vt 0.312500 0.476989
vt 0.343750 0.476989
vt 0.375000 0.476989
vt 0.406250 0.476989
vt 0.437500 0.476989
vt 0.468750 0.476989
vt 0.500000 0.476989
vt 0.531250 0.476989
vt 0.562500 0.476989
vt 0.593750 0.476989
vt 0.625000 0.476989
vt 0.656250 0.476989
vt 0.687500 0.476989
vt 0.718750 0.476989
vt 0.750000 0.476989
vt 0.250000 0.520372
vt 0.281250 0.520372
vt 0.312500 0.520372
vt 0.343750 0.520372
vt 0.375000 0.520372
vt 0.406250 0.520372
vt 0.437500 0.520372
vt 0.468750 0.520372
vt 0.500000 0.520372
vt 0.531250 0.520372
vt 0.562500 0.520372
vt 0.593750 0.520372
vt 0.625000 0.520372
vt 0.656250 0.520372
vt 0.687500 0.520372
vt 0.718750 0.520372
vt 0.750000 0.520372
vt 0.250000 0.545222
vt 0.281250 0.545222
vt 0.312500 0.545222
vt 0.343750 0.545222
vt 0.375000 0.545222
vt 0.406250 0.545222
vt 0.437500 0.545222
vt 0.468750 0.545222
vt 0.500000 0.545222
vt 0.531250 0.545222
vt 0.562500 0.545222
vt 0.593750 0.545222
vt 0.625000 0.545222
vt 0.656250 0.545222
vt 0.687500 0.545222
vt 0.718750 0.545222
vt 0.750000 0.545222
vt 0.250000 0.563679
vt 0.281250 0.563679
vt 0.312500 0.563679
vt 0.343750 0.563679
vt 0.375000 0.563679
vt 0.406250 0.563679
vt 0.437500 0.563679
vt 0.468750 0.563679
vt 0.500000 0.563679
vt 0.531250 0.563679
vt 0.562500 0.563679
vt 0.593750 0.563679
vt 0.625000 0.563679
vt 0.656250 0.563679
vt 0.687500 0.563679
vt 0.718750 0.563679
vt 0.750000 0.563679
vt 0.250000 0.606911
vt 0.281250 0.606911
vt 0.312500 0.606911
vt 0.343750 0.606911
vt 0.375000 0.606911
vt 0.406250 0.606911
vt 0.437500 0.606911
vt 0.468750 0.606911
vt 0.500000 0.606911
vt 0.531250 0.606911
vt 0.562500 0.606911
vt 0.593750 0.606911
vt 0.625000 0.606911
vt 0.656250 0.606911
vt 0.687500 0.606911
vt 0.718750 0.606911
vt 0.750000 0.606911
vt 0.250000 0.650070
vt 0.281250 0.650070
vt 0.312500 0.650070
vt 0.343750 0.650070
vt 0.375000 0.650070
vt 0.406250 0.650070
vt 0.437500 0.650070
vt 0.468750 0.650070
vt 0.500000 0.650070
vt 0.531250 0.650070
vt 0.562500 0.650070
vt 0.593750 0.650070
vt 0.625000 0.650070
vt 0.656250 0.650070
vt 0.687500 0.650070
vt 0.718750 0.650070
vt 0.750000 0.650070
vt 0.250000 0.693157
vt 0.281250 0.693157
vt 0.312500 0.693157
vt 0.343750 0.693157
vt 0.375000 0.693157
vt 0.406250 0.693157
vt 0.437500 0.693157
vt 0.468750 0.693157
vt 0.500000 0.693157
vt 0.531250 0.693157
vt 0.562500 0.693157
vt 0.593750 0.693157
vt 0.625000 0.693157
vt 0.656250 0.693157
vt 0.687500 0.693157
vt 0.718750 0.693157
vt 0.750000 0.693157
vt 0.250000 0.736174
vt 0.281250 0.736174
vt 0.312500 0.736174
vt 0.343750 0.736174
vt 0.375000 0.736174
vt 0.406250 0.736174
vt 0.437500 0.736174
vt 0.468750 0.736174
vt 0.500000 0.736174
vt 0.531250 0.736174
vt 0.562500 0.736174
vt 0.593750 0.736174
vt 0.625000 0.736174
vt 0.656250 0.736174
vt 0.687500 0.736174
vt 0.718750 0.736174
vt 0.750000 0.736174
vt 0.250000 0.720877
vt 0.281250 0.720877
vt 0.312500 0.720877
vt 0.343750 0.720877
vt 0.375000 0.720877
vt 0.406250 0.720877
vt 0.437500 0.720877
vt 0.468750 0.720877
vt 0.500000 0.720877
vt 0.531250 0.720877
vt 0.562500 0.720877
vt 0.593750 0.720877
vt 0.625000 0.720877
vt 0.656250 0.720877
vt 0.687500 0.720877
vt 0.718750 0.720877
vt 0.750000 0.720877
vt 0.250000 0.677994
vt 0.281250 0.677994
vt 0.312500 0.677994
vt 0.343750 0.677994
vt 0.375000 0.677994
vt 0.406250 0.677994
vt 0.437500 0.677994
vt 0.468750 0.677994
vt 0.500000 0.677994
vt 0.531250 0.677994
vt 0.562500 0.677994
vt 0.593750 0.677994
vt 0.625000 0.677994
vt 0.656250 0.677994
vt 0.687500 0.677994
vt 0.718750 0.677994
vt 0.750000 0.677994
vt 0.250000 0.635176
vt 0.281250 0.635176
vt 0.312500 0.635176
vt 0.343750 0.635176
vt 0.375000 0.635176
vt 0.406250 0.635176
vt 0.437500 0.635176
vt 0.468750 0.635176
vt 0.500000 0.635176
vt 0.531250 0.635176
vt 0.562500 0.635176
vt 0.593750 0.635176
vt 0.625000 0.635176
vt 0.656250 0.635176
vt 0.687500 0.635176
vt 0.718750 0.635176
vt 0.750000 0.635176
vt 0.250000 0.592422
vt 0.281250 0.592422
vt 0.312500 0.592422
vt 0.343750 0.592422
vt 0.375000 0.592422
vt 0.406250 0.592422
vt 0.437500 0.592422
vt 0.468750 0.592422
vt 0.500000 0.592422
vt 0.531250 0.592422
vt 0.562500 0.592422
vt 0.593750 0.592422
vt 0.625000 0.592422
vt 0.656250 0.592422
vt 0.687500 0.592422
vt 0.718750 0.592422
vt 0.750000 0.592422
vt 0.250000 0.549729
vt 0.281250 0.549729
vt 0.312500 0.549729
vt 0.343750 0.549729
vt 0.375000 0.549729
vt 0.406250 0.549729
vt 0.437500 0.549729
vt 0.468750 0.549729
vt 0.500000 0.549729
vt 0.531250 0.549729
vt 0.562500 0.549729
vt 0.593750 0.549729
vt 0.625000 0.549729
vt 0.656250 0.549729
vt 0.687500 0.549729
vt 0.718750 0.549729
vt 0.750000 0.549729
vt 0.250000 0.507095
vt 0.281250 0.507095
vt 0.312500 0.507095
vt 0.343750 0.507095
vt 0.375000 0.507095
vt 0.406250 0.507095
vt 0.437500 0.507095
vt 0.468750 0.507095
vt 0.500000 0.507095
vt 0.531250 0.507095
vt 0.562500 0.507095
vt 0.593750 0.507095
vt 0.625000 0.507095
vt 0.656250 0.507095
vt 0.687500 0.507095
vt 0.718750 0.507095
vt 0.750000 0.507095
vt 0.250000 0.464520
vt 0.281250 0.464520
vt 0.312500 0.464520
vt 0.343750 0.464520
vt 0.375000 0.464520
vt 0.406250 0.464520
vt 0.437500 0.464520
vt 0.468750 0.464520
vt 0.500000 0.464520
vt 0.531250 0.464520
vt 0.562500 0.464520
vt 0.593750 0.464520
vt 0.625000 0.464520
vt 0.656250 0.464520
vt 0.687500 0.464520
vt 0.718750 0.464520
vt 0.750000 0.464520
vt 0.250000 0.422000
vt 0.281250 0.422000
vt 0.312500 0.422000
vt 0.343750 0.422000
vt 0.375000 0.422000
vt 0.406250 0.422000
vt 0.437500 0.422000
vt 0.468750 0.422000
vt 0.500000 0.422000
vt 0.531250 0.422000
vt 0.562500 0.422000
vt 0.593750 0.422000
vt 0.625000 0.422000
vt 0.656250 0.422000
vt 0.687500 0.422000
vt 0.718750 0.422000
vt 0.750000 0.422000
vt 0.250000 0.379536
vt 0.281250 0.379536
vt 0.312500 0.379536
vt 0.343750 0.379536
vt 0.375000 0.379536
vt 0.406250 0.379536
vt 0.437500 0.379536
vt 0.468750 0.379536
vt 0.500000 0.379536
vt 0.531250 0.379536
vt 0.562500 0.379536
vt 0.593750 0.379536
vt 0.625000 0.379536
vt 0.656250 0.379536
vt 0.687500 0.379536
vt 0.718750 0.379536
vt 0.750000 0.379536
vt 0.250000 0.337124
vt 0.281250 0.337124
vt 0.312500 0.337124
vt 0.343750 0.337124
vt 0.375000 0.337124
vt 0.406250 0.337124
vt 0.437500 0.337124
vt 0.468750 0.337124
vt 0.500000 0.337124
vt 0.531250 0.337124
vt 0.562500 0.337124
vt 0.593750 0.337124
vt 0.625000 0.337124
vt 0.656250 0.337124
vt 0.687500 0.337124
vt 0.718750 0.337124
vt 0.750000 0.337124
vt 0.250000 0.294762
vt 0.281250 0.294762
vt 0.312500 0.294762
vt 0.343750 0.294762
vt 0.375000 0.294762
vt 0.406250 0.294762
vt 0.437500 0.294762
vt 0.468750 0.294762
vt 0.500000 0.294762
vt 0.531250 0.294762
vt 0.562500 0.294762
vt 0.593750 0.294762
vt 0.625000 0.294762
vt 0.656250 0.294762
vt 0.687500 0.294762
vt 0.718750 0.294762
vt 0.750000 0.294762
vt 0.250000 0.252451
vt 0.281250 0.252451
vt 0.312500 0.252451
vt 0.343750 0.252451
vt 0.375000 0.252451
vt 0.406250 0.252451
vt 0.437500 0.252451
vt 0.468750 0.252451
vt 0.500000 0.252451
vt 0.531250 0.252451
vt 0.562500 0.252451
vt 0.593750 0.252451
vt 0.625000 0.252451
vt 0.656250 0.252451
vt 0.687500 0.252451
vt 0.718750 0.252451
vt 0.750000 0.252451
vt 0.250000 0.289814
vt 0.281250 0.289814
vt 0.312500 0.289814
vt 0.343750 0.289814
vt 0.375000 0.289814
vt 0.406250 0.289814
vt 0.437500 0.289814
vt 0.468750 0.289814
vt 0.500000 0.289814
vt 0.531250 0.289814
vt 0.562500 0.289814
vt 0.593750 0.289814
vt 0.625000 0.289814
vt 0.656250 0.289814
vt 0.687500 0.289814
vt 0.718750 0.289814
vt 0.750000 0.289814
vt 0.250000 0.332033
vt 0.281250 0.332033
vt 0.312500 0.332033
vt 0.343750 0.332033
vt 0.375000 0.332033
vt 0.406250 0.332033
vt 0.437500 0.332033
vt 0.468750 0.332033
vt 0.500000 0.332033
vt 0.531250 0.332033
vt 0.562500 0.332033
vt 0.593750 0.332033
vt 0.625000 0.332033
vt 0.656250 0.332033
vt 0.687500 0.332033
vt 0.718750 0.332033
vt 0.750000 0.332033
vt 0.250000 0.374208
vt 0.281250 0.374208
vt 0.312500 0.374208
vt 0.343750 0.374208
vt 0.375000 0.374208
vt 0.406250 0.374208
vt 0.437500 0.374208
vt 0.468750 0.374208
vt 0.500000 0.374208
vt 0.531250 0.374208
vt 0.562500 0.374208
vt 0.593750 0.374208
vt 0.625000 0.374208
vt 0.656250 0.374208
vt 0.687500 0.374208
vt 0.718750 0.374208
vt 0.750000 0.374208
vt 0.250000 0.416340
vt 0.281250 0.416340
vt 0.312500 0.416340
vt 0.343750 0.416340
vt 0.375000 0.416340
vt 0.406250 0.416340
vt 0.437500 0.416340
vt 0.468750 0.416340
vt 0.500000 0.416340
vt 0.531250 0.416340
vt 0.562500 0.416340
vt 0.593750 0.416340
vt 0.625000 0.416340
vt 0.656250 0.416340
vt 0.687500 0.416340
vt 0.718750 0.416340
vt 0.750000 0.416340
vt 0.250000 0.458433
vt 0.281250 0.458433
vt 0.312500 0.458433
vt 0.343750 0.458433
vt 0.375000 0.458433
vt 0.406250 0.458433
vt 0.437500 0.458433
vt 0.468750 0.458433
vt 0.500000 0.458433
vt 0.531250 0.458433
vt 0.562500 0.458433
vt 0.593750 0.458433
vt 0.625000 0.458433
vt 0.656250 0.458433
vt 0.687500 0.458433
vt 0.718750 0.458433
vt 0.750000 0.458433
vt 0.250000 0.500487
vt 0.281250 0.500487
vt 0.312500 0.500487
vt 0.343750 0.500487
vt 0.375000 0.500487
vt 0.406250 0.500487
vt 0.437500 0.500487
vt 0.468750 0.500487
vt 0.500000 0.500487
vt 0.531250 0.500487
vt 0.562500 0.500487
vt 0.593750 0.500487
vt 0.625000 0.500487
vt 0.656250 0.500487
vt 0.687500 0.500487
vt 0.718750 0.500487
vt 0.750000 0.500487
vt 0.250000 0.542504
vt 0.281250 0.542504
vt 0.312500 0.542504
vt 0.343750 0.542504
vt 0.375000 0.542504
vt 0.406250 0.542504
vt 0.437500 0.542504
vt 0.468750 0.542504
vt 0.500000 0.542504
vt 0.531250 0.542504
vt 0.562500 0.542504
vt 0.593750 0.542504
vt 0.625000 0.542504
vt 0.656250 0.542504
vt 0.687500 0.542504
vt 0.718750 0.542504
vt 0.750000 0.542504
vt 0.250000 0.584487
vt 0.281250 0.584487
vt 0.312500 0.584487
vt 0.343750 0.584487
vt 0.375000 0.584487
vt 0.406250 0.584487
vt 0.437500 0.584487
vt 0.468750 0.584487
vt 0.500000 0.584487
vt 0.531250 0.584487
vt 0.562500 0.584487
vt 0.593750 0.584487
vt 0.625000 0.584487
vt 0.656250 0.584487
vt 0.687500 0.584487
vt 0.718750 0.584487
vt 0.750000 0.584487
vt 0.250000 0.626436
vt 0.281250 0.626436
vt 0.312500 0.626436
vt 0.343750 0.626436
vt 0.375000 0.626436
vt 0.406250 0.626436
vt 0.437500 0.626436
vt 0.468750 0.626436
vt 0.500000 0.626436
vt 0.531250 0.626436
vt 0.562500 0.626436
vt 0.593750 0.626436
vt 0.625000 0.626436
vt 0.656250 0.626436
vt 0.687500 0.626436
vt 0.718750 0.626436
vt 0.750000 0.626436
vt 0.250000 0.668354
vt 0.281250 0.668354
vt 0.312500 0.668354
vt 0.343750 0.668354
vt 0.375000 0.668354
vt 0.406250 0.668354
vt 0.437500 0.668354
vt 0.468750 0.668354
vt 0.500000 0.668354
vt 0.531250 0.668354
vt 0.562500 0.668354
vt 0.593750 0.668354
vt 0.625000 0.668354
vt 0.656250 0.668354
vt 0.687500 0.668354
vt 0.718750 0.668354
vt 0.750000 0.668354
vt 0.250000 0.710242
vt 0.281250 0.710242
vt 0.312500 0.710242
vt 0.343750 0.710242
vt 0.375000 0.710242
vt 0.406250 0.710242
vt 0.437500 0.710242
vt 0.468750 0.710242
vt 0.500000 0.710242
vt 0.531250 0.710242
vt 0.562500 0.710242
vt 0.593750 0.710242
vt 0.625000 0.710242
vt 0.656250 0.710242
vt 0.687500 0.710242
vt 0.718750 0.710242
vt 0.750000 0.710242
vt 0.250000 0.747897
vt 0.281250 0.747897
vt 0.312500 0.747897
vt 0.343750 0.747897
vt 0.375000 0.747897
vt 0.406250 0.747897
vt 0.437500 0.747897
vt 0.468750 0.747897
vt 0.500000 0.747897
vt 0.531250 0.747897
vt 0.562500 0.747897
vt 0.593750 0.747897
vt 0.625000 0.747897
vt 0.656250 0.747897
vt 0.687500 0.747897
vt 0.718750 0.747897
vt 0.750000 0.747897
vt 0.250000 0.706062
vt 0.281250 0.706062
vt 0.312500 0.706062
vt 0.343750 0.706062
vt 0.375000 0.706062
vt 0.406250 0.706062
vt 0.437500 0.706062
vt 0.468750 0.706062
vt 0.500000 0.706062
vt 0.531250 0.706062
vt 0.562500 0.706062
vt 0.593750 0.706062
vt 0.625000 0.706062
vt 0.656250 0.706062
vt 0.687500 0.706062
vt 0.718750 0.706062
vt 0.750000 0.706062
vt 0.250000 0.664251
vt 0.281250 0.664251
vt 0.312500 0.664251
vt 0.343750 0.664251
vt 0.375000 0.664251
vt 0.406250 0.664251
vt 0.437500 0.664251
vt 0.468750 0.664251
vt 0.500000 0.664251
vt 0.531250 0.664251
vt 0.562500 0.664251
vt 0.593750 0.664251
vt 0.625000 0.664251
vt 0.656250 0.664251
vt 0.687500 0.664251
vt 0.718750 0.664251
vt 0.750000 0.664251
vt 0.250000 0.622462
vt 0.281250 0.622462
vt 0.312500 0.622462
vt 0.343750 0.622462
vt 0.375000 0.622462
vt 0.406250 0.622462
vt 0.437500 0.622462
vt 0.468750 0.622462
vt 0.500000 0.622462
vt 0.531250 0.622462
vt 0.562500 0.622462
vt 0.593750 0.622462
vt 0.625000 0.622462
vt 0.656250 0.622462
vt 0.687500 0.622462
vt 0.718750 0.622462
vt 0.750000 0.622462
vt 0.250000 0.580693
vt 0.281250 0.580693
vt 0.312500 0.580693
vt 0.343750 0.580693
vt 0.375000 0.580693
vt 0.406250 0.580693
vt 0.437500 0.580693
vt 0.468750 0.580693
vt 0.500000 0.580693
vt 0.531250 0.580693
vt 0.562500 0.580693
vt 0.593750 0.580693
vt 0.625000 0.580693
vt 0.656250 0.580693
vt 0.687500 0.580693
vt 0.718750 0.580693
vt 0.750000 0.580693
vt 0.250000 0.538943
vt 0.281250 0.538943
vt 0.312500 0.538943
vt 0.343750 0.538943
vt 0.375000 0.538943
vt 0.406250 0.538943
vt 0.437500 0.538943
vt 0.468750 0.538943
vt 0.500000 0.538943
vt 0.531250 0.538943
vt 0.562500 0.538943
vt 0.593750 0.538943
vt 0.625000 0.538943
vt 0.656250 0.538943
vt 0.687500 0.538943
vt 0.718750 0.538943
vt 0.750000 0.538943
vt 0.250000 0.497209
vt 0.281250 0.497209
vt 0.312500 0.497209
vt 0.343750 0.497209
vt 0.375000 0.497209
vt 0.406250 0.497209
vt 0.437500 0.497209
vt 0.468750 0.497209
vt 0.500000 0.497209
vt 0.531250 0.497209
vt 0.562500 0.497209
vt 0.593750 0.497209
vt 0.625000 0.497209
vt 0.656250 0.497209
vt 0.687500 0.497209
vt 0.718750 0.497209
vt 0.750000 0.497209
vt 0.250000 0.455491
vt 0.281250 0.455491
vt 0.312500 0.455491
vt 0.343750 0.455491
vt 0.375000 0.455491
vt 0.406250 0.455491
vt 0.437500 0.455491
vt 0.468750 0.455491
vt 0.500000 0.455491
vt 0.531250 0.455491
vt 0.562500 0.455491
vt 0.593750 0.455491
vt 0.625000 0.455491
vt 0.656250 0.455491
vt 0.687500 0.455491
vt 0.718750 0.455491
vt 0.750000 0.455491
vt 0.250000 0.413785
vt 0.281250 0.413785
vt 0.312500 0.413785
vt 0.343750 0.413785
vt 0.375000 0.413785
vt 0.406250 0.413785
vt 0.437500 0.413785
vt 0.468750 0.413785
vt 0.500000 0.413785
vt 0.531250 0.413785
vt 0.562500 0.413785
vt 0.593750 0.413785
vt 0.625000 0.413785
vt 0.656250 0.413785
vt 0.687500 0.413785
vt 0.718750 0.413785
vt 0.750000 0.413785
vt 0.250000 0.372090
vt 0.281250 0.372090
vt 0.312500 0.372090
vt 0.343750 0.372090
vt 0.375000 0.372090
vt 0.406250 0.372090
vt 0.437500 0.372090
vt 0.468750 0.372090
vt 0.500000 0.372090
vt 0.531250 0.372090
vt 0.562500 0.372090
vt 0.593750 0.372090
vt 0.625000 0.372090
vt 0.656250 0.372090
vt 0.687500 0.372090
vt 0.718750 0.372090
vt 0.750000 0.372090
vt 0.250000 0.330405
vt 0.281250 0.330405
vt 0.312500 0.330405
vt 0.343750 0.330405
vt 0.375000 0.330405
vt 0.406250 0.330405
vt 0.437500 0.330405
vt 0.468750 0.330405
vt 0.500000 0.330405
vt 0.531250 0.330405
vt 0.562500 0.330405
vt 0.593750 0.330405
vt 0.625000 0.330405
vt 0.656250 0.330405
vt 0.687500 0.330405
vt 0.718750 0.330405
vt 0.750000 0.330405
vt 0.250000 0.288727
vt 0.281250 0.288727
vt 0.312500 0.288727
vt 0.343750 0.288727
vt 0.375000 0.288727
vt 0.406250 0.288727
vt 0.437500 0.288727
vt 0.468750 0.288727
vt 0.500000 0.288727
vt 0.531250 0.288727
vt 0.562500 0.288727
vt 0.593750 0.288727
vt 0.625000 0.288727
vt 0.656250 0.288727
vt 0.687500 0.288727
vt 0.718750 0.288727
vt 0.750000 0.288727
vt 0.250000 0.252946
vt 0.281250 0.252946
vt 0.312500 0.252946
vt 0.343750 0.252946
vt 0.375000 0.252946
vt 0.406250 0.252946
vt 0.437500 0.252946
vt 0.468750 0.252946
vt 0.500000 0.252946
vt 0.531250 0.252946
vt 0.562500 0.252946
vt 0.593750 0.252946
vt 0.625000 0.252946
vt 0.656250 0.252946
vt 0.687500 0.252946
vt 0.718750 0.252946
vt 0.750000 0.252946
vt 0.250000 0.294614
vt 0.281250 0.294614
vt 0.312500 0.294614
vt 0.343750 0.294614
vt 0.375000 0.294614
vt 0.406250 0.294614
vt 0.437500 0.294614
vt 0.468750 0.294614
vt 0.500000 0.294614
vt 0.531250 0.294614
vt 0.562500 0.294614
vt 0.593750 0.294614
vt 0.625000 0.294614
vt 0.656250 0.294614
vt 0.687500 0.294614
vt 0.718750 0.294614
vt 0.750000 0.294614
vt 0.250000 0.335969
vt 0.281250 0.335969
vt 0.312500 0.335969
vt 0.343750 0.335969
vt 0.375000 0.335969
vt 0.406250 0.335969
vt 0.437500 0.335969
vt 0.468750 0.335969
vt 0.500000 0.335969
vt 0.531250 0.335969
vt 0.562500 0.335969
vt 0.593750 0.335969
vt 0.625000 0.335969
vt 0.656250 0.335969
vt 0.687500 0.335969
vt 0.718750 0.335969
vt 0.750000 0.335969
vn 1.000000 0.000000 0.000000
vn 0.931659 0.363334 0.000000
vn 0.728079 0.685494 0.000000
vn 0.402697 0.915333 0.000000
vn 0.000000 1.000000 0.000000
vn -0.402697 0.915333 0.000000
vn -0.728079 0.685494 0.000000
vn -0.931659 0.363334 0.000000
vn -1.000000 0.000000 0.000000
vn -0.931659 -0.363334 0.000000
vn -0.728079 -0.685494 0.000000
vn -0.402697 -0.915333 0.000000
vn -0.000000 -1.000000 0.000000
vn 0.402697 -0.915333 0.000000
vn 0.728079 -0.685494 0.000000
vn 0.931659 -0.363334 0.000000
vn 0.000000 0.000000 1.000000
vn 0.000000 0.000000 -1.000000
vn 0.923880 0.355313 0.142125
vn 0.923880 0.354220 0.144827
vn 0.707107 0.656532 0.262613
vn 0.707107 0.655206 0.265904
vn 0.382683 0.857801 0.343120
vn 0.382683 0.856663 0.345950
vn 0.000000 0.928477 0.371391
vn 0.000000 0.927470 0.373898
vn -0.382683 0.857801 0.343120
vn -0.382683 0.856663 0.345950
vn -0.707107 0.656532 0.262613
vn -0.707107 0.655206 0.265904
vn -0.923880 0.355313 0.142125
vn -0.923880 0.354220 0.144827
vn -0.923880 -0.355313 -0.142125
vn -0.923880 -0.353304 -0.147047
vn -0.707107 -0.656532 -0.262613
vn -0.707107 -0.652079 -0.273484
vn -0.382683 -0.857801 -0.343120
vn -0.382683 -0.851323 -0.358891
vn -0.000000 -0.928477 -0.371391
vn -0.000000 -0.921212 -0.389060
vn 0.382683 -0.857801 -0.343120
vn 0.382683 -0.851323 -0.358891
vn 0.707107 -0.656532 -0.262613
vn 0.707107 -0.652079 -0.273484
vn 0.923880 -0.355313 -0.142125
vn 0.923880 -0.353304 -0.147047
vn 0.923880 0.356125 0.140076
vn 0.707107 0.658034 0.258827
vn 0.382683 0.859763 0.338173
vn 0.000000 0.930601 0.366036
vn -0.382683 0.859763 0.338173
vn -0.707107 0.658034 0.258827
vn -0.923880 0.356125 0.140076
vn -0.923880 -0.356125 -0.140076
vn -0.707107 -0.658034 -0.258827
vn -0.382683 -0.859763 -0.338173
vn -0.000000 -0.930601 -0.366036
vn 0.382683 -0.859763 -0.338173
vn 0.707107 -0.658034 -0.258827
vn 0.923880 -0.356125 -0.140076
vn 0.923880 0.356930 0.138013
vn 0.707107 0.659521 0.255015
vn 0.382683 0.861705 0.333193
vn 0.000000 0.932703 0.360645
vn -0.382683 0.861705 0.333193
vn -0.707107 0.659521 0.255015
vn -0.923880 0.356930 0.138013
vn -0.923880 -0.356930 -0.138013
vn -0.707107 -0.659521 -0.255015
vn -0.382683 -0.861705 -0.333193
vn -0.000000 -0.932703 -0.360645
vn 0.382683 -0.861705 -0.333193
vn 0.707107 -0.659521 -0.255015
vn 0.923880 -0.356930 -0.138013
vn 0.923880 0.357726 0.135936
vn 0.707107 0.660992 0.251177
vn 0.382683 0.863627 0.328178
vn 0.000000 0.934784 0.355218
vn -0.382683 0.863627 0.328178
vn -0.707107 0.660992 0.251177
vn -0.923880 0.357726 0.135936
vn -0.923880 -0.357726 -0.135936
vn -0.707107 -0.660992 -0.251177
vn -0.382683 -0.863627 -0.328178
vn -0.000000 -0.934784 -0.355218
vn 0.382683 -0.863627 -0.328178
vn 0.707107 -0.660992 -0.251177
vn 0.923880 -0.357726 -0.135936
vn 0.923880 0.358514 0.133845
vn 0.707107 0.662447 0.247314
vn 0.382683 0.865529 0.323131
vn 0.000000 0.936842 0.349754
vn -0.382683 0.865529 0.323131
vn -0.707107 0.662447 0.247314
vn -0.923880 0.358514 0.133845
vn -0.923880 -0.358514 -0.133845
vn -0.707107 -0.662447 -0.247314
vn -0.382683 -0.865529 -0.323131
vn -0.000000 -0.936842 -0.349754
vn 0.382683 -0.865529 -0.323131
vn 0.707107 -0.662447 -0.247314
vn 0.923880 -0.358514 -0.133845
vn 0.923880 0.359292 0.131741
vn 0.707107 0.663886 0.243425
vn 0.382683 0.867409 0.318050
vn 0.000000 0.938876 0.344255
vn -0.382683 0.867409 0.318050
vn -0.707107 0.663886 0.243425
vn -0.923880 0.359292 0.131741
vn -0.923880 -0.359292 -0.131741
vn -0.707107 -0.663886 -0.243425
vn -0.382683 -0.867409 -0.318050
vn -0.000000 -0.938876 -0.344255
vn 0.382683 -0.867409 -0.318050
vn 0.707107 -0.663886 -0.243425
vn 0.923880 -0.359292 -0.131741
vn 0.923880 0.360062 0.129622
vn 0.707107 0.665308 0.239511
vn 0.382683 0.869267 0.312936
vn 0.000000 0.940887 0.338719
vn -0.382683 0.869267 0.312936
vn -0.707107 0.665308 0.239511
vn -0.923880 0.360062 0.129622
vn -0.923880 -0.360062 -0.129622
vn -0.707107 -0.665308 -0.239511
vn -0.382683 -0.869267 -0.312936
vn -0.000000 -0.940887 -0.338719
vn 0.382683 -0.869267 -0.312936
vn 0.707107 -0.665308 -0.239511
vn 0.923880 -0.360062 -0.129622
vn 0.923880 0.360822 0.127491
vn 0.707107 0.666713 0.235572
vn 0.382683 0.871102 0.307789
vn 0.000000 0.942874 0.333149
vn -0.382683 0.871102 0.307789
vn -0.707107 0.666713 0.235572
vn -0.923880 0.360822 0.127491
vn -0.923880 -0.360822 -0.127491
vn -0.707107 -0.666713 -0.235572
vn -0.382683 -0.871102 -0.307789
vn -0.000000 -0.942874 -0.333149
vn 0.382683 -0.871102 -0.307789
vn 0.707107 -0.666713 -0.235572
vn 0.923880 -0.360822 -0.127491
vn 0.923880 0.361573 0.125345
vn 0.707107 0.668100 0.231608
vn 0.382683 0.872915 0.302610
vn 0.000000 0.944836 0.327543
vn -0.382683 0.872915 0.302610
vn -0.707107 0.668100 0.231608
vn -0.923880 0.361573 0.125345
vn -0.923880 -0.361573 -0.125345
vn -0.707107 -0.668100 -0.231608
vn -0.382683 -0.872915 -0.302610
vn -0.000000 -0.944836 -0.327543
vn 0.382683 -0.872915 -0.302610
vn 0.707107 -0.668100 -0.231608
vn 0.923880 -0.361573 -0.125345
vn 0.923880 0.362314 0.123187
vn 0.707107 0.669469 0.227620
vn 0.382683 0.874704 0.297399
vn 0.000000 0.946773 0.321903
vn -0.382683 0.874704 0.297399
vn -0.707107 0.669469 0.227620
vn -0.923880 0.362314 0.123187
vn -0.923880 -0.362314 -0.123187
vn -0.707107 -0.669469 -0.227620
vn -0.382683 -0.874704 -0.297399
vn -0.000000 -0.946773 -0.321903
vn 0.382683 -0.874704 -0.297399
vn 0.707107 -0.669469 -0.227620
vn 0.923880 -0.362314 -0.123187
vn 0.923880 0.363045 0.121015
vn 0.707107 0.670820 0.223607
vn 0.382683 0.876469 0.292156
vn 0.000000 0.948683 0.316228
vn -0.382683 0.876469 0.292156
vn -0.707107 0.670820 0.223607
vn -0.923880 0.363045 0.121015
vn -0.923880 -0.363045 -0.121015
vn -0.707107 -0.670820 -0.223607
vn -0.382683 -0.876469 -0.292156
vn -0.000000 -0.948683 -0.316228
vn 0.382683 -0.876469 -0.292156
vn 0.707107 -0.670820 -0.223607
vn 0.923880 -0.363045 -0.121015
vn 0.923880 0.363766 0.118830
vn 0.707107 0.672153 0.219570
vn 0.382683 0.878210 0.286882
vn 0.000000 0.950567 0.310519
vn -0.382683 0.878210 0.286882
vn -0.707107 0.672153 0.219570
vn -0.923880 0.363766 0.118830
vn -0.923880 -0.363766 -0.118830
vn -0.707107 -0.672153 -0.219570
vn -0.382683 -0.878210 -0.286882
vn -0.000000 -0.950567 -0.310519
vn 0.382683 -0.878210 -0.286882
vn 0.707107 -0.672153 -0.219570
vn 0.923880 -0.363766 -0.118830
vn 0.923880 0.364477 0.116633
vn 0.707107 0.673466 0.215509
vn 0.382683 0.879925 0.281576
vn 0.000000 0.952424 0.304776
vn -0.382683 0.879925 0.281576
vn -0.707107 0.673466 0.215509
vn -0.923880 0.364477 0.116633
vn -0.923880 -0.364477 -0.116633
vn -0.707107 -0.673466 -0.215509
vn -0.382683 -0.879925 -0.281576
vn -0.000000 -0.952424 -0.304776
vn 0.382683 -0.879925 -0.281576
vn 0.707107 -0.673466 -0.215509
vn 0.923880 -0.364477 -0.116633
vn 0.923880 0.365177 0.114422
vn 0.707107 0.674759 0.211424
vn 0.382683 0.881615 0.276239
vn 0.000000 0.954253 0.298999
vn -0.382683 0.881615 0.276239
vn -0.707107 0.674759 0.211424
vn -0.923880 0.365177 0.114422
vn -0.923880 -0.365177 -0.114422
vn -0.707107 -0.674759 -0.211424
vn -0.382683 -0.881615 -0.276239
vn -0.000000 -0.954253 -0.298999
vn 0.382683 -0.881615 -0.276239
vn 0.707107 -0.674759 -0.211424
vn 0.923880 -0.365177 -0.114422
vn 0.923880 0.365866 0.112199
vn 0.707107 0.676032 0.207317
vn 0.382683 0.883279 0.270872
vn 0.000000 0.956054 0.293190
vn -0.382683 0.883279 0.270872
vn -0.707107 0.676032 0.207317
vn -0.923880 0.365866 0.112199
vn -0.923880 -0.365866 -0.112199
vn -0.707107 -0.676032 -0.207317
vn -0.382683 -0.883279 -0.270872
vn -0.000000 -0.956054 -0.293190
vn 0.382683 -0.883279 -0.270872
vn 0.707107 -0.676032 -0.207317
vn 0.923880 -0.365866 -0.112199
vn 0.923880 0.366544 0.109963
vn 0.707107 0.677285 0.203186
vn 0.382683 0.884916 0.265475
vn 0.000000 0.957826 0.287348
vn -0.382683 0.884916 0.265475
vn -0.707107 0.677285 0.203186
vn -0.923880 0.366544 0.109963
vn -0.923880 -0.366544 -0.109963
vn -0.707107 -0.677285 -0.203186
vn -0.382683 -0.884916 -0.265475
vn -0.000000 -0.957826 -0.287348
vn 0.382683 -0.884916 -0.265475
vn 0.707107 -0.677285 -0.203186
vn 0.923880 -0.366544 -0.109963
vn 0.923880 0.367211 0.107715
vn 0.707107 0.678518 0.199032
vn 0.382683 0.886526 0.260048
vn 0.000000 0.959569 0.281474
vn -0.382683 0.886526 0.260048
vn -0.707107 0.678518 0.199032
vn -0.923880 0.367211 0.107715
vn -0.923880 -0.367211 -0.107715
vn -0.707107 -0.678518 -0.199032
vn -0.382683 -0.886526 -0.260048
vn -0.000000 -0.959569 -0.281474
vn 0.382683 -0.886526 -0.260048
vn 0.707107 -0.678518 -0.199032
vn 0.923880 -0.367211 -0.107715
vn 0.923880 0.367867 0.105455
vn 0.707107 0.679729 0.194856
vn 0.382683 0.888109 0.254591
vn 0.000000 0.961282 0.275567
vn -0.382683 0.888109 0.254591
vn -0.707107 0.679729 0.194856
vn -0.923880 0.367867 0.105455
vn -0.923880 -0.367867 -0.105455
vn -0.707107 -0.679729 -0.194856
vn -0.382683 -0.888109 -0.254591
vn -0.000000 -0.961282 -0.275567
vn 0.382683 -0.888109 -0.254591
vn 0.707107 -0.679729 -0.194856
vn 0.923880 -0.367867 -0.105455
vn 0.923880 0.368237 0.104153
vn 0.707107 0.680414 0.192450
vn 0.382683 0.889003 0.251448
vn 0.000000 0.962250 0.272166
vn -0.382683 0.889003 0.251448
vn -0.707107 0.680414 0.192450
vn -0.923880 0.368237 0.104153
vn -0.923880 -0.368237 -0.104153
vn -0.707107 -0.680414 -0.192450
vn -0.382683 -0.889003 -0.251448
vn -0.000000 -0.962250 -0.272166
vn 0.382683 -0.889003 -0.251448
vn 0.707107 -0.680414 -0.192450
vn 0.923880 -0.368237 -0.104153
vn 0.923880 0.368510 0.103183
vn 0.707107 0.680918 0.190657
vn 0.382683 0.889663 0.249106
vn 0.000000 0.962964 0.269630
vn -0.382683 0.889663 0.249106
vn -0.707107 0.680918 0.190657
vn -0.923880 0.368510 0.103183
vn -0.923880 -0.368510 -0.103183
vn -0.707107 -0.680918 -0.190657
vn -0.382683 -0.889663 -0.249106
vn -0.000000 -0.962964 -0.269630
vn 0.382683 -0.889663 -0.249106
vn 0.707107 -0.680918 -0.190657
vn 0.923880 -0.368510 -0.103183
vn 0.923880 0.369142 0.100899
vn 0.707107 0.682086 0.186437
vn 0.382683 0.891188 0.243591
vn 0.000000 0.964615 0.263662
vn -0.382683 0.891188 0.243591
vn -0.707107 0.682086 0.186437
vn -0.923880 0.369142 0.100899
vn -0.923880 -0.369142 -0.100899
vn -0.707107 -0.682086 -0.186437
vn -0.382683 -0.891188 -0.243591
vn -0.000000 -0.964615 -0.263662
vn 0.382683 -0.891188 -0.243591
vn 0.707107 -0.682086 -0.186437
vn 0.923880 -0.369142 -0.100899
vn 0.923880 0.369762 0.098603
vn 0.707107 0.683231 0.182195
vn 0.382683 0.892685 0.238049
vn 0.000000 0.966235 0.257663
vn -0.382683 0.892685 0.238049
vn -0.707107 0.683231 0.182195
vn -0.923880 0.369762 0.098603
vn -0.923880 -0.369762 -0.098603
vn -0.707107 -0.683231 -0.182195
vn -0.382683 -0.892685 -0.238049
vn -0.000000 -0.966235 -0.257663
vn 0.382683 -0.892685 -0.238049
vn 0.707107 -0.683231 -0.182195
vn 0.923880 -0.369762 -0.098603
vn 0.923880 0.370370 0.096296
vn 0.707107 0.684354 0.177932
vn 0.382683 0.894151 0.232479
vn 0.000000 0.967823 0.251634
vn -0.382683 0.894151 0.232479
vn -0.707107 0.684354 0.177932
vn -0.923880 0.370370 0.096296
vn -0.923880 -0.370370 -0.096296
vn -0.707107 -0.684354 -0.177932
vn -0.382683 -0.894151 -0.232479
vn -0.000000 -0.967823 -0.251634
vn 0.382683 -0.894151 -0.232479
vn 0.707107 -0.684354 -0.177932
vn 0.923880 -0.370370 -0.096296
vn 0.923880 0.370965 0.093978
vn 0.707107 0.685453 0.173648
vn 0.382683 0.895588 0.226882
vn 0.000000 0.969377 0.245576
vn -0.382683 0.895588 0.226882
vn -0.707107 0.685453 0.173648
vn -0.923880 0.370965 0.093978
vn -0.923880 -0.370965 -0.093978
vn -0.707107 -0.685453 -0.173648
vn -0.382683 -0.895588 -0.226882
vn -0.000000 -0.969377 -0.245576
vn 0.382683 -0.895588 -0.226882
vn 0.707107 -0.685453 -0.173648
vn 0.923880 -0.370965 -0.093978
vn 0.923880 0.371547 0.091648
vn 0.707107 0.686529 0.169344
vn 0.382683 0.896994 0.221258
vn 0.000000 0.970899 0.239488
vn -0.382683 0.896994 0.221258
vn -0.707107 0.686529 0.169344
vn -0.923880 0.371547 0.091648
vn -0.923880 -0.371547 -0.091648
vn -0.707107 -0.686529 -0.169344
vn -0.382683 -0.896994 -0.221258
vn -0.000000 -0.970899 -0.239488
vn 0.382683 -0.896994 -0.221258
vn 0.707107 -0.686529 -0.169344
vn 0.923880 -0.371547 -0.091648
vn 0.923880 0.372117 0.089308
vn 0.707107 0.687582 0.165020
vn 0.382683 0.898369 0.215608
vn 0.000000 0.972387 0.233373
vn -0.382683 0.898369 0.215608
vn -0.707107 0.687582 0.165020
vn -0.923880 0.372117 0.089308
vn -0.923880 -0.372117 -0.089308
vn -0.707107 -0.687582 -0.165020
vn -0.382683 -0.898369 -0.215608
vn -0.000000 -0.972387 -0.233373
vn 0.382683 -0.898369 -0.215608
vn 0.707107 -0.687582 -0.165020
vn 0.923880 -0.372117 -0.089308
vn 0.923880 0.372673 0.086957
vn 0.707107 0.688610 0.160676
vn 0.382683 0.899712 0.209933
vn 0.000000 0.973841 0.227230
vn -0.382683 0.899712 0.209933
vn -0.707107 0.688610 0.160676
vn -0.923880 0.372673 0.086957
vn -0.923880 -0.372673 -0.086957
vn -0.707107 -0.688610 -0.160676
vn -0.382683 -0.899712 -0.209933
vn -0.000000 -0.973841 -0.227230
vn 0.382683 -0.899712 -0.209933
vn 0.707107 -0.688610 -0.160676
vn 0.923880 -0.372673 -0.086957
vn 0.923880 0.373216 0.084596
vn 0.707107 0.689613 0.156312
vn 0.382683 0.901023 0.204232
vn 0.000000 0.975260 0.221059
vn -0.382683 0.901023 0.204232
vn -0.707107 0.689613 0.156312
vn -0.923880 0.373216 0.084596
vn -0.923880 -0.373216 -0.084596
vn -0.707107 -0.689613 -0.156312
vn -0.382683 -0.901023 -0.204232
vn -0.000000 -0.975260 -0.221059
vn 0.382683 -0.901023 -0.204232
vn 0.707107 -0.689613 -0.156312
vn 0.923880 -0.373216 -0.084596
vn 0.923880 0.373746 0.082224
vn 0.707107 0.690592 0.151930
vn 0.382683 0.902302 0.198506
vn 0.000000 0.976644 0.214862
vn -0.382683 0.902302 0.198506
vn -0.707107 0.690592 0.151930
vn -0.923880 0.373746 0.082224
vn -0.923880 -0.373746 -0.082224
vn -0.707107 -0.690592 -0.151930
vn -0.382683 -0.902302 -0.198506
vn -0.000000 -0.976644 -0.214862
vn 0.382683 -0.902302 -0.198506
vn 0.707107 -0.690592 -0.151930
vn 0.923880 -0.373746 -0.082224
vn 0.923880 0.374262 0.079842
vn 0.707107 0.691545 0.147530
vn 0.382683 0.903548 0.192757
vn 0.000000 0.977993 0.208638
vn -0.382683 0.903548 0.192757
vn -0.707107 0.691545 0.147530
vn -0.923880 0.374262 0.079842
vn -0.923880 -0.374262 -0.079842
vn -0.707107 -0.691545 -0.147530
vn -0.382683 -0.903548 -0.192757
vn -0.000000 -0.977993 -0.208638
vn 0.382683 -0.903548 -0.192757
vn 0.707107 -0.691545 -0.147530
vn 0.923880 -0.374262 -0.079842
vn 0.923880 0.374764 0.077451
vn 0.707107 0.692473 0.143111
vn 0.382683 0.904760 0.186984
vn 0.000000 0.979305 0.202390
vn -0.382683 0.904760 0.186984
vn -0.707107 0.692473 0.143111
vn -0.923880 0.374764 0.077451
vn -0.923880 -0.374764 -0.077451
vn -0.707107 -0.692473 -0.143111
vn -0.382683 -0.904760 -0.186984
vn -0.000000 -0.979305 -0.202390
vn 0.382683 -0.904760 -0.186984
vn 0.707107 -0.692473 -0.143111
vn 0.923880 -0.374764 -0.077451
vn 0.923880 0.375252 0.075050
vn 0.707107 0.693375 0.138675
vn 0.382683 0.905938 0.181188
vn 0.000000 0.980581 0.196116
vn -0.382683 0.905938 0.181188
vn -0.707107 0.693375 0.138675
vn -0.923880 0.375252 0.075050
vn -0.923880 -0.375252 -0.075050
vn -0.707107 -0.693375 -0.138675
vn -0.382683 -0.905938 -0.181188
vn -0.000000 -0.980581 -0.196116
vn 0.382683 -0.905938 -0.181188
vn 0.707107 -0.693375 -0.138675
vn 0.923880 -0.375252 -0.075050
vn 0.923880 0.375726 0.072640
vn 0.707107 0.694251 0.134222
vn 0.382683 0.907083 0.175369
vn 0.000000 0.981819 0.189818
vn -0.382683 0.907083 0.175369
vn -0.707107 0.694251 0.134222
vn -0.923880 0.375726 0.072640
vn -0.923880 -0.375726 -0.072640
vn -0.707107 -0.694251 -0.134222
vn -0.382683 -0.907083 -0.175369
vn -0.000000 -0.981819 -0.189818
vn 0.382683 -0.907083 -0.175369
vn 0.707107 -0.694251 -0.134222
vn 0.923880 -0.375726 -0.072640
vn 0.923880 0.376186 0.070221
vn 0.707107 0.695100 0.129752
vn 0.382683 0.908192 0.169529
vn 0.000000 0.983020 0.183497
vn -0.382683 0.908192 0.169529
vn -0.707107 0.695100 0.129752
vn -0.923880 0.376186 0.070221
vn -0.923880 -0.376186 -0.070221
vn -0.707107 -0.695100 -0.129752
vn -0.382683 -0.908192 -0.169529
vn -0.000000 -0.983020 -0.183497
vn 0.382683 -0.908192 -0.169529
vn 0.707107 -0.695100 -0.129752
vn 0.923880 -0.376186 -0.070221
vn 0.923880 0.376631 0.067794
vn 0.707107 0.695923 0.125266
vn 0.382683 0.909267 0.163668
vn 0.000000 0.984183 0.177153
vn -0.382683 0.909267 0.163668
vn -0.707107 0.695923 0.125266
vn -0.923880 0.376631 0.067794
vn -0.923880 -0.376631 -0.067794
vn -0.707107 -0.695923 -0.125266
vn -0.382683 -0.909267 -0.163668
vn -0.000000 -0.984183 -0.177153
vn 0.382683 -0.909267 -0.163668
vn 0.707107 -0.695923 -0.125266
vn 0.923880 -0.376631 -0.067794
vn 0.923880 0.377061 0.065357
vn 0.707107 0.696718 0.120764
vn 0.382683 0.910306 0.157786
vn 0.000000 0.985308 0.170787
vn -0.382683 0.910306 0.157786
vn -0.707107 0.696718 0.120764
vn -0.923880 0.377061 0.065357
vn -0.923880 -0.377061 -0.065357
vn -0.707107 -0.696718 -0.120764
vn -0.382683 -0.910306 -0.157786
vn -0.000000 -0.985308 -0.170787
vn 0.382683 -0.910306 -0.157786
vn 0.707107 -0.696718 -0.120764
vn 0.923880 -0.377061 -0.065357
vn 0.923880 0.377477 0.062913
vn 0.707107 0.697486 0.116248
vn 0.382683 0.911309 0.151885
vn 0.000000 0.986394 0.164399
vn -0.382683 0.911309 0.151885
vn -0.707107 0.697486 0.116248
vn -0.923880 0.377477 0.062913
vn -0.923880 -0.377477 -0.062913
vn -0.707107 -0.697486 -0.116248
vn -0.382683 -0.911309 -0.151885
vn -0.000000 -0.986394 -0.164399
vn 0.382683 -0.911309 -0.151885
vn 0.707107 -0.697486 -0.116248
vn 0.923880 -0.377477 -0.062913
vn 0.923880 0.377877 0.060460
vn 0.707107 0.698226 0.111716
vn 0.382683 0.912276 0.145964
vn 0.000000 0.987441 0.157991
vn -0.382683 0.912276 0.145964
vn -0.707107 0.698226 0.111716
vn -0.923880 0.377877 0.060460
vn -0.923880 -0.377877 -0.060460
vn -0.707107 -0.698226 -0.111716
vn -0.382683 -0.912276 -0.145964
vn -0.000000 -0.987441 -0.157991
vn 0.382683 -0.912276 -0.145964
vn 0.707107 -0.698226 -0.111716
vn 0.923880 -0.377877 -0.060460
vn 0.923880 0.378263 0.058000
vn 0.707107 0.698938 0.107171
vn 0.382683 0.913207 0.140025
vn 0.000000 0.988448 0.151562
vn -0.382683 0.913207 0.140025
vn -0.707107 0.698938 0.107171
vn -0.923880 0.378263 0.058000
vn -0.923880 -0.378263 -0.058000
vn -0.707107 -0.698938 -0.107171
vn -0.382683 -0.913207 -0.140025
vn -0.000000 -0.988448 -0.151562
vn 0.382683 -0.913207 -0.140025
vn 0.707107 -0.698938 -0.107171
vn 0.923880 -0.378263 -0.058000
vn 0.923880 0.378633 0.055533
vn 0.707107 0.699622 0.102611
vn 0.382683 0.914100 0.134068
vn 0.000000 0.989415 0.145114
vn -0.382683 0.914100 0.134068
vn -0.707107 0.699622 0.102611
vn -0.923880 0.378633 0.055533
vn -0.923880 -0.378633 -0.055533
vn -0.707107 -0.699622 -0.102611
vn -0.382683 -0.914100 -0.134068
vn -0.000000 -0.989415 -0.145114
vn 0.382683 -0.914100 -0.134068
vn 0.707107 -0.699622 -0.102611
vn 0.923880 -0.378633 -0.055533
vn 0.923880 0.378987 0.053058
vn 0.707107 0.700277 0.098039
vn 0.382683 0.914956 0.128094
vn 0.000000 0.990342 0.138648
vn -0.382683 0.914956 0.128094
vn -0.707107 0.700277 0.098039
vn -0.923880 0.378987 0.053058
vn -0.923880 -0.378987 -0.053058
vn -0.707107 -0.700277 -0.098039
vn -0.382683 -0.914956 -0.128094
vn -0.000000 -0.990342 -0.138648
vn 0.382683 -0.914956 -0.128094
vn 0.707107 -0.700277 -0.098039
vn 0.923880 -0.378987 -0.053058
vn 0.923880 0.379326 0.050577
vn 0.707107 0.700904 0.093454
vn 0.382683 0.915775 0.122103
vn 0.000000 0.991228 0.132164
vn -0.382683 0.915775 0.122103
vn -0.707107 0.700904 0.093454
vn -0.923880 0.379326 0.050577
vn -0.923880 -0.379326 -0.050577
vn -0.707107 -0.700904 -0.093454
vn -0.382683 -0.915775 -0.122103
vn -0.000000 -0.991228 -0.132164
vn 0.382683 -0.915775 -0.122103
vn 0.707107 -0.700904 -0.093454
vn 0.923880 -0.379326 -0.050577
vn 0.923880 0.379650 0.048089
vn 0.707107 0.701502 0.088857
vn 0.382683 0.916556 0.116097
vn 0.000000 0.992073 0.125663
vn -0.382683 0.916556 0.116097
vn -0.707107 0.701502 0.088857
vn -0.923880 0.379650 0.048089
vn -0.923880 -0.379650 -0.048089
vn -0.707107 -0.701502 -0.088857
vn -0.382683 -0.916556 -0.116097
vn -0.000000 -0.992073 -0.125663
vn 0.382683 -0.916556 -0.116097
vn 0.707107 -0.701502 -0.088857
vn 0.923880 -0.379650 -0.048089
vn 0.923880 0.379958 0.045595
vn 0.707107 0.702070 0.084248
vn 0.382683 0.917299 0.110076
vn 0.000000 0.992877 0.119145
vn -0.382683 0.917299 0.110076
vn -0.707107 0.702070 0.084248
vn -0.923880 0.379958 0.045595
vn -0.923880 -0.379958 -0.045595
vn -0.707107 -0.702070 -0.084248
vn -0.382683 -0.917299 -0.110076
vn -0.000000 -0.992877 -0.119145
vn 0.382683 -0.917299 -0.110076
vn 0.707107 -0.702070 -0.084248
vn 0.923880 -0.379958 -0.045595
vn 0.923880 0.380249 0.043095
vn 0.707107 0.702609 0.079629
vn 0.382683 0.918003 0.104040
vn 0.000000 0.993639 0.112612
vn -0.382683 0.918003 0.104040
vn -0.707107 0.702609 0.079629
vn -0.923880 0.380249 0.043095
vn -0.923880 -0.380249 -0.043095
vn -0.707107 -0.702609 -0.079629
vn -0.382683 -0.918003 -0.104040
vn -0.000000 -0.993639 -0.112612
vn 0.382683 -0.918003 -0.104040
vn 0.707107 -0.702609 -0.079629
vn 0.923880 -0.380249 -0.043095
vn 0.923880 0.380525 0.040589
vn 0.707107 0.703118 0.074999
vn 0.382683 0.918668 0.097991
vn 0.000000 0.994359 0.106065
vn -0.382683 0.918668 0.097991
vn -0.707107 0.703118 0.074999
vn -0.923880 0.380525 0.040589
vn -0.923880 -0.380525 -0.040589
vn -0.707107 -0.703118 -0.074999
vn -0.382683 -0.918668 -0.097991
vn -0.000000 -0.994359 -0.106065
vn 0.382683 -0.918668 -0.097991
vn 0.707107 -0.703118 -0.074999
vn 0.923880 -0.380525 -0.040589
vn 0.923880 0.380784 0.038078
vn 0.707107 0.703598 0.070360
vn 0.382683 0.919294 0.091929
vn 0.000000 0.995037 0.099504
vn -0.382683 0.919294 0.091929
vn -0.707107 0.703598 0.070360
vn -0.923880 0.380784 0.038078
vn -0.923880 -0.380784 -0.038078
vn -0.707107 -0.703598 -0.070360
vn -0.382683 -0.919294 -0.091929
vn -0.000000 -0.995037 -0.099504
vn 0.382683 -0.919294 -0.091929
vn 0.707107 -0.703598 -0.070360
vn 0.923880 -0.380784 -0.038078
vn 0.923880 0.381027 0.035563
vn 0.707107 0.704047 0.065711
vn 0.382683 0.919882 0.085856
vn 0.000000 0.995673 0.092929
vn -0.382683 0.919882 0.085856
vn -0.707107 0.704047 0.065711
vn -0.923880 0.381027 0.035563
vn -0.923880 -0.381027 -0.035563
vn -0.707107 -0.704047 -0.065711
vn -0.382683 -0.919882 -0.085856
vn -0.000000 -0.995673 -0.092929
vn 0.382683 -0.919882 -0.085856
vn 0.707107 -0.704047 -0.065711
vn 0.923880 -0.381027 -0.035563
vn 0.923880 0.381254 0.033042
vn 0.707107 0.704466 0.061054
vn 0.382683 0.920429 0.079771
vn 0.000000 0.996265 0.086343
vn -0.382683 0.920429 0.079771
vn -0.707107 0.704466 0.061054
vn -0.923880 0.381254 0.033042
vn -0.923880 -0.381254 -0.033042
vn -0.707107 -0.704466 -0.061054
vn -0.382683 -0.920429 -0.079771
vn -0.000000 -0.996265 -0.086343
vn 0.382683 -0.920429 -0.079771
vn 0.707107 -0.704466 -0.061054
vn 0.923880 -0.381254 -0.033042
vn 0.923880 0.381465 0.030517
vn 0.707107 0.704855 0.056388
vn 0.382683 0.920937 0.073675
vn 0.000000 0.996815 0.079745
vn -0.382683 0.920937 0.073675
vn -0.707107 0.704855 0.056388
vn -0.923880 0.381465 0.030517
vn -0.923880 -0.381465 -0.030517
vn -0.707107 -0.704855 -0.056388
vn -0.382683 -0.920937 -0.073675
vn -0.000000 -0.996815 -0.079745
vn 0.382683 -0.920937 -0.073675
vn 0.707107 -0.704855 -0.056388
vn 0.923880 -0.381465 -0.030517
vn 0.923880 0.381659 0.027988
vn 0.707107 0.705213 0.051716
vn 0.382683 0.921405 0.067570
vn 0.000000 0.997322 0.073137
vn -0.382683 0.921405 0.067570
vn -0.707107 0.705213 0.051716
vn -0.923880 0.381659 0.027988
vn -0.923880 -0.381659 -0.027988
vn -0.707107 -0.705213 -0.051716
vn -0.382683 -0.921405 -0.067570
vn -0.000000 -0.997322 -0.073137
vn 0.382683 -0.921405 -0.067570
vn 0.707107 -0.705213 -0.051716
vn 0.923880 -0.381659 -0.027988
vn 0.923880 0.381836 0.025456
vn 0.707107 0.705541 0.047036
vn 0.382683 0.921833 0.061456
vn 0.000000 0.997785 0.066519
vn -0.382683 0.921833 0.061456
vn -0.707107 0.705541 0.047036
vn -0.923880 0.381836 0.025456
vn -0.923880 -0.381836 -0.025456
vn -0.707107 -0.705541 -0.047036
vn -0.382683 -0.921833 -0.061456
vn -0.000000 -0.997785 -0.066519
vn 0.382683 -0.921833 -0.061456
vn 0.707107 -0.705541 -0.047036
vn 0.923880 -0.381836 -0.025456
vn 0.923880 0.381996 0.022920
vn 0.707107 0.705837 0.042350
vn 0.382683 0.922221 0.055333
vn 0.000000 0.998205 0.059892
vn -0.382683 0.922221 0.055333
vn -0.707107 0.705837 0.042350
vn -0.923880 0.381996 0.022920
vn -0.923880 -0.381996 -0.022920
vn -0.707107 -0.705837 -0.042350
vn -0.382683 -0.922221 -0.055333
vn -0.000000 -0.998205 -0.059892
vn 0.382683 -0.922221 -0.055333
vn 0.707107 -0.705837 -0.042350
vn 0.923880 -0.381996 -0.022920
vn 0.923880 0.382140 0.020381
vn 0.707107 0.706103 0.037659
vn 0.382683 0.922568 0.049204
vn 0.000000 0.998581 0.053258
vn -0.382683 0.922568 0.049204
vn -0.707107 0.706103 0.037659
vn -0.923880 0.382140 0.020381
vn -0.923880 -0.382140 -0.020381
vn -0.707107 -0.706103 -0.037659
vn -0.382683 -0.922568 -0.049204
vn -0.000000 -0.998581 -0.053258
vn 0.382683 -0.922568 -0.049204
vn 0.707107 -0.706103 -0.037659
vn 0.923880 -0.382140 -0.020381
vn 0.923880 0.382267 0.017839
vn 0.707107 0.706338 0.032962
vn 0.382683 0.922875 0.043068
vn 0.000000 0.998913 0.046616
vn -0.382683 0.922875 0.043068
vn -0.707107 0.706338 0.032962
vn -0.923880 0.382267 0.017839
vn -0.923880 -0.382267 -0.017839
vn -0.707107 -0.706338 -0.032962
vn -0.382683 -0.922875 -0.043068
vn -0.000000 -0.998913 -0.046616
vn 0.382683 -0.922875 -0.043068
vn 0.707107 -0.706338 -0.032962
vn 0.923880 -0.382267 -0.017839
vn 0.923880 0.382378 0.015295
vn 0.707107 0.706542 0.028262
vn 0.382683 0.923141 0.036926
vn 0.000000 0.999201 0.039968
vn -0.382683 0.923141 0.036926
vn -0.707107 0.706542 0.028262
vn -0.923880 0.382378 0.015295
vn -0.923880 -0.382378 -0.015295
vn -0.707107 -0.706542 -0.028262
vn -0.382683 -0.923141 -0.036926
vn -0.000000 -0.999201 -0.039968
vn 0.382683 -0.923141 -0.036926
vn 0.707107 -0.706542 -0.028262
vn 0.923880 -0.382378 -0.015295
vn 0.923880 0.382471 0.012749
vn 0.707107 0.706714 0.023557
vn 0.382683 0.923367 0.030779
vn 0.000000 0.999445 0.033315
vn -0.382683 0.923367 0.030779
vn -0.707107 0.706714 0.023557
vn -0.923880 0.382471 0.012749
vn -0.923880 -0.382471 -0.012749
vn -0.707107 -0.706714 -0.023557
vn -0.382683 -0.923367 -0.030779
vn -0.000000 -0.999445 -0.033315
vn 0.382683 -0.923367 -0.030779
vn 0.707107 -0.706714 -0.023557
vn 0.923880 -0.382471 -0.012749
vn 0.923880 0.382547 0.010201
vn 0.707107 0.706855 0.018849
vn 0.382683 0.923551 0.024628
vn 0.000000 0.999645 0.026657
vn -0.382683 0.923551 0.024628
vn -0.707107 0.706855 0.018849
vn -0.923880 0.382547 0.010201
vn -0.923880 -0.382547 -0.010201
vn -0.707107 -0.706855 -0.018849
vn -0.382683 -0.923551 -0.024628
vn -0.000000 -0.999645 -0.026657
vn 0.382683 -0.923551 -0.024628
vn 0.707107 -0.706855 -0.018849
vn 0.923880 -0.382547 -0.010201
vn 0.923880 0.382607 0.007652
vn 0.707107 0.706965 0.014139
vn 0.382683 0.923695 0.018474
vn 0.000000 0.999800 0.019996
vn -0.382683 0.923695 0.018474
vn -0.707107 0.706965 0.014139
vn -0.923880 0.382607 0.007652
vn -0.923880 -0.382607 -0.007652
vn -0.707107 -0.706965 -0.014139
vn -0.382683 -0.923695 -0.018474
vn -0.000000 -0.999800 -0.019996
vn 0.382683 -0.923695 -0.018474
vn 0.707107 -0.706965 -0.014139
vn 0.923880 -0.382607 -0.007652
vn 0.923880 0.382649 0.005102
vn 0.707107 0.707044 0.009427
vn 0.382683 0.923797 0.012317
vn 0.000000 0.999911 0.013332
vn -0.382683 0.923797 0.012317
vn -0.707107 0.707044 0.009427
vn -0.923880 0.382649 0.005102
vn -0.923880 -0.382649 -0.005102
vn -0.707107 -0.707044 -0.009427
vn -0.382683 -0.923797 -0.012317
vn -0.000000 -0.999911 -0.013332
vn 0.382683 -0.923797 -0.012317
vn 0.707107 -0.707044 -0.009427
vn 0.923880 -0.382649 -0.005102
vn 0.923880 0.382675 0.002551
vn 0.707107 0.707091 0.004714
vn 0.382683 0.923859 0.006159
vn 0.000000 0.999978 0.006667
vn -0.382683 0.923859 0.006159
vn -0.707107 0.707091 0.004714
vn -0.923880 0.382675 0.002551
vn -0.923880 -0.382675 -0.002551
vn -0.707107 -0.707091 -0.004714
vn -0.382683 -0.923859 -0.006159
vn -0.000000 -0.999978 -0.006667
vn 0.382683 -0.923859 -0.006159
vn 0.707107 -0.707091 -0.004714
vn 0.923880 -0.382675 -0.002551
vn 0.923880 0.382683 0.000019
vn 0.707107 0.707107 0.000035
vn 0.382683 0.923880 0.000046
vn 0.000000 1.000000 0.000050
vn -0.382683 0.923880 0.000046
vn -0.707107 0.707107 0.000035
vn -0.923880 0.382683 0.000019
vn -0.923880 -0.382683 -0.000019
vn -0.707107 -0.707107 -0.000035
vn -0.382683 -0.923880 -0.000046
vn -0.000000 -1.000000 -0.000050
vn 0.382683 -0.923880 -0.000046
vn 0.707107 -0.707107 -0.000035
vn 0.923880 -0.382683 -0.000019
usemtl body
f 1/1/1 2/2/1 3/3/2
f 1/1/1 3/3/2 4/4/2
f 4/4/2 3/3/2 5/5/3
f 4/4/2 5/5/3 6/6/3
f 6/6/3 5/5/3 7/7/4
f 6/6/3 7/7/4 8/8/4
f 8/8/4 7/7/4 9/9/5
f 8/8/4 9/9/5 10/10/5
f 10/10/5 9/9/5 11/11/6
f 10/10/5 11/11/6 12/12/6
f 12/12/6 11/11/6 13/13/7
f 12/12/6 13/13/7 14/14/7
f 14/14/7 13/13/7 15/15/8
f 14/14/7 15/15/8 16/16/8
f 16/16/8 15/15/8 17/17/9
f 16/16/8 17/17/9 18/18/9
f 18/18/9 17/17/9 19/19/10
f 18/18/9 19/19/10 20/20/10
f 20/20/10 19/19/10 21/21/11
f 20/20/10 21/21/11 22/22/11
f 22/22/11 21/21/11 23/23/12
f 22/22/11 23/23/12 24/24/12
f 24/24/12 23/23/12 25/25/13
f 24/24/12 25/25/13 26/26/13
f 26/26/13 25/25/13 27/27/14
f 26/26/13 27/27/14 28/28/14
f 28/28/14 27/27/14 29/29/15
f 28/28/14 29/29/15 30/30/15
f 30/30/15 29/29/15 31/31/16
f 30/30/15 31/31/16 32/32/16
f 32/32/16 31/31/16 2/33/1
f 32/32/16 2/33/1 1/34/1
f 33/35/17 1/36/17 4/37/17
f 33/35/17 4/37/17 6/38/17
f 33/35/17 6/38/17 8/39/17
f 33/35/17 8/39/17 10/40/17
f 33/35/17 10/40/17 12/41/17
f 33/35/17 12/41/17 14/42/17
f 33/35/17 14/42/17 16/43/17
f 33/35/17 16/43/17 18/44/17
f 33/35/17 18/44/17 20/45/17
f 33/35/17 20/45/17 22/46/17
f 33/35/17 22/46/17 24/47/17
f 33/35/17 24/47/17 26/48/17
f 33/35/17 26/48/17 28/49/17
f 33/35/17 28/49/17 30/50/17
f 33/35/17 30/50/17 32/51/17
f 33/35/17 32/51/17 1/36/17
f 34/35/18 3/37/18 2/36/18
f 34/35/18 5/38/18 3/37/18
f 34/35/18 7/39/18 5/38/18
f 34/35/18 9/40/18 7/39/18
f 34/35/18 11/41/18 9/40/18
f 34/35/18 13/42/18 11/41/18
f 34/35/18 15/43/18 13/42/18
f 34/35/18 17/44/18 15/43/18
f 34/35/18 19/45/18 17/44/18
f 34/35/18 21/46/18 19/45/18
f 34/35/18 23/47/18 21/46/18
f 34/35/18 25/48/18 23/47/18
f 34/35/18 27/49/18 25/48/18
f 34/35/18 29/50/18 27/49/18
f 34/35/18 31/51/18 29/50/18
f 34/35/18 2/36/18 31/51/18
f 35/1/1 36/52/1 37/53/19
f 35/1/1 37/53/19 38/4/20
f 38/4/20 37/53/19 39/54/21
f 38/4/20 39/54/21 40/6/22
f 40/6/22 39/54/21 41/55/23
f 40/6/22 41/55/23 42/8/24
f 42/8/24 41/55/23 43/56/25
f 42/8/24 43/56/25 44/10/26
f 44/10/26 43/56/25 45/57/27
f 44/10/26 45/57/27 46/12/28
f 46/12/28 45/57/27 47/58/29
f 46/12/28 47/58/29 48/14/30
f 48/14/30 47/58/29 49/59/31
f 48/14/30 49/59/31 50/16/32
f 50/16/32 49/59/31 51/60/9
f 50/16/32 51/60/9 52/18/9
f 52/18/9 51/60/9 53/61/33
f 52/18/9 53/61/33 54/20/34
f 54/20/34 53/61/33 55/62/35
f 54/20/34 55/62/35 56/22/36
f 56/22/36 55/62/35 57/63/37
f 56/22/36 57/63/37 58/24/38
f 58/24/38 57/63/37 59/64/39
f 58/24/38 59/64/39 60/26/40
f 60/26/40 59/64/39 61/65/41
f 60/26/40 61/65/41 62/28/42
f 62/28/42 61/65/41 63/66/43
f 62/28/42 63/66/43 64/30/44
f 64/30/44 63/66/43 65/67/45
f 64/30/44 65/67/45 66/32/46
f 66/32/46 65/67/45 36/68/1
f 66/32/46 36/68/1 35/34/1
f 36/52/1 67/69/1 68/70/47
f 36/52/1 68/70/47 37/53/19
f 37/53/19 68/70/47 69/71/48
f 37/53/19 69/71/48 39/54/21
f 39/54/21 69/71/48 70/72/49
f 39/54/21 70/72/49 41/55/23
f 41/55/23 70/72/49 71/73/50
f 41/55/23 71/73/50 43/56/25
f 43/56/25 71/73/50 72/74/51
f 43/56/25 72/74/51 45/57/27
f 45/57/27 72/74/51 73/75/52
f 45/57/27 73/75/52 47/58/29
f 47/58/29 73/75/52 74/76/53
f 47/58/29 74/76/53 49/59/31
f 49/59/31 74/76/53 75/77/9
f 49/59/31 75/77/9 51/60/9
f 51/60/9 75/77/9 76/78/54
f 51/60/9 76/78/54 53/61/33
f 53/61/33 76/78/54 77/79/55
f 53/61/33 77/79/55 55/62/35
f 55/62/35 77/79/55 78/80/56
f 55/62/35 78/80/56 57/63/37
f 57/63/37 78/80/56 79/81/57
f 57/63/37 79/81/57 59/64/39
f 59/64/39 79/81/57 80/82/58
f 59/64/39 80/82/58 61/65/41
f 61/65/41 80/82/58 81/83/59
f 61/65/41 81/83/59 63/66/43
f 63/66/43 81/83/59 82/84/60
f 63/66/43 82/84/60 65/67/45
f 65/67/45 82/84/60 67/85/1
f 65/67/45 67/85/1 36/68/1
f 67/69/1 83/86/1 84/87/61
f 67/69/1 84/87/61 68/70/47
f 68/70/47 84/87/61 85/88/62
f 68/70/47 85/88/62 69/71/48
f 69/71/48 85/88/62 86/89/63
f 69/71/48 86/89/63 70/72/49
f 70/72/49 86/89/63 87/90/64
f 70/72/49 87/90/64 71/73/50
f 71/73/50 87/90/64 88/91/65
f 71/73/50 88/91/65 72/74/51
f 72/74/51 88/91/65 89/92/66
f 72/74/51 89/92/66 73/75/52
f 73/75/52 89/92/66 90/93/67
f 73/75/52 90/93/67 74/76/53
f 74/76/53 90/93/67 91/94/9
f 74/76/53 91/94/9 75/77/9
f 75/77/9 91/94/9 92/95/68
f 75/77/9 92/95/68 76/78/54
f 76/78/54 92/95/68 93/96/69
f 76/78/54 93/96/69 77/79/55
f 77/79/55 93/96/69 94/97/70
f 77/79/55 94/97/70 78/80/56
f 78/80/56 94/97/70 95/98/71
f 78/80/56 95/98/71 79/81/57
f 79/81/57 95/98/71 96/99/72
f 79/81/57 96/99/72 80/82/58
f 80/82/58 96/99/72 97/100/73
f 80/82/58 97/100/73 81/83/59
f 81/83/59 97/100/73 98/101/74
f 81/83/59 98/101/74 82/84/60
f 82/84/60 98/101/74 83/102/1
f 82/84/60 83/102/1 67/85/1
f 83/86/1 99/103/1 100/104/75
f 83/86/1 100/104/75 84/87/61
f 84/87/61 100/104/75 101/105/76
f 84/87/61 101/105/76 85/88/62
f 85/88/62 101/105/76 102/106/77
f 85/88/62 102/106/77 86/89/63
f 86/89/63 102/106/77 103/107/78
f 86/89/63 103/107/78 87/90/64
f 87/90/64 103/107/78 104/108/79
f 87/90/64 104/108/79 88/91/65
f 88/91/65 104/108/79 105/109/80
f 88/91/65 105/109/80 89/92/66
f 89/92/66 105/109/80 106/110/81
f 89/92/66 106/110/81 90/93/67
f 90/93/67 106/110/81 107/111/9
f 90/93/67 107/111/9 91/94/9
f 91/94/9 107/111/9 108/112/82
f 91/94/9 108/112/82 92/95/68
f 92/95/68 108/112/82 109/113/83
f 92/95/68 109/113/83 93/96/69
f 93/96/69 109/113/83 110/114/84
f 93/96/69 110/114/84 94/97/70
f 94/97/70 110/114/84 111/115/85
f 94/97/70 111/115/85 95/98/71
f 95/98/71 111/115/85 112/116/86
f 95/98/71 112/116/86 96/99/72
f 96/99/72 112/116/86 113/117/87
f 96/99/72 113/117/87 97/100/73
f 97/100/73 113/117/87 114/118/88
f 97/100/73 114/118/88 98/101/74
f 98/101/74 114/118/88 99/119/1
f 98/101/74 99/119/1 83/102/1
f 99/103/1 115/120/1 116/121/89
f 99/103/1 116/121/89 100/104/75
f 100/104/75 116/121/89 117/122/90
f 100/104/75 117/122/90 101/105/76
f 101/105/76 117/122/90 118/123/91
f 101/105/76 118/123/91 102/106/77
f 102/106/77 118/123/91 119/124/92
f 102/106/77 119/124/92 103/107/78
f 103/107/78 119/124/92 120/125/93
f 103/107/78 120/125/93 104/108/79
f 104/108/79 120/125/93 121/126/94
f 104/108/79 121/126/94 105/109/80
f 105/109/80 121/126/94 122/127/95
f 105/109/80 122/127/95 106/110/81
f 106/110/81 122/127/95 123/128/9
f 106/110/81 123/128/9 107/111/9
f 107/111/9 123/128/9 124/129/96
f 107/111/9 124/129/96 108/112/82
f 108/112/82 124/129/96 125/130/97
f 108/112/82 125/130/97 109/113/83
f 109/113/83 125/130/97 126/131/98
f 109/113/83 126/131/98 110/114/84
f 110/114/84 126/131/98 127/132/99
f 110/114/84 127/132/99 111/115/85
f 111/115/85 127/132/99 128/133/100
f 111/115/85 128/133/100 112/116/86
f 112/116/86 128/133/100 129/134/101
f 112/116/86 129/134/101 113/117/87
f 113/117/87 129/134/101 130/135/102
f 113/117/87 130/135/102 114/118/88
f 114/118/88 130/135/102 115/136/1
f 114/118/88 115/136/1 99/119/1
f 115/120/1 131/137/1 132/138/103
f 115/120/1 132/138/103 116/121/89
f 116/121/89 132/138/103 133/139/104
f 116/121/89 133/139/104 117/122/90
f 117/122/90 133/139/104 134/140/105
f 117/122/90 134/140/105 118/123/91
f 118/123/91 134/140/105 135/141/106
f 118/123/91 135/141/106 119/124/92
f 119/124/92 135/141/106 136/142/107
f 119/124/92 136/142/107 120/125/93
f 120/125/93 136/142/107 137/143/108
f 120/125/93 137/143/108 121/126/94
f 121/126/94 137/143/108 138/144/109
f 121/126/94 138/144/109 122/127/95
f 122/127/95 138/144/109 139/145/9
f 122/127/95 139/145/9 123/128/9
f 123/128/9 139/145/9 140/146/110
f 123/128/9 140/146/110 124/129/96
f 124/129/96 140/146/110 141/147/111
f 124/129/96 141/147/111 125/130/97
f 125/130/97 141/147/111 142/148/112
f 125/130/97 142/148/112 126/131/98
f 126/131/98 142/148/112 143/149/113
f 126/131/98 143/149/113 127/132/99
f 127/132/99 143/149/113 144/150/114
f 127/132/99 144/150/114 128/133/100
f 128/133/100 144/150/114 145/151/115
f 128/133/100 145/151/115 129/134/101
f 129/134/101 145/151/115 146/152/116
f 129/134/101 146/152/116 130/135/102
f 130/135/102 146/152/116 131/153/1
f 130/135/102 131/153/1 115/136/1
f 131/137/1 147/154/1 148/155/117
f 131/137/1 148/155/117 132/138/103
f 132/138/103 148/155/117 149/156/118
f 132/138/103 149/156/118 133/139/104
f 133/139/104 149/156/118 150/157/119
f 133/139/104 150/157/119 134/140/105
f 134/140/105 150/157/119 151/158/120
f 134/140/105 151/158/120 135/141/106
f 135/141/106 151/158/120 152/159/121
f 135/141/106 152/159/121 136/142/107
f 136/142/107 152/159/121 153/160/122
f 136/142/107 153/160/122 137/143/108
f 137/143/108 153/160/122 154/161/123
f 137/143/108 154/161/123 138/144/109
f 138/144/109 154/161/123 155/162/9
f 138/144/109 155/162/9 139/145/9
f 139/145/9 155/162/9 156/163/124
f 139/145/9 156/163/124 140/146/110
f 140/146/110 156/163/124 157/164/125
f 140/146/110 157/164/125 141/147/111
f 141/147/111 157/164/125 158/165/126
f 141/147/111 158/165/126 142/148/112
f 142/148/112 158/165/126 159/166/127
f 142/148/112 159/166/127 143/149/113
f 143/149/113 159/166/127 160/167/128
f 143/149/113 160/167/128 144/150/114
f 144/150/114 160/167/128 161/168/129
f 144/150/114 161/168/129 145/151/115
f 145/151/115 161/168/129 162/169/130
f 145/151/115 162/169/130 146/152/116
f 146/152/116 162/169/130 147/170/1
f 146/152/116 147/170/1 131/153/1
f 147/154/1 163/171/1 164/172/131
f 147/154/1 164/172/131 148/155/117
f 148/155/117 164/172/131 165/173/132
f 148/155/117 165/173/132 149/156/118
f 149/156/118 165/173/132 166/174/133
f 149/156/118 166/174/133 150/157/119
f 150/157/119 166/174/133 167/175/134
f 150/157/119 167/175/134 151/158/120
f 151/158/120 167/175/134 168/176/135
f 151/158/120 168/176/135 152/159/121
f 152/159/121 168/176/135 169/177/136
f 152/159/121 169/177/136 153/160/122
f 153/160/122 169/177/136 170/178/137
f 153/160/122 170/178/137 154/161/123
f 154/161/123 170/178/137 171/179/9
f 154/161/123 171/179/9 155/162/9
f 155/162/9 171/179/9 172/180/138
f 155/162/9 172/180/138 156/163/124
f 156/163/124 172/180/138 173/181/139
f 156/163/124 173/181/139 157/164/125
f 157/164/125 173/181/139 174/182/140
f 157/164/125 174/182/140 158/165/126
f 158/165/126 174/182/140 175/183/141
f 158/165/126 175/183/141 159/166/127
f 159/166/127 175/183/141 176/184/142
f 159/166/127 176/184/142 160/167/128
f 160/167/128 176/184/142 177/185/143
f 160/167/128 177/185/143 161/168/129
f 161/168/129 177/185/143 178/186/144
f 161/168/129 178/186/144 162/169/130
f 162/169/130 178/186/144 163/187/1
f 162/169/130 163/187/1 147/170/1
f 163/171/1 179/188/1 180/189/145
f 163/171/1 180/189/145 164/172/131
f 164/172/131 180/189/145 181/190/146
f 164/172/131 181/190/146 165/173/132
f 165/173/132 181/190/146 182/191/147
f 165/173/132 182/191/147 166/174/133
f 166/174/133 182/191/147 183/192/148
f 166/174/133 183/192/148 167/175/134
f 167/175/134 183/192/148 184/193/149
f 167/175/134 184/193/149 168/176/135
f 168/176/135 184/193/149 185/194/150
f 168/176/135 185/194/150 169/177/136
f 169/177/136 185/194/150 186/195/151
f 169/177/136 186/195/151 170/178/137
f 170/178/137 186/195/151 187/196/9
f 170/178/137 187/196/9 171/179/9
f 171/179/9 187/196/9 188/197/152
f 171/179/9 188/197/152 172/180/138
f 172/180/138 188/197/152 189/198/153
f 172/180/138 189/198/153 173/181/139
f 173/181/139 189/198/153 190/199/154
f 173/181/139 190/199/154 174/182/140
f 174/182/140 190/199/154 191/200/155
f 174/182/140 191/200/155 175/183/141
f 175/183/141 191/200/155 192/201/156
f 175/183/141 192/201/156 176/184/142
f 176/184/142 192/201/156 193/202/157
f 176/184/142 193/202/157 177/185/143
f 177/185/143 193/202/157 194/203/158
f 177/185/143 194/203/158 178/186/144
f 178/186/144 194/203/158 179/204/1
f 178/186/144 179/204/1 163/187/1
f 179/188/1 195/205/1 196/206/159
f 179/188/1 196/206/159 180/189/145
f 180/189/145 196/206/159 197/207/160
f 180/189/145 197/207/160 181/190/146
f 181/190/146 197/207/160 198/208/161
f 181/190/146 198/208/161 182/191/147
f 182/191/147 198/208/161 199/209/162
f 182/191/147 199/209/162 183/192/148
f 183/192/148 199/209/162 200/210/163
f 183/192/148 200/210/163 184/193/149
f 184/193/149 200/210/163 201/211/164
f 184/193/149 201/211/164 185/194/150
f 185/194/150 201/211/164 202/212/165
f 185/194/150 202/212/165 186/195/151
f 186/195/151 202/212/165 203/213/9
f 186/195/151 203/213/9 187/196/9
f 187/196/9 203/213/9 204/214/166
f 187/196/9 204/214/166 188/197/152
f 188/197/152 204/214/166 205/215/167
f 188/197/152 205/215/167 189/198/153
f 189/198/153 205/215/167 206/216/168
f 189/198/153 206/216/168 190/199/154
f 190/199/154 206/216/168 207/217/169
f 190/199/154 207/217/169 191/200/155
f 191/200/155 207/217/169 208/218/170
f 191/200/155 208/218/170 192/201/156
f 192/201/156 208/218/170 209/219/171
f 192/201/156 209/219/171 193/202/157
f 193/202/157 209/219/171 210/220/172
f 193/202/157 210/220/172 194/203/158
f 194/203/158 210/220/172 195/221/1
f 194/203/158 195/221/1 179/204/1
f 195/205/1 211/222/1 212/223/173
f 195/205/1 212/223/173 196/206/159
f 196/206/159 212/223/173 213/224/174
f 196/206/159 213/224/174 197/207/160
f 197/207/160 213/224/174 214/225/175
f 197/207/160 214/225/175 198/208/161
f 198/208/161 214/225/175 215/226/176
f 198/208/161 215/226/176 199/209/162
f 199/209/162 215/226/176 216/227/177
f 199/209/162 216/227/177 200/210/163
f 200/210/163 216/227/177 217/228/178
f 200/210/163 217/228/178 201/211/164
f 201/211/164 217/228/178 218/229/179
f 201/211/164 218/229/179 202/212/165
f 202/212/165 218/229/179 219/230/9
f 202/212/165 219/230/9 203/213/9
f 203/213/9 219/230/9 220/231/180
f 203/213/9 220/231/180 204/214/166
f 204/214/166 220/231/180 221/232/181
f 204/214/166 221/232/181 205/215/167
f 205/215/167 221/232/181 222/233/182
f 205/215/167 222/233/182 206/216/168
f 206/216/168 222/233/182 223/234/183
f 206/216/168 223/234/183 207/217/169
f 207/217/169 223/234/183 224/235/184
f 207/217/169 224/235/184 208/218/170
f 208/218/170 224/235/184 225/236/185
f 208/218/170 225/236/185 209/219/171
f 209/219/171 225/236/185 226/237/186
f 209/219/171 226/237/186 210/220/172
f 210/220/172 226/237/186 211/238/1
f 210/220/172 211/238/1 195/221/1
f 211/222/1 227/239/1 228/240/187
f 211/222/1 228/240/187 212/223/173
f 212/223/173 228/240/187 229/241/188
f 212/223/173 229/241/188 213/224/174
f 213/224/174 229/241/188 230/242/189
f 213/224/174 230/242/189 214/225/175
f 214/225/175 230/242/189 231/243/190
f 214/225/175 231/243/190 215/226/176
f 215/226/176 231/243/190 232/244/191
f 215/226/176 232/244/191 216/227/177
f 216/227/177 232/244/191 233/245/192
f 216/227/177 233/245/192 217/228/178
f 217/228/178 233/245/192 234/246/193
f 217/228/178 234/246/193 218/229/179
f 218/229/179 234/246/193 235/247/9
f 218/229/179 235/247/9 219/230/9
f 219/230/9 235/247/9 236/248/194
f 219/230/9 236/248/194 220/231/180
f 220/231/180 236/248/194 237/249/195
f 220/231/180 237/249/195 221/232/181
f 221/232/181 237/249/195 238/250/196
f 221/232/181 238/250/196 222/233/182
f 222/233/182 238/250/196 239/251/197
f 222/233/182 239/251/197 223/234/183
f 223/234/183 239/251/197 240/252/198
f 223/234/183 240/252/198 224/235/184
f 224/235/184 240/252/198 241/253/199
f 224/235/184 241/253/199 225/236/185
f 225/236/185 241/253/199 242/254/200
f 225/236/185 242/254/200 226/237/186
f 226/237/186 242/254/200 227/255/1
f 226/237/186 227/255/1 211/238/1
f 227/239/1 243/256/1 244/257/201
f 227/239/1 244/257/201 228/240/187
f 228/240/187 244/257/201 245/258/202
f 228/240/187 245/258/202 229/241/188
f 229/241/188 245/258/202 246/259/203
f 229/241/188 246/259/203 230/242/189
f 230/242/189 246/259/203 247/260/204
f 230/242/189 247/260/204 231/243/190
f 231/243/190 247/260/204 248/261/205
f 231/243/190 248/261/205 232/244/191
f 232/244/191 248/261/205 249/262/206
f 232/244/191 249/262/206 233/245/192
f 233/245/192 249/262/206 250/263/207
f 233/245/192 250/263/207 234/246/193
f 234/246/193 250/263/207 251/264/9
f 234/246/193 251/264/9 235/247/9
f 235/247/9 251/264/9 252/265/208
f 235/247/9 252/265/208 236/248/194
f 236/248/194 252/265/208 253/266/209
f 236/248/194 253/266/209 237/249/195
f 237/249/195 253/266/209 254/267/210
f 237/249/195 254/267/210 238/250/196
f 238/250/196 254/267/210 255/268/211
f 238/250/196 255/268/211 239/251/197
f 239/251/197 255/268/211 256/269/212
f 239/251/197 256/269/212 240/252/198
f 240/252/198 256/269/212 257/270/213
f 240/252/198 257/270/213 241/253/199
f 241/253/199 257/270/213 258/271/214
f 241/253/199 258/271/214 242/254/200
f 242/254/200 258/271/214 243/272/1
f 242/254/200 243/272/1 227/255/1
f 243/256/1 259/273/1 260/274/215
f 243/256/1 260/274/215 244/257/201
f 244/257/201 260/274/215 261/275/216
f 244/257/201 261/275/216 245/258/202
f 245/258/202 261/275/216 262/276/217
f 245/258/202 262/276/217 246/259/203
f 246/259/203 262/276/217 263/277/218
f 246/259/203 263/277/218 247/260/204
f 247/260/204 263/277/218 264/278/219
f 247/260/204 264/278/219 248/261/205
f 248/261/205 264/278/219 265/279/220
f 248/261/205 265/279/220 249/262/206
f 249/262/206 265/279/220 266/280/221
f 249/262/206 266/280/221 250/263/207
f 250/263/207 266/280/221 267/281/9
f 250/263/207 267/281/9 251/264/9
f 251/264/9 267/281/9 268/282/222
f 251/264/9 268/282/222 252/265/208
f 252/265/208 268/282/222 269/283/223
f 252/265/208 269/283/223 253/266/209
f 253/266/209 269/283/223 270/284/224
f 253/266/209 270/284/224 254/267/210
f 254/267/210 270/284/224 271/285/225
f 254/267/210 271/285/225 255/268/211
f 255/268/211 271/285/225 272/286/226
f 255/268/211 272/286/226 256/269/212
f 256/269/212 272/286/226 273/287/227
f 256/269/212 273/287/227 257/270/213
f 257/270/213 273/287/227 274/288/228
f 257/270/213 274/288/228 258/271/214
f 258/271/214 274/288/228 259/289/1
f 258/271/214 259/289/1 243/272/1
f 259/273/1 275/290/1 276/291/229
f 259/273/1 276/291/229 260/274/215
f 260/274/215 276/291/229 277/292/230
f 260/274/215 277/292/230 261/275/216
f 261/275/216 277/292/230 278/293/231
f 261/275/216 278/293/231 262/276/217
f 262/276/217 278/293/231 279/294/232
f 262/276/217 279/294/232 263/277/218
f 263/277/218 279/294/232 280/295/233
f 263/277/218 280/295/233 264/278/219
f 264/278/219 280/295/233 281/296/234
f 264/278/219 281/296/234 265/279/220
f 265/279/220 281/296/234 282/297/235
f 265/279/220 282/297/235 266/280/221
f 266/280/221 282/297/235 283/298/9
f 266/280/221 283/298/9 267/281/9
f 267/281/9 283/298/9 284/299/236
f 267/281/9 284/299/236 268/282/222
f 268/282/222 284/299/236 285/300/237
f 268/282/222 285/300/237 269/283/223
f 269/283/223 285/300/237 286/301/238
f 269/283/223 286/301/238 270/284/224
f 270/284/224 286/301/238 287/302/239
f 270/284/224 287/302/239 271/285/225
f 271/285/225 287/302/239 288/303/240
f 271/285/225 288/303/240 272/286/226
f 272/286/226 288/303/240 289/304/241
f 272/286/226 289/304/241 273/287/227
f 273/287/227 289/304/241 290/305/242
f 273/287/227 290/305/242 274/288/228
f 274/288/228 290/305/242 275/306/1
f 274/288/228 275/306/1 259/289/1
f 275/290/1 291/307/1 292/308/243
f 275/290/1 292/308/243 276/291/229
f 276/291/229 292/308/243 293/309/244
f 276/291/229 293/309/244 277/292/230
f 277/292/230 293/309/244 294/310/245
f 277/292/230 294/310/245 278/293/231
f 278/293/231 294/310/245 295/311/246
f 278/293/231 295/311/246 279/294/232
f 279/294/232 295/311/246 296/312/247
f 279/294/232 296/312/247 280/295/233
f 280/295/233 296/312/247 297/313/248
f 280/295/233 297/313/248 281/296/234
f 281/296/234 297/313/248 298/314/249
f 281/296/234 298/314/249 282/297/235
f 282/297/235 298/314/249 299/315/9
f 282/297/235 299/315/9 283/298/9
f 283/298/9 299/315/9 300/316/250
f 283/298/9 300/316/250 284/299/236
f 284/299/236 300/316/250 301/317/251
f 284/299/236 301/317/251 285/300/237
f 285/300/237 301/317/251 302/318/252
f 285/300/237 302/318/252 286/301/238
f 286/301/238 302/318/252 303/319/253
f 286/301/238 303/319/253 287/302/239
f 287/302/239 303/319/253 304/320/254
f 287/302/239 304/320/254 288/303/240
f 288/303/240 304/320/254 305/321/255
f 288/303/240 305/321/255 289/304/241
f 289/304/241 305/321/255 306/322/256
f 289/304/241 306/322/256 290/305/242
f 290/305/242 306/322/256 291/323/1
f 290/305/242 291/323/1 275/306/1
f 291/307/1 307/324/1 308/325/257
f 291/307/1 308/325/257 292/308/243
f 292/308/243 308/325/257 309/326/258
f 292/308/243 309/326/258 293/309/244
f 293/309/244 309/326/258 310/327/259
f 293/309/244 310/327/259 294/310/245
f 294/310/245 310/327/259 311/328/260
f 294/310/245 311/328/260 295/311/246
f 295/311/246 311/328/260 312/329/261
f 295/311/246 312/329/261 296/312/247
f 296/312/247 312/329/261 313/330/262
f 296/312/247 313/330/262 297/313/248
f 297/313/248 313/330/262 314/331/263
f 297/313/248 314/331/263 298/314/249
f 298/314/249 314/331/263 315/332/9
f 298/314/249 315/332/9 299/315/9
f 299/315/9 315/332/9 316/333/264
f 299/315/9 316/333/264 300/316/250
f 300/316/250 316/333/264 317/334/265
f 300/316/250 317/334/265 301/317/251
f 301/317/251 317/334/265 318/335/266
f 301/317/251 318/335/266 302/318/252
f 302/318/252 318/335/266 319/336/267
f 302/318/252 319/336/267 303/319/253
f 303/319/253 319/336/267 320/337/268
f 303/319/253 320/337/268 304/320/254
f 304/320/254 320/337/268 321/338/269
f 304/320/254 321/338/269 305/321/255
f 305/321/255 321/338/269 322/339/270
f 305/321/255 322/339/270 306/322/256
f 306/322/256 322/339/270 307/340/1
f 306/322/256 307/340/1 291/323/1
f 307/324/1 323/341/1 324/342/271
f 307/324/1 324/342/271 308/325/257
f 308/325/257 324/342/271 325/343/272
f 308/325/257 325/343/272 309/326/258
f 309/326/258 325/343/272 326/344/273
f 309/326/258 326/344/273 310/327/259
f 310/327/259 326/344/273 327/345/274
f 310/327/259 327/345/274 311/328/260
f 311/328/260 327/345/274 328/346/275
f 311/328/260 328/346/275 312/329/261
f 312/329/261 328/346/275 329/347/276
f 312/329/261 329/347/276 313/330/262
f 313/330/262 329/347/276 330/348/277
f 313/330/262 330/348/277 314/331/263
f 314/331/263 330/348/277 331/349/9
f 314/331/263 331/349/9 315/332/9
f 315/332/9 331/349/9 332/350/278
f 315/332/9 332/350/278 316/333/264
f 316/333/264 332/350/278 333/351/279
f 316/333/264 333/351/279 317/334/265
f 317/334/265 333/351/279 334/352/280
f 317/334/265 334/352/280 318/335/266
f 318/335/266 334/352/280 335/353/281
f 318/335/266 335/353/281 319/336/267
f 319/336/267 335/353/281 336/354/282
f 319/336/267 336/354/282 320/337/268
f 320/337/268 336/354/282 337/355/283
f 320/337/268 337/355/283 321/338/269
f 321/338/269 337/355/283 338/356/284
f 321/338/269 338/356/284 322/339/270
f 322/339/270 338/356/284 323/357/1
f 322/339/270 323/357/1 307/340/1
f 323/341/1 339/358/1 340/359/285
f 323/341/1 340/359/285 324/342/271
f 324/342/271 340/359/285 341/360/286
f 324/342/271 341/360/286 325/343/272
f 325/343/272 341/360/286 342/361/287
f 325/343/272 342/361/287 326/344/273
f 326/344/273 342/361/287 343/362/288
f 326/344/273 343/362/288 327/345/274
f 327/345/274 343/362/288 344/363/289
f 327/345/274 344/363/289 328/346/275
f 328/346/275 344/363/289 345/364/290
f 328/346/275 345/364/290 329/347/276
f 329/347/276 345/364/290 346/365/291
f 329/347/276 346/365/291 330/348/277
f 330/348/277 346/365/291 347/366/9
f 330/348/277 347/366/9 331/349/9
f 331/349/9 347/366/9 348/367/292
f 331/349/9 348/367/292 332/350/278
f 332/350/278 348/367/292 349/368/293
f 332/350/278 349/368/293 333/351/279
f 333/351/279 349/368/293 350/369/294
f 333/351/279 350/369/294 334/352/280
f 334/352/280 350/369/294 351/370/295
f 334/352/280 351/370/295 335/353/281
f 335/353/281 351/370/295 352/371/296
f 335/353/281 352/371/296 336/354/282
f 336/354/282 352/371/296 353/372/297
f 336/354/282 353/372/297 337/355/283
f 337/355/283 353/372/297 354/373/298
f 337/355/283 354/373/298 338/356/284
f 338/356/284 354/373/298 339/374/1
f 338/356/284 339/374/1 323/357/1
f 339/358/1 355/375/1 356/376/299
f 339/358/1 356/376/299 340/359/285
f 340/359/285 356/376/299 357/377/300
f 340/359/285 357/377/300 341/360/286
f 341/360/286 357/377/300 358/378/301
f 341/360/286 358/378/301 342/361/287
f 342/361/287 358/378/301 359/379/302
f 342/361/287 359/379/302 343/362/288
f 343/362/288 359/379/302 360/380/303
f 343/362/288 360/380/303 344/363/289
f 344/363/289 360/380/303 361/381/304
f 344/363/289 361/381/304 345/364/290
f 345/364/290 361/381/304 362/382/305
f 345/364/290 362/382/305 346/365/291
f 346/365/291 362/382/305 363/383/9
f 346/365/291 363/383/9 347/366/9
f 347/366/9 363/383/9 364/384/306
f 347/366/9 364/384/306 348/367/292
f 348/367/292 364/384/306 365/385/307
f 348/367/292 365/385/307 349/368/293
f 349/368/293 365/385/307 366/386/308
f 349/368/293 366/386/308 350/369/294
f 350/369/294 366/386/308 367/387/309
f 350/369/294 367/387/309 351/370/295
f 351/370/295 367/387/309 368/388/310
f 351/370/295 368/388/310 352/371/296
f 352/371/296 368/388/310 369/389/311
f 352/371/296 369/389/311 353/372/297
f 353/372/297 369/389/311 370/390/312
f 353/372/297 370/390/312 354/373/298
f 354/373/298 370/390/312 355/391/1
f 354/373/298 355/391/1 339/374/1
f 355/375/1 371/392/1 372/393/313
f 355/375/1 372/393/313 356/376/299
f 356/376/299 372/393/313 373/394/314
f 356/376/299 373/394/314 357/377/300
f 357/377/300 373/394/314 374/395/315
f 357/377/300 374/395/315 358/378/301
f 358/378/301 374/395/315 375/396/316
f 358/378/301 375/396/316 359/379/302
f 359/379/302 375/396/316 376/397/317
f 359/379/302 376/397/317 360/380/303
f 360/380/303 376/397/317 377/398/318
f 360/380/303 377/398/318 361/381/304
f 361/381/304 377/398/318 378/399/319
f 361/381/304 378/399/319 362/382/305
f 362/382/305 378/399/319 379/400/9
f 362/382/305 379/400/9 363/383/9
f 363/383/9 379/400/9 380/401/320
f 363/383/9 380/401/320 364/384/306
f 364/384/306 380/401/320 381/402/321
f 364/384/306 381/402/321 365/385/307
f 365/385/307 381/402/321 382/403/322
f 365/385/307 382/403/322 366/386/308
f 366/386/308 382/403/322 383/404/323
f 366/386/308 383/404/323 367/387/309
f 367/387/309 383/404/323 384/405/324
f 367/387/309 384/405/324 368/388/310
f 368/388/310 384/405/324 385/406/325
f 368/388/310 385/406/325 369/389/311
f 369/389/311 385/406/325 386/407/326
f 369/389/311 386/407/326 370/390/312
f 370/390/312 386/407/326 371/408/1
f 370/390/312 371/408/1 355/391/1
f 371/392/1 387/409/1 388/410/327
f 371/392/1 388/410/327 372/393/313
f 372/393/313 388/410/327 389/411/328
f 372/393/313 389/411/328 373/394/314
f 373/394/314 389/411/328 390/412/329
f 373/394/314 390/412/329 374/395/315
f 374/395/315 390/412/329 391/413/330
f 374/395/315 391/413/330 375/396/316
f 375/396/316 391/413/330 392/414/331
f 375/396/316 392/414/331 376/397/317
f 376/397/317 392/414/331 393/415/332
f 376/397/317 393/415/332 377/398/318
f 377/398/318 393/415/332 394/416/333
f 377/398/318 394/416/333 378/399/319
f 378/399/319 394/416/333 395/417/9
f 378/399/319 395/417/9 379/400/9
f 379/400/9 395/417/9 396/418/334
f 379/400/9 396/418/334 380/401/320
f 380/401/320 396/418/334 397/419/335
f 380/401/320 397/419/335 381/402/321
f 381/402/321 397/419/335 398/420/336
f 381/402/321 398/420/336 382/403/322
f 382/403/322 398/420/336 399/421/337
f 382/403/322 399/421/337 383/404/323
f 383/404/323 399/421/337 400/422/338
f 383/404/323 400/422/338 384/405/324
f 384/405/324 400/422/338 401/423/339
f 384/405/324 401/423/339 385/406/325
f 385/406/325 401/423/339 402/424/340
f 385/406/325 402/424/340 386/407/326
f 386/407/326 402/424/340 387/425/1
f 386/407/326 387/425/1 371/408/1
f 387/409/1 403/426/1 404/427/341
f 387/409/1 404/427/341 388/410/327
f 388/410/327 404/427/341 405/428/342
f 388/410/327 405/428/342 389/411/328
f 389/411/328 405/428/342 406/429/343
f 389/411/328 406/429/343 390/412/329
f 390/412/329 406/429/343 407/430/344
f 390/412/329 407/430/344 391/413/330
f 391/413/330 407/430/344 408/431/345
f 391/413/330 408/431/345 392/414/331
f 392/414/331 408/431/345 409/432/346
f 392/414/331 409/432/346 393/415/332
f 393/415/332 409/432/346 410/433/347
f 393/415/332 410/433/347 394/416/333
f 394/416/333 410/433/347 411/434/9
f 394/416/333 411/434/9 395/417/9
f 395/417/9 411/434/9 412/435/348
f 395/417/9 412/435/348 396/418/334
f 396/418/334 412/435/348 413/436/349
f 396/418/334 413/436/349 397/419/335
f 397/419/335 413/436/349 414/437/350
f 397/419/335 414/437/350 398/420/336
f 398/420/336 414/437/350 415/438/351
f 398/420/336 415/438/351 399/421/337
f 399/421/337 415/438/351 416/439/352
f 399/421/337 416/439/352 400/422/338
f 400/422/338 416/439/352 417/440/353
f 400/422/338 417/440/353 401/423/339
f 401/423/339 417/440/353 418/441/354
f 401/423/339 418/441/354 402/424/340
f 402/424/340 418/441/354 403/442/1
f 402/424/340 403/442/1 387/425/1
f 403/426/1 419/443/1 420/444/355
f 403/426/1 420/444/355 404/427/341
f 404/427/341 420/444/355 421/445/356
f 404/427/341 421/445/356 405/428/342
f 405/428/342 421/445/356 422/446/357
f 405/428/342 422/446/357 406/429/343
f 406/429/343 422/446/357 423/447/358
f 406/429/343 423/447/358 407/430/344
f 407/430/344 423/447/358 424/448/359
f 407/430/344 424/448/359 408/431/345
f 408/431/345 424/448/359 425/449/360
f 408/431/345 425/449/360 409/432/346
f 409/432/346 425/449/360 426/450/361
f 409/432/346 426/450/361 410/433/347
f 410/433/347 426/450/361 427/451/9
f 410/433/347 427/451/9 411/434/9
f 411/434/9 427/451/9 428/452/362
f 411/434/9 428/452/362 412/435/348
f 412/435/348 428/452/362 429/453/363
f 412/435/348 429/453/363 413/436/349
f 413/436/349 429/453/363 430/454/364
f 413/436/349 430/454/364 414/437/350
f 414/437/350 430/454/364 431/455/365
f 414/437/350 431/455/365 415/438/351
f 415/438/351 431/455/365 432/456/366
f 415/438/351 432/456/366 416/439/352
f 416/439/352 432/456/366 433/457/367
f 416/439/352 433/457/367 417/440/353
f 417/440/353 433/457/367 434/458/368
f 417/440/353 434/458/368 418/441/354
f 418/441/354 434/458/368 419/459/1
f 418/441/354 419/459/1 403/442/1
f 419/443/1 435/460/1 436/461/369
f 419/443/1 436/461/369 420/444/355
f 420/444/355 436/461/369 437/462/370
f 420/444/355 437/462/370 421/445/356
f 421/445/356 437/462/370 438/463/371
f 421/445/356 438/463/371 422/446/357
f 422/446/357 438/463/371 439/464/372
f 422/446/357 439/464/372 423/447/358
f 423/447/358 439/464/372 440/465/373
f 423/447/358 440/465/373 424/448/359
f 424/448/359 440/465/373 441/466/374
f 424/448/359 441/466/374 425/449/360
f 425/449/360 441/466/374 442/467/375
f 425/449/360 442/467/375 426/450/361
f 426/450/361 442/467/375 443/468/9
f 426/450/361 443/468/9 427/451/9
f 427/451/9 443/468/9 444/469/376
f 427/451/9 444/469/376 428/452/362
f 428/452/362 444/469/376 445/470/377
f 428/452/362 445/470/377 429/453/363
f 429/453/363 445/470/377 446/471/378
f 429/453/363 446/471/378 430/454/364
f 430/454/364 446/471/378 447/472/379
f 430/454/364 447/472/379 431/455/365
f 431/455/365 447/472/379 448/473/380
f 431/455/365 448/473/380 432/456/366
f 432/456/366 448/473/380 449/474/381
f 432/456/366 449/474/381 433/457/367
f 433/457/367 449/474/381 450/475/382
f 433/457/367 450/475/382 434/458/368
f 434/458/368 450/475/382 435/476/1
f 434/458/368 435/476/1 419/459/1
f 435/460/1 451/477/1 452/478/383
f 435/460/1 452/478/383 436/461/369
f 436/461/369 452/478/383 453/479/384
f 436/461/369 453/479/384 437/462/370
f 437/462/370 453/479/384 454/480/385
f 437/462/370 454/480/385 438/463/371
f 438/463/371 454/480/385 455/481/386
f 438/463/371 455/481/386 439/464/372
f 439/464/372 455/481/386 456/482/387
f 439/464/372 456/482/387 440/465/373
f 440/465/373 456/482/387 457/483/388
f 440/465/373 457/483/388 441/466/374
f 441/466/374 457/483/388 458/484/389
f 441/466/374 458/484/389 442/467/375
f 442/467/375 458/484/389 459/485/9
f 442/467/375 459/485/9 443/468/9
f 443/468/9 459/485/9 460/486/390
f 443/468/9 460/486/390 444/469/376
f 444/469/376 460/486/390 461/487/391
f 444/469/376 461/487/391 445/470/377
f 445/470/377 461/487/391 462/488/392
f 445/470/377 462/488/392 446/471/378
f 446/471/378 462/488/392 463/489/393
f 446/471/378 463/489/393 447/472/379
f 447/472/379 463/489/393 464/490/394
f 447/472/379 464/490/394 448/473/380
f 448/473/380 464/490/394 465/491/395
f 448/473/380 465/491/395 449/474/381
f 449/474/381 465/491/395 466/492/396
f 449/474/381 466/492/396 450/475/382
f 450/475/382 466/492/396 451/493/1
f 450/475/382 451/493/1 435/476/1
f 451/477/1 467/494/1 468/495/397
f 451/477/1 468/495/397 452/478/383
f 452/478/383 468/495/397 469/496/398
f 452/478/383 469/496/398 453/479/384
f 453/479/384 469/496/398 470/497/399
f 453/479/384 470/497/399 454/480/385
f 454/480/385 470/497/399 471/498/400
f 454/480/385 471/498/400 455/481/386
f 455/481/386 471/498/400 472/499/401
f 455/481/386 472/499/401 456/482/387
f 456/482/387 472/499/401 473/500/402
f 456/482/387 473/500/402 457/483/388
f 457/483/388 473/500/402 474/501/403
f 457/483/388 474/501/403 458/484/389
f 458/484/389 474/501/403 475/502/9
f 458/484/389 475/502/9 459/485/9
f 459/485/9 475/502/9 476/503/404
f 459/485/9 476/503/404 460/486/390
f 460/486/390 476/503/404 477/504/405
f 460/486/390 477/504/405 461/487/391
f 461/487/391 477/504/405 478/505/406
f 461/487/391 478/505/406 462/488/392
f 462/488/392 478/505/406 479/506/407
f 462/488/392 479/506/407 463/489/393
f 463/489/393 479/506/407 480/507/408
f 463/489/393 480/507/408 464/490/394
f 464/490/394 480/507/408 481/508/409
f 464/490/394 481/508/409 465/491/395
f 465/491/395 481/508/409 482/509/410
f 465/491/395 482/509/410 466/492/396
f 466/492/396 482/509/410 467/510/1
f 466/492/396 467/510/1 451/493/1
f 467/494/1 483/511/1 484/512/411
f 467/494/1 484/512/411 468/495/397
f 468/495/397 484/512/411 485/513/412
f 468/495/397 485/513/412 469/496/398
f 469/496/398 485/513/412 486/514/413
f 469/496/398 486/514/413 470/497/399
f 470/497/399 486/514/413 487/515/414
f 470/497/399 487/515/414 471/498/400
f 471/498/400 487/515/414 488/516/415
f 471/498/400 488/516/415 472/499/401
f 472/499/401 488/516/415 489/517/416
f 472/499/401 489/517/416 473/500/402
f 473/500/402 489/517/416 490/518/417
f 473/500/402 490/518/417 474/501/403
f 474/501/403 490/518/417 491/519/9
f 474/501/403 491/519/9 475/502/9
f 475/502/9 491/519/9 492/520/418
f 475/502/9 492/520/418 476/503/404
f 476/503/404 492/520/418 493/521/419
f 476/503/404 493/521/419 477/504/405
f 477/504/405 493/521/419 494/522/420
f 477/504/405 494/522/420 478/505/406
f 478/505/406 494/522/420 495/523/421
f 478/505/406 495/523/421 479/506/407
f 479/506/407 495/523/421 496/524/422
f 479/506/407 496/524/422 480/507/408
f 480/507/408 496/524/422 497/525/423
f 480/507/408 497/525/423 481/508/409
f 481/508/409 497/525/423 498/526/424
f 481/508/409 498/526/424 482/509/410
f 482/509/410 498/526/424 483/527/1
f 482/509/410 483/527/1 467/510/1
f 483/511/1 499/528/1 500/529/425
f 483/511/1 500/529/425 484/512/411
f 484/512/411 500/529/425 501/530/426
f 484/512/411 501/530/426 485/513/412
f 485/513/412 501/530/426 502/531/427
f 485/513/412 502/531/427 486/514/413
f 486/514/413 502/531/427 503/532/428
f 486/514/413 503/532/428 487/515/414
f 487/515/414 503/532/428 504/533/429
f 487/515/414 504/533/429 488/516/415
f 488/516/415 504/533/429 505/534/430
f 488/516/415 505/534/430 489/517/416
f 489/517/416 505/534/430 506/535/431
f 489/517/416 506/535/431 490/518/417
f 490/518/417 506/535/431 507/536/9
f 490/518/417 507/536/9 491/519/9
f 491/519/9 507/536/9 508/537/432
f 491/519/9 508/537/432 492/520/418
f 492/520/418 508/537/432 509/538/433
f 492/520/418 509/538/433 493/521/419
f 493/521/419 509/538/433 510/539/434
f 493/521/419 510/539/434 494/522/420
f 494/522/420 510/539/434 511/540/435
f 494/522/420 511/540/435 495/523/421
f 495/523/421 511/540/435 512/541/436
f 495/523/421 512/541/436 496/524/422
f 496/524/422 512/541/436 513/542/437
f 496/524/422 513/542/437 497/525/423
f 497/525/423 513/542/437 514/543/438
f 497/525/423 514/543/438 498/526/424
f 498/526/424 514/543/438 499/544/1
f 498/526/424 499/544/1 483/527/1
f 499/528/1 515/545/1 516/546/439
f 499/528/1 516/546/439 500/529/425
f 500/529/425 516/546/439 517/547/440
f 500/529/425 517/547/440 501/530/426
f 501/530/426 517/547/440 518/548/441
f 501/530/426 518/548/441 502/531/427
f 502/531/427 518/548/441 519/549/442
f 502/531/427 519/549/442 503/532/428
f 503/532/428 519/549/442 520/550/443
f 503/532/428 520/550/443 504/533/429
f 504/533/429 520/550/443 521/551/444
f 504/533/429 521/551/444 505/534/430
f 505/534/430 521/551/444 522/552/445
f 505/534/430 522/552/445 506/535/431
f 506/535/431 522/552/445 523/553/9
f 506/535/431 523/553/9 507/536/9
f 507/536/9 523/553/9 524/554/446
f 507/536/9 524/554/446 508/537/432
f 508/537/432 524/554/446 525/555/447
f 508/537/432 525/555/447 509/538/433
f 509/538/433 525/555/447 526/556/448
f 509/538/433 526/556/448 510/539/434
f 510/539/434 526/556/448 527/557/449
f 510/539/434 527/557/449 511/540/435
f 511/540/435 527/557/449 528/558/450
f 511/540/435 528/558/450 512/541/436
f 512/541/436 528/558/450 529/559/451
f 512/541/436 529/559/451 513/542/437
f 513/542/437 529/559/451 530/560/452
f 513/542/437 530/560/452 514/543/438
f 514/543/438 530/560/452 515/561/1
f 514/543/438 515/561/1 499/544/1
f 515/545/1 531/562/1 532/563/453
f 515/545/1 532/563/453 516/546/439
f 516/546/439 532/563/453 533/564/454
f 516/546/439 533/564/454 517/547/440
f 517/547/440 533/564/454 534/565/455
f 517/547/440 534/565/455 518/548/441
f 518/548/441 534/565/455 535/566/456
f 518/548/441 535/566/456 519/549/442
f 519/549/442 535/566/456 536/567/457
f 519/549/442 536/567/457 520/550/443
f 520/550/443 536/567/457 537/568/458
f 520/550/443 537/568/458 521/551/444
f 521/551/444 537/568/458 538/569/459
f 521/551/444 538/569/459 522/552/445
f 522/552/445 538/569/459 539/570/9
f 522/552/445 539/570/9 523/553/9
f 523/553/9 539/570/9 540/571/460
f 523/553/9 540/571/460 524/554/446
f 524/554/446 540/571/460 541/572/461
f 524/554/446 541/572/461 525/555/447
f 525/555/447 541/572/461 542/573/462
f 525/555/447 542/573/462 526/556/448
f 526/556/448 542/573/462 543/574/463
f 526/556/448 543/574/463 527/557/449
f 527/557/449 543/574/463 544/575/464
f 527/557/449 544/575/464 528/558/450
f 528/558/450 544/575/464 545/576/465
f 528/558/450 545/576/465 529/559/451
f 529/559/451 545/576/465 546/577/466
f 529/559/451 546/577/466 530/560/452
f 530/560/452 546/577/466 531/578/1
f 530/560/452 531/578/1 515/561/1
f 531/562/1 547/579/1 548/580/467
f 531/562/1 548/580/467 532/563/453
f 532/563/453 548/580/467 549/581/468
f 532/563/453 549/581/468 533/564/454
f 533/564/454 549/581/468 550/582/469
f 533/564/454 550/582/469 534/565/455
f 534/565/455 550/582/469 551/583/470
f 534/565/455 551/583/470 535/566/456
f 535/566/456 551/583/470 552/584/471
f 535/566/456 552/584/471 536/567/457
f 536/567/457 552/584/471 553/585/472
f 536/567/457 553/585/472 537/568/458
f 537/568/458 553/585/472 554/586/473
f 537/568/458 554/586/473 538/569/459
f 538/569/459 554/586/473 555/587/9
f 538/569/459 555/587/9 539/570/9
f 539/570/9 555/587/9 556/588/474
f 539/570/9 556/588/474 540/571/460
f 540/571/460 556/588/474 557/589/475
f 540/571/460 557/589/475 541/572/461
f 541/572/461 557/589/475 558/590/476
f 541/572/461 558/590/476 542/573/462
f 542/573/462 558/590/476 559/591/477
f 542/573/462 559/591/477 543/574/463
f 543/574/463 559/591/477 560/592/478
f 543/574/463 560/592/478 544/575/464
f 544/575/464 560/592/478 561/593/479
f 544/575/464 561/593/479 545/576/465
f 545/576/465 561/593/479 562/594/480
f 545/576/465 562/594/480 546/577/466
f 546/577/466 562/594/480 547/595/1
f 546/577/466 547/595/1 531/578/1
f 547/579/1 563/596/1 564/597/481
f 547/579/1 564/597/481 548/580/467
f 548/580/467 564/597/481 565/598/482
f 548/580/467 565/598/482 549/581/468
f 549/581/468 565/598/482 566/599/483
f 549/581/468 566/599/483 550/582/469
f 550/582/469 566/599/483 567/600/484
f 550/582/469 567/600/484 551/583/470
f 551/583/470 567/600/484 568/601/485
f 551/583/470 568/601/485 552/584/471
f 552/584/471 568/601/485 569/602/486
f 552/584/471 569/602/486 553/585/472
f 553/585/472 569/602/486 570/603/487
f 553/585/472 570/603/487 554/586/473
f 554/586/473 570/603/487 571/604/9
f 554/586/473 571/604/9 555/587/9
f 555/587/9 571/604/9 572/605/488
f 555/587/9 572/605/488 556/588/474
f 556/588/474 572/605/488 573/606/489
f 556/588/474 573/606/489 557/589/475
f 557/589/475 573/606/489 574/607/490
f 557/589/475 574/607/490 558/590/476
f 558/590/476 574/607/490 575/608/491
f 558/590/476 575/608/491 559/591/477
f 559/591/477 575/608/491 576/609/492
f 559/591/477 576/609/492 560/592/478
f 560/592/478 576/609/492 577/610/493
f 560/592/478 577/610/493 561/593/479
f 561/593/479 577/610/493 578/611/494
f 561/593/479 578/611/494 562/594/480
f 562/594/480 578/611/494 563/612/1
f 562/594/480 563/612/1 547/595/1
f 563/596/1 579/613/1 580/614/495
f 563/596/1 580/614/495 564/597/481
f 564/597/481 580/614/495 581/615/496
f 564/597/481 581/615/496 565/598/482
f 565/598/482 581/615/496 582/616/497
f 565/598/482 582/616/497 566/599/483
f 566/599/483 582/616/497 583/617/498
f 566/599/483 583/617/498 567/600/484
f 567/600/484 583/617/498 584/618/499
f 567/600/484 584/618/499 568/601/485
f 568/601/485 584/618/499 585/619/500
f 568/601/485 585/619/500 569/602/486
f 569/602/486 585/619/500 586/620/501
f 569/602/486 586/620/501 570/603/487
f 570/603/487 586/620/501 587/621/9
f 570/603/487 587/621/9 571/604/9
f 571/604/9 587/621/9 588/622/502
f 571/604/9 588/622/502 572/605/488
f 572/605/488 588/622/502 589/623/503
f 572/605/488 589/623/503 573/606/489
f 573/606/489 589/623/503 590/624/504
f 573/606/489 590/624/504 574/607/490
f 574/607/490 590/624/504 591/625/505
f 574/607/490 591/625/505 575/608/491
f 575/608/491 591/625/505 592/626/506
f 575/608/491 592/626/506 576/609/492
f 576/609/492 592/626/506 593/627/507
f 576/609/492 593/627/507 577/610/493
f 577/610/493 593/627/507 594/628/508
f 577/610/493 594/628/508 578/611/494
f 578/611/494 594/628/508 579/629/1
f 578/611/494 579/629/1 563/612/1
f 579/613/1 595/630/1 596/631/509
f 579/613/1 596/631/509 580/614/495
f 580/614/495 596/631/509 597/632/510
f 580/614/495 597/632/510 581/615/496
f 581/615/496 597/632/510 598/633/511
f 581/615/496 598/633/511 582/616/497
f 582/616/497 598/633/511 599/634/512
f 582/616/497 599/634/512 583/617/498
f 583/617/498 599/634/512 600/635/513
f 583/617/498 600/635/513 584/618/499
f 584/618/499 600/635/513 601/636/514
f 584/618/499 601/636/514 585/619/500
f 585/619/500 601/636/514 602/637/515
f 585/619/500 602/637/515 586/620/501
f 586/620/501 602/637/515 603/638/9
f 586/620/501 603/638/9 587/621/9
f 587/621/9 603/638/9 604/639/516
f 587/621/9 604/639/516 588/622/502
f 588/622/502 604/639/516 605/640/517
f 588/622/502 605/640/517 589/623/503
f 589/623/503 605/640/517 606/641/518
f 589/623/503 606/641/518 590/624/504
f 590/624/504 606/641/518 607/642/519
f 590/624/504 607/642/519 591/625/505
f 591/625/505 607/642/519 608/643/520
f 591/625/505 608/643/520 592/626/506
f 592/626/506 608/643/520 609/644/521
f 592/626/506 609/644/521 593/627/507
f 593/627/507 609/644/521 610/645/522
f 593/627/507 610/645/522 594/628/508
f 594/628/508 610/645/522 595/646/1
f 594/628/508 595/646/1 579/629/1
f 595/630/1 611/647/1 612/648/523
f 595/630/1 612/648/523 596/631/509
f 596/631/509 612/648/523 613/649/524
f 596/631/509 613/649/524 597/632/510
f 597/632/510 613/649/524 614/650/525
f 597/632/510 614/650/525 598/633/511
f 598/633/511 614/650/525 615/651/526
f 598/633/511 615/651/526 599/634/512
f 599/634/512 615/651/526 616/652/527
f 599/634/512 616/652/527 600/635/513
f 600/635/513 616/652/527 617/653/528
f 600/635/513 617/653/528 601/636/514
f 601/636/514 617/653/528 618/654/529
f 601/636/514 618/654/529 602/637/515
f 602/637/515 618/654/529 619/655/9
f 602/637/515 619/655/9 603/638/9
f 603/638/9 619/655/9 620/656/530
f 603/638/9 620/656/530 604/639/516
f 604/639/516 620/656/530 621/657/531
f 604/639/516 621/657/531 605/640/517
f 605/640/517 621/657/531 622/658/532
f 605/640/517 622/658/532 606/641/518
f 606/641/518 622/658/532 623/659/533
f 606/641/518 623/659/533 607/642/519
f 607/642/519 623/659/533 624/660/534
f 607/642/519 624/660/534 608/643/520
f 608/643/520 624/660/534 625/661/535
f 608/643/520 625/661/535 609/644/521
f 609/644/521 625/661/535 626/662/536
f 609/644/521 626/662/536 610/645/522
f 610/645/522 626/662/536 611/663/1
f 610/645/522 611/663/1 595/646/1
f 611/647/1 627/664/1 628/665/537
f 611/647/1 628/665/537 612/648/523
f 612/648/523 628/665/537 629/666/538
f 612/648/523 629/666/538 613/649/524
f 613/649/524 629/666/538 630/667/539
f 613/649/524 630/667/539 614/650/525
f 614/650/525 630/667/539 631/668/540
f 614/650/525 631/668/540 615/651/526
f 615/651/526 631/668/540 632/669/541
f 615/651/526 632/669/541 616/652/527
f 616/652/527 632/669/541 633/670/542
f 616/652/527 633/670/542 617/653/528
f 617/653/528 633/670/542 634/671/543
f 617/653/528 634/671/543 618/654/529
f 618/654/529 634/671/543 635/672/9
f 618/654/529 635/672/9 619/655/9
f 619/655/9 635/672/9 636/673/544
f 619/655/9 636/673/544 620/656/530
f 620/656/530 636/673/544 637/674/545
f 620/656/530 637/674/545 621/657/531
f 621/657/531 637/674/545 638/675/546
f 621/657/531 638/675/546 622/658/532
f 622/658/532 638/675/546 639/676/547
f 622/658/532 639/676/547 623/659/533
f 623/659/533 639/676/547 640/677/548
f 623/659/533 640/677/548 624/660/534
f 624/660/534 640/677/548 641/678/549
f 624/660/534 641/678/549 625/661/535
f 625/661/535 641/678/549 642/679/550
f 625/661/535 642/679/550 626/662/536
f 626/662/536 642/679/550 627/680/1
f 626/662/536 627/680/1 611/663/1
f 627/664/1 643/681/1 644/682/551
f 627/664/1 644/682/551 628/665/537
f 628/665/537 644/682/551 645/683/552
f 628/665/537 645/683/552 629/666/538
f 629/666/538 645/683/552 646/684/553
f 629/666/538 646/684/553 630/667/539
f 630/667/539 646/684/553 647/685/554
f 630/667/539 647/685/554 631/668/540
f 631/668/540 647/685/554 648/686/555
f 631/668/540 648/686/555 632/669/541
f 632/669/541 648/686/555 649/687/556
f 632/669/541 649/687/556 633/670/542
f 633/670/542 649/687/556 650/688/557
f 633/670/542 650/688/557 634/671/543
f 634/671/543 650/688/557 651/689/9
f 634/671/543 651/689/9 635/672/9
f 635/672/9 651/689/9 652/690/558
f 635/672/9 652/690/558 636/673/544
f 636/673/544 652/690/558 653/691/559
f 636/673/544 653/691/559 637/674/545
f 637/674/545 653/691/559 654/692/560
f 637/674/545 654/692/560 638/675/546
f 638/675/546 654/692/560 655/693/561
f 638/675/546 655/693/561 639/676/547
f 639/676/547 655/693/561 656/694/562
f 639/676/547 656/694/562 640/677/548
f 640/677/548 656/694/562 657/695/563
f 640/677/548 657/695/563 641/678/549
f 641/678/549 657/695/563 658/696/564
f 641/678/549 658/696/564 642/679/550
f 642/679/550 658/696/564 643/697/1
f 642/679/550 643/697/1 627/680/1
f 643/681/1 659/698/1 660/699/565
f 643/681/1 660/699/565 644/682/551
f 644/682/551 660/699/565 661/700/566
f 644/682/551 661/700/566 645/683/552
f 645/683/552 661/700/566 662/701/567
f 645/683/552 662/701/567 646/684/553
f 646/684/553 662/701/567 663/702/568
f 646/684/553 663/702/568 647/685/554
f 647/685/554 663/702/568 664/703/569
f 647/685/554 664/703/569 648/686/555
f 648/686/555 664/703/569 665/704/570
f 648/686/555 665/704/570 649/687/556
f 649/687/556 665/704/570 666/705/571
f 649/687/556 666/705/571 650/688/557
f 650/688/557 666/705/571 667/706/9
f 650/688/557 667/706/9 651/689/9
f 651/689/9 667/706/9 668/707/572
f 651/689/9 668/707/572 652/690/558
f 652/690/558 668/707/572 669/708/573
f 652/690/558 669/708/573 653/691/559
f 653/691/559 669/708/573 670/709/574
f 653/691/559 670/709/574 654/692/560
f 654/692/560 670/709/574 671/710/575
f 654/692/560 671/710/575 655/693/561
f 655/693/561 671/710/575 672/711/576
f 655/693/561 672/711/576 656/694/562
f 656/694/562 672/711/576 673/712/577
f 656/694/562 673/712/577 657/695/563
f 657/695/563 673/712/577 674/713/578
f 657/695/563 674/713/578 658/696/564
f 658/696/564 674/713/578 659/714/1
f 658/696/564 659/714/1 643/697/1
f 659/698/1 675/715/1 676/716/579
f 659/698/1 676/716/579 660/699/565
f 660/699/565 676/716/579 677/717/580
f 660/699/565 677/717/580 661/700/566
f 661/700/566 677/717/580 678/718/581
f 661/700/566 678/718/581 662/701/567
f 662/701/567 678/718/581 679/719/582
f 662/701/567 679/719/582 663/702/568
f 663/702/568 679/719/582 680/720/583
f 663/702/568 680/720/583 664/703/569
f 664/703/569 680/720/583 681/721/584
f 664/703/569 681/721/584 665/704/570
f 665/704/570 681/721/584 682/722/585
f 665/704/570 682/722/585 666/705/571
f 666/705/571 682/722/585 683/723/9
f 666/705/571 683/723/9 667/706/9
f 667/706/9 683/723/9 684/724/586
f 667/706/9 684/724/586 668/707/572
f 668/707/572 684/724/586 685/725/587
f 668/707/572 685/725/587 669/708/573
f 669/708/573 685/725/587 686/726/588
f 669/708/573 686/726/588 670/709/574
f 670/709/574 686/726/588 687/727/589
f 670/709/574 687/727/589 671/710/575
f 671/710/575 687/727/589 688/728/590
f 671/710/575 688/728/590 672/711/576
f 672/711/576 688/728/590 689/729/591
f 672/711/576 689/729/591 673/712/577
f 673/712/577 689/729/591 690/730/592
f 673/712/577 690/730/592 674/713/578
f 674/713/578 690/730/592 675/731/1
f 674/713/578 675/731/1 659/714/1
f 675/715/1 691/732/1 692/733/593
f 675/715/1 692/733/593 676/716/579
f 676/716/579 692/733/593 693/734/594
f 676/716/579 693/734/594 677/717/580
f 677/717/580 693/734/594 694/735/595
f 677/717/580 694/735/595 678/718/581
f 678/718/581 694/735/595 695/736/596
f 678/718/581 695/736/596 679/719/582
f 679/719/582 695/736/596 696/737/597
f 679/719/582 696/737/597 680/720/583
f 680/720/583 696/737/597 697/738/598
f 680/720/583 697/738/598 681/721/584
f 681/721/584 697/738/598 698/739/599
f 681/721/584 698/739/599 682/722/585
f 682/722/585 698/739/599 699/740/9
f 682/722/585 699/740/9 683/723/9
f 683/723/9 699/740/9 700/741/600
f 683/723/9 700/741/600 684/724/586
f 684/724/586 700/741/600 701/742/601
f 684/724/586 701/742/601 685/725/587
f 685/725/587 701/742/601 702/743/602
f 685/725/587 702/743/602 686/726/588
f 686/726/588 702/743/602 703/744/603
f 686/726/588 703/744/603 687/727/589
f 687/727/589 703/744/603 704/745/604
f 687/727/589 704/745/604 688/728/590
f 688/728/590 704/745/604 705/746/605
f 688/728/590 705/746/605 689/729/591
f 689/729/591 705/746/605 706/747/606
f 689/729/591 706/747/606 690/730/592
f 690/730/592 706/747/606 691/748/1
f 690/730/592 691/748/1 675/731/1
f 691/732/1 707/749/1 708/750/607
f 691/732/1 708/750/607 692/733/593
f 692/733/593 708/750/607 709/751/608
f 692/733/593 709/751/608 693/734/594
f 693/734/594 709/751/608 710/752/609
f 693/734/594 710/752/609 694/735/595
f 694/735/595 710/752/609 711/753/610
f 694/735/595 711/753/610 695/736/596
f 695/736/596 711/753/610 712/754/611
f 695/736/596 712/754/611 696/737/597
f 696/737/597 712/754/611 713/755/612
f 696/737/597 713/755/612 697/738/598
f 697/738/598 713/755/612 714/756/613
f 697/738/598 714/756/613 698/739/599
f 698/739/599 714/756/613 715/757/9
f 698/739/599 715/757/9 699/740/9
f 699/740/9 715/757/9 716/758/614
f 699/740/9 716/758/614 700/741/600
f 700/741/600 716/758/614 717/759/615
f 700/741/600 717/759/615 701/742/601
f 701/742/601 717/759/615 718/760/616
f 701/742/601 718/760/616 702/743/602
f 702/743/602 718/760/616 719/761/617
f 702/743/602 719/761/617 703/744/603
f 703/744/603 719/761/617 720/762/618
f 703/744/603 720/762/618 704/745/604
f 704/745/604 720/762/618 721/763/619
f 704/745/604 721/763/619 705/746/605
f 705/746/605 721/763/619 722/764/620
f 705/746/605 722/764/620 706/747/606
f 706/747/606 722/764/620 707/765/1
f 706/747/606 707/765/1 691/748/1
f 707/749/1 723/766/1 724/767/621
f 707/749/1 724/767/621 708/750/607
f 708/750/607 724/767/621 725/768/622
f 708/750/607 725/768/622 709/751/608
f 709/751/608 725/768/622 726/769/623
f 709/751/608 726/769/623 710/752/609
f 710/752/609 726/769/623 727/770/624
f 710/752/609 727/770/624 711/753/610
f 711/753/610 727/770/624 728/771/625
f 711/753/610 728/771/625 712/754/611
f 712/754/611 728/771/625 729/772/626
f 712/754/611 729/772/626 713/755/612
f 713/755/612 729/772/626 730/773/627
f 713/755/612 730/773/627 714/756/613
f 714/756/613 730/773/627 731/774/9
f 714/756/613 731/774/9 715/757/9
f 715/757/9 731/774/9 732/775/628
f 715/757/9 732/775/628 716/758/614
f 716/758/614 732/775/628 733/776/629
f 716/758/614 733/776/629 717/759/615
f 717/759/615 733/776/629 734/777/630
f 717/759/615 734/777/630 718/760/616
f 718/760/616 734/777/630 735/778/631
f 718/760/616 735/778/631 719/761/617
f 719/761/617 735/778/631 736/779/632
f 719/761/617 736/779/632 720/762/618
f 720/762/618 736/779/632 737/780/633
f 720/762/618 737/780/633 721/763/619
f 721/763/619 737/780/633 738/781/634
f 721/763/619 738/781/634 722/764/620
f 722/764/620 738/781/634 723/782/1
f 722/764/620 723/782/1 707/765/1
f 723/766/1 739/783/1 740/784/635
f 723/766/1 740/784/635 724/767/621
f 724/767/621 740/784/635 741/785/636
f 724/767/621 741/785/636 725/768/622
f 725/768/622 741/785/636 742/786/637
f 725/768/622 742/786/637 726/769/623
f 726/769/623 742/786/637 743/787/638
f 726/769/623 743/787/638 727/770/624
f 727/770/624 743/787/638 744/788/639
f 727/770/624 744/788/639 728/771/625
f 728/771/625 744/788/639 745/789/640
f 728/771/625 745/789/640 729/772/626
f 729/772/626 745/789/640 746/790/641
f 729/772/626 746/790/641 730/773/627
f 730/773/627 746/790/641 747/791/9
f 730/773/627 747/791/9 731/774/9
f 731/774/9 747/791/9 748/792/642
f 731/774/9 748/792/642 732/775/628
f 732/775/628 748/792/642 749/793/643
f 732/775/628 749/793/643 733/776/629
f 733/776/629 749/793/643 750/794/644
f 733/776/629 750/794/644 734/777/630
f 734/777/630 750/794/644 751/795/645
f 734/777/630 751/795/645 735/778/631
f 735/778/631 751/795/645 752/796/646
f 735/778/631 752/796/646 736/779/632
f 736/779/632 752/796/646 753/797/647
f 736/779/632 753/797/647 737/780/633
f 737/780/633 753/797/647 754/798/648
f 737/780/633 754/798/648 738/781/634
f 738/781/634 754/798/648 739/799/1
f 738/781/634 739/799/1 723/782/1
f 739/783/1 755/800/1 756/801/649
f 739/783/1 756/801/649 740/784/635
f 740/784/635 756/801/649 757/802/650
f 740/784/635 757/802/650 741/785/636
f 741/785/636 757/802/650 758/803/651
f 741/785/636 758/803/651 742/786/637
f 742/786/637 758/803/651 759/804/652
f 742/786/637 759/804/652 743/787/638
f 743/787/638 759/804/652 760/805/653
f 743/787/638 760/805/653 744/788/639
f 744/788/639 760/805/653 761/806/654
f 744/788/639 761/806/654 745/789/640
f 745/789/640 761/806/654 762/807/655
f 745/789/640 762/807/655 746/790/641
f 746/790/641 762/807/655 763/808/9
f 746/790/641 763/808/9 747/791/9
f 747/791/9 763/808/9 764/809/656
f 747/791/9 764/809/656 748/792/642
f 748/792/642 764/809/656 765/810/657
f 748/792/642 765/810/657 749/793/643
f 749/793/643 765/810/657 766/811/658
f 749/793/643 766/811/658 750/794/644
f 750/794/644 766/811/658 767/812/659
f 750/794/644 767/812/659 751/795/645
f 751/795/645 767/812/659 768/813/660
f 751/795/645 768/813/660 752/796/646
f 752/796/646 768/813/660 769/814/661
f 752/796/646 769/814/661 753/797/647
f 753/797/647 769/814/661 770/815/662
f 753/797/647 770/815/662 754/798/648
f 754/798/648 770/815/662 755/816/1
f 754/798/648 755/816/1 739/799/1
f 755/800/1 771/817/1 772/818/663
f 755/800/1 772/818/663 756/801/649
f 756/801/649 772/818/663 773/819/664
f 756/801/649 773/819/664 757/802/650
f 757/802/650 773/819/664 774/820/665
f 757/802/650 774/820/665 758/803/651
f 758/803/651 774/820/665 775/821/666
f 758/803/651 775/821/666 759/804/652
f 759/804/652 775/821/666 776/822/667
f 759/804/652 776/822/667 760/805/653
f 760/805/653 776/822/667 777/823/668
f 760/805/653 777/823/668 761/806/654
f 761/806/654 777/823/668 778/824/669
f 761/806/654 778/824/669 762/807/655
f 762/807/655 778/824/669 779/825/9
f 762/807/655 779/825/9 763/808/9
f 763/808/9 779/825/9 780/826/670
f 763/808/9 780/826/670 764/809/656
f 764/809/656 780/826/670 781/827/671
f 764/809/656 781/827/671 765/810/657
f 765/810/657 781/827/671 782/828/672
f 765/810/657 782/828/672 766/811/658
f 766/811/658 782/828/672 783/829/673
f 766/811/658 783/829/673 767/812/659
f 767/812/659 783/829/673 784/830/674
f 767/812/659 784/830/674 768/813/660
f 768/813/660 784/830/674 785/831/675
f 768/813/660 785/831/675 769/814/661
f 769/814/661 785/831/675 786/832/676
f 769/814/661 786/832/676 770/815/662
f 770/815/662 786/832/676 771/833/1
f 770/815/662 771/833/1 755/816/1
f 771/817/1 787/834/1 788/835/677
f 771/817/1 788/835/677 772/818/663
f 772/818/663 788/835/677 789/836/678
f 772/818/663 789/836/678 773/819/664
f 773/819/664 789/836/678 790/837/679
f 773/819/664 790/837/679 774/820/665
f 774/820/665 790/837/679 791/838/680
f 774/820/665 791/838/680 775/821/666
f 775/821/666 791/838/680 792/839/681
f 775/821/666 792/839/681 776/822/667
f 776/822/667 792/839/681 793/840/682
f 776/822/667 793/840/682 777/823/668
f 777/823/668 793/840/682 794/841/683
f 777/823/668 794/841/683 778/824/669
f 778/824/669 794/841/683 795/842/9
f 778/824/669 795/842/9 779/825/9
f 779/825/9 795/842/9 796/843/684
f 779/825/9 796/843/684 780/826/670
f 780/826/670 796/843/684 797/844/685
f 780/826/670 797/844/685 781/827/671
f 781/827/671 797/844/685 798/845/686
f 781/827/671 798/845/686 782/828/672
f 782/828/672 798/845/686 799/846/687
f 782/828/672 799/846/687 783/829/673
f 783/829/673 799/846/687 800/847/688
f 783/829/673 800/847/688 784/830/674
f 784/830/674 800/847/688 801/848/689
f 784/830/674 801/848/689 785/831/675
f 785/831/675 801/848/689 802/849/690
f 785/831/675 802/849/690 786/832/676
f 786/832/676 802/849/690 787/850/1
f 786/832/676 787/850/1 771/833/1
f 787/834/1 803/851/1 804/852/691
f 787/834/1 804/852/691 788/835/677
f 788/835/677 804/852/691 805/853/692
f 788/835/677 805/853/692 789/836/678
f 789/836/678 805/853/692 806/854/693
f 789/836/678 806/854/693 790/837/679
f 790/837/679 806/854/693 807/855/694
f 790/837/679 807/855/694 791/838/680
f 791/838/680 807/855/694 808/856/695
f 791/838/680 808/856/695 792/839/681
f 792/839/681 808/856/695 809/857/696
f 792/839/681 809/857/696 793/840/682
f 793/840/682 809/857/696 810/858/697
f 793/840/682 810/858/697 794/841/683
f 794/841/683 810/858/697 811/859/9
f 794/841/683 811/859/9 795/842/9
f 795/842/9 811/859/9 812/860/698
f 795/842/9 812/860/698 796/843/684
f 796/843/684 812/860/698 813/861/699
f 796/843/684 813/861/699 797/844/685
f 797/844/685 813/861/699 814/862/700
f 797/844/685 814/862/700 798/845/686
f 798/845/686 814/862/700 815/863/701
f 798/845/686 815/863/701 799/846/687
f 799/846/687 815/863/701 816/864/702
f 799/846/687 816/864/702 800/847/688
f 800/847/688 816/864/702 817/865/703
f 800/847/688 817/865/703 801/848/689
f 801/848/689 817/865/703 818/866/704
f 801/848/689 818/866/704 802/849/690
f 802/849/690 818/866/704 803/867/1
f 802/849/690 803/867/1 787/850/1
f 803/851/1 819/868/1 820/869/705
f 803/851/1 820/869/705 804/852/691
f 804/852/691 820/869/705 821/870/706
f 804/852/691 821/870/706 805/853/692
f 805/853/692 821/870/706 822/871/707
f 805/853/692 822/871/707 806/854/693
f 806/854/693 822/871/707 823/872/708
f 806/854/693 823/872/708 807/855/694
f 807/855/694 823/872/708 824/873/709
f 807/855/694 824/873/709 808/856/695
f 808/856/695 824/873/709 825/874/710
f 808/856/695 825/874/710 809/857/696
f 809/857/696 825/874/710 826/875/711
f 809/857/696 826/875/711 810/858/697
f 810/858/697 826/875/711 827/876/9
f 810/858/697 827/876/9 811/859/9
f 811/859/9 827/876/9 828/877/712
f 811/859/9 828/877/712 812/860/698
f 812/860/698 828/877/712 829/878/713
f 812/860/698 829/878/713 813/861/699
f 813/861/699 829/878/713 830/879/714
f 813/861/699 830/879/714 814/862/700
f 814/862/700 830/879/714 831/880/715
f 814/862/700 831/880/715 815/863/701
f 815/863/701 831/880/715 832/881/716
f 815/863/701 832/881/716 816/864/702
f 816/864/702 832/881/716 833/882/717
f 816/864/702 833/882/717 817/865/703
f 817/865/703 833/882/717 834/883/718
f 817/865/703 834/883/718 818/866/704
f 818/866/704 834/883/718 819/884/1
f 818/866/704 819/884/1 803/867/1
f 819/868/1 835/885/1 836/886/719
f 819/868/1 836/886/719 820/869/705
f 820/869/705 836/886/719 837/887/720
f 820/869/705 837/887/720 821/870/706
f 821/870/706 837/887/720 838/888/721
f 821/870/706 838/888/721 822/871/707
f 822/871/707 838/888/721 839/889/722
f 822/871/707 839/889/722 823/872/708
f 823/872/708 839/889/722 840/890/723
f 823/872/708 840/890/723 824/873/709
f 824/873/709 840/890/723 841/891/724
f 824/873/709 841/891/724 825/874/710
f 825/874/710 841/891/724 842/892/725
f 825/874/710 842/892/725 826/875/711
f 826/875/711 842/892/725 843/893/9
f 826/875/711 843/893/9 827/876/9
f 827/876/9 843/893/9 844/894/726
f 827/876/9 844/894/726 828/877/712
f 828/877/712 844/894/726 845/895/727
f 828/877/712 845/895/727 829/878/713
f 829/878/713 845/895/727 846/896/728
f 829/878/713 846/896/728 830/879/714
f 830/879/714 846/896/728 847/897/729
f 830/879/714 847/897/729 831/880/715
f 831/880/715 847/897/729 848/898/730
f 831/880/715 848/898/730 832/881/716
f 832/881/716 848/898/730 849/899/731
f 832/881/716 849/899/731 833/882/717
f 833/882/717 849/899/731 850/900/732
f 833/882/717 850/900/732 834/883/718
f 834/883/718 850/900/732 835/901/1
f 834/883/718 835/901/1 819/884/1
f 835/885/1 851/902/1 852/903/733
f 835/885/1 852/903/733 836/886/719
f 836/886/719 852/903/733 853/904/734
f 836/886/719 853/904/734 837/887/720
f 837/887/720 853/904/734 854/905/735
f 837/887/720 854/905/735 838/888/721
f 838/888/721 854/905/735 855/906/736
f 838/888/721 855/906/736 839/889/722
f 839/889/722 855/906/736 856/907/737
f 839/889/722 856/907/737 840/890/723
f 840/890/723 856/907/737 857/908/738
f 840/890/723 857/908/738 841/891/724
f 841/891/724 857/908/738 858/909/739
f 841/891/724 858/909/739 842/892/725
f 842/892/725 858/909/739 859/910/9
f 842/892/725 859/910/9 843/893/9
f 843/893/9 859/910/9 860/911/740
f 843/893/9 860/911/740 844/894/726
f 844/894/726 860/911/740 861/912/741
f 844/894/726 861/912/741 845/895/727
f 845/895/727 861/912/741 862/913/742
f 845/895/727 862/913/742 846/896/728
f 846/896/728 862/913/742 863/914/743
f 846/896/728 863/914/743 847/897/729
f 847/897/729 863/914/743 864/915/744
f 847/897/729 864/915/744 848/898/730
f 848/898/730 864/915/744 865/916/745
f 848/898/730 865/916/745 849/899/731
f 849/899/731 865/916/745 866/917/746
f 849/899/731 866/917/746 850/900/732
f 850/900/732 866/917/746 851/918/1
f 850/900/732 851/918/1 835/901/1
f 851/902/1 867/919/1 868/920/747
f 851/902/1 868/920/747 852/903/733
f 852/903/733 868/920/747 869/921/748
f 852/903/733 869/921/748 853/904/734
f 853/904/734 869/921/748 870/922/749
f 853/904/734 870/922/749 854/905/735
f 854/905/735 870/922/749 871/923/750
f 854/905/735 871/923/750 855/906/736
f 855/906/736 871/923/750 872/924/751
f 855/906/736 872/924/751 856/907/737
f 856/907/737 872/924/751 873/925/752
f 856/907/737 873/925/752 857/908/738
f 857/908/738 873/925/752 874/926/753
f 857/908/738 874/926/753 858/909/739
f 858/909/739 874/926/753 875/927/9
f 858/909/739 875/927/9 859/910/9
f 859/910/9 875/927/9 876/928/754
f 859/910/9 876/928/754 860/911/740
f 860/911/740 876/928/754 877/929/755
f 860/911/740 877/929/755 861/912/741
f 861/912/741 877/929/755 878/930/756
f 861/912/741 878/930/756 862/913/742
f 862/913/742 878/930/756 879/931/757
f 862/913/742 879/931/757 863/914/743
f 863/914/743 879/931/757 880/932/758
f 863/914/743 880/932/758 864/915/744
f 864/915/744 880/932/758 881/933/759
f 864/915/744 881/933/759 865/916/745
f 865/916/745 881/933/759 882/934/760
f 865/916/745 882/934/760 866/917/746
f 866/917/746 882/934/760 867/935/1
f 866/917/746 867/935/1 851/918/1
f 867/919/1 883/936/1 884/937/761
f 867/919/1 884/937/761 868/920/747
f 868/920/747 884/937/761 885/938/762
f 868/920/747 885/938/762 869/921/748
f 869/921/748 885/938/762 886/939/763
f 869/921/748 886/939/763 870/922/749
f 870/922/749 886/939/763 887/940/764
f 870/922/749 887/940/764 871/923/750
f 871/923/750 887/940/764 888/941/765
f 871/923/750 888/941/765 872/924/751
f 872/924/751 888/941/765 889/942/766
f 872/924/751 889/942/766 873/925/752
f 873/925/752 889/942/766 890/943/767
f 873/925/752 890/943/767 874/926/753
f 874/926/753 890/943/767 891/944/9
f 874/926/753 891/944/9 875/927/9
f 875/927/9 891/944/9 892/945/768
f 875/927/9 892/945/768 876/928/754
f 876/928/754 892/945/768 893/946/769
f 876/928/754 893/946/769 877/929/755
f 877/929/755 893/946/769 894/947/770
f 877/929/755 894/947/770 878/930/756
f 878/930/756 894/947/770 895/948/771
f 878/930/756 895/948/771 879/931/757
f 879/931/757 895/948/771 896/949/772
f 879/931/757 896/949/772 880/932/758
f 880/932/758 896/949/772 897/950/773
f 880/932/758 897/950/773 881/933/759
f 881/933/759 897/950/773 898/951/774
f 881/933/759 898/951/774 882/934/760
f 882/934/760 898/951/774 883/952/1
f 882/934/760 883/952/1 867/935/1
f 883/936/1 899/953/1 900/954/775
f 883/936/1 900/954/775 884/937/761
f 884/937/761 900/954/775 901/955/776
f 884/937/761 901/955/776 885/938/762
f 885/938/762 901/955/776 902/956/777
f 885/938/762 902/956/777 886/939/763
f 886/939/763 902/956/777 903/957/778
f 886/939/763 903/957/778 887/940/764
f 887/940/764 903/957/778 904/958/779
f 887/940/764 904/958/779 888/941/765
f 888/941/765 904/958/779 905/959/780
f 888/941/765 905/959/780 889/942/766
f 889/942/766 905/959/780 906/960/781
f 889/942/766 906/960/781 890/943/767
f 890/943/767 906/960/781 907/961/9
f 890/943/767 907/961/9 891/944/9
f 891/944/9 907/961/9 908/962/782
f 891/944/9 908/962/782 892/945/768
f 892/945/768 908/962/782 909/963/783
f 892/945/768 909/963/783 893/946/769
f 893/946/769 909/963/783 910/964/784
f 893/946/769 910/964/784 894/947/770
f 894/947/770 910/964/784 911/965/785
f 894/947/770 911/965/785 895/948/771
f 895/948/771 911/965/785 912/966/786
f 895/948/771 912/966/786 896/949/772
f 896/949/772 912/966/786 913/967/787
f 896/949/772 913/967/787 897/950/773
f 897/950/773 913/967/787 914/968/788
f 897/950/773 914/968/788 898/951/774
f 898/951/774 914/968/788 899/969/1
f 898/951/774 899/969/1 883/952/1
f 899/953/1 915/970/1 916/971/789
f 899/953/1 916/971/789 900/954/775
f 900/954/775 916/971/789 917/972/790
f 900/954/775 917/972/790 901/955/776
f 901/955/776 917/972/790 918/973/791
f 901/955/776 918/973/791 902/956/777
f 902/956/777 918/973/791 919/974/792
f 902/956/777 919/974/792 903/957/778
f 903/957/778 919/974/792 920/975/793
f 903/957/778 920/975/793 904/958/779
f 904/958/779 920/975/793 921/976/794
f 904/958/779 921/976/794 905/959/780
f 905/959/780 921/976/794 922/977/795
f 905/959/780 922/977/795 906/960/781
f 906/960/781 922/977/795 923/978/9
f 906/960/781 923/978/9 907/961/9
f 907/961/9 923/978/9 924/979/796
f 907/961/9 924/979/796 908/962/782
f 908/962/782 924/979/796 925/980/797
f 908/962/782 925/980/797 909/963/783
f 909/963/783 925/980/797 926/981/798
f 909/963/783 926/981/798 910/964/784
f 910/964/784 926/981/798 927/982/799
f 910/964/784 927/982/799 911/965/785
f 911/965/785 927/982/799 928/983/800
f 911/965/785 928/983/800 912/966/786
f 912/966/786 928/983/800 929/984/801
f 912/966/786 929/984/801 913/967/787
f 913/967/787 929/984/801 930/985/802
f 913/967/787 930/985/802 914/968/788
f 914/968/788 930/985/802 915/986/1
f 914/968/788 915/986/1 899/969/1
f 915/970/1 931/987/1 932/988/803
f 915/970/1 932/988/803 916/971/789
f 916/971/789 932/988/803 933/989/804
f 916/971/789 933/989/804 917/972/790
f 917/972/790 933/989/804 934/990/805
f 917/972/790 934/990/805 918/973/791
f 918/973/791 934/990/805 935/991/806
f 918/973/791 935/991/806 919/974/792
f 919/974/792 935/991/806 936/992/807
f 919/974/792 936/992/807 920/975/793
f 920/975/793 936/992/807 937/993/808
f 920/975/793 937/993/808 921/976/794
f 921/976/794 937/993/808 938/994/809
f 921/976/794 938/994/809 922/977/795
f 922/977/795 938/994/809 939/995/9
f 922/977/795 939/995/9 923/978/9
f 923/978/9 939/995/9 940/996/810
f 923/978/9 940/996/810 924/979/796
f 924/979/796 940/996/810 941/997/811
f 924/979/796 941/997/811 925/980/797
f 925/980/797 941/997/811 942/998/812
f 925/980/797 942/998/812 926/981/798
f 926/981/798 942/998/812 943/999/813
f 926/981/798 943/999/813 927/982/799
f 927/982/799 943/999/813 944/1000/814
f 927/982/799 944/1000/814 928/983/800
f 928/983/800 944/1000/814 945/1001/815
f 928/983/800 945/1001/815 929/984/801
f 929/984/801 945/1001/815 946/1002/816
f 929/984/801 946/1002/816 930/985/802
f 930/985/802 946/1002/816 931/1003/1
f 930/985/802 931/1003/1 915/986/1
f 931/987/1 947/1004/1 948/1005/817
f 931/987/1 948/1005/817 932/988/803
f 932/988/803 948/1005/817 949/1006/818
f 932/988/803 949/1006/818 933/989/804
f 933/989/804 949/1006/818 950/1007/819
f 933/989/804 950/1007/819 934/990/805
f 934/990/805 950/1007/819 951/1008/820
f 934/990/805 951/1008/820 935/991/806
f 935/991/806 951/1008/820 952/1009/821
f 935/991/806 952/1009/821 936/992/807
f 936/992/807 952/1009/821 953/1010/822
f 936/992/807 953/1010/822 937/993/808
f 937/993/808 953/1010/822 954/1011/823
f 937/993/808 954/1011/823 938/994/809
f 938/994/809 954/1011/823 955/1012/9
f 938/994/809 955/1012/9 939/995/9
f 939/995/9 955/1012/9 956/1013/824
f 939/995/9 956/1013/824 940/996/810
f 940/996/810 956/1013/824 957/1014/825
f 940/996/810 957/1014/825 941/997/811
f 941/997/811 957/1014/825 958/1015/826
f 941/997/811 958/1015/826 942/998/812
f 942/998/812 958/1015/826 959/1016/827
f 942/998/812 959/1016/827 943/999/813
f 943/999/813 959/1016/827 960/1017/828
f 943/999/813 960/1017/828 944/1000/814
f 944/1000/814 960/1017/828 961/1018/829
f 944/1000/814 961/1018/829 945/1001/815
f 945/1001/815 961/1018/829 962/1019/830
f 945/1001/815 962/1019/830 946/1002/816
f 946/1002/816 962/1019/830 947/1020/1
f 946/1002/816 947/1020/1 931/1003/1
f 947/1004/1 963/1021/1 964/1022/831
f 947/1004/1 964/1022/831 948/1005/817
f 948/1005/817 964/1022/831 965/1023/832
f 948/1005/817 965/1023/832 949/1006/818
f 949/1006/818 965/1023/832 966/1024/833
f 949/1006/818 966/1024/833 950/1007/819
f 950/1007/819 966/1024/833 967/1025/834
f 950/1007/819 967/1025/834 951/1008/820
f 951/1008/820 967/1025/834 968/1026/835
f 951/1008/820 968/1026/835 952/1009/821
f 952/1009/821 968/1026/835 969/1027/836
f 952/1009/821 969/1027/836 953/1010/822
f 953/1010/822 969/1027/836 970/1028/837
f 953/1010/822 970/1028/837 954/1011/823
f 954/1011/823 970/1028/837 971/1029/9
f 954/1011/823 971/1029/9 955/1012/9
f 955/1012/9 971/1029/9 972/1030/838
f 955/1012/9 972/1030/838 956/1013/824
f 956/1013/824 972/1030/838 973/1031/839
f 956/1013/824 973/1031/839 957/1014/825
f 957/1014/825 973/1031/839 974/1032/840
f 957/1014/825 974/1032/840 958/1015/826
f 958/1015/826 974/1032/840 975/1033/841
f 958/1015/826 975/1033/841 959/1016/827
f 959/1016/827 975/1033/841 976/1034/842
f 959/1016/827 976/1034/842 960/1017/828
f 960/1017/828 976/1034/842 977/1035/843
f 960/1017/828 977/1035/843 961/1018/829
f 961/1018/829 977/1035/843 978/1036/844
f 961/1018/829 978/1036/844 962/1019/830
f 962/1019/830 978/1036/844 963/1037/1
f 962/1019/830 963/1037/1 947/1020/1
f 963/1021/1 979/1038/1 980/1039/845
f 963/1021/1 980/1039/845 964/1022/831
f 964/1022/831 980/1039/845 981/1040/846
f 964/1022/831 981/1040/846 965/1023/832
f 965/1023/832 981/1040/846 982/1041/847
f 965/1023/832 982/1041/847 966/1024/833
f 966/1024/833 982/1041/847 983/1042/848
f 966/1024/833 983/1042/848 967/1025/834
f 967/1025/834 983/1042/848 984/1043/849
f 967/1025/834 984/1043/849 968/1026/835
f 968/1026/835 984/1043/849 985/1044/850
f 968/1026/835 985/1044/850 969/1027/836
f 969/1027/836 985/1044/850 986/1045/851
f 969/1027/836 986/1045/851 970/1028/837
f 970/1028/837 986/1045/851 987/1046/9
f 970/1028/837 987/1046/9 971/1029/9
f 971/1029/9 987/1046/9 988/1047/852
f 971/1029/9 988/1047/852 972/1030/838
f 972/1030/838 988/1047/852 989/1048/853
f 972/1030/838 989/1048/853 973/1031/839
f 973/1031/839 989/1048/853 990/1049/854
f 973/1031/839 990/1049/854 974/1032/840
f 974/1032/840 990/1049/854 991/1050/855
f 974/1032/840 991/1050/855 975/1033/841
f 975/1033/841 991/1050/855 992/1051/856
f 975/1033/841 992/1051/856 976/1034/842
f 976/1034/842 992/1051/856 993/1052/857
f 976/1034/842 993/1052/857 977/1035/843
f 977/1035/843 993/1052/857 994/1053/858
f 977/1035/843 994/1053/858 978/1036/844
f 978/1036/844 994/1053/858 979/1054/1
f 978/1036/844 979/1054/1 963/1037/1
f 979/1038/1 995/1055/1 996/1056/859
f 979/1038/1 996/1056/859 980/1039/845
f 980/1039/845 996/1056/859 997/1057/860
f 980/1039/845 997/1057/860 981/1040/846
f 981/1040/846 997/1057/860 998/1058/861
f 981/1040/846 998/1058/861 982/1041/847
f 982/1041/847 998/1058/861 999/1059/862
f 982/1041/847 999/1059/862 983/1042/848
f 983/1042/848 999/1059/862 1000/1060/863
f 983/1042/848 1000/1060/863 984/1043/849
f 984/1043/849 1000/1060/863 1001/1061/864
f 984/1043/849 1001/1061/864 985/1044/850
f 985/1044/850 1001/1061/864 1002/1062/865
f 985/1044/850 1002/1062/865 986/1045/851
f 986/1045/851 1002/1062/865 1003/1063/9
f 986/1045/851 1003/1063/9 987/1046/9
f 987/1046/9 1003/1063/9 1004/1064/866
f 987/1046/9 1004/1064/866 988/1047/852
f 988/1047/852 1004/1064/866 1005/1065/867
f 988/1047/852 1005/1065/867 989/1048/853
f 989/1048/853 1005/1065/867 1006/1066/868
f 989/1048/853 1006/1066/868 990/1049/854
f 990/1049/854 1006/1066/868 1007/1067/869
f 990/1049/854 1007/1067/869 991/1050/855
f 991/1050/855 1007/1067/869 1008/1068/870
f 991/1050/855 1008/1068/870 992/1051/856
f 992/1051/856 1008/1068/870 1009/1069/871
f 992/1051/856 1009/1069/871 993/1052/857
f 993/1052/857 1009/1069/871 1010/1070/872
f 993/1052/857 1010/1070/872 994/1053/858
f 994/1053/858 1010/1070/872 995/1071/1
f 994/1053/858 995/1071/1 979/1054/1
f 995/1055/1 1011/1072/1 1012/1073/873
f 995/1055/1 1012/1073/873 996/1056/859
f 996/1056/859 1012/1073/873 1013/1074/874
f 996/1056/859 1013/1074/874 997/1057/860
f 997/1057/860 1013/1074/874 1014/1075/875
f 997/1057/860 1014/1075/875 998/1058/861
f 998/1058/861 1014/1075/875 1015/1076/876
f 998/1058/861 1015/1076/876 999/1059/862
f 999/1059/862 1015/1076/876 1016/1077/877
f 999/1059/862 1016/1077/877 1000/1060/863
f 1000/1060/863 1016/1077/877 1017/1078/878
f 1000/1060/863 1017/1078/878 1001/1061/864
f 1001/1061/864 1017/1078/878 1018/1079/879
f 1001/1061/864 1018/1079/879 1002/1062/865
f 1002/1062/865 1018/1079/879 1019/1080/9
f 1002/1062/865 1019/1080/9 1003/1063/9
f 1003/1063/9 1019/1080/9 1020/1081/880
f 1003/1063/9 1020/1081/880 1004/1064/866
f 1004/1064/866 1020/1081/880 1021/1082/881
f 1004/1064/866 1021/1082/881 1005/1065/867
f 1005/1065/867 1021/1082/881 1022/1083/882
f 1005/1065/867 1022/1083/882 1006/1066/868
f 1006/1066/868 1022/1083/882 1023/1084/883
f 1006/1066/868 1023/1084/883 1007/1067/869
f 1007/1067/869 1023/1084/883 1024/1085/884
f 1007/1067/869 1024/1085/884 1008/1068/870
f 1008/1068/870 1024/1085/884 1025/1086/885
f 1008/1068/870 1025/1086/885 1009/1069/871
f 1009/1069/871 1025/1086/885 1026/1087/886
f 1009/1069/871 1026/1087/886 1010/1070/872
f 1010/1070/872 1026/1087/886 1011/1088/1
f 1010/1070/872 1011/1088/1 995/1071/1
f 1011/1072/1 1027/1089/1 1028/1090/887
f 1011/1072/1 1028/1090/887 1012/1073/873
f 1012/1073/873 1028/1090/887 1029/1091/888
f 1012/1073/873 1029/1091/888 1013/1074/874
f 1013/1074/874 1029/1091/888 1030/1092/889
f 1013/1074/874 1030/1092/889 1014/1075/875
f 1014/1075/875 1030/1092/889 1031/1093/890
f 1014/1075/875 1031/1093/890 1015/1076/876
f 1015/1076/876 1031/1093/890 1032/1094/891
f 1015/1076/876 1032/1094/891 1016/1077/877
f 1016/1077/877 1032/1094/891 1033/1095/892
f 1016/1077/877 1033/1095/892 1017/1078/878
f 1017/1078/878 1033/1095/892 1034/1096/893
f 1017/1078/878 1034/1096/893 1018/1079/879
f 1018/1079/879 1034/1096/893 1035/1097/9
f 1018/1079/879 1035/1097/9 1019/1080/9
f 1019/1080/9 1035/1097/9 1036/1098/894
f 1019/1080/9 1036/1098/894 1020/1081/880
f 1020/1081/880 1036/1098/894 1037/1099/895
f 1020/1081/880 1037/1099/895 1021/1082/881
f 1021/1082/881 1037/1099/895 1038/1100/896
f 1021/1082/881 1038/1100/896 1022/1083/882
f 1022/1083/882 1038/1100/896 1039/1101/897
f 1022/1083/882 1039/1101/897 1023/1084/883
f 1023/1084/883 1039/1101/897 1040/1102/898
f 1023/1084/883 1040/1102/898 1024/1085/884
f 1024/1085/884 1040/1102/898 1041/1103/899
f 1024/1085/884 1041/1103/899 1025/1086/885
f 1025/1086/885 1041/1103/899 1042/1104/900
f 1025/1086/885 1042/1104/900 1026/1087/886
f 1026/1087/886 1042/1104/900 1027/1105/1
f 1026/1087/886 1027/1105/1 1011/1088/1
f 1043/35/18 1028/37/18 1027/36/18
f 1043/35/18 1029/38/18 1028/37/18
f 1043/35/18 1030/39/18 1029/38/18
f 1043/35/18 1031/40/18 1030/39/18
f 1043/35/18 1032/41/18 1031/40/18
f 1043/35/18 1033/42/18 1032/41/18
f 1043/35/18 1034/43/18 1033/42/18
f 1043/35/18 1035/44/18 1034/43/18
f 1043/35/18 1036/45/18 1035/44/18
f 1043/35/18 1037/46/18 1036/45/18
f 1043/35/18 1038/47/18 1037/46/18
f 1043/35/18 1039/48/18 1038/47/18
f 1043/35/18 1040/49/18 1039/48/18
f 1043/35/18 1041/50/18 1040/49/18
f 1043/35/18 1042/51/18 1041/50/18
f 1043/35/18 1027/36/18 1042/51/18
