# Procedurally generated by dev-env-utils/scripts/gen_mast_arm_curves.py
# inventory icon: whole sweep fitted to one block
mtllib mastarmcurve.mtl
o mastarm_6x2_inv
v 0.562950 0.357020 1.000000
v 0.562950 0.357020 0.978678
v 0.558159 0.385032 0.978678
v 0.558159 0.385032 1.000000
v 0.544513 0.408779 0.978678
v 0.544513 0.408779 1.000000
v 0.524090 0.424646 0.978678
v 0.524090 0.424646 1.000000
v 0.500000 0.430218 0.978678
v 0.500000 0.430218 1.000000
v 0.475910 0.424646 0.978678
v 0.475910 0.424646 1.000000
v 0.455487 0.408779 0.978678
v 0.455487 0.408779 1.000000
v 0.441841 0.385032 0.978678
v 0.441841 0.385032 1.000000
v 0.437050 0.357020 0.978678
v 0.437050 0.357020 1.000000
v 0.441841 0.329009 0.978678
v 0.441841 0.329009 1.000000
v 0.455487 0.305262 0.978678
v 0.455487 0.305262 1.000000
v 0.475910 0.289395 0.978678
v 0.475910 0.289395 1.000000
v 0.500000 0.283823 0.978678
v 0.500000 0.283823 1.000000
v 0.524090 0.289395 0.978678
v 0.524090 0.289395 1.000000
v 0.544513 0.305262 0.978678
v 0.544513 0.305262 1.000000
v 0.558159 0.329009 0.978678
v 0.558159 0.329009 1.000000
v 0.500000 0.357020 1.000000
v 0.500000 0.357020 0.978678
v 0.551031 0.339878 1.000000
v 0.550625 0.365983 0.961079
v 0.546772 0.382172 0.971722
v 0.547041 0.363444 1.000000
v 0.535798 0.395896 0.980744
v 0.535937 0.383279 1.000000
v 0.519374 0.405066 0.986772
v 0.519425 0.396460 1.000000
v 0.500000 0.408286 0.988889
v 0.500000 0.401076 1.000000
v 0.480626 0.405066 0.986772
v 0.480575 0.396460 1.000000
v 0.464202 0.395896 0.980744
v 0.464063 0.383279 1.000000
v 0.453228 0.382172 0.971722
v 0.452959 0.363444 1.000000
v 0.449375 0.365983 0.961079
v 0.448969 0.339878 1.000000
v 0.453228 0.349794 0.950437
v 0.452747 0.316122 1.000000
v 0.464202 0.336070 0.941414
v 0.463763 0.295829 1.000000
v 0.480626 0.326900 0.935386
v 0.480363 0.282190 1.000000
v 0.500000 0.323680 0.933269
v 0.500000 0.277385 1.000000
v 0.519374 0.326900 0.935386
v 0.519637 0.282190 1.000000
v 0.535798 0.336070 0.941414
v 0.536237 0.295829 1.000000
v 0.546772 0.349794 0.950437
v 0.547253 0.316122 1.000000
v 0.550484 0.374820 0.947541
v 0.546642 0.391032 0.958049
v 0.535698 0.404776 0.966957
v 0.519320 0.413959 0.972909
v 0.500000 0.417184 0.975000
v 0.480680 0.413959 0.972909
v 0.464302 0.404776 0.966957
v 0.453358 0.391032 0.958049
v 0.449516 0.374820 0.947541
v 0.453358 0.358608 0.937034
v 0.464302 0.344864 0.928125
v 0.480680 0.335681 0.922173
v 0.500000 0.332456 0.920083
v 0.519320 0.335681 0.922173
v 0.535698 0.344864 0.928125
v 0.546642 0.358608 0.937034
v 0.550343 0.383532 0.934004
v 0.546511 0.399767 0.944376
v 0.535598 0.413530 0.953169
v 0.519266 0.422727 0.959045
v 0.500000 0.425956 0.961108
v 0.480734 0.422727 0.959045
v 0.464402 0.413530 0.953169
v 0.453489 0.399767 0.944376
v 0.449657 0.383532 0.934004
v 0.453489 0.367297 0.923631
v 0.464402 0.353533 0.914838
v 0.480734 0.344337 0.908962
v 0.500000 0.341108 0.906899
v 0.519266 0.344337 0.908962
v 0.535598 0.353533 0.914838
v 0.546511 0.367297 0.923631
v 0.550202 0.392118 0.920466
v 0.546381 0.408376 0.930702
v 0.535498 0.422158 0.939380
v 0.519212 0.431367 0.945178
v 0.500000 0.434601 0.947214
v 0.480788 0.431367 0.945178
v 0.464502 0.422158 0.939380
v 0.453619 0.408376 0.930702
v 0.449798 0.392118 0.920466
v 0.453619 0.375861 0.910230
v 0.464502 0.362078 0.901552
v 0.480788 0.352869 0.895754
v 0.500000 0.349635 0.893717
v 0.519212 0.352869 0.895754
v 0.535498 0.362078 0.901552
v 0.546381 0.375861 0.910230
v 0.550061 0.400579 0.906928
v 0.546251 0.416859 0.917027
v 0.535399 0.430660 0.925589
v 0.519158 0.439881 0.931310
v 0.500000 0.443120 0.933319
v 0.480842 0.439881 0.931310
v 0.464601 0.430660 0.925589
v 0.453749 0.416859 0.917027
v 0.449939 0.400579 0.906928
v 0.453749 0.384300 0.896829
v 0.464601 0.370499 0.888267
v 0.480842 0.361277 0.882546
v 0.500000 0.358039 0.880538
v 0.519158 0.361277 0.882546
v 0.535399 0.370499 0.888267
v 0.546251 0.384300 0.896829
v 0.549920 0.408915 0.893390
v 0.546120 0.425216 0.903352
v 0.535299 0.439035 0.911797
v 0.519104 0.448269 0.917440
v 0.500000 0.451511 0.919421
v 0.480896 0.448269 0.917440
v 0.464701 0.439035 0.911797
v 0.453880 0.425216 0.903352
v 0.450080 0.408915 0.893390
v 0.453880 0.392614 0.883429
v 0.464701 0.378795 0.874984
v 0.480896 0.369561 0.869341
v 0.500000 0.366319 0.867360
v 0.519104 0.369561 0.869341
v 0.535299 0.378795 0.874984
v 0.546120 0.392614 0.883429
v 0.549779 0.417125 0.879853
v 0.545990 0.433447 0.889676
v 0.535199 0.447284 0.898004
v 0.519050 0.456529 0.903568
v 0.500000 0.459776 0.905522
v 0.480950 0.456529 0.903568
v 0.464801 0.447284 0.898004
v 0.454010 0.433447 0.889676
v 0.450221 0.417125 0.879853
v 0.454010 0.400804 0.870030
v 0.464801 0.386967 0.861702
v 0.480950 0.377721 0.856137
v 0.500000 0.374475 0.854183
v 0.519050 0.377721 0.856137
v 0.535199 0.386967 0.861702
v 0.545990 0.400804 0.870030
v 0.549638 0.425210 0.866315
v 0.545860 0.441552 0.875999
v 0.535100 0.455406 0.884209
v 0.518996 0.464663 0.889694
v 0.500000 0.467914 0.891621
v 0.481004 0.464663 0.889694
v 0.464900 0.455406 0.884209
v 0.454140 0.441552 0.875999
v 0.450362 0.425210 0.866315
v 0.454140 0.408869 0.856631
v 0.464900 0.395015 0.848421
v 0.481004 0.385758 0.842936
v 0.500000 0.382507 0.841009
v 0.518996 0.385758 0.842936
v 0.535100 0.395015 0.848421
v 0.545860 0.408869 0.856631
v 0.549497 0.433170 0.852777
v 0.545730 0.449532 0.862322
v 0.535000 0.463402 0.870413
v 0.518942 0.472670 0.875819
v 0.500000 0.475925 0.877718
v 0.481058 0.472670 0.875819
v 0.465000 0.463402 0.870413
v 0.454270 0.449532 0.862322
v 0.450503 0.433170 0.852777
v 0.454270 0.416809 0.843233
v 0.465000 0.402938 0.835142
v 0.481058 0.393670 0.829736
v 0.500000 0.390415 0.827837
v 0.518942 0.393670 0.829736
v 0.535000 0.402938 0.835142
v 0.545730 0.416809 0.843233
v 0.549406 0.438247 0.844030
v 0.545645 0.454621 0.853483
v 0.534935 0.468502 0.861497
v 0.518907 0.477777 0.866852
v 0.500000 0.481034 0.868733
v 0.481093 0.477777 0.866852
v 0.465065 0.468502 0.861497
v 0.454355 0.454621 0.853483
v 0.450594 0.438247 0.844030
v 0.454355 0.421873 0.834576
v 0.465065 0.407992 0.826562
v 0.481093 0.398717 0.821207
v 0.500000 0.395460 0.819327
v 0.518907 0.398717 0.821207
v 0.534935 0.407992 0.826562
v 0.545645 0.421873 0.834576
v 0.549356 0.441004 0.839240
v 0.545599 0.457385 0.848643
v 0.534900 0.471272 0.856615
v 0.518888 0.480551 0.861942
v 0.500000 0.483809 0.863813
v 0.481112 0.480551 0.861942
v 0.465100 0.471272 0.856615
v 0.454401 0.457385 0.848643
v 0.450644 0.441004 0.839240
v 0.454401 0.424624 0.829836
v 0.465100 0.410737 0.821864
v 0.481112 0.401458 0.816537
v 0.500000 0.398200 0.814667
v 0.518888 0.401458 0.816537
v 0.534900 0.410737 0.821864
v 0.545599 0.424624 0.829836
v 0.549215 0.448713 0.825702
v 0.545469 0.465112 0.834964
v 0.534800 0.479015 0.842816
v 0.518834 0.488304 0.848063
v 0.500000 0.491566 0.849906
v 0.481166 0.488304 0.848063
v 0.465200 0.479015 0.842816
v 0.454531 0.465112 0.834964
v 0.450785 0.448713 0.825702
v 0.454531 0.432315 0.816440
v 0.465200 0.418412 0.808587
v 0.481166 0.409123 0.803341
v 0.500000 0.405861 0.801498
v 0.518834 0.409123 0.803341
v 0.534800 0.418412 0.808587
v 0.545469 0.432315 0.816440
v 0.549074 0.456297 0.812164
v 0.545339 0.472714 0.821285
v 0.534701 0.486631 0.829016
v 0.518780 0.495930 0.834183
v 0.500000 0.499196 0.835997
v 0.481220 0.495930 0.834183
v 0.465299 0.486631 0.829016
v 0.454661 0.472714 0.821285
v 0.450926 0.456297 0.812164
v 0.454661 0.439880 0.803044
v 0.465299 0.425963 0.795312
v 0.481220 0.416664 0.790146
v 0.500000 0.413398 0.788332
v 0.518780 0.416664 0.790146
v 0.534701 0.425963 0.795312
v 0.545339 0.439880 0.803044
v 0.548933 0.463755 0.798626
v 0.545208 0.480189 0.807604
v 0.534601 0.494121 0.815215
v 0.518726 0.503430 0.820300
v 0.500000 0.506698 0.822086
v 0.481274 0.503430 0.820300
v 0.465399 0.494121 0.815215
v 0.454792 0.480189 0.807604
v 0.451067 0.463755 0.798626
v 0.454792 0.447322 0.789649
v 0.465399 0.433390 0.782038
v 0.481274 0.424081 0.776953
v 0.500000 0.420812 0.775167
v 0.518726 0.424081 0.776953
v 0.534601 0.433390 0.782038
v 0.545208 0.447322 0.789649
v 0.548792 0.471088 0.785089
v 0.545078 0.487538 0.793923
v 0.534501 0.501484 0.801412
v 0.518672 0.510802 0.806416
v 0.500000 0.514074 0.808174
v 0.481328 0.510802 0.806416
v 0.465499 0.501484 0.801412
v 0.454922 0.487538 0.793923
v 0.451208 0.471088 0.785089
v 0.454922 0.454638 0.776255
v 0.465499 0.440693 0.768765
v 0.481328 0.431375 0.763761
v 0.500000 0.428103 0.762004
v 0.518672 0.431375 0.763761
v 0.534501 0.440693 0.768765
v 0.545078 0.454638 0.776255
v 0.548651 0.478296 0.771551
v 0.544948 0.494761 0.780241
v 0.534402 0.508720 0.787608
v 0.518618 0.518047 0.792531
v 0.500000 0.521322 0.794259
v 0.481382 0.518047 0.792531
v 0.465598 0.508720 0.787608
v 0.455052 0.494761 0.780241
v 0.451349 0.478296 0.771551
v 0.455052 0.461830 0.762861
v 0.465598 0.447872 0.755494
v 0.481382 0.438545 0.750571
v 0.500000 0.435269 0.748843
v 0.518618 0.438545 0.750571
v 0.534402 0.447872 0.755494
v 0.544948 0.461830 0.762861
v 0.548510 0.485378 0.758013
v 0.544818 0.501858 0.766559
v 0.534302 0.515830 0.773803
v 0.518564 0.525165 0.778644
v 0.500000 0.528443 0.780343
v 0.481436 0.525165 0.778644
v 0.465698 0.515830 0.773803
v 0.455182 0.501858 0.766559
v 0.451490 0.485378 0.758013
v 0.455182 0.468898 0.749468
v 0.465698 0.454926 0.742224
v 0.481436 0.445591 0.737383
v 0.500000 0.442313 0.735683
v 0.518564 0.445591 0.737383
v 0.534302 0.454926 0.742224
v 0.544818 0.468898 0.749468
v 0.548369 0.492335 0.744476
v 0.544687 0.508829 0.752876
v 0.534202 0.522813 0.759997
v 0.518510 0.532156 0.764755
v 0.500000 0.535437 0.766426
v 0.481490 0.532156 0.764755
v 0.465798 0.522813 0.759997
v 0.455313 0.508829 0.752876
v 0.451631 0.492335 0.744476
v 0.455313 0.475841 0.736076
v 0.465798 0.461857 0.728955
v 0.481490 0.452514 0.724196
v 0.500000 0.449233 0.722526
v 0.518510 0.452514 0.724196
v 0.534202 0.461857 0.728955
v 0.544687 0.475841 0.736076
v 0.548228 0.499166 0.730938
v 0.544557 0.515674 0.739192
v 0.534102 0.529669 0.746189
v 0.518456 0.539019 0.750864
v 0.500000 0.542303 0.752506
v 0.481544 0.539019 0.750864
v 0.465898 0.529669 0.746189
v 0.455443 0.515674 0.739192
v 0.451772 0.499166 0.730938
v 0.455443 0.482659 0.722684
v 0.465898 0.468664 0.715687
v 0.481544 0.459314 0.711011
v 0.500000 0.456030 0.709370
v 0.518456 0.459314 0.711011
v 0.534102 0.468664 0.715687
v 0.544557 0.482659 0.722684
v 0.548087 0.505873 0.717400
v 0.544427 0.522393 0.725507
v 0.534003 0.536398 0.732380
v 0.518402 0.545756 0.736972
v 0.500000 0.549042 0.738585
v 0.481598 0.545756 0.736972
v 0.465997 0.536398 0.732380
v 0.455573 0.522393 0.725507
v 0.451913 0.505873 0.717400
v 0.455573 0.489353 0.709293
v 0.465997 0.475348 0.702420
v 0.481598 0.465990 0.697828
v 0.500000 0.462704 0.696215
v 0.518402 0.465990 0.697828
v 0.534003 0.475348 0.702420
v 0.544427 0.489353 0.709293
v 0.547946 0.512454 0.703862
v 0.544296 0.528985 0.711822
v 0.533903 0.543000 0.718570
v 0.518348 0.552365 0.723079
v 0.500000 0.555653 0.724662
v 0.481652 0.552365 0.723079
v 0.466097 0.543000 0.718570
v 0.455704 0.528985 0.711822
v 0.452054 0.512454 0.703862
v 0.455704 0.495922 0.695903
v 0.466097 0.481907 0.689155
v 0.481652 0.472542 0.684646
v 0.500000 0.469254 0.683063
v 0.518348 0.472542 0.684646
v 0.533903 0.481907 0.689155
v 0.544296 0.495922 0.695903
v 0.547805 0.518909 0.690325
v 0.544166 0.535451 0.698137
v 0.533803 0.549476 0.704759
v 0.518294 0.558846 0.709184
v 0.500000 0.562137 0.710738
v 0.481706 0.558846 0.709184
v 0.466197 0.549476 0.704759
v 0.455834 0.535451 0.698137
v 0.452195 0.518909 0.690325
v 0.455834 0.502366 0.682513
v 0.466197 0.488342 0.675891
v 0.481706 0.478972 0.671466
v 0.500000 0.475681 0.669912
v 0.518294 0.478972 0.671466
v 0.533803 0.488342 0.675891
v 0.544166 0.502366 0.682513
v 0.547664 0.525239 0.676787
v 0.544036 0.541792 0.684450
v 0.533704 0.555824 0.690947
v 0.518240 0.565200 0.695288
v 0.500000 0.568493 0.696812
v 0.481760 0.565200 0.695288
v 0.466296 0.555824 0.690947
v 0.455964 0.541792 0.684450
v 0.452336 0.525239 0.676787
v 0.455964 0.508687 0.669124
v 0.466296 0.494654 0.662627
v 0.481760 0.485278 0.658287
v 0.500000 0.481986 0.656762
v 0.518240 0.485278 0.658287
v 0.533704 0.494654 0.662627
v 0.544036 0.508687 0.669124
v 0.547523 0.531444 0.663249
v 0.543906 0.548005 0.670763
v 0.533604 0.562045 0.677133
v 0.518186 0.571427 0.681390
v 0.500000 0.574721 0.682884
v 0.481814 0.571427 0.681390
v 0.466396 0.562045 0.677133
v 0.456094 0.548005 0.670763
v 0.452477 0.531444 0.663249
v 0.456094 0.514882 0.655735
v 0.466396 0.500842 0.649365
v 0.481814 0.491461 0.645109
v 0.500000 0.488167 0.643614
v 0.518186 0.491461 0.645109
v 0.533604 0.500842 0.649365
v 0.543906 0.514882 0.655735
v 0.547382 0.537523 0.649712
v 0.543775 0.554093 0.657076
v 0.533504 0.568140 0.663319
v 0.518132 0.577526 0.667490
v 0.500000 0.580822 0.668955
v 0.481868 0.577526 0.667490
v 0.466496 0.568140 0.663319
v 0.456225 0.554093 0.657076
v 0.452618 0.537523 0.649712
v 0.456225 0.520954 0.642347
v 0.466496 0.506907 0.636104
v 0.481868 0.497521 0.631933
v 0.500000 0.494225 0.630468
v 0.518132 0.497521 0.631933
v 0.533504 0.506907 0.636104
v 0.543775 0.520954 0.642347
v 0.547241 0.543477 0.636174
v 0.543645 0.560054 0.643388
v 0.533404 0.574107 0.649503
v 0.518078 0.583497 0.653590
v 0.500000 0.586794 0.655025
v 0.481922 0.583497 0.653590
v 0.466596 0.574107 0.649503
v 0.456355 0.560054 0.643388
v 0.452759 0.543477 0.636174
v 0.456355 0.526901 0.628960
v 0.466596 0.512848 0.622844
v 0.481922 0.503458 0.618758
v 0.500000 0.500161 0.617323
v 0.518078 0.503458 0.618758
v 0.533404 0.512848 0.622844
v 0.543645 0.526901 0.628960
v 0.547100 0.549306 0.622636
v 0.543515 0.565889 0.629699
v 0.533305 0.579947 0.635687
v 0.518024 0.589341 0.639688
v 0.500000 0.592639 0.641093
v 0.481976 0.589341 0.639688
v 0.466695 0.579947 0.635687
v 0.456485 0.565889 0.629699
v 0.452900 0.549306 0.622636
v 0.456485 0.532723 0.615573
v 0.466695 0.518665 0.609585
v 0.481976 0.509272 0.605584
v 0.500000 0.505973 0.604179
v 0.518024 0.509272 0.605584
v 0.533305 0.518665 0.609585
v 0.543515 0.532723 0.615573
v 0.546959 0.555010 0.609098
v 0.543384 0.571598 0.616010
v 0.533205 0.585660 0.621870
v 0.517970 0.595057 0.625785
v 0.500000 0.598356 0.627160
v 0.482030 0.595057 0.625785
v 0.466795 0.585660 0.621870
v 0.456616 0.571598 0.616010
v 0.453041 0.555010 0.609098
v 0.456616 0.538421 0.602187
v 0.466795 0.524359 0.596327
v 0.482030 0.514962 0.592412
v 0.500000 0.511663 0.591037
v 0.517970 0.514962 0.592412
v 0.533205 0.524359 0.596327
v 0.543384 0.538421 0.602187
v 0.546818 0.560588 0.595561
v 0.543254 0.577180 0.602321
v 0.533105 0.591246 0.608051
v 0.517916 0.600645 0.611880
v 0.500000 0.603945 0.613225
v 0.482084 0.600645 0.611880
v 0.466895 0.591246 0.608051
v 0.456746 0.577180 0.602321
v 0.453182 0.560588 0.595561
v 0.456746 0.543995 0.588801
v 0.466895 0.529929 0.583070
v 0.482084 0.520530 0.579241
v 0.500000 0.517230 0.577896
v 0.517916 0.520530 0.579241
v 0.533105 0.529929 0.583070
v 0.543254 0.543995 0.588801
v 0.546677 0.566040 0.582023
v 0.543124 0.582636 0.588630
v 0.533006 0.596705 0.594232
v 0.517862 0.606105 0.597975
v 0.500000 0.609406 0.599289
v 0.482138 0.606105 0.597975
v 0.466994 0.596705 0.594232
v 0.456876 0.582636 0.588630
v 0.453323 0.566040 0.582023
v 0.456876 0.549445 0.575416
v 0.466994 0.535376 0.569814
v 0.482138 0.525975 0.566071
v 0.500000 0.522674 0.564757
v 0.517862 0.525975 0.566071
v 0.533006 0.535376 0.569814
v 0.543124 0.549445 0.575416
v 0.546536 0.571368 0.568485
v 0.542994 0.587965 0.574940
v 0.532906 0.602036 0.580412
v 0.517809 0.611438 0.584068
v 0.500000 0.614739 0.585352
v 0.482191 0.611438 0.584068
v 0.467094 0.602036 0.580412
v 0.457006 0.587965 0.574940
v 0.453464 0.571368 0.568485
v 0.457006 0.554770 0.562031
v 0.467094 0.540699 0.556559
v 0.482191 0.531297 0.552902
v 0.500000 0.527996 0.551619
v 0.517809 0.531297 0.552902
v 0.532906 0.540699 0.556559
v 0.542994 0.554770 0.562031
v 0.546395 0.576570 0.554948
v 0.542863 0.593168 0.561249
v 0.532806 0.607240 0.566591
v 0.517755 0.616642 0.570160
v 0.500000 0.619944 0.571414
v 0.482245 0.616642 0.570160
v 0.467194 0.607240 0.566591
v 0.457137 0.593168 0.561249
v 0.453605 0.576570 0.554948
v 0.457137 0.559971 0.548646
v 0.467194 0.545899 0.543304
v 0.482245 0.536497 0.539735
v 0.500000 0.533195 0.538481
v 0.517755 0.536497 0.539735
v 0.532806 0.545899 0.543304
v 0.542863 0.559971 0.548646
v 0.546254 0.581646 0.541410
v 0.542733 0.598245 0.547558
v 0.532706 0.612317 0.552769
v 0.517701 0.621719 0.556252
v 0.500000 0.625021 0.557475
v 0.482299 0.621719 0.556252
v 0.467294 0.612317 0.552769
v 0.457267 0.598245 0.547558
v 0.453746 0.581646 0.541410
v 0.457267 0.565048 0.535262
v 0.467294 0.550976 0.530050
v 0.482299 0.541573 0.526568
v 0.500000 0.538272 0.525345
v 0.517701 0.541573 0.526568
v 0.532706 0.550976 0.530050
v 0.542733 0.565048 0.535262
v 0.546113 0.586598 0.527872
v 0.542603 0.603195 0.533866
v 0.532607 0.617266 0.538947
v 0.517647 0.626668 0.542342
v 0.500000 0.629969 0.543534
v 0.482353 0.626668 0.542342
v 0.467393 0.617266 0.538947
v 0.457397 0.603195 0.533866
v 0.453887 0.586598 0.527872
v 0.457397 0.570000 0.521879
v 0.467393 0.555929 0.516797
v 0.482353 0.546527 0.513402
v 0.500000 0.543226 0.512210
v 0.517647 0.546527 0.513402
v 0.532607 0.555929 0.516797
v 0.542603 0.570000 0.521879
v 0.545972 0.591424 0.514334
v 0.542472 0.608019 0.520174
v 0.532507 0.622088 0.525124
v 0.517593 0.631488 0.528431
v 0.500000 0.634789 0.529593
v 0.482407 0.631488 0.528431
v 0.467493 0.622088 0.525124
v 0.457528 0.608019 0.520174
v 0.454028 0.591424 0.514334
v 0.457528 0.574828 0.508495
v 0.467493 0.560759 0.503545
v 0.482407 0.551359 0.500238
v 0.500000 0.548058 0.499076
v 0.517593 0.551359 0.500238
v 0.532507 0.560759 0.503545
v 0.542472 0.574828 0.508495
v 0.545831 0.596124 0.500797
v 0.542342 0.612716 0.506481
v 0.532407 0.626782 0.511300
v 0.517539 0.636181 0.514520
v 0.500000 0.639481 0.515651
v 0.482461 0.636181 0.514520
v 0.467593 0.626782 0.511300
v 0.457658 0.612716 0.506481
v 0.454169 0.596124 0.500797
v 0.457658 0.579532 0.495112
v 0.467593 0.565466 0.490294
v 0.482461 0.556067 0.487074
v 0.500000 0.552767 0.485943
v 0.517539 0.556067 0.487074
v 0.532407 0.565466 0.490294
v 0.542342 0.579532 0.495112
v 0.545690 0.600699 0.487259
v 0.542212 0.617287 0.492788
v 0.532308 0.631349 0.497476
v 0.517485 0.640745 0.500608
v 0.500000 0.644044 0.501707
v 0.482515 0.640745 0.500608
v 0.467692 0.631349 0.497476
v 0.457788 0.617287 0.492788
v 0.454310 0.600699 0.487259
v 0.457788 0.584112 0.481730
v 0.467692 0.570050 0.477042
v 0.482515 0.560654 0.473910
v 0.500000 0.557354 0.472811
v 0.517485 0.560654 0.473910
v 0.532308 0.570050 0.477042
v 0.542212 0.584112 0.481730
v 0.545549 0.605149 0.473721
v 0.542082 0.621731 0.479095
v 0.532208 0.635788 0.483651
v 0.517431 0.645181 0.486695
v 0.500000 0.648479 0.487764
v 0.482569 0.645181 0.486695
v 0.467792 0.635788 0.483651
v 0.457918 0.621731 0.479095
v 0.454451 0.605149 0.473721
v 0.457918 0.588567 0.468348
v 0.467792 0.574510 0.463792
v 0.482569 0.565117 0.460748
v 0.500000 0.561819 0.459679
v 0.517431 0.565117 0.460748
v 0.532208 0.574510 0.463792
v 0.542082 0.588567 0.468348
v 0.545408 0.609474 0.460184
v 0.541951 0.626049 0.465402
v 0.532108 0.640100 0.469825
v 0.517377 0.649489 0.472781
v 0.500000 0.652786 0.473819
v 0.482623 0.649489 0.472781
v 0.467892 0.640100 0.469825
v 0.458049 0.626049 0.465402
v 0.454592 0.609474 0.460184
v 0.458049 0.592899 0.454966
v 0.467892 0.578847 0.450542
v 0.482623 0.569459 0.447586
v 0.500000 0.566162 0.446548
v 0.517377 0.569459 0.447586
v 0.532108 0.578847 0.450542
v 0.541951 0.592899 0.454966
v 0.545267 0.613673 0.446646
v 0.541821 0.630240 0.451708
v 0.532008 0.644284 0.455999
v 0.517323 0.653669 0.458867
v 0.500000 0.656964 0.459874
v 0.482677 0.653669 0.458867
v 0.467992 0.644284 0.455999
v 0.458179 0.630240 0.451708
v 0.454733 0.613673 0.446646
v 0.458179 0.597106 0.441584
v 0.467992 0.583062 0.437292
v 0.482677 0.573677 0.434425
v 0.500000 0.570382 0.433418
v 0.517323 0.573677 0.434425
v 0.532008 0.583062 0.437292
v 0.541821 0.597106 0.441584
v 0.545126 0.617747 0.433108
v 0.541691 0.634304 0.438014
v 0.531909 0.648341 0.442173
v 0.517269 0.657720 0.444952
v 0.500000 0.661013 0.445928
v 0.482731 0.657720 0.444952
v 0.468091 0.648341 0.442173
v 0.458309 0.634304 0.438014
v 0.454874 0.617747 0.433108
v 0.458309 0.601189 0.428202
v 0.468091 0.587153 0.424043
v 0.482731 0.577774 0.421264
v 0.500000 0.574480 0.420288
v 0.517269 0.577774 0.421264
v 0.531909 0.587153 0.424043
v 0.541691 0.601189 0.428202
v 0.544985 0.621695 0.419570
v 0.541560 0.638242 0.424320
v 0.531809 0.652270 0.428346
v 0.517215 0.661643 0.431037
v 0.500000 0.664934 0.431982
v 0.482785 0.661643 0.431037
v 0.468191 0.652270 0.428346
v 0.458440 0.638242 0.424320
v 0.455015 0.621695 0.419570
v 0.458440 0.605149 0.414821
v 0.468191 0.591121 0.410794
v 0.482785 0.581748 0.408104
v 0.500000 0.578457 0.407159
v 0.517215 0.581748 0.408104
v 0.531809 0.591121 0.410794
v 0.541560 0.605149 0.414821
v 0.544844 0.625518 0.406033
v 0.541430 0.642053 0.410626
v 0.531709 0.656071 0.414520
v 0.517161 0.665437 0.417121
v 0.500000 0.668726 0.418035
v 0.482839 0.665437 0.417121
v 0.468291 0.656071 0.414520
v 0.458570 0.642053 0.410626
v 0.455156 0.625518 0.406033
v 0.458570 0.608984 0.401440
v 0.468291 0.594966 0.397546
v 0.482839 0.585600 0.394944
v 0.500000 0.582311 0.394031
v 0.517161 0.585600 0.394944
v 0.531709 0.594966 0.397546
v 0.541430 0.608984 0.401440
v 0.544703 0.629216 0.392495
v 0.541300 0.645738 0.396931
v 0.531610 0.659744 0.400692
v 0.517107 0.669103 0.403205
v 0.500000 0.672390 0.404088
v 0.482893 0.669103 0.403205
v 0.468390 0.659744 0.400692
v 0.458700 0.645738 0.396931
v 0.455297 0.629216 0.392495
v 0.458700 0.612695 0.388059
v 0.468390 0.598688 0.384298
v 0.482893 0.589329 0.381785
v 0.500000 0.586043 0.380902
v 0.517107 0.589329 0.381785
v 0.531610 0.598688 0.384298
v 0.541300 0.612695 0.388059
v 0.544562 0.632789 0.378957
v 0.541170 0.649296 0.383237
v 0.531510 0.663290 0.386865
v 0.517053 0.672641 0.389289
v 0.500000 0.675924 0.390141
v 0.482947 0.672641 0.389289
v 0.468490 0.663290 0.386865
v 0.458830 0.649296 0.383237
v 0.455438 0.632789 0.378957
v 0.458830 0.616281 0.374678
v 0.468490 0.602287 0.371050
v 0.482947 0.592937 0.368625
v 0.500000 0.589653 0.367774
v 0.517053 0.592937 0.368625
v 0.531510 0.602287 0.371050
v 0.541170 0.616281 0.374678
v 0.544421 0.636236 0.365420
v 0.541039 0.652727 0.369542
v 0.531410 0.666708 0.373038
v 0.516999 0.676050 0.375373
v 0.500000 0.679330 0.376193
v 0.483001 0.676050 0.375373
v 0.468590 0.666708 0.373038
v 0.458961 0.652727 0.369542
v 0.455579 0.636236 0.365420
v 0.458961 0.619744 0.361297
v 0.468590 0.605764 0.357802
v 0.483001 0.596422 0.355466
v 0.500000 0.593142 0.354646
v 0.516999 0.596422 0.355466
v 0.531410 0.605764 0.357802
v 0.541039 0.619744 0.361297
v 0.544280 0.639558 0.351882
v 0.540909 0.656032 0.355848
v 0.531310 0.669998 0.359210
v 0.516945 0.679330 0.361457
v 0.500000 0.682607 0.362246
v 0.483055 0.679330 0.361457
v 0.468690 0.669998 0.359210
v 0.459091 0.656032 0.355848
v 0.455720 0.639558 0.351882
v 0.459091 0.623083 0.347916
v 0.468690 0.609117 0.344554
v 0.483055 0.599785 0.342307
v 0.500000 0.596508 0.341518
v 0.516945 0.599785 0.342307
v 0.531310 0.609117 0.344554
v 0.540909 0.623083 0.347916
v 0.544139 0.642754 0.338344
v 0.540779 0.659210 0.342153
v 0.531211 0.673161 0.345383
v 0.516891 0.682482 0.347541
v 0.500000 0.685756 0.348298
v 0.483109 0.682482 0.347541
v 0.468789 0.673161 0.345383
v 0.459221 0.659210 0.342153
v 0.455861 0.642754 0.338344
v 0.459221 0.626298 0.334535
v 0.468789 0.612347 0.331306
v 0.483109 0.603026 0.329148
v 0.500000 0.599752 0.328390
v 0.516891 0.603026 0.329148
v 0.531211 0.612347 0.331306
v 0.540779 0.626298 0.334535
v 0.543998 0.645825 0.324806
v 0.540648 0.662261 0.328459
v 0.531111 0.676195 0.331555
v 0.516837 0.685506 0.333624
v 0.500000 0.688775 0.334351
v 0.483163 0.685506 0.333624
v 0.468889 0.676195 0.331555
v 0.459352 0.662261 0.328459
v 0.456002 0.645825 0.324806
v 0.459352 0.629389 0.321154
v 0.468889 0.615455 0.318058
v 0.483163 0.606145 0.315989
v 0.500000 0.602875 0.315262
v 0.516837 0.606145 0.315989
v 0.531111 0.615455 0.318058
v 0.540648 0.629389 0.321154
v 0.543857 0.648771 0.311269
v 0.540518 0.665186 0.314765
v 0.531011 0.679102 0.317728
v 0.516783 0.688400 0.319708
v 0.500000 0.691665 0.320404
v 0.483217 0.688400 0.319708
v 0.468989 0.679102 0.317728
v 0.459482 0.665186 0.314765
v 0.456143 0.648771 0.311269
v 0.459482 0.632356 0.307773
v 0.468989 0.618440 0.304809
v 0.483217 0.609141 0.302829
v 0.500000 0.605876 0.302134
v 0.516783 0.609141 0.302829
v 0.531011 0.618440 0.304809
v 0.540518 0.632356 0.307773
v 0.543716 0.651591 0.297731
v 0.540388 0.667984 0.301070
v 0.530912 0.681881 0.303901
v 0.516729 0.691166 0.305793
v 0.500000 0.694427 0.306457
v 0.483271 0.691166 0.305793
v 0.469088 0.681881 0.303901
v 0.459612 0.667984 0.301070
v 0.456284 0.651591 0.297731
v 0.459612 0.635199 0.294392
v 0.469088 0.621302 0.291561
v 0.483271 0.612016 0.289669
v 0.500000 0.608755 0.289005
v 0.516729 0.612016 0.289669
v 0.530912 0.621302 0.291561
v 0.540388 0.635199 0.294392
v 0.543575 0.654286 0.284193
v 0.540258 0.670655 0.287376
v 0.530812 0.684532 0.290074
v 0.516675 0.693804 0.291877
v 0.500000 0.697060 0.292510
v 0.483325 0.693804 0.291877
v 0.469188 0.684532 0.290074
v 0.459742 0.670655 0.287376
v 0.456425 0.654286 0.284193
v 0.459742 0.637917 0.281011
v 0.469188 0.624041 0.278312
v 0.483325 0.614769 0.276509
v 0.500000 0.611513 0.275876
v 0.516675 0.614769 0.276509
v 0.530812 0.624041 0.278312
v 0.540258 0.637917 0.281011
v 0.543434 0.656856 0.270656
v 0.540127 0.673199 0.273682
v 0.530712 0.687054 0.276248
v 0.516621 0.696312 0.277962
v 0.500000 0.699563 0.278564
v 0.483379 0.696312 0.277962
v 0.469288 0.687054 0.276248
v 0.459873 0.673199 0.273682
v 0.456566 0.656856 0.270656
v 0.459873 0.640512 0.267629
v 0.469288 0.626657 0.265063
v 0.483379 0.617399 0.263349
v 0.500000 0.614148 0.262747
v 0.516621 0.617399 0.263349
v 0.530712 0.626657 0.265063
v 0.540127 0.640512 0.267629
v 0.543292 0.659300 0.257118
v 0.539997 0.675617 0.259988
v 0.530612 0.689450 0.262422
v 0.516567 0.698692 0.264048
v 0.500000 0.701938 0.264619
v 0.483433 0.698692 0.264048
v 0.469388 0.689450 0.262422
v 0.460003 0.675617 0.259988
v 0.456708 0.659300 0.257118
v 0.460003 0.642983 0.254247
v 0.469388 0.629151 0.251814
v 0.483433 0.619908 0.250188
v 0.500000 0.616662 0.249617
v 0.516567 0.619908 0.250188
v 0.530612 0.629151 0.251814
v 0.539997 0.642983 0.254247
v 0.543151 0.661619 0.243580
v 0.539867 0.677908 0.246295
v 0.530513 0.691717 0.248596
v 0.516513 0.700943 0.250134
v 0.500000 0.704183 0.250674
v 0.483487 0.700943 0.250134
v 0.469487 0.691717 0.248596
v 0.460133 0.677908 0.246295
v 0.456849 0.661619 0.243580
v 0.460133 0.645330 0.240865
v 0.469487 0.631522 0.238564
v 0.483487 0.622295 0.237026
v 0.500000 0.619055 0.236486
v 0.516513 0.622295 0.237026
v 0.530513 0.631522 0.238564
v 0.539867 0.645330 0.240865
v 0.543010 0.663813 0.230042
v 0.539736 0.680072 0.232602
v 0.530413 0.693856 0.234771
v 0.516459 0.703066 0.236221
v 0.500000 0.706300 0.236730
v 0.483541 0.703066 0.236221
v 0.469587 0.693856 0.234771
v 0.460264 0.680072 0.232602
v 0.456990 0.663813 0.230042
v 0.460264 0.647553 0.227483
v 0.469587 0.633770 0.225313
v 0.483541 0.624560 0.223864
v 0.500000 0.621325 0.223355
v 0.516459 0.624560 0.223864
v 0.530413 0.633770 0.225313
v 0.539736 0.647553 0.227483
v 0.542869 0.665881 0.216505
v 0.539606 0.682109 0.218909
v 0.530313 0.695867 0.220947
v 0.516405 0.705060 0.222309
v 0.500000 0.708288 0.222787
v 0.483595 0.705060 0.222309
v 0.469687 0.695867 0.220947
v 0.460394 0.682109 0.218909
v 0.457131 0.665881 0.216505
v 0.460394 0.649653 0.214101
v 0.469687 0.635895 0.212062
v 0.483595 0.626702 0.210700
v 0.500000 0.623474 0.210222
v 0.516405 0.626702 0.210700
v 0.530313 0.635895 0.212062
v 0.539606 0.649653 0.214101
v 0.542728 0.667824 0.202967
v 0.539476 0.684020 0.205216
v 0.530214 0.697750 0.207123
v 0.516351 0.706924 0.208398
v 0.500000 0.710146 0.208845
v 0.483649 0.706924 0.208398
v 0.469786 0.697750 0.207123
v 0.460524 0.684020 0.205216
v 0.457272 0.667824 0.202967
v 0.460524 0.651628 0.200718
v 0.469786 0.637898 0.198811
v 0.483649 0.628723 0.197536
v 0.500000 0.625502 0.197089
v 0.516351 0.628723 0.197536
v 0.530214 0.637898 0.198811
v 0.539476 0.651628 0.200718
v 0.542587 0.669641 0.189429
v 0.539346 0.685804 0.191524
v 0.530114 0.699505 0.193301
v 0.516297 0.708661 0.194487
v 0.500000 0.711875 0.194904
v 0.483703 0.708661 0.194487
v 0.469886 0.699505 0.193301
v 0.460654 0.685804 0.191524
v 0.457413 0.669641 0.189429
v 0.460654 0.653479 0.187334
v 0.469886 0.639777 0.185558
v 0.483703 0.630622 0.184371
v 0.500000 0.627407 0.183955
v 0.516297 0.630622 0.184371
v 0.530114 0.639777 0.185558
v 0.539346 0.653479 0.187334
v 0.542446 0.671334 0.175892
v 0.539215 0.687461 0.177833
v 0.530014 0.701133 0.179479
v 0.516244 0.710268 0.180578
v 0.500000 0.713476 0.180964
v 0.483756 0.710268 0.180578
v 0.469986 0.701133 0.179479
v 0.460785 0.687461 0.177833
v 0.457554 0.671334 0.175892
v 0.460785 0.655207 0.173950
v 0.469986 0.641535 0.172305
v 0.483756 0.632399 0.171205
v 0.500000 0.629191 0.170819
v 0.516244 0.632399 0.171205
v 0.530014 0.641535 0.172305
v 0.539215 0.655207 0.173950
v 0.542305 0.672900 0.162354
v 0.539085 0.688991 0.164142
v 0.529914 0.702632 0.165657
v 0.516190 0.711746 0.166670
v 0.500000 0.714947 0.167026
v 0.483810 0.711746 0.166670
v 0.470086 0.702632 0.165657
v 0.460915 0.688991 0.164142
v 0.457695 0.672900 0.162354
v 0.460915 0.656810 0.160566
v 0.470086 0.643169 0.159050
v 0.483810 0.634054 0.158038
v 0.500000 0.630854 0.157682
v 0.516190 0.634054 0.158038
v 0.529914 0.643169 0.159050
v 0.539085 0.656810 0.160566
v 0.542164 0.674342 0.148816
v 0.538955 0.690395 0.150451
v 0.529815 0.704003 0.151837
v 0.516136 0.713096 0.152763
v 0.500000 0.716289 0.153089
v 0.483864 0.713096 0.152763
v 0.470185 0.704003 0.151837
v 0.461045 0.690395 0.150451
v 0.457836 0.674342 0.148816
v 0.461045 0.658289 0.147181
v 0.470185 0.644681 0.145795
v 0.483864 0.635588 0.144869
v 0.500000 0.632395 0.144544
v 0.516136 0.635588 0.144869
v 0.529815 0.644681 0.145795
v 0.538955 0.658289 0.147181
v 0.542023 0.675658 0.135278
v 0.538824 0.691671 0.136761
v 0.529715 0.705247 0.138018
v 0.516082 0.714317 0.138858
v 0.500000 0.717503 0.139153
v 0.483918 0.714317 0.138858
v 0.470285 0.705247 0.138018
v 0.461176 0.691671 0.136761
v 0.457977 0.675658 0.135278
v 0.461176 0.659645 0.133796
v 0.470285 0.646070 0.132539
v 0.483918 0.636999 0.131699
v 0.500000 0.633814 0.131404
v 0.516082 0.636999 0.131699
v 0.529715 0.646070 0.132539
v 0.538824 0.659645 0.133796
v 0.541882 0.676849 0.121741
v 0.538694 0.692821 0.123072
v 0.529615 0.706362 0.124200
v 0.516028 0.715410 0.124954
v 0.500000 0.718587 0.125219
v 0.483972 0.715410 0.124954
v 0.470385 0.706362 0.124200
v 0.461306 0.692821 0.123072
v 0.458118 0.676849 0.121741
v 0.461306 0.660877 0.120410
v 0.470385 0.647336 0.119281
v 0.483972 0.638288 0.118527
v 0.500000 0.635111 0.118263
v 0.516028 0.638288 0.118527
v 0.529615 0.647336 0.119281
v 0.538694 0.660877 0.120410
v 0.541741 0.677914 0.108203
v 0.538564 0.693845 0.109383
v 0.529516 0.707349 0.110383
v 0.515974 0.716373 0.111052
v 0.500000 0.719542 0.111287
v 0.484026 0.716373 0.111052
v 0.470484 0.707349 0.110383
v 0.461436 0.693845 0.109383
v 0.458259 0.677914 0.108203
v 0.461436 0.661984 0.107023
v 0.470484 0.648480 0.106023
v 0.484026 0.639456 0.105354
v 0.500000 0.636287 0.105120
v 0.515974 0.639456 0.105354
v 0.529516 0.648480 0.106023
v 0.538564 0.661984 0.107023
v 0.541600 0.678855 0.094665
v 0.538434 0.694741 0.095695
v 0.529416 0.708209 0.096568
v 0.515920 0.717208 0.097151
v 0.500000 0.720368 0.097356
v 0.484080 0.717208 0.097151
v 0.470584 0.708209 0.096568
v 0.461566 0.694741 0.095695
v 0.458400 0.678855 0.094665
v 0.461566 0.662968 0.093636
v 0.470584 0.649500 0.092763
v 0.484080 0.640501 0.092179
v 0.500000 0.637341 0.091975
v 0.515920 0.640501 0.092179
v 0.529416 0.649500 0.092763
v 0.538434 0.662968 0.093636
v 0.541459 0.679669 0.081128
v 0.538303 0.695511 0.082008
v 0.529316 0.708940 0.082754
v 0.515866 0.717914 0.083252
v 0.500000 0.721065 0.083427
v 0.484134 0.717914 0.083252
v 0.470684 0.708940 0.082754
v 0.461697 0.695511 0.082008
v 0.458541 0.679669 0.081128
v 0.461697 0.663828 0.080248
v 0.470684 0.650398 0.079501
v 0.484134 0.641425 0.079003
v 0.500000 0.638274 0.078828
v 0.515866 0.641425 0.079003
v 0.529316 0.650398 0.079501
v 0.538303 0.663828 0.080248
v 0.541318 0.680359 0.067590
v 0.538173 0.696154 0.068321
v 0.529216 0.709544 0.068941
v 0.515812 0.718491 0.069355
v 0.500000 0.721633 0.069501
v 0.484188 0.718491 0.069355
v 0.470784 0.709544 0.068941
v 0.461827 0.696154 0.068321
v 0.458682 0.680359 0.067590
v 0.461827 0.664564 0.066859
v 0.470784 0.651174 0.066239
v 0.484188 0.642227 0.065824
v 0.500000 0.639085 0.065679
v 0.515812 0.642227 0.065824
v 0.529216 0.651174 0.066239
v 0.538173 0.664564 0.066859
v 0.541177 0.680923 0.054052
v 0.538043 0.696670 0.054635
v 0.529117 0.710020 0.055130
v 0.515758 0.718940 0.055460
v 0.500000 0.722072 0.055576
v 0.484242 0.718940 0.055460
v 0.470883 0.710020 0.055130
v 0.461957 0.696670 0.054635
v 0.458823 0.680923 0.054052
v 0.461957 0.665176 0.053469
v 0.470883 0.651826 0.052974
v 0.484242 0.642906 0.052644
v 0.500000 0.639774 0.052528
v 0.515758 0.642906 0.052644
v 0.529117 0.651826 0.052974
v 0.538043 0.665176 0.053469
v 0.541036 0.681362 0.040514
v 0.537913 0.697059 0.040950
v 0.529017 0.710367 0.041320
v 0.515704 0.719259 0.041567
v 0.500000 0.722382 0.041654
v 0.484296 0.719259 0.041567
v 0.470983 0.710367 0.041320
v 0.462087 0.697059 0.040950
v 0.458964 0.681362 0.040514
v 0.462087 0.665664 0.040078
v 0.470983 0.652356 0.039709
v 0.484296 0.643464 0.039462
v 0.500000 0.640341 0.039375
v 0.515704 0.643464 0.039462
v 0.529017 0.652356 0.039709
v 0.537913 0.665664 0.040078
v 0.540895 0.681675 0.026977
v 0.537782 0.697322 0.027266
v 0.528917 0.710587 0.027512
v 0.515650 0.719451 0.027676
v 0.500000 0.722563 0.027734
v 0.484350 0.719451 0.027676
v 0.471083 0.710587 0.027512
v 0.462218 0.697322 0.027266
v 0.459105 0.681675 0.026977
v 0.462218 0.666028 0.026687
v 0.471083 0.652763 0.026441
v 0.484350 0.643899 0.026277
v 0.500000 0.640787 0.026220
v 0.515650 0.643899 0.026277
v 0.528917 0.652763 0.026441
v 0.537782 0.666028 0.026687
v 0.540754 0.681863 0.013439
v 0.537652 0.697458 0.013583
v 0.528818 0.710679 0.013706
v 0.515596 0.719513 0.013788
v 0.500000 0.722615 0.013816
v 0.484404 0.719513 0.013788
v 0.471182 0.710679 0.013706
v 0.462348 0.697458 0.013583
v 0.459246 0.681863 0.013439
v 0.462348 0.666268 0.013295
v 0.471182 0.653047 0.013172
v 0.484404 0.644213 0.013090
v 0.500000 0.641111 0.013062
v 0.515596 0.644213 0.013090
v 0.528818 0.653047 0.013172
v 0.537652 0.666268 0.013295
v 0.540614 0.681926 0.000003
v 0.537523 0.697468 0.000004
v 0.528719 0.710644 0.000005
v 0.515542 0.719448 0.000005
v 0.500000 0.722540 0.000006
v 0.484458 0.719448 0.000005
v 0.471281 0.710644 0.000005
v 0.462477 0.697468 0.000004
v 0.459386 0.681926 0.000003
v 0.462477 0.666383 0.000002
v 0.471281 0.653207 0.000001
v 0.484458 0.644403 0.000000
v 0.500000 0.641311 0.000000
v 0.515542 0.644403 0.000000
v 0.528719 0.653207 0.000001
v 0.537523 0.666383 0.000002
v 0.500000 0.681926 0.000003
vt 0.250000 0.750000
vt 0.250000 0.684375
vt 0.281250 0.684375
vt 0.281250 0.750000
vt 0.312500 0.684375
vt 0.312500 0.750000
vt 0.343750 0.684375
vt 0.343750 0.750000
vt 0.375000 0.684375
vt 0.375000 0.750000
vt 0.406250 0.684375
vt 0.406250 0.750000
vt 0.437500 0.684375
vt 0.437500 0.750000
vt 0.468750 0.684375
vt 0.468750 0.750000
vt 0.500000 0.684375
vt 0.500000 0.750000
vt 0.531250 0.684375
vt 0.531250 0.750000
vt 0.562500 0.684375
vt 0.562500 0.750000
vt 0.593750 0.684375
vt 0.593750 0.750000
vt 0.625000 0.684375
vt 0.625000 0.750000
vt 0.656250 0.684375
vt 0.656250 0.750000
vt 0.687500 0.684375
vt 0.687500 0.750000
vt 0.718750 0.684375
vt 0.718750 0.750000
vt 0.750000 0.684375
vt 0.750000 0.750000
vt 0.500000 0.500000
vt 0.700000 0.500000
vt 0.684776 0.423463
vt 0.641421 0.358579
vt 0.576537 0.315224
vt 0.500000 0.300000
vt 0.423463 0.315224
vt 0.358579 0.358579
vt 0.315224 0.423463
vt 0.300000 0.500000
vt 0.315224 0.576537
vt 0.358579 0.641421
vt 0.423463 0.684776
vt 0.500000 0.700000
vt 0.576537 0.684776
vt 0.641421 0.641421
vt 0.684776 0.576537
vt 0.250000 0.710039
vt 0.281250 0.710039
vt 0.312500 0.710039
vt 0.343750 0.710039
vt 0.375000 0.710039
vt 0.406250 0.710039
vt 0.437500 0.710039
vt 0.468750 0.710039
vt 0.500000 0.710039
vt 0.531250 0.710039
vt 0.562500 0.710039
vt 0.593750 0.710039
vt 0.625000 0.710039
vt 0.656250 0.710039
vt 0.687500 0.710039
vt 0.718750 0.710039
vt 0.750000 0.710039
vt 0.250000 0.660281
vt 0.281250 0.660281
vt 0.312500 0.660281
vt 0.343750 0.660281
vt 0.375000 0.660281
vt 0.406250 0.660281
vt 0.437500 0.660281
vt 0.468750 0.660281
vt 0.500000 0.660281
vt 0.531250 0.660281
vt 0.562500 0.660281
vt 0.593750 0.660281
vt 0.625000 0.660281
vt 0.656250 0.660281
vt 0.687500 0.660281
vt 0.718750 0.660281
vt 0.750000 0.660281
vt 0.250000 0.610732
vt 0.281250 0.610732
vt 0.312500 0.610732
vt 0.343750 0.610732
vt 0.375000 0.610732
vt 0.406250 0.610732
vt 0.437500 0.610732
vt 0.468750 0.610732
vt 0.500000 0.610732
vt 0.531250 0.610732
vt 0.562500 0.610732
vt 0.593750 0.610732
vt 0.625000 0.610732
vt 0.656250 0.610732
vt 0.687500 0.610732
vt 0.718750 0.610732
vt 0.750000 0.610732
vt 0.250000 0.561391
vt 0.281250 0.561391
vt 0.312500 0.561391
vt 0.343750 0.561391
vt 0.375000 0.561391
vt 0.406250 0.561391
vt 0.437500 0.561391
vt 0.468750 0.561391
vt 0.500000 0.561391
vt 0.531250 0.561391
vt 0.562500 0.561391
vt 0.593750 0.561391
vt 0.625000 0.561391
vt 0.656250 0.561391
vt 0.687500 0.561391
vt 0.718750 0.561391
vt 0.750000 0.561391
vt 0.250000 0.512256
vt 0.281250 0.512256
vt 0.312500 0.512256
vt 0.343750 0.512256
vt 0.375000 0.512256
vt 0.406250 0.512256
vt 0.437500 0.512256
vt 0.468750 0.512256
vt 0.500000 0.512256
vt 0.531250 0.512256
vt 0.562500 0.512256
vt 0.593750 0.512256
vt 0.625000 0.512256
vt 0.656250 0.512256
vt 0.687500 0.512256
vt 0.718750 0.512256
vt 0.750000 0.512256
vt 0.250000 0.463324
vt 0.281250 0.463324
vt 0.312500 0.463324
vt 0.343750 0.463324
vt 0.375000 0.463324
vt 0.406250 0.463324
vt 0.437500 0.463324
vt 0.468750 0.463324
vt 0.500000 0.463324
vt 0.531250 0.463324
vt 0.562500 0.463324
vt 0.593750 0.463324
vt 0.625000 0.463324
vt 0.656250 0.463324
vt 0.687500 0.463324
vt 0.718750 0.463324
vt 0.750000 0.463324
vt 0.250000 0.414593
vt 0.281250 0.414593
vt 0.312500 0.414593
vt 0.343750 0.414593
vt 0.375000 0.414593
vt 0.406250 0.414593
vt 0.437500 0.414593
vt 0.468750 0.414593
vt 0.500000 0.414593
vt 0.531250 0.414593
vt 0.562500 0.414593
vt 0.593750 0.414593
vt 0.625000 0.414593
vt 0.656250 0.414593
vt 0.687500 0.414593
vt 0.718750 0.414593
vt 0.750000 0.414593
vt 0.250000 0.366061
vt 0.281250 0.366061
vt 0.312500 0.366061
vt 0.343750 0.366061
vt 0.375000 0.366061
vt 0.406250 0.366061
vt 0.437500 0.366061
vt 0.468750 0.366061
vt 0.500000 0.366061
vt 0.531250 0.366061
vt 0.562500 0.366061
vt 0.593750 0.366061
vt 0.625000 0.366061
vt 0.656250 0.366061
vt 0.687500 0.366061
vt 0.718750 0.366061
vt 0.750000 0.366061
vt 0.250000 0.317726
vt 0.281250 0.317726
vt 0.312500 0.317726
vt 0.343750 0.317726
vt 0.375000 0.317726
vt 0.406250 0.317726
vt 0.437500 0.317726
vt 0.468750 0.317726
vt 0.500000 0.317726
vt 0.531250 0.317726
vt 0.562500 0.317726
vt 0.593750 0.317726
vt 0.625000 0.317726
vt 0.656250 0.317726
vt 0.687500 0.317726
vt 0.718750 0.317726
vt 0.750000 0.317726
vt 0.250000 0.286597
vt 0.281250 0.286597
vt 0.312500 0.286597
vt 0.343750 0.286597
vt 0.375000 0.286597
vt 0.406250 0.286597
vt 0.437500 0.286597
vt 0.468750 0.286597
vt 0.500000 0.286597
vt 0.531250 0.286597
vt 0.562500 0.286597
vt 0.593750 0.286597
vt 0.625000 0.286597
vt 0.656250 0.286597
vt 0.687500 0.286597
vt 0.718750 0.286597
vt 0.750000 0.286597
vt 0.250000 0.269585
vt 0.281250 0.269585
vt 0.312500 0.269585
vt 0.343750 0.269585
vt 0.375000 0.269585
vt 0.406250 0.269585
vt 0.437500 0.269585
vt 0.468750 0.269585
vt 0.500000 0.269585
vt 0.531250 0.269585
vt 0.562500 0.269585
vt 0.593750 0.269585
vt 0.625000 0.269585
vt 0.656250 0.269585
vt 0.687500 0.269585
vt 0.718750 0.269585
vt 0.750000 0.269585
vt 0.250000 0.278363
vt 0.281250 0.278363
vt 0.312500 0.278363
vt 0.343750 0.278363
vt 0.375000 0.278363
vt 0.406250 0.278363
vt 0.437500 0.278363
vt 0.468750 0.278363
vt 0.500000 0.278363
vt 0.531250 0.278363
vt 0.562500 0.278363
vt 0.593750 0.278363
vt 0.625000 0.278363
vt 0.656250 0.278363
vt 0.687500 0.278363
vt 0.718750 0.278363
vt 0.750000 0.278363
vt 0.250000 0.326122
vt 0.281250 0.326122
vt 0.312500 0.326122
vt 0.343750 0.326122
vt 0.375000 0.326122
vt 0.406250 0.326122
vt 0.437500 0.326122
vt 0.468750 0.326122
vt 0.500000 0.326122
vt 0.531250 0.326122
vt 0.562500 0.326122
vt 0.593750 0.326122
vt 0.625000 0.326122
vt 0.656250 0.326122
vt 0.687500 0.326122
vt 0.718750 0.326122
vt 0.750000 0.326122
vt 0.250000 0.373694
vt 0.281250 0.373694
vt 0.312500 0.373694
vt 0.343750 0.373694
vt 0.375000 0.373694
vt 0.406250 0.373694
vt 0.437500 0.373694
vt 0.468750 0.373694
vt 0.500000 0.373694
vt 0.531250 0.373694
vt 0.562500 0.373694
vt 0.593750 0.373694
vt 0.625000 0.373694
vt 0.656250 0.373694
vt 0.687500 0.373694
vt 0.718750 0.373694
vt 0.750000 0.373694
vt 0.250000 0.421080
vt 0.281250 0.421080
vt 0.312500 0.421080
vt 0.343750 0.421080
vt 0.375000 0.421080
vt 0.406250 0.421080
vt 0.437500 0.421080
vt 0.468750 0.421080
vt 0.500000 0.421080
vt 0.531250 0.421080
vt 0.562500 0.421080
vt 0.593750 0.421080
vt 0.625000 0.421080
vt 0.656250 0.421080
vt 0.687500 0.421080
vt 0.718750 0.421080
vt 0.750000 0.421080
vt 0.250000 0.468284
vt 0.281250 0.468284
vt 0.312500 0.468284
vt 0.343750 0.468284
vt 0.375000 0.468284
vt 0.406250 0.468284
vt 0.437500 0.468284
vt 0.468750 0.468284
vt 0.500000 0.468284
vt 0.531250 0.468284
vt 0.562500 0.468284
vt 0.593750 0.468284
vt 0.625000 0.468284
vt 0.656250 0.468284
vt 0.687500 0.468284
vt 0.718750 0.468284
vt 0.750000 0.468284
vt 0.250000 0.515308
vt 0.281250 0.515308
vt 0.312500 0.515308
vt 0.343750 0.515308
vt 0.375000 0.515308
vt 0.406250 0.515308
vt 0.437500 0.515308
vt 0.468750 0.515308
vt 0.500000 0.515308
vt 0.531250 0.515308
vt 0.562500 0.515308
vt 0.593750 0.515308
vt 0.625000 0.515308
vt 0.656250 0.515308
vt 0.687500 0.515308
vt 0.718750 0.515308
vt 0.750000 0.515308
vt 0.250000 0.562155
vt 0.281250 0.562155
vt 0.312500 0.562155
vt 0.343750 0.562155
vt 0.375000 0.562155
vt 0.406250 0.562155
vt 0.437500 0.562155
vt 0.468750 0.562155
vt 0.500000 0.562155
vt 0.531250 0.562155
vt 0.562500 0.562155
vt 0.593750 0.562155
vt 0.625000 0.562155
vt 0.656250 0.562155
vt 0.687500 0.562155
vt 0.718750 0.562155
vt 0.750000 0.562155
vt 0.250000 0.608826
vt 0.281250 0.608826
vt 0.312500 0.608826
vt 0.343750 0.608826
vt 0.375000 0.608826
vt 0.406250 0.608826
vt 0.437500 0.608826
vt 0.468750 0.608826
vt 0.500000 0.608826
vt 0.531250 0.608826
vt 0.562500 0.608826
vt 0.593750 0.608826
vt 0.625000 0.608826
vt 0.656250 0.608826
vt 0.687500 0.608826
vt 0.718750 0.608826
vt 0.750000 0.608826
vt 0.250000 0.655325
vt 0.281250 0.655325
vt 0.312500 0.655325
vt 0.343750 0.655325
vt 0.375000 0.655325
vt 0.406250 0.655325
vt 0.437500 0.655325
vt 0.468750 0.655325
vt 0.500000 0.655325
vt 0.531250 0.655325
vt 0.562500 0.655325
vt 0.593750 0.655325
vt 0.625000 0.655325
vt 0.656250 0.655325
vt 0.687500 0.655325
vt 0.718750 0.655325
vt 0.750000 0.655325
vt 0.250000 0.701654
vt 0.281250 0.701654
vt 0.312500 0.701654
vt 0.343750 0.701654
vt 0.375000 0.701654
vt 0.406250 0.701654
vt 0.437500 0.701654
vt 0.468750 0.701654
vt 0.500000 0.701654
vt 0.531250 0.701654
vt 0.562500 0.701654
vt 0.593750 0.701654
vt 0.625000 0.701654
vt 0.656250 0.701654
vt 0.687500 0.701654
vt 0.718750 0.701654
vt 0.750000 0.701654
vt 0.250000 0.747815
vt 0.281250 0.747815
vt 0.312500 0.747815
vt 0.343750 0.747815
vt 0.375000 0.747815
vt 0.406250 0.747815
vt 0.437500 0.747815
vt 0.468750 0.747815
vt 0.500000 0.747815
vt 0.531250 0.747815
vt 0.562500 0.747815
vt 0.593750 0.747815
vt 0.625000 0.747815
vt 0.656250 0.747815
vt 0.687500 0.747815
vt 0.718750 0.747815
vt 0.750000 0.747815
vt 0.250000 0.706188
vt 0.281250 0.706188
vt 0.312500 0.706188
vt 0.343750 0.706188
vt 0.375000 0.706188
vt 0.406250 0.706188
vt 0.437500 0.706188
vt 0.468750 0.706188
vt 0.500000 0.706188
vt 0.531250 0.706188
vt 0.562500 0.706188
vt 0.593750 0.706188
vt 0.625000 0.706188
vt 0.656250 0.706188
vt 0.687500 0.706188
vt 0.718750 0.706188
vt 0.750000 0.706188
vt 0.250000 0.660353
vt 0.281250 0.660353
vt 0.312500 0.660353
vt 0.343750 0.660353
vt 0.375000 0.660353
vt 0.406250 0.660353
vt 0.437500 0.660353
vt 0.468750 0.660353
vt 0.500000 0.660353
vt 0.531250 0.660353
vt 0.562500 0.660353
vt 0.593750 0.660353
vt 0.625000 0.660353
vt 0.656250 0.660353
vt 0.687500 0.660353
vt 0.718750 0.660353
vt 0.750000 0.660353
vt 0.250000 0.614678
vt 0.281250 0.614678
vt 0.312500 0.614678
vt 0.343750 0.614678
vt 0.375000 0.614678
vt 0.406250 0.614678
vt 0.437500 0.614678
vt 0.468750 0.614678
vt 0.500000 0.614678
vt 0.531250 0.614678
vt 0.562500 0.614678
vt 0.593750 0.614678
vt 0.625000 0.614678
vt 0.656250 0.614678
vt 0.687500 0.614678
vt 0.718750 0.614678
vt 0.750000 0.614678
vt 0.250000 0.569160
vt 0.281250 0.569160
vt 0.312500 0.569160
vt 0.343750 0.569160
vt 0.375000 0.569160
vt 0.406250 0.569160
vt 0.437500 0.569160
vt 0.468750 0.569160
vt 0.500000 0.569160
vt 0.531250 0.569160
vt 0.562500 0.569160
vt 0.593750 0.569160
vt 0.625000 0.569160
vt 0.656250 0.569160
vt 0.687500 0.569160
vt 0.718750 0.569160
vt 0.750000 0.569160
vt 0.250000 0.523795
vt 0.281250 0.523795
vt 0.312500 0.523795
vt 0.343750 0.523795
vt 0.375000 0.523795
vt 0.406250 0.523795
vt 0.437500 0.523795
vt 0.468750 0.523795
vt 0.500000 0.523795
vt 0.531250 0.523795
vt 0.562500 0.523795
vt 0.593750 0.523795
vt 0.625000 0.523795
vt 0.656250 0.523795
vt 0.687500 0.523795
vt 0.718750 0.523795
vt 0.750000 0.523795
vt 0.250000 0.478581
vt 0.281250 0.478581
vt 0.312500 0.478581
vt 0.343750 0.478581
vt 0.375000 0.478581
vt 0.406250 0.478581
vt 0.437500 0.478581
vt 0.468750 0.478581
vt 0.500000 0.478581
vt 0.531250 0.478581
vt 0.562500 0.478581
vt 0.593750 0.478581
vt 0.625000 0.478581
vt 0.656250 0.478581
vt 0.687500 0.478581
vt 0.718750 0.478581
vt 0.750000 0.478581
vt 0.250000 0.433516
vt 0.281250 0.433516
vt 0.312500 0.433516
vt 0.343750 0.433516
vt 0.375000 0.433516
vt 0.406250 0.433516
vt 0.437500 0.433516
vt 0.468750 0.433516
vt 0.500000 0.433516
vt 0.531250 0.433516
vt 0.562500 0.433516
vt 0.593750 0.433516
vt 0.625000 0.433516
vt 0.656250 0.433516
vt 0.687500 0.433516
vt 0.718750 0.433516
vt 0.750000 0.433516
vt 0.250000 0.388597
vt 0.281250 0.388597
vt 0.312500 0.388597
vt 0.343750 0.388597
vt 0.375000 0.388597
vt 0.406250 0.388597
vt 0.437500 0.388597
vt 0.468750 0.388597
vt 0.500000 0.388597
vt 0.531250 0.388597
vt 0.562500 0.388597
vt 0.593750 0.388597
vt 0.625000 0.388597
vt 0.656250 0.388597
vt 0.687500 0.388597
vt 0.718750 0.388597
vt 0.750000 0.388597
vt 0.250000 0.343820
vt 0.281250 0.343820
vt 0.312500 0.343820
vt 0.343750 0.343820
vt 0.375000 0.343820
vt 0.406250 0.343820
vt 0.437500 0.343820
vt 0.468750 0.343820
vt 0.500000 0.343820
vt 0.531250 0.343820
vt 0.562500 0.343820
vt 0.593750 0.343820
vt 0.625000 0.343820
vt 0.656250 0.343820
vt 0.687500 0.343820
vt 0.718750 0.343820
vt 0.750000 0.343820
vt 0.250000 0.299183
vt 0.281250 0.299183
vt 0.312500 0.299183
vt 0.343750 0.299183
vt 0.375000 0.299183
vt 0.406250 0.299183
vt 0.437500 0.299183
vt 0.468750 0.299183
vt 0.500000 0.299183
vt 0.531250 0.299183
vt 0.562500 0.299183
vt 0.593750 0.299183
vt 0.625000 0.299183
vt 0.656250 0.299183
vt 0.687500 0.299183
vt 0.718750 0.299183
vt 0.750000 0.299183
vt 0.250000 0.254683
vt 0.281250 0.254683
vt 0.312500 0.254683
vt 0.343750 0.254683
vt 0.375000 0.254683
vt 0.406250 0.254683
vt 0.437500 0.254683
vt 0.468750 0.254683
vt 0.500000 0.254683
vt 0.531250 0.254683
vt 0.562500 0.254683
vt 0.593750 0.254683
vt 0.625000 0.254683
vt 0.656250 0.254683
vt 0.687500 0.254683
vt 0.718750 0.254683
vt 0.750000 0.254683
vt 0.250000 0.289683
vt 0.281250 0.289683
vt 0.312500 0.289683
vt 0.343750 0.289683
vt 0.375000 0.289683
vt 0.406250 0.289683
vt 0.437500 0.289683
vt 0.468750 0.289683
vt 0.500000 0.289683
vt 0.531250 0.289683
vt 0.562500 0.289683
vt 0.593750 0.289683
vt 0.625000 0.289683
vt 0.656250 0.289683
vt 0.687500 0.289683
vt 0.718750 0.289683
vt 0.750000 0.289683
vt 0.250000 0.333918
vt 0.281250 0.333918
vt 0.312500 0.333918
vt 0.343750 0.333918
vt 0.375000 0.333918
vt 0.406250 0.333918
vt 0.437500 0.333918
vt 0.468750 0.333918
vt 0.500000 0.333918
vt 0.531250 0.333918
vt 0.562500 0.333918
vt 0.593750 0.333918
vt 0.625000 0.333918
vt 0.656250 0.333918
vt 0.687500 0.333918
vt 0.718750 0.333918
vt 0.750000 0.333918
vt 0.250000 0.378025
vt 0.281250 0.378025
vt 0.312500 0.378025
vt 0.343750 0.378025
vt 0.375000 0.378025
vt 0.406250 0.378025
vt 0.437500 0.378025
vt 0.468750 0.378025
vt 0.500000 0.378025
vt 0.531250 0.378025
vt 0.562500 0.378025
vt 0.593750 0.378025
vt 0.625000 0.378025
vt 0.656250 0.378025
vt 0.687500 0.378025
vt 0.718750 0.378025
vt 0.750000 0.378025
vt 0.250000 0.422007
vt 0.281250 0.422007
vt 0.312500 0.422007
vt 0.343750 0.422007
vt 0.375000 0.422007
vt 0.406250 0.422007
vt 0.437500 0.422007
vt 0.468750 0.422007
vt 0.500000 0.422007
vt 0.531250 0.422007
vt 0.562500 0.422007
vt 0.593750 0.422007
vt 0.625000 0.422007
vt 0.656250 0.422007
vt 0.687500 0.422007
vt 0.718750 0.422007
vt 0.750000 0.422007
vt 0.250000 0.465867
vt 0.281250 0.465867
vt 0.312500 0.465867
vt 0.343750 0.465867
vt 0.375000 0.465867
vt 0.406250 0.465867
vt 0.437500 0.465867
vt 0.468750 0.465867
vt 0.500000 0.465867
vt 0.531250 0.465867
vt 0.562500 0.465867
vt 0.593750 0.465867
vt 0.625000 0.465867
vt 0.656250 0.465867
vt 0.687500 0.465867
vt 0.718750 0.465867
vt 0.750000 0.465867
vt 0.250000 0.509608
vt 0.281250 0.509608
vt 0.312500 0.509608
vt 0.343750 0.509608
vt 0.375000 0.509608
vt 0.406250 0.509608
vt 0.437500 0.509608
vt 0.468750 0.509608
vt 0.500000 0.509608
vt 0.531250 0.509608
vt 0.562500 0.509608
vt 0.593750 0.509608
vt 0.625000 0.509608
vt 0.656250 0.509608
vt 0.687500 0.509608
vt 0.718750 0.509608
vt 0.750000 0.509608
vt 0.250000 0.553233
vt 0.281250 0.553233
vt 0.312500 0.553233
vt 0.343750 0.553233
vt 0.375000 0.553233
vt 0.406250 0.553233
vt 0.437500 0.553233
vt 0.468750 0.553233
vt 0.500000 0.553233
vt 0.531250 0.553233
vt 0.562500 0.553233
vt 0.593750 0.553233
vt 0.625000 0.553233
vt 0.656250 0.553233
vt 0.687500 0.553233
vt 0.718750 0.553233
vt 0.750000 0.553233
vt 0.250000 0.596745
vt 0.281250 0.596745
vt 0.312500 0.596745
vt 0.343750 0.596745
vt 0.375000 0.596745
vt 0.406250 0.596745
vt 0.437500 0.596745
vt 0.468750 0.596745
vt 0.500000 0.596745
vt 0.531250 0.596745
vt 0.562500 0.596745
vt 0.593750 0.596745
vt 0.625000 0.596745
vt 0.656250 0.596745
vt 0.687500 0.596745
vt 0.718750 0.596745
vt 0.750000 0.596745
vt 0.250000 0.640148
vt 0.281250 0.640148
vt 0.312500 0.640148
vt 0.343750 0.640148
vt 0.375000 0.640148
vt 0.406250 0.640148
vt 0.437500 0.640148
vt 0.468750 0.640148
vt 0.500000 0.640148
vt 0.531250 0.640148
vt 0.562500 0.640148
vt 0.593750 0.640148
vt 0.625000 0.640148
vt 0.656250 0.640148
vt 0.687500 0.640148
vt 0.718750 0.640148
vt 0.750000 0.640148
vt 0.250000 0.683444
vt 0.281250 0.683444
vt 0.312500 0.683444
vt 0.343750 0.683444
vt 0.375000 0.683444
vt 0.406250 0.683444
vt 0.437500 0.683444
vt 0.468750 0.683444
vt 0.500000 0.683444
vt 0.531250 0.683444
vt 0.562500 0.683444
vt 0.593750 0.683444
vt 0.625000 0.683444
vt 0.656250 0.683444
vt 0.687500 0.683444
vt 0.718750 0.683444
vt 0.750000 0.683444
vt 0.250000 0.726637
vt 0.281250 0.726637
vt 0.312500 0.726637
vt 0.343750 0.726637
vt 0.375000 0.726637
vt 0.406250 0.726637
vt 0.437500 0.726637
vt 0.468750 0.726637
vt 0.500000 0.726637
vt 0.531250 0.726637
vt 0.562500 0.726637
vt 0.593750 0.726637
vt 0.625000 0.726637
vt 0.656250 0.726637
vt 0.687500 0.726637
vt 0.718750 0.726637
vt 0.750000 0.726637
vt 0.250000 0.730270
vt 0.281250 0.730270
vt 0.312500 0.730270
vt 0.343750 0.730270
vt 0.375000 0.730270
vt 0.406250 0.730270
vt 0.437500 0.730270
vt 0.468750 0.730270
vt 0.500000 0.730270
vt 0.531250 0.730270
vt 0.562500 0.730270
vt 0.593750 0.730270
vt 0.625000 0.730270
vt 0.656250 0.730270
vt 0.687500 0.730270
vt 0.718750 0.730270
vt 0.750000 0.730270
vt 0.250000 0.687274
vt 0.281250 0.687274
vt 0.312500 0.687274
vt 0.343750 0.687274
vt 0.375000 0.687274
vt 0.406250 0.687274
vt 0.437500 0.687274
vt 0.468750 0.687274
vt 0.500000 0.687274
vt 0.531250 0.687274
vt 0.562500 0.687274
vt 0.593750 0.687274
vt 0.625000 0.687274
vt 0.656250 0.687274
vt 0.687500 0.687274
vt 0.718750 0.687274
vt 0.750000 0.687274
vt 0.250000 0.644371
vt 0.281250 0.644371
vt 0.312500 0.644371
vt 0.343750 0.644371
vt 0.375000 0.644371
vt 0.406250 0.644371
vt 0.437500 0.644371
vt 0.468750 0.644371
vt 0.500000 0.644371
vt 0.531250 0.644371
vt 0.562500 0.644371
vt 0.593750 0.644371
vt 0.625000 0.644371
vt 0.656250 0.644371
vt 0.687500 0.644371
vt 0.718750 0.644371
vt 0.750000 0.644371
vt 0.250000 0.601559
vt 0.281250 0.601559
vt 0.312500 0.601559
vt 0.343750 0.601559
vt 0.375000 0.601559
vt 0.406250 0.601559
vt 0.437500 0.601559
vt 0.468750 0.601559
vt 0.500000 0.601559
vt 0.531250 0.601559
vt 0.562500 0.601559
vt 0.593750 0.601559
vt 0.625000 0.601559
vt 0.656250 0.601559
vt 0.687500 0.601559
vt 0.718750 0.601559
vt 0.750000 0.601559
vt 0.250000 0.558833
vt 0.281250 0.558833
vt 0.312500 0.558833
vt 0.343750 0.558833
vt 0.375000 0.558833
vt 0.406250 0.558833
vt 0.437500 0.558833
vt 0.468750 0.558833
vt 0.500000 0.558833
vt 0.531250 0.558833
vt 0.562500 0.558833
vt 0.593750 0.558833
vt 0.625000 0.558833
vt 0.656250 0.558833
vt 0.687500 0.558833
vt 0.718750 0.558833
vt 0.750000 0.558833
vt 0.250000 0.516192
vt 0.281250 0.516192
vt 0.312500 0.516192
vt 0.343750 0.516192
vt 0.375000 0.516192
vt 0.406250 0.516192
vt 0.437500 0.516192
vt 0.468750 0.516192
vt 0.500000 0.516192
vt 0.531250 0.516192
vt 0.562500 0.516192
vt 0.593750 0.516192
vt 0.625000 0.516192
vt 0.656250 0.516192
vt 0.687500 0.516192
vt 0.718750 0.516192
vt 0.750000 0.516192
vt 0.250000 0.473630
vt 0.281250 0.473630
vt 0.312500 0.473630
vt 0.343750 0.473630
vt 0.375000 0.473630
vt 0.406250 0.473630
vt 0.437500 0.473630
vt 0.468750 0.473630
vt 0.500000 0.473630
vt 0.531250 0.473630
vt 0.562500 0.473630
vt 0.593750 0.473630
vt 0.625000 0.473630
vt 0.656250 0.473630
vt 0.687500 0.473630
vt 0.718750 0.473630
vt 0.750000 0.473630
vt 0.250000 0.431146
vt 0.281250 0.431146
vt 0.312500 0.431146
vt 0.343750 0.431146
vt 0.375000 0.431146
vt 0.406250 0.431146
vt 0.437500 0.431146
vt 0.468750 0.431146
vt 0.500000 0.431146
vt 0.531250 0.431146
vt 0.562500 0.431146
vt 0.593750 0.431146
vt 0.625000 0.431146
vt 0.656250 0.431146
vt 0.687500 0.431146
vt 0.718750 0.431146
vt 0.750000 0.431146
vt 0.250000 0.388735
vt 0.281250 0.388735
vt 0.312500 0.388735
vt 0.343750 0.388735
vt 0.375000 0.388735
vt 0.406250 0.388735
vt 0.437500 0.388735
vt 0.468750 0.388735
vt 0.500000 0.388735
vt 0.531250 0.388735
vt 0.562500 0.388735
vt 0.593750 0.388735
vt 0.625000 0.388735
vt 0.656250 0.388735
vt 0.687500 0.388735
vt 0.718750 0.388735
vt 0.750000 0.388735
vt 0.250000 0.346395
vt 0.281250 0.346395
vt 0.312500 0.346395
vt 0.343750 0.346395
vt 0.375000 0.346395
vt 0.406250 0.346395
vt 0.437500 0.346395
vt 0.468750 0.346395
vt 0.500000 0.346395
vt 0.531250 0.346395
vt 0.562500 0.346395
vt 0.593750 0.346395
vt 0.625000 0.346395
vt 0.656250 0.346395
vt 0.687500 0.346395
vt 0.718750 0.346395
vt 0.750000 0.346395
vt 0.250000 0.304121
vt 0.281250 0.304121
vt 0.312500 0.304121
vt 0.343750 0.304121
vt 0.375000 0.304121
vt 0.406250 0.304121
vt 0.437500 0.304121
vt 0.468750 0.304121
vt 0.500000 0.304121
vt 0.531250 0.304121
vt 0.562500 0.304121
vt 0.593750 0.304121
vt 0.625000 0.304121
vt 0.656250 0.304121
vt 0.687500 0.304121
vt 0.718750 0.304121
vt 0.750000 0.304121
vt 0.250000 0.261911
vt 0.281250 0.261911
vt 0.312500 0.261911
vt 0.343750 0.261911
vt 0.375000 0.261911
vt 0.406250 0.261911
vt 0.437500 0.261911
vt 0.468750 0.261911
vt 0.500000 0.261911
vt 0.531250 0.261911
vt 0.562500 0.261911
vt 0.593750 0.261911
vt 0.625000 0.261911
vt 0.656250 0.261911
vt 0.687500 0.261911
vt 0.718750 0.261911
vt 0.750000 0.261911
vt 0.250000 0.280239
vt 0.281250 0.280239
vt 0.312500 0.280239
vt 0.343750 0.280239
vt 0.375000 0.280239
vt 0.406250 0.280239
vt 0.437500 0.280239
vt 0.468750 0.280239
vt 0.500000 0.280239
vt 0.531250 0.280239
vt 0.562500 0.280239
vt 0.593750 0.280239
vt 0.625000 0.280239
vt 0.656250 0.280239
vt 0.687500 0.280239
vt 0.718750 0.280239
vt 0.750000 0.280239
vt 0.250000 0.322332
vt 0.281250 0.322332
vt 0.312500 0.322332
vt 0.343750 0.322332
vt 0.375000 0.322332
vt 0.406250 0.322332
vt 0.437500 0.322332
vt 0.468750 0.322332
vt 0.500000 0.322332
vt 0.531250 0.322332
vt 0.562500 0.322332
vt 0.593750 0.322332
vt 0.625000 0.322332
vt 0.656250 0.322332
vt 0.687500 0.322332
vt 0.718750 0.322332
vt 0.750000 0.322332
vt 0.250000 0.364373
vt 0.281250 0.364373
vt 0.312500 0.364373
vt 0.343750 0.364373
vt 0.375000 0.364373
vt 0.406250 0.364373
vt 0.437500 0.364373
vt 0.468750 0.364373
vt 0.500000 0.364373
vt 0.531250 0.364373
vt 0.562500 0.364373
vt 0.593750 0.364373
vt 0.625000 0.364373
vt 0.656250 0.364373
vt 0.687500 0.364373
vt 0.718750 0.364373
vt 0.750000 0.364373
vt 0.250000 0.406364
vt 0.281250 0.406364
vt 0.312500 0.406364
vt 0.343750 0.406364
vt 0.375000 0.406364
vt 0.406250 0.406364
vt 0.437500 0.406364
vt 0.468750 0.406364
vt 0.500000 0.406364
vt 0.531250 0.406364
vt 0.562500 0.406364
vt 0.593750 0.406364
vt 0.625000 0.406364
vt 0.656250 0.406364
vt 0.687500 0.406364
vt 0.718750 0.406364
vt 0.750000 0.406364
vt 0.250000 0.448309
vt 0.281250 0.448309
vt 0.312500 0.448309
vt 0.343750 0.448309
vt 0.375000 0.448309
vt 0.406250 0.448309
vt 0.437500 0.448309
vt 0.468750 0.448309
vt 0.500000 0.448309
vt 0.531250 0.448309
vt 0.562500 0.448309
vt 0.593750 0.448309
vt 0.625000 0.448309
vt 0.656250 0.448309
vt 0.687500 0.448309
vt 0.718750 0.448309
vt 0.750000 0.448309
vt 0.250000 0.490211
vt 0.281250 0.490211
vt 0.312500 0.490211
vt 0.343750 0.490211
vt 0.375000 0.490211
vt 0.406250 0.490211
vt 0.437500 0.490211
vt 0.468750 0.490211
vt 0.500000 0.490211
vt 0.531250 0.490211
vt 0.562500 0.490211
vt 0.593750 0.490211
vt 0.625000 0.490211
vt 0.656250 0.490211
vt 0.687500 0.490211
vt 0.718750 0.490211
vt 0.750000 0.490211
vt 0.250000 0.532074
vt 0.281250 0.532074
vt 0.312500 0.532074
vt 0.343750 0.532074
vt 0.375000 0.532074
vt 0.406250 0.532074
vt 0.437500 0.532074
vt 0.468750 0.532074
vt 0.500000 0.532074
vt 0.531250 0.532074
vt 0.562500 0.532074
vt 0.593750 0.532074
vt 0.625000 0.532074
vt 0.656250 0.532074
vt 0.687500 0.532074
vt 0.718750 0.532074
vt 0.750000 0.532074
vt 0.250000 0.573902
vt 0.281250 0.573902
vt 0.312500 0.573902
vt 0.343750 0.573902
vt 0.375000 0.573902
vt 0.406250 0.573902
vt 0.437500 0.573902
vt 0.468750 0.573902
vt 0.500000 0.573902
vt 0.531250 0.573902
vt 0.562500 0.573902
vt 0.593750 0.573902
vt 0.625000 0.573902
vt 0.656250 0.573902
vt 0.687500 0.573902
vt 0.718750 0.573902
vt 0.750000 0.573902
vt 0.250000 0.615697
vt 0.281250 0.615697
vt 0.312500 0.615697
vt 0.343750 0.615697
vt 0.375000 0.615697
vt 0.406250 0.615697
vt 0.437500 0.615697
vt 0.468750 0.615697
vt 0.500000 0.615697
vt 0.531250 0.615697
vt 0.562500 0.615697
vt 0.593750 0.615697
vt 0.625000 0.615697
vt 0.656250 0.615697
vt 0.687500 0.615697
vt 0.718750 0.615697
vt 0.750000 0.615697
vt 0.250000 0.657464
vt 0.281250 0.657464
vt 0.312500 0.657464
vt 0.343750 0.657464
vt 0.375000 0.657464
vt 0.406250 0.657464
vt 0.437500 0.657464
vt 0.468750 0.657464
vt 0.500000 0.657464
vt 0.531250 0.657464
vt 0.562500 0.657464
vt 0.593750 0.657464
vt 0.625000 0.657464
vt 0.656250 0.657464
vt 0.687500 0.657464
vt 0.718750 0.657464
vt 0.750000 0.657464
vt 0.250000 0.699206
vt 0.281250 0.699206
vt 0.312500 0.699206
vt 0.343750 0.699206
vt 0.375000 0.699206
vt 0.406250 0.699206
vt 0.437500 0.699206
vt 0.468750 0.699206
vt 0.500000 0.699206
vt 0.531250 0.699206
vt 0.562500 0.699206
vt 0.593750 0.699206
vt 0.625000 0.699206
vt 0.656250 0.699206
vt 0.687500 0.699206
vt 0.718750 0.699206
vt 0.750000 0.699206
vt 0.250000 0.740927
vt 0.281250 0.740927
vt 0.312500 0.740927
vt 0.343750 0.740927
vt 0.375000 0.740927
vt 0.406250 0.740927
vt 0.437500 0.740927
vt 0.468750 0.740927
vt 0.500000 0.740927
vt 0.531250 0.740927
vt 0.562500 0.740927
vt 0.593750 0.740927
vt 0.625000 0.740927
vt 0.656250 0.740927
vt 0.687500 0.740927
vt 0.718750 0.740927
vt 0.750000 0.740927
vt 0.250000 0.717370
vt 0.281250 0.717370
vt 0.312500 0.717370
vt 0.343750 0.717370
vt 0.375000 0.717370
vt 0.406250 0.717370
vt 0.437500 0.717370
vt 0.468750 0.717370
vt 0.500000 0.717370
vt 0.531250 0.717370
vt 0.562500 0.717370
vt 0.593750 0.717370
vt 0.625000 0.717370
vt 0.656250 0.717370
vt 0.687500 0.717370
vt 0.718750 0.717370
vt 0.750000 0.717370
vt 0.250000 0.675682
vt 0.281250 0.675682
vt 0.312500 0.675682
vt 0.343750 0.675682
vt 0.375000 0.675682
vt 0.406250 0.675682
vt 0.437500 0.675682
vt 0.468750 0.675682
vt 0.500000 0.675682
vt 0.531250 0.675682
vt 0.562500 0.675682
vt 0.593750 0.675682
vt 0.625000 0.675682
vt 0.656250 0.675682
vt 0.687500 0.675682
vt 0.718750 0.675682
vt 0.750000 0.675682
vt 0.250000 0.634004
vt 0.281250 0.634004
vt 0.312500 0.634004
vt 0.343750 0.634004
vt 0.375000 0.634004
vt 0.406250 0.634004
vt 0.437500 0.634004
vt 0.468750 0.634004
vt 0.500000 0.634004
vt 0.531250 0.634004
vt 0.562500 0.634004
vt 0.593750 0.634004
vt 0.625000 0.634004
vt 0.656250 0.634004
vt 0.687500 0.634004
vt 0.718750 0.634004
vt 0.750000 0.634004
vt 0.250000 0.592333
vt 0.281250 0.592333
vt 0.312500 0.592333
vt 0.343750 0.592333
vt 0.375000 0.592333
vt 0.406250 0.592333
vt 0.437500 0.592333
vt 0.468750 0.592333
vt 0.500000 0.592333
vt 0.531250 0.592333
vt 0.562500 0.592333
vt 0.593750 0.592333
vt 0.625000 0.592333
vt 0.656250 0.592333
vt 0.687500 0.592333
vt 0.718750 0.592333
vt 0.750000 0.592333
vt 0.250000 0.550979
vt 0.281250 0.550979
vt 0.312500 0.550979
vt 0.343750 0.550979
vt 0.375000 0.550979
vt 0.406250 0.550979
vt 0.437500 0.550979
vt 0.468750 0.550979
vt 0.500000 0.550979
vt 0.531250 0.550979
vt 0.562500 0.550979
vt 0.593750 0.550979
vt 0.625000 0.550979
vt 0.656250 0.550979
vt 0.687500 0.550979
vt 0.718750 0.550979
vt 0.750000 0.550979
vn 1.000000 0.000000 0.000000
vn 0.942015 0.335570 0.000000
vn 0.758183 0.652042 0.000000
vn 0.433932 0.900946 0.000000
vn 0.000000 1.000000 0.000000
vn -0.433932 0.900946 0.000000
vn -0.758183 0.652042 0.000000
vn -0.942015 0.335570 0.000000
vn -1.000000 0.000000 0.000000
vn -0.942015 -0.335570 0.000000
vn -0.758183 -0.652042 0.000000
vn -0.433932 -0.900946 0.000000
vn -0.000000 -1.000000 0.000000
vn 0.433932 -0.900946 0.000000
vn 0.758183 -0.652042 0.000000
vn 0.942015 -0.335570 0.000000
vn 0.000000 0.000000 1.000000
vn 0.000000 0.000000 -1.000000
vn 0.923880 0.319772 0.210220
vn 0.923880 0.316957 0.214441
vn 0.707107 0.590861 0.388437
vn 0.707107 0.587350 0.393725
vn 0.382683 0.771997 0.507517
vn 0.382683 0.768864 0.512251
vn 0.000000 0.835604 0.549332
vn 0.000000 0.832761 0.553632
vn -0.382683 0.771997 0.507517
vn -0.382683 0.768864 0.512251
vn -0.707107 0.590861 0.388437
vn -0.707107 0.587350 0.393725
vn -0.923880 0.319772 0.210220
vn -0.923880 0.316957 0.214441
vn -0.923880 -0.319772 -0.210220
vn -0.923880 -0.314737 -0.217686
vn -0.707107 -0.590861 -0.388437
vn -0.707107 -0.579770 -0.404805
vn -0.382683 -0.771997 -0.507517
vn -0.382683 -0.755922 -0.531164
vn -0.000000 -0.835604 -0.549332
vn -0.000000 -0.817598 -0.575790
vn 0.382683 -0.771997 -0.507517
vn 0.382683 -0.755922 -0.531164
vn 0.707107 -0.590861 -0.388437
vn 0.707107 -0.579770 -0.404805
vn 0.923880 -0.319772 -0.210220
vn 0.923880 -0.314737 -0.217686
vn 0.923880 0.321130 0.208140
vn 0.707107 0.593371 0.384592
vn 0.382683 0.775276 0.502494
vn 0.000000 0.839153 0.543895
vn -0.382683 0.775276 0.502494
vn -0.707107 0.593371 0.384592
vn -0.923880 0.321130 0.208140
vn -0.923880 -0.321130 -0.208140
vn -0.707107 -0.593371 -0.384592
vn -0.382683 -0.775276 -0.502494
vn -0.000000 -0.839153 -0.543895
vn 0.382683 -0.775276 -0.502494
vn 0.707107 -0.593371 -0.384592
vn 0.923880 -0.321130 -0.208140
vn 0.923880 0.322486 0.206033
vn 0.707107 0.595876 0.380699
vn 0.382683 0.778550 0.497407
vn 0.000000 0.842696 0.538389
vn -0.382683 0.778550 0.497407
vn -0.707107 0.595876 0.380699
vn -0.923880 0.322486 0.206033
vn -0.923880 -0.322486 -0.206033
vn -0.707107 -0.595876 -0.380699
vn -0.382683 -0.778550 -0.497407
vn -0.000000 -0.842696 -0.538389
vn 0.382683 -0.778550 -0.497407
vn 0.707107 -0.595876 -0.380699
vn 0.923880 -0.322486 -0.206033
vn 0.923880 0.323839 0.203899
vn 0.707107 0.598377 0.376756
vn 0.382683 0.781817 0.492255
vn 0.000000 0.846233 0.532813
vn -0.382683 0.781817 0.492255
vn -0.707107 0.598377 0.376756
vn -0.923880 0.323839 0.203899
vn -0.923880 -0.323839 -0.203899
vn -0.707107 -0.598377 -0.376756
vn -0.382683 -0.781817 -0.492255
vn -0.000000 -0.846233 -0.532813
vn 0.382683 -0.781817 -0.492255
vn 0.707107 -0.598377 -0.376756
vn 0.923880 -0.323839 -0.203899
vn 0.923880 0.325190 0.201738
vn 0.707107 0.600872 0.372763
vn 0.382683 0.785077 0.487039
vn 0.000000 0.849762 0.527167
vn -0.382683 0.785077 0.487039
vn -0.707107 0.600872 0.372763
vn -0.923880 0.325190 0.201738
vn -0.923880 -0.325190 -0.201738
vn -0.707107 -0.600872 -0.372763
vn -0.382683 -0.785077 -0.487039
vn -0.000000 -0.849762 -0.527167
vn 0.382683 -0.785077 -0.487039
vn 0.707107 -0.600872 -0.372763
vn 0.923880 -0.325190 -0.201738
vn 0.923880 0.326537 0.199550
vn 0.707107 0.603361 0.368721
vn 0.382683 0.788330 0.481757
vn 0.000000 0.853282 0.521450
vn -0.382683 0.788330 0.481757
vn -0.707107 0.603361 0.368721
vn -0.923880 0.326537 0.199550
vn -0.923880 -0.326537 -0.199550
vn -0.707107 -0.603361 -0.368721
vn -0.382683 -0.788330 -0.481757
vn -0.000000 -0.853282 -0.521450
vn 0.382683 -0.788330 -0.481757
vn 0.707107 -0.603361 -0.368721
vn 0.923880 -0.326537 -0.199550
vn 0.923880 0.327880 0.197335
vn 0.707107 0.605844 0.364628
vn 0.382683 0.791573 0.476410
vn 0.000000 0.856792 0.515662
vn -0.382683 0.791573 0.476410
vn -0.707107 0.605844 0.364628
vn -0.923880 0.327880 0.197335
vn -0.923880 -0.327880 -0.197335
vn -0.707107 -0.605844 -0.364628
vn -0.382683 -0.791573 -0.476410
vn -0.000000 -0.856792 -0.515662
vn 0.382683 -0.791573 -0.476410
vn 0.707107 -0.605844 -0.364628
vn 0.923880 -0.327880 -0.197335
vn 0.923880 0.329219 0.195093
vn 0.707107 0.608318 0.360485
vn 0.382683 0.794806 0.470996
vn 0.000000 0.860292 0.509802
vn -0.382683 0.794806 0.470996
vn -0.707107 0.608318 0.360485
vn -0.923880 0.329219 0.195093
vn -0.923880 -0.329219 -0.195093
vn -0.707107 -0.608318 -0.360485
vn -0.382683 -0.794806 -0.470996
vn -0.000000 -0.860292 -0.509802
vn 0.382683 -0.794806 -0.470996
vn 0.707107 -0.608318 -0.360485
vn 0.923880 -0.329219 -0.195093
vn 0.923880 0.330554 0.192823
vn 0.707107 0.610784 0.356291
vn 0.382683 0.798028 0.465516
vn 0.000000 0.863779 0.503871
vn -0.382683 0.798028 0.465516
vn -0.707107 0.610784 0.356291
vn -0.923880 0.330554 0.192823
vn -0.923880 -0.330554 -0.192823
vn -0.707107 -0.610784 -0.356291
vn -0.382683 -0.798028 -0.465516
vn -0.000000 -0.863779 -0.503871
vn 0.382683 -0.798028 -0.465516
vn 0.707107 -0.610784 -0.356291
vn 0.923880 -0.330554 -0.192823
vn 0.923880 0.331414 0.191342
vn 0.707107 0.612372 0.353553
vn 0.382683 0.800103 0.461940
vn 0.000000 0.866025 0.500000
vn -0.382683 0.800103 0.461940
vn -0.707107 0.612372 0.353553
vn -0.923880 0.331414 0.191342
vn -0.923880 -0.331414 -0.191342
vn -0.707107 -0.612372 -0.353553
vn -0.382683 -0.800103 -0.461940
vn -0.000000 -0.866025 -0.500000
vn 0.382683 -0.800103 -0.461940
vn 0.707107 -0.612372 -0.353553
vn 0.923880 -0.331414 -0.191342
vn 0.923880 0.331883 0.190526
vn 0.707107 0.613241 0.352045
vn 0.382683 0.801237 0.459970
vn 0.000000 0.867253 0.497868
vn -0.382683 0.801237 0.459970
vn -0.707107 0.613241 0.352045
vn -0.923880 0.331883 0.190526
vn -0.923880 -0.331883 -0.190526
vn -0.707107 -0.613241 -0.352045
vn -0.382683 -0.801237 -0.459970
vn -0.000000 -0.867253 -0.497868
vn 0.382683 -0.801237 -0.459970
vn 0.707107 -0.613241 -0.352045
vn 0.923880 -0.331883 -0.190526
vn 0.923880 0.333207 0.188200
vn 0.707107 0.615687 0.347749
vn 0.382683 0.804434 0.454356
vn 0.000000 0.870713 0.491792
vn -0.382683 0.804434 0.454356
vn -0.707107 0.615687 0.347749
vn -0.923880 0.333207 0.188200
vn -0.923880 -0.333207 -0.188200
vn -0.707107 -0.615687 -0.347749
vn -0.382683 -0.804434 -0.454356
vn -0.000000 -0.870713 -0.491792
vn 0.382683 -0.804434 -0.454356
vn 0.707107 -0.615687 -0.347749
vn 0.923880 -0.333207 -0.188200
vn 0.923880 0.334526 0.185848
vn 0.707107 0.618123 0.343401
vn 0.382683 0.807616 0.448676
vn 0.000000 0.874157 0.485643
vn -0.382683 0.807616 0.448676
vn -0.707107 0.618123 0.343401
vn -0.923880 0.334526 0.185848
vn -0.923880 -0.334526 -0.185848
vn -0.707107 -0.618123 -0.343401
vn -0.382683 -0.807616 -0.448676
vn -0.000000 -0.874157 -0.485643
vn 0.382683 -0.807616 -0.448676
vn 0.707107 -0.618123 -0.343401
vn 0.923880 -0.334526 -0.185848
vn 0.923880 0.335837 0.183467
vn 0.707107 0.620546 0.339002
vn 0.382683 0.810783 0.442928
vn 0.000000 0.877585 0.479421
vn -0.382683 0.810783 0.442928
vn -0.707107 0.620546 0.339002
vn -0.923880 0.335837 0.183467
vn -0.923880 -0.335837 -0.183467
vn -0.707107 -0.620546 -0.339002
vn -0.382683 -0.810783 -0.442928
vn -0.000000 -0.877585 -0.479421
vn 0.382683 -0.810783 -0.442928
vn 0.707107 -0.620546 -0.339002
vn 0.923880 -0.335837 -0.183467
vn 0.923880 0.337142 0.181058
vn 0.707107 0.622957 0.334551
vn 0.382683 0.813933 0.437112
vn 0.000000 0.880994 0.473127
vn -0.382683 0.813933 0.437112
vn -0.707107 0.622957 0.334551
vn -0.923880 0.337142 0.181058
vn -0.923880 -0.337142 -0.181058
vn -0.707107 -0.622957 -0.334551
vn -0.382683 -0.813933 -0.437112
vn -0.000000 -0.880994 -0.473127
vn 0.382683 -0.813933 -0.437112
vn 0.707107 -0.622957 -0.334551
vn 0.923880 -0.337142 -0.181058
vn 0.923880 0.338439 0.178621
vn 0.707107 0.625354 0.330048
vn 0.382683 0.817065 0.431229
vn 0.000000 0.884385 0.466759
vn -0.382683 0.817065 0.431229
vn -0.707107 0.625354 0.330048
vn -0.923880 0.338439 0.178621
vn -0.923880 -0.338439 -0.178621
vn -0.707107 -0.625354 -0.330048
vn -0.382683 -0.817065 -0.431229
vn -0.000000 -0.884385 -0.466759
vn 0.382683 -0.817065 -0.431229
vn 0.707107 -0.625354 -0.330048
vn 0.923880 -0.338439 -0.178621
vn 0.923880 0.339729 0.176156
vn 0.707107 0.627737 0.325493
vn 0.382683 0.820178 0.425278
vn 0.000000 0.887755 0.460317
vn -0.382683 0.820178 0.425278
vn -0.707107 0.627737 0.325493
vn -0.923880 0.339729 0.176156
vn -0.923880 -0.339729 -0.176156
vn -0.707107 -0.627737 -0.325493
vn -0.382683 -0.820178 -0.425278
vn -0.000000 -0.887755 -0.460317
vn 0.382683 -0.820178 -0.425278
vn 0.707107 -0.627737 -0.325493
vn 0.923880 -0.339729 -0.176156
vn 0.923880 0.341010 0.173663
vn 0.707107 0.630105 0.320887
vn 0.382683 0.823271 0.419259
vn 0.000000 0.891102 0.453802
vn -0.382683 0.823271 0.419259
vn -0.707107 0.630105 0.320887
vn -0.923880 0.341010 0.173663
vn -0.923880 -0.341010 -0.173663
vn -0.707107 -0.630105 -0.320887
vn -0.382683 -0.823271 -0.419259
vn -0.000000 -0.891102 -0.453802
vn 0.382683 -0.823271 -0.419259
vn 0.707107 -0.630105 -0.320887
vn 0.923880 -0.341010 -0.173663
vn 0.923880 0.342282 0.171141
vn 0.707107 0.632456 0.316228
vn 0.382683 0.826343 0.413171
vn 0.000000 0.894427 0.447214
vn -0.382683 0.826343 0.413171
vn -0.707107 0.632456 0.316228
vn -0.923880 0.342282 0.171141
vn -0.923880 -0.342282 -0.171141
vn -0.707107 -0.632456 -0.316228
vn -0.382683 -0.826343 -0.413171
vn -0.000000 -0.894427 -0.447214
vn 0.382683 -0.826343 -0.413171
vn 0.707107 -0.632456 -0.316228
vn 0.923880 -0.342282 -0.171141
vn 0.923880 0.343545 0.168592
vn 0.707107 0.634789 0.311517
vn 0.382683 0.829392 0.407016
vn 0.000000 0.897727 0.440551
vn -0.382683 0.829392 0.407016
vn -0.707107 0.634789 0.311517
vn -0.923880 0.343545 0.168592
vn -0.923880 -0.343545 -0.168592
vn -0.707107 -0.634789 -0.311517
vn -0.382683 -0.829392 -0.407016
vn -0.000000 -0.897727 -0.440551
vn 0.382683 -0.829392 -0.407016
vn 0.707107 -0.634789 -0.311517
vn 0.923880 -0.343545 -0.168592
vn 0.923880 0.344798 0.166014
vn 0.707107 0.637104 0.306754
vn 0.382683 0.832417 0.400793
vn 0.000000 0.901002 0.433816
vn -0.382683 0.832417 0.400793
vn -0.707107 0.637104 0.306754
vn -0.923880 0.344798 0.166014
vn -0.923880 -0.344798 -0.166014
vn -0.707107 -0.637104 -0.306754
vn -0.382683 -0.832417 -0.400793
vn -0.000000 -0.901002 -0.433816
vn 0.382683 -0.832417 -0.400793
vn 0.707107 -0.637104 -0.306754
vn 0.923880 -0.344798 -0.166014
vn 0.923880 0.346041 0.163408
vn 0.707107 0.639400 0.301939
vn 0.382683 0.835417 0.394502
vn 0.000000 0.904249 0.427006
vn -0.382683 0.835417 0.394502
vn -0.707107 0.639400 0.301939
vn -0.923880 0.346041 0.163408
vn -0.923880 -0.346041 -0.163408
vn -0.707107 -0.639400 -0.301939
vn -0.382683 -0.835417 -0.394502
vn -0.000000 -0.904249 -0.427006
vn 0.382683 -0.835417 -0.394502
vn 0.707107 -0.639400 -0.301939
vn 0.923880 -0.346041 -0.163408
vn 0.923880 0.347273 0.160774
vn 0.707107 0.641676 0.297072
vn 0.382683 0.838390 0.388144
vn 0.000000 0.907467 0.420124
vn -0.382683 0.838390 0.388144
vn -0.707107 0.641676 0.297072
vn -0.923880 0.347273 0.160774
vn -0.923880 -0.347273 -0.160774
vn -0.707107 -0.641676 -0.297072
vn -0.382683 -0.838390 -0.388144
vn -0.000000 -0.907467 -0.420124
vn 0.382683 -0.838390 -0.388144
vn 0.707107 -0.641676 -0.297072
vn 0.923880 -0.347273 -0.160774
vn 0.923880 0.348493 0.158112
vn 0.707107 0.643930 0.292154
vn 0.382683 0.841336 0.381717
vn 0.000000 0.910655 0.413168
vn -0.382683 0.841336 0.381717
vn -0.707107 0.643930 0.292154
vn -0.923880 0.348493 0.158112
vn -0.923880 -0.348493 -0.158112
vn -0.707107 -0.643930 -0.292154
vn -0.382683 -0.841336 -0.381717
vn -0.000000 -0.910655 -0.413168
vn 0.382683 -0.841336 -0.381717
vn 0.707107 -0.643930 -0.292154
vn 0.923880 -0.348493 -0.158112
vn 0.923880 0.349701 0.155422
vn 0.707107 0.646162 0.287183
vn 0.382683 0.844252 0.375223
vn 0.000000 0.913812 0.406138
vn -0.382683 0.844252 0.375223
vn -0.707107 0.646162 0.287183
vn -0.923880 0.349701 0.155422
vn -0.923880 -0.349701 -0.155422
vn -0.707107 -0.646162 -0.287183
vn -0.382683 -0.844252 -0.375223
vn -0.000000 -0.913812 -0.406138
vn 0.382683 -0.844252 -0.375223
vn 0.707107 -0.646162 -0.287183
vn 0.923880 -0.349701 -0.155422
vn 0.923880 0.350896 0.152705
vn 0.707107 0.648371 0.282161
vn 0.382683 0.847138 0.368662
vn 0.000000 0.916935 0.399037
vn -0.382683 0.847138 0.368662
vn -0.707107 0.648371 0.282161
vn -0.923880 0.350896 0.152705
vn -0.923880 -0.350896 -0.152705
vn -0.707107 -0.648371 -0.282161
vn -0.382683 -0.847138 -0.368662
vn -0.000000 -0.916935 -0.399037
vn 0.382683 -0.847138 -0.368662
vn 0.707107 -0.648371 -0.282161
vn 0.923880 -0.350896 -0.152705
vn 0.923880 0.352078 0.149959
vn 0.707107 0.650555 0.277088
vn 0.382683 0.849991 0.362033
vn 0.000000 0.920024 0.391862
vn -0.382683 0.849991 0.362033
vn -0.707107 0.650555 0.277088
vn -0.923880 0.352078 0.149959
vn -0.923880 -0.352078 -0.149959
vn -0.707107 -0.650555 -0.277088
vn -0.382683 -0.849991 -0.362033
vn -0.000000 -0.920024 -0.391862
vn 0.382683 -0.849991 -0.362033
vn 0.707107 -0.650555 -0.277088
vn 0.923880 -0.352078 -0.149959
vn 0.923880 0.353246 0.147186
vn 0.707107 0.652714 0.271964
vn 0.382683 0.852812 0.355338
vn 0.000000 0.923077 0.384615
vn -0.382683 0.852812 0.355338
vn -0.707107 0.652714 0.271964
vn -0.923880 0.353246 0.147186
vn -0.923880 -0.353246 -0.147186
vn -0.707107 -0.652714 -0.271964
vn -0.382683 -0.852812 -0.355338
vn -0.000000 -0.923077 -0.384615
vn 0.382683 -0.852812 -0.355338
vn 0.707107 -0.652714 -0.271964
vn 0.923880 -0.353246 -0.147186
vn 0.923880 0.354400 0.144385
vn 0.707107 0.654846 0.266789
vn 0.382683 0.855598 0.348577
vn 0.000000 0.926092 0.377297
vn -0.382683 0.855598 0.348577
vn -0.707107 0.654846 0.266789
vn -0.923880 0.354400 0.144385
vn -0.923880 -0.354400 -0.144385
vn -0.707107 -0.654846 -0.266789
vn -0.382683 -0.855598 -0.348577
vn -0.000000 -0.926092 -0.377297
vn 0.382683 -0.855598 -0.348577
vn 0.707107 -0.654846 -0.266789
vn 0.923880 -0.354400 -0.144385
vn 0.923880 0.355539 0.141557
vn 0.707107 0.656951 0.261564
vn 0.382683 0.858348 0.341750
vn 0.000000 0.929069 0.369907
vn -0.382683 0.858348 0.341750
vn -0.707107 0.656951 0.261564
vn -0.923880 0.355539 0.141557
vn -0.923880 -0.355539 -0.141557
vn -0.707107 -0.656951 -0.261564
vn -0.382683 -0.858348 -0.341750
vn -0.000000 -0.929069 -0.369907
vn 0.382683 -0.858348 -0.341750
vn 0.707107 -0.656951 -0.261564
vn 0.923880 -0.355539 -0.141557
vn 0.923880 0.356663 0.138702
vn 0.707107 0.659027 0.256288
vn 0.382683 0.861060 0.334857
vn 0.000000 0.932005 0.362446
vn -0.382683 0.861060 0.334857
vn -0.707107 0.659027 0.256288
vn -0.923880 0.356663 0.138702
vn -0.923880 -0.356663 -0.138702
vn -0.707107 -0.659027 -0.256288
vn -0.382683 -0.861060 -0.334857
vn -0.000000 -0.932005 -0.362446
vn 0.382683 -0.861060 -0.334857
vn 0.707107 -0.659027 -0.256288
vn 0.923880 -0.356663 -0.138702
vn 0.923880 0.357770 0.135820
vn 0.707107 0.661073 0.250963
vn 0.382683 0.863734 0.327899
vn 0.000000 0.934899 0.354915
vn -0.382683 0.863734 0.327899
vn -0.707107 0.661073 0.250963
vn -0.923880 0.357770 0.135820
vn -0.923880 -0.357770 -0.135820
vn -0.707107 -0.661073 -0.250963
vn -0.382683 -0.863734 -0.327899
vn -0.000000 -0.934899 -0.354915
vn 0.382683 -0.863734 -0.327899
vn 0.707107 -0.661073 -0.250963
vn 0.923880 -0.357770 -0.135820
vn 0.923880 0.358861 0.132911
vn 0.707107 0.663089 0.245588
vn 0.382683 0.866367 0.320877
vn 0.000000 0.937749 0.347314
vn -0.382683 0.866367 0.320877
vn -0.707107 0.663089 0.245588
vn -0.923880 0.358861 0.132911
vn -0.923880 -0.358861 -0.132911
vn -0.707107 -0.663089 -0.245588
vn -0.382683 -0.866367 -0.320877
vn -0.000000 -0.937749 -0.347314
vn 0.382683 -0.866367 -0.320877
vn 0.707107 -0.663089 -0.245588
vn 0.923880 -0.358861 -0.132911
vn 0.923880 0.359934 0.129976
vn 0.707107 0.665072 0.240165
vn 0.382683 0.868958 0.313791
vn 0.000000 0.940554 0.339644
vn -0.382683 0.868958 0.313791
vn -0.707107 0.665072 0.240165
vn -0.923880 0.359934 0.129976
vn -0.923880 -0.359934 -0.129976
vn -0.707107 -0.665072 -0.240165
vn -0.382683 -0.868958 -0.313791
vn -0.000000 -0.940554 -0.339644
vn 0.382683 -0.868958 -0.313791
vn 0.707107 -0.665072 -0.240165
vn 0.923880 -0.359934 -0.129976
vn 0.923880 0.360990 0.127015
vn 0.707107 0.667023 0.234693
vn 0.382683 0.871507 0.306641
vn 0.000000 0.943312 0.331906
vn -0.382683 0.871507 0.306641
vn -0.707107 0.667023 0.234693
vn -0.923880 0.360990 0.127015
vn -0.923880 -0.360990 -0.127015
vn -0.707107 -0.667023 -0.234693
vn -0.382683 -0.871507 -0.306641
vn -0.000000 -0.943312 -0.331906
vn 0.382683 -0.871507 -0.306641
vn 0.707107 -0.667023 -0.234693
vn 0.923880 -0.360990 -0.127015
vn 0.923880 0.362027 0.124028
vn 0.707107 0.668939 0.229174
vn 0.382683 0.874011 0.299430
vn 0.000000 0.946023 0.324100
vn -0.382683 0.874011 0.299430
vn -0.707107 0.668939 0.229174
vn -0.923880 0.362027 0.124028
vn -0.923880 -0.362027 -0.124028
vn -0.707107 -0.668939 -0.229174
vn -0.382683 -0.874011 -0.299430
vn -0.000000 -0.946023 -0.324100
vn 0.382683 -0.874011 -0.299430
vn 0.707107 -0.668939 -0.229174
vn 0.923880 -0.362027 -0.124028
vn 0.923880 0.363045 0.121015
vn 0.707107 0.670820 0.223607
vn 0.382683 0.876469 0.292156
vn 0.000000 0.948683 0.316228
vn -0.382683 0.876469 0.292156
vn -0.707107 0.670820 0.223607
vn -0.923880 0.363045 0.121015
vn -0.923880 -0.363045 -0.121015
vn -0.707107 -0.670820 -0.223607
vn -0.382683 -0.876469 -0.292156
vn -0.000000 -0.948683 -0.316228
vn 0.382683 -0.876469 -0.292156
vn 0.707107 -0.670820 -0.223607
vn 0.923880 -0.363045 -0.121015
vn 0.923880 0.364044 0.117977
vn 0.707107 0.672665 0.217993
vn 0.382683 0.878880 0.284822
vn 0.000000 0.951293 0.308289
vn -0.382683 0.878880 0.284822
vn -0.707107 0.672665 0.217993
vn -0.923880 0.364044 0.117977
vn -0.923880 -0.364044 -0.117977
vn -0.707107 -0.672665 -0.217993
vn -0.382683 -0.878880 -0.284822
vn -0.000000 -0.951293 -0.308289
vn 0.382683 -0.878880 -0.284822
vn 0.707107 -0.672665 -0.217993
vn 0.923880 -0.364044 -0.117977
vn 0.923880 0.365022 0.114914
vn 0.707107 0.674473 0.212334
vn 0.382683 0.881242 0.277428
vn 0.000000 0.953849 0.300286
vn -0.382683 0.881242 0.277428
vn -0.707107 0.674473 0.212334
vn -0.923880 0.365022 0.114914
vn -0.923880 -0.365022 -0.114914
vn -0.707107 -0.674473 -0.212334
vn -0.382683 -0.881242 -0.277428
vn -0.000000 -0.953849 -0.300286
vn 0.382683 -0.881242 -0.277428
vn 0.707107 -0.674473 -0.212334
vn 0.923880 -0.365022 -0.114914
vn 0.923880 0.365980 0.111827
vn 0.707107 0.676243 0.206630
vn 0.382683 0.883554 0.269975
vn 0.000000 0.956352 0.292219
vn -0.382683 0.883554 0.269975
vn -0.707107 0.676243 0.206630
vn -0.923880 0.365980 0.111827
vn -0.923880 -0.365980 -0.111827
vn -0.707107 -0.676243 -0.206630
vn -0.382683 -0.883554 -0.269975
vn -0.000000 -0.956352 -0.292219
vn 0.382683 -0.883554 -0.269975
vn 0.707107 -0.676243 -0.206630
vn 0.923880 -0.365980 -0.111827
vn 0.923880 0.366916 0.108716
vn 0.707107 0.677973 0.200881
vn 0.382683 0.885814 0.262463
vn 0.000000 0.958798 0.284088
vn -0.382683 0.885814 0.262463
vn -0.707107 0.677973 0.200881
vn -0.923880 0.366916 0.108716
vn -0.923880 -0.366916 -0.108716
vn -0.707107 -0.677973 -0.200881
vn -0.382683 -0.885814 -0.262463
vn -0.000000 -0.958798 -0.284088
vn 0.382683 -0.885814 -0.262463
vn 0.707107 -0.677973 -0.200881
vn 0.923880 -0.366916 -0.108716
vn 0.923880 0.367830 0.105581
vn 0.707107 0.679662 0.195088
vn 0.382683 0.888021 0.254895
vn 0.000000 0.961187 0.275896
vn -0.382683 0.888021 0.254895
vn -0.707107 0.679662 0.195088
vn -0.923880 0.367830 0.105581
vn -0.923880 -0.367830 -0.105581
vn -0.707107 -0.679662 -0.195088
vn -0.382683 -0.888021 -0.254895
vn -0.000000 -0.961187 -0.275896
vn 0.382683 -0.888021 -0.254895
vn 0.707107 -0.679662 -0.195088
vn 0.923880 -0.367830 -0.105581
vn 0.923880 0.368722 0.102423
vn 0.707107 0.681310 0.189253
vn 0.382683 0.890174 0.247271
vn 0.000000 0.963518 0.267644
vn -0.382683 0.890174 0.247271
vn -0.707107 0.681310 0.189253
vn -0.923880 0.368722 0.102423
vn -0.923880 -0.368722 -0.102423
vn -0.707107 -0.681310 -0.189253
vn -0.382683 -0.890174 -0.247271
vn -0.000000 -0.963518 -0.267644
vn 0.382683 -0.890174 -0.247271
vn 0.707107 -0.681310 -0.189253
vn 0.923880 -0.368722 -0.102423
vn 0.923880 0.369591 0.099242
vn 0.707107 0.682915 0.183375
vn 0.382683 0.892272 0.239592
vn 0.000000 0.965788 0.259332
vn -0.382683 0.892272 0.239592
vn -0.707107 0.682915 0.183375
vn -0.923880 0.369591 0.099242
vn -0.923880 -0.369591 -0.099242
vn -0.707107 -0.682915 -0.183375
vn -0.382683 -0.892272 -0.239592
vn -0.000000 -0.965788 -0.259332
vn 0.382683 -0.892272 -0.239592
vn 0.707107 -0.682915 -0.183375
vn 0.923880 -0.369591 -0.099242
vn 0.923880 0.370436 0.096039
vn 0.707107 0.684477 0.177457
vn 0.382683 0.894313 0.231859
vn 0.000000 0.967997 0.250962
vn -0.382683 0.894313 0.231859
vn -0.707107 0.684477 0.177457
vn -0.923880 0.370436 0.096039
vn -0.923880 -0.370436 -0.096039
vn -0.707107 -0.684477 -0.177457
vn -0.382683 -0.894313 -0.231859
vn -0.000000 -0.967997 -0.250962
vn 0.382683 -0.894313 -0.231859
vn 0.707107 -0.684477 -0.177457
vn 0.923880 -0.370436 -0.096039
vn 0.923880 0.371257 0.092814
vn 0.707107 0.685994 0.171499
vn 0.382683 0.896295 0.224074
vn 0.000000 0.970143 0.242536
vn -0.382683 0.896295 0.224074
vn -0.707107 0.685994 0.171499
vn -0.923880 0.371257 0.092814
vn -0.923880 -0.371257 -0.092814
vn -0.707107 -0.685994 -0.171499
vn -0.382683 -0.896295 -0.224074
vn -0.000000 -0.970143 -0.242536
vn 0.382683 -0.896295 -0.224074
vn 0.707107 -0.685994 -0.171499
vn 0.923880 -0.371257 -0.092814
vn 0.923880 0.372054 0.089569
vn 0.707107 0.687466 0.165501
vn 0.382683 0.898218 0.216238
vn 0.000000 0.972224 0.234054
vn -0.382683 0.898218 0.216238
vn -0.707107 0.687466 0.165501
vn -0.923880 0.372054 0.089569
vn -0.923880 -0.372054 -0.089569
vn -0.707107 -0.687466 -0.165501
vn -0.382683 -0.898218 -0.216238
vn -0.000000 -0.972224 -0.234054
vn 0.382683 -0.898218 -0.216238
vn 0.707107 -0.687466 -0.165501
vn 0.923880 -0.372054 -0.089569
vn 0.923880 0.372825 0.086302
vn 0.707107 0.688891 0.159465
vn 0.382683 0.900079 0.208352
vn 0.000000 0.974239 0.225518
vn -0.382683 0.900079 0.208352
vn -0.707107 0.688891 0.159465
vn -0.923880 0.372825 0.086302
vn -0.923880 -0.372825 -0.086302
vn -0.707107 -0.688891 -0.159465
vn -0.382683 -0.900079 -0.208352
vn -0.000000 -0.974239 -0.225518
vn 0.382683 -0.900079 -0.208352
vn 0.707107 -0.688891 -0.159465
vn 0.923880 -0.372825 -0.086302
vn 0.923880 0.373571 0.083016
vn 0.707107 0.690268 0.153393
vn 0.382683 0.901879 0.200418
vn 0.000000 0.976187 0.216930
vn -0.382683 0.901879 0.200418
vn -0.707107 0.690268 0.153393
vn -0.923880 0.373571 0.083016
vn -0.923880 -0.373571 -0.083016
vn -0.707107 -0.690268 -0.153393
vn -0.382683 -0.901879 -0.200418
vn -0.000000 -0.976187 -0.216930
vn 0.382683 -0.901879 -0.200418
vn 0.707107 -0.690268 -0.153393
vn 0.923880 -0.373571 -0.083016
vn 0.923880 0.374290 0.079710
vn 0.707107 0.691598 0.147285
vn 0.382683 0.903616 0.192437
vn 0.000000 0.978067 0.208292
vn -0.382683 0.903616 0.192437
vn -0.707107 0.691598 0.147285
vn -0.923880 0.374290 0.079710
vn -0.923880 -0.374290 -0.079710
vn -0.707107 -0.691598 -0.147285
vn -0.382683 -0.903616 -0.192437
vn -0.000000 -0.978067 -0.208292
vn 0.382683 -0.903616 -0.192437
vn 0.707107 -0.691598 -0.147285
vn 0.923880 -0.374290 -0.079710
vn 0.923880 0.374983 0.076385
vn 0.707107 0.692877 0.141142
vn 0.382683 0.905288 0.184410
vn 0.000000 0.979877 0.199604
vn -0.382683 0.905288 0.184410
vn -0.707107 0.692877 0.141142
vn -0.923880 0.374983 0.076385
vn -0.923880 -0.374983 -0.076385
vn -0.707107 -0.692877 -0.141142
vn -0.382683 -0.905288 -0.184410
vn -0.000000 -0.979877 -0.199604
vn 0.382683 -0.905288 -0.184410
vn 0.707107 -0.692877 -0.141142
vn 0.923880 -0.374983 -0.076385
vn 0.923880 0.375648 0.073043
vn 0.707107 0.694107 0.134965
vn 0.382683 0.906894 0.176341
vn 0.000000 0.981615 0.190870
vn -0.382683 0.906894 0.176341
vn -0.707107 0.694107 0.134965
vn -0.923880 0.375648 0.073043
vn -0.923880 -0.375648 -0.073043
vn -0.707107 -0.694107 -0.134965
vn -0.382683 -0.906894 -0.176341
vn -0.000000 -0.981615 -0.190870
vn 0.382683 -0.906894 -0.176341
vn 0.707107 -0.694107 -0.134965
vn 0.923880 -0.375648 -0.073043
vn 0.923880 0.376286 0.069683
vn 0.707107 0.695285 0.128757
vn 0.382683 0.908434 0.168229
vn 0.000000 0.983282 0.182089
vn -0.382683 0.908434 0.168229
vn -0.707107 0.695285 0.128757
vn -0.923880 0.376286 0.069683
vn -0.923880 -0.376286 -0.069683
vn -0.707107 -0.695285 -0.128757
vn -0.382683 -0.908434 -0.168229
vn -0.000000 -0.983282 -0.182089
vn 0.382683 -0.908434 -0.168229
vn 0.707107 -0.695285 -0.128757
vn 0.923880 -0.376286 -0.069683
vn 0.923880 0.376895 0.066306
vn 0.707107 0.696412 0.122517
vn 0.382683 0.909906 0.160076
vn 0.000000 0.984875 0.173265
vn -0.382683 0.909906 0.160076
vn -0.707107 0.696412 0.122517
vn -0.923880 0.376895 0.066306
vn -0.923880 -0.376895 -0.066306
vn -0.707107 -0.696412 -0.122517
vn -0.382683 -0.909906 -0.160076
vn -0.000000 -0.984875 -0.173265
vn 0.382683 -0.909906 -0.160076
vn 0.707107 -0.696412 -0.122517
vn 0.923880 -0.376895 -0.066306
vn 0.923880 0.377477 0.062913
vn 0.707107 0.697486 0.116248
vn 0.382683 0.911309 0.151885
vn 0.000000 0.986394 0.164399
vn -0.382683 0.911309 0.151885
vn -0.707107 0.697486 0.116248
vn -0.923880 0.377477 0.062913
vn -0.923880 -0.377477 -0.062913
vn -0.707107 -0.697486 -0.116248
vn -0.382683 -0.911309 -0.151885
vn -0.000000 -0.986394 -0.164399
vn 0.382683 -0.911309 -0.151885
vn 0.707107 -0.697486 -0.116248
vn 0.923880 -0.377477 -0.062913
vn 0.923880 0.378029 0.059505
vn 0.707107 0.698506 0.109950
vn 0.382683 0.912642 0.143657
vn 0.000000 0.987837 0.155493
vn -0.382683 0.912642 0.143657
vn -0.707107 0.698506 0.109950
vn -0.923880 0.378029 0.059505
vn -0.923880 -0.378029 -0.059505
vn -0.707107 -0.698506 -0.109950
vn -0.382683 -0.912642 -0.143657
vn -0.000000 -0.987837 -0.155493
vn 0.382683 -0.912642 -0.143657
vn 0.707107 -0.698506 -0.109950
vn 0.923880 -0.378029 -0.059505
vn 0.923880 0.378552 0.056082
vn 0.707107 0.699472 0.103626
vn 0.382683 0.913905 0.135393
vn 0.000000 0.989203 0.146549
vn -0.382683 0.913905 0.135393
vn -0.707107 0.699472 0.103626
vn -0.923880 0.378552 0.056082
vn -0.923880 -0.378552 -0.056082
vn -0.707107 -0.699472 -0.103626
vn -0.382683 -0.913905 -0.135393
vn -0.000000 -0.989203 -0.146549
vn 0.382683 -0.913905 -0.135393
vn 0.707107 -0.699472 -0.103626
vn 0.923880 -0.378552 -0.056082
vn 0.923880 0.379045 0.052645
vn 0.707107 0.700384 0.097276
vn 0.382683 0.915096 0.127097
vn 0.000000 0.990492 0.137568
vn -0.382683 0.915096 0.127097
vn -0.707107 0.700384 0.097276
vn -0.923880 0.379045 0.052645
vn -0.923880 -0.379045 -0.052645
vn -0.707107 -0.700384 -0.097276
vn -0.382683 -0.915096 -0.127097
vn -0.000000 -0.990492 -0.137568
vn 0.382683 -0.915096 -0.127097
vn 0.707107 -0.700384 -0.097276
vn 0.923880 -0.379045 -0.052645
vn 0.923880 0.379508 0.049195
vn 0.707107 0.701240 0.090901
vn 0.382683 0.916214 0.118768
vn 0.000000 0.991703 0.128554
vn -0.382683 0.916214 0.118768
vn -0.707107 0.701240 0.090901
vn -0.923880 0.379508 0.049195
vn -0.923880 -0.379508 -0.049195
vn -0.707107 -0.701240 -0.090901
vn -0.382683 -0.916214 -0.118768
vn -0.000000 -0.991703 -0.128554
vn 0.382683 -0.916214 -0.118768
vn 0.707107 -0.701240 -0.090901
vn 0.923880 -0.379508 -0.049195
vn 0.923880 0.379941 0.045734
vn 0.707107 0.702039 0.084505
vn 0.382683 0.917258 0.110411
vn 0.000000 0.992833 0.119508
vn -0.382683 0.917258 0.110411
vn -0.707107 0.702039 0.084505
vn -0.923880 0.379941 0.045734
vn -0.923880 -0.379941 -0.045734
vn -0.707107 -0.702039 -0.084505
vn -0.382683 -0.917258 -0.110411
vn -0.000000 -0.992833 -0.119508
vn 0.382683 -0.917258 -0.110411
vn 0.707107 -0.702039 -0.084505
vn 0.923880 -0.379941 -0.045734
vn 0.923880 0.380343 0.042260
vn 0.707107 0.702782 0.078087
vn 0.382683 0.918229 0.102025
vn 0.000000 0.993884 0.110432
vn -0.382683 0.918229 0.102025
vn -0.707107 0.702782 0.078087
vn -0.923880 0.380343 0.042260
vn -0.923880 -0.380343 -0.042260
vn -0.707107 -0.702782 -0.078087
vn -0.382683 -0.918229 -0.102025
vn -0.000000 -0.993884 -0.110432
vn 0.382683 -0.918229 -0.102025
vn 0.707107 -0.702782 -0.078087
vn 0.923880 -0.380343 -0.042260
vn 0.923880 0.380714 0.038776
vn 0.707107 0.703467 0.071649
vn 0.382683 0.919124 0.093615
vn 0.000000 0.994853 0.101328
vn -0.382683 0.919124 0.093615
vn -0.707107 0.703467 0.071649
vn -0.923880 0.380714 0.038776
vn -0.923880 -0.380714 -0.038776
vn -0.707107 -0.703467 -0.071649
vn -0.382683 -0.919124 -0.093615
vn -0.000000 -0.994853 -0.101328
vn 0.382683 -0.919124 -0.093615
vn 0.707107 -0.703467 -0.071649
vn 0.923880 -0.380714 -0.038776
vn 0.923880 0.381053 0.035283
vn 0.707107 0.704095 0.065194
vn 0.382683 0.919944 0.085180
vn 0.000000 0.995741 0.092198
vn -0.382683 0.919944 0.085180
vn -0.707107 0.704095 0.065194
vn -0.923880 0.381053 0.035283
vn -0.923880 -0.381053 -0.035283
vn -0.707107 -0.704095 -0.065194
vn -0.382683 -0.919944 -0.085180
vn -0.000000 -0.995741 -0.092198
vn 0.382683 -0.919944 -0.085180
vn 0.707107 -0.704095 -0.065194
vn 0.923880 -0.381053 -0.035283
vn 0.923880 0.381362 0.031780
vn 0.707107 0.704664 0.058722
vn 0.382683 0.920688 0.076724
vn 0.000000 0.996546 0.083045
vn -0.382683 0.920688 0.076724
vn -0.707107 0.704664 0.058722
vn -0.923880 0.381362 0.031780
vn -0.923880 -0.381362 -0.031780
vn -0.707107 -0.704664 -0.058722
vn -0.382683 -0.920688 -0.076724
vn -0.000000 -0.996546 -0.083045
vn 0.382683 -0.920688 -0.076724
vn 0.707107 -0.704664 -0.058722
vn 0.923880 -0.381362 -0.031780
vn 0.923880 0.381638 0.028269
vn 0.707107 0.705175 0.052235
vn 0.382683 0.921355 0.068249
vn 0.000000 0.997268 0.073872
vn -0.382683 0.921355 0.068249
vn -0.707107 0.705175 0.052235
vn -0.923880 0.381638 0.028269
vn -0.923880 -0.381638 -0.028269
vn -0.707107 -0.705175 -0.052235
vn -0.382683 -0.921355 -0.068249
vn -0.000000 -0.997268 -0.073872
vn 0.382683 -0.921355 -0.068249
vn 0.707107 -0.705175 -0.052235
vn 0.923880 -0.381638 -0.028269
vn 0.923880 0.381882 0.024752
vn 0.707107 0.705626 0.045735
vn 0.382683 0.921945 0.059756
vn 0.000000 0.997906 0.064679
vn -0.382683 0.921945 0.059756
vn -0.707107 0.705626 0.045735
vn -0.923880 0.381882 0.024752
vn -0.923880 -0.381882 -0.024752
vn -0.707107 -0.705626 -0.045735
vn -0.382683 -0.921945 -0.059756
vn -0.000000 -0.997906 -0.064679
vn 0.382683 -0.921945 -0.059756
vn 0.707107 -0.705626 -0.045735
vn 0.923880 -0.381882 -0.024752
vn 0.923880 0.382094 0.021227
vn 0.707107 0.706018 0.039223
vn 0.382683 0.922457 0.051248
vn 0.000000 0.998460 0.055470
vn -0.382683 0.922457 0.051248
vn -0.707107 0.706018 0.039223
vn -0.923880 0.382094 0.021227
vn -0.923880 -0.382094 -0.021227
vn -0.707107 -0.706018 -0.039223
vn -0.382683 -0.922457 -0.051248
vn -0.000000 -0.998460 -0.055470
vn 0.382683 -0.922457 -0.051248
vn 0.707107 -0.706018 -0.039223
vn 0.923880 -0.382094 -0.021227
vn 0.923880 0.382274 0.017698
vn 0.707107 0.706350 0.032701
vn 0.382683 0.922891 0.042726
vn 0.000000 0.998930 0.046247
vn -0.382683 0.922891 0.042726
vn -0.707107 0.706350 0.032701
vn -0.923880 0.382274 0.017698
vn -0.923880 -0.382274 -0.017698
vn -0.707107 -0.706350 -0.032701
vn -0.382683 -0.922891 -0.042726
vn -0.000000 -0.998930 -0.046247
vn 0.382683 -0.922891 -0.042726
vn 0.707107 -0.706350 -0.032701
vn 0.923880 -0.382274 -0.017698
vn 0.923880 0.382421 0.014164
vn 0.707107 0.706622 0.026171
vn 0.382683 0.923247 0.034194
vn 0.000000 0.999315 0.037012
vn -0.382683 0.923247 0.034194
vn -0.707107 0.706622 0.026171
vn -0.923880 0.382421 0.014164
vn -0.923880 -0.382421 -0.014164
vn -0.707107 -0.706622 -0.026171
vn -0.382683 -0.923247 -0.034194
vn -0.000000 -0.999315 -0.037012
vn 0.382683 -0.923247 -0.034194
vn 0.707107 -0.706622 -0.026171
vn 0.923880 -0.382421 -0.014164
vn 0.923880 0.382536 0.010626
vn 0.707107 0.706834 0.019634
vn 0.382683 0.923523 0.025653
vn 0.000000 0.999614 0.027767
vn -0.382683 0.923523 0.025653
vn -0.707107 0.706834 0.019634
vn -0.923880 0.382536 0.010626
vn -0.923880 -0.382536 -0.010626
vn -0.707107 -0.706834 -0.019634
vn -0.382683 -0.923523 -0.025653
vn -0.000000 -0.999614 -0.027767
vn 0.382683 -0.923523 -0.025653
vn 0.707107 -0.706834 -0.019634
vn 0.923880 -0.382536 -0.010626
vn 0.923880 0.382618 0.007086
vn 0.707107 0.706986 0.013092
vn 0.382683 0.923721 0.017106
vn 0.000000 0.999829 0.018515
vn -0.382683 0.923721 0.017106
vn -0.707107 0.706986 0.013092
vn -0.923880 0.382618 0.007086
vn -0.923880 -0.382618 -0.007086
vn -0.707107 -0.706986 -0.013092
vn -0.382683 -0.923721 -0.017106
vn -0.000000 -0.999829 -0.018515
vn 0.382683 -0.923721 -0.017106
vn 0.707107 -0.706986 -0.013092
vn 0.923880 -0.382618 -0.007086
vn 0.923880 0.382667 0.003543
vn 0.707107 0.707076 0.006547
vn 0.382683 0.923840 0.008554
vn 0.000000 0.999957 0.009259
vn -0.382683 0.923840 0.008554
vn -0.707107 0.707076 0.006547
vn -0.923880 0.382667 0.003543
vn -0.923880 -0.382667 -0.003543
vn -0.707107 -0.707076 -0.006547
vn -0.382683 -0.923840 -0.008554
vn -0.000000 -0.999957 -0.009259
vn 0.382683 -0.923840 -0.008554
vn 0.707107 -0.707076 -0.006547
vn 0.923880 -0.382667 -0.003543
vn 0.923880 0.382683 0.000027
vn 0.707107 0.707107 0.000049
vn 0.382683 0.923880 0.000064
vn 0.000000 1.000000 0.000069
vn -0.382683 0.923880 0.000064
vn -0.707107 0.707107 0.000049
vn -0.923880 0.382683 0.000027
vn -0.923880 -0.382683 -0.000027
vn -0.707107 -0.707107 -0.000049
vn -0.382683 -0.923880 -0.000064
vn -0.000000 -1.000000 -0.000069
vn 0.382683 -0.923880 -0.000064
vn 0.707107 -0.707107 -0.000049
vn 0.923880 -0.382683 -0.000027
usemtl body
f 1/1/1 2/2/1 3/3/2
f 1/1/1 3/3/2 4/4/2
f 4/4/2 3/3/2 5/5/3
f 4/4/2 5/5/3 6/6/3
f 6/6/3 5/5/3 7/7/4
f 6/6/3 7/7/4 8/8/4
f 8/8/4 7/7/4 9/9/5
f 8/8/4 9/9/5 10/10/5
f 10/10/5 9/9/5 11/11/6
f 10/10/5 11/11/6 12/12/6
f 12/12/6 11/11/6 13/13/7
f 12/12/6 13/13/7 14/14/7
f 14/14/7 13/13/7 15/15/8
f 14/14/7 15/15/8 16/16/8
f 16/16/8 15/15/8 17/17/9
f 16/16/8 17/17/9 18/18/9
f 18/18/9 17/17/9 19/19/10
f 18/18/9 19/19/10 20/20/10
f 20/20/10 19/19/10 21/21/11
f 20/20/10 21/21/11 22/22/11
f 22/22/11 21/21/11 23/23/12
f 22/22/11 23/23/12 24/24/12
f 24/24/12 23/23/12 25/25/13
f 24/24/12 25/25/13 26/26/13
f 26/26/13 25/25/13 27/27/14
f 26/26/13 27/27/14 28/28/14
f 28/28/14 27/27/14 29/29/15
f 28/28/14 29/29/15 30/30/15
f 30/30/15 29/29/15 31/31/16
f 30/30/15 31/31/16 32/32/16
f 32/32/16 31/31/16 2/33/1
f 32/32/16 2/33/1 1/34/1
f 33/35/17 1/36/17 4/37/17
f 33/35/17 4/37/17 6/38/17
f 33/35/17 6/38/17 8/39/17
f 33/35/17 8/39/17 10/40/17
f 33/35/17 10/40/17 12/41/17
f 33/35/17 12/41/17 14/42/17
f 33/35/17 14/42/17 16/43/17
f 33/35/17 16/43/17 18/44/17
f 33/35/17 18/44/17 20/45/17
f 33/35/17 20/45/17 22/46/17
f 33/35/17 22/46/17 24/47/17
f 33/35/17 24/47/17 26/48/17
f 33/35/17 26/48/17 28/49/17
f 33/35/17 28/49/17 30/50/17
f 33/35/17 30/50/17 32/51/17
f 33/35/17 32/51/17 1/36/17
f 34/35/18 3/37/18 2/36/18
f 34/35/18 5/38/18 3/37/18
f 34/35/18 7/39/18 5/38/18
f 34/35/18 9/40/18 7/39/18
f 34/35/18 11/41/18 9/40/18
f 34/35/18 13/42/18 11/41/18
f 34/35/18 15/43/18 13/42/18
f 34/35/18 17/44/18 15/43/18
f 34/35/18 19/45/18 17/44/18
f 34/35/18 21/46/18 19/45/18
f 34/35/18 23/47/18 21/46/18
f 34/35/18 25/48/18 23/47/18
f 34/35/18 27/49/18 25/48/18
f 34/35/18 29/50/18 27/49/18
f 34/35/18 31/51/18 29/50/18
f 34/35/18 2/36/18 31/51/18
f 35/1/1 36/52/1 37/53/19
f 35/1/1 37/53/19 38/4/20
f 38/4/20 37/53/19 39/54/21
f 38/4/20 39/54/21 40/6/22
f 40/6/22 39/54/21 41/55/23
f 40/6/22 41/55/23 42/8/24
f 42/8/24 41/55/23 43/56/25
f 42/8/24 43/56/25 44/10/26
f 44/10/26 43/56/25 45/57/27
f 44/10/26 45/57/27 46/12/28
f 46/12/28 45/57/27 47/58/29
f 46/12/28 47/58/29 48/14/30
f 48/14/30 47/58/29 49/59/31
f 48/14/30 49/59/31 50/16/32
f 50/16/32 49/59/31 51/60/9
f 50/16/32 51/60/9 52/18/9
f 52/18/9 51/60/9 53/61/33
f 52/18/9 53/61/33 54/20/34
f 54/20/34 53/61/33 55/62/35
f 54/20/34 55/62/35 56/22/36
f 56/22/36 55/62/35 57/63/37
f 56/22/36 57/63/37 58/24/38
f 58/24/38 57/63/37 59/64/39
f 58/24/38 59/64/39 60/26/40
f 60/26/40 59/64/39 61/65/41
f 60/26/40 61/65/41 62/28/42
f 62/28/42 61/65/41 63/66/43
f 62/28/42 63/66/43 64/30/44
f 64/30/44 63/66/43 65/67/45
f 64/30/44 65/67/45 66/32/46
f 66/32/46 65/67/45 36/68/1
f 66/32/46 36/68/1 35/34/1
f 36/52/1 67/69/1 68/70/47
f 36/52/1 68/70/47 37/53/19
f 37/53/19 68/70/47 69/71/48
f 37/53/19 69/71/48 39/54/21
f 39/54/21 69/71/48 70/72/49
f 39/54/21 70/72/49 41/55/23
f 41/55/23 70/72/49 71/73/50
f 41/55/23 71/73/50 43/56/25
f 43/56/25 71/73/50 72/74/51
f 43/56/25 72/74/51 45/57/27
f 45/57/27 72/74/51 73/75/52
f 45/57/27 73/75/52 47/58/29
f 47/58/29 73/75/52 74/76/53
f 47/58/29 74/76/53 49/59/31
f 49/59/31 74/76/53 75/77/9
f 49/59/31 75/77/9 51/60/9
f 51/60/9 75/77/9 76/78/54
f 51/60/9 76/78/54 53/61/33
f 53/61/33 76/78/54 77/79/55
f 53/61/33 77/79/55 55/62/35
f 55/62/35 77/79/55 78/80/56
f 55/62/35 78/80/56 57/63/37
f 57/63/37 78/80/56 79/81/57
f 57/63/37 79/81/57 59/64/39
f 59/64/39 79/81/57 80/82/58
f 59/64/39 80/82/58 61/65/41
f 61/65/41 80/82/58 81/83/59
f 61/65/41 81/83/59 63/66/43
f 63/66/43 81/83/59 82/84/60
f 63/66/43 82/84/60 65/67/45
f 65/67/45 82/84/60 67/85/1
f 65/67/45 67/85/1 36/68/1
f 67/69/1 83/86/1 84/87/61
f 67/69/1 84/87/61 68/70/47
f 68/70/47 84/87/61 85/88/62
f 68/70/47 85/88/62 69/71/48
f 69/71/48 85/88/62 86/89/63
f 69/71/48 86/89/63 70/72/49
f 70/72/49 86/89/63 87/90/64
f 70/72/49 87/90/64 71/73/50
f 71/73/50 87/90/64 88/91/65
f 71/73/50 88/91/65 72/74/51
f 72/74/51 88/91/65 89/92/66
f 72/74/51 89/92/66 73/75/52
f 73/75/52 89/92/66 90/93/67
f 73/75/52 90/93/67 74/76/53
f 74/76/53 90/93/67 91/94/9
f 74/76/53 91/94/9 75/77/9
f 75/77/9 91/94/9 92/95/68
f 75/77/9 92/95/68 76/78/54
f 76/78/54 92/95/68 93/96/69
f 76/78/54 93/96/69 77/79/55
f 77/79/55 93/96/69 94/97/70
f 77/79/55 94/97/70 78/80/56
f 78/80/56 94/97/70 95/98/71
f 78/80/56 95/98/71 79/81/57
f 79/81/57 95/98/71 96/99/72
f 79/81/57 96/99/72 80/82/58
f 80/82/58 96/99/72 97/100/73
f 80/82/58 97/100/73 81/83/59
f 81/83/59 97/100/73 98/101/74
f 81/83/59 98/101/74 82/84/60
f 82/84/60 98/101/74 83/102/1
f 82/84/60 83/102/1 67/85/1
f 83/86/1 99/103/1 100/104/75
f 83/86/1 100/104/75 84/87/61
f 84/87/61 100/104/75 101/105/76
f 84/87/61 101/105/76 85/88/62
f 85/88/62 101/105/76 102/106/77
f 85/88/62 102/106/77 86/89/63
f 86/89/63 102/106/77 103/107/78
f 86/89/63 103/107/78 87/90/64
f 87/90/64 103/107/78 104/108/79
f 87/90/64 104/108/79 88/91/65
f 88/91/65 104/108/79 105/109/80
f 88/91/65 105/109/80 89/92/66
f 89/92/66 105/109/80 106/110/81
f 89/92/66 106/110/81 90/93/67
f 90/93/67 106/110/81 107/111/9
f 90/93/67 107/111/9 91/94/9
f 91/94/9 107/111/9 108/112/82
f 91/94/9 108/112/82 92/95/68
f 92/95/68 108/112/82 109/113/83
f 92/95/68 109/113/83 93/96/69
f 93/96/69 109/113/83 110/114/84
f 93/96/69 110/114/84 94/97/70
f 94/97/70 110/114/84 111/115/85
f 94/97/70 111/115/85 95/98/71
f 95/98/71 111/115/85 112/116/86
f 95/98/71 112/116/86 96/99/72
f 96/99/72 112/116/86 113/117/87
f 96/99/72 113/117/87 97/100/73
f 97/100/73 113/117/87 114/118/88
f 97/100/73 114/118/88 98/101/74
f 98/101/74 114/118/88 99/119/1
f 98/101/74 99/119/1 83/102/1
f 99/103/1 115/120/1 116/121/89
f 99/103/1 116/121/89 100/104/75
f 100/104/75 116/121/89 117/122/90
f 100/104/75 117/122/90 101/105/76
f 101/105/76 117/122/90 118/123/91
f 101/105/76 118/123/91 102/106/77
f 102/106/77 118/123/91 119/124/92
f 102/106/77 119/124/92 103/107/78
f 103/107/78 119/124/92 120/125/93
f 103/107/78 120/125/93 104/108/79
f 104/108/79 120/125/93 121/126/94
f 104/108/79 121/126/94 105/109/80
f 105/109/80 121/126/94 122/127/95
f 105/109/80 122/127/95 106/110/81
f 106/110/81 122/127/95 123/128/9
f 106/110/81 123/128/9 107/111/9
f 107/111/9 123/128/9 124/129/96
f 107/111/9 124/129/96 108/112/82
f 108/112/82 124/129/96 125/130/97
f 108/112/82 125/130/97 109/113/83
f 109/113/83 125/130/97 126/131/98
f 109/113/83 126/131/98 110/114/84
f 110/114/84 126/131/98 127/132/99
f 110/114/84 127/132/99 111/115/85
f 111/115/85 127/132/99 128/133/100
f 111/115/85 128/133/100 112/116/86
f 112/116/86 128/133/100 129/134/101
f 112/116/86 129/134/101 113/117/87
f 113/117/87 129/134/101 130/135/102
f 113/117/87 130/135/102 114/118/88
f 114/118/88 130/135/102 115/136/1
f 114/118/88 115/136/1 99/119/1
f 115/120/1 131/137/1 132/138/103
f 115/120/1 132/138/103 116/121/89
f 116/121/89 132/138/103 133/139/104
f 116/121/89 133/139/104 117/122/90
f 117/122/90 133/139/104 134/140/105
f 117/122/90 134/140/105 118/123/91
f 118/123/91 134/140/105 135/141/106
f 118/123/91 135/141/106 119/124/92
f 119/124/92 135/141/106 136/142/107
f 119/124/92 136/142/107 120/125/93
f 120/125/93 136/142/107 137/143/108
f 120/125/93 137/143/108 121/126/94
f 121/126/94 137/143/108 138/144/109
f 121/126/94 138/144/109 122/127/95
f 122/127/95 138/144/109 139/145/9
f 122/127/95 139/145/9 123/128/9
f 123/128/9 139/145/9 140/146/110
f 123/128/9 140/146/110 124/129/96
f 124/129/96 140/146/110 141/147/111
f 124/129/96 141/147/111 125/130/97
f 125/130/97 141/147/111 142/148/112
f 125/130/97 142/148/112 126/131/98
f 126/131/98 142/148/112 143/149/113
f 126/131/98 143/149/113 127/132/99
f 127/132/99 143/149/113 144/150/114
f 127/132/99 144/150/114 128/133/100
f 128/133/100 144/150/114 145/151/115
f 128/133/100 145/151/115 129/134/101
f 129/134/101 145/151/115 146/152/116
f 129/134/101 146/152/116 130/135/102
f 130/135/102 146/152/116 131/153/1
f 130/135/102 131/153/1 115/136/1
f 131/137/1 147/154/1 148/155/117
f 131/137/1 148/155/117 132/138/103
f 132/138/103 148/155/117 149/156/118
f 132/138/103 149/156/118 133/139/104
f 133/139/104 149/156/118 150/157/119
f 133/139/104 150/157/119 134/140/105
f 134/140/105 150/157/119 151/158/120
f 134/140/105 151/158/120 135/141/106
f 135/141/106 151/158/120 152/159/121
f 135/141/106 152/159/121 136/142/107
f 136/142/107 152/159/121 153/160/122
f 136/142/107 153/160/122 137/143/108
f 137/143/108 153/160/122 154/161/123
f 137/143/108 154/161/123 138/144/109
f 138/144/109 154/161/123 155/162/9
f 138/144/109 155/162/9 139/145/9
f 139/145/9 155/162/9 156/163/124
f 139/145/9 156/163/124 140/146/110
f 140/146/110 156/163/124 157/164/125
f 140/146/110 157/164/125 141/147/111
f 141/147/111 157/164/125 158/165/126
f 141/147/111 158/165/126 142/148/112
f 142/148/112 158/165/126 159/166/127
f 142/148/112 159/166/127 143/149/113
f 143/149/113 159/166/127 160/167/128
f 143/149/113 160/167/128 144/150/114
f 144/150/114 160/167/128 161/168/129
f 144/150/114 161/168/129 145/151/115
f 145/151/115 161/168/129 162/169/130
f 145/151/115 162/169/130 146/152/116
f 146/152/116 162/169/130 147/170/1
f 146/152/116 147/170/1 131/153/1
f 147/154/1 163/171/1 164/172/131
f 147/154/1 164/172/131 148/155/117
f 148/155/117 164/172/131 165/173/132
f 148/155/117 165/173/132 149/156/118
f 149/156/118 165/173/132 166/174/133
f 149/156/118 166/174/133 150/157/119
f 150/157/119 166/174/133 167/175/134
f 150/157/119 167/175/134 151/158/120
f 151/158/120 167/175/134 168/176/135
f 151/158/120 168/176/135 152/159/121
f 152/159/121 168/176/135 169/177/136
f 152/159/121 169/177/136 153/160/122
f 153/160/122 169/177/136 170/178/137
f 153/160/122 170/178/137 154/161/123
f 154/161/123 170/178/137 171/179/9
f 154/161/123 171/179/9 155/162/9
f 155/162/9 171/179/9 172/180/138
f 155/162/9 172/180/138 156/163/124
f 156/163/124 172/180/138 173/181/139
f 156/163/124 173/181/139 157/164/125
f 157/164/125 173/181/139 174/182/140
f 157/164/125 174/182/140 158/165/126
f 158/165/126 174/182/140 175/183/141
f 158/165/126 175/183/141 159/166/127
f 159/166/127 175/183/141 176/184/142
f 159/166/127 176/184/142 160/167/128
f 160/167/128 176/184/142 177/185/143
f 160/167/128 177/185/143 161/168/129
f 161/168/129 177/185/143 178/186/144
f 161/168/129 178/186/144 162/169/130
f 162/169/130 178/186/144 163/187/1
f 162/169/130 163/187/1 147/170/1
f 163/171/1 179/188/1 180/189/145
f 163/171/1 180/189/145 164/172/131
f 164/172/131 180/189/145 181/190/146
f 164/172/131 181/190/146 165/173/132
f 165/173/132 181/190/146 182/191/147
f 165/173/132 182/191/147 166/174/133
f 166/174/133 182/191/147 183/192/148
f 166/174/133 183/192/148 167/175/134
f 167/175/134 183/192/148 184/193/149
f 167/175/134 184/193/149 168/176/135
f 168/176/135 184/193/149 185/194/150
f 168/176/135 185/194/150 169/177/136
f 169/177/136 185/194/150 186/195/151
f 169/177/136 186/195/151 170/178/137
f 170/178/137 186/195/151 187/196/9
f 170/178/137 187/196/9 171/179/9
f 171/179/9 187/196/9 188/197/152
f 171/179/9 188/197/152 172/180/138
f 172/180/138 188/197/152 189/198/153
f 172/180/138 189/198/153 173/181/139
f 173/181/139 189/198/153 190/199/154
f 173/181/139 190/199/154 174/182/140
f 174/182/140 190/199/154 191/200/155
f 174/182/140 191/200/155 175/183/141
f 175/183/141 191/200/155 192/201/156
f 175/183/141 192/201/156 176/184/142
f 176/184/142 192/201/156 193/202/157
f 176/184/142 193/202/157 177/185/143
f 177/185/143 193/202/157 194/203/158
f 177/185/143 194/203/158 178/186/144
f 178/186/144 194/203/158 179/204/1
f 178/186/144 179/204/1 163/187/1
f 179/188/1 195/205/1 196/206/159
f 179/188/1 196/206/159 180/189/145
f 180/189/145 196/206/159 197/207/160
f 180/189/145 197/207/160 181/190/146
f 181/190/146 197/207/160 198/208/161
f 181/190/146 198/208/161 182/191/147
f 182/191/147 198/208/161 199/209/162
f 182/191/147 199/209/162 183/192/148
f 183/192/148 199/209/162 200/210/163
f 183/192/148 200/210/163 184/193/149
f 184/193/149 200/210/163 201/211/164
f 184/193/149 201/211/164 185/194/150
f 185/194/150 201/211/164 202/212/165
f 185/194/150 202/212/165 186/195/151
f 186/195/151 202/212/165 203/213/9
f 186/195/151 203/213/9 187/196/9
f 187/196/9 203/213/9 204/214/166
f 187/196/9 204/214/166 188/197/152
f 188/197/152 204/214/166 205/215/167
f 188/197/152 205/215/167 189/198/153
f 189/198/153 205/215/167 206/216/168
f 189/198/153 206/216/168 190/199/154
f 190/199/154 206/216/168 207/217/169
f 190/199/154 207/217/169 191/200/155
f 191/200/155 207/217/169 208/218/170
f 191/200/155 208/218/170 192/201/156
f 192/201/156 208/218/170 209/219/171
f 192/201/156 209/219/171 193/202/157
f 193/202/157 209/219/171 210/220/172
f 193/202/157 210/220/172 194/203/158
f 194/203/158 210/220/172 195/221/1
f 194/203/158 195/221/1 179/204/1
f 195/205/1 211/222/1 212/223/173
f 195/205/1 212/223/173 196/206/159
f 196/206/159 212/223/173 213/224/174
f 196/206/159 213/224/174 197/207/160
f 197/207/160 213/224/174 214/225/175
f 197/207/160 214/225/175 198/208/161
f 198/208/161 214/225/175 215/226/176
f 198/208/161 215/226/176 199/209/162
f 199/209/162 215/226/176 216/227/177
f 199/209/162 216/227/177 200/210/163
f 200/210/163 216/227/177 217/228/178
f 200/210/163 217/228/178 201/211/164
f 201/211/164 217/228/178 218/229/179
f 201/211/164 218/229/179 202/212/165
f 202/212/165 218/229/179 219/230/9
f 202/212/165 219/230/9 203/213/9
f 203/213/9 219/230/9 220/231/180
f 203/213/9 220/231/180 204/214/166
f 204/214/166 220/231/180 221/232/181
f 204/214/166 221/232/181 205/215/167
f 205/215/167 221/232/181 222/233/182
f 205/215/167 222/233/182 206/216/168
f 206/216/168 222/233/182 223/234/183
f 206/216/168 223/234/183 207/217/169
f 207/217/169 223/234/183 224/235/184
f 207/217/169 224/235/184 208/218/170
f 208/218/170 224/235/184 225/236/185
f 208/218/170 225/236/185 209/219/171
f 209/219/171 225/236/185 226/237/186
f 209/219/171 226/237/186 210/220/172
f 210/220/172 226/237/186 211/238/1
f 210/220/172 211/238/1 195/221/1
f 211/222/1 227/239/1 228/240/187
f 211/222/1 228/240/187 212/223/173
f 212/223/173 228/240/187 229/241/188
f 212/223/173 229/241/188 213/224/174
f 213/224/174 229/241/188 230/242/189
f 213/224/174 230/242/189 214/225/175
f 214/225/175 230/242/189 231/243/190
f 214/225/175 231/243/190 215/226/176
f 215/226/176 231/243/190 232/244/191
f 215/226/176 232/244/191 216/227/177
f 216/227/177 232/244/191 233/245/192
f 216/227/177 233/245/192 217/228/178
f 217/228/178 233/245/192 234/246/193
f 217/228/178 234/246/193 218/229/179
f 218/229/179 234/246/193 235/247/9
f 218/229/179 235/247/9 219/230/9
f 219/230/9 235/247/9 236/248/194
f 219/230/9 236/248/194 220/231/180
f 220/231/180 236/248/194 237/249/195
f 220/231/180 237/249/195 221/232/181
f 221/232/181 237/249/195 238/250/196
f 221/232/181 238/250/196 222/233/182
f 222/233/182 238/250/196 239/251/197
f 222/233/182 239/251/197 223/234/183
f 223/234/183 239/251/197 240/252/198
f 223/234/183 240/252/198 224/235/184
f 224/235/184 240/252/198 241/253/199
f 224/235/184 241/253/199 225/236/185
f 225/236/185 241/253/199 242/254/200
f 225/236/185 242/254/200 226/237/186
f 226/237/186 242/254/200 227/255/1
f 226/237/186 227/255/1 211/238/1
f 227/239/1 243/256/1 244/257/201
f 227/239/1 244/257/201 228/240/187
f 228/240/187 244/257/201 245/258/202
f 228/240/187 245/258/202 229/241/188
f 229/241/188 245/258/202 246/259/203
f 229/241/188 246/259/203 230/242/189
f 230/242/189 246/259/203 247/260/204
f 230/242/189 247/260/204 231/243/190
f 231/243/190 247/260/204 248/261/205
f 231/243/190 248/261/205 232/244/191
f 232/244/191 248/261/205 249/262/206
f 232/244/191 249/262/206 233/245/192
f 233/245/192 249/262/206 250/263/207
f 233/245/192 250/263/207 234/246/193
f 234/246/193 250/263/207 251/264/9
f 234/246/193 251/264/9 235/247/9
f 235/247/9 251/264/9 252/265/208
f 235/247/9 252/265/208 236/248/194
f 236/248/194 252/265/208 253/266/209
f 236/248/194 253/266/209 237/249/195
f 237/249/195 253/266/209 254/267/210
f 237/249/195 254/267/210 238/250/196
f 238/250/196 254/267/210 255/268/211
f 238/250/196 255/268/211 239/251/197
f 239/251/197 255/268/211 256/269/212
f 239/251/197 256/269/212 240/252/198
f 240/252/198 256/269/212 257/270/213
f 240/252/198 257/270/213 241/253/199
f 241/253/199 257/270/213 258/271/214
f 241/253/199 258/271/214 242/254/200
f 242/254/200 258/271/214 243/272/1
f 242/254/200 243/272/1 227/255/1
f 243/256/1 259/273/1 260/274/215
f 243/256/1 260/274/215 244/257/201
f 244/257/201 260/274/215 261/275/216
f 244/257/201 261/275/216 245/258/202
f 245/258/202 261/275/216 262/276/217
f 245/258/202 262/276/217 246/259/203
f 246/259/203 262/276/217 263/277/218
f 246/259/203 263/277/218 247/260/204
f 247/260/204 263/277/218 264/278/219
f 247/260/204 264/278/219 248/261/205
f 248/261/205 264/278/219 265/279/220
f 248/261/205 265/279/220 249/262/206
f 249/262/206 265/279/220 266/280/221
f 249/262/206 266/280/221 250/263/207
f 250/263/207 266/280/221 267/281/9
f 250/263/207 267/281/9 251/264/9
f 251/264/9 267/281/9 268/282/222
f 251/264/9 268/282/222 252/265/208
f 252/265/208 268/282/222 269/283/223
f 252/265/208 269/283/223 253/266/209
f 253/266/209 269/283/223 270/284/224
f 253/266/209 270/284/224 254/267/210
f 254/267/210 270/284/224 271/285/225
f 254/267/210 271/285/225 255/268/211
f 255/268/211 271/285/225 272/286/226
f 255/268/211 272/286/226 256/269/212
f 256/269/212 272/286/226 273/287/227
f 256/269/212 273/287/227 257/270/213
f 257/270/213 273/287/227 274/288/228
f 257/270/213 274/288/228 258/271/214
f 258/271/214 274/288/228 259/289/1
f 258/271/214 259/289/1 243/272/1
f 259/273/1 275/290/1 276/291/229
f 259/273/1 276/291/229 260/274/215
f 260/274/215 276/291/229 277/292/230
f 260/274/215 277/292/230 261/275/216
f 261/275/216 277/292/230 278/293/231
f 261/275/216 278/293/231 262/276/217
f 262/276/217 278/293/231 279/294/232
f 262/276/217 279/294/232 263/277/218
f 263/277/218 279/294/232 280/295/233
f 263/277/218 280/295/233 264/278/219
f 264/278/219 280/295/233 281/296/234
f 264/278/219 281/296/234 265/279/220
f 265/279/220 281/296/234 282/297/235
f 265/279/220 282/297/235 266/280/221
f 266/280/221 282/297/235 283/298/9
f 266/280/221 283/298/9 267/281/9
f 267/281/9 283/298/9 284/299/236
f 267/281/9 284/299/236 268/282/222
f 268/282/222 284/299/236 285/300/237
f 268/282/222 285/300/237 269/283/223
f 269/283/223 285/300/237 286/301/238
f 269/283/223 286/301/238 270/284/224
f 270/284/224 286/301/238 287/302/239
f 270/284/224 287/302/239 271/285/225
f 271/285/225 287/302/239 288/303/240
f 271/285/225 288/303/240 272/286/226
f 272/286/226 288/303/240 289/304/241
f 272/286/226 289/304/241 273/287/227
f 273/287/227 289/304/241 290/305/242
f 273/287/227 290/305/242 274/288/228
f 274/288/228 290/305/242 275/306/1
f 274/288/228 275/306/1 259/289/1
f 275/290/1 291/307/1 292/308/243
f 275/290/1 292/308/243 276/291/229
f 276/291/229 292/308/243 293/309/244
f 276/291/229 293/309/244 277/292/230
f 277/292/230 293/309/244 294/310/245
f 277/292/230 294/310/245 278/293/231
f 278/293/231 294/310/245 295/311/246
f 278/293/231 295/311/246 279/294/232
f 279/294/232 295/311/246 296/312/247
f 279/294/232 296/312/247 280/295/233
f 280/295/233 296/312/247 297/313/248
f 280/295/233 297/313/248 281/296/234
f 281/296/234 297/313/248 298/314/249
f 281/296/234 298/314/249 282/297/235
f 282/297/235 298/314/249 299/315/9
f 282/297/235 299/315/9 283/298/9
f 283/298/9 299/315/9 300/316/250
f 283/298/9 300/316/250 284/299/236
f 284/299/236 300/316/250 301/317/251
f 284/299/236 301/317/251 285/300/237
f 285/300/237 301/317/251 302/318/252
f 285/300/237 302/318/252 286/301/238
f 286/301/238 302/318/252 303/319/253
f 286/301/238 303/319/253 287/302/239
f 287/302/239 303/319/253 304/320/254
f 287/302/239 304/320/254 288/303/240
f 288/303/240 304/320/254 305/321/255
f 288/303/240 305/321/255 289/304/241
f 289/304/241 305/321/255 306/322/256
f 289/304/241 306/322/256 290/305/242
f 290/305/242 306/322/256 291/323/1
f 290/305/242 291/323/1 275/306/1
f 291/307/1 307/324/1 308/325/257
f 291/307/1 308/325/257 292/308/243
f 292/308/243 308/325/257 309/326/258
f 292/308/243 309/326/258 293/309/244
f 293/309/244 309/326/258 310/327/259
f 293/309/244 310/327/259 294/310/245
f 294/310/245 310/327/259 311/328/260
f 294/310/245 311/328/260 295/311/246
f 295/311/246 311/328/260 312/329/261
f 295/311/246 312/329/261 296/312/247
f 296/312/247 312/329/261 313/330/262
f 296/312/247 313/330/262 297/313/248
f 297/313/248 313/330/262 314/331/263
f 297/313/248 314/331/263 298/314/249
f 298/314/249 314/331/263 315/332/9
f 298/314/249 315/332/9 299/315/9
f 299/315/9 315/332/9 316/333/264
f 299/315/9 316/333/264 300/316/250
f 300/316/250 316/333/264 317/334/265
f 300/316/250 317/334/265 301/317/251
f 301/317/251 317/334/265 318/335/266
f 301/317/251 318/335/266 302/318/252
f 302/318/252 318/335/266 319/336/267
f 302/318/252 319/336/267 303/319/253
f 303/319/253 319/336/267 320/337/268
f 303/319/253 320/337/268 304/320/254
f 304/320/254 320/337/268 321/338/269
f 304/320/254 321/338/269 305/321/255
f 305/321/255 321/338/269 322/339/270
f 305/321/255 322/339/270 306/322/256
f 306/322/256 322/339/270 307/340/1
f 306/322/256 307/340/1 291/323/1
f 307/324/1 323/341/1 324/342/271
f 307/324/1 324/342/271 308/325/257
f 308/325/257 324/342/271 325/343/272
f 308/325/257 325/343/272 309/326/258
f 309/326/258 325/343/272 326/344/273
f 309/326/258 326/344/273 310/327/259
f 310/327/259 326/344/273 327/345/274
f 310/327/259 327/345/274 311/328/260
f 311/328/260 327/345/274 328/346/275
f 311/328/260 328/346/275 312/329/261
f 312/329/261 328/346/275 329/347/276
f 312/329/261 329/347/276 313/330/262
f 313/330/262 329/347/276 330/348/277
f 313/330/262 330/348/277 314/331/263
f 314/331/263 330/348/277 331/349/9
f 314/331/263 331/349/9 315/332/9
f 315/332/9 331/349/9 332/350/278
f 315/332/9 332/350/278 316/333/264
f 316/333/264 332/350/278 333/351/279
f 316/333/264 333/351/279 317/334/265
f 317/334/265 333/351/279 334/352/280
f 317/334/265 334/352/280 318/335/266
f 318/335/266 334/352/280 335/353/281
f 318/335/266 335/353/281 319/336/267
f 319/336/267 335/353/281 336/354/282
f 319/336/267 336/354/282 320/337/268
f 320/337/268 336/354/282 337/355/283
f 320/337/268 337/355/283 321/338/269
f 321/338/269 337/355/283 338/356/284
f 321/338/269 338/356/284 322/339/270
f 322/339/270 338/356/284 323/357/1
f 322/339/270 323/357/1 307/340/1
f 323/341/1 339/358/1 340/359/285
f 323/341/1 340/359/285 324/342/271
f 324/342/271 340/359/285 341/360/286
f 324/342/271 341/360/286 325/343/272
f 325/343/272 341/360/286 342/361/287
f 325/343/272 342/361/287 326/344/273
f 326/344/273 342/361/287 343/362/288
f 326/344/273 343/362/288 327/345/274
f 327/345/274 343/362/288 344/363/289
f 327/345/274 344/363/289 328/346/275
f 328/346/275 344/363/289 345/364/290
f 328/346/275 345/364/290 329/347/276
f 329/347/276 345/364/290 346/365/291
f 329/347/276 346/365/291 330/348/277
f 330/348/277 346/365/291 347/366/9
f 330/348/277 347/366/9 331/349/9
f 331/349/9 347/366/9 348/367/292
f 331/349/9 348/367/292 332/350/278
f 332/350/278 348/367/292 349/368/293
f 332/350/278 349/368/293 333/351/279
f 333/351/279 349/368/293 350/369/294
f 333/351/279 350/369/294 334/352/280
f 334/352/280 350/369/294 351/370/295
f 334/352/280 351/370/295 335/353/281
f 335/353/281 351/370/295 352/371/296
f 335/353/281 352/371/296 336/354/282
f 336/354/282 352/371/296 353/372/297
f 336/354/282 353/372/297 337/355/283
f 337/355/283 353/372/297 354/373/298
f 337/355/283 354/373/298 338/356/284
f 338/356/284 354/373/298 339/374/1
f 338/356/284 339/374/1 323/357/1
f 339/358/1 355/375/1 356/376/299
f 339/358/1 356/376/299 340/359/285
f 340/359/285 356/376/299 357/377/300
f 340/359/285 357/377/300 341/360/286
f 341/360/286 357/377/300 358/378/301
f 341/360/286 358/378/301 342/361/287
f 342/361/287 358/378/301 359/379/302
f 342/361/287 359/379/302 343/362/288
f 343/362/288 359/379/302 360/380/303
f 343/362/288 360/380/303 344/363/289
f 344/363/289 360/380/303 361/381/304
f 344/363/289 361/381/304 345/364/290
f 345/364/290 361/381/304 362/382/305
f 345/364/290 362/382/305 346/365/291
f 346/365/291 362/382/305 363/383/9
f 346/365/291 363/383/9 347/366/9
f 347/366/9 363/383/9 364/384/306
f 347/366/9 364/384/306 348/367/292
f 348/367/292 364/384/306 365/385/307
f 348/367/292 365/385/307 349/368/293
f 349/368/293 365/385/307 366/386/308
f 349/368/293 366/386/308 350/369/294
f 350/369/294 366/386/308 367/387/309
f 350/369/294 367/387/309 351/370/295
f 351/370/295 367/387/309 368/388/310
f 351/370/295 368/388/310 352/371/296
f 352/371/296 368/388/310 369/389/311
f 352/371/296 369/389/311 353/372/297
f 353/372/297 369/389/311 370/390/312
f 353/372/297 370/390/312 354/373/298
f 354/373/298 370/390/312 355/391/1
f 354/373/298 355/391/1 339/374/1
f 355/375/1 371/392/1 372/393/313
f 355/375/1 372/393/313 356/376/299
f 356/376/299 372/393/313 373/394/314
f 356/376/299 373/394/314 357/377/300
f 357/377/300 373/394/314 374/395/315
f 357/377/300 374/395/315 358/378/301
f 358/378/301 374/395/315 375/396/316
f 358/378/301 375/396/316 359/379/302
f 359/379/302 375/396/316 376/397/317
f 359/379/302 376/397/317 360/380/303
f 360/380/303 376/397/317 377/398/318
f 360/380/303 377/398/318 361/381/304
f 361/381/304 377/398/318 378/399/319
f 361/381/304 378/399/319 362/382/305
f 362/382/305 378/399/319 379/400/9
f 362/382/305 379/400/9 363/383/9
f 363/383/9 379/400/9 380/401/320
f 363/383/9 380/401/320 364/384/306
f 364/384/306 380/401/320 381/402/321
f 364/384/306 381/402/321 365/385/307
f 365/385/307 381/402/321 382/403/322
f 365/385/307 382/403/322 366/386/308
f 366/386/308 382/403/322 383/404/323
f 366/386/308 383/404/323 367/387/309
f 367/387/309 383/404/323 384/405/324
f 367/387/309 384/405/324 368/388/310
f 368/388/310 384/405/324 385/406/325
f 368/388/310 385/406/325 369/389/311
f 369/389/311 385/406/325 386/407/326
f 369/389/311 386/407/326 370/390/312
f 370/390/312 386/407/326 371/408/1
f 370/390/312 371/408/1 355/391/1
f 371/392/1 387/409/1 388/410/327
f 371/392/1 388/410/327 372/393/313
f 372/393/313 388/410/327 389/411/328
f 372/393/313 389/411/328 373/394/314
f 373/394/314 389/411/328 390/412/329
f 373/394/314 390/412/329 374/395/315
f 374/395/315 390/412/329 391/413/330
f 374/395/315 391/413/330 375/396/316
f 375/396/316 391/413/330 392/414/331
f 375/396/316 392/414/331 376/397/317
f 376/397/317 392/414/331 393/415/332
f 376/397/317 393/415/332 377/398/318
f 377/398/318 393/415/332 394/416/333
f 377/398/318 394/416/333 378/399/319
f 378/399/319 394/416/333 395/417/9
f 378/399/319 395/417/9 379/400/9
f 379/400/9 395/417/9 396/418/334
f 379/400/9 396/418/334 380/401/320
f 380/401/320 396/418/334 397/419/335
f 380/401/320 397/419/335 381/402/321
f 381/402/321 397/419/335 398/420/336
f 381/402/321 398/420/336 382/403/322
f 382/403/322 398/420/336 399/421/337
f 382/403/322 399/421/337 383/404/323
f 383/404/323 399/421/337 400/422/338
f 383/404/323 400/422/338 384/405/324
f 384/405/324 400/422/338 401/423/339
f 384/405/324 401/423/339 385/406/325
f 385/406/325 401/423/339 402/424/340
f 385/406/325 402/424/340 386/407/326
f 386/407/326 402/424/340 387/425/1
f 386/407/326 387/425/1 371/408/1
f 387/409/1 403/426/1 404/427/341
f 387/409/1 404/427/341 388/410/327
f 388/410/327 404/427/341 405/428/342
f 388/410/327 405/428/342 389/411/328
f 389/411/328 405/428/342 406/429/343
f 389/411/328 406/429/343 390/412/329
f 390/412/329 406/429/343 407/430/344
f 390/412/329 407/430/344 391/413/330
f 391/413/330 407/430/344 408/431/345
f 391/413/330 408/431/345 392/414/331
f 392/414/331 408/431/345 409/432/346
f 392/414/331 409/432/346 393/415/332
f 393/415/332 409/432/346 410/433/347
f 393/415/332 410/433/347 394/416/333
f 394/416/333 410/433/347 411/434/9
f 394/416/333 411/434/9 395/417/9
f 395/417/9 411/434/9 412/435/348
f 395/417/9 412/435/348 396/418/334
f 396/418/334 412/435/348 413/436/349
f 396/418/334 413/436/349 397/419/335
f 397/419/335 413/436/349 414/437/350
f 397/419/335 414/437/350 398/420/336
f 398/420/336 414/437/350 415/438/351
f 398/420/336 415/438/351 399/421/337
f 399/421/337 415/438/351 416/439/352
f 399/421/337 416/439/352 400/422/338
f 400/422/338 416/439/352 417/440/353
f 400/422/338 417/440/353 401/423/339
f 401/423/339 417/440/353 418/441/354
f 401/423/339 418/441/354 402/424/340
f 402/424/340 418/441/354 403/442/1
f 402/424/340 403/442/1 387/425/1
f 403/426/1 419/443/1 420/444/355
f 403/426/1 420/444/355 404/427/341
f 404/427/341 420/444/355 421/445/356
f 404/427/341 421/445/356 405/428/342
f 405/428/342 421/445/356 422/446/357
f 405/428/342 422/446/357 406/429/343
f 406/429/343 422/446/357 423/447/358
f 406/429/343 423/447/358 407/430/344
f 407/430/344 423/447/358 424/448/359
f 407/430/344 424/448/359 408/431/345
f 408/431/345 424/448/359 425/449/360
f 408/431/345 425/449/360 409/432/346
f 409/432/346 425/449/360 426/450/361
f 409/432/346 426/450/361 410/433/347
f 410/433/347 426/450/361 427/451/9
f 410/433/347 427/451/9 411/434/9
f 411/434/9 427/451/9 428/452/362
f 411/434/9 428/452/362 412/435/348
f 412/435/348 428/452/362 429/453/363
f 412/435/348 429/453/363 413/436/349
f 413/436/349 429/453/363 430/454/364
f 413/436/349 430/454/364 414/437/350
f 414/437/350 430/454/364 431/455/365
f 414/437/350 431/455/365 415/438/351
f 415/438/351 431/455/365 432/456/366
f 415/438/351 432/456/366 416/439/352
f 416/439/352 432/456/366 433/457/367
f 416/439/352 433/457/367 417/440/353
f 417/440/353 433/457/367 434/458/368
f 417/440/353 434/458/368 418/441/354
f 418/441/354 434/458/368 419/459/1
f 418/441/354 419/459/1 403/442/1
f 419/443/1 435/460/1 436/461/369
f 419/443/1 436/461/369 420/444/355
f 420/444/355 436/461/369 437/462/370
f 420/444/355 437/462/370 421/445/356
f 421/445/356 437/462/370 438/463/371
f 421/445/356 438/463/371 422/446/357
f 422/446/357 438/463/371 439/464/372
f 422/446/357 439/464/372 423/447/358
f 423/447/358 439/464/372 440/465/373
f 423/447/358 440/465/373 424/448/359
f 424/448/359 440/465/373 441/466/374
f 424/448/359 441/466/374 425/449/360
f 425/449/360 441/466/374 442/467/375
f 425/449/360 442/467/375 426/450/361
f 426/450/361 442/467/375 443/468/9
f 426/450/361 443/468/9 427/451/9
f 427/451/9 443/468/9 444/469/376
f 427/451/9 444/469/376 428/452/362
f 428/452/362 444/469/376 445/470/377
f 428/452/362 445/470/377 429/453/363
f 429/453/363 445/470/377 446/471/378
f 429/453/363 446/471/378 430/454/364
f 430/454/364 446/471/378 447/472/379
f 430/454/364 447/472/379 431/455/365
f 431/455/365 447/472/379 448/473/380
f 431/455/365 448/473/380 432/456/366
f 432/456/366 448/473/380 449/474/381
f 432/456/366 449/474/381 433/457/367
f 433/457/367 449/474/381 450/475/382
f 433/457/367 450/475/382 434/458/368
f 434/458/368 450/475/382 435/476/1
f 434/458/368 435/476/1 419/459/1
f 435/460/1 451/477/1 452/478/383
f 435/460/1 452/478/383 436/461/369
f 436/461/369 452/478/383 453/479/384
f 436/461/369 453/479/384 437/462/370
f 437/462/370 453/479/384 454/480/385
f 437/462/370 454/480/385 438/463/371
f 438/463/371 454/480/385 455/481/386
f 438/463/371 455/481/386 439/464/372
f 439/464/372 455/481/386 456/482/387
f 439/464/372 456/482/387 440/465/373
f 440/465/373 456/482/387 457/483/388
f 440/465/373 457/483/388 441/466/374
f 441/466/374 457/483/388 458/484/389
f 441/466/374 458/484/389 442/467/375
f 442/467/375 458/484/389 459/485/9
f 442/467/375 459/485/9 443/468/9
f 443/468/9 459/485/9 460/486/390
f 443/468/9 460/486/390 444/469/376
f 444/469/376 460/486/390 461/487/391
f 444/469/376 461/487/391 445/470/377
f 445/470/377 461/487/391 462/488/392
f 445/470/377 462/488/392 446/471/378
f 446/471/378 462/488/392 463/489/393
f 446/471/378 463/489/393 447/472/379
f 447/472/379 463/489/393 464/490/394
f 447/472/379 464/490/394 448/473/380
f 448/473/380 464/490/394 465/491/395
f 448/473/380 465/491/395 449/474/381
f 449/474/381 465/491/395 466/492/396
f 449/474/381 466/492/396 450/475/382
f 450/475/382 466/492/396 451/493/1
f 450/475/382 451/493/1 435/476/1
f 451/477/1 467/494/1 468/495/397
f 451/477/1 468/495/397 452/478/383
f 452/478/383 468/495/397 469/496/398
f 452/478/383 469/496/398 453/479/384
f 453/479/384 469/496/398 470/497/399
f 453/479/384 470/497/399 454/480/385
f 454/480/385 470/497/399 471/498/400
f 454/480/385 471/498/400 455/481/386
f 455/481/386 471/498/400 472/499/401
f 455/481/386 472/499/401 456/482/387
f 456/482/387 472/499/401 473/500/402
f 456/482/387 473/500/402 457/483/388
f 457/483/388 473/500/402 474/501/403
f 457/483/388 474/501/403 458/484/389
f 458/484/389 474/501/403 475/502/9
f 458/484/389 475/502/9 459/485/9
f 459/485/9 475/502/9 476/503/404
f 459/485/9 476/503/404 460/486/390
f 460/486/390 476/503/404 477/504/405
f 460/486/390 477/504/405 461/487/391
f 461/487/391 477/504/405 478/505/406
f 461/487/391 478/505/406 462/488/392
f 462/488/392 478/505/406 479/506/407
f 462/488/392 479/506/407 463/489/393
f 463/489/393 479/506/407 480/507/408
f 463/489/393 480/507/408 464/490/394
f 464/490/394 480/507/408 481/508/409
f 464/490/394 481/508/409 465/491/395
f 465/491/395 481/508/409 482/509/410
f 465/491/395 482/509/410 466/492/396
f 466/492/396 482/509/410 467/510/1
f 466/492/396 467/510/1 451/493/1
f 467/494/1 483/511/1 484/512/411
f 467/494/1 484/512/411 468/495/397
f 468/495/397 484/512/411 485/513/412
f 468/495/397 485/513/412 469/496/398
f 469/496/398 485/513/412 486/514/413
f 469/496/398 486/514/413 470/497/399
f 470/497/399 486/514/413 487/515/414
f 470/497/399 487/515/414 471/498/400
f 471/498/400 487/515/414 488/516/415
f 471/498/400 488/516/415 472/499/401
f 472/499/401 488/516/415 489/517/416
f 472/499/401 489/517/416 473/500/402
f 473/500/402 489/517/416 490/518/417
f 473/500/402 490/518/417 474/501/403
f 474/501/403 490/518/417 491/519/9
f 474/501/403 491/519/9 475/502/9
f 475/502/9 491/519/9 492/520/418
f 475/502/9 492/520/418 476/503/404
f 476/503/404 492/520/418 493/521/419
f 476/503/404 493/521/419 477/504/405
f 477/504/405 493/521/419 494/522/420
f 477/504/405 494/522/420 478/505/406
f 478/505/406 494/522/420 495/523/421
f 478/505/406 495/523/421 479/506/407
f 479/506/407 495/523/421 496/524/422
f 479/506/407 496/524/422 480/507/408
f 480/507/408 496/524/422 497/525/423
f 480/507/408 497/525/423 481/508/409
f 481/508/409 497/525/423 498/526/424
f 481/508/409 498/526/424 482/509/410
f 482/509/410 498/526/424 483/527/1
f 482/509/410 483/527/1 467/510/1
f 483/511/1 499/528/1 500/529/425
f 483/511/1 500/529/425 484/512/411
f 484/512/411 500/529/425 501/530/426
f 484/512/411 501/530/426 485/513/412
f 485/513/412 501/530/426 502/531/427
f 485/513/412 502/531/427 486/514/413
f 486/514/413 502/531/427 503/532/428
f 486/514/413 503/532/428 487/515/414
f 487/515/414 503/532/428 504/533/429
f 487/515/414 504/533/429 488/516/415
f 488/516/415 504/533/429 505/534/430
f 488/516/415 505/534/430 489/517/416
f 489/517/416 505/534/430 506/535/431
f 489/517/416 506/535/431 490/518/417
f 490/518/417 506/535/431 507/536/9
f 490/518/417 507/536/9 491/519/9
f 491/519/9 507/536/9 508/537/432
f 491/519/9 508/537/432 492/520/418
f 492/520/418 508/537/432 509/538/433
f 492/520/418 509/538/433 493/521/419
f 493/521/419 509/538/433 510/539/434
f 493/521/419 510/539/434 494/522/420
f 494/522/420 510/539/434 511/540/435
f 494/522/420 511/540/435 495/523/421
f 495/523/421 511/540/435 512/541/436
f 495/523/421 512/541/436 496/524/422
f 496/524/422 512/541/436 513/542/437
f 496/524/422 513/542/437 497/525/423
f 497/525/423 513/542/437 514/543/438
f 497/525/423 514/543/438 498/526/424
f 498/526/424 514/543/438 499/544/1
f 498/526/424 499/544/1 483/527/1
f 499/528/1 515/545/1 516/546/439
f 499/528/1 516/546/439 500/529/425
f 500/529/425 516/546/439 517/547/440
f 500/529/425 517/547/440 501/530/426
f 501/530/426 517/547/440 518/548/441
f 501/530/426 518/548/441 502/531/427
f 502/531/427 518/548/441 519/549/442
f 502/531/427 519/549/442 503/532/428
f 503/532/428 519/549/442 520/550/443
f 503/532/428 520/550/443 504/533/429
f 504/533/429 520/550/443 521/551/444
f 504/533/429 521/551/444 505/534/430
f 505/534/430 521/551/444 522/552/445
f 505/534/430 522/552/445 506/535/431
f 506/535/431 522/552/445 523/553/9
f 506/535/431 523/553/9 507/536/9
f 507/536/9 523/553/9 524/554/446
f 507/536/9 524/554/446 508/537/432
f 508/537/432 524/554/446 525/555/447
f 508/537/432 525/555/447 509/538/433
f 509/538/433 525/555/447 526/556/448
f 509/538/433 526/556/448 510/539/434
f 510/539/434 526/556/448 527/557/449
f 510/539/434 527/557/449 511/540/435
f 511/540/435 527/557/449 528/558/450
f 511/540/435 528/558/450 512/541/436
f 512/541/436 528/558/450 529/559/451
f 512/541/436 529/559/451 513/542/437
f 513/542/437 529/559/451 530/560/452
f 513/542/437 530/560/452 514/543/438
f 514/543/438 530/560/452 515/561/1
f 514/543/438 515/561/1 499/544/1
f 515/545/1 531/562/1 532/563/453
f 515/545/1 532/563/453 516/546/439
f 516/546/439 532/563/453 533/564/454
f 516/546/439 533/564/454 517/547/440
f 517/547/440 533/564/454 534/565/455
f 517/547/440 534/565/455 518/548/441
f 518/548/441 534/565/455 535/566/456
f 518/548/441 535/566/456 519/549/442
f 519/549/442 535/566/456 536/567/457
f 519/549/442 536/567/457 520/550/443
f 520/550/443 536/567/457 537/568/458
f 520/550/443 537/568/458 521/551/444
f 521/551/444 537/568/458 538/569/459
f 521/551/444 538/569/459 522/552/445
f 522/552/445 538/569/459 539/570/9
f 522/552/445 539/570/9 523/553/9
f 523/553/9 539/570/9 540/571/460
f 523/553/9 540/571/460 524/554/446
f 524/554/446 540/571/460 541/572/461
f 524/554/446 541/572/461 525/555/447
f 525/555/447 541/572/461 542/573/462
f 525/555/447 542/573/462 526/556/448
f 526/556/448 542/573/462 543/574/463
f 526/556/448 543/574/463 527/557/449
f 527/557/449 543/574/463 544/575/464
f 527/557/449 544/575/464 528/558/450
f 528/558/450 544/575/464 545/576/465
f 528/558/450 545/576/465 529/559/451
f 529/559/451 545/576/465 546/577/466
f 529/559/451 546/577/466 530/560/452
f 530/560/452 546/577/466 531/578/1
f 530/560/452 531/578/1 515/561/1
f 531/562/1 547/579/1 548/580/467
f 531/562/1 548/580/467 532/563/453
f 532/563/453 548/580/467 549/581/468
f 532/563/453 549/581/468 533/564/454
f 533/564/454 549/581/468 550/582/469
f 533/564/454 550/582/469 534/565/455
f 534/565/455 550/582/469 551/583/470
f 534/565/455 551/583/470 535/566/456
f 535/566/456 551/583/470 552/584/471
f 535/566/456 552/584/471 536/567/457
f 536/567/457 552/584/471 553/585/472
f 536/567/457 553/585/472 537/568/458
f 537/568/458 553/585/472 554/586/473
f 537/568/458 554/586/473 538/569/459
f 538/569/459 554/586/473 555/587/9
f 538/569/459 555/587/9 539/570/9
f 539/570/9 555/587/9 556/588/474
f 539/570/9 556/588/474 540/571/460
f 540/571/460 556/588/474 557/589/475
f 540/571/460 557/589/475 541/572/461
f 541/572/461 557/589/475 558/590/476
f 541/572/461 558/590/476 542/573/462
f 542/573/462 558/590/476 559/591/477
f 542/573/462 559/591/477 543/574/463
f 543/574/463 559/591/477 560/592/478
f 543/574/463 560/592/478 544/575/464
f 544/575/464 560/592/478 561/593/479
f 544/575/464 561/593/479 545/576/465
f 545/576/465 561/593/479 562/594/480
f 545/576/465 562/594/480 546/577/466
f 546/577/466 562/594/480 547/595/1
f 546/577/466 547/595/1 531/578/1
f 547/579/1 563/596/1 564/597/481
f 547/579/1 564/597/481 548/580/467
f 548/580/467 564/597/481 565/598/482
f 548/580/467 565/598/482 549/581/468
f 549/581/468 565/598/482 566/599/483
f 549/581/468 566/599/483 550/582/469
f 550/582/469 566/599/483 567/600/484
f 550/582/469 567/600/484 551/583/470
f 551/583/470 567/600/484 568/601/485
f 551/583/470 568/601/485 552/584/471
f 552/584/471 568/601/485 569/602/486
f 552/584/471 569/602/486 553/585/472
f 553/585/472 569/602/486 570/603/487
f 553/585/472 570/603/487 554/586/473
f 554/586/473 570/603/487 571/604/9
f 554/586/473 571/604/9 555/587/9
f 555/587/9 571/604/9 572/605/488
f 555/587/9 572/605/488 556/588/474
f 556/588/474 572/605/488 573/606/489
f 556/588/474 573/606/489 557/589/475
f 557/589/475 573/606/489 574/607/490
f 557/589/475 574/607/490 558/590/476
f 558/590/476 574/607/490 575/608/491
f 558/590/476 575/608/491 559/591/477
f 559/591/477 575/608/491 576/609/492
f 559/591/477 576/609/492 560/592/478
f 560/592/478 576/609/492 577/610/493
f 560/592/478 577/610/493 561/593/479
f 561/593/479 577/610/493 578/611/494
f 561/593/479 578/611/494 562/594/480
f 562/594/480 578/611/494 563/612/1
f 562/594/480 563/612/1 547/595/1
f 563/596/1 579/613/1 580/614/495
f 563/596/1 580/614/495 564/597/481
f 564/597/481 580/614/495 581/615/496
f 564/597/481 581/615/496 565/598/482
f 565/598/482 581/615/496 582/616/497
f 565/598/482 582/616/497 566/599/483
f 566/599/483 582/616/497 583/617/498
f 566/599/483 583/617/498 567/600/484
f 567/600/484 583/617/498 584/618/499
f 567/600/484 584/618/499 568/601/485
f 568/601/485 584/618/499 585/619/500
f 568/601/485 585/619/500 569/602/486
f 569/602/486 585/619/500 586/620/501
f 569/602/486 586/620/501 570/603/487
f 570/603/487 586/620/501 587/621/9
f 570/603/487 587/621/9 571/604/9
f 571/604/9 587/621/9 588/622/502
f 571/604/9 588/622/502 572/605/488
f 572/605/488 588/622/502 589/623/503
f 572/605/488 589/623/503 573/606/489
f 573/606/489 589/623/503 590/624/504
f 573/606/489 590/624/504 574/607/490
f 574/607/490 590/624/504 591/625/505
f 574/607/490 591/625/505 575/608/491
f 575/608/491 591/625/505 592/626/506
f 575/608/491 592/626/506 576/609/492
f 576/609/492 592/626/506 593/627/507
f 576/609/492 593/627/507 577/610/493
f 577/610/493 593/627/507 594/628/508
f 577/610/493 594/628/508 578/611/494
f 578/611/494 594/628/508 579/629/1
f 578/611/494 579/629/1 563/612/1
f 579/613/1 595/630/1 596/631/509
f 579/613/1 596/631/509 580/614/495
f 580/614/495 596/631/509 597/632/510
f 580/614/495 597/632/510 581/615/496
f 581/615/496 597/632/510 598/633/511
f 581/615/496 598/633/511 582/616/497
f 582/616/497 598/633/511 599/634/512
f 582/616/497 599/634/512 583/617/498
f 583/617/498 599/634/512 600/635/513
f 583/617/498 600/635/513 584/618/499
f 584/618/499 600/635/513 601/636/514
f 584/618/499 601/636/514 585/619/500
f 585/619/500 601/636/514 602/637/515
f 585/619/500 602/637/515 586/620/501
f 586/620/501 602/637/515 603/638/9
f 586/620/501 603/638/9 587/621/9
f 587/621/9 603/638/9 604/639/516
f 587/621/9 604/639/516 588/622/502
f 588/622/502 604/639/516 605/640/517
f 588/622/502 605/640/517 589/623/503
f 589/623/503 605/640/517 606/641/518
f 589/623/503 606/641/518 590/624/504
f 590/624/504 606/641/518 607/642/519
f 590/624/504 607/642/519 591/625/505
f 591/625/505 607/642/519 608/643/520
f 591/625/505 608/643/520 592/626/506
f 592/626/506 608/643/520 609/644/521
f 592/626/506 609/644/521 593/627/507
f 593/627/507 609/644/521 610/645/522
f 593/627/507 610/645/522 594/628/508
f 594/628/508 610/645/522 595/646/1
f 594/628/508 595/646/1 579/629/1
f 595/630/1 611/647/1 612/648/523
f 595/630/1 612/648/523 596/631/509
f 596/631/509 612/648/523 613/649/524
f 596/631/509 613/649/524 597/632/510
f 597/632/510 613/649/524 614/650/525
f 597/632/510 614/650/525 598/633/511
f 598/633/511 614/650/525 615/651/526
f 598/633/511 615/651/526 599/634/512
f 599/634/512 615/651/526 616/652/527
f 599/634/512 616/652/527 600/635/513
f 600/635/513 616/652/527 617/653/528
f 600/635/513 617/653/528 601/636/514
f 601/636/514 617/653/528 618/654/529
f 601/636/514 618/654/529 602/637/515
f 602/637/515 618/654/529 619/655/9
f 602/637/515 619/655/9 603/638/9
f 603/638/9 619/655/9 620/656/530
f 603/638/9 620/656/530 604/639/516
f 604/639/516 620/656/530 621/657/531
f 604/639/516 621/657/531 605/640/517
f 605/640/517 621/657/531 622/658/532
f 605/640/517 622/658/532 606/641/518
f 606/641/518 622/658/532 623/659/533
f 606/641/518 623/659/533 607/642/519
f 607/642/519 623/659/533 624/660/534
f 607/642/519 624/660/534 608/643/520
f 608/643/520 624/660/534 625/661/535
f 608/643/520 625/661/535 609/644/521
f 609/644/521 625/661/535 626/662/536
f 609/644/521 626/662/536 610/645/522
f 610/645/522 626/662/536 611/663/1
f 610/645/522 611/663/1 595/646/1
f 611/647/1 627/664/1 628/665/537
f 611/647/1 628/665/537 612/648/523
f 612/648/523 628/665/537 629/666/538
f 612/648/523 629/666/538 613/649/524
f 613/649/524 629/666/538 630/667/539
f 613/649/524 630/667/539 614/650/525
f 614/650/525 630/667/539 631/668/540
f 614/650/525 631/668/540 615/651/526
f 615/651/526 631/668/540 632/669/541
f 615/651/526 632/669/541 616/652/527
f 616/652/527 632/669/541 633/670/542
f 616/652/527 633/670/542 617/653/528
f 617/653/528 633/670/542 634/671/543
f 617/653/528 634/671/543 618/654/529
f 618/654/529 634/671/543 635/672/9
f 618/654/529 635/672/9 619/655/9
f 619/655/9 635/672/9 636/673/544
f 619/655/9 636/673/544 620/656/530
f 620/656/530 636/673/544 637/674/545
f 620/656/530 637/674/545 621/657/531
f 621/657/531 637/674/545 638/675/546
f 621/657/531 638/675/546 622/658/532
f 622/658/532 638/675/546 639/676/547
f 622/658/532 639/676/547 623/659/533
f 623/659/533 639/676/547 640/677/548
f 623/659/533 640/677/548 624/660/534
f 624/660/534 640/677/548 641/678/549
f 624/660/534 641/678/549 625/661/535
f 625/661/535 641/678/549 642/679/550
f 625/661/535 642/679/550 626/662/536
f 626/662/536 642/679/550 627/680/1
f 626/662/536 627/680/1 611/663/1
f 627/664/1 643/681/1 644/682/551
f 627/664/1 644/682/551 628/665/537
f 628/665/537 644/682/551 645/683/552
f 628/665/537 645/683/552 629/666/538
f 629/666/538 645/683/552 646/684/553
f 629/666/538 646/684/553 630/667/539
f 630/667/539 646/684/553 647/685/554
f 630/667/539 647/685/554 631/668/540
f 631/668/540 647/685/554 648/686/555
f 631/668/540 648/686/555 632/669/541
f 632/669/541 648/686/555 649/687/556
f 632/669/541 649/687/556 633/670/542
f 633/670/542 649/687/556 650/688/557
f 633/670/542 650/688/557 634/671/543
f 634/671/543 650/688/557 651/689/9
f 634/671/543 651/689/9 635/672/9
f 635/672/9 651/689/9 652/690/558
f 635/672/9 652/690/558 636/673/544
f 636/673/544 652/690/558 653/691/559
f 636/673/544 653/691/559 637/674/545
f 637/674/545 653/691/559 654/692/560
f 637/674/545 654/692/560 638/675/546
f 638/675/546 654/692/560 655/693/561
f 638/675/546 655/693/561 639/676/547
f 639/676/547 655/693/561 656/694/562
f 639/676/547 656/694/562 640/677/548
f 640/677/548 656/694/562 657/695/563
f 640/677/548 657/695/563 641/678/549
f 641/678/549 657/695/563 658/696/564
f 641/678/549 658/696/564 642/679/550
f 642/679/550 658/696/564 643/697/1
f 642/679/550 643/697/1 627/680/1
f 643/681/1 659/698/1 660/699/565
f 643/681/1 660/699/565 644/682/551
f 644/682/551 660/699/565 661/700/566
f 644/682/551 661/700/566 645/683/552
f 645/683/552 661/700/566 662/701/567
f 645/683/552 662/701/567 646/684/553
f 646/684/553 662/701/567 663/702/568
f 646/684/553 663/702/568 647/685/554
f 647/685/554 663/702/568 664/703/569
f 647/685/554 664/703/569 648/686/555
f 648/686/555 664/703/569 665/704/570
f 648/686/555 665/704/570 649/687/556
f 649/687/556 665/704/570 666/705/571
f 649/687/556 666/705/571 650/688/557
f 650/688/557 666/705/571 667/706/9
f 650/688/557 667/706/9 651/689/9
f 651/689/9 667/706/9 668/707/572
f 651/689/9 668/707/572 652/690/558
f 652/690/558 668/707/572 669/708/573
f 652/690/558 669/708/573 653/691/559
f 653/691/559 669/708/573 670/709/574
f 653/691/559 670/709/574 654/692/560
f 654/692/560 670/709/574 671/710/575
f 654/692/560 671/710/575 655/693/561
f 655/693/561 671/710/575 672/711/576
f 655/693/561 672/711/576 656/694/562
f 656/694/562 672/711/576 673/712/577
f 656/694/562 673/712/577 657/695/563
f 657/695/563 673/712/577 674/713/578
f 657/695/563 674/713/578 658/696/564
f 658/696/564 674/713/578 659/714/1
f 658/696/564 659/714/1 643/697/1
f 659/698/1 675/715/1 676/716/579
f 659/698/1 676/716/579 660/699/565
f 660/699/565 676/716/579 677/717/580
f 660/699/565 677/717/580 661/700/566
f 661/700/566 677/717/580 678/718/581
f 661/700/566 678/718/581 662/701/567
f 662/701/567 678/718/581 679/719/582
f 662/701/567 679/719/582 663/702/568
f 663/702/568 679/719/582 680/720/583
f 663/702/568 680/720/583 664/703/569
f 664/703/569 680/720/583 681/721/584
f 664/703/569 681/721/584 665/704/570
f 665/704/570 681/721/584 682/722/585
f 665/704/570 682/722/585 666/705/571
f 666/705/571 682/722/585 683/723/9
f 666/705/571 683/723/9 667/706/9
f 667/706/9 683/723/9 684/724/586
f 667/706/9 684/724/586 668/707/572
f 668/707/572 684/724/586 685/725/587
f 668/707/572 685/725/587 669/708/573
f 669/708/573 685/725/587 686/726/588
f 669/708/573 686/726/588 670/709/574
f 670/709/574 686/726/588 687/727/589
f 670/709/574 687/727/589 671/710/575
f 671/710/575 687/727/589 688/728/590
f 671/710/575 688/728/590 672/711/576
f 672/711/576 688/728/590 689/729/591
f 672/711/576 689/729/591 673/712/577
f 673/712/577 689/729/591 690/730/592
f 673/712/577 690/730/592 674/713/578
f 674/713/578 690/730/592 675/731/1
f 674/713/578 675/731/1 659/714/1
f 675/715/1 691/732/1 692/733/593
f 675/715/1 692/733/593 676/716/579
f 676/716/579 692/733/593 693/734/594
f 676/716/579 693/734/594 677/717/580
f 677/717/580 693/734/594 694/735/595
f 677/717/580 694/735/595 678/718/581
f 678/718/581 694/735/595 695/736/596
f 678/718/581 695/736/596 679/719/582
f 679/719/582 695/736/596 696/737/597
f 679/719/582 696/737/597 680/720/583
f 680/720/583 696/737/597 697/738/598
f 680/720/583 697/738/598 681/721/584
f 681/721/584 697/738/598 698/739/599
f 681/721/584 698/739/599 682/722/585
f 682/722/585 698/739/599 699/740/9
f 682/722/585 699/740/9 683/723/9
f 683/723/9 699/740/9 700/741/600
f 683/723/9 700/741/600 684/724/586
f 684/724/586 700/741/600 701/742/601
f 684/724/586 701/742/601 685/725/587
f 685/725/587 701/742/601 702/743/602
f 685/725/587 702/743/602 686/726/588
f 686/726/588 702/743/602 703/744/603
f 686/726/588 703/744/603 687/727/589
f 687/727/589 703/744/603 704/745/604
f 687/727/589 704/745/604 688/728/590
f 688/728/590 704/745/604 705/746/605
f 688/728/590 705/746/605 689/729/591
f 689/729/591 705/746/605 706/747/606
f 689/729/591 706/747/606 690/730/592
f 690/730/592 706/747/606 691/748/1
f 690/730/592 691/748/1 675/731/1
f 691/732/1 707/749/1 708/750/607
f 691/732/1 708/750/607 692/733/593
f 692/733/593 708/750/607 709/751/608
f 692/733/593 709/751/608 693/734/594
f 693/734/594 709/751/608 710/752/609
f 693/734/594 710/752/609 694/735/595
f 694/735/595 710/752/609 711/753/610
f 694/735/595 711/753/610 695/736/596
f 695/736/596 711/753/610 712/754/611
f 695/736/596 712/754/611 696/737/597
f 696/737/597 712/754/611 713/755/612
f 696/737/597 713/755/612 697/738/598
f 697/738/598 713/755/612 714/756/613
f 697/738/598 714/756/613 698/739/599
f 698/739/599 714/756/613 715/757/9
f 698/739/599 715/757/9 699/740/9
f 699/740/9 715/757/9 716/758/614
f 699/740/9 716/758/614 700/741/600
f 700/741/600 716/758/614 717/759/615
f 700/741/600 717/759/615 701/742/601
f 701/742/601 717/759/615 718/760/616
f 701/742/601 718/760/616 702/743/602
f 702/743/602 718/760/616 719/761/617
f 702/743/602 719/761/617 703/744/603
f 703/744/603 719/761/617 720/762/618
f 703/744/603 720/762/618 704/745/604
f 704/745/604 720/762/618 721/763/619
f 704/745/604 721/763/619 705/746/605
f 705/746/605 721/763/619 722/764/620
f 705/746/605 722/764/620 706/747/606
f 706/747/606 722/764/620 707/765/1
f 706/747/606 707/765/1 691/748/1
f 707/749/1 723/766/1 724/767/621
f 707/749/1 724/767/621 708/750/607
f 708/750/607 724/767/621 725/768/622
f 708/750/607 725/768/622 709/751/608
f 709/751/608 725/768/622 726/769/623
f 709/751/608 726/769/623 710/752/609
f 710/752/609 726/769/623 727/770/624
f 710/752/609 727/770/624 711/753/610
f 711/753/610 727/770/624 728/771/625
f 711/753/610 728/771/625 712/754/611
f 712/754/611 728/771/625 729/772/626
f 712/754/611 729/772/626 713/755/612
f 713/755/612 729/772/626 730/773/627
f 713/755/612 730/773/627 714/756/613
f 714/756/613 730/773/627 731/774/9
f 714/756/613 731/774/9 715/757/9
f 715/757/9 731/774/9 732/775/628
f 715/757/9 732/775/628 716/758/614
f 716/758/614 732/775/628 733/776/629
f 716/758/614 733/776/629 717/759/615
f 717/759/615 733/776/629 734/777/630
f 717/759/615 734/777/630 718/760/616
f 718/760/616 734/777/630 735/778/631
f 718/760/616 735/778/631 719/761/617
f 719/761/617 735/778/631 736/779/632
f 719/761/617 736/779/632 720/762/618
f 720/762/618 736/779/632 737/780/633
f 720/762/618 737/780/633 721/763/619
f 721/763/619 737/780/633 738/781/634
f 721/763/619 738/781/634 722/764/620
f 722/764/620 738/781/634 723/782/1
f 722/764/620 723/782/1 707/765/1
f 723/766/1 739/783/1 740/784/635
f 723/766/1 740/784/635 724/767/621
f 724/767/621 740/784/635 741/785/636
f 724/767/621 741/785/636 725/768/622
f 725/768/622 741/785/636 742/786/637
f 725/768/622 742/786/637 726/769/623
f 726/769/623 742/786/637 743/787/638
f 726/769/623 743/787/638 727/770/624
f 727/770/624 743/787/638 744/788/639
f 727/770/624 744/788/639 728/771/625
f 728/771/625 744/788/639 745/789/640
f 728/771/625 745/789/640 729/772/626
f 729/772/626 745/789/640 746/790/641
f 729/772/626 746/790/641 730/773/627
f 730/773/627 746/790/641 747/791/9
f 730/773/627 747/791/9 731/774/9
f 731/774/9 747/791/9 748/792/642
f 731/774/9 748/792/642 732/775/628
f 732/775/628 748/792/642 749/793/643
f 732/775/628 749/793/643 733/776/629
f 733/776/629 749/793/643 750/794/644
f 733/776/629 750/794/644 734/777/630
f 734/777/630 750/794/644 751/795/645
f 734/777/630 751/795/645 735/778/631
f 735/778/631 751/795/645 752/796/646
f 735/778/631 752/796/646 736/779/632
f 736/779/632 752/796/646 753/797/647
f 736/779/632 753/797/647 737/780/633
f 737/780/633 753/797/647 754/798/648
f 737/780/633 754/798/648 738/781/634
f 738/781/634 754/798/648 739/799/1
f 738/781/634 739/799/1 723/782/1
f 739/783/1 755/800/1 756/801/649
f 739/783/1 756/801/649 740/784/635
f 740/784/635 756/801/649 757/802/650
f 740/784/635 757/802/650 741/785/636
f 741/785/636 757/802/650 758/803/651
f 741/785/636 758/803/651 742/786/637
f 742/786/637 758/803/651 759/804/652
f 742/786/637 759/804/652 743/787/638
f 743/787/638 759/804/652 760/805/653
f 743/787/638 760/805/653 744/788/639
f 744/788/639 760/805/653 761/806/654
f 744/788/639 761/806/654 745/789/640
f 745/789/640 761/806/654 762/807/655
f 745/789/640 762/807/655 746/790/641
f 746/790/641 762/807/655 763/808/9
f 746/790/641 763/808/9 747/791/9
f 747/791/9 763/808/9 764/809/656
f 747/791/9 764/809/656 748/792/642
f 748/792/642 764/809/656 765/810/657
f 748/792/642 765/810/657 749/793/643
f 749/793/643 765/810/657 766/811/658
f 749/793/643 766/811/658 750/794/644
f 750/794/644 766/811/658 767/812/659
f 750/794/644 767/812/659 751/795/645
f 751/795/645 767/812/659 768/813/660
f 751/795/645 768/813/660 752/796/646
f 752/796/646 768/813/660 769/814/661
f 752/796/646 769/814/661 753/797/647
f 753/797/647 769/814/661 770/815/662
f 753/797/647 770/815/662 754/798/648
f 754/798/648 770/815/662 755/816/1
f 754/798/648 755/816/1 739/799/1
f 755/800/1 771/817/1 772/818/663
f 755/800/1 772/818/663 756/801/649
f 756/801/649 772/818/663 773/819/664
f 756/801/649 773/819/664 757/802/650
f 757/802/650 773/819/664 774/820/665
f 757/802/650 774/820/665 758/803/651
f 758/803/651 774/820/665 775/821/666
f 758/803/651 775/821/666 759/804/652
f 759/804/652 775/821/666 776/822/667
f 759/804/652 776/822/667 760/805/653
f 760/805/653 776/822/667 777/823/668
f 760/805/653 777/823/668 761/806/654
f 761/806/654 777/823/668 778/824/669
f 761/806/654 778/824/669 762/807/655
f 762/807/655 778/824/669 779/825/9
f 762/807/655 779/825/9 763/808/9
f 763/808/9 779/825/9 780/826/670
f 763/808/9 780/826/670 764/809/656
f 764/809/656 780/826/670 781/827/671
f 764/809/656 781/827/671 765/810/657
f 765/810/657 781/827/671 782/828/672
f 765/810/657 782/828/672 766/811/658
f 766/811/658 782/828/672 783/829/673
f 766/811/658 783/829/673 767/812/659
f 767/812/659 783/829/673 784/830/674
f 767/812/659 784/830/674 768/813/660
f 768/813/660 784/830/674 785/831/675
f 768/813/660 785/831/675 769/814/661
f 769/814/661 785/831/675 786/832/676
f 769/814/661 786/832/676 770/815/662
f 770/815/662 786/832/676 771/833/1
f 770/815/662 771/833/1 755/816/1
f 771/817/1 787/834/1 788/835/677
f 771/817/1 788/835/677 772/818/663
f 772/818/663 788/835/677 789/836/678
f 772/818/663 789/836/678 773/819/664
f 773/819/664 789/836/678 790/837/679
f 773/819/664 790/837/679 774/820/665
f 774/820/665 790/837/679 791/838/680
f 774/820/665 791/838/680 775/821/666
f 775/821/666 791/838/680 792/839/681
f 775/821/666 792/839/681 776/822/667
f 776/822/667 792/839/681 793/840/682
f 776/822/667 793/840/682 777/823/668
f 777/823/668 793/840/682 794/841/683
f 777/823/668 794/841/683 778/824/669
f 778/824/669 794/841/683 795/842/9
f 778/824/669 795/842/9 779/825/9
f 779/825/9 795/842/9 796/843/684
f 779/825/9 796/843/684 780/826/670
f 780/826/670 796/843/684 797/844/685
f 780/826/670 797/844/685 781/827/671
f 781/827/671 797/844/685 798/845/686
f 781/827/671 798/845/686 782/828/672
f 782/828/672 798/845/686 799/846/687
f 782/828/672 799/846/687 783/829/673
f 783/829/673 799/846/687 800/847/688
f 783/829/673 800/847/688 784/830/674
f 784/830/674 800/847/688 801/848/689
f 784/830/674 801/848/689 785/831/675
f 785/831/675 801/848/689 802/849/690
f 785/831/675 802/849/690 786/832/676
f 786/832/676 802/849/690 787/850/1
f 786/832/676 787/850/1 771/833/1
f 787/834/1 803/851/1 804/852/691
f 787/834/1 804/852/691 788/835/677
f 788/835/677 804/852/691 805/853/692
f 788/835/677 805/853/692 789/836/678
f 789/836/678 805/853/692 806/854/693
f 789/836/678 806/854/693 790/837/679
f 790/837/679 806/854/693 807/855/694
f 790/837/679 807/855/694 791/838/680
f 791/838/680 807/855/694 808/856/695
f 791/838/680 808/856/695 792/839/681
f 792/839/681 808/856/695 809/857/696
f 792/839/681 809/857/696 793/840/682
f 793/840/682 809/857/696 810/858/697
f 793/840/682 810/858/697 794/841/683
f 794/841/683 810/858/697 811/859/9
f 794/841/683 811/859/9 795/842/9
f 795/842/9 811/859/9 812/860/698
f 795/842/9 812/860/698 796/843/684
f 796/843/684 812/860/698 813/861/699
f 796/843/684 813/861/699 797/844/685
f 797/844/685 813/861/699 814/862/700
f 797/844/685 814/862/700 798/845/686
f 798/845/686 814/862/700 815/863/701
f 798/845/686 815/863/701 799/846/687
f 799/846/687 815/863/701 816/864/702
f 799/846/687 816/864/702 800/847/688
f 800/847/688 816/864/702 817/865/703
f 800/847/688 817/865/703 801/848/689
f 801/848/689 817/865/703 818/866/704
f 801/848/689 818/866/704 802/849/690
f 802/849/690 818/866/704 803/867/1
f 802/849/690 803/867/1 787/850/1
f 803/851/1 819/868/1 820/869/705
f 803/851/1 820/869/705 804/852/691
f 804/852/691 820/869/705 821/870/706
f 804/852/691 821/870/706 805/853/692
f 805/853/692 821/870/706 822/871/707
f 805/853/692 822/871/707 806/854/693
f 806/854/693 822/871/707 823/872/708
f 806/854/693 823/872/708 807/855/694
f 807/855/694 823/872/708 824/873/709
f 807/855/694 824/873/709 808/856/695
f 808/856/695 824/873/709 825/874/710
f 808/856/695 825/874/710 809/857/696
f 809/857/696 825/874/710 826/875/711
f 809/857/696 826/875/711 810/858/697
f 810/858/697 826/875/711 827/876/9
f 810/858/697 827/876/9 811/859/9
f 811/859/9 827/876/9 828/877/712
f 811/859/9 828/877/712 812/860/698
f 812/860/698 828/877/712 829/878/713
f 812/860/698 829/878/713 813/861/699
f 813/861/699 829/878/713 830/879/714
f 813/861/699 830/879/714 814/862/700
f 814/862/700 830/879/714 831/880/715
f 814/862/700 831/880/715 815/863/701
f 815/863/701 831/880/715 832/881/716
f 815/863/701 832/881/716 816/864/702
f 816/864/702 832/881/716 833/882/717
f 816/864/702 833/882/717 817/865/703
f 817/865/703 833/882/717 834/883/718
f 817/865/703 834/883/718 818/866/704
f 818/866/704 834/883/718 819/884/1
f 818/866/704 819/884/1 803/867/1
f 819/868/1 835/885/1 836/886/719
f 819/868/1 836/886/719 820/869/705
f 820/869/705 836/886/719 837/887/720
f 820/869/705 837/887/720 821/870/706
f 821/870/706 837/887/720 838/888/721
f 821/870/706 838/888/721 822/871/707
f 822/871/707 838/888/721 839/889/722
f 822/871/707 839/889/722 823/872/708
f 823/872/708 839/889/722 840/890/723
f 823/872/708 840/890/723 824/873/709
f 824/873/709 840/890/723 841/891/724
f 824/873/709 841/891/724 825/874/710
f 825/874/710 841/891/724 842/892/725
f 825/874/710 842/892/725 826/875/711
f 826/875/711 842/892/725 843/893/9
f 826/875/711 843/893/9 827/876/9
f 827/876/9 843/893/9 844/894/726
f 827/876/9 844/894/726 828/877/712
f 828/877/712 844/894/726 845/895/727
f 828/877/712 845/895/727 829/878/713
f 829/878/713 845/895/727 846/896/728
f 829/878/713 846/896/728 830/879/714
f 830/879/714 846/896/728 847/897/729
f 830/879/714 847/897/729 831/880/715
f 831/880/715 847/897/729 848/898/730
f 831/880/715 848/898/730 832/881/716
f 832/881/716 848/898/730 849/899/731
f 832/881/716 849/899/731 833/882/717
f 833/882/717 849/899/731 850/900/732
f 833/882/717 850/900/732 834/883/718
f 834/883/718 850/900/732 835/901/1
f 834/883/718 835/901/1 819/884/1
f 835/885/1 851/902/1 852/903/733
f 835/885/1 852/903/733 836/886/719
f 836/886/719 852/903/733 853/904/734
f 836/886/719 853/904/734 837/887/720
f 837/887/720 853/904/734 854/905/735
f 837/887/720 854/905/735 838/888/721
f 838/888/721 854/905/735 855/906/736
f 838/888/721 855/906/736 839/889/722
f 839/889/722 855/906/736 856/907/737
f 839/889/722 856/907/737 840/890/723
f 840/890/723 856/907/737 857/908/738
f 840/890/723 857/908/738 841/891/724
f 841/891/724 857/908/738 858/909/739
f 841/891/724 858/909/739 842/892/725
f 842/892/725 858/909/739 859/910/9
f 842/892/725 859/910/9 843/893/9
f 843/893/9 859/910/9 860/911/740
f 843/893/9 860/911/740 844/894/726
f 844/894/726 860/911/740 861/912/741
f 844/894/726 861/912/741 845/895/727
f 845/895/727 861/912/741 862/913/742
f 845/895/727 862/913/742 846/896/728
f 846/896/728 862/913/742 863/914/743
f 846/896/728 863/914/743 847/897/729
f 847/897/729 863/914/743 864/915/744
f 847/897/729 864/915/744 848/898/730
f 848/898/730 864/915/744 865/916/745
f 848/898/730 865/916/745 849/899/731
f 849/899/731 865/916/745 866/917/746
f 849/899/731 866/917/746 850/900/732
f 850/900/732 866/917/746 851/918/1
f 850/900/732 851/918/1 835/901/1
f 851/902/1 867/919/1 868/920/747
f 851/902/1 868/920/747 852/903/733
f 852/903/733 868/920/747 869/921/748
f 852/903/733 869/921/748 853/904/734
f 853/904/734 869/921/748 870/922/749
f 853/904/734 870/922/749 854/905/735
f 854/905/735 870/922/749 871/923/750
f 854/905/735 871/923/750 855/906/736
f 855/906/736 871/923/750 872/924/751
f 855/906/736 872/924/751 856/907/737
f 856/907/737 872/924/751 873/925/752
f 856/907/737 873/925/752 857/908/738
f 857/908/738 873/925/752 874/926/753
f 857/908/738 874/926/753 858/909/739
f 858/909/739 874/926/753 875/927/9
f 858/909/739 875/927/9 859/910/9
f 859/910/9 875/927/9 876/928/754
f 859/910/9 876/928/754 860/911/740
f 860/911/740 876/928/754 877/929/755
f 860/911/740 877/929/755 861/912/741
f 861/912/741 877/929/755 878/930/756
f 861/912/741 878/930/756 862/913/742
f 862/913/742 878/930/756 879/931/757
f 862/913/742 879/931/757 863/914/743
f 863/914/743 879/931/757 880/932/758
f 863/914/743 880/932/758 864/915/744
f 864/915/744 880/932/758 881/933/759
f 864/915/744 881/933/759 865/916/745
f 865/916/745 881/933/759 882/934/760
f 865/916/745 882/934/760 866/917/746
f 866/917/746 882/934/760 867/935/1
f 866/917/746 867/935/1 851/918/1
f 867/919/1 883/936/1 884/937/761
f 867/919/1 884/937/761 868/920/747
f 868/920/747 884/937/761 885/938/762
f 868/920/747 885/938/762 869/921/748
f 869/921/748 885/938/762 886/939/763
f 869/921/748 886/939/763 870/922/749
f 870/922/749 886/939/763 887/940/764
f 870/922/749 887/940/764 871/923/750
f 871/923/750 887/940/764 888/941/765
f 871/923/750 888/941/765 872/924/751
f 872/924/751 888/941/765 889/942/766
f 872/924/751 889/942/766 873/925/752
f 873/925/752 889/942/766 890/943/767
f 873/925/752 890/943/767 874/926/753
f 874/926/753 890/943/767 891/944/9
f 874/926/753 891/944/9 875/927/9
f 875/927/9 891/944/9 892/945/768
f 875/927/9 892/945/768 876/928/754
f 876/928/754 892/945/768 893/946/769
f 876/928/754 893/946/769 877/929/755
f 877/929/755 893/946/769 894/947/770
f 877/929/755 894/947/770 878/930/756
f 878/930/756 894/947/770 895/948/771
f 878/930/756 895/948/771 879/931/757
f 879/931/757 895/948/771 896/949/772
f 879/931/757 896/949/772 880/932/758
f 880/932/758 896/949/772 897/950/773
f 880/932/758 897/950/773 881/933/759
f 881/933/759 897/950/773 898/951/774
f 881/933/759 898/951/774 882/934/760
f 882/934/760 898/951/774 883/952/1
f 882/934/760 883/952/1 867/935/1
f 883/936/1 899/953/1 900/954/775
f 883/936/1 900/954/775 884/937/761
f 884/937/761 900/954/775 901/955/776
f 884/937/761 901/955/776 885/938/762
f 885/938/762 901/955/776 902/956/777
f 885/938/762 902/956/777 886/939/763
f 886/939/763 902/956/777 903/957/778
f 886/939/763 903/957/778 887/940/764
f 887/940/764 903/957/778 904/958/779
f 887/940/764 904/958/779 888/941/765
f 888/941/765 904/958/779 905/959/780
f 888/941/765 905/959/780 889/942/766
f 889/942/766 905/959/780 906/960/781
f 889/942/766 906/960/781 890/943/767
f 890/943/767 906/960/781 907/961/9
f 890/943/767 907/961/9 891/944/9
f 891/944/9 907/961/9 908/962/782
f 891/944/9 908/962/782 892/945/768
f 892/945/768 908/962/782 909/963/783
f 892/945/768 909/963/783 893/946/769
f 893/946/769 909/963/783 910/964/784
f 893/946/769 910/964/784 894/947/770
f 894/947/770 910/964/784 911/965/785
f 894/947/770 911/965/785 895/948/771
f 895/948/771 911/965/785 912/966/786
f 895/948/771 912/966/786 896/949/772
f 896/949/772 912/966/786 913/967/787
f 896/949/772 913/967/787 897/950/773
f 897/950/773 913/967/787 914/968/788
f 897/950/773 914/968/788 898/951/774
f 898/951/774 914/968/788 899/969/1
f 898/951/774 899/969/1 883/952/1
f 899/953/1 915/970/1 916/971/789
f 899/953/1 916/971/789 900/954/775
f 900/954/775 916/971/789 917/972/790
f 900/954/775 917/972/790 901/955/776
f 901/955/776 917/972/790 918/973/791
f 901/955/776 918/973/791 902/956/777
f 902/956/777 918/973/791 919/974/792
f 902/956/777 919/974/792 903/957/778
f 903/957/778 919/974/792 920/975/793
f 903/957/778 920/975/793 904/958/779
f 904/958/779 920/975/793 921/976/794
f 904/958/779 921/976/794 905/959/780
f 905/959/780 921/976/794 922/977/795
f 905/959/780 922/977/795 906/960/781
f 906/960/781 922/977/795 923/978/9
f 906/960/781 923/978/9 907/961/9
f 907/961/9 923/978/9 924/979/796
f 907/961/9 924/979/796 908/962/782
f 908/962/782 924/979/796 925/980/797
f 908/962/782 925/980/797 909/963/783
f 909/963/783 925/980/797 926/981/798
f 909/963/783 926/981/798 910/964/784
f 910/964/784 926/981/798 927/982/799
f 910/964/784 927/982/799 911/965/785
f 911/965/785 927/982/799 928/983/800
f 911/965/785 928/983/800 912/966/786
f 912/966/786 928/983/800 929/984/801
f 912/966/786 929/984/801 913/967/787
f 913/967/787 929/984/801 930/985/802
f 913/967/787 930/985/802 914/968/788
f 914/968/788 930/985/802 915/986/1
f 914/968/788 915/986/1 899/969/1
f 915/970/1 931/987/1 932/988/803
f 915/970/1 932/988/803 916/971/789
f 916/971/789 932/988/803 933/989/804
f 916/971/789 933/989/804 917/972/790
f 917/972/790 933/989/804 934/990/805
f 917/972/790 934/990/805 918/973/791
f 918/973/791 934/990/805 935/991/806
f 918/973/791 935/991/806 919/974/792
f 919/974/792 935/991/806 936/992/807
f 919/974/792 936/992/807 920/975/793
f 920/975/793 936/992/807 937/993/808
f 920/975/793 937/993/808 921/976/794
f 921/976/794 937/993/808 938/994/809
f 921/976/794 938/994/809 922/977/795
f 922/977/795 938/994/809 939/995/9
f 922/977/795 939/995/9 923/978/9
f 923/978/9 939/995/9 940/996/810
f 923/978/9 940/996/810 924/979/796
f 924/979/796 940/996/810 941/997/811
f 924/979/796 941/997/811 925/980/797
f 925/980/797 941/997/811 942/998/812
f 925/980/797 942/998/812 926/981/798
f 926/981/798 942/998/812 943/999/813
f 926/981/798 943/999/813 927/982/799
f 927/982/799 943/999/813 944/1000/814
f 927/982/799 944/1000/814 928/983/800
f 928/983/800 944/1000/814 945/1001/815
f 928/983/800 945/1001/815 929/984/801
f 929/984/801 945/1001/815 946/1002/816
f 929/984/801 946/1002/816 930/985/802
f 930/985/802 946/1002/816 931/1003/1
f 930/985/802 931/1003/1 915/986/1
f 931/987/1 947/1004/1 948/1005/817
f 931/987/1 948/1005/817 932/988/803
f 932/988/803 948/1005/817 949/1006/818
f 932/988/803 949/1006/818 933/989/804
f 933/989/804 949/1006/818 950/1007/819
f 933/989/804 950/1007/819 934/990/805
f 934/990/805 950/1007/819 951/1008/820
f 934/990/805 951/1008/820 935/991/806
f 935/991/806 951/1008/820 952/1009/821
f 935/991/806 952/1009/821 936/992/807
f 936/992/807 952/1009/821 953/1010/822
f 936/992/807 953/1010/822 937/993/808
f 937/993/808 953/1010/822 954/1011/823
f 937/993/808 954/1011/823 938/994/809
f 938/994/809 954/1011/823 955/1012/9
f 938/994/809 955/1012/9 939/995/9
f 939/995/9 955/1012/9 956/1013/824
f 939/995/9 956/1013/824 940/996/810
f 940/996/810 956/1013/824 957/1014/825
f 940/996/810 957/1014/825 941/997/811
f 941/997/811 957/1014/825 958/1015/826
f 941/997/811 958/1015/826 942/998/812
f 942/998/812 958/1015/826 959/1016/827
f 942/998/812 959/1016/827 943/999/813
f 943/999/813 959/1016/827 960/1017/828
f 943/999/813 960/1017/828 944/1000/814
f 944/1000/814 960/1017/828 961/1018/829
f 944/1000/814 961/1018/829 945/1001/815
f 945/1001/815 961/1018/829 962/1019/830
f 945/1001/815 962/1019/830 946/1002/816
f 946/1002/816 962/1019/830 947/1020/1
f 946/1002/816 947/1020/1 931/1003/1
f 947/1004/1 963/1021/1 964/1022/831
f 947/1004/1 964/1022/831 948/1005/817
f 948/1005/817 964/1022/831 965/1023/832
f 948/1005/817 965/1023/832 949/1006/818
f 949/1006/818 965/1023/832 966/1024/833
f 949/1006/818 966/1024/833 950/1007/819
f 950/1007/819 966/1024/833 967/1025/834
f 950/1007/819 967/1025/834 951/1008/820
f 951/1008/820 967/1025/834 968/1026/835
f 951/1008/820 968/1026/835 952/1009/821
f 952/1009/821 968/1026/835 969/1027/836
f 952/1009/821 969/1027/836 953/1010/822
f 953/1010/822 969/1027/836 970/1028/837
f 953/1010/822 970/1028/837 954/1011/823
f 954/1011/823 970/1028/837 971/1029/9
f 954/1011/823 971/1029/9 955/1012/9
f 955/1012/9 971/1029/9 972/1030/838
f 955/1012/9 972/1030/838 956/1013/824
f 956/1013/824 972/1030/838 973/1031/839
f 956/1013/824 973/1031/839 957/1014/825
f 957/1014/825 973/1031/839 974/1032/840
f 957/1014/825 974/1032/840 958/1015/826
f 958/1015/826 974/1032/840 975/1033/841
f 958/1015/826 975/1033/841 959/1016/827
f 959/1016/827 975/1033/841 976/1034/842
f 959/1016/827 976/1034/842 960/1017/828
f 960/1017/828 976/1034/842 977/1035/843
f 960/1017/828 977/1035/843 961/1018/829
f 961/1018/829 977/1035/843 978/1036/844
f 961/1018/829 978/1036/844 962/1019/830
f 962/1019/830 978/1036/844 963/1037/1
f 962/1019/830 963/1037/1 947/1020/1
f 963/1021/1 979/1038/1 980/1039/845
f 963/1021/1 980/1039/845 964/1022/831
f 964/1022/831 980/1039/845 981/1040/846
f 964/1022/831 981/1040/846 965/1023/832
f 965/1023/832 981/1040/846 982/1041/847
f 965/1023/832 982/1041/847 966/1024/833
f 966/1024/833 982/1041/847 983/1042/848
f 966/1024/833 983/1042/848 967/1025/834
f 967/1025/834 983/1042/848 984/1043/849
f 967/1025/834 984/1043/849 968/1026/835
f 968/1026/835 984/1043/849 985/1044/850
f 968/1026/835 985/1044/850 969/1027/836
f 969/1027/836 985/1044/850 986/1045/851
f 969/1027/836 986/1045/851 970/1028/837
f 970/1028/837 986/1045/851 987/1046/9
f 970/1028/837 987/1046/9 971/1029/9
f 971/1029/9 987/1046/9 988/1047/852
f 971/1029/9 988/1047/852 972/1030/838
f 972/1030/838 988/1047/852 989/1048/853
f 972/1030/838 989/1048/853 973/1031/839
f 973/1031/839 989/1048/853 990/1049/854
f 973/1031/839 990/1049/854 974/1032/840
f 974/1032/840 990/1049/854 991/1050/855
f 974/1032/840 991/1050/855 975/1033/841
f 975/1033/841 991/1050/855 992/1051/856
f 975/1033/841 992/1051/856 976/1034/842
f 976/1034/842 992/1051/856 993/1052/857
f 976/1034/842 993/1052/857 977/1035/843
f 977/1035/843 993/1052/857 994/1053/858
f 977/1035/843 994/1053/858 978/1036/844
f 978/1036/844 994/1053/858 979/1054/1
f 978/1036/844 979/1054/1 963/1037/1
f 979/1038/1 995/1055/1 996/1056/859
f 979/1038/1 996/1056/859 980/1039/845
f 980/1039/845 996/1056/859 997/1057/860
f 980/1039/845 997/1057/860 981/1040/846
f 981/1040/846 997/1057/860 998/1058/861
f 981/1040/846 998/1058/861 982/1041/847
f 982/1041/847 998/1058/861 999/1059/862
f 982/1041/847 999/1059/862 983/1042/848
f 983/1042/848 999/1059/862 1000/1060/863
f 983/1042/848 1000/1060/863 984/1043/849
f 984/1043/849 1000/1060/863 1001/1061/864
f 984/1043/849 1001/1061/864 985/1044/850
f 985/1044/850 1001/1061/864 1002/1062/865
f 985/1044/850 1002/1062/865 986/1045/851
f 986/1045/851 1002/1062/865 1003/1063/9
f 986/1045/851 1003/1063/9 987/1046/9
f 987/1046/9 1003/1063/9 1004/1064/866
f 987/1046/9 1004/1064/866 988/1047/852
f 988/1047/852 1004/1064/866 1005/1065/867
f 988/1047/852 1005/1065/867 989/1048/853
f 989/1048/853 1005/1065/867 1006/1066/868
f 989/1048/853 1006/1066/868 990/1049/854
f 990/1049/854 1006/1066/868 1007/1067/869
f 990/1049/854 1007/1067/869 991/1050/855
f 991/1050/855 1007/1067/869 1008/1068/870
f 991/1050/855 1008/1068/870 992/1051/856
f 992/1051/856 1008/1068/870 1009/1069/871
f 992/1051/856 1009/1069/871 993/1052/857
f 993/1052/857 1009/1069/871 1010/1070/872
f 993/1052/857 1010/1070/872 994/1053/858
f 994/1053/858 1010/1070/872 995/1071/1
f 994/1053/858 995/1071/1 979/1054/1
f 995/1055/1 1011/1072/1 1012/1073/873
f 995/1055/1 1012/1073/873 996/1056/859
f 996/1056/859 1012/1073/873 1013/1074/874
f 996/1056/859 1013/1074/874 997/1057/860
f 997/1057/860 1013/1074/874 1014/1075/875
f 997/1057/860 1014/1075/875 998/1058/861
f 998/1058/861 1014/1075/875 1015/1076/876
f 998/1058/861 1015/1076/876 999/1059/862
f 999/1059/862 1015/1076/876 1016/1077/877
f 999/1059/862 1016/1077/877 1000/1060/863
f 1000/1060/863 1016/1077/877 1017/1078/878
f 1000/1060/863 1017/1078/878 1001/1061/864
f 1001/1061/864 1017/1078/878 1018/1079/879
f 1001/1061/864 1018/1079/879 1002/1062/865
f 1002/1062/865 1018/1079/879 1019/1080/9
f 1002/1062/865 1019/1080/9 1003/1063/9
f 1003/1063/9 1019/1080/9 1020/1081/880
f 1003/1063/9 1020/1081/880 1004/1064/866
f 1004/1064/866 1020/1081/880 1021/1082/881
f 1004/1064/866 1021/1082/881 1005/1065/867
f 1005/1065/867 1021/1082/881 1022/1083/882
f 1005/1065/867 1022/1083/882 1006/1066/868
f 1006/1066/868 1022/1083/882 1023/1084/883
f 1006/1066/868 1023/1084/883 1007/1067/869
f 1007/1067/869 1023/1084/883 1024/1085/884
f 1007/1067/869 1024/1085/884 1008/1068/870
f 1008/1068/870 1024/1085/884 1025/1086/885
f 1008/1068/870 1025/1086/885 1009/1069/871
f 1009/1069/871 1025/1086/885 1026/1087/886
f 1009/1069/871 1026/1087/886 1010/1070/872
f 1010/1070/872 1026/1087/886 1011/1088/1
f 1010/1070/872 1011/1088/1 995/1071/1
f 1011/1072/1 1027/1089/1 1028/1090/887
f 1011/1072/1 1028/1090/887 1012/1073/873
f 1012/1073/873 1028/1090/887 1029/1091/888
f 1012/1073/873 1029/1091/888 1013/1074/874
f 1013/1074/874 1029/1091/888 1030/1092/889
f 1013/1074/874 1030/1092/889 1014/1075/875
f 1014/1075/875 1030/1092/889 1031/1093/890
f 1014/1075/875 1031/1093/890 1015/1076/876
f 1015/1076/876 1031/1093/890 1032/1094/891
f 1015/1076/876 1032/1094/891 1016/1077/877
f 1016/1077/877 1032/1094/891 1033/1095/892
f 1016/1077/877 1033/1095/892 1017/1078/878
f 1017/1078/878 1033/1095/892 1034/1096/893
f 1017/1078/878 1034/1096/893 1018/1079/879
f 1018/1079/879 1034/1096/893 1035/1097/9
f 1018/1079/879 1035/1097/9 1019/1080/9
f 1019/1080/9 1035/1097/9 1036/1098/894
f 1019/1080/9 1036/1098/894 1020/1081/880
f 1020/1081/880 1036/1098/894 1037/1099/895
f 1020/1081/880 1037/1099/895 1021/1082/881
f 1021/1082/881 1037/1099/895 1038/1100/896
f 1021/1082/881 1038/1100/896 1022/1083/882
f 1022/1083/882 1038/1100/896 1039/1101/897
f 1022/1083/882 1039/1101/897 1023/1084/883
f 1023/1084/883 1039/1101/897 1040/1102/898
f 1023/1084/883 1040/1102/898 1024/1085/884
f 1024/1085/884 1040/1102/898 1041/1103/899
f 1024/1085/884 1041/1103/899 1025/1086/885
f 1025/1086/885 1041/1103/899 1042/1104/900
f 1025/1086/885 1042/1104/900 1026/1087/886
f 1026/1087/886 1042/1104/900 1027/1105/1
f 1026/1087/886 1027/1105/1 1011/1088/1
f 1027/1089/1 1043/1106/1 1044/1107/901
f 1027/1089/1 1044/1107/901 1028/1090/887
f 1028/1090/887 1044/1107/901 1045/1108/902
f 1028/1090/887 1045/1108/902 1029/1091/888
f 1029/1091/888 1045/1108/902 1046/1109/903
f 1029/1091/888 1046/1109/903 1030/1092/889
f 1030/1092/889 1046/1109/903 1047/1110/904
f 1030/1092/889 1047/1110/904 1031/1093/890
f 1031/1093/890 1047/1110/904 1048/1111/905
f 1031/1093/890 1048/1111/905 1032/1094/891
f 1032/1094/891 1048/1111/905 1049/1112/906
f 1032/1094/891 1049/1112/906 1033/1095/892
f 1033/1095/892 1049/1112/906 1050/1113/907
f 1033/1095/892 1050/1113/907 1034/1096/893
f 1034/1096/893 1050/1113/907 1051/1114/9
f 1034/1096/893 1051/1114/9 1035/1097/9
f 1035/1097/9 1051/1114/9 1052/1115/908
f 1035/1097/9 1052/1115/908 1036/1098/894
f 1036/1098/894 1052/1115/908 1053/1116/909
f 1036/1098/894 1053/1116/909 1037/1099/895
f 1037/1099/895 1053/1116/909 1054/1117/910
f 1037/1099/895 1054/1117/910 1038/1100/896
f 1038/1100/896 1054/1117/910 1055/1118/911
f 1038/1100/896 1055/1118/911 1039/1101/897
f 1039/1101/897 1055/1118/911 1056/1119/912
f 1039/1101/897 1056/1119/912 1040/1102/898
f 1040/1102/898 1056/1119/912 1057/1120/913
f 1040/1102/898 1057/1120/913 1041/1103/899
f 1041/1103/899 1057/1120/913 1058/1121/914
f 1041/1103/899 1058/1121/914 1042/1104/900
f 1042/1104/900 1058/1121/914 1043/1122/1
f 1042/1104/900 1043/1122/1 1027/1105/1
f 1043/1106/1 1059/1123/1 1060/1124/915
f 1043/1106/1 1060/1124/915 1044/1107/901
f 1044/1107/901 1060/1124/915 1061/1125/916
f 1044/1107/901 1061/1125/916 1045/1108/902
f 1045/1108/902 1061/1125/916 1062/1126/917
f 1045/1108/902 1062/1126/917 1046/1109/903
f 1046/1109/903 1062/1126/917 1063/1127/918
f 1046/1109/903 1063/1127/918 1047/1110/904
f 1047/1110/904 1063/1127/918 1064/1128/919
f 1047/1110/904 1064/1128/919 1048/1111/905
f 1048/1111/905 1064/1128/919 1065/1129/920
f 1048/1111/905 1065/1129/920 1049/1112/906
f 1049/1112/906 1065/1129/920 1066/1130/921
f 1049/1112/906 1066/1130/921 1050/1113/907
f 1050/1113/907 1066/1130/921 1067/1131/9
f 1050/1113/907 1067/1131/9 1051/1114/9
f 1051/1114/9 1067/1131/9 1068/1132/922
f 1051/1114/9 1068/1132/922 1052/1115/908
f 1052/1115/908 1068/1132/922 1069/1133/923
f 1052/1115/908 1069/1133/923 1053/1116/909
f 1053/1116/909 1069/1133/923 1070/1134/924
f 1053/1116/909 1070/1134/924 1054/1117/910
f 1054/1117/910 1070/1134/924 1071/1135/925
f 1054/1117/910 1071/1135/925 1055/1118/911
f 1055/1118/911 1071/1135/925 1072/1136/926
f 1055/1118/911 1072/1136/926 1056/1119/912
f 1056/1119/912 1072/1136/926 1073/1137/927
f 1056/1119/912 1073/1137/927 1057/1120/913
f 1057/1120/913 1073/1137/927 1074/1138/928
f 1057/1120/913 1074/1138/928 1058/1121/914
f 1058/1121/914 1074/1138/928 1059/1139/1
f 1058/1121/914 1059/1139/1 1043/1122/1
f 1059/1123/1 1075/1140/1 1076/1141/929
f 1059/1123/1 1076/1141/929 1060/1124/915
f 1060/1124/915 1076/1141/929 1077/1142/930
f 1060/1124/915 1077/1142/930 1061/1125/916
f 1061/1125/916 1077/1142/930 1078/1143/931
f 1061/1125/916 1078/1143/931 1062/1126/917
f 1062/1126/917 1078/1143/931 1079/1144/932
f 1062/1126/917 1079/1144/932 1063/1127/918
f 1063/1127/918 1079/1144/932 1080/1145/933
f 1063/1127/918 1080/1145/933 1064/1128/919
f 1064/1128/919 1080/1145/933 1081/1146/934
f 1064/1128/919 1081/1146/934 1065/1129/920
f 1065/1129/920 1081/1146/934 1082/1147/935
f 1065/1129/920 1082/1147/935 1066/1130/921
f 1066/1130/921 1082/1147/935 1083/1148/9
f 1066/1130/921 1083/1148/9 1067/1131/9
f 1067/1131/9 1083/1148/9 1084/1149/936
f 1067/1131/9 1084/1149/936 1068/1132/922
f 1068/1132/922 1084/1149/936 1085/1150/937
f 1068/1132/922 1085/1150/937 1069/1133/923
f 1069/1133/923 1085/1150/937 1086/1151/938
f 1069/1133/923 1086/1151/938 1070/1134/924
f 1070/1134/924 1086/1151/938 1087/1152/939
f 1070/1134/924 1087/1152/939 1071/1135/925
f 1071/1135/925 1087/1152/939 1088/1153/940
f 1071/1135/925 1088/1153/940 1072/1136/926
f 1072/1136/926 1088/1153/940 1089/1154/941
f 1072/1136/926 1089/1154/941 1073/1137/927
f 1073/1137/927 1089/1154/941 1090/1155/942
f 1073/1137/927 1090/1155/942 1074/1138/928
f 1074/1138/928 1090/1155/942 1075/1156/1
f 1074/1138/928 1075/1156/1 1059/1139/1
f 1075/1140/1 1091/1157/1 1092/1158/943
f 1075/1140/1 1092/1158/943 1076/1141/929
f 1076/1141/929 1092/1158/943 1093/1159/944
f 1076/1141/929 1093/1159/944 1077/1142/930
f 1077/1142/930 1093/1159/944 1094/1160/945
f 1077/1142/930 1094/1160/945 1078/1143/931
f 1078/1143/931 1094/1160/945 1095/1161/946
f 1078/1143/931 1095/1161/946 1079/1144/932
f 1079/1144/932 1095/1161/946 1096/1162/947
f 1079/1144/932 1096/1162/947 1080/1145/933
f 1080/1145/933 1096/1162/947 1097/1163/948
f 1080/1145/933 1097/1163/948 1081/1146/934
f 1081/1146/934 1097/1163/948 1098/1164/949
f 1081/1146/934 1098/1164/949 1082/1147/935
f 1082/1147/935 1098/1164/949 1099/1165/9
f 1082/1147/935 1099/1165/9 1083/1148/9
f 1083/1148/9 1099/1165/9 1100/1166/950
f 1083/1148/9 1100/1166/950 1084/1149/936
f 1084/1149/936 1100/1166/950 1101/1167/951
f 1084/1149/936 1101/1167/951 1085/1150/937
f 1085/1150/937 1101/1167/951 1102/1168/952
f 1085/1150/937 1102/1168/952 1086/1151/938
f 1086/1151/938 1102/1168/952 1103/1169/953
f 1086/1151/938 1103/1169/953 1087/1152/939
f 1087/1152/939 1103/1169/953 1104/1170/954
f 1087/1152/939 1104/1170/954 1088/1153/940
f 1088/1153/940 1104/1170/954 1105/1171/955
f 1088/1153/940 1105/1171/955 1089/1154/941
f 1089/1154/941 1105/1171/955 1106/1172/956
f 1089/1154/941 1106/1172/956 1090/1155/942
f 1090/1155/942 1106/1172/956 1091/1173/1
f 1090/1155/942 1091/1173/1 1075/1156/1
f 1091/1157/1 1107/1174/1 1108/1175/957
f 1091/1157/1 1108/1175/957 1092/1158/943
f 1092/1158/943 1108/1175/957 1109/1176/958
f 1092/1158/943 1109/1176/958 1093/1159/944
f 1093/1159/944 1109/1176/958 1110/1177/959
f 1093/1159/944 1110/1177/959 1094/1160/945
f 1094/1160/945 1110/1177/959 1111/1178/960
f 1094/1160/945 1111/1178/960 1095/1161/946
f 1095/1161/946 1111/1178/960 1112/1179/961
f 1095/1161/946 1112/1179/961 1096/1162/947
f 1096/1162/947 1112/1179/961 1113/1180/962
f 1096/1162/947 1113/1180/962 1097/1163/948
f 1097/1163/948 1113/1180/962 1114/1181/963
f 1097/1163/948 1114/1181/963 1098/1164/949
f 1098/1164/949 1114/1181/963 1115/1182/9
f 1098/1164/949 1115/1182/9 1099/1165/9
f 1099/1165/9 1115/1182/9 1116/1183/964
f 1099/1165/9 1116/1183/964 1100/1166/950
f 1100/1166/950 1116/1183/964 1117/1184/965
f 1100/1166/950 1117/1184/965 1101/1167/951
f 1101/1167/951 1117/1184/965 1118/1185/966
f 1101/1167/951 1118/1185/966 1102/1168/952
f 1102/1168/952 1118/1185/966 1119/1186/967
f 1102/1168/952 1119/1186/967 1103/1169/953
f 1103/1169/953 1119/1186/967 1120/1187/968
f 1103/1169/953 1120/1187/968 1104/1170/954
f 1104/1170/954 1120/1187/968 1121/1188/969
f 1104/1170/954 1121/1188/969 1105/1171/955
f 1105/1171/955 1121/1188/969 1122/1189/970
f 1105/1171/955 1122/1189/970 1106/1172/956
f 1106/1172/956 1122/1189/970 1107/1190/1
f 1106/1172/956 1107/1190/1 1091/1173/1
f 1107/1174/1 1123/1191/1 1124/1192/971
f 1107/1174/1 1124/1192/971 1108/1175/957
f 1108/1175/957 1124/1192/971 1125/1193/972
f 1108/1175/957 1125/1193/972 1109/1176/958
f 1109/1176/958 1125/1193/972 1126/1194/973
f 1109/1176/958 1126/1194/973 1110/1177/959
f 1110/1177/959 1126/1194/973 1127/1195/974
f 1110/1177/959 1127/1195/974 1111/1178/960
f 1111/1178/960 1127/1195/974 1128/1196/975
f 1111/1178/960 1128/1196/975 1112/1179/961
f 1112/1179/961 1128/1196/975 1129/1197/976
f 1112/1179/961 1129/1197/976 1113/1180/962
f 1113/1180/962 1129/1197/976 1130/1198/977
f 1113/1180/962 1130/1198/977 1114/1181/963
f 1114/1181/963 1130/1198/977 1131/1199/9
f 1114/1181/963 1131/1199/9 1115/1182/9
f 1115/1182/9 1131/1199/9 1132/1200/978
f 1115/1182/9 1132/1200/978 1116/1183/964
f 1116/1183/964 1132/1200/978 1133/1201/979
f 1116/1183/964 1133/1201/979 1117/1184/965
f 1117/1184/965 1133/1201/979 1134/1202/980
f 1117/1184/965 1134/1202/980 1118/1185/966
f 1118/1185/966 1134/1202/980 1135/1203/981
f 1118/1185/966 1135/1203/981 1119/1186/967
f 1119/1186/967 1135/1203/981 1136/1204/982
f 1119/1186/967 1136/1204/982 1120/1187/968
f 1120/1187/968 1136/1204/982 1137/1205/983
f 1120/1187/968 1137/1205/983 1121/1188/969
f 1121/1188/969 1137/1205/983 1138/1206/984
f 1121/1188/969 1138/1206/984 1122/1189/970
f 1122/1189/970 1138/1206/984 1123/1207/1
f 1122/1189/970 1123/1207/1 1107/1190/1
f 1123/1191/1 1139/1208/1 1140/1209/985
f 1123/1191/1 1140/1209/985 1124/1192/971
f 1124/1192/971 1140/1209/985 1141/1210/986
f 1124/1192/971 1141/1210/986 1125/1193/972
f 1125/1193/972 1141/1210/986 1142/1211/987
f 1125/1193/972 1142/1211/987 1126/1194/973
f 1126/1194/973 1142/1211/987 1143/1212/988
f 1126/1194/973 1143/1212/988 1127/1195/974
f 1127/1195/974 1143/1212/988 1144/1213/989
f 1127/1195/974 1144/1213/989 1128/1196/975
f 1128/1196/975 1144/1213/989 1145/1214/990
f 1128/1196/975 1145/1214/990 1129/1197/976
f 1129/1197/976 1145/1214/990 1146/1215/991
f 1129/1197/976 1146/1215/991 1130/1198/977
f 1130/1198/977 1146/1215/991 1147/1216/9
f 1130/1198/977 1147/1216/9 1131/1199/9
f 1131/1199/9 1147/1216/9 1148/1217/992
f 1131/1199/9 1148/1217/992 1132/1200/978
f 1132/1200/978 1148/1217/992 1149/1218/993
f 1132/1200/978 1149/1218/993 1133/1201/979
f 1133/1201/979 1149/1218/993 1150/1219/994
f 1133/1201/979 1150/1219/994 1134/1202/980
f 1134/1202/980 1150/1219/994 1151/1220/995
f 1134/1202/980 1151/1220/995 1135/1203/981
f 1135/1203/981 1151/1220/995 1152/1221/996
f 1135/1203/981 1152/1221/996 1136/1204/982
f 1136/1204/982 1152/1221/996 1153/1222/997
f 1136/1204/982 1153/1222/997 1137/1205/983
f 1137/1205/983 1153/1222/997 1154/1223/998
f 1137/1205/983 1154/1223/998 1138/1206/984
f 1138/1206/984 1154/1223/998 1139/1224/1
f 1138/1206/984 1139/1224/1 1123/1207/1
f 1139/1208/1 1155/1225/1 1156/1226/999
f 1139/1208/1 1156/1226/999 1140/1209/985
f 1140/1209/985 1156/1226/999 1157/1227/1000
f 1140/1209/985 1157/1227/1000 1141/1210/986
f 1141/1210/986 1157/1227/1000 1158/1228/1001
f 1141/1210/986 1158/1228/1001 1142/1211/987
f 1142/1211/987 1158/1228/1001 1159/1229/1002
f 1142/1211/987 1159/1229/1002 1143/1212/988
f 1143/1212/988 1159/1229/1002 1160/1230/1003
f 1143/1212/988 1160/1230/1003 1144/1213/989
f 1144/1213/989 1160/1230/1003 1161/1231/1004
f 1144/1213/989 1161/1231/1004 1145/1214/990
f 1145/1214/990 1161/1231/1004 1162/1232/1005
f 1145/1214/990 1162/1232/1005 1146/1215/991
f 1146/1215/991 1162/1232/1005 1163/1233/9
f 1146/1215/991 1163/1233/9 1147/1216/9
f 1147/1216/9 1163/1233/9 1164/1234/1006
f 1147/1216/9 1164/1234/1006 1148/1217/992
f 1148/1217/992 1164/1234/1006 1165/1235/1007
f 1148/1217/992 1165/1235/1007 1149/1218/993
f 1149/1218/993 1165/1235/1007 1166/1236/1008
f 1149/1218/993 1166/1236/1008 1150/1219/994
f 1150/1219/994 1166/1236/1008 1167/1237/1009
f 1150/1219/994 1167/1237/1009 1151/1220/995
f 1151/1220/995 1167/1237/1009 1168/1238/1010
f 1151/1220/995 1168/1238/1010 1152/1221/996
f 1152/1221/996 1168/1238/1010 1169/1239/1011
f 1152/1221/996 1169/1239/1011 1153/1222/997
f 1153/1222/997 1169/1239/1011 1170/1240/1012
f 1153/1222/997 1170/1240/1012 1154/1223/998
f 1154/1223/998 1170/1240/1012 1155/1241/1
f 1154/1223/998 1155/1241/1 1139/1224/1
f 1155/1225/1 1171/1242/1 1172/1243/1013
f 1155/1225/1 1172/1243/1013 1156/1226/999
f 1156/1226/999 1172/1243/1013 1173/1244/1014
f 1156/1226/999 1173/1244/1014 1157/1227/1000
f 1157/1227/1000 1173/1244/1014 1174/1245/1015
f 1157/1227/1000 1174/1245/1015 1158/1228/1001
f 1158/1228/1001 1174/1245/1015 1175/1246/1016
f 1158/1228/1001 1175/1246/1016 1159/1229/1002
f 1159/1229/1002 1175/1246/1016 1176/1247/1017
f 1159/1229/1002 1176/1247/1017 1160/1230/1003
f 1160/1230/1003 1176/1247/1017 1177/1248/1018
f 1160/1230/1003 1177/1248/1018 1161/1231/1004
f 1161/1231/1004 1177/1248/1018 1178/1249/1019
f 1161/1231/1004 1178/1249/1019 1162/1232/1005
f 1162/1232/1005 1178/1249/1019 1179/1250/9
f 1162/1232/1005 1179/1250/9 1163/1233/9
f 1163/1233/9 1179/1250/9 1180/1251/1020
f 1163/1233/9 1180/1251/1020 1164/1234/1006
f 1164/1234/1006 1180/1251/1020 1181/1252/1021
f 1164/1234/1006 1181/1252/1021 1165/1235/1007
f 1165/1235/1007 1181/1252/1021 1182/1253/1022
f 1165/1235/1007 1182/1253/1022 1166/1236/1008
f 1166/1236/1008 1182/1253/1022 1183/1254/1023
f 1166/1236/1008 1183/1254/1023 1167/1237/1009
f 1167/1237/1009 1183/1254/1023 1184/1255/1024
f 1167/1237/1009 1184/1255/1024 1168/1238/1010
f 1168/1238/1010 1184/1255/1024 1185/1256/1025
f 1168/1238/1010 1185/1256/1025 1169/1239/1011
f 1169/1239/1011 1185/1256/1025 1186/1257/1026
f 1169/1239/1011 1186/1257/1026 1170/1240/1012
f 1170/1240/1012 1186/1257/1026 1171/1258/1
f 1170/1240/1012 1171/1258/1 1155/1241/1
f 1171/1242/1 1187/1259/1 1188/1260/1027
f 1171/1242/1 1188/1260/1027 1172/1243/1013
f 1172/1243/1013 1188/1260/1027 1189/1261/1028
f 1172/1243/1013 1189/1261/1028 1173/1244/1014
f 1173/1244/1014 1189/1261/1028 1190/1262/1029
f 1173/1244/1014 1190/1262/1029 1174/1245/1015
f 1174/1245/1015 1190/1262/1029 1191/1263/1030
f 1174/1245/1015 1191/1263/1030 1175/1246/1016
f 1175/1246/1016 1191/1263/1030 1192/1264/1031
f 1175/1246/1016 1192/1264/1031 1176/1247/1017
f 1176/1247/1017 1192/1264/1031 1193/1265/1032
f 1176/1247/1017 1193/1265/1032 1177/1248/1018
f 1177/1248/1018 1193/1265/1032 1194/1266/1033
f 1177/1248/1018 1194/1266/1033 1178/1249/1019
f 1178/1249/1019 1194/1266/1033 1195/1267/9
f 1178/1249/1019 1195/1267/9 1179/1250/9
f 1179/1250/9 1195/1267/9 1196/1268/1034
f 1179/1250/9 1196/1268/1034 1180/1251/1020
f 1180/1251/1020 1196/1268/1034 1197/1269/1035
f 1180/1251/1020 1197/1269/1035 1181/1252/1021
f 1181/1252/1021 1197/1269/1035 1198/1270/1036
f 1181/1252/1021 1198/1270/1036 1182/1253/1022
f 1182/1253/1022 1198/1270/1036 1199/1271/1037
f 1182/1253/1022 1199/1271/1037 1183/1254/1023
f 1183/1254/1023 1199/1271/1037 1200/1272/1038
f 1183/1254/1023 1200/1272/1038 1184/1255/1024
f 1184/1255/1024 1200/1272/1038 1201/1273/1039
f 1184/1255/1024 1201/1273/1039 1185/1256/1025
f 1185/1256/1025 1201/1273/1039 1202/1274/1040
f 1185/1256/1025 1202/1274/1040 1186/1257/1026
f 1186/1257/1026 1202/1274/1040 1187/1275/1
f 1186/1257/1026 1187/1275/1 1171/1258/1
f 1187/1259/1 1203/1276/1 1204/1277/1041
f 1187/1259/1 1204/1277/1041 1188/1260/1027
f 1188/1260/1027 1204/1277/1041 1205/1278/1042
f 1188/1260/1027 1205/1278/1042 1189/1261/1028
f 1189/1261/1028 1205/1278/1042 1206/1279/1043
f 1189/1261/1028 1206/1279/1043 1190/1262/1029
f 1190/1262/1029 1206/1279/1043 1207/1280/1044
f 1190/1262/1029 1207/1280/1044 1191/1263/1030
f 1191/1263/1030 1207/1280/1044 1208/1281/1045
f 1191/1263/1030 1208/1281/1045 1192/1264/1031
f 1192/1264/1031 1208/1281/1045 1209/1282/1046
f 1192/1264/1031 1209/1282/1046 1193/1265/1032
f 1193/1265/1032 1209/1282/1046 1210/1283/1047
f 1193/1265/1032 1210/1283/1047 1194/1266/1033
f 1194/1266/1033 1210/1283/1047 1211/1284/9
f 1194/1266/1033 1211/1284/9 1195/1267/9
f 1195/1267/9 1211/1284/9 1212/1285/1048
f 1195/1267/9 1212/1285/1048 1196/1268/1034
f 1196/1268/1034 1212/1285/1048 1213/1286/1049
f 1196/1268/1034 1213/1286/1049 1197/1269/1035
f 1197/1269/1035 1213/1286/1049 1214/1287/1050
f 1197/1269/1035 1214/1287/1050 1198/1270/1036
f 1198/1270/1036 1214/1287/1050 1215/1288/1051
f 1198/1270/1036 1215/1288/1051 1199/1271/1037
f 1199/1271/1037 1215/1288/1051 1216/1289/1052
f 1199/1271/1037 1216/1289/1052 1200/1272/1038
f 1200/1272/1038 1216/1289/1052 1217/1290/1053
f 1200/1272/1038 1217/1290/1053 1201/1273/1039
f 1201/1273/1039 1217/1290/1053 1218/1291/1054
f 1201/1273/1039 1218/1291/1054 1202/1274/1040
f 1202/1274/1040 1218/1291/1054 1203/1292/1
f 1202/1274/1040 1203/1292/1 1187/1275/1
f 1219/35/18 1204/37/18 1203/36/18
f 1219/35/18 1205/38/18 1204/37/18
f 1219/35/18 1206/39/18 1205/38/18
f 1219/35/18 1207/40/18 1206/39/18
f 1219/35/18 1208/41/18 1207/40/18
f 1219/35/18 1209/42/18 1208/41/18
f 1219/35/18 1210/43/18 1209/42/18
f 1219/35/18 1211/44/18 1210/43/18
f 1219/35/18 1212/45/18 1211/44/18
f 1219/35/18 1213/46/18 1212/45/18
f 1219/35/18 1214/47/18 1213/46/18
f 1219/35/18 1215/48/18 1214/47/18
f 1219/35/18 1216/49/18 1215/48/18
f 1219/35/18 1217/50/18 1216/49/18
f 1219/35/18 1218/51/18 1217/50/18
f 1219/35/18 1203/36/18 1218/51/18
