# Generated by dev-env-utils/scripts/gen_transit_airside.py -- do not edit
mtllib jet_bridge_large.mtl
o airport_jet_bridge_large_uturn_c9
v 1.00000 0.09375 0.96580
v 0.00000 0.09375 0.89740
v 0.00000 0.09375 1.00000
v 1.00000 0.09375 1.00000
v 1.00000 0.00000 1.00000
v 0.00000 0.00000 1.00000
v 0.00000 0.00000 0.89740
v 1.00000 0.00000 0.96580
v 1.00000 4.24547 0.96580
v 0.00000 4.24547 0.89740
v 0.00000 4.24547 1.00000
v 1.00000 4.24547 1.00000
v 1.00000 4.09375 1.00000
v 0.00000 4.09375 1.00000
v 0.00000 4.09375 0.89740
v 1.00000 4.09375 0.96580
v 1.00000 0.09375 0.93128
v 0.00000 0.09375 0.79383
v 0.00000 0.09375 0.89740
v 1.00000 0.09375 0.96580
v 1.00000 0.00000 0.96580
v 0.00000 0.00000 0.89740
v 0.00000 0.00000 0.79383
v 1.00000 0.00000 0.93128
v 1.00000 4.24547 0.93128
v 0.00000 4.24547 0.79383
v 0.00000 4.24547 0.89740
v 1.00000 4.24547 0.96580
v 1.00000 4.09375 0.96580
v 0.00000 4.09375 0.89740
v 0.00000 4.09375 0.79383
v 1.00000 4.09375 0.93128
v 1.00000 0.09375 0.89610
v 0.00000 0.09375 0.68830
v 0.00000 0.09375 0.79383
v 1.00000 0.09375 0.93128
v 1.00000 0.00000 0.93128
v 0.00000 0.00000 0.79383
v 0.00000 0.00000 0.68830
v 1.00000 0.00000 0.89610
v 1.00000 4.24547 0.89610
v 0.00000 4.24547 0.68830
v 0.00000 4.24547 0.79383
v 1.00000 4.24547 0.93128
v 1.00000 4.09375 0.93128
v 0.00000 4.09375 0.79383
v 0.00000 4.09375 0.68830
v 1.00000 4.09375 0.89610
v 1.00000 0.09375 0.85991
v 0.00000 0.09375 0.57972
v 0.00000 0.09375 0.68830
v 1.00000 0.09375 0.89610
v 1.00000 0.00000 0.89610
v 0.00000 0.00000 0.68830
v 0.00000 0.00000 0.57972
v 1.00000 0.00000 0.85991
v 1.00000 4.24547 0.85991
v 0.00000 4.24547 0.57972
v 0.00000 4.24547 0.68830
v 1.00000 4.24547 0.89610
v 1.00000 4.09375 0.89610
v 0.00000 4.09375 0.68830
v 0.00000 4.09375 0.57972
v 1.00000 4.09375 0.85991
v 1.00000 0.09375 0.85319
v 0.00000 0.09375 0.55956
v 0.00000 0.09375 0.57972
v 1.00000 0.09375 0.85991
v 1.00000 0.00000 0.85991
v 0.00000 0.00000 0.57972
v 0.00000 0.00000 0.55956
v 1.00000 0.00000 0.85319
v 1.00000 4.24547 0.85319
v 0.00000 4.24547 0.55956
v 0.00000 4.24547 0.57972
v 1.00000 4.24547 0.85991
v 1.00000 4.09375 0.85991
v 0.00000 4.09375 0.57972
v 0.00000 4.09375 0.55956
v 1.00000 4.09375 0.85319
v 1.00000 0.09375 0.82230
v 0.00000 0.09375 0.46690
v 0.00000 0.09375 0.55956
v 1.00000 0.09375 0.85319
v 1.00000 0.00000 0.85319
v 0.00000 0.00000 0.55956
v 0.00000 0.00000 0.46690
v 1.00000 0.00000 0.82230
v 1.00000 4.24547 0.82230
v 0.00000 4.24547 0.46690
v 0.00000 4.24547 0.55956
v 1.00000 4.24547 0.85319
v 1.00000 4.09375 0.85319
v 0.00000 4.09375 0.55956
v 0.00000 4.09375 0.46690
v 1.00000 4.09375 0.82230
v 1.00000 0.09375 0.78282
v 0.00000 0.09375 0.34846
v 0.00000 0.09375 0.46690
v 1.00000 0.09375 0.82230
v 1.00000 0.00000 0.82230
v 0.00000 0.00000 0.46690
v 0.00000 0.00000 0.34846
v 1.00000 0.00000 0.78282
v 1.00000 4.24547 0.78282
v 0.00000 4.24547 0.34846
v 0.00000 4.24547 0.46690
v 1.00000 4.24547 0.82230
v 1.00000 4.09375 0.82230
v 0.00000 4.09375 0.46690
v 0.00000 4.09375 0.34846
v 1.00000 4.09375 0.78282
v 1.00000 0.09375 0.74092
v 0.00000 0.09375 0.22276
v 0.00000 0.09375 0.34846
v 1.00000 0.09375 0.78282
v 1.00000 0.00000 0.78282
v 0.00000 0.00000 0.34846
v 0.00000 0.00000 0.22276
v 1.00000 0.00000 0.74092
v 1.00000 4.24547 0.74092
v 0.00000 4.24547 0.22276
v 0.00000 4.24547 0.34846
v 1.00000 4.24547 0.78282
v 1.00000 4.09375 0.78282
v 0.00000 4.09375 0.34846
v 0.00000 4.09375 0.22276
v 1.00000 4.09375 0.74092
v 1.00000 0.09375 0.69594
v -0.00000 0.09375 0.08783
v 0.00000 0.09375 0.22276
v 1.00000 0.09375 0.74092
v 1.00000 0.00000 0.74092
v 0.00000 0.00000 0.22276
v -0.00000 0.00000 0.08783
v 1.00000 0.00000 0.69594
v 1.00000 4.24547 0.69594
v -0.00000 4.24547 0.08783
v 0.00000 4.24547 0.22276
v 1.00000 4.24547 0.74092
v 1.00000 4.09375 0.74092
v 0.00000 4.09375 0.22276
v -0.00000 4.09375 0.08783
v 1.00000 4.09375 0.69594
v 1.00000 0.09375 0.67867
v 0.00000 0.09375 0.03601
v 0.00000 0.09375 0.08783
v 1.00000 0.09375 0.69594
v 1.00000 0.00000 0.69594
v 0.00000 0.00000 0.08783
v 0.00000 0.00000 0.03601
v 1.00000 0.00000 0.67867
v 1.00000 4.24547 0.67867
v 0.00000 4.24547 0.03601
v 0.00000 4.24547 0.08783
v 1.00000 4.24547 0.69594
v 1.00000 4.09375 0.69594
v 0.00000 4.09375 0.08783
v 0.00000 4.09375 0.03601
v 1.00000 4.09375 0.67867
v 0.08332 0.09375 0.00000
v 0.00000 0.09375 0.00000
v 0.00000 0.09375 0.03601
v 1.00000 0.09375 0.67867
v 1.00000 0.09375 0.64706
v 0.08332 0.09375 0.00000
v 1.00000 0.09375 0.67867
v 1.00000 0.00000 0.67867
v 0.00000 0.00000 0.03601
v 0.00000 0.00000 0.00000
v 0.08332 0.00000 0.00000
v 1.00000 0.00000 0.67867
v 0.08332 0.00000 0.00000
v 1.00000 0.00000 0.64706
v 0.08332 4.24547 0.00000
v 0.00000 4.24547 0.00000
v 0.00000 4.24547 0.03601
v 1.00000 4.24547 0.67867
v 1.00000 4.24547 0.64706
v 0.08332 4.24547 0.00000
v 1.00000 4.24547 0.67867
v 1.00000 4.09375 0.67867
v 0.00000 4.09375 0.03601
v 0.00000 4.09375 0.00000
v 0.08332 4.09375 0.00000
v 1.00000 4.09375 0.67867
v 0.08332 4.09375 0.00000
v 1.00000 4.09375 0.64706
v 1.00000 0.09375 0.59322
v 0.27083 0.09375 0.00000
v 0.08332 0.09375 0.00000
v 1.00000 0.09375 0.64706
v 1.00000 0.00000 0.64706
v 0.08332 0.00000 0.00000
v 0.27083 0.00000 0.00000
v 1.00000 0.00000 0.59322
v 1.00000 4.24547 0.59322
v 0.27083 4.24547 0.00000
v 0.08332 4.24547 0.00000
v 1.00000 4.24547 0.64706
v 1.00000 4.09375 0.64706
v 0.08332 4.09375 0.00000
v 0.27083 4.09375 0.00000
v 1.00000 4.09375 0.59322
v 1.00000 0.09375 0.53303
v 0.42926 0.09375 0.00000
v 0.27083 0.09375 0.00000
v 1.00000 0.09375 0.59322
v 1.00000 0.00000 0.59322
v 0.27083 0.00000 0.00000
v 0.42926 0.00000 0.00000
v 1.00000 0.00000 0.53303
v 1.00000 4.24547 0.53303
v 0.42926 4.24547 0.00000
v 0.27083 4.24547 0.00000
v 1.00000 4.24547 0.59322
v 1.00000 4.09375 0.59322
v 0.27083 4.09375 0.00000
v 0.42926 4.09375 0.00000
v 1.00000 4.09375 0.53303
v 1.00000 0.09375 0.46463
v 0.56607 0.09375 0.00000
v 0.42926 0.09375 0.00000
v 1.00000 0.09375 0.53303
v 1.00000 0.00000 0.53303
v 0.42926 0.00000 0.00000
v 0.56607 0.00000 0.00000
v 1.00000 0.00000 0.46463
v 1.00000 4.24547 0.46463
v 0.56607 4.24547 0.00000
v 0.42926 4.24547 0.00000
v 1.00000 4.24547 0.53303
v 1.00000 4.09375 0.53303
v 0.42926 4.09375 0.00000
v 0.56607 4.09375 0.00000
v 1.00000 4.09375 0.46463
v 1.00000 0.09375 0.42297
v 0.63350 0.09375 0.00000
v 0.56607 0.09375 0.00000
v 1.00000 0.09375 0.46463
v 1.00000 0.00000 0.46463
v 0.56607 0.00000 0.00000
v 0.63350 0.00000 0.00000
v 1.00000 0.00000 0.42297
v 1.00000 4.24547 0.42297
v 0.63350 4.24547 0.00000
v 0.56607 4.24547 0.00000
v 1.00000 4.24547 0.46463
v 1.00000 4.09375 0.46463
v 0.56607 4.09375 0.00000
v 0.63350 4.09375 0.00000
v 1.00000 4.09375 0.42297
v 1.00000 0.09375 0.38542
v 0.68644 0.09375 -0.00000
v 0.63350 0.09375 0.00000
v 1.00000 0.09375 0.42297
v 1.00000 0.00000 0.42297
v 0.63350 0.00000 0.00000
v 0.68644 0.00000 -0.00000
v 1.00000 0.00000 0.38542
v 1.00000 4.24547 0.38542
v 0.68644 4.24547 -0.00000
v 0.63350 4.24547 0.00000
v 1.00000 4.24547 0.42297
v 1.00000 4.09375 0.42297
v 0.63350 4.09375 0.00000
v 0.68644 4.09375 -0.00000
v 1.00000 4.09375 0.38542
v 1.00000 0.09375 0.29166
v 0.79412 0.09375 0.00000
v 0.68644 0.09375 0.00000
v 1.00000 0.09375 0.38542
v 1.00000 0.00000 0.38542
v 0.68644 0.00000 0.00000
v 0.79412 0.00000 0.00000
v 1.00000 0.00000 0.29166
v 1.00000 4.24547 0.29166
v 0.79412 4.24547 0.00000
v 0.68644 4.24547 0.00000
v 1.00000 4.24547 0.38542
v 1.00000 4.09375 0.38542
v 0.68644 4.09375 0.00000
v 0.79412 4.09375 0.00000
v 1.00000 4.09375 0.29166
v 1.00000 0.09375 0.17779
v 0.89189 0.09375 0.00000
v 0.79412 0.09375 0.00000
v 1.00000 0.09375 0.29166
v 1.00000 0.00000 0.29166
v 0.79412 0.00000 0.00000
v 0.89189 0.00000 0.00000
v 1.00000 0.00000 0.17779
v 1.00000 4.24547 0.17779
v 0.89189 4.24547 0.00000
v 0.79412 4.24547 0.00000
v 1.00000 4.24547 0.29166
v 1.00000 4.09375 0.29166
v 0.79412 4.09375 0.00000
v 0.89189 4.09375 0.00000
v 1.00000 4.09375 0.17779
v 1.00000 0.09375 0.03504
v 0.98184 0.09375 0.00000
v 0.89189 0.09375 0.00000
v 1.00000 0.09375 0.17779
v 1.00000 0.00000 0.17779
v 0.89189 0.00000 0.00000
v 0.98184 0.00000 0.00000
v 1.00000 0.00000 0.03504
v 1.00000 4.24547 0.03504
v 0.98184 4.24547 0.00000
v 0.89189 4.24547 0.00000
v 1.00000 4.24547 0.17779
v 1.00000 4.09375 0.17779
v 0.89189 4.09375 0.00000
v 0.98184 4.09375 0.00000
v 1.00000 4.09375 0.03504
v 1.00000 0.09375 0.00000
v 0.98184 0.09375 0.00000
v 1.00000 0.09375 0.03504
v 1.00000 0.00000 0.03504
v 0.98184 0.00000 0.00000
v 1.00000 0.00000 0.00000
v 1.00000 4.24547 0.00000
v 0.98184 4.24547 0.00000
v 1.00000 4.24547 0.03504
v 1.00000 4.09375 0.03504
v 0.98184 4.09375 0.00000
v 1.00000 4.09375 0.00000
v 1.15598 0.09375 0.97647
v 1.00000 0.09375 0.96580
v 1.00000 0.09375 1.00000
v 1.15517 0.09375 1.00000
v 1.15517 0.00000 1.00000
v 1.00000 0.00000 1.00000
v 1.00000 0.00000 0.96580
v 1.15598 0.00000 0.97647
v 1.15598 4.24547 0.97647
v 1.00000 4.24547 0.96580
v 1.00000 4.24547 1.00000
v 1.15517 4.24547 1.00000
v 1.15517 4.09375 1.00000
v 1.00000 4.09375 1.00000
v 1.00000 4.09375 0.96580
v 1.15598 4.09375 0.97647
v 1.15839 0.09375 0.95305
v 1.00000 0.09375 0.93128
v 1.00000 0.09375 0.96580
v 1.15598 0.09375 0.97647
v 1.15598 0.00000 0.97647
v 1.00000 0.00000 0.96580
v 1.00000 0.00000 0.93128
v 1.15839 0.00000 0.95305
v 1.15839 4.24547 0.95305
v 1.00000 4.24547 0.93128
v 1.00000 4.24547 0.96580
v 1.15598 4.24547 0.97647
v 1.15598 4.09375 0.97647
v 1.00000 4.09375 0.96580
v 1.00000 4.09375 0.93128
v 1.15839 4.09375 0.95305
v 1.16239 0.09375 0.92984
v 1.00000 0.09375 0.89610
v 1.00000 0.09375 0.93128
v 1.15839 0.09375 0.95305
v 1.15839 0.00000 0.95305
v 1.00000 0.00000 0.93128
v 1.00000 0.00000 0.89610
v 1.16239 0.00000 0.92984
v 1.16239 4.24547 0.92984
v 1.00000 4.24547 0.89610
v 1.00000 4.24547 0.93128
v 1.15839 4.24547 0.95305
v 1.15839 4.09375 0.95305
v 1.00000 4.09375 0.93128
v 1.00000 4.09375 0.89610
v 1.16239 4.09375 0.92984
v 1.16796 0.09375 0.90697
v 1.00000 0.09375 0.85991
v 1.00000 0.09375 0.89610
v 1.16239 0.09375 0.92984
v 1.16239 0.00000 0.92984
v 1.00000 0.00000 0.89610
v 1.00000 0.00000 0.85991
v 1.16796 0.00000 0.90697
v 1.16796 4.24547 0.90697
v 1.00000 4.24547 0.85991
v 1.00000 4.24547 0.89610
v 1.16239 4.24547 0.92984
v 1.16239 4.09375 0.92984
v 1.00000 4.09375 0.89610
v 1.00000 4.09375 0.85991
v 1.16796 4.09375 0.90697
v 1.16914 0.09375 0.90285
v 1.00000 0.09375 0.85319
v 1.00000 0.09375 0.85991
v 1.16796 0.09375 0.90697
v 1.16796 0.00000 0.90697
v 1.00000 0.00000 0.85991
v 1.00000 0.00000 0.85319
v 1.16914 0.00000 0.90285
v 1.16914 4.24547 0.90285
v 1.00000 4.24547 0.85319
v 1.00000 4.24547 0.85991
v 1.16796 4.24547 0.90697
v 1.16796 4.09375 0.90697
v 1.00000 4.09375 0.85991
v 1.00000 4.09375 0.85319
v 1.16914 4.09375 0.90285
v 1.17508 0.09375 0.88453
v 1.00000 0.09375 0.82230
v 1.00000 0.09375 0.85319
v 1.16914 0.09375 0.90285
v 1.16914 0.00000 0.90285
v 1.00000 0.00000 0.85319
v 1.00000 0.00000 0.82230
v 1.17508 0.00000 0.88453
v 1.17508 4.24547 0.88453
v 1.00000 4.24547 0.82230
v 1.00000 4.24547 0.85319
v 1.16914 4.24547 0.90285
v 1.16914 4.09375 0.90285
v 1.00000 4.09375 0.85319
v 1.00000 4.09375 0.82230
v 1.17508 4.09375 0.88453
v 1.18372 0.09375 0.86262
v 1.00000 0.09375 0.78282
v 1.00000 0.09375 0.82230
v 1.17508 0.09375 0.88453
v 1.17508 0.00000 0.88453
v 1.00000 0.00000 0.82230
v 1.00000 0.00000 0.78282
v 1.18372 0.00000 0.86262
v 1.18372 4.24547 0.86262
v 1.00000 4.24547 0.78282
v 1.00000 4.24547 0.82230
v 1.17508 4.24547 0.88453
v 1.17508 4.09375 0.88453
v 1.00000 4.09375 0.82230
v 1.00000 4.09375 0.78282
v 1.18372 4.09375 0.86262
v 1.19383 0.09375 0.84136
v 1.00000 0.09375 0.74092
v 1.00000 0.09375 0.78282
v 1.18372 0.09375 0.86262
v 1.18372 0.00000 0.86262
v 1.00000 0.00000 0.78282
v 1.00000 0.00000 0.74092
v 1.19383 0.00000 0.84136
v 1.19383 4.24547 0.84136
v 1.00000 4.24547 0.74092
v 1.00000 4.24547 0.78282
v 1.18372 4.24547 0.86262
v 1.18372 4.09375 0.86262
v 1.00000 4.09375 0.78282
v 1.00000 4.09375 0.74092
v 1.19383 4.09375 0.84136
v 1.20537 0.09375 0.82083
v 1.00000 0.09375 0.69594
v 1.00000 0.09375 0.74092
v 1.19383 0.09375 0.84136
v 1.19383 0.00000 0.84136
v 1.00000 0.00000 0.74092
v 1.00000 0.00000 0.69594
v 1.20537 0.00000 0.82083
v 1.20537 4.24547 0.82083
v 1.00000 4.24547 0.69594
v 1.00000 4.24547 0.74092
v 1.19383 4.24547 0.84136
v 1.19383 4.09375 0.84136
v 1.00000 4.09375 0.74092
v 1.00000 4.09375 0.69594
v 1.20537 4.09375 0.82083
v 1.20991 0.09375 0.81357
v 1.00000 0.09375 0.67867
v 1.00000 0.09375 0.69594
v 1.20537 0.09375 0.82083
v 1.20537 0.00000 0.82083
v 1.00000 0.00000 0.69594
v 1.00000 0.00000 0.67867
v 1.20991 0.00000 0.81357
v 1.20991 4.24547 0.81357
v 1.00000 4.24547 0.67867
v 1.00000 4.24547 0.69594
v 1.20537 4.24547 0.82083
v 1.20537 4.09375 0.82083
v 1.00000 4.09375 0.69594
v 1.00000 4.09375 0.67867
v 1.20991 4.09375 0.81357
v 1.21829 0.09375 0.80115
v 1.00000 0.09375 0.64706
v 1.00000 0.09375 0.67867
v 1.20991 0.09375 0.81357
v 1.20991 0.00000 0.81357
v 1.00000 0.00000 0.67867
v 1.00000 0.00000 0.64706
v 1.21829 0.00000 0.80115
v 1.21829 4.24547 0.80115
v 1.00000 4.24547 0.64706
v 1.00000 4.24547 0.67867
v 1.20991 4.24547 0.81357
v 1.20991 4.09375 0.81357
v 1.00000 4.09375 0.67867
v 1.00000 4.09375 0.64706
v 1.21829 4.09375 0.80115
v 1.23252 0.09375 0.78239
v 1.00000 0.09375 0.59322
v 1.00000 0.09375 0.64706
v 1.21829 0.09375 0.80115
v 1.21829 0.00000 0.80115
v 1.00000 0.00000 0.64706
v 1.00000 0.00000 0.59322
v 1.23252 0.00000 0.78239
v 1.23252 4.24547 0.78239
v 1.00000 4.24547 0.59322
v 1.00000 4.24547 0.64706
v 1.21829 4.24547 0.80115
v 1.21829 4.09375 0.80115
v 1.00000 4.09375 0.64706
v 1.00000 4.09375 0.59322
v 1.23252 4.09375 0.78239
v 1.24799 0.09375 0.76464
v 1.00000 0.09375 0.53303
v 1.00000 0.09375 0.59322
v 1.23252 0.09375 0.78239
v 1.23252 0.00000 0.78239
v 1.00000 0.00000 0.59322
v 1.00000 0.00000 0.53303
v 1.24799 0.00000 0.76464
v 1.24799 4.24547 0.76464
v 1.00000 4.24547 0.53303
v 1.00000 4.24547 0.59322
v 1.23252 4.24547 0.78239
v 1.23252 4.09375 0.78239
v 1.00000 4.09375 0.59322
v 1.00000 4.09375 0.53303
v 1.24799 4.09375 0.76464
v 1.26464 0.09375 0.74799
v 1.00000 0.09375 0.46463
v 1.00000 0.09375 0.53303
v 1.24799 0.09375 0.76464
v 1.24799 0.00000 0.76464
v 1.00000 0.00000 0.53303
v 1.00000 0.00000 0.46463
v 1.26464 0.00000 0.74799
v 1.26464 4.24547 0.74799
v 1.00000 4.24547 0.46463
v 1.00000 4.24547 0.53303
v 1.24799 4.24547 0.76464
v 1.24799 4.09375 0.76464
v 1.00000 4.09375 0.53303
v 1.00000 4.09375 0.46463
v 1.26464 4.09375 0.74799
v 1.27419 0.09375 0.73940
v 1.00000 0.09375 0.42297
v 1.00000 0.09375 0.46463
v 1.26464 0.09375 0.74799
v 1.26464 0.00000 0.74799
v 1.00000 0.00000 0.46463
v 1.00000 0.00000 0.42297
v 1.27419 0.00000 0.73940
v 1.27419 4.24547 0.73940
v 1.00000 4.24547 0.42297
v 1.00000 4.24547 0.46463
v 1.26464 4.24547 0.74799
v 1.26464 4.09375 0.74799
v 1.00000 4.09375 0.46463
v 1.00000 4.09375 0.42297
v 1.27419 4.09375 0.73940
v 1.28239 0.09375 0.73252
v 1.00000 0.09375 0.38542
v 1.00000 0.09375 0.42297
v 1.27419 0.09375 0.73940
v 1.27419 0.00000 0.73940
v 1.00000 0.00000 0.42297
v 1.00000 0.00000 0.38542
v 1.28239 0.00000 0.73252
v 1.28239 4.24547 0.73252
v 1.00000 4.24547 0.38542
v 1.00000 4.24547 0.42297
v 1.27419 4.24547 0.73940
v 1.27419 4.09375 0.73940
v 1.00000 4.09375 0.42297
v 1.00000 4.09375 0.38542
v 1.28239 4.09375 0.73252
v 1.30115 0.09375 0.71829
v 1.00000 0.09375 0.29166
v 1.00000 0.09375 0.38542
v 1.28239 0.09375 0.73252
v 1.28239 0.00000 0.73252
v 1.00000 0.00000 0.38542
v 1.00000 0.00000 0.29166
v 1.30115 0.00000 0.71829
v 1.30115 4.24547 0.71829
v 1.00000 4.24547 0.29166
v 1.00000 4.24547 0.38542
v 1.28239 4.24547 0.73252
v 1.28239 4.09375 0.73252
v 1.00000 4.09375 0.38542
v 1.00000 4.09375 0.29166
v 1.30115 4.09375 0.71829
v 1.32083 0.09375 0.70537
v 1.00000 0.09375 0.17779
v 1.00000 0.09375 0.29166
v 1.30115 0.09375 0.71829
v 1.30115 0.00000 0.71829
v 1.00000 0.00000 0.29166
v 1.00000 0.00000 0.17779
v 1.32083 0.00000 0.70537
v 1.32083 4.24547 0.70537
v 1.00000 4.24547 0.17779
v 1.00000 4.24547 0.29166
v 1.30115 4.24547 0.71829
v 1.30115 4.09375 0.71829
v 1.00000 4.09375 0.29166
v 1.00000 4.09375 0.17779
v 1.32083 4.09375 0.70537
v 1.34136 0.09375 0.69383
v 1.00000 0.09375 0.03504
v 1.00000 0.09375 0.17779
v 1.32083 0.09375 0.70537
v 1.32083 0.00000 0.70537
v 1.00000 0.00000 0.17779
v 1.00000 0.00000 0.03504
v 1.34136 0.00000 0.69383
v 1.34136 4.24547 0.69383
v 1.00000 4.24547 0.03504
v 1.00000 4.24547 0.17779
v 1.32083 4.24547 0.70537
v 1.32083 4.09375 0.70537
v 1.00000 4.09375 0.17779
v 1.00000 4.09375 0.03504
v 1.34136 4.09375 0.69383
v 1.04332 0.09375 0.00000
v 1.00000 0.09375 0.00000
v 1.00000 0.09375 0.03504
v 1.34136 0.09375 0.69383
v 1.35675 0.09375 0.68634
v 1.04332 0.09375 0.00000
v 1.34136 0.09375 0.69383
v 1.34136 0.00000 0.69383
v 1.00000 0.00000 0.03504
v 1.00000 0.00000 0.00000
v 1.04332 0.00000 0.00000
v 1.34136 0.00000 0.69383
v 1.04332 0.00000 0.00000
v 1.35675 0.00000 0.68634
v 1.04332 4.24547 0.00000
v 1.00000 4.24547 0.00000
v 1.00000 4.24547 0.03504
v 1.34136 4.24547 0.69383
v 1.35675 4.24547 0.68634
v 1.04332 4.24547 0.00000
v 1.34136 4.24547 0.69383
v 1.34136 4.09375 0.69383
v 1.00000 4.09375 0.03504
v 1.00000 4.09375 0.00000
v 1.04332 4.09375 0.00000
v 1.34136 4.09375 0.69383
v 1.04332 4.09375 0.00000
v 1.35675 4.09375 0.68634
v 1.36262 0.09375 0.68372
v 1.06564 0.09375 0.00000
v 1.04332 0.09375 0.00000
v 1.35675 0.09375 0.68634
v 1.35675 0.00000 0.68634
v 1.04332 0.00000 0.00000
v 1.06564 0.00000 0.00000
v 1.36262 0.00000 0.68372
v 1.36262 4.24547 0.68372
v 1.06564 4.24547 0.00000
v 1.04332 4.24547 0.00000
v 1.35675 4.24547 0.68634
v 1.35675 4.09375 0.68634
v 1.04332 4.09375 0.00000
v 1.06564 4.09375 0.00000
v 1.36262 4.09375 0.68372
v 1.38453 0.09375 0.67508
v 1.14460 0.09375 0.00000
v 1.06564 0.09375 0.00000
v 1.36262 0.09375 0.68372
v 1.36262 0.00000 0.68372
v 1.06564 0.00000 0.00000
v 1.14460 0.00000 0.00000
v 1.38453 0.00000 0.67508
v 1.38453 4.24547 0.67508
v 1.14460 4.24547 0.00000
v 1.06564 4.24547 0.00000
v 1.36262 4.24547 0.68372
v 1.36262 4.09375 0.68372
v 1.06564 4.09375 0.00000
v 1.14460 4.09375 0.00000
v 1.38453 4.09375 0.67508
v 1.40697 0.09375 0.66796
v 1.21981 0.09375 0.00000
v 1.14460 0.09375 0.00000
v 1.38453 0.09375 0.67508
v 1.38453 0.00000 0.67508
v 1.14460 0.00000 0.00000
v 1.21981 0.00000 0.00000
v 1.40697 0.00000 0.66796
v 1.40697 4.24547 0.66796
v 1.21981 4.24547 0.00000
v 1.14460 4.24547 0.00000
v 1.38453 4.24547 0.67508
v 1.38453 4.09375 0.67508
v 1.14460 4.09375 0.00000
v 1.21981 4.09375 0.00000
v 1.40697 4.09375 0.66796
v 1.42984 0.09375 0.66239
v 1.29220 0.09375 0.00000
v 1.21981 0.09375 0.00000
v 1.40697 0.09375 0.66796
v 1.40697 0.00000 0.66796
v 1.21981 0.00000 0.00000
v 1.29220 0.00000 0.00000
v 1.42984 0.00000 0.66239
v 1.42984 4.24547 0.66239
v 1.29220 4.24547 0.00000
v 1.21981 4.24547 0.00000
v 1.40697 4.24547 0.66796
v 1.40697 4.09375 0.66796
v 1.21981 4.09375 0.00000
v 1.29220 4.09375 0.00000
v 1.42984 4.09375 0.66239
v 1.45093 0.09375 0.65868
v 1.35622 0.09375 0.00000
v 1.29220 0.09375 0.00000
v 1.42984 0.09375 0.66239
v 1.42984 0.00000 0.66239
v 1.29220 0.00000 0.00000
v 1.35622 0.00000 0.00000
v 1.45093 0.00000 0.65868
v 1.45093 4.24547 0.65868
v 1.35622 4.24547 0.00000
v 1.29220 4.24547 0.00000
v 1.42984 4.24547 0.66239
v 1.42984 4.09375 0.66239
v 1.29220 4.09375 0.00000
v 1.35622 4.09375 0.00000
v 1.45093 4.09375 0.65868
v 1.45305 0.09375 0.65839
v 1.36255 0.09375 0.00000
v 1.35622 0.09375 0.00000
v 1.45093 0.09375 0.65868
v 1.45093 0.00000 0.65868
v 1.35622 0.00000 0.00000
v 1.36255 0.00000 0.00000
v 1.45305 0.00000 0.65839
v 1.45305 4.24547 0.65839
v 1.36255 4.24547 0.00000
v 1.35622 4.24547 0.00000
v 1.45093 4.24547 0.65868
v 1.45093 4.09375 0.65868
v 1.35622 4.09375 0.00000
v 1.36255 4.09375 0.00000
v 1.45305 4.09375 0.65839
v 1.47647 0.09375 0.65598
v 1.43160 0.09375 0.00000
v 1.36255 0.09375 0.00000
v 1.45305 0.09375 0.65839
v 1.45305 0.00000 0.65839
v 1.36255 0.00000 0.00000
v 1.43160 0.00000 0.00000
v 1.47647 0.00000 0.65598
v 1.47647 4.24547 0.65598
v 1.43160 4.24547 0.00000
v 1.36255 4.24547 0.00000
v 1.45305 4.24547 0.65839
v 1.45305 4.09375 0.65839
v 1.36255 4.09375 0.00000
v 1.43160 4.09375 0.00000
v 1.47647 4.09375 0.65598
v 1.50000 0.09375 0.65518
v 1.50000 0.09375 0.00000
v 1.43160 0.09375 0.00000
v 1.47647 0.09375 0.65598
v 1.47647 0.00000 0.65598
v 1.43160 0.00000 0.00000
v 1.50000 0.00000 0.00000
v 1.50000 0.00000 0.65518
v 1.50000 4.24547 0.65518
v 1.50000 4.24547 0.00000
v 1.43160 4.24547 0.00000
v 1.47647 4.24547 0.65598
v 1.47647 4.09375 0.65598
v 1.43160 4.09375 0.00000
v 1.50000 4.09375 0.00000
v 1.50000 4.09375 0.65518
v 1.52353 0.09375 0.65598
v 1.56840 0.09375 0.00000
v 1.50000 0.09375 0.00000
v 1.50000 0.09375 0.65518
v 1.50000 0.00000 0.65518
v 1.50000 0.00000 0.00000
v 1.56840 0.00000 0.00000
v 1.52353 0.00000 0.65598
v 1.52353 4.24547 0.65598
v 1.56840 4.24547 0.00000
v 1.50000 4.24547 0.00000
v 1.50000 4.24547 0.65518
v 1.50000 4.09375 0.65518
v 1.50000 4.09375 0.00000
v 1.56840 4.09375 0.00000
v 1.52353 4.09375 0.65598
v 1.54695 0.09375 0.65839
v 1.63745 0.09375 0.00000
v 1.56840 0.09375 0.00000
v 1.52353 0.09375 0.65598
v 1.52353 0.00000 0.65598
v 1.56840 0.00000 0.00000
v 1.63745 0.00000 0.00000
v 1.54695 0.00000 0.65839
v 1.54695 4.24547 0.65839
v 1.63745 4.24547 0.00000
v 1.56840 4.24547 0.00000
v 1.52353 4.24547 0.65598
v 1.52353 4.09375 0.65598
v 1.56840 4.09375 0.00000
v 1.63745 4.09375 0.00000
v 1.54695 4.09375 0.65839
v 1.54907 0.09375 0.65868
v 1.64378 0.09375 0.00000
v 1.63745 0.09375 0.00000
v 1.54695 0.09375 0.65839
v 1.54695 0.00000 0.65839
v 1.63745 0.00000 0.00000
v 1.64378 0.00000 0.00000
v 1.54907 0.00000 0.65868
v 1.54907 4.24547 0.65868
v 1.64378 4.24547 0.00000
v 1.63745 4.24547 0.00000
v 1.54695 4.24547 0.65839
v 1.54695 4.09375 0.65839
v 1.63745 4.09375 0.00000
v 1.64378 4.09375 0.00000
v 1.54907 4.09375 0.65868
v 1.57016 0.09375 0.66239
v 1.70780 0.09375 0.00000
v 1.64378 0.09375 0.00000
v 1.54907 0.09375 0.65868
v 1.54907 0.00000 0.65868
v 1.64378 0.00000 0.00000
v 1.70780 0.00000 0.00000
v 1.57016 0.00000 0.66239
v 1.57016 4.24547 0.66239
v 1.70780 4.24547 0.00000
v 1.64378 4.24547 0.00000
v 1.54907 4.24547 0.65868
v 1.54907 4.09375 0.65868
v 1.64378 4.09375 0.00000
v 1.70780 4.09375 0.00000
v 1.57016 4.09375 0.66239
v 1.59303 0.09375 0.66796
v 1.78019 0.09375 0.00000
v 1.70780 0.09375 0.00000
v 1.57016 0.09375 0.66239
v 1.57016 0.00000 0.66239
v 1.70780 0.00000 0.00000
v 1.78019 0.00000 0.00000
v 1.59303 0.00000 0.66796
v 1.59303 4.24547 0.66796
v 1.78019 4.24547 0.00000
v 1.70780 4.24547 0.00000
v 1.57016 4.24547 0.66239
v 1.57016 4.09375 0.66239
v 1.70780 4.09375 0.00000
v 1.78019 4.09375 0.00000
v 1.59303 4.09375 0.66796
v 1.61547 0.09375 0.67508
v 1.85540 0.09375 0.00000
v 1.78019 0.09375 0.00000
v 1.59303 0.09375 0.66796
v 1.59303 0.00000 0.66796
v 1.78019 0.00000 0.00000
v 1.85540 0.00000 0.00000
v 1.61547 0.00000 0.67508
v 1.61547 4.24547 0.67508
v 1.85540 4.24547 0.00000
v 1.78019 4.24547 0.00000
v 1.59303 4.24547 0.66796
v 1.59303 4.09375 0.66796
v 1.78019 4.09375 0.00000
v 1.85540 4.09375 0.00000
v 1.61547 4.09375 0.67508
v 1.63738 0.09375 0.68372
v 1.93436 0.09375 0.00000
v 1.85540 0.09375 0.00000
v 1.61547 0.09375 0.67508
v 1.61547 0.00000 0.67508
v 1.85540 0.00000 0.00000
v 1.93436 0.00000 0.00000
v 1.63738 0.00000 0.68372
v 1.63738 4.24547 0.68372
v 1.93436 4.24547 0.00000
v 1.85540 4.24547 0.00000
v 1.61547 4.24547 0.67508
v 1.61547 4.09375 0.67508
v 1.85540 4.09375 0.00000
v 1.93436 4.09375 0.00000
v 1.63738 4.09375 0.68372
v 1.64325 0.09375 0.68634
v 1.95668 0.09375 0.00000
v 1.93436 0.09375 0.00000
v 1.63738 0.09375 0.68372
v 1.63738 0.00000 0.68372
v 1.93436 0.00000 0.00000
v 1.95668 0.00000 0.00000
v 1.64325 0.00000 0.68634
v 1.64325 4.24547 0.68634
v 1.95668 4.24547 0.00000
v 1.93436 4.24547 0.00000
v 1.63738 4.24547 0.68372
v 1.63738 4.09375 0.68372
v 1.93436 4.09375 0.00000
v 1.95668 4.09375 0.00000
v 1.64325 4.09375 0.68634
v 2.00000 0.09375 0.03504
v 2.00000 0.09375 0.00000
v 1.95668 0.09375 0.00000
v 1.64325 0.09375 0.68634
v 1.65864 0.09375 0.69383
v 2.00000 0.09375 0.03504
v 1.64325 0.09375 0.68634
v 1.64325 0.00000 0.68634
v 1.95668 0.00000 0.00000
v 2.00000 0.00000 0.00000
v 2.00000 0.00000 0.03504
v 1.64325 0.00000 0.68634
v 2.00000 0.00000 0.03504
v 1.65864 0.00000 0.69383
v 2.00000 4.24547 0.03504
v 2.00000 4.24547 0.00000
v 1.95668 4.24547 0.00000
v 1.64325 4.24547 0.68634
v 1.65864 4.24547 0.69383
v 2.00000 4.24547 0.03504
v 1.64325 4.24547 0.68634
v 1.64325 4.09375 0.68634
v 1.95668 4.09375 0.00000
v 2.00000 4.09375 0.00000
v 2.00000 4.09375 0.03504
v 1.64325 4.09375 0.68634
v 2.00000 4.09375 0.03504
v 1.65864 4.09375 0.69383
v 1.67917 0.09375 0.70537
v 2.00000 0.09375 0.17779
v 2.00000 0.09375 0.03504
v 1.65864 0.09375 0.69383
v 1.65864 0.00000 0.69383
v 2.00000 0.00000 0.03504
v 2.00000 0.00000 0.17779
v 1.67917 0.00000 0.70537
v 1.67917 4.24547 0.70537
v 2.00000 4.24547 0.17779
v 2.00000 4.24547 0.03504
v 1.65864 4.24547 0.69383
v 1.65864 4.09375 0.69383
v 2.00000 4.09375 0.03504
v 2.00000 4.09375 0.17779
v 1.67917 4.09375 0.70537
v 1.69885 0.09375 0.71829
v 2.00000 0.09375 0.29166
v 2.00000 0.09375 0.17779
v 1.67917 0.09375 0.70537
v 1.67917 0.00000 0.70537
v 2.00000 0.00000 0.17779
v 2.00000 0.00000 0.29166
v 1.69885 0.00000 0.71829
v 1.69885 4.24547 0.71829
v 2.00000 4.24547 0.29166
v 2.00000 4.24547 0.17779
v 1.67917 4.24547 0.70537
v 1.67917 4.09375 0.70537
v 2.00000 4.09375 0.17779
v 2.00000 4.09375 0.29166
v 1.69885 4.09375 0.71829
v 1.71761 0.09375 0.73252
v 2.00000 0.09375 0.38542
v 2.00000 0.09375 0.29166
v 1.69885 0.09375 0.71829
v 1.69885 0.00000 0.71829
v 2.00000 0.00000 0.29166
v 2.00000 0.00000 0.38542
v 1.71761 0.00000 0.73252
v 1.71761 4.24547 0.73252
v 2.00000 4.24547 0.38542
v 2.00000 4.24547 0.29166
v 1.69885 4.24547 0.71829
v 1.69885 4.09375 0.71829
v 2.00000 4.09375 0.29166
v 2.00000 4.09375 0.38542
v 1.71761 4.09375 0.73252
v 1.72581 0.09375 0.73940
v 2.00000 0.09375 0.42297
v 2.00000 0.09375 0.38542
v 1.71761 0.09375 0.73252
v 1.71761 0.00000 0.73252
v 2.00000 0.00000 0.38542
v 2.00000 0.00000 0.42297
v 1.72581 0.00000 0.73940
v 1.72581 4.24547 0.73940
v 2.00000 4.24547 0.42297
v 2.00000 4.24547 0.38542
v 1.71761 4.24547 0.73252
v 1.71761 4.09375 0.73252
v 2.00000 4.09375 0.38542
v 2.00000 4.09375 0.42297
v 1.72581 4.09375 0.73940
v 1.73536 0.09375 0.74799
v 2.00000 0.09375 0.46463
v 2.00000 0.09375 0.42297
v 1.72581 0.09375 0.73940
v 1.72581 0.00000 0.73940
v 2.00000 0.00000 0.42297
v 2.00000 0.00000 0.46463
v 1.73536 0.00000 0.74799
v 1.73536 4.24547 0.74799
v 2.00000 4.24547 0.46463
v 2.00000 4.24547 0.42297
v 1.72581 4.24547 0.73940
v 1.72581 4.09375 0.73940
v 2.00000 4.09375 0.42297
v 2.00000 4.09375 0.46463
v 1.73536 4.09375 0.74799
v 1.75201 0.09375 0.76464
v 2.00000 0.09375 0.53303
v 2.00000 0.09375 0.46463
v 1.73536 0.09375 0.74799
v 1.73536 0.00000 0.74799
v 2.00000 0.00000 0.46463
v 2.00000 0.00000 0.53303
v 1.75201 0.00000 0.76464
v 1.75201 4.24547 0.76464
v 2.00000 4.24547 0.53303
v 2.00000 4.24547 0.46463
v 1.73536 4.24547 0.74799
v 1.73536 4.09375 0.74799
v 2.00000 4.09375 0.46463
v 2.00000 4.09375 0.53303
v 1.75201 4.09375 0.76464
v 1.76748 0.09375 0.78239
v 2.00000 0.09375 0.59322
v 2.00000 0.09375 0.53303
v 1.75201 0.09375 0.76464
v 1.75201 0.00000 0.76464
v 2.00000 0.00000 0.53303
v 2.00000 0.00000 0.59322
v 1.76748 0.00000 0.78239
v 1.76748 4.24547 0.78239
v 2.00000 4.24547 0.59322
v 2.00000 4.24547 0.53303
v 1.75201 4.24547 0.76464
v 1.75201 4.09375 0.76464
v 2.00000 4.09375 0.53303
v 2.00000 4.09375 0.59322
v 1.76748 4.09375 0.78239
v 1.78171 0.09375 0.80115
v 2.00000 0.09375 0.64706
v 2.00000 0.09375 0.59322
v 1.76748 0.09375 0.78239
v 1.76748 0.00000 0.78239
v 2.00000 0.00000 0.59322
v 2.00000 0.00000 0.64706
v 1.78171 0.00000 0.80115
v 1.78171 4.24547 0.80115
v 2.00000 4.24547 0.64706
v 2.00000 4.24547 0.59322
v 1.76748 4.24547 0.78239
v 1.76748 4.09375 0.78239
v 2.00000 4.09375 0.59322
v 2.00000 4.09375 0.64706
v 1.78171 4.09375 0.80115
v 1.79009 0.09375 0.81357
v 2.00000 0.09375 0.67867
v 2.00000 0.09375 0.64706
v 1.78171 0.09375 0.80115
v 1.78171 0.00000 0.80115
v 2.00000 0.00000 0.64706
v 2.00000 0.00000 0.67867
v 1.79009 0.00000 0.81357
v 1.79009 4.24547 0.81357
v 2.00000 4.24547 0.67867
v 2.00000 4.24547 0.64706
v 1.78171 4.24547 0.80115
v 1.78171 4.09375 0.80115
v 2.00000 4.09375 0.64706
v 2.00000 4.09375 0.67867
v 1.79009 4.09375 0.81357
v 1.79463 0.09375 0.82083
v 2.00000 0.09375 0.69594
v 2.00000 0.09375 0.67867
v 1.79009 0.09375 0.81357
v 1.79009 0.00000 0.81357
v 2.00000 0.00000 0.67867
v 2.00000 0.00000 0.69594
v 1.79463 0.00000 0.82083
v 1.79463 4.24547 0.82083
v 2.00000 4.24547 0.69594
v 2.00000 4.24547 0.67867
v 1.79009 4.24547 0.81357
v 1.79009 4.09375 0.81357
v 2.00000 4.09375 0.67867
v 2.00000 4.09375 0.69594
v 1.79463 4.09375 0.82083
v 1.80617 0.09375 0.84136
v 2.00000 0.09375 0.74092
v 2.00000 0.09375 0.69594
v 1.79463 0.09375 0.82083
v 1.79463 0.00000 0.82083
v 2.00000 0.00000 0.69594
v 2.00000 0.00000 0.74092
v 1.80617 0.00000 0.84136
v 1.80617 4.24547 0.84136
v 2.00000 4.24547 0.74092
v 2.00000 4.24547 0.69594
v 1.79463 4.24547 0.82083
v 1.79463 4.09375 0.82083
v 2.00000 4.09375 0.69594
v 2.00000 4.09375 0.74092
v 1.80617 4.09375 0.84136
v 1.81628 0.09375 0.86262
v 2.00000 0.09375 0.78282
v 2.00000 0.09375 0.74092
v 1.80617 0.09375 0.84136
v 1.80617 0.00000 0.84136
v 2.00000 0.00000 0.74092
v 2.00000 0.00000 0.78282
v 1.81628 0.00000 0.86262
v 1.81628 4.24547 0.86262
v 2.00000 4.24547 0.78282
v 2.00000 4.24547 0.74092
v 1.80617 4.24547 0.84136
v 1.80617 4.09375 0.84136
v 2.00000 4.09375 0.74092
v 2.00000 4.09375 0.78282
v 1.81628 4.09375 0.86262
v 1.82492 0.09375 0.88453
v 2.00000 0.09375 0.82230
v 2.00000 0.09375 0.78282
v 1.81628 0.09375 0.86262
v 1.81628 0.00000 0.86262
v 2.00000 0.00000 0.78282
v 2.00000 0.00000 0.82230
v 1.82492 0.00000 0.88453
v 1.82492 4.24547 0.88453
v 2.00000 4.24547 0.82230
v 2.00000 4.24547 0.78282
v 1.81628 4.24547 0.86262
v 1.81628 4.09375 0.86262
v 2.00000 4.09375 0.78282
v 2.00000 4.09375 0.82230
v 1.82492 4.09375 0.88453
v 1.83086 0.09375 0.90285
v 2.00000 0.09375 0.85319
v 2.00000 0.09375 0.82230
v 1.82492 0.09375 0.88453
v 1.82492 0.00000 0.88453
v 2.00000 0.00000 0.82230
v 2.00000 0.00000 0.85319
v 1.83086 0.00000 0.90285
v 1.83086 4.24547 0.90285
v 2.00000 4.24547 0.85319
v 2.00000 4.24547 0.82230
v 1.82492 4.24547 0.88453
v 1.82492 4.09375 0.88453
v 2.00000 4.09375 0.82230
v 2.00000 4.09375 0.85319
v 1.83086 4.09375 0.90285
v 1.83204 0.09375 0.90697
v 2.00000 0.09375 0.85991
v 2.00000 0.09375 0.85319
v 1.83086 0.09375 0.90285
v 1.83086 0.00000 0.90285
v 2.00000 0.00000 0.85319
v 2.00000 0.00000 0.85991
v 1.83204 0.00000 0.90697
v 1.83204 4.24547 0.90697
v 2.00000 4.24547 0.85991
v 2.00000 4.24547 0.85319
v 1.83086 4.24547 0.90285
v 1.83086 4.09375 0.90285
v 2.00000 4.09375 0.85319
v 2.00000 4.09375 0.85991
v 1.83204 4.09375 0.90697
v 1.83761 0.09375 0.92984
v 2.00000 0.09375 0.89610
v 2.00000 0.09375 0.85991
v 1.83204 0.09375 0.90697
v 1.83204 0.00000 0.90697
v 2.00000 0.00000 0.85991
v 2.00000 0.00000 0.89610
v 1.83761 0.00000 0.92984
v 1.83761 4.24547 0.92984
v 2.00000 4.24547 0.89610
v 2.00000 4.24547 0.85991
v 1.83204 4.24547 0.90697
v 1.83204 4.09375 0.90697
v 2.00000 4.09375 0.85991
v 2.00000 4.09375 0.89610
v 1.83761 4.09375 0.92984
v 1.84161 0.09375 0.95305
v 2.00000 0.09375 0.93128
v 2.00000 0.09375 0.89610
v 1.83761 0.09375 0.92984
v 1.83761 0.00000 0.92984
v 2.00000 0.00000 0.89610
v 2.00000 0.00000 0.93128
v 1.84161 0.00000 0.95305
v 1.84161 4.24547 0.95305
v 2.00000 4.24547 0.93128
v 2.00000 4.24547 0.89610
v 1.83761 4.24547 0.92984
v 1.83761 4.09375 0.92984
v 2.00000 4.09375 0.89610
v 2.00000 4.09375 0.93128
v 1.84161 4.09375 0.95305
v 1.84402 0.09375 0.97647
v 2.00000 0.09375 0.96580
v 2.00000 0.09375 0.93128
v 1.84161 0.09375 0.95305
v 1.84161 0.00000 0.95305
v 2.00000 0.00000 0.93128
v 2.00000 0.00000 0.96580
v 1.84402 0.00000 0.97647
v 1.84402 4.24547 0.97647
v 2.00000 4.24547 0.96580
v 2.00000 4.24547 0.93128
v 1.84161 4.24547 0.95305
v 1.84161 4.09375 0.95305
v 2.00000 4.09375 0.93128
v 2.00000 4.09375 0.96580
v 1.84402 4.09375 0.97647
v 1.84483 0.09375 1.00000
v 2.00000 0.09375 1.00000
v 2.00000 0.09375 0.96580
v 1.84402 0.09375 0.97647
v 1.84402 0.00000 0.97647
v 2.00000 0.00000 0.96580
v 2.00000 0.00000 1.00000
v 1.84483 0.00000 1.00000
v 1.84483 4.24547 1.00000
v 2.00000 4.24547 1.00000
v 2.00000 4.24547 0.96580
v 1.84402 4.24547 0.97647
v 1.84402 4.09375 0.97647
v 2.00000 4.09375 0.96580
v 2.00000 4.09375 1.00000
v 1.84483 4.09375 1.00000
v 1.15517 4.09375 1.00000
v 1.15517 0.09375 1.00000
v 1.15598 0.09375 0.97647
v 1.15598 4.09375 0.97647
v 1.15517 0.09375 1.00000
v 1.15517 0.00000 1.00000
v 1.15598 0.00000 0.97647
v 1.15598 0.09375 0.97647
v 1.15517 4.24547 1.00000
v 1.15517 4.09375 1.00000
v 1.15598 4.09375 0.97647
v 1.15598 4.24547 0.97647
v 1.00117 4.09375 0.96588
v 1.00117 0.09375 0.96588
v 1.00000 0.09375 1.00000
v 1.00000 4.09375 1.00000
v 1.15598 4.09375 0.97647
v 1.15598 0.09375 0.97647
v 1.15839 0.09375 0.95305
v 1.15839 4.09375 0.95305
v 1.15598 0.09375 0.97647
v 1.15598 0.00000 0.97647
v 1.15839 0.00000 0.95305
v 1.15839 0.09375 0.95305
v 1.15598 4.24547 0.97647
v 1.15598 4.09375 0.97647
v 1.15839 4.09375 0.95305
v 1.15839 4.24547 0.95305
v 1.00466 4.09375 0.93192
v 1.00466 0.09375 0.93192
v 1.00117 0.09375 0.96588
v 1.00117 4.09375 0.96588
v 1.15839 4.09375 0.95305
v 1.15839 0.09375 0.95305
v 1.16239 0.09375 0.92984
v 1.16239 4.09375 0.92984
v 1.15839 0.09375 0.95305
v 1.15839 0.00000 0.95305
v 1.16239 0.00000 0.92984
v 1.16239 0.09375 0.92984
v 1.15839 4.24547 0.95305
v 1.15839 4.09375 0.95305
v 1.16239 4.09375 0.92984
v 1.16239 4.24547 0.92984
v 1.01046 4.09375 0.89827
v 1.01046 0.09375 0.89827
v 1.00466 0.09375 0.93192
v 1.00466 4.09375 0.93192
v 1.16239 4.09375 0.92984
v 1.16239 0.09375 0.92984
v 1.16796 0.09375 0.90697
v 1.16796 4.09375 0.90697
v 1.16239 0.09375 0.92984
v 1.16239 0.00000 0.92984
v 1.16796 0.00000 0.90697
v 1.16796 0.09375 0.90697
v 1.16239 4.24547 0.92984
v 1.16239 4.09375 0.92984
v 1.16796 4.09375 0.90697
v 1.16796 4.24547 0.90697
v 1.01854 4.09375 0.86510
v 1.01854 0.09375 0.86510
v 1.01046 0.09375 0.89827
v 1.01046 4.09375 0.89827
v 1.16796 4.09375 0.90697
v 1.16796 0.09375 0.90697
v 1.16914 0.09375 0.90285
v 1.16914 4.09375 0.90285
v 1.16796 0.09375 0.90697
v 1.16796 0.00000 0.90697
v 1.16914 0.00000 0.90285
v 1.16914 0.09375 0.90285
v 1.16796 4.24547 0.90697
v 1.16796 4.09375 0.90697
v 1.16914 4.09375 0.90285
v 1.16914 4.24547 0.90285
v 1.02025 4.09375 0.85913
v 1.02025 0.09375 0.85913
v 1.01854 0.09375 0.86510
v 1.01854 4.09375 0.86510
v 1.16914 4.09375 0.90285
v 1.16914 0.09375 0.90285
v 1.17508 0.09375 0.88453
v 1.17508 4.09375 0.88453
v 1.16914 0.09375 0.90285
v 1.16914 0.00000 0.90285
v 1.17508 0.00000 0.88453
v 1.17508 0.09375 0.88453
v 1.16914 4.24547 0.90285
v 1.16914 4.09375 0.90285
v 1.17508 4.09375 0.88453
v 1.17508 4.24547 0.88453
v 1.02887 4.09375 0.83256
v 1.02887 0.09375 0.83256
v 1.02025 0.09375 0.85913
v 1.02025 4.09375 0.85913
v 1.17508 4.09375 0.88453
v 1.17508 0.09375 0.88453
v 1.18372 0.09375 0.86262
v 1.18372 4.09375 0.86262
v 1.17508 0.09375 0.88453
v 1.17508 0.00000 0.88453
v 1.18372 0.00000 0.86262
v 1.18372 0.09375 0.86262
v 1.17508 4.24547 0.88453
v 1.17508 4.09375 0.88453
v 1.18372 4.09375 0.86262
v 1.18372 4.24547 0.86262
v 1.04139 4.09375 0.80080
v 1.04139 0.09375 0.80080
v 1.02887 0.09375 0.83256
v 1.02887 4.09375 0.83256
v 1.18372 4.09375 0.86262
v 1.18372 0.09375 0.86262
v 1.19383 0.09375 0.84136
v 1.19383 4.09375 0.84136
v 1.18372 0.09375 0.86262
v 1.18372 0.00000 0.86262
v 1.19383 0.00000 0.84136
v 1.19383 0.09375 0.84136
v 1.18372 4.24547 0.86262
v 1.18372 4.09375 0.86262
v 1.19383 4.09375 0.84136
v 1.19383 4.24547 0.84136
v 1.05606 4.09375 0.76997
v 1.05606 0.09375 0.76997
v 1.04139 0.09375 0.80080
v 1.04139 4.09375 0.80080
v 1.19383 4.09375 0.84136
v 1.19383 0.09375 0.84136
v 1.20537 0.09375 0.82083
v 1.20537 4.09375 0.82083
v 1.19383 0.09375 0.84136
v 1.19383 0.00000 0.84136
v 1.20537 0.00000 0.82083
v 1.20537 0.09375 0.82083
v 1.19383 4.24547 0.84136
v 1.19383 4.09375 0.84136
v 1.20537 4.09375 0.82083
v 1.20537 4.24547 0.82083
v 1.07279 4.09375 0.74021
v 1.07279 0.09375 0.74021
v 1.05606 0.09375 0.76997
v 1.05606 4.09375 0.76997
v 1.20537 4.09375 0.82083
v 1.20537 0.09375 0.82083
v 1.20991 0.09375 0.81357
v 1.20991 4.09375 0.81357
v 1.20537 0.09375 0.82083
v 1.20537 0.00000 0.82083
v 1.20991 0.00000 0.81357
v 1.20991 0.09375 0.81357
v 1.20537 4.24547 0.82083
v 1.20537 4.09375 0.82083
v 1.20991 4.09375 0.81357
v 1.20991 4.24547 0.81357
v 1.07937 4.09375 0.72968
v 1.07937 0.09375 0.72968
v 1.07279 0.09375 0.74021
v 1.07279 4.09375 0.74021
v 1.20991 4.09375 0.81357
v 1.20991 0.09375 0.81357
v 1.21829 0.09375 0.80115
v 1.21829 4.09375 0.80115
v 1.20991 0.09375 0.81357
v 1.20991 0.00000 0.81357
v 1.21829 0.00000 0.80115
v 1.21829 0.09375 0.80115
v 1.20991 4.24547 0.81357
v 1.20991 4.09375 0.81357
v 1.21829 4.09375 0.80115
v 1.21829 4.24547 0.80115
v 1.09152 4.09375 0.71166
v 1.09152 0.09375 0.71166
v 1.07937 0.09375 0.72968
v 1.07937 4.09375 0.72968
v 1.21829 4.09375 0.80115
v 1.21829 0.09375 0.80115
v 1.23252 0.09375 0.78239
v 1.23252 4.09375 0.78239
v 1.21829 0.09375 0.80115
v 1.21829 0.00000 0.80115
v 1.23252 0.00000 0.78239
v 1.23252 0.09375 0.78239
v 1.21829 4.24547 0.80115
v 1.21829 4.09375 0.80115
v 1.23252 4.09375 0.78239
v 1.23252 4.24547 0.78239
v 1.11214 4.09375 0.68446
v 1.11214 0.09375 0.68446
v 1.09152 0.09375 0.71166
v 1.09152 4.09375 0.71166
v 1.23252 4.09375 0.78239
v 1.23252 0.09375 0.78239
v 1.24799 0.09375 0.76464
v 1.24799 4.09375 0.76464
v 1.23252 0.09375 0.78239
v 1.23252 0.00000 0.78239
v 1.24799 0.00000 0.76464
v 1.24799 0.09375 0.76464
v 1.23252 4.24547 0.78239
v 1.23252 4.09375 0.78239
v 1.24799 4.09375 0.76464
v 1.24799 4.24547 0.76464
v 1.13458 4.09375 0.65872
v 1.13458 0.09375 0.65872
v 1.11214 0.09375 0.68446
v 1.11214 4.09375 0.68446
v 1.24799 4.09375 0.76464
v 1.24799 0.09375 0.76464
v 1.26464 0.09375 0.74799
v 1.26464 4.09375 0.74799
v 1.24799 0.09375 0.76464
v 1.24799 0.00000 0.76464
v 1.26464 0.00000 0.74799
v 1.26464 0.09375 0.74799
v 1.24799 4.24547 0.76464
v 1.24799 4.09375 0.76464
v 1.26464 4.09375 0.74799
v 1.26464 4.24547 0.74799
v 1.15872 4.09375 0.63458
v 1.15872 0.09375 0.63458
v 1.13458 0.09375 0.65872
v 1.13458 4.09375 0.65872
v 1.26464 4.09375 0.74799
v 1.26464 0.09375 0.74799
v 1.27419 0.09375 0.73940
v 1.27419 4.09375 0.73940
v 1.26464 0.09375 0.74799
v 1.26464 0.00000 0.74799
v 1.27419 0.00000 0.73940
v 1.27419 0.09375 0.73940
v 1.26464 4.24547 0.74799
v 1.26464 4.09375 0.74799
v 1.27419 4.09375 0.73940
v 1.27419 4.24547 0.73940
v 1.17257 4.09375 0.62213
v 1.17257 0.09375 0.62213
v 1.15872 0.09375 0.63458
v 1.15872 4.09375 0.63458
v 1.27419 4.09375 0.73940
v 1.27419 0.09375 0.73940
v 1.28239 0.09375 0.73252
v 1.28239 4.09375 0.73252
v 1.27419 0.09375 0.73940
v 1.27419 0.00000 0.73940
v 1.28239 0.00000 0.73252
v 1.28239 0.09375 0.73252
v 1.27419 4.24547 0.73940
v 1.27419 4.09375 0.73940
v 1.28239 4.09375 0.73252
v 1.28239 4.24547 0.73252
v 1.18446 4.09375 0.61214
v 1.18446 0.09375 0.61214
v 1.17257 0.09375 0.62213
v 1.17257 4.09375 0.62213
v 1.28239 4.09375 0.73252
v 1.28239 0.09375 0.73252
v 1.30115 0.09375 0.71829
v 1.30115 4.09375 0.71829
v 1.28239 0.09375 0.73252
v 1.28239 0.00000 0.73252
v 1.30115 0.00000 0.71829
v 1.30115 0.09375 0.71829
v 1.28239 4.24547 0.73252
v 1.28239 4.09375 0.73252
v 1.30115 4.09375 0.71829
v 1.30115 4.24547 0.71829
v 1.21166 4.09375 0.59152
v 1.21166 0.09375 0.59152
v 1.18446 0.09375 0.61214
v 1.18446 4.09375 0.61214
v 1.30115 4.09375 0.71829
v 1.30115 0.09375 0.71829
v 1.32083 0.09375 0.70537
v 1.32083 4.09375 0.70537
v 1.30115 0.09375 0.71829
v 1.30115 0.00000 0.71829
v 1.32083 0.00000 0.70537
v 1.32083 0.09375 0.70537
v 1.30115 4.24547 0.71829
v 1.30115 4.09375 0.71829
v 1.32083 4.09375 0.70537
v 1.32083 4.24547 0.70537
v 1.24021 4.09375 0.57279
v 1.24021 0.09375 0.57279
v 1.21166 0.09375 0.59152
v 1.21166 4.09375 0.59152
v 1.32083 4.09375 0.70537
v 1.32083 0.09375 0.70537
v 1.34136 0.09375 0.69383
v 1.34136 4.09375 0.69383
v 1.32083 0.09375 0.70537
v 1.32083 0.00000 0.70537
v 1.34136 0.00000 0.69383
v 1.34136 0.09375 0.69383
v 1.32083 4.24547 0.70537
v 1.32083 4.09375 0.70537
v 1.34136 4.09375 0.69383
v 1.34136 4.24547 0.69383
v 1.26997 4.09375 0.55606
v 1.26997 0.09375 0.55606
v 1.24021 0.09375 0.57279
v 1.24021 4.09375 0.57279
v 1.34136 4.09375 0.69383
v 1.34136 0.09375 0.69383
v 1.35675 0.09375 0.68634
v 1.35675 4.09375 0.68634
v 1.34136 0.09375 0.69383
v 1.34136 0.00000 0.69383
v 1.35675 0.00000 0.68634
v 1.35675 0.09375 0.68634
v 1.34136 4.24547 0.69383
v 1.34136 4.09375 0.69383
v 1.35675 4.09375 0.68634
v 1.35675 4.24547 0.68634
v 1.29229 4.09375 0.54518
v 1.29229 0.09375 0.54518
v 1.26997 0.09375 0.55606
v 1.26997 4.09375 0.55606
v 1.35675 4.09375 0.68634
v 1.35675 0.09375 0.68634
v 1.36262 0.09375 0.68372
v 1.36262 4.09375 0.68372
v 1.35675 0.09375 0.68634
v 1.35675 0.00000 0.68634
v 1.36262 0.00000 0.68372
v 1.36262 0.09375 0.68372
v 1.35675 4.24547 0.68634
v 1.35675 4.09375 0.68634
v 1.36262 4.09375 0.68372
v 1.36262 4.24547 0.68372
v 1.30080 4.09375 0.54139
v 1.30080 0.09375 0.54139
v 1.29229 0.09375 0.54518
v 1.29229 4.09375 0.54518
v 1.36262 4.09375 0.68372
v 1.36262 0.09375 0.68372
v 1.38453 0.09375 0.67508
v 1.38453 4.09375 0.67508
v 1.36262 0.09375 0.68372
v 1.36262 0.00000 0.68372
v 1.38453 0.00000 0.67508
v 1.38453 0.09375 0.67508
v 1.36262 4.24547 0.68372
v 1.36262 4.09375 0.68372
v 1.38453 4.09375 0.67508
v 1.38453 4.24547 0.67508
v 1.33256 4.09375 0.52887
v 1.33256 0.09375 0.52887
v 1.30080 0.09375 0.54139
v 1.30080 4.09375 0.54139
v 1.38453 4.09375 0.67508
v 1.38453 0.09375 0.67508
v 1.40697 0.09375 0.66796
v 1.40697 4.09375 0.66796
v 1.38453 0.09375 0.67508
v 1.38453 0.00000 0.67508
v 1.40697 0.00000 0.66796
v 1.40697 0.09375 0.66796
v 1.38453 4.24547 0.67508
v 1.38453 4.09375 0.67508
v 1.40697 4.09375 0.66796
v 1.40697 4.24547 0.66796
v 1.36510 4.09375 0.51854
v 1.36510 0.09375 0.51854
v 1.33256 0.09375 0.52887
v 1.33256 4.09375 0.52887
v 1.40697 4.09375 0.66796
v 1.40697 0.09375 0.66796
v 1.42984 0.09375 0.66239
v 1.42984 4.09375 0.66239
v 1.40697 0.09375 0.66796
v 1.40697 0.00000 0.66796
v 1.42984 0.00000 0.66239
v 1.42984 0.09375 0.66239
v 1.40697 4.24547 0.66796
v 1.40697 4.09375 0.66796
v 1.42984 4.09375 0.66239
v 1.42984 4.24547 0.66239
v 1.39827 4.09375 0.51046
v 1.39827 0.09375 0.51046
v 1.36510 0.09375 0.51854
v 1.36510 4.09375 0.51854
v 1.42984 4.09375 0.66239
v 1.42984 0.09375 0.66239
v 1.45093 0.09375 0.65868
v 1.45093 4.09375 0.65868
v 1.42984 0.09375 0.66239
v 1.42984 0.00000 0.66239
v 1.45093 0.00000 0.65868
v 1.45093 0.09375 0.65868
v 1.42984 4.24547 0.66239
v 1.42984 4.09375 0.66239
v 1.45093 4.09375 0.65868
v 1.45093 4.24547 0.65868
v 1.42884 4.09375 0.50509
v 1.42884 0.09375 0.50509
v 1.39827 0.09375 0.51046
v 1.39827 4.09375 0.51046
v 1.45093 4.09375 0.65868
v 1.45093 0.09375 0.65868
v 1.45305 0.09375 0.65839
v 1.45305 4.09375 0.65839
v 1.45093 0.09375 0.65868
v 1.45093 0.00000 0.65868
v 1.45305 0.00000 0.65839
v 1.45305 0.09375 0.65839
v 1.45093 4.24547 0.65868
v 1.45093 4.09375 0.65868
v 1.45305 4.09375 0.65839
v 1.45305 4.24547 0.65839
v 1.43192 4.09375 0.50466
v 1.43192 0.09375 0.50466
v 1.42884 0.09375 0.50509
v 1.42884 4.09375 0.50509
v 1.45305 4.09375 0.65839
v 1.45305 0.09375 0.65839
v 1.47647 0.09375 0.65598
v 1.47647 4.09375 0.65598
v 1.45305 0.09375 0.65839
v 1.45305 0.00000 0.65839
v 1.47647 0.00000 0.65598
v 1.47647 0.09375 0.65598
v 1.45305 4.24547 0.65839
v 1.45305 4.09375 0.65839
v 1.47647 4.09375 0.65598
v 1.47647 4.24547 0.65598
v 1.46588 4.09375 0.50117
v 1.46588 0.09375 0.50117
v 1.43192 0.09375 0.50466
v 1.43192 4.09375 0.50466
v 1.47647 4.09375 0.65598
v 1.47647 0.09375 0.65598
v 1.50000 0.09375 0.65518
v 1.50000 4.09375 0.65518
v 1.47647 0.09375 0.65598
v 1.47647 0.00000 0.65598
v 1.50000 0.00000 0.65518
v 1.50000 0.09375 0.65518
v 1.47647 4.24547 0.65598
v 1.47647 4.09375 0.65598
v 1.50000 4.09375 0.65518
v 1.50000 4.24547 0.65518
v 1.50000 4.09375 0.50000
v 1.50000 0.09375 0.50000
v 1.46588 0.09375 0.50117
v 1.46588 4.09375 0.50117
v 1.50000 4.09375 0.65518
v 1.50000 0.09375 0.65518
v 1.52353 0.09375 0.65598
v 1.52353 4.09375 0.65598
v 1.50000 0.09375 0.65518
v 1.50000 0.00000 0.65518
v 1.52353 0.00000 0.65598
v 1.52353 0.09375 0.65598
v 1.50000 4.24547 0.65518
v 1.50000 4.09375 0.65518
v 1.52353 4.09375 0.65598
v 1.52353 4.24547 0.65598
v 1.53412 4.09375 0.50117
v 1.53412 0.09375 0.50117
v 1.50000 0.09375 0.50000
v 1.50000 4.09375 0.50000
v 1.52353 4.09375 0.65598
v 1.52353 0.09375 0.65598
v 1.54695 0.09375 0.65839
v 1.54695 4.09375 0.65839
v 1.52353 0.09375 0.65598
v 1.52353 0.00000 0.65598
v 1.54695 0.00000 0.65839
v 1.54695 0.09375 0.65839
v 1.52353 4.24547 0.65598
v 1.52353 4.09375 0.65598
v 1.54695 4.09375 0.65839
v 1.54695 4.24547 0.65839
v 1.56808 4.09375 0.50466
v 1.56808 0.09375 0.50466
v 1.53412 0.09375 0.50117
v 1.53412 4.09375 0.50117
v 1.54695 4.09375 0.65839
v 1.54695 0.09375 0.65839
v 1.54907 0.09375 0.65868
v 1.54907 4.09375 0.65868
v 1.54695 0.09375 0.65839
v 1.54695 0.00000 0.65839
v 1.54907 0.00000 0.65868
v 1.54907 0.09375 0.65868
v 1.54695 4.24547 0.65839
v 1.54695 4.09375 0.65839
v 1.54907 4.09375 0.65868
v 1.54907 4.24547 0.65868
v 1.57116 4.09375 0.50509
v 1.57116 0.09375 0.50509
v 1.56808 0.09375 0.50466
v 1.56808 4.09375 0.50466
v 1.54907 4.09375 0.65868
v 1.54907 0.09375 0.65868
v 1.57016 0.09375 0.66239
v 1.57016 4.09375 0.66239
v 1.54907 0.09375 0.65868
v 1.54907 0.00000 0.65868
v 1.57016 0.00000 0.66239
v 1.57016 0.09375 0.66239
v 1.54907 4.24547 0.65868
v 1.54907 4.09375 0.65868
v 1.57016 4.09375 0.66239
v 1.57016 4.24547 0.66239
v 1.60173 4.09375 0.51046
v 1.60173 0.09375 0.51046
v 1.57116 0.09375 0.50509
v 1.57116 4.09375 0.50509
v 1.57016 4.09375 0.66239
v 1.57016 0.09375 0.66239
v 1.59303 0.09375 0.66796
v 1.59303 4.09375 0.66796
v 1.57016 0.09375 0.66239
v 1.57016 0.00000 0.66239
v 1.59303 0.00000 0.66796
v 1.59303 0.09375 0.66796
v 1.57016 4.24547 0.66239
v 1.57016 4.09375 0.66239
v 1.59303 4.09375 0.66796
v 1.59303 4.24547 0.66796
v 1.63490 4.09375 0.51854
v 1.63490 0.09375 0.51854
v 1.60173 0.09375 0.51046
v 1.60173 4.09375 0.51046
v 1.59303 4.09375 0.66796
v 1.59303 0.09375 0.66796
v 1.61547 0.09375 0.67508
v 1.61547 4.09375 0.67508
v 1.59303 0.09375 0.66796
v 1.59303 0.00000 0.66796
v 1.61547 0.00000 0.67508
v 1.61547 0.09375 0.67508
v 1.59303 4.24547 0.66796
v 1.59303 4.09375 0.66796
v 1.61547 4.09375 0.67508
v 1.61547 4.24547 0.67508
v 1.66744 4.09375 0.52887
v 1.66744 0.09375 0.52887
v 1.63490 0.09375 0.51854
v 1.63490 4.09375 0.51854
v 1.61547 4.09375 0.67508
v 1.61547 0.09375 0.67508
v 1.63738 0.09375 0.68372
v 1.63738 4.09375 0.68372
v 1.61547 0.09375 0.67508
v 1.61547 0.00000 0.67508
v 1.63738 0.00000 0.68372
v 1.63738 0.09375 0.68372
v 1.61547 4.24547 0.67508
v 1.61547 4.09375 0.67508
v 1.63738 4.09375 0.68372
v 1.63738 4.24547 0.68372
v 1.69920 4.09375 0.54139
v 1.69920 0.09375 0.54139
v 1.66744 0.09375 0.52887
v 1.66744 4.09375 0.52887
v 1.63738 4.09375 0.68372
v 1.63738 0.09375 0.68372
v 1.64325 0.09375 0.68634
v 1.64325 4.09375 0.68634
v 1.63738 0.09375 0.68372
v 1.63738 0.00000 0.68372
v 1.64325 0.00000 0.68634
v 1.64325 0.09375 0.68634
v 1.63738 4.24547 0.68372
v 1.63738 4.09375 0.68372
v 1.64325 4.09375 0.68634
v 1.64325 4.24547 0.68634
v 1.70771 4.09375 0.54518
v 1.70771 0.09375 0.54518
v 1.69920 0.09375 0.54139
v 1.69920 4.09375 0.54139
v 1.64325 4.09375 0.68634
v 1.64325 0.09375 0.68634
v 1.65864 0.09375 0.69383
v 1.65864 4.09375 0.69383
v 1.64325 0.09375 0.68634
v 1.64325 0.00000 0.68634
v 1.65864 0.00000 0.69383
v 1.65864 0.09375 0.69383
v 1.64325 4.24547 0.68634
v 1.64325 4.09375 0.68634
v 1.65864 4.09375 0.69383
v 1.65864 4.24547 0.69383
v 1.73003 4.09375 0.55606
v 1.73003 0.09375 0.55606
v 1.70771 0.09375 0.54518
v 1.70771 4.09375 0.54518
v 1.65864 4.09375 0.69383
v 1.65864 0.09375 0.69383
v 1.67917 0.09375 0.70537
v 1.67917 4.09375 0.70537
v 1.65864 0.09375 0.69383
v 1.65864 0.00000 0.69383
v 1.67917 0.00000 0.70537
v 1.67917 0.09375 0.70537
v 1.65864 4.24547 0.69383
v 1.65864 4.09375 0.69383
v 1.67917 4.09375 0.70537
v 1.67917 4.24547 0.70537
v 1.75979 4.09375 0.57279
v 1.75979 0.09375 0.57279
v 1.73003 0.09375 0.55606
v 1.73003 4.09375 0.55606
v 1.67917 4.09375 0.70537
v 1.67917 0.09375 0.70537
v 1.69885 0.09375 0.71829
v 1.69885 4.09375 0.71829
v 1.67917 0.09375 0.70537
v 1.67917 0.00000 0.70537
v 1.69885 0.00000 0.71829
v 1.69885 0.09375 0.71829
v 1.67917 4.24547 0.70537
v 1.67917 4.09375 0.70537
v 1.69885 4.09375 0.71829
v 1.69885 4.24547 0.71829
v 1.78834 4.09375 0.59152
v 1.78834 0.09375 0.59152
v 1.75979 0.09375 0.57279
v 1.75979 4.09375 0.57279
v 1.69885 4.09375 0.71829
v 1.69885 0.09375 0.71829
v 1.71761 0.09375 0.73252
v 1.71761 4.09375 0.73252
v 1.69885 0.09375 0.71829
v 1.69885 0.00000 0.71829
v 1.71761 0.00000 0.73252
v 1.71761 0.09375 0.73252
v 1.69885 4.24547 0.71829
v 1.69885 4.09375 0.71829
v 1.71761 4.09375 0.73252
v 1.71761 4.24547 0.73252
v 1.81554 4.09375 0.61214
v 1.81554 0.09375 0.61214
v 1.78834 0.09375 0.59152
v 1.78834 4.09375 0.59152
v 1.71761 4.09375 0.73252
v 1.71761 0.09375 0.73252
v 1.72581 0.09375 0.73940
v 1.72581 4.09375 0.73940
v 1.71761 0.09375 0.73252
v 1.71761 0.00000 0.73252
v 1.72581 0.00000 0.73940
v 1.72581 0.09375 0.73940
v 1.71761 4.24547 0.73252
v 1.71761 4.09375 0.73252
v 1.72581 4.09375 0.73940
v 1.72581 4.24547 0.73940
v 1.82743 4.09375 0.62213
v 1.82743 0.09375 0.62213
v 1.81554 0.09375 0.61214
v 1.81554 4.09375 0.61214
v 1.72581 4.09375 0.73940
v 1.72581 0.09375 0.73940
v 1.73536 0.09375 0.74799
v 1.73536 4.09375 0.74799
v 1.72581 0.09375 0.73940
v 1.72581 0.00000 0.73940
v 1.73536 0.00000 0.74799
v 1.73536 0.09375 0.74799
v 1.72581 4.24547 0.73940
v 1.72581 4.09375 0.73940
v 1.73536 4.09375 0.74799
v 1.73536 4.24547 0.74799
v 1.84128 4.09375 0.63458
v 1.84128 0.09375 0.63458
v 1.82743 0.09375 0.62213
v 1.82743 4.09375 0.62213
v 1.73536 4.09375 0.74799
v 1.73536 0.09375 0.74799
v 1.75201 0.09375 0.76464
v 1.75201 4.09375 0.76464
v 1.73536 0.09375 0.74799
v 1.73536 0.00000 0.74799
v 1.75201 0.00000 0.76464
v 1.75201 0.09375 0.76464
v 1.73536 4.24547 0.74799
v 1.73536 4.09375 0.74799
v 1.75201 4.09375 0.76464
v 1.75201 4.24547 0.76464
v 1.86542 4.09375 0.65872
v 1.86542 0.09375 0.65872
v 1.84128 0.09375 0.63458
v 1.84128 4.09375 0.63458
v 1.75201 4.09375 0.76464
v 1.75201 0.09375 0.76464
v 1.76748 0.09375 0.78239
v 1.76748 4.09375 0.78239
v 1.75201 0.09375 0.76464
v 1.75201 0.00000 0.76464
v 1.76748 0.00000 0.78239
v 1.76748 0.09375 0.78239
v 1.75201 4.24547 0.76464
v 1.75201 4.09375 0.76464
v 1.76748 4.09375 0.78239
v 1.76748 4.24547 0.78239
v 1.88786 4.09375 0.68446
v 1.88786 0.09375 0.68446
v 1.86542 0.09375 0.65872
v 1.86542 4.09375 0.65872
v 1.76748 4.09375 0.78239
v 1.76748 0.09375 0.78239
v 1.78171 0.09375 0.80115
v 1.78171 4.09375 0.80115
v 1.76748 0.09375 0.78239
v 1.76748 0.00000 0.78239
v 1.78171 0.00000 0.80115
v 1.78171 0.09375 0.80115
v 1.76748 4.24547 0.78239
v 1.76748 4.09375 0.78239
v 1.78171 4.09375 0.80115
v 1.78171 4.24547 0.80115
v 1.90848 4.09375 0.71166
v 1.90848 0.09375 0.71166
v 1.88786 0.09375 0.68446
v 1.88786 4.09375 0.68446
v 1.78171 4.09375 0.80115
v 1.78171 0.09375 0.80115
v 1.79009 0.09375 0.81357
v 1.79009 4.09375 0.81357
v 1.78171 0.09375 0.80115
v 1.78171 0.00000 0.80115
v 1.79009 0.00000 0.81357
v 1.79009 0.09375 0.81357
v 1.78171 4.24547 0.80115
v 1.78171 4.09375 0.80115
v 1.79009 4.09375 0.81357
v 1.79009 4.24547 0.81357
v 1.92063 4.09375 0.72968
v 1.92063 0.09375 0.72968
v 1.90848 0.09375 0.71166
v 1.90848 4.09375 0.71166
v 1.79009 4.09375 0.81357
v 1.79009 0.09375 0.81357
v 1.79463 0.09375 0.82083
v 1.79463 4.09375 0.82083
v 1.79009 0.09375 0.81357
v 1.79009 0.00000 0.81357
v 1.79463 0.00000 0.82083
v 1.79463 0.09375 0.82083
v 1.79009 4.24547 0.81357
v 1.79009 4.09375 0.81357
v 1.79463 4.09375 0.82083
v 1.79463 4.24547 0.82083
v 1.92721 4.09375 0.74021
v 1.92721 0.09375 0.74021
v 1.92063 0.09375 0.72968
v 1.92063 4.09375 0.72968
v 1.79463 4.09375 0.82083
v 1.79463 0.09375 0.82083
v 1.80617 0.09375 0.84136
v 1.80617 4.09375 0.84136
v 1.79463 0.09375 0.82083
v 1.79463 0.00000 0.82083
v 1.80617 0.00000 0.84136
v 1.80617 0.09375 0.84136
v 1.79463 4.24547 0.82083
v 1.79463 4.09375 0.82083
v 1.80617 4.09375 0.84136
v 1.80617 4.24547 0.84136
v 1.94394 4.09375 0.76997
v 1.94394 0.09375 0.76997
v 1.92721 0.09375 0.74021
v 1.92721 4.09375 0.74021
v 1.80617 4.09375 0.84136
v 1.80617 0.09375 0.84136
v 1.81628 0.09375 0.86262
v 1.81628 4.09375 0.86262
v 1.80617 0.09375 0.84136
v 1.80617 0.00000 0.84136
v 1.81628 0.00000 0.86262
v 1.81628 0.09375 0.86262
v 1.80617 4.24547 0.84136
v 1.80617 4.09375 0.84136
v 1.81628 4.09375 0.86262
v 1.81628 4.24547 0.86262
v 1.95861 4.09375 0.80080
v 1.95861 0.09375 0.80080
v 1.94394 0.09375 0.76997
v 1.94394 4.09375 0.76997
v 1.81628 4.09375 0.86262
v 1.81628 0.09375 0.86262
v 1.82492 0.09375 0.88453
v 1.82492 4.09375 0.88453
v 1.81628 0.09375 0.86262
v 1.81628 0.00000 0.86262
v 1.82492 0.00000 0.88453
v 1.82492 0.09375 0.88453
v 1.81628 4.24547 0.86262
v 1.81628 4.09375 0.86262
v 1.82492 4.09375 0.88453
v 1.82492 4.24547 0.88453
v 1.97113 4.09375 0.83256
v 1.97113 0.09375 0.83256
v 1.95861 0.09375 0.80080
v 1.95861 4.09375 0.80080
v 1.82492 4.09375 0.88453
v 1.82492 0.09375 0.88453
v 1.83086 0.09375 0.90285
v 1.83086 4.09375 0.90285
v 1.82492 0.09375 0.88453
v 1.82492 0.00000 0.88453
v 1.83086 0.00000 0.90285
v 1.83086 0.09375 0.90285
v 1.82492 4.24547 0.88453
v 1.82492 4.09375 0.88453
v 1.83086 4.09375 0.90285
v 1.83086 4.24547 0.90285
v 1.97975 4.09375 0.85913
v 1.97975 0.09375 0.85913
v 1.97113 0.09375 0.83256
v 1.97113 4.09375 0.83256
v 1.83086 4.09375 0.90285
v 1.83086 0.09375 0.90285
v 1.83204 0.09375 0.90697
v 1.83204 4.09375 0.90697
v 1.83086 0.09375 0.90285
v 1.83086 0.00000 0.90285
v 1.83204 0.00000 0.90697
v 1.83204 0.09375 0.90697
v 1.83086 4.24547 0.90285
v 1.83086 4.09375 0.90285
v 1.83204 4.09375 0.90697
v 1.83204 4.24547 0.90697
v 1.98146 4.09375 0.86510
v 1.98146 0.09375 0.86510
v 1.97975 0.09375 0.85913
v 1.97975 4.09375 0.85913
v 1.83204 4.09375 0.90697
v 1.83204 0.09375 0.90697
v 1.83761 0.09375 0.92984
v 1.83761 4.09375 0.92984
v 1.83204 0.09375 0.90697
v 1.83204 0.00000 0.90697
v 1.83761 0.00000 0.92984
v 1.83761 0.09375 0.92984
v 1.83204 4.24547 0.90697
v 1.83204 4.09375 0.90697
v 1.83761 4.09375 0.92984
v 1.83761 4.24547 0.92984
v 1.98954 4.09375 0.89827
v 1.98954 0.09375 0.89827
v 1.98146 0.09375 0.86510
v 1.98146 4.09375 0.86510
v 1.83761 4.09375 0.92984
v 1.83761 0.09375 0.92984
v 1.84161 0.09375 0.95305
v 1.84161 4.09375 0.95305
v 1.83761 0.09375 0.92984
v 1.83761 0.00000 0.92984
v 1.84161 0.00000 0.95305
v 1.84161 0.09375 0.95305
v 1.83761 4.24547 0.92984
v 1.83761 4.09375 0.92984
v 1.84161 4.09375 0.95305
v 1.84161 4.24547 0.95305
v 1.99534 4.09375 0.93192
v 1.99534 0.09375 0.93192
v 1.98954 0.09375 0.89827
v 1.98954 4.09375 0.89827
v 1.84161 4.09375 0.95305
v 1.84161 0.09375 0.95305
v 1.84402 0.09375 0.97647
v 1.84402 4.09375 0.97647
v 1.84161 0.09375 0.95305
v 1.84161 0.00000 0.95305
v 1.84402 0.00000 0.97647
v 1.84402 0.09375 0.97647
v 1.84161 4.24547 0.95305
v 1.84161 4.09375 0.95305
v 1.84402 4.09375 0.97647
v 1.84402 4.24547 0.97647
v 1.99883 4.09375 0.96588
v 1.99883 0.09375 0.96588
v 1.99534 0.09375 0.93192
v 1.99534 4.09375 0.93192
v 1.84402 4.09375 0.97647
v 1.84402 0.09375 0.97647
v 1.84483 0.09375 1.00000
v 1.84483 4.09375 1.00000
v 1.84402 0.09375 0.97647
v 1.84402 0.00000 0.97647
v 1.84483 0.00000 1.00000
v 1.84483 0.09375 1.00000
v 1.84402 4.24547 0.97647
v 1.84402 4.09375 0.97647
v 1.84483 4.09375 1.00000
v 1.84483 4.24547 1.00000
v 2.00000 4.09375 1.00000
v 2.00000 0.09375 1.00000
v 1.99883 0.09375 0.96588
v 1.99883 4.09375 0.96588
vt 0.50000 0.24145
vt 0.25000 0.22435
vt 0.25000 0.25000
vt 0.50000 0.25000
vt 0.50000 0.25000
vt 0.25000 0.25000
vt 0.25000 0.22435
vt 0.50000 0.24145
vt 0.50000 0.24145
vt 0.25000 0.22435
vt 0.25000 0.25000
vt 0.50000 0.25000
vt 0.02344 0.00000
vt 0.17448 0.00000
vt 0.17501 0.03415
vt 0.02361 0.03415
vt 0.50000 0.23282
vt 0.25000 0.19846
vt 0.25000 0.22435
vt 0.50000 0.24145
vt 0.50000 0.24145
vt 0.25000 0.22435
vt 0.25000 0.19846
vt 0.50000 0.23282
vt 0.50000 0.23282
vt 0.25000 0.19846
vt 0.25000 0.22435
vt 0.50000 0.24145
vt 0.02361 0.03415
vt 0.17501 0.03415
vt 0.17661 0.06830
vt 0.02415 0.06830
vt 0.50000 0.22402
vt 0.25000 0.17207
vt 0.25000 0.19846
vt 0.50000 0.23282
vt 0.50000 0.23282
vt 0.25000 0.19846
vt 0.25000 0.17207
vt 0.50000 0.22402
vt 0.50000 0.22402
vt 0.25000 0.17207
vt 0.25000 0.19846
vt 0.50000 0.23282
vt 0.02415 0.06830
vt 0.17661 0.06830
vt 0.17932 0.10244
vt 0.02505 0.10244
vt 0.50000 0.21498
vt 0.25000 0.14493
vt 0.25000 0.17207
vt 0.50000 0.22402
vt 0.50000 0.22402
vt 0.25000 0.17207
vt 0.25000 0.14493
vt 0.50000 0.21498
vt 0.50000 0.21498
vt 0.25000 0.14493
vt 0.25000 0.17207
vt 0.50000 0.22402
vt 0.02505 0.10244
vt 0.17932 0.10244
vt 0.18320 0.13659
vt 0.02635 0.13659
vt 0.50000 0.21330
vt 0.25000 0.13989
vt 0.25000 0.14493
vt 0.50000 0.21498
vt 0.50000 0.21498
vt 0.25000 0.14493
vt 0.25000 0.13989
vt 0.50000 0.21330
vt 0.50000 0.21330
vt 0.25000 0.13989
vt 0.25000 0.14493
vt 0.50000 0.21498
vt 0.02635 0.13659
vt 0.18320 0.13659
vt 0.18404 0.14280
vt 0.02663 0.14280
vt 0.50000 0.20557
vt 0.25000 0.11672
vt 0.25000 0.13989
vt 0.50000 0.21330
vt 0.50000 0.21330
vt 0.25000 0.13989
vt 0.25000 0.11672
vt 0.50000 0.20557
vt 0.50000 0.20557
vt 0.25000 0.11672
vt 0.25000 0.13989
vt 0.50000 0.21330
vt 0.02663 0.14280
vt 0.18404 0.14280
vt 0.18836 0.17074
vt 0.02807 0.17074
vt 0.50000 0.19570
vt 0.25000 0.08711
vt 0.25000 0.11672
vt 0.50000 0.20557
vt 0.50000 0.20557
vt 0.25000 0.11672
vt 0.25000 0.08711
vt 0.50000 0.19570
vt 0.50000 0.19570
vt 0.25000 0.08711
vt 0.25000 0.11672
vt 0.50000 0.20557
vt 0.02807 0.17074
vt 0.18836 0.17074
vt 0.19493 0.20489
vt 0.03025 0.20489
vt 0.50000 0.18523
vt 0.25000 0.05569
vt 0.25000 0.08711
vt 0.50000 0.19570
vt 0.50000 0.19570
vt 0.25000 0.08711
vt 0.25000 0.05569
vt 0.50000 0.18523
vt 0.50000 0.18523
vt 0.25000 0.05569
vt 0.25000 0.08711
vt 0.50000 0.19570
vt 0.03025 0.20489
vt 0.19493 0.20489
vt 0.20309 0.23903
vt 0.03297 0.23903
vt 0.50000 0.17399
vt 0.25000 0.02196
vt 0.25000 0.05569
vt 0.50000 0.18523
vt 0.50000 0.18523
vt 0.25000 0.05569
vt 0.25000 0.02196
vt 0.50000 0.17399
vt 0.50000 0.17399
vt 0.25000 0.02196
vt 0.25000 0.05569
vt 0.50000 0.18523
vt 0.03297 0.23903
vt 0.20309 0.23903
vt 0.21308 0.27318
vt 0.03631 0.27318
vt 0.50000 0.16967
vt 0.25000 0.00900
vt 0.25000 0.02196
vt 0.50000 0.17399
vt 0.50000 0.17399
vt 0.25000 0.02196
vt 0.25000 0.00900
vt 0.50000 0.16967
vt 0.50000 0.16967
vt 0.25000 0.00900
vt 0.25000 0.02196
vt 0.50000 0.17399
vt 0.03631 0.27318
vt 0.21308 0.27318
vt 0.21723 0.28560
vt 0.03769 0.28560
vt 0.27083 0.00000
vt 0.25000 0.00000
vt 0.25000 0.00900
vt 0.50000 0.16967
vt 0.50000 0.16177
vt 0.27083 0.00000
vt 0.50000 0.16967
vt 0.50000 0.16967
vt 0.25000 0.00900
vt 0.25000 0.00000
vt 0.27083 0.00000
vt 0.50000 0.16967
vt 0.27083 0.00000
vt 0.50000 0.16177
vt 0.27083 0.00000
vt 0.25000 0.00000
vt 0.25000 0.00900
vt 0.50000 0.16967
vt 0.50000 0.16177
vt 0.27083 0.00000
vt 0.50000 0.16967
vt 0.03769 0.28560
vt 0.21723 0.28560
vt 0.22021 0.29400
vt 0.20983 0.30733
vt 0.03769 0.28560
vt 0.20983 0.30733
vt 0.04036 0.30733
vt 0.50000 0.14830
vt 0.31771 0.00000
vt 0.27083 0.00000
vt 0.50000 0.16177
vt 0.50000 0.16177
vt 0.27083 0.00000
vt 0.31771 0.00000
vt 0.50000 0.14830
vt 0.50000 0.14830
vt 0.31771 0.00000
vt 0.27083 0.00000
vt 0.50000 0.16177
vt 0.04036 0.30733
vt 0.20983 0.30733
vt 0.18725 0.34148
vt 0.04527 0.34148
vt 0.50000 0.13326
vt 0.35732 0.00000
vt 0.31771 0.00000
vt 0.50000 0.14830
vt 0.50000 0.14830
vt 0.31771 0.00000
vt 0.35732 0.00000
vt 0.50000 0.13326
vt 0.50000 0.13326
vt 0.35732 0.00000
vt 0.31771 0.00000
vt 0.50000 0.14830
vt 0.04527 0.34148
vt 0.18725 0.34148
vt 0.16921 0.37563
vt 0.05125 0.37563
vt 0.50000 0.11616
vt 0.39152 0.00000
vt 0.35732 0.00000
vt 0.50000 0.13326
vt 0.50000 0.13326
vt 0.35732 0.00000
vt 0.39152 0.00000
vt 0.50000 0.11616
vt 0.50000 0.11616
vt 0.39152 0.00000
vt 0.35732 0.00000
vt 0.50000 0.13326
vt 0.05125 0.37563
vt 0.16921 0.37563
vt 0.15459 0.40977
vt 0.05856 0.40977
vt 0.50000 0.10574
vt 0.40837 0.00000
vt 0.39152 0.00000
vt 0.50000 0.11616
vt 0.50000 0.11616
vt 0.39152 0.00000
vt 0.40837 0.00000
vt 0.50000 0.10574
vt 0.50000 0.10574
vt 0.40837 0.00000
vt 0.39152 0.00000
vt 0.50000 0.11616
vt 0.05856 0.40977
vt 0.15459 0.40977
vt 0.14777 0.42840
vt 0.06324 0.42840
vt 0.50000 0.09635
vt 0.42161 0.00000
vt 0.40837 0.00000
vt 0.50000 0.10574
vt 0.50000 0.10574
vt 0.40837 0.00000
vt 0.42161 0.00000
vt 0.50000 0.09635
vt 0.50000 0.09635
vt 0.42161 0.00000
vt 0.40837 0.00000
vt 0.50000 0.10574
vt 0.06324 0.42840
vt 0.14777 0.42840
vt 0.14263 0.44392
vt 0.06758 0.44392
vt 0.50000 0.07292
vt 0.44853 0.00000
vt 0.42161 0.00000
vt 0.50000 0.09635
vt 0.50000 0.09635
vt 0.42161 0.00000
vt 0.44853 0.00000
vt 0.50000 0.07292
vt 0.50000 0.07292
vt 0.44853 0.00000
vt 0.42161 0.00000
vt 0.50000 0.09635
vt 0.06758 0.44392
vt 0.14263 0.44392
vt 0.13280 0.47807
vt 0.07887 0.47807
vt 0.50000 0.04445
vt 0.47297 0.00000
vt 0.44853 0.00000
vt 0.50000 0.07292
vt 0.50000 0.07292
vt 0.44853 0.00000
vt 0.47297 0.00000
vt 0.50000 0.04445
vt 0.50000 0.04445
vt 0.47297 0.00000
vt 0.44853 0.00000
vt 0.50000 0.07292
vt 0.07887 0.47807
vt 0.13280 0.47807
vt 0.12469 0.51222
vt 0.09327 0.51222
vt 0.50000 0.00876
vt 0.49546 0.00000
vt 0.47297 0.00000
vt 0.50000 0.04445
vt 0.50000 0.04445
vt 0.47297 0.00000
vt 0.49546 0.00000
vt 0.50000 0.00876
vt 0.50000 0.00876
vt 0.49546 0.00000
vt 0.47297 0.00000
vt 0.50000 0.04445
vt 0.09327 0.01222
vt 0.12469 0.01222
vt 0.11803 0.04636
vt 0.11207 0.04636
vt 0.50000 0.00000
vt 0.49546 0.00000
vt 0.50000 0.00876
vt 0.50000 0.00876
vt 0.49546 0.00000
vt 0.50000 0.00000
vt 0.50000 0.00000
vt 0.49546 0.00000
vt 0.50000 0.00876
vt 0.11207 0.04636
vt 0.11803 0.04636
vt 0.11679 0.05357
vt 0.53899 0.24412
vt 0.50000 0.24145
vt 0.50000 0.25000
vt 0.53879 0.25000
vt 0.53879 0.25000
vt 0.50000 0.25000
vt 0.50000 0.24145
vt 0.53899 0.24412
vt 0.53899 0.24412
vt 0.50000 0.24145
vt 0.50000 0.25000
vt 0.53879 0.25000
vt 0.00000 0.00000
vt 0.02344 0.00000
vt 0.02361 0.03415
vt 0.00000 0.03415
vt 0.53960 0.23826
vt 0.50000 0.23282
vt 0.50000 0.24145
vt 0.53899 0.24412
vt 0.53899 0.24412
vt 0.50000 0.24145
vt 0.50000 0.23282
vt 0.53960 0.23826
vt 0.53960 0.23826
vt 0.50000 0.23282
vt 0.50000 0.24145
vt 0.53899 0.24412
vt 0.00000 0.03415
vt 0.02361 0.03415
vt 0.02415 0.06830
vt 0.00000 0.06830
vt 0.54060 0.23246
vt 0.50000 0.22402
vt 0.50000 0.23282
vt 0.53960 0.23826
vt 0.53960 0.23826
vt 0.50000 0.23282
vt 0.50000 0.22402
vt 0.54060 0.23246
vt 0.54060 0.23246
vt 0.50000 0.22402
vt 0.50000 0.23282
vt 0.53960 0.23826
vt 0.00000 0.06830
vt 0.02415 0.06830
vt 0.02505 0.10244
vt 0.00000 0.10244
vt 0.54199 0.22674
vt 0.50000 0.21498
vt 0.50000 0.22402
vt 0.54060 0.23246
vt 0.54060 0.23246
vt 0.50000 0.22402
vt 0.50000 0.21498
vt 0.54199 0.22674
vt 0.54199 0.22674
vt 0.50000 0.21498
vt 0.50000 0.22402
vt 0.54060 0.23246
vt 0.00000 0.10244
vt 0.02505 0.10244
vt 0.02635 0.13659
vt 0.00000 0.13659
vt 0.54229 0.22571
vt 0.50000 0.21330
vt 0.50000 0.21498
vt 0.54199 0.22674
vt 0.54199 0.22674
vt 0.50000 0.21498
vt 0.50000 0.21330
vt 0.54229 0.22571
vt 0.54229 0.22571
vt 0.50000 0.21330
vt 0.50000 0.21498
vt 0.54199 0.22674
vt 0.00000 0.13659
vt 0.02635 0.13659
vt 0.02663 0.14280
vt 0.00000 0.14280
vt 0.54377 0.22113
vt 0.50000 0.20557
vt 0.50000 0.21330
vt 0.54229 0.22571
vt 0.54229 0.22571
vt 0.50000 0.21330
vt 0.50000 0.20557
vt 0.54377 0.22113
vt 0.54377 0.22113
vt 0.50000 0.20557
vt 0.50000 0.21330
vt 0.54229 0.22571
vt 0.00000 0.14280
vt 0.02663 0.14280
vt 0.02807 0.17074
vt 0.00000 0.17074
vt 0.54593 0.21566
vt 0.50000 0.19570
vt 0.50000 0.20557
vt 0.54377 0.22113
vt 0.54377 0.22113
vt 0.50000 0.20557
vt 0.50000 0.19570
vt 0.54593 0.21566
vt 0.54593 0.21566
vt 0.50000 0.19570
vt 0.50000 0.20557
vt 0.54377 0.22113
vt 0.00000 0.17074
vt 0.02807 0.17074
vt 0.03025 0.20489
vt 0.00000 0.20489
vt 0.54846 0.21034
vt 0.50000 0.18523
vt 0.50000 0.19570
vt 0.54593 0.21566
vt 0.54593 0.21566
vt 0.50000 0.19570
vt 0.50000 0.18523
vt 0.54846 0.21034
vt 0.54846 0.21034
vt 0.50000 0.18523
vt 0.50000 0.19570
vt 0.54593 0.21566
vt 0.00000 0.20489
vt 0.03025 0.20489
vt 0.03297 0.23903
vt 0.00000 0.23903
vt 0.55134 0.20521
vt 0.50000 0.17399
vt 0.50000 0.18523
vt 0.54846 0.21034
vt 0.54846 0.21034
vt 0.50000 0.18523
vt 0.50000 0.17399
vt 0.55134 0.20521
vt 0.55134 0.20521
vt 0.50000 0.17399
vt 0.50000 0.18523
vt 0.54846 0.21034
vt 0.00000 0.23903
vt 0.03297 0.23903
vt 0.03631 0.27318
vt 0.00000 0.27318
vt 0.55248 0.20339
vt 0.50000 0.16967
vt 0.50000 0.17399
vt 0.55134 0.20521
vt 0.55134 0.20521
vt 0.50000 0.17399
vt 0.50000 0.16967
vt 0.55248 0.20339
vt 0.55248 0.20339
vt 0.50000 0.16967
vt 0.50000 0.17399
vt 0.55134 0.20521
vt 0.00000 0.27318
vt 0.03631 0.27318
vt 0.03769 0.28560
vt 0.00000 0.28560
vt 0.55457 0.20029
vt 0.50000 0.16177
vt 0.50000 0.16967
vt 0.55248 0.20339
vt 0.55248 0.20339
vt 0.50000 0.16967
vt 0.50000 0.16177
vt 0.55457 0.20029
vt 0.55457 0.20029
vt 0.50000 0.16177
vt 0.50000 0.16967
vt 0.55248 0.20339
vt 0.00000 0.28560
vt 0.03769 0.28560
vt 0.04036 0.30733
vt 0.00000 0.30733
vt 0.55813 0.19560
vt 0.50000 0.14830
vt 0.50000 0.16177
vt 0.55457 0.20029
vt 0.55457 0.20029
vt 0.50000 0.16177
vt 0.50000 0.14830
vt 0.55813 0.19560
vt 0.55813 0.19560
vt 0.50000 0.14830
vt 0.50000 0.16177
vt 0.55457 0.20029
vt 0.00000 0.30733
vt 0.04036 0.30733
vt 0.04527 0.34148
vt 0.00000 0.34148
vt 0.56200 0.19116
vt 0.50000 0.13326
vt 0.50000 0.14830
vt 0.55813 0.19560
vt 0.55813 0.19560
vt 0.50000 0.14830
vt 0.50000 0.13326
vt 0.56200 0.19116
vt 0.56200 0.19116
vt 0.50000 0.13326
vt 0.50000 0.14830
vt 0.55813 0.19560
vt 0.00000 0.34148
vt 0.04527 0.34148
vt 0.05125 0.37563
vt 0.00000 0.37563
vt 0.56616 0.18700
vt 0.50000 0.11616
vt 0.50000 0.13326
vt 0.56200 0.19116
vt 0.56200 0.19116
vt 0.50000 0.13326
vt 0.50000 0.11616
vt 0.56616 0.18700
vt 0.56616 0.18700
vt 0.50000 0.11616
vt 0.50000 0.13326
vt 0.56200 0.19116
vt 0.00000 0.37563
vt 0.05125 0.37563
vt 0.05856 0.40977
vt 0.00000 0.40977
vt 0.56855 0.18485
vt 0.50000 0.10574
vt 0.50000 0.11616
vt 0.56616 0.18700
vt 0.56616 0.18700
vt 0.50000 0.11616
vt 0.50000 0.10574
vt 0.56855 0.18485
vt 0.56855 0.18485
vt 0.50000 0.10574
vt 0.50000 0.11616
vt 0.56616 0.18700
vt 0.00000 0.40977
vt 0.05856 0.40977
vt 0.06324 0.42840
vt 0.00000 0.42840
vt 0.57060 0.18313
vt 0.50000 0.09635
vt 0.50000 0.10574
vt 0.56855 0.18485
vt 0.56855 0.18485
vt 0.50000 0.10574
vt 0.50000 0.09635
vt 0.57060 0.18313
vt 0.57060 0.18313
vt 0.50000 0.09635
vt 0.50000 0.10574
vt 0.56855 0.18485
vt 0.00000 0.42840
vt 0.06324 0.42840
vt 0.06758 0.44392
vt 0.00000 0.44392
vt 0.57529 0.17957
vt 0.50000 0.07292
vt 0.50000 0.09635
vt 0.57060 0.18313
vt 0.57060 0.18313
vt 0.50000 0.09635
vt 0.50000 0.07292
vt 0.57529 0.17957
vt 0.57529 0.17957
vt 0.50000 0.07292
vt 0.50000 0.09635
vt 0.57060 0.18313
vt 0.00000 0.44392
vt 0.06758 0.44392
vt 0.07887 0.47807
vt 0.00000 0.47807
vt 0.58021 0.17634
vt 0.50000 0.04445
vt 0.50000 0.07292
vt 0.57529 0.17957
vt 0.57529 0.17957
vt 0.50000 0.07292
vt 0.50000 0.04445
vt 0.58021 0.17634
vt 0.58021 0.17634
vt 0.50000 0.04445
vt 0.50000 0.07292
vt 0.57529 0.17957
vt 0.00000 0.47807
vt 0.07887 0.47807
vt 0.09327 0.51222
vt 0.00000 0.51222
vt 0.58534 0.17346
vt 0.50000 0.00876
vt 0.50000 0.04445
vt 0.58021 0.17634
vt 0.58021 0.17634
vt 0.50000 0.04445
vt 0.50000 0.00876
vt 0.58534 0.17346
vt 0.58534 0.17346
vt 0.50000 0.00876
vt 0.50000 0.04445
vt 0.58021 0.17634
vt 0.00000 0.01222
vt 0.09327 0.01222
vt 0.11207 0.04636
vt 0.00000 0.04636
vt 0.51083 0.00000
vt 0.50000 0.00000
vt 0.50000 0.00876
vt 0.58534 0.17346
vt 0.58919 0.17158
vt 0.51083 0.00000
vt 0.58534 0.17346
vt 0.58534 0.17346
vt 0.50000 0.00876
vt 0.50000 0.00000
vt 0.51083 0.00000
vt 0.58534 0.17346
vt 0.51083 0.00000
vt 0.58919 0.17158
vt 0.51083 0.00000
vt 0.50000 0.00000
vt 0.50000 0.00876
vt 0.58534 0.17346
vt 0.58919 0.17158
vt 0.51083 0.00000
vt 0.58534 0.17346
vt 0.00000 0.04636
vt 0.11207 0.04636
vt 0.11679 0.05357
vt 0.11396 0.07120
vt 0.00000 0.04636
vt 0.11396 0.07120
vt 0.00000 0.07120
vt 0.59066 0.17093
vt 0.51641 0.00000
vt 0.51083 0.00000
vt 0.58919 0.17158
vt 0.58919 0.17158
vt 0.51083 0.00000
vt 0.51641 0.00000
vt 0.59066 0.17093
vt 0.59066 0.17093
vt 0.51641 0.00000
vt 0.51083 0.00000
vt 0.58919 0.17158
vt 0.00000 0.07120
vt 0.11396 0.07120
vt 0.11259 0.08051
vt 0.00000 0.08051
vt 0.59613 0.16877
vt 0.53615 0.00000
vt 0.51641 0.00000
vt 0.59066 0.17093
vt 0.59066 0.17093
vt 0.51641 0.00000
vt 0.53615 0.00000
vt 0.59613 0.16877
vt 0.59613 0.16877
vt 0.53615 0.00000
vt 0.51641 0.00000
vt 0.59066 0.17093
vt 0.00000 0.08051
vt 0.11259 0.08051
vt 0.10821 0.11466
vt 0.00000 0.11466
vt 0.60174 0.16699
vt 0.55495 0.00000
vt 0.53615 0.00000
vt 0.59613 0.16877
vt 0.59613 0.16877
vt 0.53615 0.00000
vt 0.55495 0.00000
vt 0.60174 0.16699
vt 0.60174 0.16699
vt 0.55495 0.00000
vt 0.53615 0.00000
vt 0.59613 0.16877
vt 0.00000 0.11466
vt 0.10821 0.11466
vt 0.10478 0.14881
vt 0.00000 0.14881
vt 0.60746 0.16560
vt 0.57305 0.00000
vt 0.55495 0.00000
vt 0.60174 0.16699
vt 0.60174 0.16699
vt 0.55495 0.00000
vt 0.57305 0.00000
vt 0.60746 0.16560
vt 0.60746 0.16560
vt 0.57305 0.00000
vt 0.55495 0.00000
vt 0.60174 0.16699
vt 0.00000 0.14881
vt 0.10478 0.14881
vt 0.10219 0.18295
vt 0.00000 0.18295
vt 0.61273 0.16467
vt 0.58906 0.00000
vt 0.57305 0.00000
vt 0.60746 0.16560
vt 0.60746 0.16560
vt 0.57305 0.00000
vt 0.58906 0.00000
vt 0.61273 0.16467
vt 0.61273 0.16467
vt 0.58906 0.00000
vt 0.57305 0.00000
vt 0.60746 0.16560
vt 0.00000 0.18295
vt 0.10219 0.18295
vt 0.10051 0.21400
vt 0.00000 0.21400
vt 0.61326 0.16460
vt 0.59064 0.00000
vt 0.58906 0.00000
vt 0.61273 0.16467
vt 0.61273 0.16467
vt 0.58906 0.00000
vt 0.59064 0.00000
vt 0.61326 0.16460
vt 0.61326 0.16460
vt 0.59064 0.00000
vt 0.58906 0.00000
vt 0.61273 0.16467
vt 0.00000 0.21400
vt 0.10051 0.21400
vt 0.10038 0.21710
vt 0.00000 0.21710
vt 0.61912 0.16399
vt 0.60790 0.00000
vt 0.59064 0.00000
vt 0.61326 0.16460
vt 0.61326 0.16460
vt 0.59064 0.00000
vt 0.60790 0.00000
vt 0.61912 0.16399
vt 0.61912 0.16399
vt 0.60790 0.00000
vt 0.59064 0.00000
vt 0.61326 0.16460
vt 0.00000 0.21710
vt 0.10038 0.21710
vt 0.09931 0.25125
vt 0.00000 0.25125
vt 0.62500 0.16379
vt 0.62500 0.00000
vt 0.60790 0.00000
vt 0.61912 0.16399
vt 0.61912 0.16399
vt 0.60790 0.00000
vt 0.62500 0.00000
vt 0.62500 0.16379
vt 0.62500 0.16379
vt 0.62500 0.00000
vt 0.60790 0.00000
vt 0.61912 0.16399
vt 0.00000 0.25125
vt 0.09931 0.25125
vt 0.09896 0.28540
vt 0.00000 0.28540
vt 0.63088 0.16399
vt 0.64210 0.00000
vt 0.62500 0.00000
vt 0.62500 0.16379
vt 0.62500 0.16379
vt 0.62500 0.00000
vt 0.64210 0.00000
vt 0.63088 0.16399
vt 0.63088 0.16399
vt 0.64210 0.00000
vt 0.62500 0.00000
vt 0.62500 0.16379
vt 0.00000 0.28540
vt 0.09896 0.28540
vt 0.09931 0.31955
vt 0.00000 0.31955
vt 0.63674 0.16460
vt 0.65936 0.00000
vt 0.64210 0.00000
vt 0.63088 0.16399
vt 0.63088 0.16399
vt 0.64210 0.00000
vt 0.65936 0.00000
vt 0.63674 0.16460
vt 0.63674 0.16460
vt 0.65936 0.00000
vt 0.64210 0.00000
vt 0.63088 0.16399
vt 0.00000 0.31955
vt 0.09931 0.31955
vt 0.10038 0.35369
vt 0.00000 0.35369
vt 0.63727 0.16467
vt 0.66094 0.00000
vt 0.65936 0.00000
vt 0.63674 0.16460
vt 0.63674 0.16460
vt 0.65936 0.00000
vt 0.66094 0.00000
vt 0.63727 0.16467
vt 0.63727 0.16467
vt 0.66094 0.00000
vt 0.65936 0.00000
vt 0.63674 0.16460
vt 0.00000 0.35369
vt 0.10038 0.35369
vt 0.10051 0.35680
vt 0.00000 0.35680
vt 0.64254 0.16560
vt 0.67695 0.00000
vt 0.66094 0.00000
vt 0.63727 0.16467
vt 0.63727 0.16467
vt 0.66094 0.00000
vt 0.67695 0.00000
vt 0.64254 0.16560
vt 0.64254 0.16560
vt 0.67695 0.00000
vt 0.66094 0.00000
vt 0.63727 0.16467
vt 0.00000 0.35680
vt 0.10051 0.35680
vt 0.10219 0.38784
vt 0.00000 0.38784
vt 0.64826 0.16699
vt 0.69505 0.00000
vt 0.67695 0.00000
vt 0.64254 0.16560
vt 0.64254 0.16560
vt 0.67695 0.00000
vt 0.69505 0.00000
vt 0.64826 0.16699
vt 0.64826 0.16699
vt 0.69505 0.00000
vt 0.67695 0.00000
vt 0.64254 0.16560
vt 0.00000 0.38784
vt 0.10219 0.38784
vt 0.10478 0.42199
vt 0.00000 0.42199
vt 0.65387 0.16877
vt 0.71385 0.00000
vt 0.69505 0.00000
vt 0.64826 0.16699
vt 0.64826 0.16699
vt 0.69505 0.00000
vt 0.71385 0.00000
vt 0.65387 0.16877
vt 0.65387 0.16877
vt 0.71385 0.00000
vt 0.69505 0.00000
vt 0.64826 0.16699
vt 0.00000 0.42199
vt 0.10478 0.42199
vt 0.10821 0.45614
vt 0.00000 0.45614
vt 0.65934 0.17093
vt 0.73359 0.00000
vt 0.71385 0.00000
vt 0.65387 0.16877
vt 0.65387 0.16877
vt 0.71385 0.00000
vt 0.73359 0.00000
vt 0.65934 0.17093
vt 0.65934 0.17093
vt 0.73359 0.00000
vt 0.71385 0.00000
vt 0.65387 0.16877
vt 0.00000 0.45614
vt 0.10821 0.45614
vt 0.11259 0.49028
vt 0.00000 0.49028
vt 0.66081 0.17158
vt 0.73917 0.00000
vt 0.73359 0.00000
vt 0.65934 0.17093
vt 0.65934 0.17093
vt 0.73359 0.00000
vt 0.73917 0.00000
vt 0.66081 0.17158
vt 0.66081 0.17158
vt 0.73917 0.00000
vt 0.73359 0.00000
vt 0.65934 0.17093
vt 0.00000 0.49028
vt 0.11259 0.49028
vt 0.11396 0.49960
vt 0.00000 0.49960
vt 0.75000 0.00876
vt 0.75000 0.00000
vt 0.73917 0.00000
vt 0.66081 0.17158
vt 0.66466 0.17346
vt 0.75000 0.00876
vt 0.66081 0.17158
vt 0.66081 0.17158
vt 0.73917 0.00000
vt 0.75000 0.00000
vt 0.75000 0.00876
vt 0.66081 0.17158
vt 0.75000 0.00876
vt 0.66466 0.17346
vt 0.75000 0.00876
vt 0.75000 0.00000
vt 0.73917 0.00000
vt 0.66081 0.17158
vt 0.66466 0.17346
vt 0.75000 0.00876
vt 0.66081 0.17158
vt 0.00000 0.00000
vt 0.11396 0.00000
vt 0.11679 0.01722
vt 0.11207 0.02443
vt 0.00000 0.00000
vt 0.11207 0.02443
vt 0.00000 0.02443
vt 0.66979 0.17634
vt 0.75000 0.04445
vt 0.75000 0.00876
vt 0.66466 0.17346
vt 0.66466 0.17346
vt 0.75000 0.00876
vt 0.75000 0.04445
vt 0.66979 0.17634
vt 0.66979 0.17634
vt 0.75000 0.04445
vt 0.75000 0.00876
vt 0.66466 0.17346
vt 0.00000 0.02443
vt 0.11207 0.02443
vt 0.09327 0.05858
vt 0.00000 0.05858
vt 0.67471 0.17957
vt 0.75000 0.07292
vt 0.75000 0.04445
vt 0.66979 0.17634
vt 0.66979 0.17634
vt 0.75000 0.04445
vt 0.75000 0.07292
vt 0.67471 0.17957
vt 0.67471 0.17957
vt 0.75000 0.07292
vt 0.75000 0.04445
vt 0.66979 0.17634
vt 0.00000 0.05858
vt 0.09327 0.05858
vt 0.07887 0.09273
vt 0.00000 0.09273
vt 0.67940 0.18313
vt 0.75000 0.09635
vt 0.75000 0.07292
vt 0.67471 0.17957
vt 0.67471 0.17957
vt 0.75000 0.07292
vt 0.75000 0.09635
vt 0.67940 0.18313
vt 0.67940 0.18313
vt 0.75000 0.09635
vt 0.75000 0.07292
vt 0.67471 0.17957
vt 0.00000 0.09273
vt 0.07887 0.09273
vt 0.06758 0.12688
vt 0.00000 0.12688
vt 0.68145 0.18485
vt 0.75000 0.10574
vt 0.75000 0.09635
vt 0.67940 0.18313
vt 0.67940 0.18313
vt 0.75000 0.09635
vt 0.75000 0.10574
vt 0.68145 0.18485
vt 0.68145 0.18485
vt 0.75000 0.10574
vt 0.75000 0.09635
vt 0.67940 0.18313
vt 0.00000 0.12688
vt 0.06758 0.12688
vt 0.06324 0.14240
vt 0.00000 0.14240
vt 0.68384 0.18700
vt 0.75000 0.11616
vt 0.75000 0.10574
vt 0.68145 0.18485
vt 0.68145 0.18485
vt 0.75000 0.10574
vt 0.75000 0.11616
vt 0.68384 0.18700
vt 0.68384 0.18700
vt 0.75000 0.11616
vt 0.75000 0.10574
vt 0.68145 0.18485
vt 0.00000 0.14240
vt 0.06324 0.14240
vt 0.05856 0.16102
vt 0.00000 0.16102
vt 0.68800 0.19116
vt 0.75000 0.13326
vt 0.75000 0.11616
vt 0.68384 0.18700
vt 0.68384 0.18700
vt 0.75000 0.11616
vt 0.75000 0.13326
vt 0.68800 0.19116
vt 0.68800 0.19116
vt 0.75000 0.13326
vt 0.75000 0.11616
vt 0.68384 0.18700
vt 0.00000 0.16102
vt 0.05856 0.16102
vt 0.05125 0.19517
vt 0.00000 0.19517
vt 0.69187 0.19560
vt 0.75000 0.14830
vt 0.75000 0.13326
vt 0.68800 0.19116
vt 0.68800 0.19116
vt 0.75000 0.13326
vt 0.75000 0.14830
vt 0.69187 0.19560
vt 0.69187 0.19560
vt 0.75000 0.14830
vt 0.75000 0.13326
vt 0.68800 0.19116
vt 0.00000 0.19517
vt 0.05125 0.19517
vt 0.04527 0.22932
vt 0.00000 0.22932
vt 0.69543 0.20029
vt 0.75000 0.16177
vt 0.75000 0.14830
vt 0.69187 0.19560
vt 0.69187 0.19560
vt 0.75000 0.14830
vt 0.75000 0.16177
vt 0.69543 0.20029
vt 0.69543 0.20029
vt 0.75000 0.16177
vt 0.75000 0.14830
vt 0.69187 0.19560
vt 0.00000 0.22932
vt 0.04527 0.22932
vt 0.04036 0.26347
vt 0.00000 0.26347
vt 0.69752 0.20339
vt 0.75000 0.16967
vt 0.75000 0.16177
vt 0.69543 0.20029
vt 0.69543 0.20029
vt 0.75000 0.16177
vt 0.75000 0.16967
vt 0.69752 0.20339
vt 0.69752 0.20339
vt 0.75000 0.16967
vt 0.75000 0.16177
vt 0.69543 0.20029
vt 0.00000 0.26347
vt 0.04036 0.26347
vt 0.03769 0.28520
vt 0.00000 0.28520
vt 0.69866 0.20521
vt 0.75000 0.17399
vt 0.75000 0.16967
vt 0.69752 0.20339
vt 0.69752 0.20339
vt 0.75000 0.16967
vt 0.75000 0.17399
vt 0.69866 0.20521
vt 0.69866 0.20521
vt 0.75000 0.17399
vt 0.75000 0.16967
vt 0.69752 0.20339
vt 0.00000 0.28520
vt 0.03769 0.28520
vt 0.03631 0.29761
vt 0.00000 0.29761
vt 0.70154 0.21034
vt 0.75000 0.18523
vt 0.75000 0.17399
vt 0.69866 0.20521
vt 0.69866 0.20521
vt 0.75000 0.17399
vt 0.75000 0.18523
vt 0.70154 0.21034
vt 0.70154 0.21034
vt 0.75000 0.18523
vt 0.75000 0.17399
vt 0.69866 0.20521
vt 0.00000 0.29761
vt 0.03631 0.29761
vt 0.03297 0.33176
vt 0.00000 0.33176
vt 0.70407 0.21566
vt 0.75000 0.19570
vt 0.75000 0.18523
vt 0.70154 0.21034
vt 0.70154 0.21034
vt 0.75000 0.18523
vt 0.75000 0.19570
vt 0.70407 0.21566
vt 0.70407 0.21566
vt 0.75000 0.19570
vt 0.75000 0.18523
vt 0.70154 0.21034
vt 0.00000 0.33176
vt 0.03297 0.33176
vt 0.03025 0.36591
vt 0.00000 0.36591
vt 0.70623 0.22113
vt 0.75000 0.20557
vt 0.75000 0.19570
vt 0.70407 0.21566
vt 0.70407 0.21566
vt 0.75000 0.19570
vt 0.75000 0.20557
vt 0.70623 0.22113
vt 0.70623 0.22113
vt 0.75000 0.20557
vt 0.75000 0.19570
vt 0.70407 0.21566
vt 0.00000 0.36591
vt 0.03025 0.36591
vt 0.02807 0.40006
vt 0.00000 0.40006
vt 0.70771 0.22571
vt 0.75000 0.21330
vt 0.75000 0.20557
vt 0.70623 0.22113
vt 0.70623 0.22113
vt 0.75000 0.20557
vt 0.75000 0.21330
vt 0.70771 0.22571
vt 0.70771 0.22571
vt 0.75000 0.21330
vt 0.75000 0.20557
vt 0.70623 0.22113
vt 0.00000 0.40006
vt 0.02807 0.40006
vt 0.02663 0.42800
vt 0.00000 0.42800
vt 0.70801 0.22674
vt 0.75000 0.21498
vt 0.75000 0.21330
vt 0.70771 0.22571
vt 0.70771 0.22571
vt 0.75000 0.21330
vt 0.75000 0.21498
vt 0.70801 0.22674
vt 0.70801 0.22674
vt 0.75000 0.21498
vt 0.75000 0.21330
vt 0.70771 0.22571
vt 0.00000 0.42800
vt 0.02663 0.42800
vt 0.02635 0.43421
vt 0.00000 0.43421
vt 0.70940 0.23246
vt 0.75000 0.22402
vt 0.75000 0.21498
vt 0.70801 0.22674
vt 0.70801 0.22674
vt 0.75000 0.21498
vt 0.75000 0.22402
vt 0.70940 0.23246
vt 0.70940 0.23246
vt 0.75000 0.22402
vt 0.75000 0.21498
vt 0.70801 0.22674
vt 0.00000 0.43421
vt 0.02635 0.43421
vt 0.02505 0.46835
vt 0.00000 0.46835
vt 0.71040 0.23826
vt 0.75000 0.23282
vt 0.75000 0.22402
vt 0.70940 0.23246
vt 0.70940 0.23246
vt 0.75000 0.22402
vt 0.75000 0.23282
vt 0.71040 0.23826
vt 0.71040 0.23826
vt 0.75000 0.23282
vt 0.75000 0.22402
vt 0.70940 0.23246
vt 0.00000 0.46835
vt 0.02505 0.46835
vt 0.02415 0.50250
vt 0.00000 0.50250
vt 0.71101 0.24412
vt 0.75000 0.24145
vt 0.75000 0.23282
vt 0.71040 0.23826
vt 0.71040 0.23826
vt 0.75000 0.23282
vt 0.75000 0.24145
vt 0.71101 0.24412
vt 0.71101 0.24412
vt 0.75000 0.24145
vt 0.75000 0.23282
vt 0.71040 0.23826
vt 0.00000 0.00250
vt 0.02415 0.00250
vt 0.02361 0.03665
vt 0.00000 0.03665
vt 0.71121 0.25000
vt 0.75000 0.25000
vt 0.75000 0.24145
vt 0.71101 0.24412
vt 0.71101 0.24412
vt 0.75000 0.24145
vt 0.75000 0.25000
vt 0.71121 0.25000
vt 0.71121 0.25000
vt 0.75000 0.25000
vt 0.75000 0.24145
vt 0.71101 0.24412
vt 0.00000 0.03665
vt 0.02361 0.03665
vt 0.02344 0.07080
vt 0.00000 0.07080
vt 0.00000 0.00000
vt 0.00000 0.90625
vt 0.01087 0.90625
vt 0.01087 0.00000
vt 0.00000 0.00000
vt 0.00000 0.09375
vt 0.02174 0.09375
vt 0.02174 0.00000
vt 0.00000 0.00000
vt 0.00000 0.09375
vt 0.02174 0.09375
vt 0.02174 0.00000
vt 0.02174 0.00000
vt 0.02174 0.90625
vt 0.00000 0.90625
vt 0.00000 0.00000
vt 0.01087 0.00000
vt 0.01087 0.90625
vt 0.02174 0.90625
vt 0.02174 0.00000
vt 0.02174 0.00000
vt 0.02174 0.09375
vt 0.04348 0.09375
vt 0.04348 0.00000
vt 0.02174 0.00000
vt 0.02174 0.09375
vt 0.04348 0.09375
vt 0.04348 0.00000
vt 0.04348 0.00000
vt 0.04348 0.90625
vt 0.02174 0.90625
vt 0.02174 0.00000
vt 0.02174 0.00000
vt 0.02174 0.90625
vt 0.03261 0.90625
vt 0.03261 0.00000
vt 0.04348 0.00000
vt 0.04348 0.09375
vt 0.06522 0.09375
vt 0.06522 0.00000
vt 0.04348 0.00000
vt 0.04348 0.09375
vt 0.06522 0.09375
vt 0.06522 0.00000
vt 0.06522 0.00000
vt 0.06522 0.90625
vt 0.04348 0.90625
vt 0.04348 0.00000
vt 0.03261 0.00000
vt 0.03261 0.90625
vt 0.04348 0.90625
vt 0.04348 0.00000
vt 0.06522 0.00000
vt 0.06522 0.09375
vt 0.08695 0.09375
vt 0.08695 0.00000
vt 0.06522 0.00000
vt 0.06522 0.09375
vt 0.08695 0.09375
vt 0.08695 0.00000
vt 0.08695 0.00000
vt 0.08695 0.90625
vt 0.06522 0.90625
vt 0.06522 0.00000
vt 0.04348 0.00000
vt 0.04348 0.90625
vt 0.04545 0.90625
vt 0.04545 0.00000
vt 0.08695 0.00000
vt 0.08695 0.09375
vt 0.09091 0.09375
vt 0.09091 0.00000
vt 0.08695 0.00000
vt 0.08695 0.09375
vt 0.09091 0.09375
vt 0.09091 0.00000
vt 0.09091 0.00000
vt 0.09091 0.90625
vt 0.08695 0.90625
vt 0.08695 0.00000
vt 0.04545 0.00000
vt 0.04545 0.90625
vt 0.05435 0.90625
vt 0.05435 0.00000
vt 0.09091 0.00000
vt 0.09091 0.09375
vt 0.10870 0.09375
vt 0.10870 0.00000
vt 0.09091 0.00000
vt 0.09091 0.09375
vt 0.10870 0.09375
vt 0.10870 0.00000
vt 0.10870 0.00000
vt 0.10870 0.90625
vt 0.09091 0.90625
vt 0.09091 0.00000
vt 0.05435 0.00000
vt 0.05435 0.90625
vt 0.06522 0.90625
vt 0.06522 0.00000
vt 0.10870 0.00000
vt 0.10870 0.09375
vt 0.13043 0.09375
vt 0.13043 0.00000
vt 0.10870 0.00000
vt 0.10870 0.09375
vt 0.13043 0.09375
vt 0.13043 0.00000
vt 0.13043 0.00000
vt 0.13043 0.90625
vt 0.10870 0.90625
vt 0.10870 0.00000
vt 0.06522 0.00000
vt 0.06522 0.90625
vt 0.07609 0.90625
vt 0.07609 0.00000
vt 0.13043 0.00000
vt 0.13043 0.09375
vt 0.15217 0.09375
vt 0.15217 0.00000
vt 0.13043 0.00000
vt 0.13043 0.09375
vt 0.15217 0.09375
vt 0.15217 0.00000
vt 0.15217 0.00000
vt 0.15217 0.90625
vt 0.13043 0.90625
vt 0.13043 0.00000
vt 0.07609 0.00000
vt 0.07609 0.90625
vt 0.08696 0.90625
vt 0.08696 0.00000
vt 0.15217 0.00000
vt 0.15217 0.09375
vt 0.17391 0.09375
vt 0.17391 0.00000
vt 0.15217 0.00000
vt 0.15217 0.09375
vt 0.17391 0.09375
vt 0.17391 0.00000
vt 0.17391 0.00000
vt 0.17391 0.90625
vt 0.15217 0.90625
vt 0.15217 0.00000
vt 0.08696 0.00000
vt 0.08696 0.90625
vt 0.09091 0.90625
vt 0.09091 0.00000
vt 0.17391 0.00000
vt 0.17391 0.09375
vt 0.18182 0.09375
vt 0.18182 0.00000
vt 0.17391 0.00000
vt 0.17391 0.09375
vt 0.18182 0.09375
vt 0.18182 0.00000
vt 0.18182 0.00000
vt 0.18182 0.90625
vt 0.17391 0.90625
vt 0.17391 0.00000
vt 0.09091 0.00000
vt 0.09091 0.90625
vt 0.09783 0.90625
vt 0.09783 0.00000
vt 0.18182 0.00000
vt 0.18182 0.09375
vt 0.19565 0.09375
vt 0.19565 0.00000
vt 0.18182 0.00000
vt 0.18182 0.09375
vt 0.19565 0.09375
vt 0.19565 0.00000
vt 0.19565 0.00000
vt 0.19565 0.90625
vt 0.18182 0.90625
vt 0.18182 0.00000
vt 0.09783 0.00000
vt 0.09783 0.90625
vt 0.10870 0.90625
vt 0.10870 0.00000
vt 0.19565 0.00000
vt 0.19565 0.09375
vt 0.21739 0.09375
vt 0.21739 0.00000
vt 0.19565 0.00000
vt 0.19565 0.09375
vt 0.21739 0.09375
vt 0.21739 0.00000
vt 0.21739 0.00000
vt 0.21739 0.90625
vt 0.19565 0.90625
vt 0.19565 0.00000
vt 0.10870 0.00000
vt 0.10870 0.90625
vt 0.11956 0.90625
vt 0.11956 0.00000
vt 0.21739 0.00000
vt 0.21739 0.09375
vt 0.23913 0.09375
vt 0.23913 0.00000
vt 0.21739 0.00000
vt 0.21739 0.09375
vt 0.23913 0.09375
vt 0.23913 0.00000
vt 0.23913 0.00000
vt 0.23913 0.90625
vt 0.21739 0.90625
vt 0.21739 0.00000
vt 0.11956 0.00000
vt 0.11956 0.90625
vt 0.13043 0.90625
vt 0.13043 0.00000
vt 0.23913 0.00000
vt 0.23913 0.09375
vt 0.26087 0.09375
vt 0.26087 0.00000
vt 0.23913 0.00000
vt 0.23913 0.09375
vt 0.26087 0.09375
vt 0.26087 0.00000
vt 0.26087 0.00000
vt 0.26087 0.90625
vt 0.23913 0.90625
vt 0.23913 0.00000
vt 0.13043 0.00000
vt 0.13043 0.90625
vt 0.13636 0.90625
vt 0.13636 0.00000
vt 0.26087 0.00000
vt 0.26087 0.09375
vt 0.27273 0.09375
vt 0.27273 0.00000
vt 0.26087 0.00000
vt 0.26087 0.09375
vt 0.27273 0.09375
vt 0.27273 0.00000
vt 0.27273 0.00000
vt 0.27273 0.90625
vt 0.26087 0.90625
vt 0.26087 0.00000
vt 0.13636 0.00000
vt 0.13636 0.90625
vt 0.14131 0.90625
vt 0.14131 0.00000
vt 0.27273 0.00000
vt 0.27273 0.09375
vt 0.28261 0.09375
vt 0.28261 0.00000
vt 0.27273 0.00000
vt 0.27273 0.09375
vt 0.28261 0.09375
vt 0.28261 0.00000
vt 0.28261 0.00000
vt 0.28261 0.90625
vt 0.27273 0.90625
vt 0.27273 0.00000
vt 0.14131 0.00000
vt 0.14131 0.90625
vt 0.15217 0.90625
vt 0.15217 0.00000
vt 0.28261 0.00000
vt 0.28261 0.09375
vt 0.30435 0.09375
vt 0.30435 0.00000
vt 0.28261 0.00000
vt 0.28261 0.09375
vt 0.30435 0.09375
vt 0.30435 0.00000
vt 0.30435 0.00000
vt 0.30435 0.90625
vt 0.28261 0.90625
vt 0.28261 0.00000
vt 0.15217 0.00000
vt 0.15217 0.90625
vt 0.16304 0.90625
vt 0.16304 0.00000
vt 0.30435 0.00000
vt 0.30435 0.09375
vt 0.32609 0.09375
vt 0.32609 0.00000
vt 0.30435 0.00000
vt 0.30435 0.09375
vt 0.32609 0.09375
vt 0.32609 0.00000
vt 0.32609 0.00000
vt 0.32609 0.90625
vt 0.30435 0.90625
vt 0.30435 0.00000
vt 0.16304 0.00000
vt 0.16304 0.90625
vt 0.17391 0.90625
vt 0.17391 0.00000
vt 0.32609 0.00000
vt 0.32609 0.09375
vt 0.34783 0.09375
vt 0.34783 0.00000
vt 0.32609 0.00000
vt 0.32609 0.09375
vt 0.34783 0.09375
vt 0.34783 0.00000
vt 0.34783 0.00000
vt 0.34783 0.90625
vt 0.32609 0.90625
vt 0.32609 0.00000
vt 0.17391 0.00000
vt 0.17391 0.90625
vt 0.18182 0.90625
vt 0.18182 0.00000
vt 0.34783 0.00000
vt 0.34783 0.09375
vt 0.36364 0.09375
vt 0.36364 0.00000
vt 0.34783 0.00000
vt 0.34783 0.09375
vt 0.36364 0.09375
vt 0.36364 0.00000
vt 0.36364 0.00000
vt 0.36364 0.90625
vt 0.34783 0.90625
vt 0.34783 0.00000
vt 0.18182 0.00000
vt 0.18182 0.90625
vt 0.18478 0.90625
vt 0.18478 0.00000
vt 0.36364 0.00000
vt 0.36364 0.09375
vt 0.36957 0.09375
vt 0.36957 0.00000
vt 0.36364 0.00000
vt 0.36364 0.09375
vt 0.36957 0.09375
vt 0.36957 0.00000
vt 0.36957 0.00000
vt 0.36957 0.90625
vt 0.36364 0.90625
vt 0.36364 0.00000
vt 0.18478 0.00000
vt 0.18478 0.90625
vt 0.19565 0.90625
vt 0.19565 0.00000
vt 0.36957 0.00000
vt 0.36957 0.09375
vt 0.39131 0.09375
vt 0.39131 0.00000
vt 0.36957 0.00000
vt 0.36957 0.09375
vt 0.39131 0.09375
vt 0.39131 0.00000
vt 0.39131 0.00000
vt 0.39131 0.90625
vt 0.36957 0.90625
vt 0.36957 0.00000
vt 0.19565 0.00000
vt 0.19565 0.90625
vt 0.20652 0.90625
vt 0.20652 0.00000
vt 0.39131 0.00000
vt 0.39131 0.09375
vt 0.41304 0.09375
vt 0.41304 0.00000
vt 0.39131 0.00000
vt 0.39131 0.09375
vt 0.41304 0.09375
vt 0.41304 0.00000
vt 0.41304 0.00000
vt 0.41304 0.90625
vt 0.39131 0.90625
vt 0.39131 0.00000
vt 0.20652 0.00000
vt 0.20652 0.90625
vt 0.21739 0.90625
vt 0.21739 0.00000
vt 0.41304 0.00000
vt 0.41304 0.09375
vt 0.43478 0.09375
vt 0.43478 0.00000
vt 0.41304 0.00000
vt 0.41304 0.09375
vt 0.43478 0.09375
vt 0.43478 0.00000
vt 0.43478 0.00000
vt 0.43478 0.90625
vt 0.41304 0.90625
vt 0.41304 0.00000
vt 0.21739 0.00000
vt 0.21739 0.90625
vt 0.22727 0.90625
vt 0.22727 0.00000
vt 0.43478 0.00000
vt 0.43478 0.09375
vt 0.45455 0.09375
vt 0.45455 0.00000
vt 0.43478 0.00000
vt 0.43478 0.09375
vt 0.45455 0.09375
vt 0.45455 0.00000
vt 0.45455 0.00000
vt 0.45455 0.90625
vt 0.43478 0.90625
vt 0.43478 0.00000
vt 0.22727 0.00000
vt 0.22727 0.90625
vt 0.22826 0.90625
vt 0.22826 0.00000
vt 0.45455 0.00000
vt 0.45455 0.09375
vt 0.45652 0.09375
vt 0.45652 0.00000
vt 0.45455 0.00000
vt 0.45455 0.09375
vt 0.45652 0.09375
vt 0.45652 0.00000
vt 0.45652 0.00000
vt 0.45652 0.90625
vt 0.45455 0.90625
vt 0.45455 0.00000
vt 0.22826 0.00000
vt 0.22826 0.90625
vt 0.23913 0.90625
vt 0.23913 0.00000
vt 0.45652 0.00000
vt 0.45652 0.09375
vt 0.47826 0.09375
vt 0.47826 0.00000
vt 0.45652 0.00000
vt 0.45652 0.09375
vt 0.47826 0.09375
vt 0.47826 0.00000
vt 0.47826 0.00000
vt 0.47826 0.90625
vt 0.45652 0.90625
vt 0.45652 0.00000
vt 0.23913 0.00000
vt 0.23913 0.90625
vt 0.25000 0.90625
vt 0.25000 0.00000
vt 0.47826 0.00000
vt 0.47826 0.09375
vt 0.50000 0.09375
vt 0.50000 0.00000
vt 0.47826 0.00000
vt 0.47826 0.09375
vt 0.50000 0.09375
vt 0.50000 0.00000
vt 0.50000 0.00000
vt 0.50000 0.90625
vt 0.47826 0.90625
vt 0.47826 0.00000
vt 0.25000 0.00000
vt 0.25000 0.90625
vt 0.26087 0.90625
vt 0.26087 0.00000
vt 0.50000 0.00000
vt 0.50000 0.09375
vt 0.52174 0.09375
vt 0.52174 0.00000
vt 0.50000 0.00000
vt 0.50000 0.09375
vt 0.52174 0.09375
vt 0.52174 0.00000
vt 0.02174 0.00000
vt 0.02174 0.90625
vt 0.00000 0.90625
vt 0.00000 0.00000
vt 0.26087 0.00000
vt 0.26087 0.90625
vt 0.27174 0.90625
vt 0.27174 0.00000
vt 0.52174 0.00000
vt 0.52174 0.09375
vt 0.54348 0.09375
vt 0.54348 0.00000
vt 0.52174 0.00000
vt 0.52174 0.09375
vt 0.54348 0.09375
vt 0.54348 0.00000
vt 0.04348 0.00000
vt 0.04348 0.90625
vt 0.02174 0.90625
vt 0.02174 0.00000
vt 0.27174 0.00000
vt 0.27174 0.90625
vt 0.27273 0.90625
vt 0.27273 0.00000
vt 0.54348 0.00000
vt 0.54348 0.09375
vt 0.54545 0.09375
vt 0.54545 0.00000
vt 0.54348 0.00000
vt 0.54348 0.09375
vt 0.54545 0.09375
vt 0.54545 0.00000
vt 0.04545 0.00000
vt 0.04545 0.90625
vt 0.04348 0.90625
vt 0.04348 0.00000
vt 0.27273 0.00000
vt 0.27273 0.90625
vt 0.28261 0.90625
vt 0.28261 0.00000
vt 0.54545 0.00000
vt 0.54545 0.09375
vt 0.56522 0.09375
vt 0.56522 0.00000
vt 0.54545 0.00000
vt 0.54545 0.09375
vt 0.56522 0.09375
vt 0.56522 0.00000
vt 0.06522 0.00000
vt 0.06522 0.90625
vt 0.04545 0.90625
vt 0.04545 0.00000
vt 0.28261 0.00000
vt 0.28261 0.90625
vt 0.29348 0.90625
vt 0.29348 0.00000
vt 0.56522 0.00000
vt 0.56522 0.09375
vt 0.58696 0.09375
vt 0.58696 0.00000
vt 0.56522 0.00000
vt 0.56522 0.09375
vt 0.58696 0.09375
vt 0.58696 0.00000
vt 0.08696 0.00000
vt 0.08696 0.90625
vt 0.06522 0.90625
vt 0.06522 0.00000
vt 0.29348 0.00000
vt 0.29348 0.90625
vt 0.30435 0.90625
vt 0.30435 0.00000
vt 0.58696 0.00000
vt 0.58696 0.09375
vt 0.60869 0.09375
vt 0.60869 0.00000
vt 0.58696 0.00000
vt 0.58696 0.09375
vt 0.60869 0.09375
vt 0.60869 0.00000
vt 0.10869 0.00000
vt 0.10869 0.90625
vt 0.08696 0.90625
vt 0.08696 0.00000
vt 0.30435 0.00000
vt 0.30435 0.90625
vt 0.31522 0.90625
vt 0.31522 0.00000
vt 0.60869 0.00000
vt 0.60869 0.09375
vt 0.63043 0.09375
vt 0.63043 0.00000
vt 0.60869 0.00000
vt 0.60869 0.09375
vt 0.63043 0.09375
vt 0.63043 0.00000
vt 0.13043 0.00000
vt 0.13043 0.90625
vt 0.10869 0.90625
vt 0.10869 0.00000
vt 0.31522 0.00000
vt 0.31522 0.90625
vt 0.31818 0.90625
vt 0.31818 0.00000
vt 0.63043 0.00000
vt 0.63043 0.09375
vt 0.63636 0.09375
vt 0.63636 0.00000
vt 0.63043 0.00000
vt 0.63043 0.09375
vt 0.63636 0.09375
vt 0.63636 0.00000
vt 0.13636 0.00000
vt 0.13636 0.90625
vt 0.13043 0.90625
vt 0.13043 0.00000
vt 0.31818 0.00000
vt 0.31818 0.90625
vt 0.32609 0.90625
vt 0.32609 0.00000
vt 0.63636 0.00000
vt 0.63636 0.09375
vt 0.65217 0.09375
vt 0.65217 0.00000
vt 0.63636 0.00000
vt 0.63636 0.09375
vt 0.65217 0.09375
vt 0.65217 0.00000
vt 0.15217 0.00000
vt 0.15217 0.90625
vt 0.13636 0.90625
vt 0.13636 0.00000
vt 0.32609 0.00000
vt 0.32609 0.90625
vt 0.33696 0.90625
vt 0.33696 0.00000
vt 0.65217 0.00000
vt 0.65217 0.09375
vt 0.67391 0.09375
vt 0.67391 0.00000
vt 0.65217 0.00000
vt 0.65217 0.09375
vt 0.67391 0.09375
vt 0.67391 0.00000
vt 0.17391 0.00000
vt 0.17391 0.90625
vt 0.15217 0.90625
vt 0.15217 0.00000
vt 0.33696 0.00000
vt 0.33696 0.90625
vt 0.34783 0.90625
vt 0.34783 0.00000
vt 0.67391 0.00000
vt 0.67391 0.09375
vt 0.69565 0.09375
vt 0.69565 0.00000
vt 0.67391 0.00000
vt 0.67391 0.09375
vt 0.69565 0.09375
vt 0.69565 0.00000
vt 0.19565 0.00000
vt 0.19565 0.90625
vt 0.17391 0.90625
vt 0.17391 0.00000
vt 0.34783 0.00000
vt 0.34783 0.90625
vt 0.35869 0.90625
vt 0.35869 0.00000
vt 0.69565 0.00000
vt 0.69565 0.09375
vt 0.71739 0.09375
vt 0.71739 0.00000
vt 0.69565 0.00000
vt 0.69565 0.09375
vt 0.71739 0.09375
vt 0.71739 0.00000
vt 0.21739 0.00000
vt 0.21739 0.90625
vt 0.19565 0.90625
vt 0.19565 0.00000
vt 0.35869 0.00000
vt 0.35869 0.90625
vt 0.36364 0.90625
vt 0.36364 0.00000
vt 0.71739 0.00000
vt 0.71739 0.09375
vt 0.72727 0.09375
vt 0.72727 0.00000
vt 0.71739 0.00000
vt 0.71739 0.09375
vt 0.72727 0.09375
vt 0.72727 0.00000
vt 0.22727 0.00000
vt 0.22727 0.90625
vt 0.21739 0.90625
vt 0.21739 0.00000
vt 0.36364 0.00000
vt 0.36364 0.90625
vt 0.36957 0.90625
vt 0.36957 0.00000
vt 0.72727 0.00000
vt 0.72727 0.09375
vt 0.73913 0.09375
vt 0.73913 0.00000
vt 0.72727 0.00000
vt 0.72727 0.09375
vt 0.73913 0.09375
vt 0.73913 0.00000
vt 0.23913 0.00000
vt 0.23913 0.90625
vt 0.22727 0.90625
vt 0.22727 0.00000
vt 0.36957 0.00000
vt 0.36957 0.90625
vt 0.38044 0.90625
vt 0.38044 0.00000
vt 0.73913 0.00000
vt 0.73913 0.09375
vt 0.76087 0.09375
vt 0.76087 0.00000
vt 0.73913 0.00000
vt 0.73913 0.09375
vt 0.76087 0.09375
vt 0.76087 0.00000
vt 0.26087 0.00000
vt 0.26087 0.90625
vt 0.23913 0.90625
vt 0.23913 0.00000
vt 0.38044 0.00000
vt 0.38044 0.90625
vt 0.39130 0.90625
vt 0.39130 0.00000
vt 0.76087 0.00000
vt 0.76087 0.09375
vt 0.78261 0.09375
vt 0.78261 0.00000
vt 0.76087 0.00000
vt 0.76087 0.09375
vt 0.78261 0.09375
vt 0.78261 0.00000
vt 0.28261 0.00000
vt 0.28261 0.90625
vt 0.26087 0.90625
vt 0.26087 0.00000
vt 0.39130 0.00000
vt 0.39130 0.90625
vt 0.40217 0.90625
vt 0.40217 0.00000
vt 0.78261 0.00000
vt 0.78261 0.09375
vt 0.80435 0.09375
vt 0.80435 0.00000
vt 0.78261 0.00000
vt 0.78261 0.09375
vt 0.80435 0.09375
vt 0.80435 0.00000
vt 0.30435 0.00000
vt 0.30435 0.90625
vt 0.28261 0.90625
vt 0.28261 0.00000
vt 0.40217 0.00000
vt 0.40217 0.90625
vt 0.40909 0.90625
vt 0.40909 0.00000
vt 0.80435 0.00000
vt 0.80435 0.09375
vt 0.81818 0.09375
vt 0.81818 0.00000
vt 0.80435 0.00000
vt 0.80435 0.09375
vt 0.81818 0.09375
vt 0.81818 0.00000
vt 0.31818 0.00000
vt 0.31818 0.90625
vt 0.30435 0.90625
vt 0.30435 0.00000
vt 0.40909 0.00000
vt 0.40909 0.90625
vt 0.41304 0.90625
vt 0.41304 0.00000
vt 0.81818 0.00000
vt 0.81818 0.09375
vt 0.82609 0.09375
vt 0.82609 0.00000
vt 0.81818 0.00000
vt 0.81818 0.09375
vt 0.82609 0.09375
vt 0.82609 0.00000
vt 0.32609 0.00000
vt 0.32609 0.90625
vt 0.31818 0.90625
vt 0.31818 0.00000
vt 0.41304 0.00000
vt 0.41304 0.90625
vt 0.42391 0.90625
vt 0.42391 0.00000
vt 0.82609 0.00000
vt 0.82609 0.09375
vt 0.84783 0.09375
vt 0.84783 0.00000
vt 0.82609 0.00000
vt 0.82609 0.09375
vt 0.84783 0.09375
vt 0.84783 0.00000
vt 0.34783 0.00000
vt 0.34783 0.90625
vt 0.32609 0.90625
vt 0.32609 0.00000
vt 0.42391 0.00000
vt 0.42391 0.90625
vt 0.43478 0.90625
vt 0.43478 0.00000
vt 0.84783 0.00000
vt 0.84783 0.09375
vt 0.86957 0.09375
vt 0.86957 0.00000
vt 0.84783 0.00000
vt 0.84783 0.09375
vt 0.86957 0.09375
vt 0.86957 0.00000
vt 0.36957 0.00000
vt 0.36957 0.90625
vt 0.34783 0.90625
vt 0.34783 0.00000
vt 0.43478 0.00000
vt 0.43478 0.90625
vt 0.44565 0.90625
vt 0.44565 0.00000
vt 0.86957 0.00000
vt 0.86957 0.09375
vt 0.89130 0.09375
vt 0.89130 0.00000
vt 0.86957 0.00000
vt 0.86957 0.09375
vt 0.89130 0.09375
vt 0.89130 0.00000
vt 0.39130 0.00000
vt 0.39130 0.90625
vt 0.36957 0.90625
vt 0.36957 0.00000
vt 0.44565 0.00000
vt 0.44565 0.90625
vt 0.45455 0.90625
vt 0.45455 0.00000
vt 0.89130 0.00000
vt 0.89130 0.09375
vt 0.90909 0.09375
vt 0.90909 0.00000
vt 0.89130 0.00000
vt 0.89130 0.09375
vt 0.90909 0.09375
vt 0.90909 0.00000
vt 0.40909 0.00000
vt 0.40909 0.90625
vt 0.39130 0.90625
vt 0.39130 0.00000
vt 0.45455 0.00000
vt 0.45455 0.90625
vt 0.45652 0.90625
vt 0.45652 0.00000
vt 0.90909 0.00000
vt 0.90909 0.09375
vt 0.91305 0.09375
vt 0.91305 0.00000
vt 0.90909 0.00000
vt 0.90909 0.09375
vt 0.91305 0.09375
vt 0.91305 0.00000
vt 0.41305 0.00000
vt 0.41305 0.90625
vt 0.40909 0.90625
vt 0.40909 0.00000
vt 0.45652 0.00000
vt 0.45652 0.90625
vt 0.46739 0.90625
vt 0.46739 0.00000
vt 0.91305 0.00000
vt 0.91305 0.09375
vt 0.93478 0.09375
vt 0.93478 0.00000
vt 0.91305 0.00000
vt 0.91305 0.09375
vt 0.93478 0.09375
vt 0.93478 0.00000
vt 0.43478 0.00000
vt 0.43478 0.90625
vt 0.41305 0.90625
vt 0.41305 0.00000
vt 0.46739 0.00000
vt 0.46739 0.90625
vt 0.47826 0.90625
vt 0.47826 0.00000
vt 0.93478 0.00000
vt 0.93478 0.09375
vt 0.95652 0.09375
vt 0.95652 0.00000
vt 0.93478 0.00000
vt 0.93478 0.09375
vt 0.95652 0.09375
vt 0.95652 0.00000
vt 0.45652 0.00000
vt 0.45652 0.90625
vt 0.43478 0.90625
vt 0.43478 0.00000
vt 0.47826 0.00000
vt 0.47826 0.90625
vt 0.48913 0.90625
vt 0.48913 0.00000
vt 0.95652 0.00000
vt 0.95652 0.09375
vt 0.97826 0.09375
vt 0.97826 0.00000
vt 0.95652 0.00000
vt 0.95652 0.09375
vt 0.97826 0.09375
vt 0.97826 0.00000
vt 0.47826 0.00000
vt 0.47826 0.90625
vt 0.45652 0.90625
vt 0.45652 0.00000
vt 0.48913 0.00000
vt 0.48913 0.90625
vt 0.50000 0.90625
vt 0.50000 0.00000
vt 0.97826 0.00000
vt 0.97826 0.09375
vt 1.00000 0.09375
vt 1.00000 0.00000
vt 0.97826 0.00000
vt 0.97826 0.09375
vt 1.00000 0.09375
vt 1.00000 0.00000
vt 0.50000 0.00000
vt 0.50000 0.90625
vt 0.47826 0.90625
vt 0.47826 0.00000
vn 0.00000 1.00000 0.00000
vn 0.00000 1.00000 0.00000
vn 0.00000 1.00000 0.00000
vn 0.00000 1.00000 0.00000
vn 0.00000 -1.00000 0.00000
vn 0.00000 -1.00000 0.00000
vn 0.00000 -1.00000 0.00000
vn 0.00000 -1.00000 0.00000
vn 0.00000 1.00000 0.00000
vn 0.00000 1.00000 0.00000
vn 0.00000 1.00000 0.00000
vn 0.00000 1.00000 0.00000
vn 0.00000 -1.00000 0.00000
vn 0.00000 -1.00000 0.00000
vn 0.00000 -1.00000 0.00000
vn 0.00000 -1.00000 0.00000
vn 0.00000 1.00000 0.00000
vn 0.00000 1.00000 0.00000
vn 0.00000 1.00000 0.00000
vn 0.00000 1.00000 0.00000
vn 0.00000 -1.00000 0.00000
vn 0.00000 -1.00000 0.00000
vn 0.00000 -1.00000 0.00000
vn 0.00000 -1.00000 0.00000
vn 0.00000 1.00000 0.00000
vn 0.00000 1.00000 0.00000
vn 0.00000 1.00000 0.00000
vn 0.00000 1.00000 0.00000
vn 0.00000 -1.00000 0.00000
vn 0.00000 -1.00000 0.00000
vn 0.00000 -1.00000 0.00000
vn 0.00000 -1.00000 0.00000
vn 0.00000 1.00000 0.00000
vn 0.00000 1.00000 0.00000
vn 0.00000 1.00000 0.00000
vn 0.00000 1.00000 0.00000
vn 0.00000 -1.00000 0.00000
vn 0.00000 -1.00000 0.00000
vn 0.00000 -1.00000 0.00000
vn 0.00000 -1.00000 0.00000
vn 0.00000 1.00000 0.00000
vn 0.00000 1.00000 0.00000
vn 0.00000 1.00000 0.00000
vn 0.00000 1.00000 0.00000
vn 0.00000 -1.00000 0.00000
vn 0.00000 -1.00000 0.00000
vn 0.00000 -1.00000 0.00000
vn 0.00000 -1.00000 0.00000
vn 0.00000 1.00000 0.00000
vn 0.00000 1.00000 0.00000
vn 0.00000 1.00000 0.00000
vn 0.00000 1.00000 0.00000
vn 0.00000 -1.00000 0.00000
vn 0.00000 -1.00000 0.00000
vn 0.00000 -1.00000 0.00000
vn 0.00000 -1.00000 0.00000
vn 0.00000 1.00000 0.00000
vn 0.00000 1.00000 0.00000
vn 0.00000 1.00000 0.00000
vn 0.00000 1.00000 0.00000
vn 0.00000 -1.00000 0.00000
vn 0.00000 -1.00000 0.00000
vn 0.00000 -1.00000 0.00000
vn 0.00000 -1.00000 0.00000
vn 0.00000 1.00000 0.00000
vn 0.00000 1.00000 0.00000
vn 0.00000 1.00000 0.00000
vn 0.00000 1.00000 0.00000
vn 0.00000 -1.00000 0.00000
vn 0.00000 -1.00000 0.00000
vn 0.00000 -1.00000 0.00000
vn 0.00000 -1.00000 0.00000
vn 0.00000 1.00000 0.00000
vn 0.00000 1.00000 0.00000
vn 0.00000 1.00000 0.00000
vn 0.00000 1.00000 0.00000
vn 0.00000 -1.00000 0.00000
vn 0.00000 -1.00000 0.00000
vn 0.00000 -1.00000 0.00000
vn 0.00000 -1.00000 0.00000
vn 0.00000 1.00000 0.00000
vn 0.00000 1.00000 0.00000
vn 0.00000 1.00000 0.00000
vn 0.00000 1.00000 0.00000
vn 0.00000 -1.00000 0.00000
vn 0.00000 -1.00000 0.00000
vn 0.00000 -1.00000 0.00000
vn 0.00000 -1.00000 0.00000
vn 0.00000 1.00000 0.00000
vn 0.00000 1.00000 0.00000
vn 0.00000 1.00000 0.00000
vn 0.00000 1.00000 0.00000
vn 0.00000 -1.00000 0.00000
vn 0.00000 -1.00000 0.00000
vn 0.00000 -1.00000 0.00000
vn 0.00000 -1.00000 0.00000
vn 0.00000 1.00000 0.00000
vn 0.00000 1.00000 0.00000
vn 0.00000 1.00000 0.00000
vn 0.00000 1.00000 0.00000
vn 0.00000 -1.00000 0.00000
vn 0.00000 -1.00000 0.00000
vn 0.00000 -1.00000 0.00000
vn 0.00000 -1.00000 0.00000
vn 0.00000 1.00000 0.00000
vn 0.00000 1.00000 0.00000
vn 0.00000 1.00000 0.00000
vn 0.00000 1.00000 0.00000
vn 0.00000 -1.00000 0.00000
vn 0.00000 -1.00000 0.00000
vn 0.00000 -1.00000 0.00000
vn 0.00000 -1.00000 0.00000
vn 0.00000 1.00000 0.00000
vn 0.00000 1.00000 0.00000
vn 0.00000 1.00000 0.00000
vn 0.00000 1.00000 0.00000
vn 0.00000 -1.00000 0.00000
vn 0.00000 -1.00000 0.00000
vn 0.00000 -1.00000 0.00000
vn 0.00000 -1.00000 0.00000
vn 0.00000 1.00000 0.00000
vn 0.00000 1.00000 0.00000
vn 0.00000 1.00000 0.00000
vn 0.00000 1.00000 0.00000
vn 0.00000 -1.00000 0.00000
vn 0.00000 -1.00000 0.00000
vn 0.00000 -1.00000 0.00000
vn 0.00000 -1.00000 0.00000
vn 0.00000 1.00000 0.00000
vn 0.00000 1.00000 0.00000
vn 0.00000 1.00000 0.00000
vn 0.00000 1.00000 0.00000
vn 0.00000 -1.00000 0.00000
vn 0.00000 -1.00000 0.00000
vn 0.00000 -1.00000 0.00000
vn 0.00000 -1.00000 0.00000
vn 0.00000 1.00000 0.00000
vn 0.00000 1.00000 0.00000
vn 0.00000 1.00000 0.00000
vn 0.00000 1.00000 0.00000
vn 0.00000 -1.00000 0.00000
vn 0.00000 -1.00000 0.00000
vn 0.00000 -1.00000 0.00000
vn 0.00000 -1.00000 0.00000
vn 0.00000 1.00000 0.00000
vn 0.00000 1.00000 0.00000
vn 0.00000 1.00000 0.00000
vn 0.00000 1.00000 0.00000
vn 0.00000 -1.00000 0.00000
vn 0.00000 -1.00000 0.00000
vn 0.00000 -1.00000 0.00000
vn 0.00000 -1.00000 0.00000
vn 0.00000 1.00000 0.00000
vn 0.00000 1.00000 0.00000
vn 0.00000 1.00000 0.00000
vn 0.00000 1.00000 0.00000
vn 0.00000 -1.00000 0.00000
vn 0.00000 -1.00000 0.00000
vn 0.00000 -1.00000 0.00000
vn 0.00000 -1.00000 0.00000
vn 0.00000 1.00000 0.00000
vn 0.00000 1.00000 0.00000
vn 0.00000 1.00000 0.00000
vn 0.00000 1.00000 0.00000
vn 0.00000 1.00000 0.00000
vn 0.00000 1.00000 0.00000
vn 0.00000 1.00000 0.00000
vn 0.00000 -1.00000 0.00000
vn 0.00000 -1.00000 0.00000
vn 0.00000 -1.00000 0.00000
vn 0.00000 -1.00000 0.00000
vn 0.00000 -1.00000 0.00000
vn 0.00000 -1.00000 0.00000
vn 0.00000 -1.00000 0.00000
vn 0.00000 1.00000 0.00000
vn 0.00000 1.00000 0.00000
vn 0.00000 1.00000 0.00000
vn 0.00000 1.00000 0.00000
vn 0.00000 1.00000 0.00000
vn 0.00000 1.00000 0.00000
vn 0.00000 1.00000 0.00000
vn 0.00000 -1.00000 0.00000
vn 0.00000 -1.00000 0.00000
vn 0.00000 -1.00000 0.00000
vn 0.00000 -1.00000 0.00000
vn 0.00000 -1.00000 0.00000
vn 0.00000 -1.00000 0.00000
vn 0.00000 -1.00000 0.00000
vn 0.00000 1.00000 0.00000
vn 0.00000 1.00000 0.00000
vn 0.00000 1.00000 0.00000
vn 0.00000 1.00000 0.00000
vn 0.00000 -1.00000 0.00000
vn 0.00000 -1.00000 0.00000
vn 0.00000 -1.00000 0.00000
vn 0.00000 -1.00000 0.00000
vn 0.00000 1.00000 0.00000
vn 0.00000 1.00000 0.00000
vn 0.00000 1.00000 0.00000
vn 0.00000 1.00000 0.00000
vn 0.00000 -1.00000 0.00000
vn 0.00000 -1.00000 0.00000
vn 0.00000 -1.00000 0.00000
vn 0.00000 -1.00000 0.00000
vn 0.00000 1.00000 0.00000
vn 0.00000 1.00000 0.00000
vn 0.00000 1.00000 0.00000
vn 0.00000 1.00000 0.00000
vn 0.00000 -1.00000 0.00000
vn 0.00000 -1.00000 0.00000
vn 0.00000 -1.00000 0.00000
vn 0.00000 -1.00000 0.00000
vn 0.00000 1.00000 0.00000
vn 0.00000 1.00000 0.00000
vn 0.00000 1.00000 0.00000
vn 0.00000 1.00000 0.00000
vn 0.00000 -1.00000 0.00000
vn 0.00000 -1.00000 0.00000
vn 0.00000 -1.00000 0.00000
vn 0.00000 -1.00000 0.00000
vn 0.00000 1.00000 0.00000
vn 0.00000 1.00000 0.00000
vn 0.00000 1.00000 0.00000
vn 0.00000 1.00000 0.00000
vn 0.00000 -1.00000 0.00000
vn 0.00000 -1.00000 0.00000
vn 0.00000 -1.00000 0.00000
vn 0.00000 -1.00000 0.00000
vn 0.00000 1.00000 0.00000
vn 0.00000 1.00000 0.00000
vn 0.00000 1.00000 0.00000
vn 0.00000 1.00000 0.00000
vn 0.00000 -1.00000 0.00000
vn 0.00000 -1.00000 0.00000
vn 0.00000 -1.00000 0.00000
vn 0.00000 -1.00000 0.00000
vn 0.00000 1.00000 0.00000
vn 0.00000 1.00000 0.00000
vn 0.00000 1.00000 0.00000
vn 0.00000 1.00000 0.00000
vn 0.00000 -1.00000 0.00000
vn 0.00000 -1.00000 0.00000
vn 0.00000 -1.00000 0.00000
vn 0.00000 -1.00000 0.00000
vn 0.00000 1.00000 0.00000
vn 0.00000 1.00000 0.00000
vn 0.00000 1.00000 0.00000
vn 0.00000 1.00000 0.00000
vn 0.00000 -1.00000 0.00000
vn 0.00000 -1.00000 0.00000
vn 0.00000 -1.00000 0.00000
vn 0.00000 -1.00000 0.00000
vn 0.00000 1.00000 0.00000
vn 0.00000 1.00000 0.00000
vn 0.00000 1.00000 0.00000
vn 0.00000 1.00000 0.00000
vn 0.00000 -1.00000 0.00000
vn 0.00000 -1.00000 0.00000
vn 0.00000 -1.00000 0.00000
vn 0.00000 -1.00000 0.00000
vn 0.00000 1.00000 0.00000
vn 0.00000 1.00000 0.00000
vn 0.00000 1.00000 0.00000
vn 0.00000 1.00000 0.00000
vn 0.00000 -1.00000 0.00000
vn 0.00000 -1.00000 0.00000
vn 0.00000 -1.00000 0.00000
vn 0.00000 -1.00000 0.00000
vn 0.00000 1.00000 0.00000
vn 0.00000 1.00000 0.00000
vn 0.00000 1.00000 0.00000
vn 0.00000 1.00000 0.00000
vn 0.00000 -1.00000 0.00000
vn 0.00000 -1.00000 0.00000
vn 0.00000 -1.00000 0.00000
vn 0.00000 -1.00000 0.00000
vn 0.00000 1.00000 0.00000
vn 0.00000 1.00000 0.00000
vn 0.00000 1.00000 0.00000
vn 0.00000 1.00000 0.00000
vn 0.00000 -1.00000 0.00000
vn 0.00000 -1.00000 0.00000
vn 0.00000 -1.00000 0.00000
vn 0.00000 -1.00000 0.00000
vn 0.00000 1.00000 0.00000
vn 0.00000 1.00000 0.00000
vn 0.00000 1.00000 0.00000
vn 0.00000 1.00000 0.00000
vn 0.00000 -1.00000 0.00000
vn 0.00000 -1.00000 0.00000
vn 0.00000 -1.00000 0.00000
vn 0.00000 -1.00000 0.00000
vn 0.00000 1.00000 0.00000
vn 0.00000 1.00000 0.00000
vn 0.00000 1.00000 0.00000
vn 0.00000 1.00000 0.00000
vn 0.00000 -1.00000 0.00000
vn 0.00000 -1.00000 0.00000
vn 0.00000 -1.00000 0.00000
vn 0.00000 -1.00000 0.00000
vn 0.00000 1.00000 0.00000
vn 0.00000 1.00000 0.00000
vn 0.00000 1.00000 0.00000
vn 0.00000 1.00000 0.00000
vn 0.00000 -1.00000 0.00000
vn 0.00000 -1.00000 0.00000
vn 0.00000 -1.00000 0.00000
vn 0.00000 -1.00000 0.00000
vn 0.00000 1.00000 0.00000
vn 0.00000 1.00000 0.00000
vn 0.00000 1.00000 0.00000
vn 0.00000 1.00000 0.00000
vn 0.00000 -1.00000 0.00000
vn 0.00000 -1.00000 0.00000
vn 0.00000 -1.00000 0.00000
vn 0.00000 -1.00000 0.00000
vn 0.00000 1.00000 0.00000
vn 0.00000 1.00000 0.00000
vn 0.00000 1.00000 0.00000
vn 0.00000 -1.00000 0.00000
vn 0.00000 -1.00000 0.00000
vn 0.00000 -1.00000 0.00000
vn 0.00000 1.00000 0.00000
vn 0.00000 1.00000 0.00000
vn 0.00000 1.00000 0.00000
vn 0.00000 -1.00000 0.00000
vn 0.00000 -1.00000 0.00000
vn 0.00000 -1.00000 0.00000
vn 0.00000 1.00000 0.00000
vn 0.00000 1.00000 0.00000
vn 0.00000 1.00000 0.00000
vn 0.00000 1.00000 0.00000
vn 0.00000 -1.00000 0.00000
vn 0.00000 -1.00000 0.00000
vn 0.00000 -1.00000 0.00000
vn 0.00000 -1.00000 0.00000
vn 0.00000 1.00000 0.00000
vn 0.00000 1.00000 0.00000
vn 0.00000 1.00000 0.00000
vn 0.00000 1.00000 0.00000
vn 0.00000 -1.00000 0.00000
vn 0.00000 -1.00000 0.00000
vn 0.00000 -1.00000 0.00000
vn 0.00000 -1.00000 0.00000
vn 0.00000 1.00000 0.00000
vn 0.00000 1.00000 0.00000
vn 0.00000 1.00000 0.00000
vn 0.00000 1.00000 0.00000
vn 0.00000 -1.00000 0.00000
vn 0.00000 -1.00000 0.00000
vn 0.00000 -1.00000 0.00000
vn 0.00000 -1.00000 0.00000
vn 0.00000 1.00000 0.00000
vn 0.00000 1.00000 0.00000
vn 0.00000 1.00000 0.00000
vn 0.00000 1.00000 0.00000
vn 0.00000 -1.00000 0.00000
vn 0.00000 -1.00000 0.00000
vn 0.00000 -1.00000 0.00000
vn 0.00000 -1.00000 0.00000
vn 0.00000 1.00000 0.00000
vn 0.00000 1.00000 0.00000
vn 0.00000 1.00000 0.00000
vn 0.00000 1.00000 0.00000
vn 0.00000 -1.00000 0.00000
vn 0.00000 -1.00000 0.00000
vn 0.00000 -1.00000 0.00000
vn 0.00000 -1.00000 0.00000
vn 0.00000 1.00000 0.00000
vn 0.00000 1.00000 0.00000
vn 0.00000 1.00000 0.00000
vn 0.00000 1.00000 0.00000
vn 0.00000 -1.00000 0.00000
vn 0.00000 -1.00000 0.00000
vn 0.00000 -1.00000 0.00000
vn 0.00000 -1.00000 0.00000
vn 0.00000 1.00000 0.00000
vn 0.00000 1.00000 0.00000
vn 0.00000 1.00000 0.00000
vn 0.00000 1.00000 0.00000
vn 0.00000 -1.00000 0.00000
vn 0.00000 -1.00000 0.00000
vn 0.00000 -1.00000 0.00000
vn 0.00000 -1.00000 0.00000
vn 0.00000 1.00000 0.00000
vn 0.00000 1.00000 0.00000
vn 0.00000 1.00000 0.00000
vn 0.00000 1.00000 0.00000
vn 0.00000 -1.00000 0.00000
vn 0.00000 -1.00000 0.00000
vn 0.00000 -1.00000 0.00000
vn 0.00000 -1.00000 0.00000
vn 0.00000 1.00000 0.00000
vn 0.00000 1.00000 0.00000
vn 0.00000 1.00000 0.00000
vn 0.00000 1.00000 0.00000
vn 0.00000 -1.00000 0.00000
vn 0.00000 -1.00000 0.00000
vn 0.00000 -1.00000 0.00000
vn 0.00000 -1.00000 0.00000
vn 0.00000 1.00000 0.00000
vn 0.00000 1.00000 0.00000
vn 0.00000 1.00000 0.00000
vn 0.00000 1.00000 0.00000
vn 0.00000 -1.00000 0.00000
vn 0.00000 -1.00000 0.00000
vn 0.00000 -1.00000 0.00000
vn 0.00000 -1.00000 0.00000
vn 0.00000 1.00000 0.00000
vn 0.00000 1.00000 0.00000
vn 0.00000 1.00000 0.00000
vn 0.00000 1.00000 0.00000
vn 0.00000 -1.00000 0.00000
vn 0.00000 -1.00000 0.00000
vn 0.00000 -1.00000 0.00000
vn 0.00000 -1.00000 0.00000
vn 0.00000 1.00000 0.00000
vn 0.00000 1.00000 0.00000
vn 0.00000 1.00000 0.00000
vn 0.00000 1.00000 0.00000
vn 0.00000 -1.00000 0.00000
vn 0.00000 -1.00000 0.00000
vn 0.00000 -1.00000 0.00000
vn 0.00000 -1.00000 0.00000
vn 0.00000 1.00000 0.00000
vn 0.00000 1.00000 0.00000
vn 0.00000 1.00000 0.00000
vn 0.00000 1.00000 0.00000
vn 0.00000 -1.00000 0.00000
vn 0.00000 -1.00000 0.00000
vn 0.00000 -1.00000 0.00000
vn 0.00000 -1.00000 0.00000
vn 0.00000 1.00000 0.00000
vn 0.00000 1.00000 0.00000
vn 0.00000 1.00000 0.00000
vn 0.00000 1.00000 0.00000
vn 0.00000 -1.00000 0.00000
vn 0.00000 -1.00000 0.00000
vn 0.00000 -1.00000 0.00000
vn 0.00000 -1.00000 0.00000
vn 0.00000 1.00000 0.00000
vn 0.00000 1.00000 0.00000
vn 0.00000 1.00000 0.00000
vn 0.00000 1.00000 0.00000
vn 0.00000 -1.00000 0.00000
vn 0.00000 -1.00000 0.00000
vn 0.00000 -1.00000 0.00000
vn 0.00000 -1.00000 0.00000
vn 0.00000 1.00000 0.00000
vn 0.00000 1.00000 0.00000
vn 0.00000 1.00000 0.00000
vn 0.00000 1.00000 0.00000
vn 0.00000 -1.00000 0.00000
vn 0.00000 -1.00000 0.00000
vn 0.00000 -1.00000 0.00000
vn 0.00000 -1.00000 0.00000
vn 0.00000 1.00000 0.00000
vn 0.00000 1.00000 0.00000
vn 0.00000 1.00000 0.00000
vn 0.00000 1.00000 0.00000
vn 0.00000 -1.00000 0.00000
vn 0.00000 -1.00000 0.00000
vn 0.00000 -1.00000 0.00000
vn 0.00000 -1.00000 0.00000
vn 0.00000 1.00000 0.00000
vn 0.00000 1.00000 0.00000
vn 0.00000 1.00000 0.00000
vn 0.00000 1.00000 0.00000
vn 0.00000 -1.00000 0.00000
vn 0.00000 -1.00000 0.00000
vn 0.00000 -1.00000 0.00000
vn 0.00000 -1.00000 0.00000
vn 0.00000 1.00000 0.00000
vn 0.00000 1.00000 0.00000
vn 0.00000 1.00000 0.00000
vn 0.00000 1.00000 0.00000
vn 0.00000 -1.00000 0.00000
vn 0.00000 -1.00000 0.00000
vn 0.00000 -1.00000 0.00000
vn 0.00000 -1.00000 0.00000
vn 0.00000 1.00000 0.00000
vn 0.00000 1.00000 0.00000
vn 0.00000 1.00000 0.00000
vn 0.00000 1.00000 0.00000
vn 0.00000 -1.00000 0.00000
vn 0.00000 -1.00000 0.00000
vn 0.00000 -1.00000 0.00000
vn 0.00000 -1.00000 0.00000
vn 0.00000 1.00000 0.00000
vn 0.00000 1.00000 0.00000
vn 0.00000 1.00000 0.00000
vn 0.00000 1.00000 0.00000
vn 0.00000 -1.00000 0.00000
vn 0.00000 -1.00000 0.00000
vn 0.00000 -1.00000 0.00000
vn 0.00000 -1.00000 0.00000
vn 0.00000 1.00000 0.00000
vn 0.00000 1.00000 0.00000
vn 0.00000 1.00000 0.00000
vn 0.00000 1.00000 0.00000
vn 0.00000 -1.00000 0.00000
vn 0.00000 -1.00000 0.00000
vn 0.00000 -1.00000 0.00000
vn 0.00000 -1.00000 0.00000
vn 0.00000 1.00000 0.00000
vn 0.00000 1.00000 0.00000
vn 0.00000 1.00000 0.00000
vn 0.00000 1.00000 0.00000
vn 0.00000 -1.00000 0.00000
vn 0.00000 -1.00000 0.00000
vn 0.00000 -1.00000 0.00000
vn 0.00000 -1.00000 0.00000
vn 0.00000 1.00000 0.00000
vn 0.00000 1.00000 0.00000
vn 0.00000 1.00000 0.00000
vn 0.00000 1.00000 0.00000
vn 0.00000 -1.00000 0.00000
vn 0.00000 -1.00000 0.00000
vn 0.00000 -1.00000 0.00000
vn 0.00000 -1.00000 0.00000
vn 0.00000 1.00000 0.00000
vn 0.00000 1.00000 0.00000
vn 0.00000 1.00000 0.00000
vn 0.00000 1.00000 0.00000
vn 0.00000 -1.00000 0.00000
vn 0.00000 -1.00000 0.00000
vn 0.00000 -1.00000 0.00000
vn 0.00000 -1.00000 0.00000
vn 0.00000 1.00000 0.00000
vn 0.00000 1.00000 0.00000
vn 0.00000 1.00000 0.00000
vn 0.00000 1.00000 0.00000
vn 0.00000 -1.00000 0.00000
vn 0.00000 -1.00000 0.00000
vn 0.00000 -1.00000 0.00000
vn 0.00000 -1.00000 0.00000
vn 0.00000 1.00000 0.00000
vn 0.00000 1.00000 0.00000
vn 0.00000 1.00000 0.00000
vn 0.00000 1.00000 0.00000
vn 0.00000 -1.00000 0.00000
vn 0.00000 -1.00000 0.00000
vn 0.00000 -1.00000 0.00000
vn 0.00000 -1.00000 0.00000
vn 0.00000 1.00000 0.00000
vn 0.00000 1.00000 0.00000
vn 0.00000 1.00000 0.00000
vn 0.00000 1.00000 0.00000
vn 0.00000 -1.00000 0.00000
vn 0.00000 -1.00000 0.00000
vn 0.00000 -1.00000 0.00000
vn 0.00000 -1.00000 0.00000
vn 0.00000 1.00000 0.00000
vn 0.00000 1.00000 0.00000
vn 0.00000 1.00000 0.00000
vn 0.00000 1.00000 0.00000
vn 0.00000 -1.00000 0.00000
vn 0.00000 -1.00000 0.00000
vn 0.00000 -1.00000 0.00000
vn 0.00000 -1.00000 0.00000
vn 0.00000 1.00000 0.00000
vn 0.00000 1.00000 0.00000
vn 0.00000 1.00000 0.00000
vn 0.00000 1.00000 0.00000
vn 0.00000 -1.00000 0.00000
vn 0.00000 -1.00000 0.00000
vn 0.00000 -1.00000 0.00000
vn 0.00000 -1.00000 0.00000
vn 0.00000 1.00000 0.00000
vn 0.00000 1.00000 0.00000
vn 0.00000 1.00000 0.00000
vn 0.00000 1.00000 0.00000
vn 0.00000 -1.00000 0.00000
vn 0.00000 -1.00000 0.00000
vn 0.00000 -1.00000 0.00000
vn 0.00000 -1.00000 0.00000
vn 0.00000 1.00000 0.00000
vn 0.00000 1.00000 0.00000
vn 0.00000 1.00000 0.00000
vn 0.00000 1.00000 0.00000
vn 0.00000 -1.00000 0.00000
vn 0.00000 -1.00000 0.00000
vn 0.00000 -1.00000 0.00000
vn 0.00000 -1.00000 0.00000
vn 0.00000 1.00000 0.00000
vn 0.00000 1.00000 0.00000
vn 0.00000 1.00000 0.00000
vn 0.00000 1.00000 0.00000
vn 0.00000 -1.00000 0.00000
vn 0.00000 -1.00000 0.00000
vn 0.00000 -1.00000 0.00000
vn 0.00000 -1.00000 0.00000
vn 0.00000 1.00000 0.00000
vn 0.00000 1.00000 0.00000
vn 0.00000 1.00000 0.00000
vn 0.00000 1.00000 0.00000
vn 0.00000 -1.00000 0.00000
vn 0.00000 -1.00000 0.00000
vn 0.00000 -1.00000 0.00000
vn 0.00000 -1.00000 0.00000
vn 0.00000 1.00000 0.00000
vn 0.00000 1.00000 0.00000
vn 0.00000 1.00000 0.00000
vn 0.00000 1.00000 0.00000
vn 0.00000 -1.00000 0.00000
vn 0.00000 -1.00000 0.00000
vn 0.00000 -1.00000 0.00000
vn 0.00000 -1.00000 0.00000
vn 0.00000 1.00000 0.00000
vn 0.00000 1.00000 0.00000
vn 0.00000 1.00000 0.00000
vn 0.00000 1.00000 0.00000
vn 0.00000 -1.00000 0.00000
vn 0.00000 -1.00000 0.00000
vn 0.00000 -1.00000 0.00000
vn 0.00000 -1.00000 0.00000
vn 0.00000 1.00000 0.00000
vn 0.00000 1.00000 0.00000
vn 0.00000 1.00000 0.00000
vn 0.00000 1.00000 0.00000
vn 0.00000 -1.00000 0.00000
vn 0.00000 -1.00000 0.00000
vn 0.00000 -1.00000 0.00000
vn 0.00000 -1.00000 0.00000
vn 0.00000 1.00000 0.00000
vn 0.00000 1.00000 0.00000
vn 0.00000 1.00000 0.00000
vn 0.00000 1.00000 0.00000
vn 0.00000 -1.00000 0.00000
vn 0.00000 -1.00000 0.00000
vn 0.00000 -1.00000 0.00000
vn 0.00000 -1.00000 0.00000
vn 0.00000 1.00000 0.00000
vn 0.00000 1.00000 0.00000
vn 0.00000 1.00000 0.00000
vn 0.00000 1.00000 0.00000
vn 0.00000 1.00000 0.00000
vn 0.00000 1.00000 0.00000
vn 0.00000 1.00000 0.00000
vn 0.00000 -1.00000 0.00000
vn 0.00000 -1.00000 0.00000
vn 0.00000 -1.00000 0.00000
vn 0.00000 -1.00000 0.00000
vn 0.00000 -1.00000 0.00000
vn 0.00000 -1.00000 0.00000
vn 0.00000 -1.00000 0.00000
vn 0.00000 1.00000 0.00000
vn 0.00000 1.00000 0.00000
vn 0.00000 1.00000 0.00000
vn 0.00000 1.00000 0.00000
vn 0.00000 1.00000 0.00000
vn 0.00000 1.00000 0.00000
vn 0.00000 1.00000 0.00000
vn 0.00000 -1.00000 0.00000
vn 0.00000 -1.00000 0.00000
vn 0.00000 -1.00000 0.00000
vn 0.00000 -1.00000 0.00000
vn 0.00000 -1.00000 0.00000
vn 0.00000 -1.00000 0.00000
vn 0.00000 -1.00000 0.00000
vn 0.00000 1.00000 0.00000
vn 0.00000 1.00000 0.00000
vn 0.00000 1.00000 0.00000
vn 0.00000 1.00000 0.00000
vn 0.00000 -1.00000 0.00000
vn 0.00000 -1.00000 0.00000
vn 0.00000 -1.00000 0.00000
vn 0.00000 -1.00000 0.00000
vn 0.00000 1.00000 0.00000
vn 0.00000 1.00000 0.00000
vn 0.00000 1.00000 0.00000
vn 0.00000 1.00000 0.00000
vn 0.00000 -1.00000 0.00000
vn 0.00000 -1.00000 0.00000
vn 0.00000 -1.00000 0.00000
vn 0.00000 -1.00000 0.00000
vn 0.00000 1.00000 0.00000
vn 0.00000 1.00000 0.00000
vn 0.00000 1.00000 0.00000
vn 0.00000 1.00000 0.00000
vn 0.00000 -1.00000 0.00000
vn 0.00000 -1.00000 0.00000
vn 0.00000 -1.00000 0.00000
vn 0.00000 -1.00000 0.00000
vn 0.00000 1.00000 0.00000
vn 0.00000 1.00000 0.00000
vn 0.00000 1.00000 0.00000
vn 0.00000 1.00000 0.00000
vn 0.00000 -1.00000 0.00000
vn 0.00000 -1.00000 0.00000
vn 0.00000 -1.00000 0.00000
vn 0.00000 -1.00000 0.00000
vn 0.00000 1.00000 0.00000
vn 0.00000 1.00000 0.00000
vn 0.00000 1.00000 0.00000
vn 0.00000 1.00000 0.00000
vn 0.00000 -1.00000 0.00000
vn 0.00000 -1.00000 0.00000
vn 0.00000 -1.00000 0.00000
vn 0.00000 -1.00000 0.00000
vn 0.00000 1.00000 0.00000
vn 0.00000 1.00000 0.00000
vn 0.00000 1.00000 0.00000
vn 0.00000 1.00000 0.00000
vn 0.00000 -1.00000 0.00000
vn 0.00000 -1.00000 0.00000
vn 0.00000 -1.00000 0.00000
vn 0.00000 -1.00000 0.00000
vn 0.00000 1.00000 0.00000
vn 0.00000 1.00000 0.00000
vn 0.00000 1.00000 0.00000
vn 0.00000 1.00000 0.00000
vn 0.00000 -1.00000 0.00000
vn 0.00000 -1.00000 0.00000
vn 0.00000 -1.00000 0.00000
vn 0.00000 -1.00000 0.00000
vn 0.00000 1.00000 0.00000
vn 0.00000 1.00000 0.00000
vn 0.00000 1.00000 0.00000
vn 0.00000 1.00000 0.00000
vn 0.00000 -1.00000 0.00000
vn 0.00000 -1.00000 0.00000
vn 0.00000 -1.00000 0.00000
vn 0.00000 -1.00000 0.00000
vn 0.00000 1.00000 0.00000
vn 0.00000 1.00000 0.00000
vn 0.00000 1.00000 0.00000
vn 0.00000 1.00000 0.00000
vn 0.00000 -1.00000 0.00000
vn 0.00000 -1.00000 0.00000
vn 0.00000 -1.00000 0.00000
vn 0.00000 -1.00000 0.00000
vn 0.00000 1.00000 0.00000
vn 0.00000 1.00000 0.00000
vn 0.00000 1.00000 0.00000
vn 0.00000 1.00000 0.00000
vn 0.00000 -1.00000 0.00000
vn 0.00000 -1.00000 0.00000
vn 0.00000 -1.00000 0.00000
vn 0.00000 -1.00000 0.00000
vn 0.00000 1.00000 0.00000
vn 0.00000 1.00000 0.00000
vn 0.00000 1.00000 0.00000
vn 0.00000 1.00000 0.00000
vn 0.00000 -1.00000 0.00000
vn 0.00000 -1.00000 0.00000
vn 0.00000 -1.00000 0.00000
vn 0.00000 -1.00000 0.00000
vn 0.00000 1.00000 0.00000
vn 0.00000 1.00000 0.00000
vn 0.00000 1.00000 0.00000
vn 0.00000 1.00000 0.00000
vn 0.00000 -1.00000 0.00000
vn 0.00000 -1.00000 0.00000
vn 0.00000 -1.00000 0.00000
vn 0.00000 -1.00000 0.00000
vn 0.00000 1.00000 0.00000
vn 0.00000 1.00000 0.00000
vn 0.00000 1.00000 0.00000
vn 0.00000 1.00000 0.00000
vn 0.00000 -1.00000 0.00000
vn 0.00000 -1.00000 0.00000
vn 0.00000 -1.00000 0.00000
vn 0.00000 -1.00000 0.00000
vn 0.00000 1.00000 0.00000
vn 0.00000 1.00000 0.00000
vn 0.00000 1.00000 0.00000
vn 0.00000 1.00000 0.00000
vn 0.00000 -1.00000 0.00000
vn 0.00000 -1.00000 0.00000
vn 0.00000 -1.00000 0.00000
vn 0.00000 -1.00000 0.00000
vn 0.00000 1.00000 0.00000
vn 0.00000 1.00000 0.00000
vn 0.00000 1.00000 0.00000
vn 0.00000 1.00000 0.00000
vn 0.00000 -1.00000 0.00000
vn 0.00000 -1.00000 0.00000
vn 0.00000 -1.00000 0.00000
vn 0.00000 -1.00000 0.00000
vn 0.00000 1.00000 0.00000
vn 0.00000 1.00000 0.00000
vn 0.00000 1.00000 0.00000
vn 0.00000 1.00000 0.00000
vn 0.00000 -1.00000 0.00000
vn 0.00000 -1.00000 0.00000
vn 0.00000 -1.00000 0.00000
vn 0.00000 -1.00000 0.00000
vn 0.00000 1.00000 0.00000
vn 0.00000 1.00000 0.00000
vn 0.00000 1.00000 0.00000
vn 0.00000 1.00000 0.00000
vn 0.00000 -1.00000 0.00000
vn 0.00000 -1.00000 0.00000
vn 0.00000 -1.00000 0.00000
vn 0.00000 -1.00000 0.00000
vn 0.00000 1.00000 0.00000
vn 0.00000 1.00000 0.00000
vn 0.00000 1.00000 0.00000
vn 0.00000 1.00000 0.00000
vn 0.00000 -1.00000 0.00000
vn 0.00000 -1.00000 0.00000
vn 0.00000 -1.00000 0.00000
vn 0.00000 -1.00000 0.00000
vn 0.00000 1.00000 0.00000
vn 0.00000 1.00000 0.00000
vn 0.00000 1.00000 0.00000
vn 0.00000 1.00000 0.00000
vn 0.00000 -1.00000 0.00000
vn 0.00000 -1.00000 0.00000
vn 0.00000 -1.00000 0.00000
vn 0.00000 -1.00000 0.00000
vn 0.00000 1.00000 0.00000
vn 0.00000 1.00000 0.00000
vn 0.00000 1.00000 0.00000
vn 0.00000 1.00000 0.00000
vn 0.00000 -1.00000 0.00000
vn 0.00000 -1.00000 0.00000
vn 0.00000 -1.00000 0.00000
vn 0.00000 -1.00000 0.00000
vn 0.00000 1.00000 0.00000
vn 0.00000 1.00000 0.00000
vn 0.00000 1.00000 0.00000
vn 0.00000 1.00000 0.00000
vn 0.00000 -1.00000 0.00000
vn 0.00000 -1.00000 0.00000
vn 0.00000 -1.00000 0.00000
vn 0.00000 -1.00000 0.00000
vn 0.00000 1.00000 0.00000
vn 0.00000 1.00000 0.00000
vn 0.00000 1.00000 0.00000
vn 0.00000 1.00000 0.00000
vn 0.00000 -1.00000 0.00000
vn 0.00000 -1.00000 0.00000
vn 0.00000 -1.00000 0.00000
vn 0.00000 -1.00000 0.00000
vn 0.00000 1.00000 0.00000
vn 0.00000 1.00000 0.00000
vn 0.00000 1.00000 0.00000
vn 0.00000 1.00000 0.00000
vn 0.00000 -1.00000 0.00000
vn 0.00000 -1.00000 0.00000
vn 0.00000 -1.00000 0.00000
vn 0.00000 -1.00000 0.00000
vn 0.00000 1.00000 0.00000
vn 0.00000 1.00000 0.00000
vn 0.00000 1.00000 0.00000
vn 0.00000 1.00000 0.00000
vn 0.00000 -1.00000 0.00000
vn 0.00000 -1.00000 0.00000
vn 0.00000 -1.00000 0.00000
vn 0.00000 -1.00000 0.00000
vn 0.00000 1.00000 0.00000
vn 0.00000 1.00000 0.00000
vn 0.00000 1.00000 0.00000
vn 0.00000 1.00000 0.00000
vn 0.00000 -1.00000 0.00000
vn 0.00000 -1.00000 0.00000
vn 0.00000 -1.00000 0.00000
vn 0.00000 -1.00000 0.00000
vn 0.00000 1.00000 0.00000
vn 0.00000 1.00000 0.00000
vn 0.00000 1.00000 0.00000
vn 0.00000 1.00000 0.00000
vn 0.00000 -1.00000 0.00000
vn 0.00000 -1.00000 0.00000
vn 0.00000 -1.00000 0.00000
vn 0.00000 -1.00000 0.00000
vn 0.00000 1.00000 0.00000
vn 0.00000 1.00000 0.00000
vn 0.00000 1.00000 0.00000
vn 0.00000 1.00000 0.00000
vn 0.00000 -1.00000 0.00000
vn 0.00000 -1.00000 0.00000
vn 0.00000 -1.00000 0.00000
vn 0.00000 -1.00000 0.00000
vn 0.00000 1.00000 0.00000
vn 0.00000 1.00000 0.00000
vn 0.00000 1.00000 0.00000
vn 0.00000 1.00000 0.00000
vn 0.00000 -1.00000 0.00000
vn 0.00000 -1.00000 0.00000
vn 0.00000 -1.00000 0.00000
vn 0.00000 -1.00000 0.00000
vn 0.00000 1.00000 0.00000
vn 0.00000 1.00000 0.00000
vn 0.00000 1.00000 0.00000
vn 0.00000 1.00000 0.00000
vn 0.00000 -1.00000 0.00000
vn 0.00000 -1.00000 0.00000
vn 0.00000 -1.00000 0.00000
vn 0.00000 -1.00000 0.00000
vn 0.00000 1.00000 0.00000
vn 0.00000 1.00000 0.00000
vn 0.00000 1.00000 0.00000
vn 0.00000 1.00000 0.00000
vn 0.00000 -1.00000 0.00000
vn 0.00000 -1.00000 0.00000
vn 0.00000 -1.00000 0.00000
vn 0.00000 -1.00000 0.00000
vn 0.00000 1.00000 0.00000
vn 0.00000 1.00000 0.00000
vn 0.00000 1.00000 0.00000
vn 0.00000 1.00000 0.00000
vn 0.00000 -1.00000 0.00000
vn 0.00000 -1.00000 0.00000
vn 0.00000 -1.00000 0.00000
vn 0.00000 -1.00000 0.00000
vn 0.00000 1.00000 0.00000
vn 0.00000 1.00000 0.00000
vn 0.00000 1.00000 0.00000
vn 0.00000 1.00000 0.00000
vn 0.00000 -1.00000 0.00000
vn 0.00000 -1.00000 0.00000
vn 0.00000 -1.00000 0.00000
vn 0.00000 -1.00000 0.00000
vn 0.00000 1.00000 0.00000
vn 0.00000 1.00000 0.00000
vn 0.00000 1.00000 0.00000
vn 0.00000 1.00000 0.00000
vn 0.00000 1.00000 0.00000
vn 0.00000 1.00000 0.00000
vn 0.00000 1.00000 0.00000
vn 0.00000 -1.00000 0.00000
vn 0.00000 -1.00000 0.00000
vn 0.00000 -1.00000 0.00000
vn 0.00000 -1.00000 0.00000
vn 0.00000 -1.00000 0.00000
vn 0.00000 -1.00000 0.00000
vn 0.00000 -1.00000 0.00000
vn 0.00000 1.00000 0.00000
vn 0.00000 1.00000 0.00000
vn 0.00000 1.00000 0.00000
vn 0.00000 1.00000 0.00000
vn 0.00000 1.00000 0.00000
vn 0.00000 1.00000 0.00000
vn 0.00000 1.00000 0.00000
vn 0.00000 -1.00000 0.00000
vn 0.00000 -1.00000 0.00000
vn 0.00000 -1.00000 0.00000
vn 0.00000 -1.00000 0.00000
vn 0.00000 -1.00000 0.00000
vn 0.00000 -1.00000 0.00000
vn 0.00000 -1.00000 0.00000
vn 0.00000 1.00000 0.00000
vn 0.00000 1.00000 0.00000
vn 0.00000 1.00000 0.00000
vn 0.00000 1.00000 0.00000
vn 0.00000 -1.00000 0.00000
vn 0.00000 -1.00000 0.00000
vn 0.00000 -1.00000 0.00000
vn 0.00000 -1.00000 0.00000
vn 0.00000 1.00000 0.00000
vn 0.00000 1.00000 0.00000
vn 0.00000 1.00000 0.00000
vn 0.00000 1.00000 0.00000
vn 0.00000 -1.00000 0.00000
vn 0.00000 -1.00000 0.00000
vn 0.00000 -1.00000 0.00000
vn 0.00000 -1.00000 0.00000
vn 0.00000 1.00000 0.00000
vn 0.00000 1.00000 0.00000
vn 0.00000 1.00000 0.00000
vn 0.00000 1.00000 0.00000
vn 0.00000 -1.00000 0.00000
vn 0.00000 -1.00000 0.00000
vn 0.00000 -1.00000 0.00000
vn 0.00000 -1.00000 0.00000
vn 0.00000 1.00000 0.00000
vn 0.00000 1.00000 0.00000
vn 0.00000 1.00000 0.00000
vn 0.00000 1.00000 0.00000
vn 0.00000 -1.00000 0.00000
vn 0.00000 -1.00000 0.00000
vn 0.00000 -1.00000 0.00000
vn 0.00000 -1.00000 0.00000
vn 0.00000 1.00000 0.00000
vn 0.00000 1.00000 0.00000
vn 0.00000 1.00000 0.00000
vn 0.00000 1.00000 0.00000
vn 0.00000 -1.00000 0.00000
vn 0.00000 -1.00000 0.00000
vn 0.00000 -1.00000 0.00000
vn 0.00000 -1.00000 0.00000
vn 0.00000 1.00000 0.00000
vn 0.00000 1.00000 0.00000
vn 0.00000 1.00000 0.00000
vn 0.00000 1.00000 0.00000
vn 0.00000 -1.00000 0.00000
vn 0.00000 -1.00000 0.00000
vn 0.00000 -1.00000 0.00000
vn 0.00000 -1.00000 0.00000
vn 0.00000 1.00000 0.00000
vn 0.00000 1.00000 0.00000
vn 0.00000 1.00000 0.00000
vn 0.00000 1.00000 0.00000
vn 0.00000 -1.00000 0.00000
vn 0.00000 -1.00000 0.00000
vn 0.00000 -1.00000 0.00000
vn 0.00000 -1.00000 0.00000
vn 0.00000 1.00000 0.00000
vn 0.00000 1.00000 0.00000
vn 0.00000 1.00000 0.00000
vn 0.00000 1.00000 0.00000
vn 0.00000 -1.00000 0.00000
vn 0.00000 -1.00000 0.00000
vn 0.00000 -1.00000 0.00000
vn 0.00000 -1.00000 0.00000
vn 0.00000 1.00000 0.00000
vn 0.00000 1.00000 0.00000
vn 0.00000 1.00000 0.00000
vn 0.00000 1.00000 0.00000
vn 0.00000 -1.00000 0.00000
vn 0.00000 -1.00000 0.00000
vn 0.00000 -1.00000 0.00000
vn 0.00000 -1.00000 0.00000
vn 0.00000 1.00000 0.00000
vn 0.00000 1.00000 0.00000
vn 0.00000 1.00000 0.00000
vn 0.00000 1.00000 0.00000
vn 0.00000 -1.00000 0.00000
vn 0.00000 -1.00000 0.00000
vn 0.00000 -1.00000 0.00000
vn 0.00000 -1.00000 0.00000
vn 0.00000 1.00000 0.00000
vn 0.00000 1.00000 0.00000
vn 0.00000 1.00000 0.00000
vn 0.00000 1.00000 0.00000
vn 0.00000 -1.00000 0.00000
vn 0.00000 -1.00000 0.00000
vn 0.00000 -1.00000 0.00000
vn 0.00000 -1.00000 0.00000
vn 0.00000 1.00000 0.00000
vn 0.00000 1.00000 0.00000
vn 0.00000 1.00000 0.00000
vn 0.00000 1.00000 0.00000
vn 0.00000 -1.00000 0.00000
vn 0.00000 -1.00000 0.00000
vn 0.00000 -1.00000 0.00000
vn 0.00000 -1.00000 0.00000
vn 0.00000 1.00000 0.00000
vn 0.00000 1.00000 0.00000
vn 0.00000 1.00000 0.00000
vn 0.00000 1.00000 0.00000
vn 0.00000 -1.00000 0.00000
vn 0.00000 -1.00000 0.00000
vn 0.00000 -1.00000 0.00000
vn 0.00000 -1.00000 0.00000
vn 0.00000 1.00000 0.00000
vn 0.00000 1.00000 0.00000
vn 0.00000 1.00000 0.00000
vn 0.00000 1.00000 0.00000
vn 0.00000 -1.00000 0.00000
vn 0.00000 -1.00000 0.00000
vn 0.00000 -1.00000 0.00000
vn 0.00000 -1.00000 0.00000
vn 0.00000 1.00000 0.00000
vn 0.00000 1.00000 0.00000
vn 0.00000 1.00000 0.00000
vn 0.00000 1.00000 0.00000
vn 0.00000 -1.00000 0.00000
vn 0.00000 -1.00000 0.00000
vn 0.00000 -1.00000 0.00000
vn 0.00000 -1.00000 0.00000
vn 0.00000 1.00000 0.00000
vn 0.00000 1.00000 0.00000
vn 0.00000 1.00000 0.00000
vn 0.00000 1.00000 0.00000
vn 0.00000 -1.00000 0.00000
vn 0.00000 -1.00000 0.00000
vn 0.00000 -1.00000 0.00000
vn 0.00000 -1.00000 0.00000
vn 0.00000 1.00000 0.00000
vn 0.00000 1.00000 0.00000
vn 0.00000 1.00000 0.00000
vn 0.00000 1.00000 0.00000
vn 0.00000 -1.00000 0.00000
vn 0.00000 -1.00000 0.00000
vn 0.00000 -1.00000 0.00000
vn 0.00000 -1.00000 0.00000
vn 0.00000 1.00000 0.00000
vn 0.00000 1.00000 0.00000
vn 0.00000 1.00000 0.00000
vn 0.00000 1.00000 0.00000
vn 0.00000 -1.00000 0.00000
vn 0.00000 -1.00000 0.00000
vn 0.00000 -1.00000 0.00000
vn 0.00000 -1.00000 0.00000
vn 0.00000 1.00000 0.00000
vn 0.00000 1.00000 0.00000
vn 0.00000 1.00000 0.00000
vn 0.00000 1.00000 0.00000
vn 0.00000 -1.00000 0.00000
vn 0.00000 -1.00000 0.00000
vn 0.00000 -1.00000 0.00000
vn 0.00000 -1.00000 0.00000
vn 0.00000 1.00000 0.00000
vn 0.00000 1.00000 0.00000
vn 0.00000 1.00000 0.00000
vn 0.00000 1.00000 0.00000
vn 0.00000 -1.00000 0.00000
vn 0.00000 -1.00000 0.00000
vn 0.00000 -1.00000 0.00000
vn 0.00000 -1.00000 0.00000
vn 0.00000 1.00000 0.00000
vn 0.00000 1.00000 0.00000
vn 0.00000 1.00000 0.00000
vn 0.00000 1.00000 0.00000
vn 0.00000 -1.00000 0.00000
vn 0.00000 -1.00000 0.00000
vn 0.00000 -1.00000 0.00000
vn 0.00000 -1.00000 0.00000
vn 0.00000 1.00000 0.00000
vn 0.00000 1.00000 0.00000
vn 0.00000 1.00000 0.00000
vn 0.00000 1.00000 0.00000
vn 0.00000 -1.00000 0.00000
vn 0.00000 -1.00000 0.00000
vn 0.00000 -1.00000 0.00000
vn 0.00000 -1.00000 0.00000
vn 0.00000 1.00000 0.00000
vn 0.00000 1.00000 0.00000
vn 0.00000 1.00000 0.00000
vn 0.00000 1.00000 0.00000
vn 0.00000 -1.00000 0.00000
vn 0.00000 -1.00000 0.00000
vn 0.00000 -1.00000 0.00000
vn 0.00000 -1.00000 0.00000
vn 0.00000 1.00000 0.00000
vn 0.00000 1.00000 0.00000
vn 0.00000 1.00000 0.00000
vn 0.00000 1.00000 0.00000
vn 0.00000 -1.00000 0.00000
vn 0.00000 -1.00000 0.00000
vn 0.00000 -1.00000 0.00000
vn 0.00000 -1.00000 0.00000
vn 0.00000 1.00000 0.00000
vn 0.00000 1.00000 0.00000
vn 0.00000 1.00000 0.00000
vn 0.00000 1.00000 0.00000
vn 0.00000 -1.00000 0.00000
vn 0.00000 -1.00000 0.00000
vn 0.00000 -1.00000 0.00000
vn 0.00000 -1.00000 0.00000
vn 0.00000 1.00000 0.00000
vn 0.00000 1.00000 0.00000
vn 0.00000 1.00000 0.00000
vn 0.00000 1.00000 0.00000
vn 0.00000 -1.00000 0.00000
vn 0.00000 -1.00000 0.00000
vn 0.00000 -1.00000 0.00000
vn 0.00000 -1.00000 0.00000
vn 0.00000 1.00000 0.00000
vn 0.00000 1.00000 0.00000
vn 0.00000 1.00000 0.00000
vn 0.00000 1.00000 0.00000
vn 0.00000 -1.00000 0.00000
vn 0.00000 -1.00000 0.00000
vn 0.00000 -1.00000 0.00000
vn 0.00000 -1.00000 0.00000
vn 0.00000 1.00000 0.00000
vn 0.00000 1.00000 0.00000
vn 0.00000 1.00000 0.00000
vn 0.00000 1.00000 0.00000
vn 0.00000 -1.00000 0.00000
vn 0.00000 -1.00000 0.00000
vn 0.00000 -1.00000 0.00000
vn 0.00000 -1.00000 0.00000
vn 0.00000 1.00000 0.00000
vn 0.00000 1.00000 0.00000
vn 0.00000 1.00000 0.00000
vn 0.00000 1.00000 0.00000
vn 0.00000 -1.00000 0.00000
vn 0.00000 -1.00000 0.00000
vn 0.00000 -1.00000 0.00000
vn 0.00000 -1.00000 0.00000
vn 0.00000 1.00000 0.00000
vn 0.00000 1.00000 0.00000
vn 0.00000 1.00000 0.00000
vn 0.00000 1.00000 0.00000
vn 0.00000 -1.00000 0.00000
vn 0.00000 -1.00000 0.00000
vn 0.00000 -1.00000 0.00000
vn 0.00000 -1.00000 0.00000
vn 0.00000 1.00000 0.00000
vn 0.00000 1.00000 0.00000
vn 0.00000 1.00000 0.00000
vn 0.00000 1.00000 0.00000
vn 0.00000 -1.00000 0.00000
vn 0.00000 -1.00000 0.00000
vn 0.00000 -1.00000 0.00000
vn 0.00000 -1.00000 0.00000
vn 0.00000 1.00000 0.00000
vn 0.00000 1.00000 0.00000
vn 0.00000 1.00000 0.00000
vn 0.00000 1.00000 0.00000
vn 0.00000 -1.00000 0.00000
vn 0.00000 -1.00000 0.00000
vn 0.00000 -1.00000 0.00000
vn 0.00000 -1.00000 0.00000
vn 0.00000 1.00000 0.00000
vn 0.00000 1.00000 0.00000
vn 0.00000 1.00000 0.00000
vn 0.00000 1.00000 0.00000
vn 0.00000 -1.00000 0.00000
vn 0.00000 -1.00000 0.00000
vn 0.00000 -1.00000 0.00000
vn 0.00000 -1.00000 0.00000
vn 0.00000 1.00000 0.00000
vn 0.00000 1.00000 0.00000
vn 0.00000 1.00000 0.00000
vn 0.00000 1.00000 0.00000
vn 0.00000 -1.00000 0.00000
vn 0.00000 -1.00000 0.00000
vn 0.00000 -1.00000 0.00000
vn 0.00000 -1.00000 0.00000
vn 0.00000 1.00000 0.00000
vn 0.00000 1.00000 0.00000
vn 0.00000 1.00000 0.00000
vn 0.00000 1.00000 0.00000
vn 0.00000 -1.00000 0.00000
vn 0.00000 -1.00000 0.00000
vn 0.00000 -1.00000 0.00000
vn 0.00000 -1.00000 0.00000
vn 0.00000 1.00000 0.00000
vn 0.00000 1.00000 0.00000
vn 0.00000 1.00000 0.00000
vn 0.00000 1.00000 0.00000
vn 0.00000 -1.00000 0.00000
vn 0.00000 -1.00000 0.00000
vn 0.00000 -1.00000 0.00000
vn 0.00000 -1.00000 0.00000
vn 0.00000 1.00000 0.00000
vn 0.00000 1.00000 0.00000
vn 0.00000 1.00000 0.00000
vn 0.00000 1.00000 0.00000
vn 0.00000 -1.00000 0.00000
vn 0.00000 -1.00000 0.00000
vn 0.00000 -1.00000 0.00000
vn 0.00000 -1.00000 0.00000
vn 0.00000 1.00000 0.00000
vn 0.00000 1.00000 0.00000
vn 0.00000 1.00000 0.00000
vn 0.00000 1.00000 0.00000
vn 0.00000 -1.00000 0.00000
vn 0.00000 -1.00000 0.00000
vn 0.00000 -1.00000 0.00000
vn 0.00000 -1.00000 0.00000
vn 0.99942 0.00000 0.03414
vn 0.99942 0.00000 0.03414
vn 0.99942 0.00000 0.03414
vn 0.99942 0.00000 0.03414
vn 0.99942 0.00000 0.03414
vn 0.99942 0.00000 0.03414
vn 0.99942 0.00000 0.03414
vn 0.99942 0.00000 0.03414
vn 0.99942 0.00000 0.03414
vn 0.99942 0.00000 0.03414
vn 0.99942 0.00000 0.03414
vn 0.99942 0.00000 0.03414
vn -0.99942 0.00000 -0.03414
vn -0.99942 0.00000 -0.03414
vn -0.99942 0.00000 -0.03414
vn -0.99942 0.00000 -0.03414
vn 0.99476 0.00000 0.10226
vn 0.99476 0.00000 0.10226
vn 0.99476 0.00000 0.10226
vn 0.99476 0.00000 0.10226
vn 0.99476 0.00000 0.10226
vn 0.99476 0.00000 0.10226
vn 0.99476 0.00000 0.10226
vn 0.99476 0.00000 0.10226
vn 0.99476 0.00000 0.10226
vn 0.99476 0.00000 0.10226
vn 0.99476 0.00000 0.10226
vn 0.99476 0.00000 0.10226
vn -0.99476 0.00000 -0.10226
vn -0.99476 0.00000 -0.10226
vn -0.99476 0.00000 -0.10226
vn -0.99476 0.00000 -0.10226
vn 0.98546 0.00000 0.16991
vn 0.98546 0.00000 0.16991
vn 0.98546 0.00000 0.16991
vn 0.98546 0.00000 0.16991
vn 0.98546 0.00000 0.16991
vn 0.98546 0.00000 0.16991
vn 0.98546 0.00000 0.16991
vn 0.98546 0.00000 0.16991
vn 0.98546 0.00000 0.16991
vn 0.98546 0.00000 0.16991
vn 0.98546 0.00000 0.16991
vn 0.98546 0.00000 0.16991
vn -0.98546 0.00000 -0.16991
vn -0.98546 0.00000 -0.16991
vn -0.98546 0.00000 -0.16991
vn -0.98546 0.00000 -0.16991
vn 0.97157 0.00000 0.23676
vn 0.97157 0.00000 0.23676
vn 0.97157 0.00000 0.23676
vn 0.97157 0.00000 0.23676
vn 0.97157 0.00000 0.23676
vn 0.97157 0.00000 0.23676
vn 0.97157 0.00000 0.23676
vn 0.97157 0.00000 0.23676
vn 0.97157 0.00000 0.23676
vn 0.97157 0.00000 0.23676
vn 0.97157 0.00000 0.23676
vn 0.97157 0.00000 0.23676
vn -0.97157 0.00000 -0.23676
vn -0.97157 0.00000 -0.23676
vn -0.97157 0.00000 -0.23676
vn -0.97157 0.00000 -0.23676
vn 0.96122 0.00000 0.27577
vn 0.96122 0.00000 0.27577
vn 0.96122 0.00000 0.27577
vn 0.96122 0.00000 0.27577
vn 0.96122 0.00000 0.27577
vn 0.96122 0.00000 0.27577
vn 0.96122 0.00000 0.27577
vn 0.96122 0.00000 0.27577
vn 0.96122 0.00000 0.27577
vn 0.96122 0.00000 0.27577
vn 0.96122 0.00000 0.27577
vn 0.96122 0.00000 0.27577
vn -0.96122 0.00000 -0.27577
vn -0.96122 0.00000 -0.27577
vn -0.96122 0.00000 -0.27577
vn -0.96122 0.00000 -0.27577
vn 0.95125 0.00000 0.30843
vn 0.95125 0.00000 0.30843
vn 0.95125 0.00000 0.30843
vn 0.95125 0.00000 0.30843
vn 0.95125 0.00000 0.30843
vn 0.95125 0.00000 0.30843
vn 0.95125 0.00000 0.30843
vn 0.95125 0.00000 0.30843
vn 0.95125 0.00000 0.30843
vn 0.95125 0.00000 0.30843
vn 0.95125 0.00000 0.30843
vn 0.95125 0.00000 0.30843
vn -0.95125 0.00000 -0.30843
vn -0.95125 0.00000 -0.30843
vn -0.95125 0.00000 -0.30843
vn -0.95125 0.00000 -0.30843
vn 0.93028 0.00000 0.36685
vn 0.93028 0.00000 0.36685
vn 0.93028 0.00000 0.36685
vn 0.93028 0.00000 0.36685
vn 0.93028 0.00000 0.36685
vn 0.93028 0.00000 0.36685
vn 0.93028 0.00000 0.36685
vn 0.93028 0.00000 0.36685
vn 0.93028 0.00000 0.36685
vn 0.93028 0.00000 0.36685
vn 0.93028 0.00000 0.36685
vn 0.93028 0.00000 0.36685
vn -0.93028 0.00000 -0.36685
vn -0.93028 0.00000 -0.36685
vn -0.93028 0.00000 -0.36685
vn -0.93028 0.00000 -0.36685
vn 0.90307 0.00000 0.42948
vn 0.90307 0.00000 0.42948
vn 0.90307 0.00000 0.42948
vn 0.90307 0.00000 0.42948
vn 0.90307 0.00000 0.42948
vn 0.90307 0.00000 0.42948
vn 0.90307 0.00000 0.42948
vn 0.90307 0.00000 0.42948
vn 0.90307 0.00000 0.42948
vn 0.90307 0.00000 0.42948
vn 0.90307 0.00000 0.42948
vn 0.90307 0.00000 0.42948
vn -0.90307 0.00000 -0.42948
vn -0.90307 0.00000 -0.42948
vn -0.90307 0.00000 -0.42948
vn -0.90307 0.00000 -0.42948
vn 0.87166 0.00000 0.49011
vn 0.87166 0.00000 0.49011
vn 0.87166 0.00000 0.49011
vn 0.87166 0.00000 0.49011
vn 0.87166 0.00000 0.49011
vn 0.87166 0.00000 0.49011
vn 0.87166 0.00000 0.49011
vn 0.87166 0.00000 0.49011
vn 0.87166 0.00000 0.49011
vn 0.87166 0.00000 0.49011
vn 0.87166 0.00000 0.49011
vn 0.87166 0.00000 0.49011
vn -0.87166 0.00000 -0.49011
vn -0.87166 0.00000 -0.49011
vn -0.87166 0.00000 -0.49011
vn -0.87166 0.00000 -0.49011
vn 0.84790 0.00000 0.53015
vn 0.84790 0.00000 0.53015
vn 0.84790 0.00000 0.53015
vn 0.84790 0.00000 0.53015
vn 0.84790 0.00000 0.53015
vn 0.84790 0.00000 0.53015
vn 0.84790 0.00000 0.53015
vn 0.84790 0.00000 0.53015
vn 0.84790 0.00000 0.53015
vn 0.84790 0.00000 0.53015
vn 0.84790 0.00000 0.53015
vn 0.84790 0.00000 0.53015
vn -0.84790 0.00000 -0.53015
vn -0.84790 0.00000 -0.53015
vn -0.84790 0.00000 -0.53015
vn -0.84790 0.00000 -0.53015
vn 0.82931 0.00000 0.55879
vn 0.82931 0.00000 0.55879
vn 0.82931 0.00000 0.55879
vn 0.82931 0.00000 0.55879
vn 0.82931 0.00000 0.55879
vn 0.82931 0.00000 0.55879
vn 0.82931 0.00000 0.55879
vn 0.82931 0.00000 0.55879
vn 0.82931 0.00000 0.55879
vn 0.82931 0.00000 0.55879
vn 0.82931 0.00000 0.55879
vn 0.82931 0.00000 0.55879
vn -0.82931 0.00000 -0.55879
vn -0.82931 0.00000 -0.55879
vn -0.82931 0.00000 -0.55879
vn -0.82931 0.00000 -0.55879
vn 0.79681 0.00000 0.60424
vn 0.79681 0.00000 0.60424
vn 0.79681 0.00000 0.60424
vn 0.79681 0.00000 0.60424
vn 0.79681 0.00000 0.60424
vn 0.79681 0.00000 0.60424
vn 0.79681 0.00000 0.60424
vn 0.79681 0.00000 0.60424
vn 0.79681 0.00000 0.60424
vn 0.79681 0.00000 0.60424
vn 0.79681 0.00000 0.60424
vn 0.79681 0.00000 0.60424
vn -0.79681 0.00000 -0.60424
vn -0.79681 0.00000 -0.60424
vn -0.79681 0.00000 -0.60424
vn -0.79681 0.00000 -0.60424
vn 0.75371 0.00000 0.65720
vn 0.75371 0.00000 0.65720
vn 0.75371 0.00000 0.65720
vn 0.75371 0.00000 0.65720
vn 0.75371 0.00000 0.65720
vn 0.75371 0.00000 0.65720
vn 0.75371 0.00000 0.65720
vn 0.75371 0.00000 0.65720
vn 0.75371 0.00000 0.65720
vn 0.75371 0.00000 0.65720
vn 0.75371 0.00000 0.65720
vn 0.75371 0.00000 0.65720
vn -0.75371 0.00000 -0.65720
vn -0.75371 0.00000 -0.65720
vn -0.75371 0.00000 -0.65720
vn -0.75371 0.00000 -0.65720
vn 0.70711 0.00000 0.70711
vn 0.70711 0.00000 0.70711
vn 0.70711 0.00000 0.70711
vn 0.70711 0.00000 0.70711
vn 0.70711 0.00000 0.70711
vn 0.70711 0.00000 0.70711
vn 0.70711 0.00000 0.70711
vn 0.70711 0.00000 0.70711
vn 0.70711 0.00000 0.70711
vn 0.70711 0.00000 0.70711
vn 0.70711 0.00000 0.70711
vn 0.70711 0.00000 0.70711
vn -0.70711 0.00000 -0.70711
vn -0.70711 0.00000 -0.70711
vn -0.70711 0.00000 -0.70711
vn -0.70711 0.00000 -0.70711
vn 0.66882 0.00000 0.74342
vn 0.66882 0.00000 0.74342
vn 0.66882 0.00000 0.74342
vn 0.66882 0.00000 0.74342
vn 0.66882 0.00000 0.74342
vn 0.66882 0.00000 0.74342
vn 0.66882 0.00000 0.74342
vn 0.66882 0.00000 0.74342
vn 0.66882 0.00000 0.74342
vn 0.66882 0.00000 0.74342
vn 0.66882 0.00000 0.74342
vn 0.66882 0.00000 0.74342
vn -0.66882 0.00000 -0.74342
vn -0.66882 0.00000 -0.74342
vn -0.66882 0.00000 -0.74342
vn -0.66882 0.00000 -0.74342
vn 0.64305 0.00000 0.76582
vn 0.64305 0.00000 0.76582
vn 0.64305 0.00000 0.76582
vn 0.64305 0.00000 0.76582
vn 0.64305 0.00000 0.76582
vn 0.64305 0.00000 0.76582
vn 0.64305 0.00000 0.76582
vn 0.64305 0.00000 0.76582
vn 0.64305 0.00000 0.76582
vn 0.64305 0.00000 0.76582
vn 0.64305 0.00000 0.76582
vn 0.64305 0.00000 0.76582
vn -0.64305 0.00000 -0.76582
vn -0.64305 0.00000 -0.76582
vn -0.64305 0.00000 -0.76582
vn -0.64305 0.00000 -0.76582
vn 0.60424 0.00000 0.79681
vn 0.60424 0.00000 0.79681
vn 0.60424 0.00000 0.79681
vn 0.60424 0.00000 0.79681
vn 0.60424 0.00000 0.79681
vn 0.60424 0.00000 0.79681
vn 0.60424 0.00000 0.79681
vn 0.60424 0.00000 0.79681
vn 0.60424 0.00000 0.79681
vn 0.60424 0.00000 0.79681
vn 0.60424 0.00000 0.79681
vn 0.60424 0.00000 0.79681
vn -0.60424 0.00000 -0.79681
vn -0.60424 0.00000 -0.79681
vn -0.60424 0.00000 -0.79681
vn -0.60424 0.00000 -0.79681
vn 0.54845 0.00000 0.83618
vn 0.54845 0.00000 0.83618
vn 0.54845 0.00000 0.83618
vn 0.54845 0.00000 0.83618
vn 0.54845 0.00000 0.83618
vn 0.54845 0.00000 0.83618
vn 0.54845 0.00000 0.83618
vn 0.54845 0.00000 0.83618
vn 0.54845 0.00000 0.83618
vn 0.54845 0.00000 0.83618
vn 0.54845 0.00000 0.83618
vn 0.54845 0.00000 0.83618
vn -0.54845 0.00000 -0.83618
vn -0.54845 0.00000 -0.83618
vn -0.54845 0.00000 -0.83618
vn -0.54845 0.00000 -0.83618
vn 0.49011 0.00000 0.87166
vn 0.49011 0.00000 0.87166
vn 0.49011 0.00000 0.87166
vn 0.49011 0.00000 0.87166
vn 0.49011 0.00000 0.87166
vn 0.49011 0.00000 0.87166
vn 0.49011 0.00000 0.87166
vn 0.49011 0.00000 0.87166
vn 0.49011 0.00000 0.87166
vn 0.49011 0.00000 0.87166
vn 0.49011 0.00000 0.87166
vn 0.49011 0.00000 0.87166
vn -0.49011 0.00000 -0.87166
vn -0.49011 0.00000 -0.87166
vn -0.49011 0.00000 -0.87166
vn -0.49011 0.00000 -0.87166
vn 0.43788 0.00000 0.89904
vn 0.43788 0.00000 0.89904
vn 0.43788 0.00000 0.89904
vn 0.43788 0.00000 0.89904
vn 0.43788 0.00000 0.89904
vn 0.43788 0.00000 0.89904
vn 0.43788 0.00000 0.89904
vn 0.43788 0.00000 0.89904
vn 0.43788 0.00000 0.89904
vn 0.43788 0.00000 0.89904
vn 0.43788 0.00000 0.89904
vn 0.43788 0.00000 0.89904
vn -0.43788 0.00000 -0.89904
vn -0.43788 0.00000 -0.89904
vn -0.43788 0.00000 -0.89904
vn -0.43788 0.00000 -0.89904
vn 0.40693 0.00000 0.91346
vn 0.40693 0.00000 0.91346
vn 0.40693 0.00000 0.91346
vn 0.40693 0.00000 0.91346
vn 0.40693 0.00000 0.91346
vn 0.40693 0.00000 0.91346
vn 0.40693 0.00000 0.91346
vn 0.40693 0.00000 0.91346
vn 0.40693 0.00000 0.91346
vn 0.40693 0.00000 0.91346
vn 0.40693 0.00000 0.91346
vn 0.40693 0.00000 0.91346
vn -0.40693 0.00000 -0.91346
vn -0.40693 0.00000 -0.91346
vn -0.40693 0.00000 -0.91346
vn -0.40693 0.00000 -0.91346
vn 0.36685 0.00000 0.93028
vn 0.36685 0.00000 0.93028
vn 0.36685 0.00000 0.93028
vn 0.36685 0.00000 0.93028
vn 0.36685 0.00000 0.93028
vn 0.36685 0.00000 0.93028
vn 0.36685 0.00000 0.93028
vn 0.36685 0.00000 0.93028
vn 0.36685 0.00000 0.93028
vn 0.36685 0.00000 0.93028
vn 0.36685 0.00000 0.93028
vn 0.36685 0.00000 0.93028
vn -0.36685 0.00000 -0.93028
vn -0.36685 0.00000 -0.93028
vn -0.36685 0.00000 -0.93028
vn -0.36685 0.00000 -0.93028
vn 0.30251 0.00000 0.95314
vn 0.30251 0.00000 0.95314
vn 0.30251 0.00000 0.95314
vn 0.30251 0.00000 0.95314
vn 0.30251 0.00000 0.95314
vn 0.30251 0.00000 0.95314
vn 0.30251 0.00000 0.95314
vn 0.30251 0.00000 0.95314
vn 0.30251 0.00000 0.95314
vn 0.30251 0.00000 0.95314
vn 0.30251 0.00000 0.95314
vn 0.30251 0.00000 0.95314
vn -0.30251 0.00000 -0.95314
vn -0.30251 0.00000 -0.95314
vn -0.30251 0.00000 -0.95314
vn -0.30251 0.00000 -0.95314
vn 0.23676 0.00000 0.97157
vn 0.23676 0.00000 0.97157
vn 0.23676 0.00000 0.97157
vn 0.23676 0.00000 0.97157
vn 0.23676 0.00000 0.97157
vn 0.23676 0.00000 0.97157
vn 0.23676 0.00000 0.97157
vn 0.23676 0.00000 0.97157
vn 0.23676 0.00000 0.97157
vn 0.23676 0.00000 0.97157
vn 0.23676 0.00000 0.97157
vn 0.23676 0.00000 0.97157
vn -0.23676 0.00000 -0.97157
vn -0.23676 0.00000 -0.97157
vn -0.23676 0.00000 -0.97157
vn -0.23676 0.00000 -0.97157
vn 0.17297 0.00000 0.98493
vn 0.17297 0.00000 0.98493
vn 0.17297 0.00000 0.98493
vn 0.17297 0.00000 0.98493
vn 0.17297 0.00000 0.98493
vn 0.17297 0.00000 0.98493
vn 0.17297 0.00000 0.98493
vn 0.17297 0.00000 0.98493
vn 0.17297 0.00000 0.98493
vn 0.17297 0.00000 0.98493
vn 0.17297 0.00000 0.98493
vn 0.17297 0.00000 0.98493
vn -0.17297 0.00000 -0.98493
vn -0.17297 0.00000 -0.98493
vn -0.17297 0.00000 -0.98493
vn -0.17297 0.00000 -0.98493
vn 0.13924 0.00000 0.99026
vn 0.13924 0.00000 0.99026
vn 0.13924 0.00000 0.99026
vn 0.13924 0.00000 0.99026
vn 0.13924 0.00000 0.99026
vn 0.13924 0.00000 0.99026
vn 0.13924 0.00000 0.99026
vn 0.13924 0.00000 0.99026
vn 0.13924 0.00000 0.99026
vn 0.13924 0.00000 0.99026
vn 0.13924 0.00000 0.99026
vn 0.13924 0.00000 0.99026
vn -0.13924 0.00000 -0.99026
vn -0.13924 0.00000 -0.99026
vn -0.13924 0.00000 -0.99026
vn -0.13924 0.00000 -0.99026
vn 0.10226 0.00000 0.99476
vn 0.10226 0.00000 0.99476
vn 0.10226 0.00000 0.99476
vn 0.10226 0.00000 0.99476
vn 0.10226 0.00000 0.99476
vn 0.10226 0.00000 0.99476
vn 0.10226 0.00000 0.99476
vn 0.10226 0.00000 0.99476
vn 0.10226 0.00000 0.99476
vn 0.10226 0.00000 0.99476
vn 0.10226 0.00000 0.99476
vn 0.10226 0.00000 0.99476
vn -0.10226 0.00000 -0.99476
vn -0.10226 0.00000 -0.99476
vn -0.10226 0.00000 -0.99476
vn -0.10226 0.00000 -0.99476
vn 0.03414 0.00000 0.99942
vn 0.03414 0.00000 0.99942
vn 0.03414 0.00000 0.99942
vn 0.03414 0.00000 0.99942
vn 0.03414 0.00000 0.99942
vn 0.03414 0.00000 0.99942
vn 0.03414 0.00000 0.99942
vn 0.03414 0.00000 0.99942
vn 0.03414 0.00000 0.99942
vn 0.03414 0.00000 0.99942
vn 0.03414 0.00000 0.99942
vn 0.03414 0.00000 0.99942
vn -0.03414 0.00000 -0.99942
vn -0.03414 0.00000 -0.99942
vn -0.03414 0.00000 -0.99942
vn -0.03414 0.00000 -0.99942
vn -0.03414 0.00000 0.99942
vn -0.03414 0.00000 0.99942
vn -0.03414 0.00000 0.99942
vn -0.03414 0.00000 0.99942
vn -0.03414 0.00000 0.99942
vn -0.03414 0.00000 0.99942
vn -0.03414 0.00000 0.99942
vn -0.03414 0.00000 0.99942
vn -0.03414 0.00000 0.99942
vn -0.03414 0.00000 0.99942
vn -0.03414 0.00000 0.99942
vn -0.03414 0.00000 0.99942
vn 0.03414 0.00000 -0.99942
vn 0.03414 0.00000 -0.99942
vn 0.03414 0.00000 -0.99942
vn 0.03414 0.00000 -0.99942
vn -0.10226 0.00000 0.99476
vn -0.10226 0.00000 0.99476
vn -0.10226 0.00000 0.99476
vn -0.10226 0.00000 0.99476
vn -0.10226 0.00000 0.99476
vn -0.10226 0.00000 0.99476
vn -0.10226 0.00000 0.99476
vn -0.10226 0.00000 0.99476
vn -0.10226 0.00000 0.99476
vn -0.10226 0.00000 0.99476
vn -0.10226 0.00000 0.99476
vn -0.10226 0.00000 0.99476
vn 0.10226 0.00000 -0.99476
vn 0.10226 0.00000 -0.99476
vn 0.10226 0.00000 -0.99476
vn 0.10226 0.00000 -0.99476
vn -0.13924 0.00000 0.99026
vn -0.13924 0.00000 0.99026
vn -0.13924 0.00000 0.99026
vn -0.13924 0.00000 0.99026
vn -0.13924 0.00000 0.99026
vn -0.13924 0.00000 0.99026
vn -0.13924 0.00000 0.99026
vn -0.13924 0.00000 0.99026
vn -0.13924 0.00000 0.99026
vn -0.13924 0.00000 0.99026
vn -0.13924 0.00000 0.99026
vn -0.13924 0.00000 0.99026
vn 0.13924 0.00000 -0.99026
vn 0.13924 0.00000 -0.99026
vn 0.13924 0.00000 -0.99026
vn 0.13924 0.00000 -0.99026
vn -0.17297 0.00000 0.98493
vn -0.17297 0.00000 0.98493
vn -0.17297 0.00000 0.98493
vn -0.17297 0.00000 0.98493
vn -0.17297 0.00000 0.98493
vn -0.17297 0.00000 0.98493
vn -0.17297 0.00000 0.98493
vn -0.17297 0.00000 0.98493
vn -0.17297 0.00000 0.98493
vn -0.17297 0.00000 0.98493
vn -0.17297 0.00000 0.98493
vn -0.17297 0.00000 0.98493
vn 0.17297 0.00000 -0.98493
vn 0.17297 0.00000 -0.98493
vn 0.17297 0.00000 -0.98493
vn 0.17297 0.00000 -0.98493
vn -0.23676 0.00000 0.97157
vn -0.23676 0.00000 0.97157
vn -0.23676 0.00000 0.97157
vn -0.23676 0.00000 0.97157
vn -0.23676 0.00000 0.97157
vn -0.23676 0.00000 0.97157
vn -0.23676 0.00000 0.97157
vn -0.23676 0.00000 0.97157
vn -0.23676 0.00000 0.97157
vn -0.23676 0.00000 0.97157
vn -0.23676 0.00000 0.97157
vn -0.23676 0.00000 0.97157
vn 0.23676 0.00000 -0.97157
vn 0.23676 0.00000 -0.97157
vn 0.23676 0.00000 -0.97157
vn 0.23676 0.00000 -0.97157
vn -0.30251 0.00000 0.95314
vn -0.30251 0.00000 0.95314
vn -0.30251 0.00000 0.95314
vn -0.30251 0.00000 0.95314
vn -0.30251 0.00000 0.95314
vn -0.30251 0.00000 0.95314
vn -0.30251 0.00000 0.95314
vn -0.30251 0.00000 0.95314
vn -0.30251 0.00000 0.95314
vn -0.30251 0.00000 0.95314
vn -0.30251 0.00000 0.95314
vn -0.30251 0.00000 0.95314
vn 0.30251 0.00000 -0.95314
vn 0.30251 0.00000 -0.95314
vn 0.30251 0.00000 -0.95314
vn 0.30251 0.00000 -0.95314
vn -0.36685 0.00000 0.93028
vn -0.36685 0.00000 0.93028
vn -0.36685 0.00000 0.93028
vn -0.36685 0.00000 0.93028
vn -0.36685 0.00000 0.93028
vn -0.36685 0.00000 0.93028
vn -0.36685 0.00000 0.93028
vn -0.36685 0.00000 0.93028
vn -0.36685 0.00000 0.93028
vn -0.36685 0.00000 0.93028
vn -0.36685 0.00000 0.93028
vn -0.36685 0.00000 0.93028
vn 0.36685 0.00000 -0.93028
vn 0.36685 0.00000 -0.93028
vn 0.36685 0.00000 -0.93028
vn 0.36685 0.00000 -0.93028
vn -0.40693 0.00000 0.91346
vn -0.40693 0.00000 0.91346
vn -0.40693 0.00000 0.91346
vn -0.40693 0.00000 0.91346
vn -0.40693 0.00000 0.91346
vn -0.40693 0.00000 0.91346
vn -0.40693 0.00000 0.91346
vn -0.40693 0.00000 0.91346
vn -0.40693 0.00000 0.91346
vn -0.40693 0.00000 0.91346
vn -0.40693 0.00000 0.91346
vn -0.40693 0.00000 0.91346
vn 0.40693 0.00000 -0.91346
vn 0.40693 0.00000 -0.91346
vn 0.40693 0.00000 -0.91346
vn 0.40693 0.00000 -0.91346
vn -0.43788 0.00000 0.89904
vn -0.43788 0.00000 0.89904
vn -0.43788 0.00000 0.89904
vn -0.43788 0.00000 0.89904
vn -0.43788 0.00000 0.89904
vn -0.43788 0.00000 0.89904
vn -0.43788 0.00000 0.89904
vn -0.43788 0.00000 0.89904
vn -0.43788 0.00000 0.89904
vn -0.43788 0.00000 0.89904
vn -0.43788 0.00000 0.89904
vn -0.43788 0.00000 0.89904
vn 0.43788 0.00000 -0.89904
vn 0.43788 0.00000 -0.89904
vn 0.43788 0.00000 -0.89904
vn 0.43788 0.00000 -0.89904
vn -0.49011 0.00000 0.87166
vn -0.49011 0.00000 0.87166
vn -0.49011 0.00000 0.87166
vn -0.49011 0.00000 0.87166
vn -0.49011 0.00000 0.87166
vn -0.49011 0.00000 0.87166
vn -0.49011 0.00000 0.87166
vn -0.49011 0.00000 0.87166
vn -0.49011 0.00000 0.87166
vn -0.49011 0.00000 0.87166
vn -0.49011 0.00000 0.87166
vn -0.49011 0.00000 0.87166
vn 0.49011 0.00000 -0.87166
vn 0.49011 0.00000 -0.87166
vn 0.49011 0.00000 -0.87166
vn 0.49011 0.00000 -0.87166
vn -0.54845 0.00000 0.83618
vn -0.54845 0.00000 0.83618
vn -0.54845 0.00000 0.83618
vn -0.54845 0.00000 0.83618
vn -0.54845 0.00000 0.83618
vn -0.54845 0.00000 0.83618
vn -0.54845 0.00000 0.83618
vn -0.54845 0.00000 0.83618
vn -0.54845 0.00000 0.83618
vn -0.54845 0.00000 0.83618
vn -0.54845 0.00000 0.83618
vn -0.54845 0.00000 0.83618
vn 0.54845 0.00000 -0.83618
vn 0.54845 0.00000 -0.83618
vn 0.54845 0.00000 -0.83618
vn 0.54845 0.00000 -0.83618
vn -0.60424 0.00000 0.79681
vn -0.60424 0.00000 0.79681
vn -0.60424 0.00000 0.79681
vn -0.60424 0.00000 0.79681
vn -0.60424 0.00000 0.79681
vn -0.60424 0.00000 0.79681
vn -0.60424 0.00000 0.79681
vn -0.60424 0.00000 0.79681
vn -0.60424 0.00000 0.79681
vn -0.60424 0.00000 0.79681
vn -0.60424 0.00000 0.79681
vn -0.60424 0.00000 0.79681
vn 0.60424 0.00000 -0.79681
vn 0.60424 0.00000 -0.79681
vn 0.60424 0.00000 -0.79681
vn 0.60424 0.00000 -0.79681
vn -0.64305 0.00000 0.76582
vn -0.64305 0.00000 0.76582
vn -0.64305 0.00000 0.76582
vn -0.64305 0.00000 0.76582
vn -0.64305 0.00000 0.76582
vn -0.64305 0.00000 0.76582
vn -0.64305 0.00000 0.76582
vn -0.64305 0.00000 0.76582
vn -0.64305 0.00000 0.76582
vn -0.64305 0.00000 0.76582
vn -0.64305 0.00000 0.76582
vn -0.64305 0.00000 0.76582
vn 0.64305 0.00000 -0.76582
vn 0.64305 0.00000 -0.76582
vn 0.64305 0.00000 -0.76582
vn 0.64305 0.00000 -0.76582
vn -0.66882 0.00000 0.74342
vn -0.66882 0.00000 0.74342
vn -0.66882 0.00000 0.74342
vn -0.66882 0.00000 0.74342
vn -0.66882 0.00000 0.74342
vn -0.66882 0.00000 0.74342
vn -0.66882 0.00000 0.74342
vn -0.66882 0.00000 0.74342
vn -0.66882 0.00000 0.74342
vn -0.66882 0.00000 0.74342
vn -0.66882 0.00000 0.74342
vn -0.66882 0.00000 0.74342
vn 0.66882 0.00000 -0.74342
vn 0.66882 0.00000 -0.74342
vn 0.66882 0.00000 -0.74342
vn 0.66882 0.00000 -0.74342
vn -0.70711 0.00000 0.70711
vn -0.70711 0.00000 0.70711
vn -0.70711 0.00000 0.70711
vn -0.70711 0.00000 0.70711
vn -0.70711 0.00000 0.70711
vn -0.70711 0.00000 0.70711
vn -0.70711 0.00000 0.70711
vn -0.70711 0.00000 0.70711
vn -0.70711 0.00000 0.70711
vn -0.70711 0.00000 0.70711
vn -0.70711 0.00000 0.70711
vn -0.70711 0.00000 0.70711
vn 0.70711 0.00000 -0.70711
vn 0.70711 0.00000 -0.70711
vn 0.70711 0.00000 -0.70711
vn 0.70711 0.00000 -0.70711
vn -0.75371 0.00000 0.65720
vn -0.75371 0.00000 0.65720
vn -0.75371 0.00000 0.65720
vn -0.75371 0.00000 0.65720
vn -0.75371 0.00000 0.65720
vn -0.75371 0.00000 0.65720
vn -0.75371 0.00000 0.65720
vn -0.75371 0.00000 0.65720
vn -0.75371 0.00000 0.65720
vn -0.75371 0.00000 0.65720
vn -0.75371 0.00000 0.65720
vn -0.75371 0.00000 0.65720
vn 0.75371 0.00000 -0.65720
vn 0.75371 0.00000 -0.65720
vn 0.75371 0.00000 -0.65720
vn 0.75371 0.00000 -0.65720
vn -0.79681 0.00000 0.60424
vn -0.79681 0.00000 0.60424
vn -0.79681 0.00000 0.60424
vn -0.79681 0.00000 0.60424
vn -0.79681 0.00000 0.60424
vn -0.79681 0.00000 0.60424
vn -0.79681 0.00000 0.60424
vn -0.79681 0.00000 0.60424
vn -0.79681 0.00000 0.60424
vn -0.79681 0.00000 0.60424
vn -0.79681 0.00000 0.60424
vn -0.79681 0.00000 0.60424
vn 0.79681 0.00000 -0.60424
vn 0.79681 0.00000 -0.60424
vn 0.79681 0.00000 -0.60424
vn 0.79681 0.00000 -0.60424
vn -0.82931 0.00000 0.55879
vn -0.82931 0.00000 0.55879
vn -0.82931 0.00000 0.55879
vn -0.82931 0.00000 0.55879
vn -0.82931 0.00000 0.55879
vn -0.82931 0.00000 0.55879
vn -0.82931 0.00000 0.55879
vn -0.82931 0.00000 0.55879
vn -0.82931 0.00000 0.55879
vn -0.82931 0.00000 0.55879
vn -0.82931 0.00000 0.55879
vn -0.82931 0.00000 0.55879
vn 0.82931 0.00000 -0.55879
vn 0.82931 0.00000 -0.55879
vn 0.82931 0.00000 -0.55879
vn 0.82931 0.00000 -0.55879
vn -0.84790 0.00000 0.53015
vn -0.84790 0.00000 0.53015
vn -0.84790 0.00000 0.53015
vn -0.84790 0.00000 0.53015
vn -0.84790 0.00000 0.53015
vn -0.84790 0.00000 0.53015
vn -0.84790 0.00000 0.53015
vn -0.84790 0.00000 0.53015
vn -0.84790 0.00000 0.53015
vn -0.84790 0.00000 0.53015
vn -0.84790 0.00000 0.53015
vn -0.84790 0.00000 0.53015
vn 0.84790 0.00000 -0.53015
vn 0.84790 0.00000 -0.53015
vn 0.84790 0.00000 -0.53015
vn 0.84790 0.00000 -0.53015
vn -0.87166 0.00000 0.49011
vn -0.87166 0.00000 0.49011
vn -0.87166 0.00000 0.49011
vn -0.87166 0.00000 0.49011
vn -0.87166 0.00000 0.49011
vn -0.87166 0.00000 0.49011
vn -0.87166 0.00000 0.49011
vn -0.87166 0.00000 0.49011
vn -0.87166 0.00000 0.49011
vn -0.87166 0.00000 0.49011
vn -0.87166 0.00000 0.49011
vn -0.87166 0.00000 0.49011
vn 0.87166 0.00000 -0.49011
vn 0.87166 0.00000 -0.49011
vn 0.87166 0.00000 -0.49011
vn 0.87166 0.00000 -0.49011
vn -0.90307 0.00000 0.42948
vn -0.90307 0.00000 0.42948
vn -0.90307 0.00000 0.42948
vn -0.90307 0.00000 0.42948
vn -0.90307 0.00000 0.42948
vn -0.90307 0.00000 0.42948
vn -0.90307 0.00000 0.42948
vn -0.90307 0.00000 0.42948
vn -0.90307 0.00000 0.42948
vn -0.90307 0.00000 0.42948
vn -0.90307 0.00000 0.42948
vn -0.90307 0.00000 0.42948
vn 0.90307 0.00000 -0.42948
vn 0.90307 0.00000 -0.42948
vn 0.90307 0.00000 -0.42948
vn 0.90307 0.00000 -0.42948
vn -0.93028 0.00000 0.36685
vn -0.93028 0.00000 0.36685
vn -0.93028 0.00000 0.36685
vn -0.93028 0.00000 0.36685
vn -0.93028 0.00000 0.36685
vn -0.93028 0.00000 0.36685
vn -0.93028 0.00000 0.36685
vn -0.93028 0.00000 0.36685
vn -0.93028 0.00000 0.36685
vn -0.93028 0.00000 0.36685
vn -0.93028 0.00000 0.36685
vn -0.93028 0.00000 0.36685
vn 0.93028 0.00000 -0.36685
vn 0.93028 0.00000 -0.36685
vn 0.93028 0.00000 -0.36685
vn 0.93028 0.00000 -0.36685
vn -0.95125 0.00000 0.30843
vn -0.95125 0.00000 0.30843
vn -0.95125 0.00000 0.30843
vn -0.95125 0.00000 0.30843
vn -0.95125 0.00000 0.30843
vn -0.95125 0.00000 0.30843
vn -0.95125 0.00000 0.30843
vn -0.95125 0.00000 0.30843
vn -0.95125 0.00000 0.30843
vn -0.95125 0.00000 0.30843
vn -0.95125 0.00000 0.30843
vn -0.95125 0.00000 0.30843
vn 0.95125 0.00000 -0.30843
vn 0.95125 0.00000 -0.30843
vn 0.95125 0.00000 -0.30843
vn 0.95125 0.00000 -0.30843
vn -0.96122 0.00000 0.27577
vn -0.96122 0.00000 0.27577
vn -0.96122 0.00000 0.27577
vn -0.96122 0.00000 0.27577
vn -0.96122 0.00000 0.27577
vn -0.96122 0.00000 0.27577
vn -0.96122 0.00000 0.27577
vn -0.96122 0.00000 0.27577
vn -0.96122 0.00000 0.27577
vn -0.96122 0.00000 0.27577
vn -0.96122 0.00000 0.27577
vn -0.96122 0.00000 0.27577
vn 0.96122 0.00000 -0.27577
vn 0.96122 0.00000 -0.27577
vn 0.96122 0.00000 -0.27577
vn 0.96122 0.00000 -0.27577
vn -0.97157 0.00000 0.23676
vn -0.97157 0.00000 0.23676
vn -0.97157 0.00000 0.23676
vn -0.97157 0.00000 0.23676
vn -0.97157 0.00000 0.23676
vn -0.97157 0.00000 0.23676
vn -0.97157 0.00000 0.23676
vn -0.97157 0.00000 0.23676
vn -0.97157 0.00000 0.23676
vn -0.97157 0.00000 0.23676
vn -0.97157 0.00000 0.23676
vn -0.97157 0.00000 0.23676
vn 0.97157 0.00000 -0.23676
vn 0.97157 0.00000 -0.23676
vn 0.97157 0.00000 -0.23676
vn 0.97157 0.00000 -0.23676
vn -0.98546 0.00000 0.16991
vn -0.98546 0.00000 0.16991
vn -0.98546 0.00000 0.16991
vn -0.98546 0.00000 0.16991
vn -0.98546 0.00000 0.16991
vn -0.98546 0.00000 0.16991
vn -0.98546 0.00000 0.16991
vn -0.98546 0.00000 0.16991
vn -0.98546 0.00000 0.16991
vn -0.98546 0.00000 0.16991
vn -0.98546 0.00000 0.16991
vn -0.98546 0.00000 0.16991
vn 0.98546 0.00000 -0.16991
vn 0.98546 0.00000 -0.16991
vn 0.98546 0.00000 -0.16991
vn 0.98546 0.00000 -0.16991
vn -0.99476 0.00000 0.10226
vn -0.99476 0.00000 0.10226
vn -0.99476 0.00000 0.10226
vn -0.99476 0.00000 0.10226
vn -0.99476 0.00000 0.10226
vn -0.99476 0.00000 0.10226
vn -0.99476 0.00000 0.10226
vn -0.99476 0.00000 0.10226
vn -0.99476 0.00000 0.10226
vn -0.99476 0.00000 0.10226
vn -0.99476 0.00000 0.10226
vn -0.99476 0.00000 0.10226
vn 0.99476 0.00000 -0.10226
vn 0.99476 0.00000 -0.10226
vn 0.99476 0.00000 -0.10226
vn 0.99476 0.00000 -0.10226
vn -0.99942 0.00000 0.03414
vn -0.99942 0.00000 0.03414
vn -0.99942 0.00000 0.03414
vn -0.99942 0.00000 0.03414
vn -0.99942 0.00000 0.03414
vn -0.99942 0.00000 0.03414
vn -0.99942 0.00000 0.03414
vn -0.99942 0.00000 0.03414
vn -0.99942 0.00000 0.03414
vn -0.99942 0.00000 0.03414
vn -0.99942 0.00000 0.03414
vn -0.99942 0.00000 0.03414
vn 0.99942 0.00000 -0.03414
vn 0.99942 0.00000 -0.03414
vn 0.99942 0.00000 -0.03414
vn 0.99942 0.00000 -0.03414
usemtl ceiling
f 13/13/13 14/14/14 15/15/15 16/16/16
f 29/29/29 30/30/30 31/31/31 32/32/32
f 45/45/45 46/46/46 47/47/47 48/48/48
f 61/61/61 62/62/62 63/63/63 64/64/64
f 77/77/77 78/78/78 79/79/79 80/80/80
f 93/93/93 94/94/94 95/95/95 96/96/96
f 109/109/109 110/110/110 111/111/111 112/112/112
f 125/125/125 126/126/126 127/127/127 128/128/128
f 141/141/141 142/142/142 143/143/143 144/144/144
f 157/157/157 158/158/158 159/159/159 160/160/160
f 182/182/182 183/183/183 184/184/184 185/185/185
f 186/186/186 187/187/187 188/188/188
f 201/201/201 202/202/202 203/203/203 204/204/204
f 217/217/217 218/218/218 219/219/219 220/220/220
f 233/233/233 234/234/234 235/235/235 236/236/236
f 249/249/249 250/250/250 251/251/251 252/252/252
f 265/265/265 266/266/266 267/267/267 268/268/268
f 281/281/281 282/282/282 283/283/283 284/284/284
f 297/297/297 298/298/298 299/299/299 300/300/300
f 313/313/313 314/314/314 315/315/315 316/316/316
f 326/326/326 327/327/327 328/328/328
f 341/341/341 342/342/342 343/343/343 344/344/344
f 357/357/357 358/358/358 359/359/359 360/360/360
f 373/373/373 374/374/374 375/375/375 376/376/376
f 389/389/389 390/390/390 391/391/391 392/392/392
f 405/405/405 406/406/406 407/407/407 408/408/408
f 421/421/421 422/422/422 423/423/423 424/424/424
f 437/437/437 438/438/438 439/439/439 440/440/440
f 453/453/453 454/454/454 455/455/455 456/456/456
f 469/469/469 470/470/470 471/471/471 472/472/472
f 485/485/485 486/486/486 487/487/487 488/488/488
f 501/501/501 502/502/502 503/503/503 504/504/504
f 517/517/517 518/518/518 519/519/519 520/520/520
f 533/533/533 534/534/534 535/535/535 536/536/536
f 549/549/549 550/550/550 551/551/551 552/552/552
f 565/565/565 566/566/566 567/567/567 568/568/568
f 581/581/581 582/582/582 583/583/583 584/584/584
f 597/597/597 598/598/598 599/599/599 600/600/600
f 613/613/613 614/614/614 615/615/615 616/616/616
f 629/629/629 630/630/630 631/631/631 632/632/632
f 654/654/654 655/655/655 656/656/656 657/657/657
f 658/658/658 659/659/659 660/660/660
f 673/673/673 674/674/674 675/675/675 676/676/676
f 689/689/689 690/690/690 691/691/691 692/692/692
f 705/705/705 706/706/706 707/707/707 708/708/708
f 721/721/721 722/722/722 723/723/723 724/724/724
f 737/737/737 738/738/738 739/739/739 740/740/740
f 753/753/753 754/754/754 755/755/755 756/756/756
f 769/769/769 770/770/770 771/771/771 772/772/772
f 785/785/785 786/786/786 787/787/787 788/788/788
f 801/801/801 802/802/802 803/803/803 804/804/804
f 817/817/817 818/818/818 819/819/819 820/820/820
f 833/833/833 834/834/834 835/835/835 836/836/836
f 849/849/849 850/850/850 851/851/851 852/852/852
f 865/865/865 866/866/866 867/867/867 868/868/868
f 881/881/881 882/882/882 883/883/883 884/884/884
f 897/897/897 898/898/898 899/899/899 900/900/900
f 913/913/913 914/914/914 915/915/915 916/916/916
f 938/938/938 939/939/939 940/940/940 941/941/941
f 942/942/942 943/943/943 944/944/944
f 957/957/957 958/958/958 959/959/959 960/960/960
f 973/973/973 974/974/974 975/975/975 976/976/976
f 989/989/989 990/990/990 991/991/991 992/992/992
f 1005/1005/1005 1006/1006/1006 1007/1007/1007 1008/1008/1008
f 1021/1021/1021 1022/1022/1022 1023/1023/1023 1024/1024/1024
f 1037/1037/1037 1038/1038/1038 1039/1039/1039 1040/1040/1040
f 1053/1053/1053 1054/1054/1054 1055/1055/1055 1056/1056/1056
f 1069/1069/1069 1070/1070/1070 1071/1071/1071 1072/1072/1072
f 1085/1085/1085 1086/1086/1086 1087/1087/1087 1088/1088/1088
f 1101/1101/1101 1102/1102/1102 1103/1103/1103 1104/1104/1104
f 1117/1117/1117 1118/1118/1118 1119/1119/1119 1120/1120/1120
f 1133/1133/1133 1134/1134/1134 1135/1135/1135 1136/1136/1136
f 1149/1149/1149 1150/1150/1150 1151/1151/1151 1152/1152/1152
f 1165/1165/1165 1166/1166/1166 1167/1167/1167 1168/1168/1168
f 1181/1181/1181 1182/1182/1182 1183/1183/1183 1184/1184/1184
f 1197/1197/1197 1198/1198/1198 1199/1199/1199 1200/1200/1200
f 1213/1213/1213 1214/1214/1214 1215/1215/1215 1216/1216/1216
f 1229/1229/1229 1230/1230/1230 1231/1231/1231 1232/1232/1232
f 1245/1245/1245 1246/1246/1246 1247/1247/1247 1248/1248/1248
usemtl floor
f 1/1/1 2/2/2 3/3/3 4/4/4
f 17/17/17 18/18/18 19/19/19 20/20/20
f 33/33/33 34/34/34 35/35/35 36/36/36
f 49/49/49 50/50/50 51/51/51 52/52/52
f 65/65/65 66/66/66 67/67/67 68/68/68
f 81/81/81 82/82/82 83/83/83 84/84/84
f 97/97/97 98/98/98 99/99/99 100/100/100
f 113/113/113 114/114/114 115/115/115 116/116/116
f 129/129/129 130/130/130 131/131/131 132/132/132
f 145/145/145 146/146/146 147/147/147 148/148/148
f 161/161/161 162/162/162 163/163/163 164/164/164
f 165/165/165 166/166/166 167/167/167
f 189/189/189 190/190/190 191/191/191 192/192/192
f 205/205/205 206/206/206 207/207/207 208/208/208
f 221/221/221 222/222/222 223/223/223 224/224/224
f 237/237/237 238/238/238 239/239/239 240/240/240
f 253/253/253 254/254/254 255/255/255 256/256/256
f 269/269/269 270/270/270 271/271/271 272/272/272
f 285/285/285 286/286/286 287/287/287 288/288/288
f 301/301/301 302/302/302 303/303/303 304/304/304
f 317/317/317 318/318/318 319/319/319
f 329/329/329 330/330/330 331/331/331 332/332/332
f 345/345/345 346/346/346 347/347/347 348/348/348
f 361/361/361 362/362/362 363/363/363 364/364/364
f 377/377/377 378/378/378 379/379/379 380/380/380
f 393/393/393 394/394/394 395/395/395 396/396/396
f 409/409/409 410/410/410 411/411/411 412/412/412
f 425/425/425 426/426/426 427/427/427 428/428/428
f 441/441/441 442/442/442 443/443/443 444/444/444
f 457/457/457 458/458/458 459/459/459 460/460/460
f 473/473/473 474/474/474 475/475/475 476/476/476
f 489/489/489 490/490/490 491/491/491 492/492/492
f 505/505/505 506/506/506 507/507/507 508/508/508
f 521/521/521 522/522/522 523/523/523 524/524/524
f 537/537/537 538/538/538 539/539/539 540/540/540
f 553/553/553 554/554/554 555/555/555 556/556/556
f 569/569/569 570/570/570 571/571/571 572/572/572
f 585/585/585 586/586/586 587/587/587 588/588/588
f 601/601/601 602/602/602 603/603/603 604/604/604
f 617/617/617 618/618/618 619/619/619 620/620/620
f 633/633/633 634/634/634 635/635/635 636/636/636
f 637/637/637 638/638/638 639/639/639
f 661/661/661 662/662/662 663/663/663 664/664/664
f 677/677/677 678/678/678 679/679/679 680/680/680
f 693/693/693 694/694/694 695/695/695 696/696/696
f 709/709/709 710/710/710 711/711/711 712/712/712
f 725/725/725 726/726/726 727/727/727 728/728/728
f 741/741/741 742/742/742 743/743/743 744/744/744
f 757/757/757 758/758/758 759/759/759 760/760/760
f 773/773/773 774/774/774 775/775/775 776/776/776
f 789/789/789 790/790/790 791/791/791 792/792/792
f 805/805/805 806/806/806 807/807/807 808/808/808
f 821/821/821 822/822/822 823/823/823 824/824/824
f 837/837/837 838/838/838 839/839/839 840/840/840
f 853/853/853 854/854/854 855/855/855 856/856/856
f 869/869/869 870/870/870 871/871/871 872/872/872
f 885/885/885 886/886/886 887/887/887 888/888/888
f 901/901/901 902/902/902 903/903/903 904/904/904
f 917/917/917 918/918/918 919/919/919 920/920/920
f 921/921/921 922/922/922 923/923/923
f 945/945/945 946/946/946 947/947/947 948/948/948
f 961/961/961 962/962/962 963/963/963 964/964/964
f 977/977/977 978/978/978 979/979/979 980/980/980
f 993/993/993 994/994/994 995/995/995 996/996/996
f 1009/1009/1009 1010/1010/1010 1011/1011/1011 1012/1012/1012
f 1025/1025/1025 1026/1026/1026 1027/1027/1027 1028/1028/1028
f 1041/1041/1041 1042/1042/1042 1043/1043/1043 1044/1044/1044
f 1057/1057/1057 1058/1058/1058 1059/1059/1059 1060/1060/1060
f 1073/1073/1073 1074/1074/1074 1075/1075/1075 1076/1076/1076
f 1089/1089/1089 1090/1090/1090 1091/1091/1091 1092/1092/1092
f 1105/1105/1105 1106/1106/1106 1107/1107/1107 1108/1108/1108
f 1121/1121/1121 1122/1122/1122 1123/1123/1123 1124/1124/1124
f 1137/1137/1137 1138/1138/1138 1139/1139/1139 1140/1140/1140
f 1153/1153/1153 1154/1154/1154 1155/1155/1155 1156/1156/1156
f 1169/1169/1169 1170/1170/1170 1171/1171/1171 1172/1172/1172
f 1185/1185/1185 1186/1186/1186 1187/1187/1187 1188/1188/1188
f 1201/1201/1201 1202/1202/1202 1203/1203/1203 1204/1204/1204
f 1217/1217/1217 1218/1218/1218 1219/1219/1219 1220/1220/1220
f 1233/1233/1233 1234/1234/1234 1235/1235/1235 1236/1236/1236
usemtl frame
f 1253/1253/1253 1254/1254/1254 1255/1255/1255 1256/1256/1256
f 1257/1257/1257 1258/1258/1258 1259/1259/1259 1260/1260/1260
f 1269/1269/1269 1270/1270/1270 1271/1271/1271 1272/1272/1272
f 1273/1273/1273 1274/1274/1274 1275/1275/1275 1276/1276/1276
f 1285/1285/1285 1286/1286/1286 1287/1287/1287 1288/1288/1288
f 1289/1289/1289 1290/1290/1290 1291/1291/1291 1292/1292/1292
f 1301/1301/1301 1302/1302/1302 1303/1303/1303 1304/1304/1304
f 1305/1305/1305 1306/1306/1306 1307/1307/1307 1308/1308/1308
f 1317/1317/1317 1318/1318/1318 1319/1319/1319 1320/1320/1320
f 1321/1321/1321 1322/1322/1322 1323/1323/1323 1324/1324/1324
f 1333/1333/1333 1334/1334/1334 1335/1335/1335 1336/1336/1336
f 1337/1337/1337 1338/1338/1338 1339/1339/1339 1340/1340/1340
f 1349/1349/1349 1350/1350/1350 1351/1351/1351 1352/1352/1352
f 1353/1353/1353 1354/1354/1354 1355/1355/1355 1356/1356/1356
f 1365/1365/1365 1366/1366/1366 1367/1367/1367 1368/1368/1368
f 1369/1369/1369 1370/1370/1370 1371/1371/1371 1372/1372/1372
f 1381/1381/1381 1382/1382/1382 1383/1383/1383 1384/1384/1384
f 1385/1385/1385 1386/1386/1386 1387/1387/1387 1388/1388/1388
f 1397/1397/1397 1398/1398/1398 1399/1399/1399 1400/1400/1400
f 1401/1401/1401 1402/1402/1402 1403/1403/1403 1404/1404/1404
f 1413/1413/1413 1414/1414/1414 1415/1415/1415 1416/1416/1416
f 1417/1417/1417 1418/1418/1418 1419/1419/1419 1420/1420/1420
f 1429/1429/1429 1430/1430/1430 1431/1431/1431 1432/1432/1432
f 1433/1433/1433 1434/1434/1434 1435/1435/1435 1436/1436/1436
f 1445/1445/1445 1446/1446/1446 1447/1447/1447 1448/1448/1448
f 1449/1449/1449 1450/1450/1450 1451/1451/1451 1452/1452/1452
f 1461/1461/1461 1462/1462/1462 1463/1463/1463 1464/1464/1464
f 1465/1465/1465 1466/1466/1466 1467/1467/1467 1468/1468/1468
f 1477/1477/1477 1478/1478/1478 1479/1479/1479 1480/1480/1480
f 1481/1481/1481 1482/1482/1482 1483/1483/1483 1484/1484/1484
f 1493/1493/1493 1494/1494/1494 1495/1495/1495 1496/1496/1496
f 1497/1497/1497 1498/1498/1498 1499/1499/1499 1500/1500/1500
f 1509/1509/1509 1510/1510/1510 1511/1511/1511 1512/1512/1512
f 1513/1513/1513 1514/1514/1514 1515/1515/1515 1516/1516/1516
f 1525/1525/1525 1526/1526/1526 1527/1527/1527 1528/1528/1528
f 1529/1529/1529 1530/1530/1530 1531/1531/1531 1532/1532/1532
f 1541/1541/1541 1542/1542/1542 1543/1543/1543 1544/1544/1544
f 1545/1545/1545 1546/1546/1546 1547/1547/1547 1548/1548/1548
f 1557/1557/1557 1558/1558/1558 1559/1559/1559 1560/1560/1560
f 1561/1561/1561 1562/1562/1562 1563/1563/1563 1564/1564/1564
f 1573/1573/1573 1574/1574/1574 1575/1575/1575 1576/1576/1576
f 1577/1577/1577 1578/1578/1578 1579/1579/1579 1580/1580/1580
f 1589/1589/1589 1590/1590/1590 1591/1591/1591 1592/1592/1592
f 1593/1593/1593 1594/1594/1594 1595/1595/1595 1596/1596/1596
f 1605/1605/1605 1606/1606/1606 1607/1607/1607 1608/1608/1608
f 1609/1609/1609 1610/1610/1610 1611/1611/1611 1612/1612/1612
f 1621/1621/1621 1622/1622/1622 1623/1623/1623 1624/1624/1624
f 1625/1625/1625 1626/1626/1626 1627/1627/1627 1628/1628/1628
f 1637/1637/1637 1638/1638/1638 1639/1639/1639 1640/1640/1640
f 1641/1641/1641 1642/1642/1642 1643/1643/1643 1644/1644/1644
f 1653/1653/1653 1654/1654/1654 1655/1655/1655 1656/1656/1656
f 1657/1657/1657 1658/1658/1658 1659/1659/1659 1660/1660/1660
f 1669/1669/1669 1670/1670/1670 1671/1671/1671 1672/1672/1672
f 1673/1673/1673 1674/1674/1674 1675/1675/1675 1676/1676/1676
f 1685/1685/1685 1686/1686/1686 1687/1687/1687 1688/1688/1688
f 1689/1689/1689 1690/1690/1690 1691/1691/1691 1692/1692/1692
f 1701/1701/1701 1702/1702/1702 1703/1703/1703 1704/1704/1704
f 1705/1705/1705 1706/1706/1706 1707/1707/1707 1708/1708/1708
f 1717/1717/1717 1718/1718/1718 1719/1719/1719 1720/1720/1720
f 1721/1721/1721 1722/1722/1722 1723/1723/1723 1724/1724/1724
f 1733/1733/1733 1734/1734/1734 1735/1735/1735 1736/1736/1736
f 1737/1737/1737 1738/1738/1738 1739/1739/1739 1740/1740/1740
f 1749/1749/1749 1750/1750/1750 1751/1751/1751 1752/1752/1752
f 1753/1753/1753 1754/1754/1754 1755/1755/1755 1756/1756/1756
f 1765/1765/1765 1766/1766/1766 1767/1767/1767 1768/1768/1768
f 1769/1769/1769 1770/1770/1770 1771/1771/1771 1772/1772/1772
f 1781/1781/1781 1782/1782/1782 1783/1783/1783 1784/1784/1784
f 1785/1785/1785 1786/1786/1786 1787/1787/1787 1788/1788/1788
f 1797/1797/1797 1798/1798/1798 1799/1799/1799 1800/1800/1800
f 1801/1801/1801 1802/1802/1802 1803/1803/1803 1804/1804/1804
f 1813/1813/1813 1814/1814/1814 1815/1815/1815 1816/1816/1816
f 1817/1817/1817 1818/1818/1818 1819/1819/1819 1820/1820/1820
f 1829/1829/1829 1830/1830/1830 1831/1831/1831 1832/1832/1832
f 1833/1833/1833 1834/1834/1834 1835/1835/1835 1836/1836/1836
f 1845/1845/1845 1846/1846/1846 1847/1847/1847 1848/1848/1848
f 1849/1849/1849 1850/1850/1850 1851/1851/1851 1852/1852/1852
f 1861/1861/1861 1862/1862/1862 1863/1863/1863 1864/1864/1864
f 1865/1865/1865 1866/1866/1866 1867/1867/1867 1868/1868/1868
f 1877/1877/1877 1878/1878/1878 1879/1879/1879 1880/1880/1880
f 1881/1881/1881 1882/1882/1882 1883/1883/1883 1884/1884/1884
f 1893/1893/1893 1894/1894/1894 1895/1895/1895 1896/1896/1896
f 1897/1897/1897 1898/1898/1898 1899/1899/1899 1900/1900/1900
f 1909/1909/1909 1910/1910/1910 1911/1911/1911 1912/1912/1912
f 1913/1913/1913 1914/1914/1914 1915/1915/1915 1916/1916/1916
f 1925/1925/1925 1926/1926/1926 1927/1927/1927 1928/1928/1928
f 1929/1929/1929 1930/1930/1930 1931/1931/1931 1932/1932/1932
f 1941/1941/1941 1942/1942/1942 1943/1943/1943 1944/1944/1944
f 1945/1945/1945 1946/1946/1946 1947/1947/1947 1948/1948/1948
f 1957/1957/1957 1958/1958/1958 1959/1959/1959 1960/1960/1960
f 1961/1961/1961 1962/1962/1962 1963/1963/1963 1964/1964/1964
f 1973/1973/1973 1974/1974/1974 1975/1975/1975 1976/1976/1976
f 1977/1977/1977 1978/1978/1978 1979/1979/1979 1980/1980/1980
f 1989/1989/1989 1990/1990/1990 1991/1991/1991 1992/1992/1992
f 1993/1993/1993 1994/1994/1994 1995/1995/1995 1996/1996/1996
f 2005/2005/2005 2006/2006/2006 2007/2007/2007 2008/2008/2008
f 2009/2009/2009 2010/2010/2010 2011/2011/2011 2012/2012/2012
f 2021/2021/2021 2022/2022/2022 2023/2023/2023 2024/2024/2024
f 2025/2025/2025 2026/2026/2026 2027/2027/2027 2028/2028/2028
f 2037/2037/2037 2038/2038/2038 2039/2039/2039 2040/2040/2040
f 2041/2041/2041 2042/2042/2042 2043/2043/2043 2044/2044/2044
f 2053/2053/2053 2054/2054/2054 2055/2055/2055 2056/2056/2056
f 2057/2057/2057 2058/2058/2058 2059/2059/2059 2060/2060/2060
f 2069/2069/2069 2070/2070/2070 2071/2071/2071 2072/2072/2072
f 2073/2073/2073 2074/2074/2074 2075/2075/2075 2076/2076/2076
f 2085/2085/2085 2086/2086/2086 2087/2087/2087 2088/2088/2088
f 2089/2089/2089 2090/2090/2090 2091/2091/2091 2092/2092/2092
f 2101/2101/2101 2102/2102/2102 2103/2103/2103 2104/2104/2104
f 2105/2105/2105 2106/2106/2106 2107/2107/2107 2108/2108/2108
f 2117/2117/2117 2118/2118/2118 2119/2119/2119 2120/2120/2120
f 2121/2121/2121 2122/2122/2122 2123/2123/2123 2124/2124/2124
f 2133/2133/2133 2134/2134/2134 2135/2135/2135 2136/2136/2136
f 2137/2137/2137 2138/2138/2138 2139/2139/2139 2140/2140/2140
usemtl inner
f 1261/1261/1261 1262/1262/1262 1263/1263/1263 1264/1264/1264
f 1277/1277/1277 1278/1278/1278 1279/1279/1279 1280/1280/1280
f 1293/1293/1293 1294/1294/1294 1295/1295/1295 1296/1296/1296
f 1309/1309/1309 1310/1310/1310 1311/1311/1311 1312/1312/1312
f 1325/1325/1325 1326/1326/1326 1327/1327/1327 1328/1328/1328
f 1341/1341/1341 1342/1342/1342 1343/1343/1343 1344/1344/1344
f 1357/1357/1357 1358/1358/1358 1359/1359/1359 1360/1360/1360
f 1373/1373/1373 1374/1374/1374 1375/1375/1375 1376/1376/1376
f 1389/1389/1389 1390/1390/1390 1391/1391/1391 1392/1392/1392
f 1405/1405/1405 1406/1406/1406 1407/1407/1407 1408/1408/1408
f 1421/1421/1421 1422/1422/1422 1423/1423/1423 1424/1424/1424
f 1437/1437/1437 1438/1438/1438 1439/1439/1439 1440/1440/1440
f 1453/1453/1453 1454/1454/1454 1455/1455/1455 1456/1456/1456
f 1469/1469/1469 1470/1470/1470 1471/1471/1471 1472/1472/1472
f 1485/1485/1485 1486/1486/1486 1487/1487/1487 1488/1488/1488
f 1501/1501/1501 1502/1502/1502 1503/1503/1503 1504/1504/1504
f 1517/1517/1517 1518/1518/1518 1519/1519/1519 1520/1520/1520
f 1533/1533/1533 1534/1534/1534 1535/1535/1535 1536/1536/1536
f 1549/1549/1549 1550/1550/1550 1551/1551/1551 1552/1552/1552
f 1565/1565/1565 1566/1566/1566 1567/1567/1567 1568/1568/1568
f 1581/1581/1581 1582/1582/1582 1583/1583/1583 1584/1584/1584
f 1597/1597/1597 1598/1598/1598 1599/1599/1599 1600/1600/1600
f 1613/1613/1613 1614/1614/1614 1615/1615/1615 1616/1616/1616
f 1629/1629/1629 1630/1630/1630 1631/1631/1631 1632/1632/1632
f 1645/1645/1645 1646/1646/1646 1647/1647/1647 1648/1648/1648
f 1661/1661/1661 1662/1662/1662 1663/1663/1663 1664/1664/1664
f 1677/1677/1677 1678/1678/1678 1679/1679/1679 1680/1680/1680
f 1693/1693/1693 1694/1694/1694 1695/1695/1695 1696/1696/1696
f 1709/1709/1709 1710/1710/1710 1711/1711/1711 1712/1712/1712
f 1725/1725/1725 1726/1726/1726 1727/1727/1727 1728/1728/1728
f 1741/1741/1741 1742/1742/1742 1743/1743/1743 1744/1744/1744
f 1757/1757/1757 1758/1758/1758 1759/1759/1759 1760/1760/1760
f 1773/1773/1773 1774/1774/1774 1775/1775/1775 1776/1776/1776
f 1789/1789/1789 1790/1790/1790 1791/1791/1791 1792/1792/1792
f 1805/1805/1805 1806/1806/1806 1807/1807/1807 1808/1808/1808
f 1821/1821/1821 1822/1822/1822 1823/1823/1823 1824/1824/1824
f 1837/1837/1837 1838/1838/1838 1839/1839/1839 1840/1840/1840
f 1853/1853/1853 1854/1854/1854 1855/1855/1855 1856/1856/1856
f 1869/1869/1869 1870/1870/1870 1871/1871/1871 1872/1872/1872
f 1885/1885/1885 1886/1886/1886 1887/1887/1887 1888/1888/1888
f 1901/1901/1901 1902/1902/1902 1903/1903/1903 1904/1904/1904
f 1917/1917/1917 1918/1918/1918 1919/1919/1919 1920/1920/1920
f 1933/1933/1933 1934/1934/1934 1935/1935/1935 1936/1936/1936
f 1949/1949/1949 1950/1950/1950 1951/1951/1951 1952/1952/1952
f 1965/1965/1965 1966/1966/1966 1967/1967/1967 1968/1968/1968
f 1981/1981/1981 1982/1982/1982 1983/1983/1983 1984/1984/1984
f 1997/1997/1997 1998/1998/1998 1999/1999/1999 2000/2000/2000
f 2013/2013/2013 2014/2014/2014 2015/2015/2015 2016/2016/2016
f 2029/2029/2029 2030/2030/2030 2031/2031/2031 2032/2032/2032
f 2045/2045/2045 2046/2046/2046 2047/2047/2047 2048/2048/2048
f 2061/2061/2061 2062/2062/2062 2063/2063/2063 2064/2064/2064
f 2077/2077/2077 2078/2078/2078 2079/2079/2079 2080/2080/2080
f 2093/2093/2093 2094/2094/2094 2095/2095/2095 2096/2096/2096
f 2109/2109/2109 2110/2110/2110 2111/2111/2111 2112/2112/2112
f 2125/2125/2125 2126/2126/2126 2127/2127/2127 2128/2128/2128
f 2141/2141/2141 2142/2142/2142 2143/2143/2143 2144/2144/2144
usemtl roof
f 9/9/9 10/10/10 11/11/11 12/12/12
f 25/25/25 26/26/26 27/27/27 28/28/28
f 41/41/41 42/42/42 43/43/43 44/44/44
f 57/57/57 58/58/58 59/59/59 60/60/60
f 73/73/73 74/74/74 75/75/75 76/76/76
f 89/89/89 90/90/90 91/91/91 92/92/92
f 105/105/105 106/106/106 107/107/107 108/108/108
f 121/121/121 122/122/122 123/123/123 124/124/124
f 137/137/137 138/138/138 139/139/139 140/140/140
f 153/153/153 154/154/154 155/155/155 156/156/156
f 175/175/175 176/176/176 177/177/177 178/178/178
f 179/179/179 180/180/180 181/181/181
f 197/197/197 198/198/198 199/199/199 200/200/200
f 213/213/213 214/214/214 215/215/215 216/216/216
f 229/229/229 230/230/230 231/231/231 232/232/232
f 245/245/245 246/246/246 247/247/247 248/248/248
f 261/261/261 262/262/262 263/263/263 264/264/264
f 277/277/277 278/278/278 279/279/279 280/280/280
f 293/293/293 294/294/294 295/295/295 296/296/296
f 309/309/309 310/310/310 311/311/311 312/312/312
f 323/323/323 324/324/324 325/325/325
f 337/337/337 338/338/338 339/339/339 340/340/340
f 353/353/353 354/354/354 355/355/355 356/356/356
f 369/369/369 370/370/370 371/371/371 372/372/372
f 385/385/385 386/386/386 387/387/387 388/388/388
f 401/401/401 402/402/402 403/403/403 404/404/404
f 417/417/417 418/418/418 419/419/419 420/420/420
f 433/433/433 434/434/434 435/435/435 436/436/436
f 449/449/449 450/450/450 451/451/451 452/452/452
f 465/465/465 466/466/466 467/467/467 468/468/468
f 481/481/481 482/482/482 483/483/483 484/484/484
f 497/497/497 498/498/498 499/499/499 500/500/500
f 513/513/513 514/514/514 515/515/515 516/516/516
f 529/529/529 530/530/530 531/531/531 532/532/532
f 545/545/545 546/546/546 547/547/547 548/548/548
f 561/561/561 562/562/562 563/563/563 564/564/564
f 577/577/577 578/578/578 579/579/579 580/580/580
f 593/593/593 594/594/594 595/595/595 596/596/596
f 609/609/609 610/610/610 611/611/611 612/612/612
f 625/625/625 626/626/626 627/627/627 628/628/628
f 647/647/647 648/648/648 649/649/649 650/650/650
f 651/651/651 652/652/652 653/653/653
f 669/669/669 670/670/670 671/671/671 672/672/672
f 685/685/685 686/686/686 687/687/687 688/688/688
f 701/701/701 702/702/702 703/703/703 704/704/704
f 717/717/717 718/718/718 719/719/719 720/720/720
f 733/733/733 734/734/734 735/735/735 736/736/736
f 749/749/749 750/750/750 751/751/751 752/752/752
f 765/765/765 766/766/766 767/767/767 768/768/768
f 781/781/781 782/782/782 783/783/783 784/784/784
f 797/797/797 798/798/798 799/799/799 800/800/800
f 813/813/813 814/814/814 815/815/815 816/816/816
f 829/829/829 830/830/830 831/831/831 832/832/832
f 845/845/845 846/846/846 847/847/847 848/848/848
f 861/861/861 862/862/862 863/863/863 864/864/864
f 877/877/877 878/878/878 879/879/879 880/880/880
f 893/893/893 894/894/894 895/895/895 896/896/896
f 909/909/909 910/910/910 911/911/911 912/912/912
f 931/931/931 932/932/932 933/933/933 934/934/934
f 935/935/935 936/936/936 937/937/937
f 953/953/953 954/954/954 955/955/955 956/956/956
f 969/969/969 970/970/970 971/971/971 972/972/972
f 985/985/985 986/986/986 987/987/987 988/988/988
f 1001/1001/1001 1002/1002/1002 1003/1003/1003 1004/1004/1004
f 1017/1017/1017 1018/1018/1018 1019/1019/1019 1020/1020/1020
f 1033/1033/1033 1034/1034/1034 1035/1035/1035 1036/1036/1036
f 1049/1049/1049 1050/1050/1050 1051/1051/1051 1052/1052/1052
f 1065/1065/1065 1066/1066/1066 1067/1067/1067 1068/1068/1068
f 1081/1081/1081 1082/1082/1082 1083/1083/1083 1084/1084/1084
f 1097/1097/1097 1098/1098/1098 1099/1099/1099 1100/1100/1100
f 1113/1113/1113 1114/1114/1114 1115/1115/1115 1116/1116/1116
f 1129/1129/1129 1130/1130/1130 1131/1131/1131 1132/1132/1132
f 1145/1145/1145 1146/1146/1146 1147/1147/1147 1148/1148/1148
f 1161/1161/1161 1162/1162/1162 1163/1163/1163 1164/1164/1164
f 1177/1177/1177 1178/1178/1178 1179/1179/1179 1180/1180/1180
f 1193/1193/1193 1194/1194/1194 1195/1195/1195 1196/1196/1196
f 1209/1209/1209 1210/1210/1210 1211/1211/1211 1212/1212/1212
f 1225/1225/1225 1226/1226/1226 1227/1227/1227 1228/1228/1228
f 1241/1241/1241 1242/1242/1242 1243/1243/1243 1244/1244/1244
usemtl skin
f 1249/1249/1249 1250/1250/1250 1251/1251/1251 1252/1252/1252
f 1265/1265/1265 1266/1266/1266 1267/1267/1267 1268/1268/1268
f 1281/1281/1281 1282/1282/1282 1283/1283/1283 1284/1284/1284
f 1297/1297/1297 1298/1298/1298 1299/1299/1299 1300/1300/1300
f 1313/1313/1313 1314/1314/1314 1315/1315/1315 1316/1316/1316
f 1329/1329/1329 1330/1330/1330 1331/1331/1331 1332/1332/1332
f 1345/1345/1345 1346/1346/1346 1347/1347/1347 1348/1348/1348
f 1361/1361/1361 1362/1362/1362 1363/1363/1363 1364/1364/1364
f 1377/1377/1377 1378/1378/1378 1379/1379/1379 1380/1380/1380
f 1393/1393/1393 1394/1394/1394 1395/1395/1395 1396/1396/1396
f 1409/1409/1409 1410/1410/1410 1411/1411/1411 1412/1412/1412
f 1425/1425/1425 1426/1426/1426 1427/1427/1427 1428/1428/1428
f 1441/1441/1441 1442/1442/1442 1443/1443/1443 1444/1444/1444
f 1457/1457/1457 1458/1458/1458 1459/1459/1459 1460/1460/1460
f 1473/1473/1473 1474/1474/1474 1475/1475/1475 1476/1476/1476
f 1489/1489/1489 1490/1490/1490 1491/1491/1491 1492/1492/1492
f 1505/1505/1505 1506/1506/1506 1507/1507/1507 1508/1508/1508
f 1521/1521/1521 1522/1522/1522 1523/1523/1523 1524/1524/1524
f 1537/1537/1537 1538/1538/1538 1539/1539/1539 1540/1540/1540
f 1553/1553/1553 1554/1554/1554 1555/1555/1555 1556/1556/1556
f 1569/1569/1569 1570/1570/1570 1571/1571/1571 1572/1572/1572
f 1585/1585/1585 1586/1586/1586 1587/1587/1587 1588/1588/1588
f 1601/1601/1601 1602/1602/1602 1603/1603/1603 1604/1604/1604
f 1617/1617/1617 1618/1618/1618 1619/1619/1619 1620/1620/1620
f 1633/1633/1633 1634/1634/1634 1635/1635/1635 1636/1636/1636
f 1649/1649/1649 1650/1650/1650 1651/1651/1651 1652/1652/1652
f 1665/1665/1665 1666/1666/1666 1667/1667/1667 1668/1668/1668
f 1681/1681/1681 1682/1682/1682 1683/1683/1683 1684/1684/1684
f 1697/1697/1697 1698/1698/1698 1699/1699/1699 1700/1700/1700
f 1713/1713/1713 1714/1714/1714 1715/1715/1715 1716/1716/1716
f 1729/1729/1729 1730/1730/1730 1731/1731/1731 1732/1732/1732
f 1745/1745/1745 1746/1746/1746 1747/1747/1747 1748/1748/1748
f 1761/1761/1761 1762/1762/1762 1763/1763/1763 1764/1764/1764
f 1777/1777/1777 1778/1778/1778 1779/1779/1779 1780/1780/1780
f 1793/1793/1793 1794/1794/1794 1795/1795/1795 1796/1796/1796
f 1809/1809/1809 1810/1810/1810 1811/1811/1811 1812/1812/1812
f 1825/1825/1825 1826/1826/1826 1827/1827/1827 1828/1828/1828
f 1841/1841/1841 1842/1842/1842 1843/1843/1843 1844/1844/1844
f 1857/1857/1857 1858/1858/1858 1859/1859/1859 1860/1860/1860
f 1873/1873/1873 1874/1874/1874 1875/1875/1875 1876/1876/1876
f 1889/1889/1889 1890/1890/1890 1891/1891/1891 1892/1892/1892
f 1905/1905/1905 1906/1906/1906 1907/1907/1907 1908/1908/1908
f 1921/1921/1921 1922/1922/1922 1923/1923/1923 1924/1924/1924
f 1937/1937/1937 1938/1938/1938 1939/1939/1939 1940/1940/1940
f 1953/1953/1953 1954/1954/1954 1955/1955/1955 1956/1956/1956
f 1969/1969/1969 1970/1970/1970 1971/1971/1971 1972/1972/1972
f 1985/1985/1985 1986/1986/1986 1987/1987/1987 1988/1988/1988
f 2001/2001/2001 2002/2002/2002 2003/2003/2003 2004/2004/2004
f 2017/2017/2017 2018/2018/2018 2019/2019/2019 2020/2020/2020
f 2033/2033/2033 2034/2034/2034 2035/2035/2035 2036/2036/2036
f 2049/2049/2049 2050/2050/2050 2051/2051/2051 2052/2052/2052
f 2065/2065/2065 2066/2066/2066 2067/2067/2067 2068/2068/2068
f 2081/2081/2081 2082/2082/2082 2083/2083/2083 2084/2084/2084
f 2097/2097/2097 2098/2098/2098 2099/2099/2099 2100/2100/2100
f 2113/2113/2113 2114/2114/2114 2115/2115/2115 2116/2116/2116
f 2129/2129/2129 2130/2130/2130 2131/2131/2131 2132/2132/2132
usemtl under
f 5/5/5 6/6/6 7/7/7 8/8/8
f 21/21/21 22/22/22 23/23/23 24/24/24
f 37/37/37 38/38/38 39/39/39 40/40/40
f 53/53/53 54/54/54 55/55/55 56/56/56
f 69/69/69 70/70/70 71/71/71 72/72/72
f 85/85/85 86/86/86 87/87/87 88/88/88
f 101/101/101 102/102/102 103/103/103 104/104/104
f 117/117/117 118/118/118 119/119/119 120/120/120
f 133/133/133 134/134/134 135/135/135 136/136/136
f 149/149/149 150/150/150 151/151/151 152/152/152
f 168/168/168 169/169/169 170/170/170 171/171/171
f 172/172/172 173/173/173 174/174/174
f 193/193/193 194/194/194 195/195/195 196/196/196
f 209/209/209 210/210/210 211/211/211 212/212/212
f 225/225/225 226/226/226 227/227/227 228/228/228
f 241/241/241 242/242/242 243/243/243 244/244/244
f 257/257/257 258/258/258 259/259/259 260/260/260
f 273/273/273 274/274/274 275/275/275 276/276/276
f 289/289/289 290/290/290 291/291/291 292/292/292
f 305/305/305 306/306/306 307/307/307 308/308/308
f 320/320/320 321/321/321 322/322/322
f 333/333/333 334/334/334 335/335/335 336/336/336
f 349/349/349 350/350/350 351/351/351 352/352/352
f 365/365/365 366/366/366 367/367/367 368/368/368
f 381/381/381 382/382/382 383/383/383 384/384/384
f 397/397/397 398/398/398 399/399/399 400/400/400
f 413/413/413 414/414/414 415/415/415 416/416/416
f 429/429/429 430/430/430 431/431/431 432/432/432
f 445/445/445 446/446/446 447/447/447 448/448/448
f 461/461/461 462/462/462 463/463/463 464/464/464
f 477/477/477 478/478/478 479/479/479 480/480/480
f 493/493/493 494/494/494 495/495/495 496/496/496
f 509/509/509 510/510/510 511/511/511 512/512/512
f 525/525/525 526/526/526 527/527/527 528/528/528
f 541/541/541 542/542/542 543/543/543 544/544/544
f 557/557/557 558/558/558 559/559/559 560/560/560
f 573/573/573 574/574/574 575/575/575 576/576/576
f 589/589/589 590/590/590 591/591/591 592/592/592
f 605/605/605 606/606/606 607/607/607 608/608/608
f 621/621/621 622/622/622 623/623/623 624/624/624
f 640/640/640 641/641/641 642/642/642 643/643/643
f 644/644/644 645/645/645 646/646/646
f 665/665/665 666/666/666 667/667/667 668/668/668
f 681/681/681 682/682/682 683/683/683 684/684/684
f 697/697/697 698/698/698 699/699/699 700/700/700
f 713/713/713 714/714/714 715/715/715 716/716/716
f 729/729/729 730/730/730 731/731/731 732/732/732
f 745/745/745 746/746/746 747/747/747 748/748/748
f 761/761/761 762/762/762 763/763/763 764/764/764
f 777/777/777 778/778/778 779/779/779 780/780/780
f 793/793/793 794/794/794 795/795/795 796/796/796
f 809/809/809 810/810/810 811/811/811 812/812/812
f 825/825/825 826/826/826 827/827/827 828/828/828
f 841/841/841 842/842/842 843/843/843 844/844/844
f 857/857/857 858/858/858 859/859/859 860/860/860
f 873/873/873 874/874/874 875/875/875 876/876/876
f 889/889/889 890/890/890 891/891/891 892/892/892
f 905/905/905 906/906/906 907/907/907 908/908/908
f 924/924/924 925/925/925 926/926/926 927/927/927
f 928/928/928 929/929/929 930/930/930
f 949/949/949 950/950/950 951/951/951 952/952/952
f 965/965/965 966/966/966 967/967/967 968/968/968
f 981/981/981 982/982/982 983/983/983 984/984/984
f 997/997/997 998/998/998 999/999/999 1000/1000/1000
f 1013/1013/1013 1014/1014/1014 1015/1015/1015 1016/1016/1016
f 1029/1029/1029 1030/1030/1030 1031/1031/1031 1032/1032/1032
f 1045/1045/1045 1046/1046/1046 1047/1047/1047 1048/1048/1048
f 1061/1061/1061 1062/1062/1062 1063/1063/1063 1064/1064/1064
f 1077/1077/1077 1078/1078/1078 1079/1079/1079 1080/1080/1080
f 1093/1093/1093 1094/1094/1094 1095/1095/1095 1096/1096/1096
f 1109/1109/1109 1110/1110/1110 1111/1111/1111 1112/1112/1112
f 1125/1125/1125 1126/1126/1126 1127/1127/1127 1128/1128/1128
f 1141/1141/1141 1142/1142/1142 1143/1143/1143 1144/1144/1144
f 1157/1157/1157 1158/1158/1158 1159/1159/1159 1160/1160/1160
f 1173/1173/1173 1174/1174/1174 1175/1175/1175 1176/1176/1176
f 1189/1189/1189 1190/1190/1190 1191/1191/1191 1192/1192/1192
f 1205/1205/1205 1206/1206/1206 1207/1207/1207 1208/1208/1208
f 1221/1221/1221 1222/1222/1222 1223/1223/1223 1224/1224/1224
f 1237/1237/1237 1238/1238/1238 1239/1239/1239 1240/1240/1240
