# Procedurally generated by dev-env-utils/scripts/gen_firealarm_obj.py
# System Sensor L-Series ceiling ceiling_hornstrobe
mtllib systemsensor_lseries_ceiling_hornstrobe.mtl
o lseries_ceiling_hornstrobe
v 0.503027 0.503296 0.900000
v 0.480143 0.925486 0.900000
v 0.526671 0.925488 0.900000
v 0.503027 0.503296 0.900000
v 0.436943 0.919921 0.900000
v 0.480143 0.925486 0.900000
v 0.503027 0.503296 0.900000
v 0.397061 0.912182 0.900000
v 0.436943 0.919921 0.900000
v 0.503027 0.503296 0.900000
v 0.360499 0.901563 0.900000
v 0.397061 0.912182 0.900000
v 0.503027 0.503296 0.900000
v 0.323951 0.885589 0.900000
v 0.360499 0.901563 0.900000
v 0.503027 0.503296 0.900000
v 0.287403 0.865638 0.900000
v 0.323951 0.885589 0.900000
v 0.503027 0.503296 0.900000
v 0.254180 0.843028 0.900000
v 0.287403 0.865638 0.900000
v 0.503027 0.503296 0.900000
v 0.220905 0.819152 0.900000
v 0.254180 0.843028 0.900000
v 0.503027 0.503296 0.900000
v 0.187671 0.785916 0.900000
v 0.220905 0.819152 0.900000
v 0.503027 0.503296 0.900000
v 0.163796 0.752640 0.900000
v 0.187671 0.785916 0.900000
v 0.503027 0.503296 0.900000
v 0.141188 0.719417 0.900000
v 0.163796 0.752640 0.900000
v 0.503027 0.503296 0.900000
v 0.121239 0.682868 0.900000
v 0.141188 0.719417 0.900000
v 0.503027 0.503296 0.900000
v 0.104615 0.642992 0.900000
v 0.121239 0.682868 0.900000
v 0.503027 0.503296 0.900000
v 0.093308 0.606438 0.900000
v 0.104615 0.642992 0.900000
v 0.503027 0.503296 0.900000
v 0.085138 0.566559 0.900000
v 0.093308 0.606438 0.900000
v 0.503027 0.503296 0.900000
v 0.081354 0.523354 0.900000
v 0.085138 0.566559 0.900000
v 0.503027 0.503296 0.900000
v 0.081349 0.480152 0.900000
v 0.081354 0.523354 0.900000
v 0.503027 0.503296 0.900000
v 0.086914 0.436953 0.900000
v 0.081349 0.480152 0.900000
v 0.503027 0.503296 0.900000
v 0.094652 0.397072 0.900000
v 0.086914 0.436953 0.900000
v 0.503027 0.503296 0.900000
v 0.105269 0.360510 0.900000
v 0.094652 0.397072 0.900000
v 0.503027 0.503296 0.900000
v 0.121241 0.323963 0.900000
v 0.105269 0.360510 0.900000
v 0.503027 0.503296 0.900000
v 0.139834 0.287398 0.900000
v 0.121241 0.323963 0.900000
v 0.503027 0.503296 0.900000
v 0.161091 0.254155 0.900000
v 0.139834 0.287398 0.900000
v 0.503027 0.503296 0.900000
v 0.187674 0.220917 0.900000
v 0.161091 0.254155 0.900000
v 0.503027 0.503296 0.900000
v 0.220909 0.187681 0.900000
v 0.187674 0.220917 0.900000
v 0.503027 0.503296 0.900000
v 0.254147 0.161097 0.900000
v 0.220909 0.187681 0.900000
v 0.503027 0.503296 0.900000
v 0.287389 0.139839 0.900000
v 0.254147 0.161097 0.900000
v 0.503027 0.503296 0.900000
v 0.323954 0.121246 0.900000
v 0.287389 0.139839 0.900000
v 0.503027 0.503296 0.900000
v 0.363829 0.104621 0.900000
v 0.323954 0.121246 0.900000
v 0.503027 0.503296 0.900000
v 0.400383 0.093312 0.900000
v 0.363829 0.104621 0.900000
v 0.503027 0.503296 0.900000
v 0.440270 0.087092 0.900000
v 0.400383 0.093312 0.900000
v 0.503027 0.503296 0.900000
v 0.483467 0.081354 0.900000
v 0.440270 0.087092 0.900000
v 0.503027 0.503296 0.900000
v 0.526671 0.081348 0.900000
v 0.483467 0.081354 0.900000
v 0.503027 0.503296 0.900000
v 0.569870 0.086912 0.900000
v 0.526671 0.081348 0.900000
v 0.503027 0.503296 0.900000
v 0.609753 0.094649 0.900000
v 0.569870 0.086912 0.900000
v 0.503027 0.503296 0.900000
v 0.646315 0.105265 0.900000
v 0.609753 0.094649 0.900000
v 0.503027 0.503296 0.900000
v 0.682852 0.122371 0.900000
v 0.646315 0.105265 0.900000
v 0.503027 0.503296 0.900000
v 0.719414 0.141187 0.900000
v 0.682852 0.122371 0.900000
v 0.503027 0.503296 0.900000
v 0.752639 0.163795 0.900000
v 0.719414 0.141187 0.900000
v 0.503027 0.503296 0.900000
v 0.785915 0.187670 0.900000
v 0.752639 0.163795 0.900000
v 0.503027 0.503296 0.900000
v 0.819152 0.220906 0.900000
v 0.785915 0.187670 0.900000
v 0.503027 0.503296 0.900000
v 0.843029 0.254181 0.900000
v 0.819152 0.220906 0.900000
v 0.503027 0.503296 0.900000
v 0.864282 0.287422 0.900000
v 0.843029 0.254181 0.900000
v 0.503027 0.503296 0.900000
v 0.884457 0.323967 0.900000
v 0.864282 0.287422 0.900000
v 0.503027 0.503296 0.900000
v 0.902216 0.363831 0.900000
v 0.884457 0.323967 0.900000
v 0.503027 0.503296 0.900000
v 0.912160 0.400396 0.900000
v 0.902216 0.363831 0.900000
v 0.503027 0.503296 0.900000
v 0.919745 0.440276 0.900000
v 0.912160 0.400396 0.900000
v 0.503027 0.503296 0.900000
v 0.925482 0.483474 0.900000
v 0.919745 0.440276 0.900000
v 0.503027 0.503296 0.900000
v 0.925487 0.526679 0.900000
v 0.925482 0.483474 0.900000
v 0.503027 0.503296 0.900000
v 0.919923 0.569880 0.900000
v 0.925487 0.526679 0.900000
v 0.503027 0.503296 0.900000
v 0.912185 0.609763 0.900000
v 0.919923 0.569880 0.900000
v 0.503027 0.503296 0.900000
v 0.901567 0.646327 0.900000
v 0.912185 0.609763 0.900000
v 0.503027 0.503296 0.900000
v 0.884460 0.682864 0.900000
v 0.901567 0.646327 0.900000
v 0.503027 0.503296 0.900000
v 0.864285 0.719409 0.900000
v 0.884460 0.682864 0.900000
v 0.503027 0.503296 0.900000
v 0.843033 0.752650 0.900000
v 0.864285 0.719409 0.900000
v 0.503027 0.503296 0.900000
v 0.817805 0.785908 0.900000
v 0.843033 0.752650 0.900000
v 0.503027 0.503296 0.900000
v 0.785919 0.819163 0.900000
v 0.817805 0.785908 0.900000
v 0.503027 0.503296 0.900000
v 0.752660 0.844393 0.900000
v 0.785919 0.819163 0.900000
v 0.503027 0.503296 0.900000
v 0.719417 0.865647 0.900000
v 0.752660 0.844393 0.900000
v 0.503027 0.503296 0.900000
v 0.682867 0.885598 0.900000
v 0.719417 0.865647 0.900000
v 0.503027 0.503296 0.900000
v 0.642990 0.902221 0.900000
v 0.682867 0.885598 0.900000
v 0.503027 0.503296 0.900000
v 0.606425 0.912164 0.900000
v 0.642990 0.902221 0.900000
v 0.503027 0.503296 0.900000
v 0.566545 0.919747 0.900000
v 0.606425 0.912164 0.900000
v 0.503027 0.503296 0.900000
v 0.526671 0.925488 0.900000
v 0.566545 0.919747 0.900000
v 0.526671 0.925488 0.900000
v 0.480143 0.925486 0.900000
v 0.480143 0.925486 1.000000
v 0.526671 0.925488 0.900000
v 0.480143 0.925486 1.000000
v 0.526671 0.925488 1.000000
v 0.480143 0.925486 0.900000
v 0.436943 0.919921 0.900000
v 0.436943 0.919921 1.000000
v 0.480143 0.925486 0.900000
v 0.436943 0.919921 1.000000
v 0.480143 0.925486 1.000000
v 0.436943 0.919921 0.900000
v 0.397061 0.912182 0.900000
v 0.397061 0.912182 1.000000
v 0.436943 0.919921 0.900000
v 0.397061 0.912182 1.000000
v 0.436943 0.919921 1.000000
v 0.397061 0.912182 0.900000
v 0.360499 0.901563 0.900000
v 0.360499 0.901563 1.000000
v 0.397061 0.912182 0.900000
v 0.360499 0.901563 1.000000
v 0.397061 0.912182 1.000000
v 0.360499 0.901563 0.900000
v 0.323951 0.885589 0.900000
v 0.323951 0.885589 1.000000
v 0.360499 0.901563 0.900000
v 0.323951 0.885589 1.000000
v 0.360499 0.901563 1.000000
v 0.323951 0.885589 0.900000
v 0.287403 0.865638 0.900000
v 0.287403 0.865638 1.000000
v 0.323951 0.885589 0.900000
v 0.287403 0.865638 1.000000
v 0.323951 0.885589 1.000000
v 0.287403 0.865638 0.900000
v 0.254180 0.843028 0.900000
v 0.254180 0.843028 1.000000
v 0.287403 0.865638 0.900000
v 0.254180 0.843028 1.000000
v 0.287403 0.865638 1.000000
v 0.254180 0.843028 0.900000
v 0.220905 0.819152 0.900000
v 0.220905 0.819152 1.000000
v 0.254180 0.843028 0.900000
v 0.220905 0.819152 1.000000
v 0.254180 0.843028 1.000000
v 0.220905 0.819152 0.900000
v 0.187671 0.785916 0.900000
v 0.187671 0.785916 1.000000
v 0.220905 0.819152 0.900000
v 0.187671 0.785916 1.000000
v 0.220905 0.819152 1.000000
v 0.187671 0.785916 0.900000
v 0.163796 0.752640 0.900000
v 0.163796 0.752640 1.000000
v 0.187671 0.785916 0.900000
v 0.163796 0.752640 1.000000
v 0.187671 0.785916 1.000000
v 0.163796 0.752640 0.900000
v 0.141188 0.719417 0.900000
v 0.141188 0.719417 1.000000
v 0.163796 0.752640 0.900000
v 0.141188 0.719417 1.000000
v 0.163796 0.752640 1.000000
v 0.141188 0.719417 0.900000
v 0.121239 0.682868 0.900000
v 0.121239 0.682868 1.000000
v 0.141188 0.719417 0.900000
v 0.121239 0.682868 1.000000
v 0.141188 0.719417 1.000000
v 0.121239 0.682868 0.900000
v 0.104615 0.642992 0.900000
v 0.104615 0.642992 1.000000
v 0.121239 0.682868 0.900000
v 0.104615 0.642992 1.000000
v 0.121239 0.682868 1.000000
v 0.104615 0.642992 0.900000
v 0.093308 0.606438 0.900000
v 0.093308 0.606438 1.000000
v 0.104615 0.642992 0.900000
v 0.093308 0.606438 1.000000
v 0.104615 0.642992 1.000000
v 0.093308 0.606438 0.900000
v 0.085138 0.566559 0.900000
v 0.085138 0.566559 1.000000
v 0.093308 0.606438 0.900000
v 0.085138 0.566559 1.000000
v 0.093308 0.606438 1.000000
v 0.085138 0.566559 0.900000
v 0.081354 0.523354 0.900000
v 0.081354 0.523354 1.000000
v 0.085138 0.566559 0.900000
v 0.081354 0.523354 1.000000
v 0.085138 0.566559 1.000000
v 0.081354 0.523354 0.900000
v 0.081349 0.480152 0.900000
v 0.081349 0.480152 1.000000
v 0.081354 0.523354 0.900000
v 0.081349 0.480152 1.000000
v 0.081354 0.523354 1.000000
v 0.081349 0.480152 0.900000
v 0.086914 0.436953 0.900000
v 0.086914 0.436953 1.000000
v 0.081349 0.480152 0.900000
v 0.086914 0.436953 1.000000
v 0.081349 0.480152 1.000000
v 0.086914 0.436953 0.900000
v 0.094652 0.397072 0.900000
v 0.094652 0.397072 1.000000
v 0.086914 0.436953 0.900000
v 0.094652 0.397072 1.000000
v 0.086914 0.436953 1.000000
v 0.094652 0.397072 0.900000
v 0.105269 0.360510 0.900000
v 0.105269 0.360510 1.000000
v 0.094652 0.397072 0.900000
v 0.105269 0.360510 1.000000
v 0.094652 0.397072 1.000000
v 0.105269 0.360510 0.900000
v 0.121241 0.323963 0.900000
v 0.121241 0.323963 1.000000
v 0.105269 0.360510 0.900000
v 0.121241 0.323963 1.000000
v 0.105269 0.360510 1.000000
v 0.121241 0.323963 0.900000
v 0.139834 0.287398 0.900000
v 0.139834 0.287398 1.000000
v 0.121241 0.323963 0.900000
v 0.139834 0.287398 1.000000
v 0.121241 0.323963 1.000000
v 0.139834 0.287398 0.900000
v 0.161091 0.254155 0.900000
v 0.161091 0.254155 1.000000
v 0.139834 0.287398 0.900000
v 0.161091 0.254155 1.000000
v 0.139834 0.287398 1.000000
v 0.161091 0.254155 0.900000
v 0.187674 0.220917 0.900000
v 0.187674 0.220917 1.000000
v 0.161091 0.254155 0.900000
v 0.187674 0.220917 1.000000
v 0.161091 0.254155 1.000000
v 0.187674 0.220917 0.900000
v 0.220909 0.187681 0.900000
v 0.220909 0.187681 1.000000
v 0.187674 0.220917 0.900000
v 0.220909 0.187681 1.000000
v 0.187674 0.220917 1.000000
v 0.220909 0.187681 0.900000
v 0.254147 0.161097 0.900000
v 0.254147 0.161097 1.000000
v 0.220909 0.187681 0.900000
v 0.254147 0.161097 1.000000
v 0.220909 0.187681 1.000000
v 0.254147 0.161097 0.900000
v 0.287389 0.139839 0.900000
v 0.287389 0.139839 1.000000
v 0.254147 0.161097 0.900000
v 0.287389 0.139839 1.000000
v 0.254147 0.161097 1.000000
v 0.287389 0.139839 0.900000
v 0.323954 0.121246 0.900000
v 0.323954 0.121246 1.000000
v 0.287389 0.139839 0.900000
v 0.323954 0.121246 1.000000
v 0.287389 0.139839 1.000000
v 0.323954 0.121246 0.900000
v 0.363829 0.104621 0.900000
v 0.363829 0.104621 1.000000
v 0.323954 0.121246 0.900000
v 0.363829 0.104621 1.000000
v 0.323954 0.121246 1.000000
v 0.363829 0.104621 0.900000
v 0.400383 0.093312 0.900000
v 0.400383 0.093312 1.000000
v 0.363829 0.104621 0.900000
v 0.400383 0.093312 1.000000
v 0.363829 0.104621 1.000000
v 0.400383 0.093312 0.900000
v 0.440270 0.087092 0.900000
v 0.440270 0.087092 1.000000
v 0.400383 0.093312 0.900000
v 0.440270 0.087092 1.000000
v 0.400383 0.093312 1.000000
v 0.440270 0.087092 0.900000
v 0.483467 0.081354 0.900000
v 0.483467 0.081354 1.000000
v 0.440270 0.087092 0.900000
v 0.483467 0.081354 1.000000
v 0.440270 0.087092 1.000000
v 0.483467 0.081354 0.900000
v 0.526671 0.081348 0.900000
v 0.526671 0.081348 1.000000
v 0.483467 0.081354 0.900000
v 0.526671 0.081348 1.000000
v 0.483467 0.081354 1.000000
v 0.526671 0.081348 0.900000
v 0.569870 0.086912 0.900000
v 0.569870 0.086912 1.000000
v 0.526671 0.081348 0.900000
v 0.569870 0.086912 1.000000
v 0.526671 0.081348 1.000000
v 0.569870 0.086912 0.900000
v 0.609753 0.094649 0.900000
v 0.609753 0.094649 1.000000
v 0.569870 0.086912 0.900000
v 0.609753 0.094649 1.000000
v 0.569870 0.086912 1.000000
v 0.609753 0.094649 0.900000
v 0.646315 0.105265 0.900000
v 0.646315 0.105265 1.000000
v 0.609753 0.094649 0.900000
v 0.646315 0.105265 1.000000
v 0.609753 0.094649 1.000000
v 0.646315 0.105265 0.900000
v 0.682852 0.122371 0.900000
v 0.682852 0.122371 1.000000
v 0.646315 0.105265 0.900000
v 0.682852 0.122371 1.000000
v 0.646315 0.105265 1.000000
v 0.682852 0.122371 0.900000
v 0.719414 0.141187 0.900000
v 0.719414 0.141187 1.000000
v 0.682852 0.122371 0.900000
v 0.719414 0.141187 1.000000
v 0.682852 0.122371 1.000000
v 0.719414 0.141187 0.900000
v 0.752639 0.163795 0.900000
v 0.752639 0.163795 1.000000
v 0.719414 0.141187 0.900000
v 0.752639 0.163795 1.000000
v 0.719414 0.141187 1.000000
v 0.752639 0.163795 0.900000
v 0.785915 0.187670 0.900000
v 0.785915 0.187670 1.000000
v 0.752639 0.163795 0.900000
v 0.785915 0.187670 1.000000
v 0.752639 0.163795 1.000000
v 0.785915 0.187670 0.900000
v 0.819152 0.220906 0.900000
v 0.819152 0.220906 1.000000
v 0.785915 0.187670 0.900000
v 0.819152 0.220906 1.000000
v 0.785915 0.187670 1.000000
v 0.819152 0.220906 0.900000
v 0.843029 0.254181 0.900000
v 0.843029 0.254181 1.000000
v 0.819152 0.220906 0.900000
v 0.843029 0.254181 1.000000
v 0.819152 0.220906 1.000000
v 0.843029 0.254181 0.900000
v 0.864282 0.287422 0.900000
v 0.864282 0.287422 1.000000
v 0.843029 0.254181 0.900000
v 0.864282 0.287422 1.000000
v 0.843029 0.254181 1.000000
v 0.864282 0.287422 0.900000
v 0.884457 0.323967 0.900000
v 0.884457 0.323967 1.000000
v 0.864282 0.287422 0.900000
v 0.884457 0.323967 1.000000
v 0.864282 0.287422 1.000000
v 0.884457 0.323967 0.900000
v 0.902216 0.363831 0.900000
v 0.902216 0.363831 1.000000
v 0.884457 0.323967 0.900000
v 0.902216 0.363831 1.000000
v 0.884457 0.323967 1.000000
v 0.902216 0.363831 0.900000
v 0.912160 0.400396 0.900000
v 0.912160 0.400396 1.000000
v 0.902216 0.363831 0.900000
v 0.912160 0.400396 1.000000
v 0.902216 0.363831 1.000000
v 0.912160 0.400396 0.900000
v 0.919745 0.440276 0.900000
v 0.919745 0.440276 1.000000
v 0.912160 0.400396 0.900000
v 0.919745 0.440276 1.000000
v 0.912160 0.400396 1.000000
v 0.919745 0.440276 0.900000
v 0.925482 0.483474 0.900000
v 0.925482 0.483474 1.000000
v 0.919745 0.440276 0.900000
v 0.925482 0.483474 1.000000
v 0.919745 0.440276 1.000000
v 0.925482 0.483474 0.900000
v 0.925487 0.526679 0.900000
v 0.925487 0.526679 1.000000
v 0.925482 0.483474 0.900000
v 0.925487 0.526679 1.000000
v 0.925482 0.483474 1.000000
v 0.925487 0.526679 0.900000
v 0.919923 0.569880 0.900000
v 0.919923 0.569880 1.000000
v 0.925487 0.526679 0.900000
v 0.919923 0.569880 1.000000
v 0.925487 0.526679 1.000000
v 0.919923 0.569880 0.900000
v 0.912185 0.609763 0.900000
v 0.912185 0.609763 1.000000
v 0.919923 0.569880 0.900000
v 0.912185 0.609763 1.000000
v 0.919923 0.569880 1.000000
v 0.912185 0.609763 0.900000
v 0.901567 0.646327 0.900000
v 0.901567 0.646327 1.000000
v 0.912185 0.609763 0.900000
v 0.901567 0.646327 1.000000
v 0.912185 0.609763 1.000000
v 0.901567 0.646327 0.900000
v 0.884460 0.682864 0.900000
v 0.884460 0.682864 1.000000
v 0.901567 0.646327 0.900000
v 0.884460 0.682864 1.000000
v 0.901567 0.646327 1.000000
v 0.884460 0.682864 0.900000
v 0.864285 0.719409 0.900000
v 0.864285 0.719409 1.000000
v 0.884460 0.682864 0.900000
v 0.864285 0.719409 1.000000
v 0.884460 0.682864 1.000000
v 0.864285 0.719409 0.900000
v 0.843033 0.752650 0.900000
v 0.843033 0.752650 1.000000
v 0.864285 0.719409 0.900000
v 0.843033 0.752650 1.000000
v 0.864285 0.719409 1.000000
v 0.843033 0.752650 0.900000
v 0.817805 0.785908 0.900000
v 0.817805 0.785908 1.000000
v 0.843033 0.752650 0.900000
v 0.817805 0.785908 1.000000
v 0.843033 0.752650 1.000000
v 0.817805 0.785908 0.900000
v 0.785919 0.819163 0.900000
v 0.785919 0.819163 1.000000
v 0.817805 0.785908 0.900000
v 0.785919 0.819163 1.000000
v 0.817805 0.785908 1.000000
v 0.785919 0.819163 0.900000
v 0.752660 0.844393 0.900000
v 0.752660 0.844393 1.000000
v 0.785919 0.819163 0.900000
v 0.752660 0.844393 1.000000
v 0.785919 0.819163 1.000000
v 0.752660 0.844393 0.900000
v 0.719417 0.865647 0.900000
v 0.719417 0.865647 1.000000
v 0.752660 0.844393 0.900000
v 0.719417 0.865647 1.000000
v 0.752660 0.844393 1.000000
v 0.719417 0.865647 0.900000
v 0.682867 0.885598 0.900000
v 0.682867 0.885598 1.000000
v 0.719417 0.865647 0.900000
v 0.682867 0.885598 1.000000
v 0.719417 0.865647 1.000000
v 0.682867 0.885598 0.900000
v 0.642990 0.902221 0.900000
v 0.642990 0.902221 1.000000
v 0.682867 0.885598 0.900000
v 0.642990 0.902221 1.000000
v 0.682867 0.885598 1.000000
v 0.642990 0.902221 0.900000
v 0.606425 0.912164 0.900000
v 0.606425 0.912164 1.000000
v 0.642990 0.902221 0.900000
v 0.606425 0.912164 1.000000
v 0.642990 0.902221 1.000000
v 0.606425 0.912164 0.900000
v 0.566545 0.919747 0.900000
v 0.566545 0.919747 1.000000
v 0.606425 0.912164 0.900000
v 0.566545 0.919747 1.000000
v 0.606425 0.912164 1.000000
v 0.566545 0.919747 0.900000
v 0.526671 0.925488 0.900000
v 0.526671 0.925488 1.000000
v 0.566545 0.919747 0.900000
v 0.526671 0.925488 1.000000
v 0.566545 0.919747 1.000000
v 0.503027 0.503296 1.000000
v 0.526671 0.925488 1.000000
v 0.480143 0.925486 1.000000
v 0.503027 0.503296 1.000000
v 0.480143 0.925486 1.000000
v 0.436943 0.919921 1.000000
v 0.503027 0.503296 1.000000
v 0.436943 0.919921 1.000000
v 0.397061 0.912182 1.000000
v 0.503027 0.503296 1.000000
v 0.397061 0.912182 1.000000
v 0.360499 0.901563 1.000000
v 0.503027 0.503296 1.000000
v 0.360499 0.901563 1.000000
v 0.323951 0.885589 1.000000
v 0.503027 0.503296 1.000000
v 0.323951 0.885589 1.000000
v 0.287403 0.865638 1.000000
v 0.503027 0.503296 1.000000
v 0.287403 0.865638 1.000000
v 0.254180 0.843028 1.000000
v 0.503027 0.503296 1.000000
v 0.254180 0.843028 1.000000
v 0.220905 0.819152 1.000000
v 0.503027 0.503296 1.000000
v 0.220905 0.819152 1.000000
v 0.187671 0.785916 1.000000
v 0.503027 0.503296 1.000000
v 0.187671 0.785916 1.000000
v 0.163796 0.752640 1.000000
v 0.503027 0.503296 1.000000
v 0.163796 0.752640 1.000000
v 0.141188 0.719417 1.000000
v 0.503027 0.503296 1.000000
v 0.141188 0.719417 1.000000
v 0.121239 0.682868 1.000000
v 0.503027 0.503296 1.000000
v 0.121239 0.682868 1.000000
v 0.104615 0.642992 1.000000
v 0.503027 0.503296 1.000000
v 0.104615 0.642992 1.000000
v 0.093308 0.606438 1.000000
v 0.503027 0.503296 1.000000
v 0.093308 0.606438 1.000000
v 0.085138 0.566559 1.000000
v 0.503027 0.503296 1.000000
v 0.085138 0.566559 1.000000
v 0.081354 0.523354 1.000000
v 0.503027 0.503296 1.000000
v 0.081354 0.523354 1.000000
v 0.081349 0.480152 1.000000
v 0.503027 0.503296 1.000000
v 0.081349 0.480152 1.000000
v 0.086914 0.436953 1.000000
v 0.503027 0.503296 1.000000
v 0.086914 0.436953 1.000000
v 0.094652 0.397072 1.000000
v 0.503027 0.503296 1.000000
v 0.094652 0.397072 1.000000
v 0.105269 0.360510 1.000000
v 0.503027 0.503296 1.000000
v 0.105269 0.360510 1.000000
v 0.121241 0.323963 1.000000
v 0.503027 0.503296 1.000000
v 0.121241 0.323963 1.000000
v 0.139834 0.287398 1.000000
v 0.503027 0.503296 1.000000
v 0.139834 0.287398 1.000000
v 0.161091 0.254155 1.000000
v 0.503027 0.503296 1.000000
v 0.161091 0.254155 1.000000
v 0.187674 0.220917 1.000000
v 0.503027 0.503296 1.000000
v 0.187674 0.220917 1.000000
v 0.220909 0.187681 1.000000
v 0.503027 0.503296 1.000000
v 0.220909 0.187681 1.000000
v 0.254147 0.161097 1.000000
v 0.503027 0.503296 1.000000
v 0.254147 0.161097 1.000000
v 0.287389 0.139839 1.000000
v 0.503027 0.503296 1.000000
v 0.287389 0.139839 1.000000
v 0.323954 0.121246 1.000000
v 0.503027 0.503296 1.000000
v 0.323954 0.121246 1.000000
v 0.363829 0.104621 1.000000
v 0.503027 0.503296 1.000000
v 0.363829 0.104621 1.000000
v 0.400383 0.093312 1.000000
v 0.503027 0.503296 1.000000
v 0.400383 0.093312 1.000000
v 0.440270 0.087092 1.000000
v 0.503027 0.503296 1.000000
v 0.440270 0.087092 1.000000
v 0.483467 0.081354 1.000000
v 0.503027 0.503296 1.000000
v 0.483467 0.081354 1.000000
v 0.526671 0.081348 1.000000
v 0.503027 0.503296 1.000000
v 0.526671 0.081348 1.000000
v 0.569870 0.086912 1.000000
v 0.503027 0.503296 1.000000
v 0.569870 0.086912 1.000000
v 0.609753 0.094649 1.000000
v 0.503027 0.503296 1.000000
v 0.609753 0.094649 1.000000
v 0.646315 0.105265 1.000000
v 0.503027 0.503296 1.000000
v 0.646315 0.105265 1.000000
v 0.682852 0.122371 1.000000
v 0.503027 0.503296 1.000000
v 0.682852 0.122371 1.000000
v 0.719414 0.141187 1.000000
v 0.503027 0.503296 1.000000
v 0.719414 0.141187 1.000000
v 0.752639 0.163795 1.000000
v 0.503027 0.503296 1.000000
v 0.752639 0.163795 1.000000
v 0.785915 0.187670 1.000000
v 0.503027 0.503296 1.000000
v 0.785915 0.187670 1.000000
v 0.819152 0.220906 1.000000
v 0.503027 0.503296 1.000000
v 0.819152 0.220906 1.000000
v 0.843029 0.254181 1.000000
v 0.503027 0.503296 1.000000
v 0.843029 0.254181 1.000000
v 0.864282 0.287422 1.000000
v 0.503027 0.503296 1.000000
v 0.864282 0.287422 1.000000
v 0.884457 0.323967 1.000000
v 0.503027 0.503296 1.000000
v 0.884457 0.323967 1.000000
v 0.902216 0.363831 1.000000
v 0.503027 0.503296 1.000000
v 0.902216 0.363831 1.000000
v 0.912160 0.400396 1.000000
v 0.503027 0.503296 1.000000
v 0.912160 0.400396 1.000000
v 0.919745 0.440276 1.000000
v 0.503027 0.503296 1.000000
v 0.919745 0.440276 1.000000
v 0.925482 0.483474 1.000000
v 0.503027 0.503296 1.000000
v 0.925482 0.483474 1.000000
v 0.925487 0.526679 1.000000
v 0.503027 0.503296 1.000000
v 0.925487 0.526679 1.000000
v 0.919923 0.569880 1.000000
v 0.503027 0.503296 1.000000
v 0.919923 0.569880 1.000000
v 0.912185 0.609763 1.000000
v 0.503027 0.503296 1.000000
v 0.912185 0.609763 1.000000
v 0.901567 0.646327 1.000000
v 0.503027 0.503296 1.000000
v 0.901567 0.646327 1.000000
v 0.884460 0.682864 1.000000
v 0.503027 0.503296 1.000000
v 0.884460 0.682864 1.000000
v 0.864285 0.719409 1.000000
v 0.503027 0.503296 1.000000
v 0.864285 0.719409 1.000000
v 0.843033 0.752650 1.000000
v 0.503027 0.503296 1.000000
v 0.843033 0.752650 1.000000
v 0.817805 0.785908 1.000000
v 0.503027 0.503296 1.000000
v 0.817805 0.785908 1.000000
v 0.785919 0.819163 1.000000
v 0.503027 0.503296 1.000000
v 0.785919 0.819163 1.000000
v 0.752660 0.844393 1.000000
v 0.503027 0.503296 1.000000
v 0.752660 0.844393 1.000000
v 0.719417 0.865647 1.000000
v 0.503027 0.503296 1.000000
v 0.719417 0.865647 1.000000
v 0.682867 0.885598 1.000000
v 0.503027 0.503296 1.000000
v 0.682867 0.885598 1.000000
v 0.642990 0.902221 1.000000
v 0.503027 0.503296 1.000000
v 0.642990 0.902221 1.000000
v 0.606425 0.912164 1.000000
v 0.503027 0.503296 1.000000
v 0.606425 0.912164 1.000000
v 0.566545 0.919747 1.000000
v 0.503027 0.503296 1.000000
v 0.566545 0.919747 1.000000
v 0.526671 0.925488 1.000000
v 0.638086 0.510254 0.900000
v 0.629449 0.547687 0.877500
v 0.633031 0.548647 0.900000
v 0.638086 0.510254 0.900000
v 0.634377 0.510254 0.877500
v 0.629449 0.547687 0.877500
v 0.633031 0.548647 0.900000
v 0.615001 0.582570 0.877500
v 0.618212 0.584424 0.900000
v 0.633031 0.548647 0.900000
v 0.629449 0.547687 0.877500
v 0.615001 0.582570 0.877500
v 0.618212 0.584424 0.900000
v 0.592016 0.612524 0.877500
v 0.594638 0.615146 0.900000
v 0.618212 0.584424 0.900000
v 0.615001 0.582570 0.877500
v 0.592016 0.612524 0.877500
v 0.594638 0.615146 0.900000
v 0.562062 0.635508 0.877500
v 0.563916 0.638720 0.900000
v 0.594638 0.615146 0.900000
v 0.592016 0.612524 0.877500
v 0.562062 0.635508 0.877500
v 0.563916 0.638720 0.900000
v 0.527179 0.649957 0.877500
v 0.528139 0.653539 0.900000
v 0.563916 0.638720 0.900000
v 0.562062 0.635508 0.877500
v 0.527179 0.649957 0.877500
v 0.528139 0.653539 0.900000
v 0.489746 0.654885 0.877500
v 0.489746 0.658594 0.900000
v 0.528139 0.653539 0.900000
v 0.527179 0.649957 0.877500
v 0.489746 0.654885 0.877500
v 0.489746 0.658594 0.900000
v 0.452313 0.649957 0.877500
v 0.451353 0.653539 0.900000
v 0.489746 0.658594 0.900000
v 0.489746 0.654885 0.877500
v 0.452313 0.649957 0.877500
v 0.451353 0.653539 0.900000
v 0.417430 0.635508 0.877500
v 0.415576 0.638720 0.900000
v 0.451353 0.653539 0.900000
v 0.452313 0.649957 0.877500
v 0.417430 0.635508 0.877500
v 0.415576 0.638720 0.900000
v 0.387476 0.612524 0.877500
v 0.384854 0.615146 0.900000
v 0.415576 0.638720 0.900000
v 0.417430 0.635508 0.877500
v 0.387476 0.612524 0.877500
v 0.384854 0.615146 0.900000
v 0.364492 0.582570 0.877500
v 0.361280 0.584424 0.900000
v 0.384854 0.615146 0.900000
v 0.387476 0.612524 0.877500
v 0.364492 0.582570 0.877500
v 0.361280 0.584424 0.900000
v 0.350043 0.547687 0.877500
v 0.346461 0.548647 0.900000
v 0.361280 0.584424 0.900000
v 0.364492 0.582570 0.877500
v 0.350043 0.547687 0.877500
v 0.346461 0.548647 0.900000
v 0.345115 0.510254 0.877500
v 0.341406 0.510254 0.900000
v 0.346461 0.548647 0.900000
v 0.350043 0.547687 0.877500
v 0.345115 0.510254 0.877500
v 0.341406 0.510254 0.900000
v 0.350043 0.472821 0.877500
v 0.346461 0.471861 0.900000
v 0.341406 0.510254 0.900000
v 0.345115 0.510254 0.877500
v 0.350043 0.472821 0.877500
v 0.346461 0.471861 0.900000
v 0.364492 0.437938 0.877500
v 0.361280 0.436084 0.900000
v 0.346461 0.471861 0.900000
v 0.350043 0.472821 0.877500
v 0.364492 0.437938 0.877500
v 0.361280 0.436084 0.900000
v 0.387476 0.407984 0.877500
v 0.384854 0.405362 0.900000
v 0.361280 0.436084 0.900000
v 0.364492 0.437938 0.877500
v 0.387476 0.407984 0.877500
v 0.384854 0.405362 0.900000
v 0.417430 0.384999 0.877500
v 0.415576 0.381788 0.900000
v 0.384854 0.405362 0.900000
v 0.387476 0.407984 0.877500
v 0.417430 0.384999 0.877500
v 0.415576 0.381788 0.900000
v 0.452313 0.370551 0.877500
v 0.451353 0.366969 0.900000
v 0.415576 0.381788 0.900000
v 0.417430 0.384999 0.877500
v 0.452313 0.370551 0.877500
v 0.451353 0.366969 0.900000
v 0.489746 0.365623 0.877500
v 0.489746 0.361914 0.900000
v 0.451353 0.366969 0.900000
v 0.452313 0.370551 0.877500
v 0.489746 0.365623 0.877500
v 0.489746 0.361914 0.900000
v 0.527179 0.370551 0.877500
v 0.528139 0.366969 0.900000
v 0.489746 0.361914 0.900000
v 0.489746 0.365623 0.877500
v 0.527179 0.370551 0.877500
v 0.528139 0.366969 0.900000
v 0.562062 0.384999 0.877500
v 0.563916 0.381788 0.900000
v 0.528139 0.366969 0.900000
v 0.527179 0.370551 0.877500
v 0.562062 0.384999 0.877500
v 0.563916 0.381788 0.900000
v 0.592016 0.407984 0.877500
v 0.594638 0.405362 0.900000
v 0.563916 0.381788 0.900000
v 0.562062 0.384999 0.877500
v 0.592016 0.407984 0.877500
v 0.594638 0.405362 0.900000
v 0.615001 0.437938 0.877500
v 0.618212 0.436084 0.900000
v 0.594638 0.405362 0.900000
v 0.592016 0.407984 0.877500
v 0.615001 0.437938 0.877500
v 0.618212 0.436084 0.900000
v 0.629449 0.472821 0.877500
v 0.633031 0.471861 0.900000
v 0.618212 0.436084 0.900000
v 0.615001 0.437938 0.877500
v 0.629449 0.472821 0.877500
v 0.633031 0.471861 0.900000
v 0.634377 0.510254 0.877500
v 0.638086 0.510254 0.900000
v 0.633031 0.471861 0.900000
v 0.629449 0.472821 0.877500
v 0.634377 0.510254 0.877500
v 0.634377 0.510254 0.877500
v 0.622285 0.545768 0.860625
v 0.629449 0.547687 0.877500
v 0.634377 0.510254 0.877500
v 0.626960 0.510254 0.860625
v 0.622285 0.545768 0.860625
v 0.629449 0.547687 0.877500
v 0.608577 0.578861 0.860625
v 0.615001 0.582570 0.877500
v 0.629449 0.547687 0.877500
v 0.622285 0.545768 0.860625
v 0.608577 0.578861 0.860625
v 0.615001 0.582570 0.877500
v 0.586771 0.607279 0.860625
v 0.592016 0.612524 0.877500
v 0.615001 0.582570 0.877500
v 0.608577 0.578861 0.860625
v 0.586771 0.607279 0.860625
v 0.592016 0.612524 0.877500
v 0.558353 0.629085 0.860625
v 0.562062 0.635508 0.877500
v 0.592016 0.612524 0.877500
v 0.586771 0.607279 0.860625
v 0.558353 0.629085 0.860625
v 0.562062 0.635508 0.877500
v 0.525260 0.642793 0.860625
v 0.527179 0.649957 0.877500
v 0.562062 0.635508 0.877500
v 0.558353 0.629085 0.860625
v 0.525260 0.642793 0.860625
v 0.527179 0.649957 0.877500
v 0.489746 0.647468 0.860625
v 0.489746 0.654885 0.877500
v 0.527179 0.649957 0.877500
v 0.525260 0.642793 0.860625
v 0.489746 0.647468 0.860625
v 0.489746 0.654885 0.877500
v 0.454232 0.642793 0.860625
v 0.452313 0.649957 0.877500
v 0.489746 0.654885 0.877500
v 0.489746 0.647468 0.860625
v 0.454232 0.642793 0.860625
v 0.452313 0.649957 0.877500
v 0.421139 0.629085 0.860625
v 0.417430 0.635508 0.877500
v 0.452313 0.649957 0.877500
v 0.454232 0.642793 0.860625
v 0.421139 0.629085 0.860625
v 0.417430 0.635508 0.877500
v 0.392721 0.607279 0.860625
v 0.387476 0.612524 0.877500
v 0.417430 0.635508 0.877500
v 0.421139 0.629085 0.860625
v 0.392721 0.607279 0.860625
v 0.387476 0.612524 0.877500
v 0.370915 0.578861 0.860625
v 0.364492 0.582570 0.877500
v 0.387476 0.612524 0.877500
v 0.392721 0.607279 0.860625
v 0.370915 0.578861 0.860625
v 0.364492 0.582570 0.877500
v 0.357207 0.545768 0.860625
v 0.350043 0.547687 0.877500
v 0.364492 0.582570 0.877500
v 0.370915 0.578861 0.860625
v 0.357207 0.545768 0.860625
v 0.350043 0.547687 0.877500
v 0.352532 0.510254 0.860625
v 0.345115 0.510254 0.877500
v 0.350043 0.547687 0.877500
v 0.357207 0.545768 0.860625
v 0.352532 0.510254 0.860625
v 0.345115 0.510254 0.877500
v 0.357207 0.474740 0.860625
v 0.350043 0.472821 0.877500
v 0.345115 0.510254 0.877500
v 0.352532 0.510254 0.860625
v 0.357207 0.474740 0.860625
v 0.350043 0.472821 0.877500
v 0.370915 0.441647 0.860625
v 0.364492 0.437938 0.877500
v 0.350043 0.472821 0.877500
v 0.357207 0.474740 0.860625
v 0.370915 0.441647 0.860625
v 0.364492 0.437938 0.877500
v 0.392721 0.413229 0.860625
v 0.387476 0.407984 0.877500
v 0.364492 0.437938 0.877500
v 0.370915 0.441647 0.860625
v 0.392721 0.413229 0.860625
v 0.387476 0.407984 0.877500
v 0.421139 0.391423 0.860625
v 0.417430 0.384999 0.877500
v 0.387476 0.407984 0.877500
v 0.392721 0.413229 0.860625
v 0.421139 0.391423 0.860625
v 0.417430 0.384999 0.877500
v 0.454232 0.377715 0.860625
v 0.452313 0.370551 0.877500
v 0.417430 0.384999 0.877500
v 0.421139 0.391423 0.860625
v 0.454232 0.377715 0.860625
v 0.452313 0.370551 0.877500
v 0.489746 0.373040 0.860625
v 0.489746 0.365623 0.877500
v 0.452313 0.370551 0.877500
v 0.454232 0.377715 0.860625
v 0.489746 0.373040 0.860625
v 0.489746 0.365623 0.877500
v 0.525260 0.377715 0.860625
v 0.527179 0.370551 0.877500
v 0.489746 0.365623 0.877500
v 0.489746 0.373040 0.860625
v 0.525260 0.377715 0.860625
v 0.527179 0.370551 0.877500
v 0.558353 0.391423 0.860625
v 0.562062 0.384999 0.877500
v 0.527179 0.370551 0.877500
v 0.525260 0.377715 0.860625
v 0.558353 0.391423 0.860625
v 0.562062 0.384999 0.877500
v 0.586771 0.413229 0.860625
v 0.592016 0.407984 0.877500
v 0.562062 0.384999 0.877500
v 0.558353 0.391423 0.860625
v 0.586771 0.413229 0.860625
v 0.592016 0.407984 0.877500
v 0.608577 0.441647 0.860625
v 0.615001 0.437938 0.877500
v 0.592016 0.407984 0.877500
v 0.586771 0.413229 0.860625
v 0.608577 0.441647 0.860625
v 0.615001 0.437938 0.877500
v 0.622285 0.474740 0.860625
v 0.629449 0.472821 0.877500
v 0.615001 0.437938 0.877500
v 0.608577 0.441647 0.860625
v 0.622285 0.474740 0.860625
v 0.629449 0.472821 0.877500
v 0.626960 0.510254 0.860625
v 0.634377 0.510254 0.877500
v 0.629449 0.472821 0.877500
v 0.622285 0.474740 0.860625
v 0.626960 0.510254 0.860625
v 0.626960 0.510254 0.860625
v 0.607240 0.541736 0.849375
v 0.622285 0.545768 0.860625
v 0.626960 0.510254 0.860625
v 0.611385 0.510254 0.849375
v 0.607240 0.541736 0.849375
v 0.622285 0.545768 0.860625
v 0.595088 0.571073 0.849375
v 0.608577 0.578861 0.860625
v 0.622285 0.545768 0.860625
v 0.607240 0.541736 0.849375
v 0.595088 0.571073 0.849375
v 0.608577 0.578861 0.860625
v 0.575758 0.596265 0.849375
v 0.586771 0.607279 0.860625
v 0.608577 0.578861 0.860625
v 0.595088 0.571073 0.849375
v 0.575758 0.596265 0.849375
v 0.586771 0.607279 0.860625
v 0.550565 0.615596 0.849375
v 0.558353 0.629085 0.860625
v 0.586771 0.607279 0.860625
v 0.575758 0.596265 0.849375
v 0.550565 0.615596 0.849375
v 0.558353 0.629085 0.860625
v 0.521228 0.627748 0.849375
v 0.525260 0.642793 0.860625
v 0.558353 0.629085 0.860625
v 0.550565 0.615596 0.849375
v 0.521228 0.627748 0.849375
v 0.525260 0.642793 0.860625
v 0.489746 0.631893 0.849375
v 0.489746 0.647468 0.860625
v 0.525260 0.642793 0.860625
v 0.521228 0.627748 0.849375
v 0.489746 0.631893 0.849375
v 0.489746 0.647468 0.860625
v 0.458264 0.627748 0.849375
v 0.454232 0.642793 0.860625
v 0.489746 0.647468 0.860625
v 0.489746 0.631893 0.849375
v 0.458264 0.627748 0.849375
v 0.454232 0.642793 0.860625
v 0.428927 0.615596 0.849375
v 0.421139 0.629085 0.860625
v 0.454232 0.642793 0.860625
v 0.458264 0.627748 0.849375
v 0.428927 0.615596 0.849375
v 0.421139 0.629085 0.860625
v 0.403735 0.596265 0.849375
v 0.392721 0.607279 0.860625
v 0.421139 0.629085 0.860625
v 0.428927 0.615596 0.849375
v 0.403735 0.596265 0.849375
v 0.392721 0.607279 0.860625
v 0.384404 0.571073 0.849375
v 0.370915 0.578861 0.860625
v 0.392721 0.607279 0.860625
v 0.403735 0.596265 0.849375
v 0.384404 0.571073 0.849375
v 0.370915 0.578861 0.860625
v 0.372252 0.541736 0.849375
v 0.357207 0.545768 0.860625
v 0.370915 0.578861 0.860625
v 0.384404 0.571073 0.849375
v 0.372252 0.541736 0.849375
v 0.357207 0.545768 0.860625
v 0.368107 0.510254 0.849375
v 0.352532 0.510254 0.860625
v 0.357207 0.545768 0.860625
v 0.372252 0.541736 0.849375
v 0.368107 0.510254 0.849375
v 0.352532 0.510254 0.860625
v 0.372252 0.478772 0.849375
v 0.357207 0.474740 0.860625
v 0.352532 0.510254 0.860625
v 0.368107 0.510254 0.849375
v 0.372252 0.478772 0.849375
v 0.357207 0.474740 0.860625
v 0.384404 0.449435 0.849375
v 0.370915 0.441647 0.860625
v 0.357207 0.474740 0.860625
v 0.372252 0.478772 0.849375
v 0.384404 0.449435 0.849375
v 0.370915 0.441647 0.860625
v 0.403735 0.424242 0.849375
v 0.392721 0.413229 0.860625
v 0.370915 0.441647 0.860625
v 0.384404 0.449435 0.849375
v 0.403735 0.424242 0.849375
v 0.392721 0.413229 0.860625
v 0.428927 0.404912 0.849375
v 0.421139 0.391423 0.860625
v 0.392721 0.413229 0.860625
v 0.403735 0.424242 0.849375
v 0.428927 0.404912 0.849375
v 0.421139 0.391423 0.860625
v 0.458264 0.392760 0.849375
v 0.454232 0.377715 0.860625
v 0.421139 0.391423 0.860625
v 0.428927 0.404912 0.849375
v 0.458264 0.392760 0.849375
v 0.454232 0.377715 0.860625
v 0.489746 0.388615 0.849375
v 0.489746 0.373040 0.860625
v 0.454232 0.377715 0.860625
v 0.458264 0.392760 0.849375
v 0.489746 0.388615 0.849375
v 0.489746 0.373040 0.860625
v 0.521228 0.392760 0.849375
v 0.525260 0.377715 0.860625
v 0.489746 0.373040 0.860625
v 0.489746 0.388615 0.849375
v 0.521228 0.392760 0.849375
v 0.525260 0.377715 0.860625
v 0.550565 0.404912 0.849375
v 0.558353 0.391423 0.860625
v 0.525260 0.377715 0.860625
v 0.521228 0.392760 0.849375
v 0.550565 0.404912 0.849375
v 0.558353 0.391423 0.860625
v 0.575758 0.424242 0.849375
v 0.586771 0.413229 0.860625
v 0.558353 0.391423 0.860625
v 0.550565 0.404912 0.849375
v 0.575758 0.424242 0.849375
v 0.586771 0.413229 0.860625
v 0.595088 0.449435 0.849375
v 0.608577 0.441647 0.860625
v 0.586771 0.413229 0.860625
v 0.575758 0.424242 0.849375
v 0.595088 0.449435 0.849375
v 0.608577 0.441647 0.860625
v 0.607240 0.478772 0.849375
v 0.622285 0.474740 0.860625
v 0.608577 0.441647 0.860625
v 0.595088 0.449435 0.849375
v 0.607240 0.478772 0.849375
v 0.622285 0.474740 0.860625
v 0.611385 0.510254 0.849375
v 0.626960 0.510254 0.860625
v 0.622285 0.474740 0.860625
v 0.607240 0.478772 0.849375
v 0.611385 0.510254 0.849375
v 0.611385 0.510254 0.849375
v 0.578583 0.534058 0.843750
v 0.607240 0.541736 0.849375
v 0.611385 0.510254 0.849375
v 0.581717 0.510254 0.843750
v 0.578583 0.534058 0.843750
v 0.607240 0.541736 0.849375
v 0.569395 0.556239 0.843750
v 0.595088 0.571073 0.849375
v 0.607240 0.541736 0.849375
v 0.578583 0.534058 0.843750
v 0.569395 0.556239 0.843750
v 0.595088 0.571073 0.849375
v 0.554779 0.575287 0.843750
v 0.575758 0.596265 0.849375
v 0.595088 0.571073 0.849375
v 0.569395 0.556239 0.843750
v 0.554779 0.575287 0.843750
v 0.575758 0.596265 0.849375
v 0.535731 0.589903 0.843750
v 0.550565 0.615596 0.849375
v 0.575758 0.596265 0.849375
v 0.554779 0.575287 0.843750
v 0.535731 0.589903 0.843750
v 0.550565 0.615596 0.849375
v 0.513550 0.599091 0.843750
v 0.521228 0.627748 0.849375
v 0.550565 0.615596 0.849375
v 0.535731 0.589903 0.843750
v 0.513550 0.599091 0.843750
v 0.521228 0.627748 0.849375
v 0.489746 0.602225 0.843750
v 0.489746 0.631893 0.849375
v 0.521228 0.627748 0.849375
v 0.513550 0.599091 0.843750
v 0.489746 0.602225 0.843750
v 0.489746 0.631893 0.849375
v 0.465942 0.599091 0.843750
v 0.458264 0.627748 0.849375
v 0.489746 0.631893 0.849375
v 0.489746 0.602225 0.843750
v 0.465942 0.599091 0.843750
v 0.458264 0.627748 0.849375
v 0.443761 0.589903 0.843750
v 0.428927 0.615596 0.849375
v 0.458264 0.627748 0.849375
v 0.465942 0.599091 0.843750
v 0.443761 0.589903 0.843750
v 0.428927 0.615596 0.849375
v 0.424713 0.575287 0.843750
v 0.403735 0.596265 0.849375
v 0.428927 0.615596 0.849375
v 0.443761 0.589903 0.843750
v 0.424713 0.575287 0.843750
v 0.403735 0.596265 0.849375
v 0.410097 0.556239 0.843750
v 0.384404 0.571073 0.849375
v 0.403735 0.596265 0.849375
v 0.424713 0.575287 0.843750
v 0.410097 0.556239 0.843750
v 0.384404 0.571073 0.849375
v 0.400909 0.534058 0.843750
v 0.372252 0.541736 0.849375
v 0.384404 0.571073 0.849375
v 0.410097 0.556239 0.843750
v 0.400909 0.534058 0.843750
v 0.372252 0.541736 0.849375
v 0.397775 0.510254 0.843750
v 0.368107 0.510254 0.849375
v 0.372252 0.541736 0.849375
v 0.400909 0.534058 0.843750
v 0.397775 0.510254 0.843750
v 0.368107 0.510254 0.849375
v 0.400909 0.486450 0.843750
v 0.372252 0.478772 0.849375
v 0.368107 0.510254 0.849375
v 0.397775 0.510254 0.843750
v 0.400909 0.486450 0.843750
v 0.372252 0.478772 0.849375
v 0.410097 0.464269 0.843750
v 0.384404 0.449435 0.849375
v 0.372252 0.478772 0.849375
v 0.400909 0.486450 0.843750
v 0.410097 0.464269 0.843750
v 0.384404 0.449435 0.849375
v 0.424713 0.445221 0.843750
v 0.403735 0.424242 0.849375
v 0.384404 0.449435 0.849375
v 0.410097 0.464269 0.843750
v 0.424713 0.445221 0.843750
v 0.403735 0.424242 0.849375
v 0.443761 0.430605 0.843750
v 0.428927 0.404912 0.849375
v 0.403735 0.424242 0.849375
v 0.424713 0.445221 0.843750
v 0.443761 0.430605 0.843750
v 0.428927 0.404912 0.849375
v 0.465942 0.421417 0.843750
v 0.458264 0.392760 0.849375
v 0.428927 0.404912 0.849375
v 0.443761 0.430605 0.843750
v 0.465942 0.421417 0.843750
v 0.458264 0.392760 0.849375
v 0.489746 0.418283 0.843750
v 0.489746 0.388615 0.849375
v 0.458264 0.392760 0.849375
v 0.465942 0.421417 0.843750
v 0.489746 0.418283 0.843750
v 0.489746 0.388615 0.849375
v 0.513550 0.421417 0.843750
v 0.521228 0.392760 0.849375
v 0.489746 0.388615 0.849375
v 0.489746 0.418283 0.843750
v 0.513550 0.421417 0.843750
v 0.521228 0.392760 0.849375
v 0.535731 0.430605 0.843750
v 0.550565 0.404912 0.849375
v 0.521228 0.392760 0.849375
v 0.513550 0.421417 0.843750
v 0.535731 0.430605 0.843750
v 0.550565 0.404912 0.849375
v 0.554779 0.445221 0.843750
v 0.575758 0.424242 0.849375
v 0.550565 0.404912 0.849375
v 0.535731 0.430605 0.843750
v 0.554779 0.445221 0.843750
v 0.575758 0.424242 0.849375
v 0.569395 0.464269 0.843750
v 0.595088 0.449435 0.849375
v 0.575758 0.424242 0.849375
v 0.554779 0.445221 0.843750
v 0.569395 0.464269 0.843750
v 0.595088 0.449435 0.849375
v 0.578583 0.486450 0.843750
v 0.607240 0.478772 0.849375
v 0.595088 0.449435 0.849375
v 0.569395 0.464269 0.843750
v 0.578583 0.486450 0.843750
v 0.607240 0.478772 0.849375
v 0.581717 0.510254 0.843750
v 0.611385 0.510254 0.849375
v 0.607240 0.478772 0.849375
v 0.578583 0.486450 0.843750
v 0.581717 0.510254 0.843750
v 0.489746 0.510254 0.843750
v 0.578583 0.534058 0.843750
v 0.581717 0.510254 0.843750
v 0.489746 0.510254 0.843750
v 0.569395 0.556239 0.843750
v 0.578583 0.534058 0.843750
v 0.489746 0.510254 0.843750
v 0.554779 0.575287 0.843750
v 0.569395 0.556239 0.843750
v 0.489746 0.510254 0.843750
v 0.535731 0.589903 0.843750
v 0.554779 0.575287 0.843750
v 0.489746 0.510254 0.843750
v 0.513550 0.599091 0.843750
v 0.535731 0.589903 0.843750
v 0.489746 0.510254 0.843750
v 0.489746 0.602225 0.843750
v 0.513550 0.599091 0.843750
v 0.489746 0.510254 0.843750
v 0.465942 0.599091 0.843750
v 0.489746 0.602225 0.843750
v 0.489746 0.510254 0.843750
v 0.443761 0.589903 0.843750
v 0.465942 0.599091 0.843750
v 0.489746 0.510254 0.843750
v 0.424713 0.575287 0.843750
v 0.443761 0.589903 0.843750
v 0.489746 0.510254 0.843750
v 0.410097 0.556239 0.843750
v 0.424713 0.575287 0.843750
v 0.489746 0.510254 0.843750
v 0.400909 0.534058 0.843750
v 0.410097 0.556239 0.843750
v 0.489746 0.510254 0.843750
v 0.397775 0.510254 0.843750
v 0.400909 0.534058 0.843750
v 0.489746 0.510254 0.843750
v 0.400909 0.486450 0.843750
v 0.397775 0.510254 0.843750
v 0.489746 0.510254 0.843750
v 0.410097 0.464269 0.843750
v 0.400909 0.486450 0.843750
v 0.489746 0.510254 0.843750
v 0.424713 0.445221 0.843750
v 0.410097 0.464269 0.843750
v 0.489746 0.510254 0.843750
v 0.443761 0.430605 0.843750
v 0.424713 0.445221 0.843750
v 0.489746 0.510254 0.843750
v 0.465942 0.421417 0.843750
v 0.443761 0.430605 0.843750
v 0.489746 0.510254 0.843750
v 0.489746 0.418283 0.843750
v 0.465942 0.421417 0.843750
v 0.489746 0.510254 0.843750
v 0.513550 0.421417 0.843750
v 0.489746 0.418283 0.843750
v 0.489746 0.510254 0.843750
v 0.535731 0.430605 0.843750
v 0.513550 0.421417 0.843750
v 0.489746 0.510254 0.843750
v 0.554779 0.445221 0.843750
v 0.535731 0.430605 0.843750
v 0.489746 0.510254 0.843750
v 0.569395 0.464269 0.843750
v 0.554779 0.445221 0.843750
v 0.489746 0.510254 0.843750
v 0.578583 0.486450 0.843750
v 0.569395 0.464269 0.843750
v 0.489746 0.510254 0.843750
v 0.581717 0.510254 0.843750
v 0.578583 0.486450 0.843750
vt 0.496541 0.503767
vt 0.522693 0.986270
vt 0.469519 0.986272
vt 0.496541 0.503767
vt 0.572065 0.979909
vt 0.522693 0.986270
vt 0.496541 0.503767
vt 0.617644 0.971065
vt 0.572065 0.979909
vt 0.496541 0.503767
vt 0.659430 0.958929
vt 0.617644 0.971065
vt 0.496541 0.503767
vt 0.701199 0.940673
vt 0.659430 0.958929
vt 0.496541 0.503767
vt 0.742968 0.917871
vt 0.701199 0.940673
vt 0.496541 0.503767
vt 0.780937 0.892032
vt 0.742968 0.917871
vt 0.496541 0.503767
vt 0.818965 0.864745
vt 0.780937 0.892032
vt 0.496541 0.503767
vt 0.856948 0.826761
vt 0.818965 0.864745
vt 0.496541 0.503767
vt 0.884233 0.788732
vt 0.856948 0.826761
vt 0.496541 0.503767
vt 0.910070 0.750762
vt 0.884233 0.788732
vt 0.496541 0.503767
vt 0.932870 0.708992
vt 0.910070 0.750762
vt 0.496541 0.503767
vt 0.951868 0.663419
vt 0.932870 0.708992
vt 0.496541 0.503767
vt 0.964791 0.621643
vt 0.951868 0.663419
vt 0.496541 0.503767
vt 0.974128 0.576067
vt 0.964791 0.621643
vt 0.496541 0.503767
vt 0.978453 0.526690
vt 0.974128 0.576067
vt 0.496541 0.503767
vt 0.978458 0.477316
vt 0.978453 0.526690
vt 0.496541 0.503767
vt 0.972099 0.427946
vt 0.978458 0.477316
vt 0.496541 0.503767
vt 0.963255 0.382368
vt 0.972099 0.427946
vt 0.496541 0.503767
vt 0.951121 0.340583
vt 0.963255 0.382368
vt 0.496541 0.503767
vt 0.932867 0.298815
vt 0.951121 0.340583
vt 0.496541 0.503767
vt 0.911618 0.257026
vt 0.932867 0.298815
vt 0.496541 0.503767
vt 0.887324 0.219035
vt 0.911618 0.257026
vt 0.496541 0.503767
vt 0.856944 0.181047
vt 0.887324 0.219035
vt 0.496541 0.503767
vt 0.818962 0.143064
vt 0.856944 0.181047
vt 0.496541 0.503767
vt 0.780975 0.112682
vt 0.818962 0.143064
vt 0.496541 0.503767
vt 0.742984 0.088388
vt 0.780975 0.112682
vt 0.496541 0.503767
vt 0.701196 0.067138
vt 0.742984 0.088388
vt 0.496541 0.503767
vt 0.655624 0.048138
vt 0.701196 0.067138
vt 0.496541 0.503767
vt 0.613848 0.035213
vt 0.655624 0.048138
vt 0.496541 0.503767
vt 0.568262 0.028105
vt 0.613848 0.035213
vt 0.496541 0.503767
vt 0.518895 0.021548
vt 0.568262 0.028105
vt 0.496541 0.503767
vt 0.469519 0.021541
vt 0.518895 0.021548
vt 0.496541 0.503767
vt 0.420148 0.027899
vt 0.469519 0.021541
vt 0.496541 0.503767
vt 0.374568 0.036741
vt 0.420148 0.027899
vt 0.496541 0.503767
vt 0.332782 0.048875
vt 0.374568 0.036741
vt 0.496541 0.503767
vt 0.291026 0.068424
vt 0.332782 0.048875
vt 0.496541 0.503767
vt 0.249241 0.089928
vt 0.291026 0.068424
vt 0.496541 0.503767
vt 0.211270 0.115766
vt 0.249241 0.089928
vt 0.496541 0.503767
vt 0.173240 0.143052
vt 0.211270 0.115766
vt 0.496541 0.503767
vt 0.135254 0.181035
vt 0.173240 0.143052
vt 0.496541 0.503767
vt 0.107966 0.219064
vt 0.135254 0.181035
vt 0.496541 0.503767
vt 0.083678 0.257053
vt 0.107966 0.219064
vt 0.496541 0.503767
vt 0.060620 0.298819
vt 0.083678 0.257053
vt 0.496541 0.503767
vt 0.040324 0.344379
vt 0.060620 0.298819
vt 0.496541 0.503767
vt 0.028960 0.386166
vt 0.040324 0.344379
vt 0.496541 0.503767
vt 0.020292 0.431744
vt 0.028960 0.386166
vt 0.496541 0.503767
vt 0.013735 0.481113
vt 0.020292 0.431744
vt 0.496541 0.503767
vt 0.013729 0.530490
vt 0.013735 0.481113
vt 0.496541 0.503767
vt 0.020088 0.579863
vt 0.013729 0.530490
vt 0.496541 0.503767
vt 0.028932 0.625444
vt 0.020088 0.579863
vt 0.496541 0.503767
vt 0.041067 0.667230
vt 0.028932 0.625444
vt 0.496541 0.503767
vt 0.060617 0.708987
vt 0.041067 0.667230
vt 0.496541 0.503767
vt 0.083675 0.750754
vt 0.060617 0.708987
vt 0.496541 0.503767
vt 0.107963 0.788743
vt 0.083675 0.750754
vt 0.496541 0.503767
vt 0.136794 0.826752
vt 0.107963 0.788743
vt 0.496541 0.503767
vt 0.173236 0.864757
vt 0.136794 0.826752
vt 0.496541 0.503767
vt 0.211246 0.893592
vt 0.173236 0.864757
vt 0.496541 0.503767
vt 0.249237 0.917882
vt 0.211246 0.893592
vt 0.496541 0.503767
vt 0.291009 0.940683
vt 0.249237 0.917882
vt 0.496541 0.503767
vt 0.336583 0.959682
vt 0.291009 0.940683
vt 0.496541 0.503767
vt 0.378371 0.971045
vt 0.336583 0.959682
vt 0.496541 0.503767
vt 0.423948 0.979711
vt 0.378371 0.971045
vt 0.496541 0.503767
vt 0.469519 0.986272
vt 0.423948 0.979711
vt 0.287500 0.150000
vt 0.325000 0.150000
vt 0.287500 0.112500
vt 0.287500 0.150000
vt 0.287500 0.112500
vt 0.325000 0.112500
vt 0.287500 0.150000
vt 0.325000 0.150000
vt 0.287500 0.112500
vt 0.287500 0.150000
vt 0.287500 0.112500
vt 0.325000 0.112500
vt 0.287500 0.150000
vt 0.325000 0.150000
vt 0.287500 0.112500
vt 0.287500 0.150000
vt 0.287500 0.112500
vt 0.325000 0.112500
vt 0.287500 0.150000
vt 0.325000 0.150000
vt 0.287500 0.112500
vt 0.287500 0.150000
vt 0.287500 0.112500
vt 0.325000 0.112500
vt 0.287500 0.150000
vt 0.325000 0.150000
vt 0.287500 0.112500
vt 0.287500 0.150000
vt 0.287500 0.112500
vt 0.325000 0.112500
vt 0.287500 0.150000
vt 0.325000 0.150000
vt 0.287500 0.112500
vt 0.287500 0.150000
vt 0.287500 0.112500
vt 0.325000 0.112500
vt 0.287500 0.150000
vt 0.325000 0.150000
vt 0.287500 0.112500
vt 0.287500 0.150000
vt 0.287500 0.112500
vt 0.325000 0.112500
vt 0.287500 0.150000
vt 0.325000 0.150000
vt 0.287500 0.112500
vt 0.287500 0.150000
vt 0.287500 0.112500
vt 0.325000 0.112500
vt 0.287500 0.150000
vt 0.325000 0.150000
vt 0.287500 0.112500
vt 0.287500 0.150000
vt 0.287500 0.112500
vt 0.325000 0.112500
vt 0.287500 0.150000
vt 0.325000 0.150000
vt 0.287500 0.112500
vt 0.287500 0.150000
vt 0.287500 0.112500
vt 0.325000 0.112500
vt 0.287500 0.150000
vt 0.325000 0.150000
vt 0.287500 0.112500
vt 0.287500 0.150000
vt 0.287500 0.112500
vt 0.325000 0.112500
vt 0.287500 0.150000
vt 0.325000 0.150000
vt 0.287500 0.112500
vt 0.287500 0.150000
vt 0.287500 0.112500
vt 0.325000 0.112500
vt 0.287500 0.150000
vt 0.325000 0.150000
vt 0.287500 0.112500
vt 0.287500 0.150000
vt 0.287500 0.112500
vt 0.325000 0.112500
vt 0.287500 0.150000
vt 0.325000 0.150000
vt 0.287500 0.112500
vt 0.287500 0.150000
vt 0.287500 0.112500
vt 0.325000 0.112500
vt 0.287500 0.150000
vt 0.325000 0.150000
vt 0.287500 0.112500
vt 0.287500 0.150000
vt 0.287500 0.112500
vt 0.325000 0.112500
vt 0.287500 0.150000
vt 0.325000 0.150000
vt 0.287500 0.112500
vt 0.287500 0.150000
vt 0.287500 0.112500
vt 0.325000 0.112500
vt 0.287500 0.150000
vt 0.325000 0.150000
vt 0.287500 0.112500
vt 0.287500 0.150000
vt 0.287500 0.112500
vt 0.325000 0.112500
vt 0.287500 0.150000
vt 0.325000 0.150000
vt 0.287500 0.112500
vt 0.287500 0.150000
vt 0.287500 0.112500
vt 0.325000 0.112500
vt 0.287500 0.150000
vt 0.325000 0.150000
vt 0.287500 0.112500
vt 0.287500 0.150000
vt 0.287500 0.112500
vt 0.325000 0.112500
vt 0.287500 0.150000
vt 0.325000 0.150000
vt 0.287500 0.112500
vt 0.287500 0.150000
vt 0.287500 0.112500
vt 0.325000 0.112500
vt 0.287500 0.150000
vt 0.325000 0.150000
vt 0.287500 0.112500
vt 0.287500 0.150000
vt 0.287500 0.112500
vt 0.325000 0.112500
vt 0.287500 0.150000
vt 0.325000 0.150000
vt 0.287500 0.112500
vt 0.287500 0.150000
vt 0.287500 0.112500
vt 0.325000 0.112500
vt 0.287500 0.150000
vt 0.325000 0.150000
vt 0.287500 0.112500
vt 0.287500 0.150000
vt 0.287500 0.112500
vt 0.325000 0.112500
vt 0.287500 0.150000
vt 0.325000 0.150000
vt 0.287500 0.112500
vt 0.287500 0.150000
vt 0.287500 0.112500
vt 0.325000 0.112500
vt 0.287500 0.150000
vt 0.325000 0.150000
vt 0.287500 0.112500
vt 0.287500 0.150000
vt 0.287500 0.112500
vt 0.325000 0.112500
vt 0.287500 0.150000
vt 0.325000 0.150000
vt 0.287500 0.112500
vt 0.287500 0.150000
vt 0.287500 0.112500
vt 0.325000 0.112500
vt 0.287500 0.150000
vt 0.325000 0.150000
vt 0.287500 0.112500
vt 0.287500 0.150000
vt 0.287500 0.112500
vt 0.325000 0.112500
vt 0.287500 0.150000
vt 0.325000 0.150000
vt 0.287500 0.112500
vt 0.287500 0.150000
vt 0.287500 0.112500
vt 0.325000 0.112500
vt 0.287500 0.150000
vt 0.325000 0.150000
vt 0.287500 0.112500
vt 0.287500 0.150000
vt 0.287500 0.112500
vt 0.325000 0.112500
vt 0.287500 0.150000
vt 0.325000 0.150000
vt 0.287500 0.112500
vt 0.287500 0.150000
vt 0.287500 0.112500
vt 0.325000 0.112500
vt 0.287500 0.150000
vt 0.325000 0.150000
vt 0.287500 0.112500
vt 0.287500 0.150000
vt 0.287500 0.112500
vt 0.325000 0.112500
vt 0.287500 0.150000
vt 0.325000 0.150000
vt 0.287500 0.112500
vt 0.287500 0.150000
vt 0.287500 0.112500
vt 0.325000 0.112500
vt 0.287500 0.150000
vt 0.325000 0.150000
vt 0.287500 0.112500
vt 0.287500 0.150000
vt 0.287500 0.112500
vt 0.325000 0.112500
vt 0.287500 0.150000
vt 0.325000 0.150000
vt 0.287500 0.112500
vt 0.287500 0.150000
vt 0.287500 0.112500
vt 0.325000 0.112500
vt 0.287500 0.150000
vt 0.325000 0.150000
vt 0.287500 0.112500
vt 0.287500 0.150000
vt 0.287500 0.112500
vt 0.325000 0.112500
vt 0.287500 0.150000
vt 0.325000 0.150000
vt 0.287500 0.112500
vt 0.287500 0.150000
vt 0.287500 0.112500
vt 0.325000 0.112500
vt 0.287500 0.150000
vt 0.325000 0.150000
vt 0.287500 0.112500
vt 0.287500 0.150000
vt 0.287500 0.112500
vt 0.325000 0.112500
vt 0.287500 0.150000
vt 0.325000 0.150000
vt 0.287500 0.112500
vt 0.287500 0.150000
vt 0.287500 0.112500
vt 0.325000 0.112500
vt 0.287500 0.150000
vt 0.325000 0.150000
vt 0.287500 0.112500
vt 0.287500 0.150000
vt 0.287500 0.112500
vt 0.325000 0.112500
vt 0.287500 0.150000
vt 0.325000 0.150000
vt 0.287500 0.112500
vt 0.287500 0.150000
vt 0.287500 0.112500
vt 0.325000 0.112500
vt 0.287500 0.150000
vt 0.325000 0.150000
vt 0.287500 0.112500
vt 0.287500 0.150000
vt 0.287500 0.112500
vt 0.325000 0.112500
vt 0.287500 0.150000
vt 0.325000 0.150000
vt 0.287500 0.112500
vt 0.287500 0.150000
vt 0.287500 0.112500
vt 0.325000 0.112500
vt 0.287500 0.150000
vt 0.325000 0.150000
vt 0.287500 0.112500
vt 0.287500 0.150000
vt 0.287500 0.112500
vt 0.325000 0.112500
vt 0.287500 0.150000
vt 0.325000 0.150000
vt 0.287500 0.112500
vt 0.287500 0.150000
vt 0.287500 0.112500
vt 0.325000 0.112500
vt 0.287500 0.150000
vt 0.325000 0.150000
vt 0.287500 0.112500
vt 0.287500 0.150000
vt 0.287500 0.112500
vt 0.325000 0.112500
vt 0.287500 0.150000
vt 0.325000 0.150000
vt 0.287500 0.112500
vt 0.287500 0.150000
vt 0.287500 0.112500
vt 0.325000 0.112500
vt 0.287500 0.150000
vt 0.325000 0.150000
vt 0.287500 0.112500
vt 0.287500 0.150000
vt 0.287500 0.112500
vt 0.325000 0.112500
vt 0.287500 0.150000
vt 0.325000 0.150000
vt 0.287500 0.112500
vt 0.287500 0.150000
vt 0.287500 0.112500
vt 0.325000 0.112500
vt 0.287500 0.150000
vt 0.325000 0.150000
vt 0.287500 0.112500
vt 0.287500 0.150000
vt 0.287500 0.112500
vt 0.325000 0.112500
vt 0.287500 0.150000
vt 0.325000 0.150000
vt 0.287500 0.112500
vt 0.287500 0.150000
vt 0.287500 0.112500
vt 0.325000 0.112500
vt 0.287500 0.150000
vt 0.325000 0.150000
vt 0.287500 0.112500
vt 0.287500 0.150000
vt 0.287500 0.112500
vt 0.325000 0.112500
vt 0.287500 0.150000
vt 0.325000 0.150000
vt 0.287500 0.112500
vt 0.287500 0.150000
vt 0.287500 0.112500
vt 0.325000 0.112500
vt 0.287500 0.150000
vt 0.325000 0.150000
vt 0.287500 0.112500
vt 0.287500 0.150000
vt 0.287500 0.112500
vt 0.325000 0.112500
vt 0.287500 0.150000
vt 0.325000 0.150000
vt 0.287500 0.112500
vt 0.287500 0.150000
vt 0.287500 0.112500
vt 0.325000 0.112500
vt 0.287500 0.150000
vt 0.325000 0.150000
vt 0.287500 0.112500
vt 0.287500 0.150000
vt 0.287500 0.112500
vt 0.325000 0.112500
vt 0.287500 0.150000
vt 0.325000 0.150000
vt 0.287500 0.112500
vt 0.287500 0.150000
vt 0.287500 0.112500
vt 0.325000 0.112500
vt 0.287500 0.150000
vt 0.325000 0.150000
vt 0.287500 0.112500
vt 0.287500 0.150000
vt 0.287500 0.112500
vt 0.325000 0.112500
vt 0.287500 0.150000
vt 0.325000 0.150000
vt 0.287500 0.112500
vt 0.287500 0.150000
vt 0.287500 0.112500
vt 0.325000 0.112500
vt 0.287500 0.150000
vt 0.325000 0.150000
vt 0.287500 0.112500
vt 0.287500 0.150000
vt 0.287500 0.112500
vt 0.325000 0.112500
vt 0.287500 0.150000
vt 0.325000 0.150000
vt 0.287500 0.112500
vt 0.287500 0.150000
vt 0.287500 0.112500
vt 0.325000 0.112500
vt 0.287500 0.150000
vt 0.325000 0.150000
vt 0.287500 0.112500
vt 0.287500 0.150000
vt 0.287500 0.112500
vt 0.325000 0.112500
vt 0.287500 0.150000
vt 0.325000 0.150000
vt 0.287500 0.112500
vt 0.287500 0.150000
vt 0.287500 0.112500
vt 0.325000 0.112500
vt 0.287500 0.150000
vt 0.325000 0.150000
vt 0.287500 0.112500
vt 0.287500 0.150000
vt 0.287500 0.112500
vt 0.325000 0.112500
vt 0.287500 0.150000
vt 0.325000 0.150000
vt 0.287500 0.112500
vt 0.287500 0.150000
vt 0.287500 0.112500
vt 0.325000 0.112500
vt 0.287500 0.150000
vt 0.325000 0.150000
vt 0.325000 0.112500
vt 0.287500 0.150000
vt 0.325000 0.150000
vt 0.325000 0.112500
vt 0.287500 0.150000
vt 0.325000 0.150000
vt 0.325000 0.112500
vt 0.287500 0.150000
vt 0.325000 0.150000
vt 0.325000 0.112500
vt 0.287500 0.150000
vt 0.325000 0.150000
vt 0.325000 0.112500
vt 0.287500 0.150000
vt 0.325000 0.150000
vt 0.325000 0.112500
vt 0.287500 0.150000
vt 0.325000 0.150000
vt 0.325000 0.112500
vt 0.287500 0.150000
vt 0.325000 0.150000
vt 0.325000 0.112500
vt 0.287500 0.150000
vt 0.325000 0.150000
vt 0.325000 0.112500
vt 0.287500 0.150000
vt 0.325000 0.150000
vt 0.325000 0.112500
vt 0.287500 0.150000
vt 0.325000 0.150000
vt 0.325000 0.112500
vt 0.287500 0.150000
vt 0.325000 0.150000
vt 0.325000 0.112500
vt 0.287500 0.150000
vt 0.325000 0.150000
vt 0.325000 0.112500
vt 0.287500 0.150000
vt 0.325000 0.150000
vt 0.325000 0.112500
vt 0.287500 0.150000
vt 0.325000 0.150000
vt 0.325000 0.112500
vt 0.287500 0.150000
vt 0.325000 0.150000
vt 0.325000 0.112500
vt 0.287500 0.150000
vt 0.325000 0.150000
vt 0.325000 0.112500
vt 0.287500 0.150000
vt 0.325000 0.150000
vt 0.325000 0.112500
vt 0.287500 0.150000
vt 0.325000 0.150000
vt 0.325000 0.112500
vt 0.287500 0.150000
vt 0.325000 0.150000
vt 0.325000 0.112500
vt 0.287500 0.150000
vt 0.325000 0.150000
vt 0.325000 0.112500
vt 0.287500 0.150000
vt 0.325000 0.150000
vt 0.325000 0.112500
vt 0.287500 0.150000
vt 0.325000 0.150000
vt 0.325000 0.112500
vt 0.287500 0.150000
vt 0.325000 0.150000
vt 0.325000 0.112500
vt 0.287500 0.150000
vt 0.325000 0.150000
vt 0.325000 0.112500
vt 0.287500 0.150000
vt 0.325000 0.150000
vt 0.325000 0.112500
vt 0.287500 0.150000
vt 0.325000 0.150000
vt 0.325000 0.112500
vt 0.287500 0.150000
vt 0.325000 0.150000
vt 0.325000 0.112500
vt 0.287500 0.150000
vt 0.325000 0.150000
vt 0.325000 0.112500
vt 0.287500 0.150000
vt 0.325000 0.150000
vt 0.325000 0.112500
vt 0.287500 0.150000
vt 0.325000 0.150000
vt 0.325000 0.112500
vt 0.287500 0.150000
vt 0.325000 0.150000
vt 0.325000 0.112500
vt 0.287500 0.150000
vt 0.325000 0.150000
vt 0.325000 0.112500
vt 0.287500 0.150000
vt 0.325000 0.150000
vt 0.325000 0.112500
vt 0.287500 0.150000
vt 0.325000 0.150000
vt 0.325000 0.112500
vt 0.287500 0.150000
vt 0.325000 0.150000
vt 0.325000 0.112500
vt 0.287500 0.150000
vt 0.325000 0.150000
vt 0.325000 0.112500
vt 0.287500 0.150000
vt 0.325000 0.150000
vt 0.325000 0.112500
vt 0.287500 0.150000
vt 0.325000 0.150000
vt 0.325000 0.112500
vt 0.287500 0.150000
vt 0.325000 0.150000
vt 0.325000 0.112500
vt 0.287500 0.150000
vt 0.325000 0.150000
vt 0.325000 0.112500
vt 0.287500 0.150000
vt 0.325000 0.150000
vt 0.325000 0.112500
vt 0.287500 0.150000
vt 0.325000 0.150000
vt 0.325000 0.112500
vt 0.287500 0.150000
vt 0.325000 0.150000
vt 0.325000 0.112500
vt 0.287500 0.150000
vt 0.325000 0.150000
vt 0.325000 0.112500
vt 0.287500 0.150000
vt 0.325000 0.150000
vt 0.325000 0.112500
vt 0.287500 0.150000
vt 0.325000 0.150000
vt 0.325000 0.112500
vt 0.287500 0.150000
vt 0.325000 0.150000
vt 0.325000 0.112500
vt 0.287500 0.150000
vt 0.325000 0.150000
vt 0.325000 0.112500
vt 0.287500 0.150000
vt 0.325000 0.150000
vt 0.325000 0.112500
vt 0.287500 0.150000
vt 0.325000 0.150000
vt 0.325000 0.112500
vt 0.287500 0.150000
vt 0.325000 0.150000
vt 0.325000 0.112500
vt 0.287500 0.150000
vt 0.325000 0.150000
vt 0.325000 0.112500
vt 0.287500 0.150000
vt 0.325000 0.150000
vt 0.325000 0.112500
vt 0.287500 0.150000
vt 0.325000 0.150000
vt 0.325000 0.112500
vt 0.287500 0.150000
vt 0.325000 0.150000
vt 0.325000 0.112500
vt 0.287500 0.150000
vt 0.325000 0.150000
vt 0.325000 0.112500
vt 0.287500 0.150000
vt 0.325000 0.150000
vt 0.325000 0.112500
vt 0.287500 0.150000
vt 0.325000 0.150000
vt 0.325000 0.112500
vt 0.287500 0.150000
vt 0.325000 0.150000
vt 0.325000 0.112500
vt 0.287500 0.150000
vt 0.325000 0.150000
vt 0.325000 0.112500
vt 0.287500 0.150000
vt 0.325000 0.150000
vt 0.325000 0.112500
vt 0.287500 0.150000
vt 0.325000 0.150000
vt 0.325000 0.112500
vt 0.287500 0.150000
vt 0.325000 0.150000
vt 0.325000 0.112500
vt 0.342187 0.511719
vt 0.352058 0.554500
vt 0.347964 0.555597
vt 0.342187 0.511719
vt 0.346426 0.511719
vt 0.352058 0.554500
vt 0.347964 0.555597
vt 0.368571 0.594365
vt 0.364900 0.596484
vt 0.347964 0.555597
vt 0.352058 0.554500
vt 0.368571 0.594365
vt 0.364900 0.596484
vt 0.394839 0.628599
vt 0.391842 0.631595
vt 0.364900 0.596484
vt 0.368571 0.594365
vt 0.394839 0.628599
vt 0.391842 0.631595
vt 0.429072 0.654867
vt 0.426953 0.658537
vt 0.391842 0.631595
vt 0.394839 0.628599
vt 0.429072 0.654867
vt 0.426953 0.658537
vt 0.468938 0.671379
vt 0.467841 0.675473
vt 0.426953 0.658537
vt 0.429072 0.654867
vt 0.468938 0.671379
vt 0.467841 0.675473
vt 0.511719 0.677012
vt 0.511719 0.681250
vt 0.467841 0.675473
vt 0.468938 0.671379
vt 0.511719 0.677012
vt 0.511719 0.681250
vt 0.554500 0.671379
vt 0.555597 0.675473
vt 0.511719 0.681250
vt 0.511719 0.677012
vt 0.554500 0.671379
vt 0.555597 0.675473
vt 0.594365 0.654867
vt 0.596484 0.658537
vt 0.555597 0.675473
vt 0.554500 0.671379
vt 0.594365 0.654867
vt 0.596484 0.658537
vt 0.628599 0.628599
vt 0.631595 0.631595
vt 0.596484 0.658537
vt 0.594365 0.654867
vt 0.628599 0.628599
vt 0.631595 0.631595
vt 0.654867 0.594365
vt 0.658537 0.596484
vt 0.631595 0.631595
vt 0.628599 0.628599
vt 0.654867 0.594365
vt 0.658537 0.596484
vt 0.671379 0.554500
vt 0.675473 0.555597
vt 0.658537 0.596484
vt 0.654867 0.594365
vt 0.671379 0.554500
vt 0.675473 0.555597
vt 0.677012 0.511719
vt 0.681250 0.511719
vt 0.675473 0.555597
vt 0.671379 0.554500
vt 0.677012 0.511719
vt 0.681250 0.511719
vt 0.671379 0.468938
vt 0.675473 0.467841
vt 0.681250 0.511719
vt 0.677012 0.511719
vt 0.671379 0.468938
vt 0.675473 0.467841
vt 0.654867 0.429072
vt 0.658537 0.426953
vt 0.675473 0.467841
vt 0.671379 0.468938
vt 0.654867 0.429072
vt 0.658537 0.426953
vt 0.628599 0.394839
vt 0.631595 0.391842
vt 0.658537 0.426953
vt 0.654867 0.429072
vt 0.628599 0.394839
vt 0.631595 0.391842
vt 0.594365 0.368571
vt 0.596484 0.364900
vt 0.631595 0.391842
vt 0.628599 0.394839
vt 0.594365 0.368571
vt 0.596484 0.364900
vt 0.554500 0.352058
vt 0.555597 0.347964
vt 0.596484 0.364900
vt 0.594365 0.368571
vt 0.554500 0.352058
vt 0.555597 0.347964
vt 0.511719 0.346426
vt 0.511719 0.342187
vt 0.555597 0.347964
vt 0.554500 0.352058
vt 0.511719 0.346426
vt 0.511719 0.342187
vt 0.468938 0.352058
vt 0.467841 0.347964
vt 0.511719 0.342187
vt 0.511719 0.346426
vt 0.468938 0.352058
vt 0.467841 0.347964
vt 0.429072 0.368571
vt 0.426953 0.364900
vt 0.467841 0.347964
vt 0.468938 0.352058
vt 0.429072 0.368571
vt 0.426953 0.364900
vt 0.394839 0.394839
vt 0.391842 0.391842
vt 0.426953 0.364900
vt 0.429072 0.368571
vt 0.394839 0.394839
vt 0.391842 0.391842
vt 0.368571 0.429072
vt 0.364900 0.426953
vt 0.391842 0.391842
vt 0.394839 0.394839
vt 0.368571 0.429072
vt 0.364900 0.426953
vt 0.352058 0.468938
vt 0.347964 0.467841
vt 0.364900 0.426953
vt 0.368571 0.429072
vt 0.352058 0.468938
vt 0.347964 0.467841
vt 0.346426 0.511719
vt 0.342187 0.511719
vt 0.347964 0.467841
vt 0.352058 0.468938
vt 0.346426 0.511719
vt 0.346426 0.511719
vt 0.360246 0.552306
vt 0.352058 0.554500
vt 0.346426 0.511719
vt 0.354902 0.511719
vt 0.360246 0.552306
vt 0.352058 0.554500
vt 0.375912 0.590127
vt 0.368571 0.594365
vt 0.352058 0.554500
vt 0.360246 0.552306
vt 0.375912 0.590127
vt 0.368571 0.594365
vt 0.400833 0.622605
vt 0.394839 0.628599
vt 0.368571 0.594365
vt 0.375912 0.590127
vt 0.400833 0.622605
vt 0.394839 0.628599
vt 0.433311 0.647526
vt 0.429072 0.654867
vt 0.394839 0.628599
vt 0.400833 0.622605
vt 0.433311 0.647526
vt 0.429072 0.654867
vt 0.471132 0.663192
vt 0.468938 0.671379
vt 0.429072 0.654867
vt 0.433311 0.647526
vt 0.471132 0.663192
vt 0.468938 0.671379
vt 0.511719 0.668535
vt 0.511719 0.677012
vt 0.468938 0.671379
vt 0.471132 0.663192
vt 0.511719 0.668535
vt 0.511719 0.677012
vt 0.552306 0.663192
vt 0.554500 0.671379
vt 0.511719 0.677012
vt 0.511719 0.668535
vt 0.552306 0.663192
vt 0.554500 0.671379
vt 0.590127 0.647526
vt 0.594365 0.654867
vt 0.554500 0.671379
vt 0.552306 0.663192
vt 0.590127 0.647526
vt 0.594365 0.654867
vt 0.622605 0.622605
vt 0.628599 0.628599
vt 0.594365 0.654867
vt 0.590127 0.647526
vt 0.622605 0.622605
vt 0.628599 0.628599
vt 0.647526 0.590127
vt 0.654867 0.594365
vt 0.628599 0.628599
vt 0.622605 0.622605
vt 0.647526 0.590127
vt 0.654867 0.594365
vt 0.663192 0.552306
vt 0.671379 0.554500
vt 0.654867 0.594365
vt 0.647526 0.590127
vt 0.663192 0.552306
vt 0.671379 0.554500
vt 0.668535 0.511719
vt 0.677012 0.511719
vt 0.671379 0.554500
vt 0.663192 0.552306
vt 0.668535 0.511719
vt 0.677012 0.511719
vt 0.663192 0.471132
vt 0.671379 0.468938
vt 0.677012 0.511719
vt 0.668535 0.511719
vt 0.663192 0.471132
vt 0.671379 0.468938
vt 0.647526 0.433311
vt 0.654867 0.429072
vt 0.671379 0.468938
vt 0.663192 0.471132
vt 0.647526 0.433311
vt 0.654867 0.429072
vt 0.622605 0.400833
vt 0.628599 0.394839
vt 0.654867 0.429072
vt 0.647526 0.433311
vt 0.622605 0.400833
vt 0.628599 0.394839
vt 0.590127 0.375912
vt 0.594365 0.368571
vt 0.628599 0.394839
vt 0.622605 0.400833
vt 0.590127 0.375912
vt 0.594365 0.368571
vt 0.552306 0.360246
vt 0.554500 0.352058
vt 0.594365 0.368571
vt 0.590127 0.375912
vt 0.552306 0.360246
vt 0.554500 0.352058
vt 0.511719 0.354902
vt 0.511719 0.346426
vt 0.554500 0.352058
vt 0.552306 0.360246
vt 0.511719 0.354902
vt 0.511719 0.346426
vt 0.471132 0.360246
vt 0.468938 0.352058
vt 0.511719 0.346426
vt 0.511719 0.354902
vt 0.471132 0.360246
vt 0.468938 0.352058
vt 0.433311 0.375912
vt 0.429072 0.368571
vt 0.468938 0.352058
vt 0.471132 0.360246
vt 0.433311 0.375912
vt 0.429072 0.368571
vt 0.400833 0.400833
vt 0.394839 0.394839
vt 0.429072 0.368571
vt 0.433311 0.375912
vt 0.400833 0.400833
vt 0.394839 0.394839
vt 0.375912 0.433311
vt 0.368571 0.429072
vt 0.394839 0.394839
vt 0.400833 0.400833
vt 0.375912 0.433311
vt 0.368571 0.429072
vt 0.360246 0.471132
vt 0.352058 0.468938
vt 0.368571 0.429072
vt 0.375912 0.433311
vt 0.360246 0.471132
vt 0.352058 0.468938
vt 0.354902 0.511719
vt 0.346426 0.511719
vt 0.352058 0.468938
vt 0.360246 0.471132
vt 0.354902 0.511719
vt 0.354902 0.511719
vt 0.377440 0.547699
vt 0.360246 0.552306
vt 0.354902 0.511719
vt 0.372703 0.511719
vt 0.377440 0.547699
vt 0.360246 0.552306
vt 0.391328 0.581227
vt 0.375912 0.590127
vt 0.360246 0.552306
vt 0.377440 0.547699
vt 0.391328 0.581227
vt 0.375912 0.590127
vt 0.413420 0.610018
vt 0.400833 0.622605
vt 0.375912 0.590127
vt 0.391328 0.581227
vt 0.413420 0.610018
vt 0.400833 0.622605
vt 0.442211 0.632110
vt 0.433311 0.647526
vt 0.400833 0.622605
vt 0.413420 0.610018
vt 0.442211 0.632110
vt 0.433311 0.647526
vt 0.475739 0.645998
vt 0.471132 0.663192
vt 0.433311 0.647526
vt 0.442211 0.632110
vt 0.475739 0.645998
vt 0.471132 0.663192
vt 0.511719 0.650734
vt 0.511719 0.668535
vt 0.471132 0.663192
vt 0.475739 0.645998
vt 0.511719 0.650734
vt 0.511719 0.668535
vt 0.547699 0.645998
vt 0.552306 0.663192
vt 0.511719 0.668535
vt 0.511719 0.650734
vt 0.547699 0.645998
vt 0.552306 0.663192
vt 0.581227 0.632110
vt 0.590127 0.647526
vt 0.552306 0.663192
vt 0.547699 0.645998
vt 0.581227 0.632110
vt 0.590127 0.647526
vt 0.610018 0.610018
vt 0.622605 0.622605
vt 0.590127 0.647526
vt 0.581227 0.632110
vt 0.610018 0.610018
vt 0.622605 0.622605
vt 0.632110 0.581227
vt 0.647526 0.590127
vt 0.622605 0.622605
vt 0.610018 0.610018
vt 0.632110 0.581227
vt 0.647526 0.590127
vt 0.645998 0.547699
vt 0.663192 0.552306
vt 0.647526 0.590127
vt 0.632110 0.581227
vt 0.645998 0.547699
vt 0.663192 0.552306
vt 0.650734 0.511719
vt 0.668535 0.511719
vt 0.663192 0.552306
vt 0.645998 0.547699
vt 0.650734 0.511719
vt 0.668535 0.511719
vt 0.645998 0.475739
vt 0.663192 0.471132
vt 0.668535 0.511719
vt 0.650734 0.511719
vt 0.645998 0.475739
vt 0.663192 0.471132
vt 0.632110 0.442211
vt 0.647526 0.433311
vt 0.663192 0.471132
vt 0.645998 0.475739
vt 0.632110 0.442211
vt 0.647526 0.433311
vt 0.610018 0.413420
vt 0.622605 0.400833
vt 0.647526 0.433311
vt 0.632110 0.442211
vt 0.610018 0.413420
vt 0.622605 0.400833
vt 0.581227 0.391328
vt 0.590127 0.375912
vt 0.622605 0.400833
vt 0.610018 0.413420
vt 0.581227 0.391328
vt 0.590127 0.375912
vt 0.547699 0.377440
vt 0.552306 0.360246
vt 0.590127 0.375912
vt 0.581227 0.391328
vt 0.547699 0.377440
vt 0.552306 0.360246
vt 0.511719 0.372703
vt 0.511719 0.354902
vt 0.552306 0.360246
vt 0.547699 0.377440
vt 0.511719 0.372703
vt 0.511719 0.354902
vt 0.475739 0.377440
vt 0.471132 0.360246
vt 0.511719 0.354902
vt 0.511719 0.372703
vt 0.475739 0.377440
vt 0.471132 0.360246
vt 0.442211 0.391328
vt 0.433311 0.375912
vt 0.471132 0.360246
vt 0.475739 0.377440
vt 0.442211 0.391328
vt 0.433311 0.375912
vt 0.413420 0.413420
vt 0.400833 0.400833
vt 0.433311 0.375912
vt 0.442211 0.391328
vt 0.413420 0.413420
vt 0.400833 0.400833
vt 0.391328 0.442211
vt 0.375912 0.433311
vt 0.400833 0.400833
vt 0.413420 0.413420
vt 0.391328 0.442211
vt 0.375912 0.433311
vt 0.377440 0.475739
vt 0.360246 0.471132
vt 0.375912 0.433311
vt 0.391328 0.442211
vt 0.377440 0.475739
vt 0.360246 0.471132
vt 0.372703 0.511719
vt 0.354902 0.511719
vt 0.360246 0.471132
vt 0.377440 0.475739
vt 0.372703 0.511719
vt 0.372703 0.511719
vt 0.410191 0.538923
vt 0.377440 0.547699
vt 0.372703 0.511719
vt 0.406609 0.511719
vt 0.410191 0.538923
vt 0.377440 0.547699
vt 0.420691 0.564273
vt 0.391328 0.581227
vt 0.377440 0.547699
vt 0.410191 0.538923
vt 0.420691 0.564273
vt 0.391328 0.581227
vt 0.437395 0.586042
vt 0.413420 0.610018
vt 0.391328 0.581227
vt 0.420691 0.564273
vt 0.437395 0.586042
vt 0.413420 0.610018
vt 0.459164 0.602746
vt 0.442211 0.632110
vt 0.413420 0.610018
vt 0.437395 0.586042
vt 0.459164 0.602746
vt 0.442211 0.632110
vt 0.484514 0.613247
vt 0.475739 0.645998
vt 0.442211 0.632110
vt 0.459164 0.602746
vt 0.484514 0.613247
vt 0.475739 0.645998
vt 0.511719 0.616828
vt 0.511719 0.650734
vt 0.475739 0.645998
vt 0.484514 0.613247
vt 0.511719 0.616828
vt 0.511719 0.650734
vt 0.538923 0.613247
vt 0.547699 0.645998
vt 0.511719 0.650734
vt 0.511719 0.616828
vt 0.538923 0.613247
vt 0.547699 0.645998
vt 0.564273 0.602746
vt 0.581227 0.632110
vt 0.547699 0.645998
vt 0.538923 0.613247
vt 0.564273 0.602746
vt 0.581227 0.632110
vt 0.586042 0.586042
vt 0.610018 0.610018
vt 0.581227 0.632110
vt 0.564273 0.602746
vt 0.586042 0.586042
vt 0.610018 0.610018
vt 0.602746 0.564273
vt 0.632110 0.581227
vt 0.610018 0.610018
vt 0.586042 0.586042
vt 0.602746 0.564273
vt 0.632110 0.581227
vt 0.613247 0.538923
vt 0.645998 0.547699
vt 0.632110 0.581227
vt 0.602746 0.564273
vt 0.613247 0.538923
vt 0.645998 0.547699
vt 0.616828 0.511719
vt 0.650734 0.511719
vt 0.645998 0.547699
vt 0.613247 0.538923
vt 0.616828 0.511719
vt 0.650734 0.511719
vt 0.613247 0.484514
vt 0.645998 0.475739
vt 0.650734 0.511719
vt 0.616828 0.511719
vt 0.613247 0.484514
vt 0.645998 0.475739
vt 0.602746 0.459164
vt 0.632110 0.442211
vt 0.645998 0.475739
vt 0.613247 0.484514
vt 0.602746 0.459164
vt 0.632110 0.442211
vt 0.586042 0.437395
vt 0.610018 0.413420
vt 0.632110 0.442211
vt 0.602746 0.459164
vt 0.586042 0.437395
vt 0.610018 0.413420
vt 0.564273 0.420691
vt 0.581227 0.391328
vt 0.610018 0.413420
vt 0.586042 0.437395
vt 0.564273 0.420691
vt 0.581227 0.391328
vt 0.538923 0.410191
vt 0.547699 0.377440
vt 0.581227 0.391328
vt 0.564273 0.420691
vt 0.538923 0.410191
vt 0.547699 0.377440
vt 0.511719 0.406609
vt 0.511719 0.372703
vt 0.547699 0.377440
vt 0.538923 0.410191
vt 0.511719 0.406609
vt 0.511719 0.372703
vt 0.484514 0.410191
vt 0.475739 0.377440
vt 0.511719 0.372703
vt 0.511719 0.406609
vt 0.484514 0.410191
vt 0.475739 0.377440
vt 0.459164 0.420691
vt 0.442211 0.391328
vt 0.475739 0.377440
vt 0.484514 0.410191
vt 0.459164 0.420691
vt 0.442211 0.391328
vt 0.437395 0.437395
vt 0.413420 0.413420
vt 0.442211 0.391328
vt 0.459164 0.420691
vt 0.437395 0.437395
vt 0.413420 0.413420
vt 0.420691 0.459164
vt 0.391328 0.442211
vt 0.413420 0.413420
vt 0.437395 0.437395
vt 0.420691 0.459164
vt 0.391328 0.442211
vt 0.410191 0.484514
vt 0.377440 0.475739
vt 0.391328 0.442211
vt 0.420691 0.459164
vt 0.410191 0.484514
vt 0.377440 0.475739
vt 0.406609 0.511719
vt 0.372703 0.511719
vt 0.377440 0.475739
vt 0.410191 0.484514
vt 0.406609 0.511719
vt 0.511719 0.511719
vt 0.410191 0.538923
vt 0.406609 0.511719
vt 0.511719 0.511719
vt 0.420691 0.564273
vt 0.410191 0.538923
vt 0.511719 0.511719
vt 0.437395 0.586042
vt 0.420691 0.564273
vt 0.511719 0.511719
vt 0.459164 0.602746
vt 0.437395 0.586042
vt 0.511719 0.511719
vt 0.484514 0.613247
vt 0.459164 0.602746
vt 0.511719 0.511719
vt 0.511719 0.616828
vt 0.484514 0.613247
vt 0.511719 0.511719
vt 0.538923 0.613247
vt 0.511719 0.616828
vt 0.511719 0.511719
vt 0.564273 0.602746
vt 0.538923 0.613247
vt 0.511719 0.511719
vt 0.586042 0.586042
vt 0.564273 0.602746
vt 0.511719 0.511719
vt 0.602746 0.564273
vt 0.586042 0.586042
vt 0.511719 0.511719
vt 0.613247 0.538923
vt 0.602746 0.564273
vt 0.511719 0.511719
vt 0.616828 0.511719
vt 0.613247 0.538923
vt 0.511719 0.511719
vt 0.613247 0.484514
vt 0.616828 0.511719
vt 0.511719 0.511719
vt 0.602746 0.459164
vt 0.613247 0.484514
vt 0.511719 0.511719
vt 0.586042 0.437395
vt 0.602746 0.459164
vt 0.511719 0.511719
vt 0.564273 0.420691
vt 0.586042 0.437395
vt 0.511719 0.511719
vt 0.538923 0.410191
vt 0.564273 0.420691
vt 0.511719 0.511719
vt 0.511719 0.406609
vt 0.538923 0.410191
vt 0.511719 0.511719
vt 0.484514 0.410191
vt 0.511719 0.406609
vt 0.511719 0.511719
vt 0.459164 0.420691
vt 0.484514 0.410191
vt 0.511719 0.511719
vt 0.437395 0.437395
vt 0.459164 0.420691
vt 0.511719 0.511719
vt 0.420691 0.459164
vt 0.437395 0.437395
vt 0.511719 0.511719
vt 0.410191 0.484514
vt 0.420691 0.459164
vt 0.511719 0.511719
vt 0.406609 0.511719
vt 0.410191 0.484514
vn 0.000000 0.000000 -1.000000
vn 0.000000 0.000000 -1.000000
vn 0.000000 0.000000 -1.000000
vn 0.000000 0.000000 -1.000000
vn 0.000000 0.000000 -1.000000
vn 0.000000 0.000000 -1.000000
vn 0.000000 0.000000 -1.000000
vn 0.000000 0.000000 -1.000000
vn 0.000000 0.000000 -1.000000
vn 0.000000 0.000000 -1.000000
vn 0.000000 0.000000 -1.000000
vn 0.000000 0.000000 -1.000000
vn 0.000000 0.000000 -1.000000
vn 0.000000 0.000000 -1.000000
vn 0.000000 0.000000 -1.000000
vn 0.000000 0.000000 -1.000000
vn -0.000000 0.000000 -1.000000
vn 0.000000 0.000000 -1.000000
vn 0.000000 0.000000 -1.000000
vn 0.000000 0.000000 -1.000000
vn 0.000000 0.000000 -1.000000
vn 0.000000 0.000000 -1.000000
vn 0.000000 0.000000 -1.000000
vn 0.000000 0.000000 -1.000000
vn 0.000000 0.000000 -1.000000
vn 0.000000 0.000000 -1.000000
vn 0.000000 0.000000 -1.000000
vn 0.000000 0.000000 -1.000000
vn 0.000000 0.000000 -1.000000
vn 0.000000 0.000000 -1.000000
vn 0.000000 0.000000 -1.000000
vn 0.000000 0.000000 -1.000000
vn 0.000000 -0.000000 -1.000000
vn 0.000000 0.000000 -1.000000
vn 0.000000 0.000000 -1.000000
vn 0.000000 0.000000 -1.000000
vn 0.000000 0.000000 -1.000000
vn 0.000000 0.000000 -1.000000
vn 0.000000 0.000000 -1.000000
vn 0.000000 0.000000 -1.000000
vn 0.000000 0.000000 -1.000000
vn 0.000000 0.000000 -1.000000
vn 0.000000 0.000000 -1.000000
vn 0.000000 0.000000 -1.000000
vn 0.000000 0.000000 -1.000000
vn 0.000000 0.000000 -1.000000
vn 0.000000 0.000000 -1.000000
vn 0.000000 0.000000 -1.000000
vn 0.000000 0.000000 -1.000000
vn 0.000000 0.000000 -1.000000
vn 0.000000 0.000000 -1.000000
vn 0.000000 0.000000 -1.000000
vn 0.000000 0.000000 -1.000000
vn 0.000000 0.000000 -1.000000
vn 0.000000 0.000000 -1.000000
vn 0.000000 0.000000 -1.000000
vn 0.000000 0.000000 -1.000000
vn 0.000000 0.000000 -1.000000
vn 0.000000 0.000000 -1.000000
vn 0.000000 0.000000 -1.000000
vn 0.000000 0.000000 -1.000000
vn 0.000000 0.000000 -1.000000
vn 0.000000 0.000000 -1.000000
vn 0.000000 0.000000 -1.000000
vn -0.000026 1.000000 0.000000
vn -0.000026 1.000000 0.000000
vn -0.127780 0.991803 0.000000
vn -0.127780 0.991803 0.000000
vn -0.190495 0.981688 0.000000
vn -0.190495 0.981688 0.000000
vn -0.278905 0.960319 0.000000
vn -0.278905 0.960319 0.000000
vn -0.400481 0.916305 0.000000
vn -0.400481 0.916305 0.000000
vn -0.479150 0.877733 0.000000
vn -0.479150 0.877733 0.000000
vn -0.562609 0.826723 0.000000
vn -0.562609 0.826723 0.000000
vn -0.582998 0.812473 0.000000
vn -0.582998 0.812473 0.000000
vn -0.707123 0.707090 0.000000
vn -0.707123 0.707090 0.000000
vn -0.812501 0.582960 0.000000
vn -0.812501 0.582960 0.000000
vn -0.826749 0.562571 0.000000
vn -0.826749 0.562571 0.000000
vn -0.877755 0.479110 0.000000
vn -0.877755 0.479110 0.000000
vn -0.923007 0.384783 0.000000
vn -0.923007 0.384783 0.000000
vn -0.955337 0.295520 0.000000
vn -0.955337 0.295520 0.000000
vn -0.979653 0.200699 0.000000
vn -0.979653 0.200699 0.000000
vn -0.996186 0.087257 0.000000
vn -0.996186 0.087257 0.000000
vn -1.000000 0.000104 0.000000
vn -1.000000 0.000104 0.000000
vn -0.991805 -0.127759 0.000000
vn -0.991805 -0.127759 0.000000
vn -0.981693 -0.190471 0.000000
vn -0.981693 -0.190471 0.000000
vn -0.960326 -0.278879 0.000000
vn -0.960326 -0.278879 0.000000
vn -0.916316 -0.400455 0.000000
vn -0.916316 -0.400455 0.000000
vn -0.891381 -0.453255 0.000000
vn -0.891381 -0.453255 0.000000
vn -0.842481 -0.538726 0.000000
vn -0.842481 -0.538726 0.000000
vn -0.780962 -0.624579 0.000000
vn -0.780962 -0.624579 0.000000
vn -0.707116 -0.707098 0.000000
vn -0.707116 -0.707098 0.000000
vn -0.624598 -0.780946 0.000000
vn -0.624598 -0.780946 0.000000
vn -0.538746 -0.842468 0.000000
vn -0.538746 -0.842468 0.000000
vn -0.453277 -0.891370 0.000000
vn -0.453277 -0.891370 0.000000
vn -0.384817 -0.922993 0.000000
vn -0.384817 -0.922993 0.000000
vn -0.295555 -0.955326 0.000000
vn -0.295555 -0.955326 0.000000
vn -0.154066 -0.988061 0.000000
vn -0.154066 -0.988061 0.000000
vn -0.131673 -0.991293 0.000000
vn -0.131673 -0.991293 0.000000
vn -0.000137 -1.000000 0.000000
vn -0.000137 -1.000000 0.000000
vn 0.127728 -0.991809 0.000000
vn 0.127728 -0.991809 0.000000
vn 0.190442 -0.981698 0.000000
vn 0.190442 -0.981698 0.000000
vn 0.278854 -0.960334 0.000000
vn 0.278854 -0.960334 0.000000
vn 0.424003 -0.905661 0.000000
vn 0.424003 -0.905661 0.000000
vn 0.457598 -0.889159 0.000000
vn 0.457598 -0.889159 0.000000
vn 0.562566 -0.826752 0.000000
vn 0.562566 -0.826752 0.000000
vn 0.582959 -0.812501 0.000000
vn 0.582959 -0.812501 0.000000
vn 0.707090 -0.707123 0.000000
vn 0.707090 -0.707123 0.000000
vn 0.812474 -0.582997 0.000000
vn 0.812474 -0.582997 0.000000
vn 0.842520 -0.538665 0.000000
vn 0.842520 -0.538665 0.000000
vn 0.875449 -0.483311 0.000000
vn 0.875449 -0.483311 0.000000
vn 0.913459 -0.406930 0.000000
vn 0.913459 -0.406930 0.000000
vn 0.964951 -0.262430 0.000000
vn 0.964951 -0.262430 0.000000
vn 0.982392 -0.186831 0.000000
vn 0.982392 -0.186831 0.000000
vn 0.991295 -0.131657 0.000000
vn 0.991295 -0.131657 0.000000
vn 1.000000 -0.000120 0.000000
vn 1.000000 -0.000120 0.000000
vn 0.991807 0.127748 0.000000
vn 0.991807 0.127748 -0.000000
vn 0.981694 0.190467 0.000000
vn 0.981694 0.190467 -0.000000
vn 0.960326 0.278880 0.000000
vn 0.960326 0.278880 -0.000000
vn 0.905649 0.424028 0.000000
vn 0.905649 0.424028 -0.000000
vn 0.875456 0.483298 0.000000
vn 0.875456 0.483298 -0.000000
vn 0.842527 0.538654 0.000000
vn 0.842527 0.538654 -0.000000
vn 0.796719 0.604350 0.000000
vn 0.796719 0.604350 -0.000000
vn 0.721801 0.692101 0.000000
vn 0.721801 0.692101 -0.000000
vn 0.604377 0.796698 0.000000
vn 0.604377 0.796698 -0.000000
vn 0.538676 0.842513 0.000000
vn 0.538676 0.842513 -0.000000
vn 0.479110 0.877755 0.000000
vn 0.479110 0.877755 -0.000000
vn 0.384779 0.923009 0.000000
vn 0.384779 0.923009 -0.000000
vn 0.262394 0.964961 0.000000
vn 0.262394 0.964961 -0.000000
vn 0.186795 0.982399 0.000000
vn 0.186795 0.982399 -0.000000
vn 0.142499 0.989795 0.000000
vn 0.142499 0.989795 -0.000000
vn 0.000000 -0.000000 1.000000
vn 0.000000 0.000000 1.000000
vn 0.000000 0.000000 1.000000
vn 0.000000 0.000000 1.000000
vn 0.000000 0.000000 1.000000
vn 0.000000 0.000000 1.000000
vn 0.000000 0.000000 1.000000
vn 0.000000 0.000000 1.000000
vn 0.000000 0.000000 1.000000
vn 0.000000 0.000000 1.000000
vn 0.000000 0.000000 1.000000
vn 0.000000 0.000000 1.000000
vn 0.000000 0.000000 1.000000
vn 0.000000 0.000000 1.000000
vn 0.000000 0.000000 1.000000
vn 0.000000 0.000000 1.000000
vn 0.000000 0.000000 1.000000
vn 0.000000 0.000000 1.000000
vn 0.000000 0.000000 1.000000
vn 0.000000 0.000000 1.000000
vn 0.000000 0.000000 1.000000
vn 0.000000 0.000000 1.000000
vn 0.000000 0.000000 1.000000
vn 0.000000 0.000000 1.000000
vn 0.000000 0.000000 1.000000
vn 0.000000 0.000000 1.000000
vn 0.000000 0.000000 1.000000
vn 0.000000 0.000000 1.000000
vn 0.000000 0.000000 1.000000
vn 0.000000 0.000000 1.000000
vn 0.000000 0.000000 1.000000
vn 0.000000 0.000000 1.000000
vn 0.000000 0.000000 1.000000
vn 0.000000 0.000000 1.000000
vn 0.000000 0.000000 1.000000
vn 0.000000 0.000000 1.000000
vn 0.000000 0.000000 1.000000
vn 0.000000 0.000000 1.000000
vn 0.000000 0.000000 1.000000
vn 0.000000 0.000000 1.000000
vn 0.000000 0.000000 1.000000
vn 0.000000 0.000000 1.000000
vn 0.000000 0.000000 1.000000
vn 0.000000 0.000000 1.000000
vn 0.000000 0.000000 1.000000
vn 0.000000 0.000000 1.000000
vn 0.000000 0.000000 1.000000
vn 0.000000 0.000000 1.000000
vn -0.000000 0.000000 1.000000
vn 0.000000 0.000000 1.000000
vn 0.000000 0.000000 1.000000
vn 0.000000 0.000000 1.000000
vn 0.000000 0.000000 1.000000
vn 0.000000 0.000000 1.000000
vn 0.000000 0.000000 1.000000
vn 0.000000 0.000000 1.000000
vn 0.000000 0.000000 1.000000
vn 0.000000 0.000000 1.000000
vn 0.000000 0.000000 1.000000
vn 0.000000 0.000000 1.000000
vn 0.000000 0.000000 1.000000
vn 0.000000 0.000000 1.000000
vn 0.000000 0.000000 1.000000
vn 0.000000 0.000000 1.000000
vn 0.978467 0.128818 -0.161273
vn 0.978467 0.128818 -0.161273
vn 0.911786 0.377674 -0.161273
vn 0.911786 0.377674 -0.161273
vn 0.782968 0.600793 -0.161273
vn 0.782968 0.600793 -0.161273
vn 0.600793 0.782968 -0.161273
vn 0.600793 0.782968 -0.161273
vn 0.377674 0.911786 -0.161273
vn 0.377674 0.911786 -0.161273
vn 0.128818 0.978467 -0.161273
vn 0.128818 0.978467 -0.161273
vn -0.128818 0.978467 -0.161273
vn -0.128818 0.978467 -0.161273
vn -0.377674 0.911786 -0.161273
vn -0.377674 0.911786 -0.161273
vn -0.600793 0.782968 -0.161273
vn -0.600793 0.782968 -0.161273
vn -0.782968 0.600793 -0.161273
vn -0.782968 0.600793 -0.161273
vn -0.911786 0.377674 -0.161273
vn -0.911786 0.377674 -0.161273
vn -0.978467 0.128818 -0.161273
vn -0.978467 0.128818 -0.161273
vn -0.978467 -0.128818 -0.161273
vn -0.978467 -0.128818 -0.161273
vn -0.911786 -0.377674 -0.161273
vn -0.911786 -0.377674 -0.161273
vn -0.782968 -0.600793 -0.161273
vn -0.782968 -0.600793 -0.161273
vn -0.600793 -0.782968 -0.161273
vn -0.600793 -0.782968 -0.161273
vn -0.377674 -0.911786 -0.161273
vn -0.377674 -0.911786 -0.161273
vn -0.128818 -0.978467 -0.161273
vn -0.128818 -0.978467 -0.161273
vn 0.128818 -0.978467 -0.161273
vn 0.128818 -0.978467 -0.161273
vn 0.377674 -0.911786 -0.161273
vn 0.377674 -0.911786 -0.161273
vn 0.600793 -0.782968 -0.161273
vn 0.600793 -0.782968 -0.161273
vn 0.782968 -0.600793 -0.161273
vn 0.782968 -0.600793 -0.161273
vn 0.911786 -0.377674 -0.161273
vn 0.911786 -0.377674 -0.161273
vn 0.978467 -0.128818 -0.161273
vn 0.978467 -0.128818 -0.161273
vn 0.908898 0.119659 -0.399484
vn 0.908898 0.119659 -0.399484
vn 0.846958 0.350821 -0.399484
vn 0.846958 0.350821 -0.399484
vn 0.727299 0.558076 -0.399484
vn 0.727299 0.558076 -0.399484
vn 0.558076 0.727299 -0.399484
vn 0.558076 0.727299 -0.399484
vn 0.350821 0.846958 -0.399484
vn 0.350821 0.846958 -0.399484
vn 0.119659 0.908898 -0.399484
vn 0.119659 0.908898 -0.399484
vn -0.119659 0.908898 -0.399484
vn -0.119659 0.908898 -0.399484
vn -0.350821 0.846958 -0.399484
vn -0.350821 0.846958 -0.399484
vn -0.558076 0.727299 -0.399484
vn -0.558076 0.727299 -0.399484
vn -0.727299 0.558076 -0.399484
vn -0.727299 0.558076 -0.399484
vn -0.846958 0.350821 -0.399484
vn -0.846958 0.350821 -0.399484
vn -0.908898 0.119659 -0.399484
vn -0.908898 0.119659 -0.399484
vn -0.908898 -0.119659 -0.399484
vn -0.908898 -0.119659 -0.399484
vn -0.846958 -0.350821 -0.399484
vn -0.846958 -0.350821 -0.399484
vn -0.727299 -0.558076 -0.399484
vn -0.727299 -0.558076 -0.399484
vn -0.558076 -0.727299 -0.399484
vn -0.558076 -0.727299 -0.399484
vn -0.350821 -0.846958 -0.399484
vn -0.350821 -0.846958 -0.399484
vn -0.119659 -0.908898 -0.399484
vn -0.119659 -0.908898 -0.399484
vn 0.119659 -0.908898 -0.399484
vn 0.119659 -0.908898 -0.399484
vn 0.350821 -0.846958 -0.399484
vn 0.350821 -0.846958 -0.399484
vn 0.558076 -0.727299 -0.399484
vn 0.558076 -0.727299 -0.399484
vn 0.727299 -0.558076 -0.399484
vn 0.727299 -0.558076 -0.399484
vn 0.846958 -0.350821 -0.399484
vn 0.846958 -0.350821 -0.399484
vn 0.908898 -0.119659 -0.399484
vn 0.908898 -0.119659 -0.399484
vn 0.583789 0.076857 -0.808259
vn 0.583789 0.076857 -0.808259
vn 0.544005 0.225334 -0.808259
vn 0.544005 0.225334 -0.808259
vn 0.467148 0.358455 -0.808259
vn 0.467148 0.358455 -0.808259
vn 0.358455 0.467148 -0.808259
vn 0.358455 0.467148 -0.808259
vn 0.225334 0.544005 -0.808259
vn 0.225334 0.544005 -0.808259
vn 0.076857 0.583789 -0.808259
vn 0.076857 0.583789 -0.808259
vn -0.076857 0.583789 -0.808259
vn -0.076857 0.583789 -0.808259
vn -0.225334 0.544005 -0.808259
vn -0.225334 0.544005 -0.808259
vn -0.358455 0.467148 -0.808259
vn -0.358455 0.467148 -0.808259
vn -0.467148 0.358455 -0.808259
vn -0.467148 0.358455 -0.808259
vn -0.544005 0.225334 -0.808259
vn -0.544005 0.225334 -0.808259
vn -0.583789 0.076857 -0.808259
vn -0.583789 0.076857 -0.808259
vn -0.583789 -0.076857 -0.808259
vn -0.583789 -0.076857 -0.808259
vn -0.544005 -0.225334 -0.808259
vn -0.544005 -0.225334 -0.808259
vn -0.467148 -0.358455 -0.808259
vn -0.467148 -0.358455 -0.808259
vn -0.358455 -0.467148 -0.808259
vn -0.358455 -0.467148 -0.808259
vn -0.225334 -0.544005 -0.808259
vn -0.225334 -0.544005 -0.808259
vn -0.076857 -0.583789 -0.808259
vn -0.076857 -0.583789 -0.808259
vn 0.076857 -0.583789 -0.808259
vn 0.076857 -0.583789 -0.808259
vn 0.225334 -0.544005 -0.808259
vn 0.225334 -0.544005 -0.808259
vn 0.358455 -0.467148 -0.808259
vn 0.358455 -0.467148 -0.808259
vn 0.467148 -0.358455 -0.808259
vn 0.467148 -0.358455 -0.808259
vn 0.544005 -0.225334 -0.808259
vn 0.544005 -0.225334 -0.808259
vn 0.583789 -0.076857 -0.808259
vn 0.583789 -0.076857 -0.808259
vn 0.186224 0.024517 -0.982201
vn 0.186224 0.024517 -0.982201
vn 0.173533 0.071880 -0.982201
vn 0.173533 0.071880 -0.982201
vn 0.149016 0.114344 -0.982201
vn 0.149016 0.114344 -0.982201
vn 0.114344 0.149016 -0.982201
vn 0.114344 0.149016 -0.982201
vn 0.071880 0.173533 -0.982201
vn 0.071880 0.173533 -0.982201
vn 0.024517 0.186224 -0.982201
vn 0.024517 0.186224 -0.982201
vn -0.024517 0.186224 -0.982201
vn -0.024517 0.186224 -0.982201
vn -0.071880 0.173533 -0.982201
vn -0.071880 0.173533 -0.982201
vn -0.114344 0.149016 -0.982201
vn -0.114344 0.149016 -0.982201
vn -0.149016 0.114344 -0.982201
vn -0.149016 0.114344 -0.982201
vn -0.173533 0.071880 -0.982201
vn -0.173533 0.071880 -0.982201
vn -0.186224 0.024517 -0.982201
vn -0.186224 0.024517 -0.982201
vn -0.186224 -0.024517 -0.982201
vn -0.186224 -0.024517 -0.982201
vn -0.173533 -0.071880 -0.982201
vn -0.173533 -0.071880 -0.982201
vn -0.149016 -0.114344 -0.982201
vn -0.149016 -0.114344 -0.982201
vn -0.114344 -0.149016 -0.982201
vn -0.114344 -0.149016 -0.982201
vn -0.071880 -0.173533 -0.982201
vn -0.071880 -0.173533 -0.982201
vn -0.024517 -0.186224 -0.982201
vn -0.024517 -0.186224 -0.982201
vn 0.024517 -0.186224 -0.982201
vn 0.024517 -0.186224 -0.982201
vn 0.071880 -0.173533 -0.982201
vn 0.071880 -0.173533 -0.982201
vn 0.114344 -0.149016 -0.982201
vn 0.114344 -0.149016 -0.982201
vn 0.149016 -0.114344 -0.982201
vn 0.149016 -0.114344 -0.982201
vn 0.173533 -0.071880 -0.982201
vn 0.173533 -0.071880 -0.982201
vn 0.186224 -0.024517 -0.982201
vn 0.186224 -0.024517 -0.982201
vn 0.000000 0.000000 -1.000000
vn 0.000000 0.000000 -1.000000
vn 0.000000 0.000000 -1.000000
vn 0.000000 0.000000 -1.000000
vn 0.000000 0.000000 -1.000000
vn 0.000000 0.000000 -1.000000
vn 0.000000 0.000000 -1.000000
vn 0.000000 0.000000 -1.000000
vn 0.000000 0.000000 -1.000000
vn 0.000000 0.000000 -1.000000
vn 0.000000 0.000000 -1.000000
vn 0.000000 0.000000 -1.000000
vn -0.000000 0.000000 -1.000000
vn 0.000000 0.000000 -1.000000
vn 0.000000 0.000000 -1.000000
vn 0.000000 0.000000 -1.000000
vn 0.000000 0.000000 -1.000000
vn 0.000000 -0.000000 -1.000000
vn 0.000000 0.000000 -1.000000
vn 0.000000 0.000000 -1.000000
vn 0.000000 0.000000 -1.000000
vn 0.000000 0.000000 -1.000000
vn 0.000000 0.000000 -1.000000
vn 0.000000 0.000000 -1.000000
usemtl body
f 1/1/1 2/2/1 3/3/1
f 4/4/2 5/5/2 6/6/2
f 7/7/3 8/8/3 9/9/3
f 10/10/4 11/11/4 12/12/4
f 13/13/5 14/14/5 15/15/5
f 16/16/6 17/17/6 18/18/6
f 19/19/7 20/20/7 21/21/7
f 22/22/8 23/23/8 24/24/8
f 25/25/9 26/26/9 27/27/9
f 28/28/10 29/29/10 30/30/10
f 31/31/11 32/32/11 33/33/11
f 34/34/12 35/35/12 36/36/12
f 37/37/13 38/38/13 39/39/13
f 40/40/14 41/41/14 42/42/14
f 43/43/15 44/44/15 45/45/15
f 46/46/16 47/47/16 48/48/16
f 49/49/17 50/50/17 51/51/17
f 52/52/18 53/53/18 54/54/18
f 55/55/19 56/56/19 57/57/19
f 58/58/20 59/59/20 60/60/20
f 61/61/21 62/62/21 63/63/21
f 64/64/22 65/65/22 66/66/22
f 67/67/23 68/68/23 69/69/23
f 70/70/24 71/71/24 72/72/24
f 73/73/25 74/74/25 75/75/25
f 76/76/26 77/77/26 78/78/26
f 79/79/27 80/80/27 81/81/27
f 82/82/28 83/83/28 84/84/28
f 85/85/29 86/86/29 87/87/29
f 88/88/30 89/89/30 90/90/30
f 91/91/31 92/92/31 93/93/31
f 94/94/32 95/95/32 96/96/32
f 97/97/33 98/98/33 99/99/33
f 100/100/34 101/101/34 102/102/34
f 103/103/35 104/104/35 105/105/35
f 106/106/36 107/107/36 108/108/36
f 109/109/37 110/110/37 111/111/37
f 112/112/38 113/113/38 114/114/38
f 115/115/39 116/116/39 117/117/39
f 118/118/40 119/119/40 120/120/40
f 121/121/41 122/122/41 123/123/41
f 124/124/42 125/125/42 126/126/42
f 127/127/43 128/128/43 129/129/43
f 130/130/44 131/131/44 132/132/44
f 133/133/45 134/134/45 135/135/45
f 136/136/46 137/137/46 138/138/46
f 139/139/47 140/140/47 141/141/47
f 142/142/48 143/143/48 144/144/48
f 145/145/49 146/146/49 147/147/49
f 148/148/50 149/149/50 150/150/50
f 151/151/51 152/152/51 153/153/51
f 154/154/52 155/155/52 156/156/52
f 157/157/53 158/158/53 159/159/53
f 160/160/54 161/161/54 162/162/54
f 163/163/55 164/164/55 165/165/55
f 166/166/56 167/167/56 168/168/56
f 169/169/57 170/170/57 171/171/57
f 172/172/58 173/173/58 174/174/58
f 175/175/59 176/176/59 177/177/59
f 178/178/60 179/179/60 180/180/60
f 181/181/61 182/182/61 183/183/61
f 184/184/62 185/185/62 186/186/62
f 187/187/63 188/188/63 189/189/63
f 190/190/64 191/191/64 192/192/64
f 193/193/65 194/194/65 195/195/65
f 196/196/66 197/197/66 198/198/66
f 199/199/67 200/200/67 201/201/67
f 202/202/68 203/203/68 204/204/68
f 205/205/69 206/206/69 207/207/69
f 208/208/70 209/209/70 210/210/70
f 211/211/71 212/212/71 213/213/71
f 214/214/72 215/215/72 216/216/72
f 217/217/73 218/218/73 219/219/73
f 220/220/74 221/221/74 222/222/74
f 223/223/75 224/224/75 225/225/75
f 226/226/76 227/227/76 228/228/76
f 229/229/77 230/230/77 231/231/77
f 232/232/78 233/233/78 234/234/78
f 235/235/79 236/236/79 237/237/79
f 238/238/80 239/239/80 240/240/80
f 241/241/81 242/242/81 243/243/81
f 244/244/82 245/245/82 246/246/82
f 247/247/83 248/248/83 249/249/83
f 250/250/84 251/251/84 252/252/84
f 253/253/85 254/254/85 255/255/85
f 256/256/86 257/257/86 258/258/86
f 259/259/87 260/260/87 261/261/87
f 262/262/88 263/263/88 264/264/88
f 265/265/89 266/266/89 267/267/89
f 268/268/90 269/269/90 270/270/90
f 271/271/91 272/272/91 273/273/91
f 274/274/92 275/275/92 276/276/92
f 277/277/93 278/278/93 279/279/93
f 280/280/94 281/281/94 282/282/94
f 283/283/95 284/284/95 285/285/95
f 286/286/96 287/287/96 288/288/96
f 289/289/97 290/290/97 291/291/97
f 292/292/98 293/293/98 294/294/98
f 295/295/99 296/296/99 297/297/99
f 298/298/100 299/299/100 300/300/100
f 301/301/101 302/302/101 303/303/101
f 304/304/102 305/305/102 306/306/102
f 307/307/103 308/308/103 309/309/103
f 310/310/104 311/311/104 312/312/104
f 313/313/105 314/314/105 315/315/105
f 316/316/106 317/317/106 318/318/106
f 319/319/107 320/320/107 321/321/107
f 322/322/108 323/323/108 324/324/108
f 325/325/109 326/326/109 327/327/109
f 328/328/110 329/329/110 330/330/110
f 331/331/111 332/332/111 333/333/111
f 334/334/112 335/335/112 336/336/112
f 337/337/113 338/338/113 339/339/113
f 340/340/114 341/341/114 342/342/114
f 343/343/115 344/344/115 345/345/115
f 346/346/116 347/347/116 348/348/116
f 349/349/117 350/350/117 351/351/117
f 352/352/118 353/353/118 354/354/118
f 355/355/119 356/356/119 357/357/119
f 358/358/120 359/359/120 360/360/120
f 361/361/121 362/362/121 363/363/121
f 364/364/122 365/365/122 366/366/122
f 367/367/123 368/368/123 369/369/123
f 370/370/124 371/371/124 372/372/124
f 373/373/125 374/374/125 375/375/125
f 376/376/126 377/377/126 378/378/126
f 379/379/127 380/380/127 381/381/127
f 382/382/128 383/383/128 384/384/128
f 385/385/129 386/386/129 387/387/129
f 388/388/130 389/389/130 390/390/130
f 391/391/131 392/392/131 393/393/131
f 394/394/132 395/395/132 396/396/132
f 397/397/133 398/398/133 399/399/133
f 400/400/134 401/401/134 402/402/134
f 403/403/135 404/404/135 405/405/135
f 406/406/136 407/407/136 408/408/136
f 409/409/137 410/410/137 411/411/137
f 412/412/138 413/413/138 414/414/138
f 415/415/139 416/416/139 417/417/139
f 418/418/140 419/419/140 420/420/140
f 421/421/141 422/422/141 423/423/141
f 424/424/142 425/425/142 426/426/142
f 427/427/143 428/428/143 429/429/143
f 430/430/144 431/431/144 432/432/144
f 433/433/145 434/434/145 435/435/145
f 436/436/146 437/437/146 438/438/146
f 439/439/147 440/440/147 441/441/147
f 442/442/148 443/443/148 444/444/148
f 445/445/149 446/446/149 447/447/149
f 448/448/150 449/449/150 450/450/150
f 451/451/151 452/452/151 453/453/151
f 454/454/152 455/455/152 456/456/152
f 457/457/153 458/458/153 459/459/153
f 460/460/154 461/461/154 462/462/154
f 463/463/155 464/464/155 465/465/155
f 466/466/156 467/467/156 468/468/156
f 469/469/157 470/470/157 471/471/157
f 472/472/158 473/473/158 474/474/158
f 475/475/159 476/476/159 477/477/159
f 478/478/160 479/479/160 480/480/160
f 481/481/161 482/482/161 483/483/161
f 484/484/162 485/485/162 486/486/162
f 487/487/163 488/488/163 489/489/163
f 490/490/164 491/491/164 492/492/164
f 493/493/165 494/494/165 495/495/165
f 496/496/166 497/497/166 498/498/166
f 499/499/167 500/500/167 501/501/167
f 502/502/168 503/503/168 504/504/168
f 505/505/169 506/506/169 507/507/169
f 508/508/170 509/509/170 510/510/170
f 511/511/171 512/512/171 513/513/171
f 514/514/172 515/515/172 516/516/172
f 517/517/173 518/518/173 519/519/173
f 520/520/174 521/521/174 522/522/174
f 523/523/175 524/524/175 525/525/175
f 526/526/176 527/527/176 528/528/176
f 529/529/177 530/530/177 531/531/177
f 532/532/178 533/533/178 534/534/178
f 535/535/179 536/536/179 537/537/179
f 538/538/180 539/539/180 540/540/180
f 541/541/181 542/542/181 543/543/181
f 544/544/182 545/545/182 546/546/182
f 547/547/183 548/548/183 549/549/183
f 550/550/184 551/551/184 552/552/184
f 553/553/185 554/554/185 555/555/185
f 556/556/186 557/557/186 558/558/186
f 559/559/187 560/560/187 561/561/187
f 562/562/188 563/563/188 564/564/188
f 565/565/189 566/566/189 567/567/189
f 568/568/190 569/569/190 570/570/190
f 571/571/191 572/572/191 573/573/191
f 574/574/192 575/575/192 576/576/192
f 577/577/193 578/578/193 579/579/193
f 580/580/194 581/581/194 582/582/194
f 583/583/195 584/584/195 585/585/195
f 586/586/196 587/587/196 588/588/196
f 589/589/197 590/590/197 591/591/197
f 592/592/198 593/593/198 594/594/198
f 595/595/199 596/596/199 597/597/199
f 598/598/200 599/599/200 600/600/200
f 601/601/201 602/602/201 603/603/201
f 604/604/202 605/605/202 606/606/202
f 607/607/203 608/608/203 609/609/203
f 610/610/204 611/611/204 612/612/204
f 613/613/205 614/614/205 615/615/205
f 616/616/206 617/617/206 618/618/206
f 619/619/207 620/620/207 621/621/207
f 622/622/208 623/623/208 624/624/208
f 625/625/209 626/626/209 627/627/209
f 628/628/210 629/629/210 630/630/210
f 631/631/211 632/632/211 633/633/211
f 634/634/212 635/635/212 636/636/212
f 637/637/213 638/638/213 639/639/213
f 640/640/214 641/641/214 642/642/214
f 643/643/215 644/644/215 645/645/215
f 646/646/216 647/647/216 648/648/216
f 649/649/217 650/650/217 651/651/217
f 652/652/218 653/653/218 654/654/218
f 655/655/219 656/656/219 657/657/219
f 658/658/220 659/659/220 660/660/220
f 661/661/221 662/662/221 663/663/221
f 664/664/222 665/665/222 666/666/222
f 667/667/223 668/668/223 669/669/223
f 670/670/224 671/671/224 672/672/224
f 673/673/225 674/674/225 675/675/225
f 676/676/226 677/677/226 678/678/226
f 679/679/227 680/680/227 681/681/227
f 682/682/228 683/683/228 684/684/228
f 685/685/229 686/686/229 687/687/229
f 688/688/230 689/689/230 690/690/230
f 691/691/231 692/692/231 693/693/231
f 694/694/232 695/695/232 696/696/232
f 697/697/233 698/698/233 699/699/233
f 700/700/234 701/701/234 702/702/234
f 703/703/235 704/704/235 705/705/235
f 706/706/236 707/707/236 708/708/236
f 709/709/237 710/710/237 711/711/237
f 712/712/238 713/713/238 714/714/238
f 715/715/239 716/716/239 717/717/239
f 718/718/240 719/719/240 720/720/240
f 721/721/241 722/722/241 723/723/241
f 724/724/242 725/725/242 726/726/242
f 727/727/243 728/728/243 729/729/243
f 730/730/244 731/731/244 732/732/244
f 733/733/245 734/734/245 735/735/245
f 736/736/246 737/737/246 738/738/246
f 739/739/247 740/740/247 741/741/247
f 742/742/248 743/743/248 744/744/248
f 745/745/249 746/746/249 747/747/249
f 748/748/250 749/749/250 750/750/250
f 751/751/251 752/752/251 753/753/251
f 754/754/252 755/755/252 756/756/252
f 757/757/253 758/758/253 759/759/253
f 760/760/254 761/761/254 762/762/254
f 763/763/255 764/764/255 765/765/255
f 766/766/256 767/767/256 768/768/256
f 769/769/257 770/770/257 771/771/257
f 772/772/258 773/773/258 774/774/258
f 775/775/259 776/776/259 777/777/259
f 778/778/260 779/779/260 780/780/260
f 781/781/261 782/782/261 783/783/261
f 784/784/262 785/785/262 786/786/262
f 787/787/263 788/788/263 789/789/263
f 790/790/264 791/791/264 792/792/264
f 793/793/265 794/794/265 795/795/265
f 796/796/266 797/797/266 798/798/266
f 799/799/267 800/800/267 801/801/267
f 802/802/268 803/803/268 804/804/268
f 805/805/269 806/806/269 807/807/269
f 808/808/270 809/809/270 810/810/270
f 811/811/271 812/812/271 813/813/271
f 814/814/272 815/815/272 816/816/272
f 817/817/273 818/818/273 819/819/273
f 820/820/274 821/821/274 822/822/274
f 823/823/275 824/824/275 825/825/275
f 826/826/276 827/827/276 828/828/276
f 829/829/277 830/830/277 831/831/277
f 832/832/278 833/833/278 834/834/278
f 835/835/279 836/836/279 837/837/279
f 838/838/280 839/839/280 840/840/280
f 841/841/281 842/842/281 843/843/281
f 844/844/282 845/845/282 846/846/282
f 847/847/283 848/848/283 849/849/283
f 850/850/284 851/851/284 852/852/284
f 853/853/285 854/854/285 855/855/285
f 856/856/286 857/857/286 858/858/286
f 859/859/287 860/860/287 861/861/287
f 862/862/288 863/863/288 864/864/288
f 865/865/289 866/866/289 867/867/289
f 868/868/290 869/869/290 870/870/290
f 871/871/291 872/872/291 873/873/291
f 874/874/292 875/875/292 876/876/292
f 877/877/293 878/878/293 879/879/293
f 880/880/294 881/881/294 882/882/294
f 883/883/295 884/884/295 885/885/295
f 886/886/296 887/887/296 888/888/296
f 889/889/297 890/890/297 891/891/297
f 892/892/298 893/893/298 894/894/298
f 895/895/299 896/896/299 897/897/299
f 898/898/300 899/899/300 900/900/300
f 901/901/301 902/902/301 903/903/301
f 904/904/302 905/905/302 906/906/302
f 907/907/303 908/908/303 909/909/303
f 910/910/304 911/911/304 912/912/304
f 913/913/305 914/914/305 915/915/305
f 916/916/306 917/917/306 918/918/306
f 919/919/307 920/920/307 921/921/307
f 922/922/308 923/923/308 924/924/308
f 925/925/309 926/926/309 927/927/309
f 928/928/310 929/929/310 930/930/310
f 931/931/311 932/932/311 933/933/311
f 934/934/312 935/935/312 936/936/312
f 937/937/313 938/938/313 939/939/313
f 940/940/314 941/941/314 942/942/314
f 943/943/315 944/944/315 945/945/315
f 946/946/316 947/947/316 948/948/316
f 949/949/317 950/950/317 951/951/317
f 952/952/318 953/953/318 954/954/318
f 955/955/319 956/956/319 957/957/319
f 958/958/320 959/959/320 960/960/320
f 961/961/321 962/962/321 963/963/321
f 964/964/322 965/965/322 966/966/322
f 967/967/323 968/968/323 969/969/323
f 970/970/324 971/971/324 972/972/324
f 973/973/325 974/974/325 975/975/325
f 976/976/326 977/977/326 978/978/326
f 979/979/327 980/980/327 981/981/327
f 982/982/328 983/983/328 984/984/328
f 985/985/329 986/986/329 987/987/329
f 988/988/330 989/989/330 990/990/330
f 991/991/331 992/992/331 993/993/331
f 994/994/332 995/995/332 996/996/332
f 997/997/333 998/998/333 999/999/333
f 1000/1000/334 1001/1001/334 1002/1002/334
f 1003/1003/335 1004/1004/335 1005/1005/335
f 1006/1006/336 1007/1007/336 1008/1008/336
f 1009/1009/337 1010/1010/337 1011/1011/337
f 1012/1012/338 1013/1013/338 1014/1014/338
f 1015/1015/339 1016/1016/339 1017/1017/339
f 1018/1018/340 1019/1019/340 1020/1020/340
f 1021/1021/341 1022/1022/341 1023/1023/341
f 1024/1024/342 1025/1025/342 1026/1026/342
f 1027/1027/343 1028/1028/343 1029/1029/343
f 1030/1030/344 1031/1031/344 1032/1032/344
f 1033/1033/345 1034/1034/345 1035/1035/345
f 1036/1036/346 1037/1037/346 1038/1038/346
f 1039/1039/347 1040/1040/347 1041/1041/347
f 1042/1042/348 1043/1043/348 1044/1044/348
f 1045/1045/349 1046/1046/349 1047/1047/349
f 1048/1048/350 1049/1049/350 1050/1050/350
f 1051/1051/351 1052/1052/351 1053/1053/351
f 1054/1054/352 1055/1055/352 1056/1056/352
f 1057/1057/353 1058/1058/353 1059/1059/353
f 1060/1060/354 1061/1061/354 1062/1062/354
f 1063/1063/355 1064/1064/355 1065/1065/355
f 1066/1066/356 1067/1067/356 1068/1068/356
f 1069/1069/357 1070/1070/357 1071/1071/357
f 1072/1072/358 1073/1073/358 1074/1074/358
f 1075/1075/359 1076/1076/359 1077/1077/359
f 1078/1078/360 1079/1079/360 1080/1080/360
f 1081/1081/361 1082/1082/361 1083/1083/361
f 1084/1084/362 1085/1085/362 1086/1086/362
f 1087/1087/363 1088/1088/363 1089/1089/363
f 1090/1090/364 1091/1091/364 1092/1092/364
f 1093/1093/365 1094/1094/365 1095/1095/365
f 1096/1096/366 1097/1097/366 1098/1098/366
f 1099/1099/367 1100/1100/367 1101/1101/367
f 1102/1102/368 1103/1103/368 1104/1104/368
f 1105/1105/369 1106/1106/369 1107/1107/369
f 1108/1108/370 1109/1109/370 1110/1110/370
f 1111/1111/371 1112/1112/371 1113/1113/371
f 1114/1114/372 1115/1115/372 1116/1116/372
f 1117/1117/373 1118/1118/373 1119/1119/373
f 1120/1120/374 1121/1121/374 1122/1122/374
f 1123/1123/375 1124/1124/375 1125/1125/375
f 1126/1126/376 1127/1127/376 1128/1128/376
f 1129/1129/377 1130/1130/377 1131/1131/377
f 1132/1132/378 1133/1133/378 1134/1134/378
f 1135/1135/379 1136/1136/379 1137/1137/379
f 1138/1138/380 1139/1139/380 1140/1140/380
f 1141/1141/381 1142/1142/381 1143/1143/381
f 1144/1144/382 1145/1145/382 1146/1146/382
f 1147/1147/383 1148/1148/383 1149/1149/383
f 1150/1150/384 1151/1151/384 1152/1152/384
f 1153/1153/385 1154/1154/385 1155/1155/385
f 1156/1156/386 1157/1157/386 1158/1158/386
f 1159/1159/387 1160/1160/387 1161/1161/387
f 1162/1162/388 1163/1163/388 1164/1164/388
f 1165/1165/389 1166/1166/389 1167/1167/389
f 1168/1168/390 1169/1169/390 1170/1170/390
f 1171/1171/391 1172/1172/391 1173/1173/391
f 1174/1174/392 1175/1175/392 1176/1176/392
f 1177/1177/393 1178/1178/393 1179/1179/393
f 1180/1180/394 1181/1181/394 1182/1182/394
f 1183/1183/395 1184/1184/395 1185/1185/395
f 1186/1186/396 1187/1187/396 1188/1188/396
f 1189/1189/397 1190/1190/397 1191/1191/397
f 1192/1192/398 1193/1193/398 1194/1194/398
f 1195/1195/399 1196/1196/399 1197/1197/399
f 1198/1198/400 1199/1199/400 1200/1200/400
f 1201/1201/401 1202/1202/401 1203/1203/401
f 1204/1204/402 1205/1205/402 1206/1206/402
f 1207/1207/403 1208/1208/403 1209/1209/403
f 1210/1210/404 1211/1211/404 1212/1212/404
f 1213/1213/405 1214/1214/405 1215/1215/405
f 1216/1216/406 1217/1217/406 1218/1218/406
f 1219/1219/407 1220/1220/407 1221/1221/407
f 1222/1222/408 1223/1223/408 1224/1224/408
f 1225/1225/409 1226/1226/409 1227/1227/409
f 1228/1228/410 1229/1229/410 1230/1230/410
f 1231/1231/411 1232/1232/411 1233/1233/411
f 1234/1234/412 1235/1235/412 1236/1236/412
f 1237/1237/413 1238/1238/413 1239/1239/413
f 1240/1240/414 1241/1241/414 1242/1242/414
f 1243/1243/415 1244/1244/415 1245/1245/415
f 1246/1246/416 1247/1247/416 1248/1248/416
f 1249/1249/417 1250/1250/417 1251/1251/417
f 1252/1252/418 1253/1253/418 1254/1254/418
f 1255/1255/419 1256/1256/419 1257/1257/419
f 1258/1258/420 1259/1259/420 1260/1260/420
f 1261/1261/421 1262/1262/421 1263/1263/421
f 1264/1264/422 1265/1265/422 1266/1266/422
f 1267/1267/423 1268/1268/423 1269/1269/423
f 1270/1270/424 1271/1271/424 1272/1272/424
f 1273/1273/425 1274/1274/425 1275/1275/425
f 1276/1276/426 1277/1277/426 1278/1278/426
f 1279/1279/427 1280/1280/427 1281/1281/427
f 1282/1282/428 1283/1283/428 1284/1284/428
f 1285/1285/429 1286/1286/429 1287/1287/429
f 1288/1288/430 1289/1289/430 1290/1290/430
f 1291/1291/431 1292/1292/431 1293/1293/431
f 1294/1294/432 1295/1295/432 1296/1296/432
f 1297/1297/433 1298/1298/433 1299/1299/433
f 1300/1300/434 1301/1301/434 1302/1302/434
f 1303/1303/435 1304/1304/435 1305/1305/435
f 1306/1306/436 1307/1307/436 1308/1308/436
f 1309/1309/437 1310/1310/437 1311/1311/437
f 1312/1312/438 1313/1313/438 1314/1314/438
f 1315/1315/439 1316/1316/439 1317/1317/439
f 1318/1318/440 1319/1319/440 1320/1320/440
f 1321/1321/441 1322/1322/441 1323/1323/441
f 1324/1324/442 1325/1325/442 1326/1326/442
f 1327/1327/443 1328/1328/443 1329/1329/443
f 1330/1330/444 1331/1331/444 1332/1332/444
f 1333/1333/445 1334/1334/445 1335/1335/445
f 1336/1336/446 1337/1337/446 1338/1338/446
f 1339/1339/447 1340/1340/447 1341/1341/447
f 1342/1342/448 1343/1343/448 1344/1344/448
f 1345/1345/449 1346/1346/449 1347/1347/449
f 1348/1348/450 1349/1349/450 1350/1350/450
f 1351/1351/451 1352/1352/451 1353/1353/451
f 1354/1354/452 1355/1355/452 1356/1356/452
f 1357/1357/453 1358/1358/453 1359/1359/453
f 1360/1360/454 1361/1361/454 1362/1362/454
f 1363/1363/455 1364/1364/455 1365/1365/455
f 1366/1366/456 1367/1367/456 1368/1368/456
f 1369/1369/457 1370/1370/457 1371/1371/457
f 1372/1372/458 1373/1373/458 1374/1374/458
f 1375/1375/459 1376/1376/459 1377/1377/459
f 1378/1378/460 1379/1379/460 1380/1380/460
f 1381/1381/461 1382/1382/461 1383/1383/461
f 1384/1384/462 1385/1385/462 1386/1386/462
f 1387/1387/463 1388/1388/463 1389/1389/463
f 1390/1390/464 1391/1391/464 1392/1392/464
f 1393/1393/465 1394/1394/465 1395/1395/465
f 1396/1396/466 1397/1397/466 1398/1398/466
f 1399/1399/467 1400/1400/467 1401/1401/467
f 1402/1402/468 1403/1403/468 1404/1404/468
f 1405/1405/469 1406/1406/469 1407/1407/469
f 1408/1408/470 1409/1409/470 1410/1410/470
f 1411/1411/471 1412/1412/471 1413/1413/471
f 1414/1414/472 1415/1415/472 1416/1416/472
